,label,value,std_error,z_score,p_value,significance,eval_date
0,ar1,0.9998211583265885,2.205572086518628e-06,453316.0192033216,0.0,***,2020-01-01
17,cos_336_1,9.893707850329397,0.4551515264718983,21.737173830922544,0.0,***,2020-01-01
16,sin_336_1,5.644507295124254,0.06256548669357745,90.21758789744507,0.0,***,2020-01-01
15,lag_48*7,0.21220363921681162,0.021038609326054742,10.086390974236748,0.0,***,2020-01-01
14,Weekends,-231.36536932184504,4.940694478651587,-46.828511724730085,0.0,***,2020-01-01
12,solar_16,0.1861123965533047,0.06565648729433578,2.834638346077962,0.0045877588936567015,**,2020-01-01
11,solar_4,0.037335364728658504,0.06731078778219943,0.5546713381139772,0.5791194842156442,,2020-01-01
10,temp_9,7.065720069054243,0.7618842059665911,9.27400780029305,0.0,***,2020-01-01
9,temp_1,18.118913329761128,2.020690947680709,8.966691987489474,0.0,***,2020-01-01
13,Holidays,-1379.3728132220367,2.777830110035576,-496.56485767028096,0.0,***,2020-01-01
7,temperature,13.211173445417074,0.7403649286684199,17.84413730831088,0.0,***,2020-01-01
6,pv_capacity,-21.773667071521352,6.676786554685838,-3.2610997660604215,0.001109809847871679,**,2020-01-01
5,rainfall,69.15980637142972,2.4046767322278546,28.760542090560097,0.0,***,2020-01-01
4,intercept,1010.610568837395,0.02221160730619256,45499.209260540025,0.0,***,2020-01-01
3,sma1,-0.9141830875198034,0.0058550167560138455,-156.13671584813508,0.0,***,2020-01-01
2,sar1,0.9957969629853439,9.495214934628817e-05,10487.355682215226,0.0,***,2020-01-01
1,ma1,0.34253480444382683,0.016069713686189983,21.315551174890874,0.0,***,2020-01-01
8,solar_power,-0.5025852924078642,0.06845168364225991,-7.342190369406544,2.1005419625907962e-13,***,2020-01-01
11,solar_4,0.1480312895606648,0.04772139571324335,3.1019899428378213,0.0019222448884566035,**,2020-01-02
12,solar_16,0.4833230303265421,0.05007113238639957,9.652728174724153,0.0,***,2020-01-02
13,Holidays,-1341.0699694883485,8.778067441438463,-152.77508158089375,0.0,***,2020-01-02
17,cos_336_1,-0.5521270864329765,0.37329207387448915,-1.4790753007485942,0.13912019062246905,,2020-01-02
15,lag_48*7,0.5656760014173425,0.01721113415660701,32.866863756342916,0.0,***,2020-01-02
16,sin_336_1,0.7484789595164383,0.2355951943061705,3.176970403495343,0.0014882222264174239,**,2020-01-02
10,temp_9,7.6756365892583105,0.827662147764722,9.273876556984034,0.0,***,2020-01-02
14,Weekends,-194.41299966420294,13.938483980391203,-13.947930057365284,0.0,***,2020-01-02
9,temp_1,23.914012938721303,0.9067823281910712,26.37238529606887,0.0,***,2020-01-02
3,sma1,0.3756476236897365,0.05408094978802497,6.9460248971610214,3.757216759936455e-12,***,2020-01-02
7,temperature,16.66654069058588,1.4749735393591663,11.299552328123129,0.0,***,2020-01-02
6,pv_capacity,-2.546605845925155,0.31582942034156486,-8.063231864754835,6.661338147750939e-16,***,2020-01-02
5,rainfall,32.86999590797821,4.386423027961365,7.4935763601566885,6.705747068735946e-14,***,2020-01-02
4,intercept,3748.8638584167343,0.021610673008676494,173472.7954521175,0.0,***,2020-01-02
2,sar1,-0.13084362132121616,0.061695801497065134,-2.120786474059185,0.03393977546552018,*,2020-01-02
1,ma1,0.36954674573552526,0.015464846124825158,23.895921288366733,0.0,***,2020-01-02
0,ar1,0.9778085199804752,0.0041235238171444056,237.12934939651217,0.0,***,2020-01-02
8,solar_power,-0.231175725101525,0.050881000972923494,-4.543458671824204,5.533865894191692e-06,***,2020-01-02
10,temp_9,4.795028853428466,2.1888346169094746,2.190676635130528,0.028475201056610944,*,2020-01-03
17,cos_336_1,4.260077500256314,0.5561810899778656,7.659515177737977,1.865174681370263e-14,***,2020-01-03
16,sin_336_1,5.245604977829336,0.047309076173751026,110.87946335210427,0.0,***,2020-01-03
15,lag_48*7,0.22593766875464727,0.02058250246475034,10.977171951835732,0.0,***,2020-01-03
14,Weekends,-314.5569683105599,2.986164846017496,-105.33811243879231,0.0,***,2020-01-03
13,Holidays,-1405.8997460396788,1.5958090438869,-880.9949733179476,0.0,***,2020-01-03
11,solar_4,0.05916272606147466,0.0696466571755391,0.8494697155724145,0.39561997479830513,,2020-01-03
9,temp_1,20.540512522168104,0.3255740483748075,63.09014070593687,0.0,***,2020-01-03
12,solar_16,0.17857581088155472,0.06894046914082329,2.5902900445423653,0.009589509754008185,**,2020-01-03
7,temperature,10.741013202255068,0.21954384252226067,48.92422888683832,0.0,***,2020-01-03
1,ma1,0.33198536538238166,0.01612860251853461,20.583641081170665,0.0,***,2020-01-03
2,sar1,0.9967111599016911,0.0005409587950895463,1842.4899806586986,0.0,***,2020-01-03
3,sma1,-0.9257245316954296,0.006936367506181204,-133.45955658642492,0.0,***,2020-01-03
0,ar1,0.999276811289452,0.00012483098840591303,8005.038044240287,0.0,***,2020-01-03
8,solar_power,-0.5131645867654222,0.07018518252520682,-7.311580141308609,2.6401103525586223e-13,***,2020-01-03
5,rainfall,42.05693428563281,4.758182042833238,8.838866169271279,0.0,***,2020-01-03
6,pv_capacity,-37.658815778427076,3.5748765240584195,-10.534298324708143,0.0,***,2020-01-03
4,intercept,6083.11542800417,0.01993619997410606,305129.1337318629,0.0,***,2020-01-03
10,temp_9,11.964747802018193,1.329980492127444,8.996182931134063,0.0,***,2020-01-04
16,sin_336_1,1.5580049535894336,0.15323224140670508,10.167605324353488,0.0,***,2020-01-04
15,lag_48*7,0.2227322773982925,0.01970233790781797,11.304865363714597,0.0,***,2020-01-04
14,Weekends,-33.91234802951841,12.318703590121695,-2.7529153357267684,0.005906716944196422,**,2020-01-04
13,Holidays,-1269.1948398326874,6.600171269708344,-192.29725835414146,0.0,***,2020-01-04
12,solar_16,0.13930496131476766,0.059552562638648325,2.3391933972688816,0.01932542665523984,*,2020-01-04
11,solar_4,-0.004846578675120838,0.05259584395708594,-0.09214755977820727,0.9265808019248047,,2020-01-04
9,temp_1,34.01572091804295,1.2081147598374764,28.156034549746725,0.0,***,2020-01-04
17,cos_336_1,0.5102185067351491,0.20237051621309027,2.5212096914251276,0.011695213495487522,*,2020-01-04
7,temperature,26.387413611481055,1.2239963379290406,21.558408954170275,0.0,***,2020-01-04
0,ar1,0.979631927990357,0.0035704172257049658,274.37463636954425,0.0,***,2020-01-04
1,ma1,0.3633155553060627,0.013427162900162397,27.05825184422753,0.0,***,2020-01-04
2,sar1,0.9955807545450541,0.0011139980753203209,893.7006055946579,0.0,***,2020-01-04
8,solar_power,-0.556989667133243,0.04899105123726966,-11.369212398314824,0.0,***,2020-01-04
4,intercept,6805.74288750388,0.021095684513489452,322613.0388493441,0.0,***,2020-01-04
5,rainfall,-2.54878751846321,1.3048496139081696,-1.9533189812037484,0.05078180971379398,.,2020-01-04
6,pv_capacity,-3.38668563627087,1.2362523331445763,-2.7394776498875224,0.006153689863018341,**,2020-01-04
3,sma1,-0.9120169799181947,0.010051791231029148,-90.73178689812664,0.0,***,2020-01-04
9,temp_1,33.15539796035574,1.5713970569076772,21.099312751419827,0.0,***,2020-01-05
16,sin_336_1,-8.692061072992123,0.3831021295849132,-22.68862635248171,0.0,***,2020-01-05
15,lag_48*7,0.5982243865633943,0.01752014175166064,34.144951281954775,0.0,***,2020-01-05
14,Weekends,-34.27443679251307,10.604571924772717,-3.232043408791125,0.0012290838347139843,**,2020-01-05
13,Holidays,-1297.0624683089325,6.21362413927584,-208.744919106114,0.0,***,2020-01-05
12,solar_16,0.4219533685990887,0.051285886252600776,8.227475421226456,2.220446049250313e-16,***,2020-01-05
11,solar_4,0.08830385490190018,0.045009075810140194,1.961912199094877,0.04977270729945937,*,2020-01-05
10,temp_9,17.87501346629646,1.2685732219768717,14.090643848244772,0.0,***,2020-01-05
17,cos_336_1,2.594157238962149,0.14779834301691255,17.552004887262502,0.0,***,2020-01-05
8,solar_power,-0.27036237839689886,0.04985274039243857,-5.423219992895439,5.853487827778281e-08,***,2020-01-05
6,pv_capacity,-7.659982208288058,0.29114449136081916,-26.309899158610364,0.0,***,2020-01-05
5,rainfall,13.845312867711629,0.5863873679440371,23.61120587616918,0.0,***,2020-01-05
4,intercept,5621.201500943386,0.030535159221642034,184089.47731830773,0.0,***,2020-01-05
3,sma1,0.5175196254667375,0.03975383196982164,13.018106678611575,0.0,***,2020-01-05
2,sar1,-0.28970476847389237,0.048341063561092495,-5.992933277269937,2.0608943440691974e-09,***,2020-01-05
1,ma1,0.3831127855146232,0.01478989287798526,25.90368900405534,0.0,***,2020-01-05
0,ar1,0.9756601495474532,0.004500334443145555,216.79725404263633,0.0,***,2020-01-05
7,temperature,25.779845371894027,2.010859841331929,12.820309422867725,0.0,***,2020-01-05
10,temp_9,13.555605869287561,4.636686427162449,2.9235545862831396,0.0034605954278477125,**,2020-01-06
17,cos_336_1,2.132571150679665,2.847495752964746,0.7489286501864952,0.45390021099522526,,2020-01-06
16,sin_336_1,-0.2071967385733844,2.8972426418720483,-0.07151514877590803,0.9429877684480898,,2020-01-06
15,lag_48*7,0.604468481199798,0.017415381263397724,34.708885901351024,0.0,***,2020-01-06
14,Weekends,-245.9583799350447,47.40154148534601,-5.188826612549756,2.1162332441981846e-07,***,2020-01-06
12,solar_16,0.47165983609154105,0.04913832257657875,9.598614917236768,0.0,***,2020-01-06
11,solar_4,0.19783465533309652,0.06700374124285662,2.952591178693145,0.0031511899219967,**,2020-01-06
9,temp_1,26.192011264635255,2.879912585520761,9.094724401122432,0.0,***,2020-01-06
13,Holidays,-1405.5806644452455,29.42944505488183,-47.761031912903306,0.0,***,2020-01-06
7,temperature,17.946463045248397,3.262188394005367,5.501357027149938,3.768791589919829e-08,***,2020-01-06
0,ar1,0.9999999998838399,1.5015052931063161e-09,665998318.1378193,0.0,***,2020-01-06
1,ma1,0.36287612049868456,0.015822284760813748,22.93449561705535,0.0,***,2020-01-06
2,sar1,-0.24694310403973216,0.05682392178681455,-4.345759607479837,1.3879450863951703e-05,***,2020-01-06
3,sma1,0.436410836230066,0.060574137926432514,7.204573621172923,5.822009541134321e-13,***,2020-01-06
8,solar_power,-0.21833914790711648,0.04567792737512992,-4.77997055588811,1.7532086908911282e-06,***,2020-01-06
4,intercept,7575.694976557898,0.035014641261172604,216357.92067812826,0.0,***,2020-01-06
5,rainfall,43.182835185076726,22.949915110240227,1.8816119788525314,0.059888718596811774,.,2020-01-06
6,pv_capacity,-15.886130603191118,14.913100255082432,-1.065246684556893,0.28676431254864987,,2020-01-06
16,sin_336_1,1.1518494208936452,0.033178811114689316,34.71641635717576,0.0,***,2020-01-07
15,lag_48*7,0.5729855361919536,0.01755012209658875,32.648521362898435,0.0,***,2020-01-07
14,Weekends,84.94370184225755,20.886357211916547,4.06694671456608,4.7633129206969826e-05,***,2020-01-07
13,Holidays,-1202.5162474942622,12.296142782840834,-97.79621697076938,0.0,***,2020-01-07
12,solar_16,0.5120578416350758,0.05151794812851172,9.939406755054483,0.0,***,2020-01-07
11,solar_4,0.24818136785216893,0.051902737836773044,4.781662359173906,1.7385150647974967e-06,***,2020-01-07
10,temp_9,9.673043858880614,1.11177933813335,8.700506950526185,0.0,***,2020-01-07
9,temp_1,24.79160711816586,1.8677437131446035,13.27355939880305,0.0,***,2020-01-07
17,cos_336_1,18.071420688628592,1.0648805700794226,16.97037320089403,0.0,***,2020-01-07
7,temperature,14.69362495220998,1.7879254115513579,8.218253880882273,2.220446049250313e-16,***,2020-01-07
0,ar1,0.9786500352690228,0.004212310444585623,232.33093765131915,0.0,***,2020-01-07
1,ma1,0.39106737074270514,0.015224729985207883,25.686325545521022,0.0,***,2020-01-07
2,sar1,0.07095363655470799,0.0868327196191311,0.8171301885502086,0.41385403259943,,2020-01-07
8,solar_power,-0.21505270769435747,0.05065780894993111,-4.245203496797702,2.1839512623467172e-05,***,2020-01-07
4,intercept,8478.688903014256,0.024901877059561702,340483.9274860467,0.0,***,2020-01-07
5,rainfall,5.325836752363992,1.275703498884815,4.1748233480739785,2.982173701626678e-05,***,2020-01-07
6,pv_capacity,-11.730193092748198,0.4040344141549951,-29.032658312735407,0.0,***,2020-01-07
3,sma1,0.16696043455896944,0.07998184077011705,2.0874792696862947,0.036844833037232405,*,2020-01-07
9,temp_1,19.179130604873283,1.6299049847520002,11.76702371260709,0.0,***,2020-01-08
16,sin_336_1,8.301447230854622,0.15024400171332752,55.25310252780784,0.0,***,2020-01-08
15,lag_48*7,0.20893625444120717,0.020747443983871967,10.070457575575277,0.0,***,2020-01-08
14,Weekends,-234.19997044358922,2.2865071979373504,-102.42695525072483,0.0,***,2020-01-08
13,Holidays,-1388.941988017714,1.373134863319924,-1011.5117058928735,0.0,***,2020-01-08
12,solar_16,0.16913850542090514,0.06856454963311584,2.466850673211646,0.013630718793338437,*,2020-01-08
11,solar_4,0.1296807110674898,0.0672881732658408,1.9272437454223905,0.05394926059295013,.,2020-01-08
10,temp_9,4.877984828487024,1.3949993241393215,3.4967650120523284,0.0004709364697563778,***,2020-01-08
17,cos_336_1,10.553584066771302,0.2827002534530858,37.33135693322848,0.0,***,2020-01-08
8,solar_power,-0.5117217119534708,0.06909873636092591,-7.405659479510254,1.305622276959184e-13,***,2020-01-08
6,pv_capacity,10.450526237970632,1.0490409711624722,9.961981014325977,0.0,***,2020-01-08
7,temperature,11.723547889050238,2.123832126941499,5.519997433098988,3.390046154905235e-08,***,2020-01-08
0,ar1,0.99764757223805,9.568211989030116e-06,104266.87592016623,0.0,***,2020-01-08
1,ma1,0.3626971850549017,0.014781080416481707,24.537934632334093,0.0,***,2020-01-08
2,sar1,0.9971442141798373,7.70867046351053e-05,12935.359202340811,0.0,***,2020-01-08
3,sma1,-0.9260880421710118,0.005967978914098933,-155.17615854559966,0.0,***,2020-01-08
4,intercept,9283.064491574083,0.01974369948303586,470178.5751728169,0.0,***,2020-01-08
5,rainfall,42.50205194326031,0.36757351125947585,115.62871273729367,0.0,***,2020-01-08
9,temp_1,23.682436595222217,0.7646355971447888,30.972186860845024,0.0,***,2020-01-09
15,lag_48*7,0.581734439374066,0.018081570046822114,32.172783550746324,0.0,***,2020-01-09
14,Weekends,-186.59970325393192,31.699926454919538,-5.8864396268961485,3.946038162894183e-09,***,2020-01-09
13,Holidays,-1481.8828447775602,18.69462964622703,-79.2678364225651,0.0,***,2020-01-09
12,solar_16,0.5631897906232665,0.05583834998042423,10.086075086758637,0.0,***,2020-01-09
11,solar_4,0.3644699654905956,0.059923567742763036,6.0822474231703705,1.1850949110936426e-09,***,2020-01-09
10,temp_9,-0.2586286370141604,3.4834200648872793,-0.07424560695998902,0.9408149568597486,,2020-01-09
17,cos_336_1,-0.7144462834880204,0.06850165077409685,-10.429621409330773,0.0,***,2020-01-09
16,sin_336_1,-6.125322342041686,1.4847367203065711,-4.125527615951277,3.698857926415222e-05,***,2020-01-09
8,solar_power,-0.33542414599923076,0.06536235143258616,-5.131763754631482,2.870396362819605e-07,***,2020-01-09
6,pv_capacity,-33.46853929129218,8.880138397065355,-3.7689209103264227,0.00016395482383257942,***,2020-01-09
5,rainfall,30.843109775387532,0.9773310852212406,31.55850687835792,0.0,***,2020-01-09
4,intercept,6330.62405322216,0.022861249508208142,276915.05011347705,0.0,***,2020-01-09
3,sma1,0.5441206252692734,0.05850081886768017,9.30107707551907,0.0,***,2020-01-09
2,sar1,-0.3496794327897423,0.06626053859462698,-5.277340634506969,1.310721065017617e-07,***,2020-01-09
1,ma1,0.40763697952645134,0.01851660757480129,22.014668609232316,0.0,***,2020-01-09
0,ar1,0.9999999996308148,2.4399183617901257e-09,409849778.2922262,0.0,***,2020-01-09
7,temperature,26.670294876982833,3.0117807870491946,8.855324063313775,0.0,***,2020-01-09
17,cos_336_1,-5.230182633621849,0.36457665226062275,-14.34590668708807,0.0,***,2020-01-10
16,sin_336_1,-34.32354951313736,1.7829698112620427,-19.250774352058187,0.0,***,2020-01-10
15,lag_48*7,0.17163735085962117,0.022307093766353005,7.694294588859041,1.4210854715202004e-14,***,2020-01-10
14,Weekends,-18.898145756299243,14.834468507566047,-1.2739348057303566,0.20268652197357362,,2020-01-10
13,Holidays,-1397.8602623005788,8.563246567223588,-163.23952035329503,0.0,***,2020-01-10
12,solar_16,0.06736319102613705,0.05913299349131674,1.139181141506541,0.25462760957443864,,2020-01-10
11,solar_4,0.12462751840350617,0.0498147363643256,2.5018202945415386,0.0123556623260892,*,2020-01-10
10,temp_9,18.947583004110424,2.0332954712097444,9.31865696471415,0.0,***,2020-01-10
9,temp_1,35.831438617432916,1.413077215835932,25.357028063208965,0.0,***,2020-01-10
0,ar1,0.9799236814767096,0.0032090263842337787,305.36479422268343,0.0,***,2020-01-10
7,temperature,22.199515235056968,1.1211646403760551,19.80040614517679,0.0,***,2020-01-10
6,pv_capacity,-1.2352005597753453,0.39402856019203975,-3.134799566745464,0.0017197156732153829,**,2020-01-10
5,rainfall,32.704824444966874,3.066773277060889,10.664245932229552,0.0,***,2020-01-10
4,intercept,5970.0750205637505,0.02038574238278403,292855.4137722029,0.0,***,2020-01-10
3,sma1,-0.8935108656092768,0.011016963615900753,-81.1031874807751,0.0,***,2020-01-10
2,sar1,0.9888077763420546,0.0018405314543392635,537.2403574037418,0.0,***,2020-01-10
1,ma1,0.36647552735867567,0.013271053127268756,27.614653022951014,0.0,***,2020-01-10
8,solar_power,-0.5911164651477208,0.05135096371066628,-11.511302270359105,0.0,***,2020-01-10
11,solar_4,0.4219855068083618,0.048815851179287884,8.644436112739674,0.0,***,2020-01-11
12,solar_16,0.5714128488410888,0.05251029426864614,10.881920522435141,0.0,***,2020-01-11
13,Holidays,-1449.551398439102,5.217049209798744,-277.84890273155406,0.0,***,2020-01-11
10,temp_9,5.371031690579196,2.1679254356288298,2.477498350408565,0.013230702040139874,*,2020-01-11
15,lag_48*7,0.6040550791475026,0.01766826640173153,34.1887011103876,0.0,***,2020-01-11
16,sin_336_1,-7.521445470433074,0.2943099884615884,-25.55620184605025,0.0,***,2020-01-11
17,cos_336_1,2.4833963486364867,0.20271955367044572,12.250403592904805,0.0,***,2020-01-11
14,Weekends,-91.86843278647285,8.715039192361893,-10.541367716049855,0.0,***,2020-01-11
9,temp_1,10.776868615240765,1.3331623119345768,8.08368832419381,6.661338147750939e-16,***,2020-01-11
0,ar1,0.9814727380872821,0.004143684657462275,236.85990108339166,0.0,***,2020-01-11
7,temperature,0.3513255443621381,1.6757197526945848,0.20965650359924495,0.83393577606017,,2020-01-11
6,pv_capacity,-8.638675582362884,0.37798831732193433,-22.854345455881607,0.0,***,2020-01-11
5,rainfall,-9.838258932834577,3.0811486607746086,-3.1930490917504817,0.001407790109392959,**,2020-01-11
4,intercept,7319.849969551915,0.027285032289460956,268273.45820584794,0.0,***,2020-01-11
3,sma1,0.38530093827138107,0.07026555622891145,5.483496594208205,4.170003098380448e-08,***,2020-01-11
2,sar1,-0.17998509166960983,0.07772729203774016,-2.315597095319091,0.02058027759811476,*,2020-01-11
1,ma1,0.4006195609521888,0.015195203135980195,26.364870371727747,0.0,***,2020-01-11
8,solar_power,-0.12313585190997053,0.05054877136474568,-2.435981104693069,0.014851460294208474,*,2020-01-11
11,solar_4,0.42511665284710975,0.050943615256612354,8.344846566261916,0.0,***,2020-01-12
12,solar_16,0.6089534511737519,0.05422010935734729,11.231136535714741,0.0,***,2020-01-12
13,Holidays,-1408.1013552786492,5.929756690014472,-237.46359739343922,0.0,***,2020-01-12
17,cos_336_1,2.0568325446944593,0.29662295843626596,6.934165027338576,4.086286864435351e-12,***,2020-01-12
15,lag_48*7,0.5549707335723733,0.01773724922289313,31.288432980694832,0.0,***,2020-01-12
16,sin_336_1,6.208930274658744,0.28764911031924817,21.585084229072518,0.0,***,2020-01-12
10,temp_9,17.607248898177737,0.9589702958753643,18.360577980265326,0.0,***,2020-01-12
14,Weekends,-46.496342151190895,11.790857053892692,-3.943423445697729,8.032664077983753e-05,***,2020-01-12
9,temp_1,4.657491994429646,1.771937645085899,2.6284739800783803,0.008576891674286768,**,2020-01-12
3,sma1,0.34529693113416227,0.0556871371673001,6.20065869245157,5.622733389998302e-10,***,2020-01-12
7,temperature,4.561882742189349,2.157105534232753,2.1148166697425563,0.034445575550158924,*,2020-01-12
6,pv_capacity,-10.468727424164523,0.3374279638853218,-31.02507362941153,0.0,***,2020-01-12
5,rainfall,-6.741814692876436,3.010191758723444,-2.2396628631178936,0.025112818243486545,*,2020-01-12
4,intercept,8361.657677542984,0.059772377347024834,139891.66984269506,0.0,***,2020-01-12
8,solar_power,-0.07715022373961461,0.05646114854992535,-1.3664302927064103,0.17180394615587113,,2020-01-12
2,sar1,-0.1321759701032116,0.06427765533261917,-2.0563284304512566,0.039750869684157975,*,2020-01-12
1,ma1,0.4142340948130177,0.01588878788597441,26.070843023757444,0.0,***,2020-01-12
0,ar1,0.98243445618062,0.0032268727206018273,304.4540461445257,0.0,***,2020-01-12
11,solar_4,0.32879068469984496,0.03979953530081667,8.261168936138265,2.220446049250313e-16,***,2020-01-13
12,solar_16,0.669261045676421,0.0498174496917549,13.434269514346251,0.0,***,2020-01-13
13,Holidays,-1591.2436779005996,1.7719030036489287,-898.0422035651543,0.0,***,2020-01-13
17,cos_336_1,-6.007566285146487,0.08241668249167455,-72.89260018144203,0.0,***,2020-01-13
15,lag_48*7,0.5349100108573275,0.018950000816642863,28.2274399897409,0.0,***,2020-01-13
16,sin_336_1,3.8814018334585896,0.7296388320946006,5.319620698251639,1.039838104510693e-07,***,2020-01-13
10,temp_9,14.069145008009407,0.14100370448345123,99.77854879451496,0.0,***,2020-01-13
14,Weekends,-408.2530294743721,3.5500294830516785,-114.9998982891346,0.0,***,2020-01-13
9,temp_1,25.984669334967343,0.6053509901476392,42.924963794359925,0.0,***,2020-01-13
8,solar_power,-0.194049220153348,0.02501748737245168,-7.7565431437782095,8.659739592076221e-15,***,2020-01-13
7,temperature,16.399180512264966,0.032186296177606204,509.50815905543016,0.0,***,2020-01-13
6,pv_capacity,1.017442574464639,1.1408664892423965,0.8918156366747888,0.37249175904166965,,2020-01-13
5,rainfall,12.94893047619826,1.2381095041853545,10.458631027728309,0.0,***,2020-01-13
4,intercept,8192.24759636287,0.027698815389952475,295761.6591550894,0.0,***,2020-01-13
3,sma1,0.4955665445618334,0.04293419406603134,11.5424676145002,0.0,***,2020-01-13
2,sar1,-0.2931085264152116,0.0494712547628267,-5.9248249881759,3.126301661993125e-09,***,2020-01-13
1,ma1,0.3651527161163624,0.014519612518833856,25.148929810813552,0.0,***,2020-01-13
0,ar1,0.9999999687903804,2.139202578161859e-07,4674638.947236334,0.0,***,2020-01-13
16,sin_336_1,15.076427987919317,2.694626067548804,5.594998196404206,2.2062406346279317e-08,***,2020-01-14
15,lag_48*7,0.36619038685699,0.02378685852107943,15.394651064682607,0.0,***,2020-01-14
14,Weekends,69.23189761126119,10.848062543231032,6.381959666563728,1.7483592351652533e-10,***,2020-01-14
13,Holidays,-1328.0394987754644,5.838539818688851,-227.4608960487829,0.0,***,2020-01-14
12,solar_16,0.6454866977607334,0.04865699397195565,13.266061979348159,0.0,***,2020-01-14
11,solar_4,0.47884483009499856,0.05597138597687423,8.555171928257119,0.0,***,2020-01-14
10,temp_9,12.100861372413025,0.3707537064481743,32.638544570031264,0.0,***,2020-01-14
9,temp_1,12.258552648106264,2.378560165082638,5.153770263229968,2.5530068592516386e-07,***,2020-01-14
17,cos_336_1,8.08193839222442,0.7246765710648218,11.15247644938903,0.0,***,2020-01-14
7,temperature,0.983756832769076,2.6288758609634826,0.37421197682895885,0.7082466140559303,,2020-01-14
0,ar1,0.9999874974963187,2.0264915364893244e-06,493457.52473690955,0.0,***,2020-01-14
1,ma1,0.4196345564069955,0.014477081347289759,28.9861296169034,0.0,***,2020-01-14
2,sar1,0.9194880070761154,0.013214690886547194,69.58074274837345,0.0,***,2020-01-14
8,solar_power,-0.2576962754120673,0.05271309054425929,-4.888658068638544,1.0152566047860745e-06,***,2020-01-14
4,intercept,9229.36463268975,0.04084816828394086,225943.17004706923,0.0,***,2020-01-14
5,rainfall,-7.98183129139787,2.6292227022582906,-3.0358140771194924,0.0023988723606347406,**,2020-01-14
6,pv_capacity,-1.5590768262935821,5.195227630755598,-0.30009788542544164,0.7641024921013406,,2020-01-14
3,sma1,-0.7818000204495053,0.028229955044888184,-27.693987440163205,0.0,***,2020-01-14
10,temp_9,16.311768563132667,1.2613042034090198,12.932461906529486,0.0,***,2020-01-15
16,sin_336_1,2.545059584158066,1.248367176878647,2.038710750567475,0.04147890417721167,*,2020-01-15
15,lag_48*7,0.5881408789047544,0.034992743420900314,16.807509826550845,0.0,***,2020-01-15
14,Weekends,-397.4923204477943,6.828328715821299,-58.21224152943912,0.0,***,2020-01-15
13,Holidays,-1587.614400220227,3.1842634037536905,-498.58136683940995,0.0,***,2020-01-15
12,solar_16,0.5255488932410035,0.06616747492377067,7.942707407929209,1.9984014443252818e-15,***,2020-01-15
11,solar_4,0.15333783598292694,0.051275549743224666,2.9904669330861413,0.0027855128628295756,**,2020-01-15
9,temp_1,24.87730404717837,1.4381448384705189,17.298190962209084,0.0,***,2020-01-15
17,cos_336_1,-4.539373735510519,0.4819874733406958,-9.418032597502455,0.0,***,2020-01-15
7,temperature,16.22169189066431,0.33433212126042644,48.51969302114558,0.0,***,2020-01-15
0,ar1,0.9999999980887212,7.404117110937053e-09,135059992.04301658,0.0,***,2020-01-15
1,ma1,0.37480216016815676,0.015551842481585606,24.100177237002427,0.0,***,2020-01-15
2,sar1,-0.3382965402209,0.061238882827461205,-5.524211491154089,3.309685991936817e-08,***,2020-01-15
8,solar_power,0.04195967868610681,0.054929459038533794,0.7638829768316396,0.44493698282503047,,2020-01-15
4,intercept,10663.266955124018,0.02392095422489398,445770.96945518185,0.0,***,2020-01-15
5,rainfall,16.99733998754991,2.7725685867221395,6.130539049223292,8.758180847223684e-10,***,2020-01-15
6,pv_capacity,6.662232536618814,2.2055881271042006,3.0206149800805777,0.0025226190898606227,**,2020-01-15
3,sma1,0.5187800639381969,0.04590280428445746,11.301707423436309,0.0,***,2020-01-15
9,temp_1,23.379992454976573,0.13794268099656234,169.49063397977037,0.0,***,2020-01-16
16,sin_336_1,-0.9509470351174949,0.19611697890941243,-4.848876626621618,1.2416260957159864e-06,***,2020-01-16
15,lag_48*7,0.20025002869965647,0.01969264797041264,10.168771056108024,0.0,***,2020-01-16
14,Weekends,-312.4719180548209,2.131894252045618,-146.5700832745313,0.0,***,2020-01-16
13,Holidays,-1546.4795668468666,1.033387816466882,-1496.5142245766242,0.0,***,2020-01-16
12,solar_16,0.20128075260727307,0.07478776999125998,2.69135919724302,0.007116153013468018,**,2020-01-16
11,solar_4,0.269089523094026,0.07635143051216844,3.5243547015290053,0.0004245155635895781,***,2020-01-16
10,temp_9,14.372104441764463,0.5076978959263961,28.308378973168068,0.0,***,2020-01-16
17,cos_336_1,7.053285789079307,0.16397196267130312,43.01519402569003,0.0,***,2020-01-16
8,solar_power,-0.5168735552545687,0.06895510967017013,-7.495797740398162,6.59472476627343e-14,***,2020-01-16
6,pv_capacity,-5.857521949166587,0.7710134065944608,-7.597172628993647,3.019806626980426e-14,***,2020-01-16
5,rainfall,57.34952488364744,1.2242598929701989,46.84424051866204,0.0,***,2020-01-16
4,intercept,9595.786399196397,0.01939898490020353,494654.047547391,0.0,***,2020-01-16
3,sma1,-0.9985578559263243,0.00015138571379851997,-6596.116838708506,0.0,***,2020-01-16
2,sar1,0.9999986539287465,1.813397523079631e-08,55145032.52604443,0.0,***,2020-01-16
1,ma1,0.35730363824619443,0.014645724532017434,24.396446721709317,0.0,***,2020-01-16
0,ar1,0.9786422956169301,0.00018609436214031184,5258.849781161297,0.0,***,2020-01-16
7,temperature,10.103616399735998,0.4390197177656511,23.01403784585665,0.0,***,2020-01-16
10,temp_9,0.2452022843364201,1.9436136040007606,0.1261579378903772,0.8996069059724972,,2020-01-17
16,sin_336_1,15.072475440877177,1.0672261809763832,14.123037561810637,0.0,***,2020-01-17
15,lag_48*7,0.5512735225844023,0.01777888872345067,31.007197984048503,0.0,***,2020-01-17
14,Weekends,-138.97705108660185,12.253609035594497,-11.341723951115046,0.0,***,2020-01-17
13,Holidays,-1460.5602440953335,6.884937910337246,-212.13847722612078,0.0,***,2020-01-17
12,solar_16,0.6344637699672218,0.05352013271203981,11.854674826404041,0.0,***,2020-01-17
11,solar_4,0.388590991766399,0.053671500629673845,7.240173783245315,4.480860127387132e-13,***,2020-01-17
9,temp_1,16.948360591221622,1.8663732673453761,9.080906208717836,0.0,***,2020-01-17
17,cos_336_1,6.999924987724803,0.7066048515121104,9.906420784891587,0.0,***,2020-01-17
7,temperature,1.5634654448359786,1.9387967542252462,0.8064101827221946,0.4200063775170617,,2020-01-17
0,ar1,0.9820810564335138,0.003061415604726584,320.7931177058281,0.0,***,2020-01-17
1,ma1,0.416120300838021,0.014670353398814453,28.364708710537858,0.0,***,2020-01-17
2,sar1,-0.2146142833773545,0.061113838353255796,-3.5117133722941993,0.0004452278998374748,***,2020-01-17
8,solar_power,-0.11068563254621513,0.056924545843666276,-1.9444271518686276,0.051843962260387455,.,2020-01-17
4,intercept,6964.466316763934,0.020424837622584457,340980.2538191579,0.0,***,2020-01-17
5,rainfall,-11.000053159854474,2.885925945812912,-3.8116200368252913,0.0001380589836108559,***,2020-01-17
6,pv_capacity,-7.42261353775178,0.34259038825581994,-21.666146489227092,0.0,***,2020-01-17
3,sma1,0.4243876553992177,0.05091844197014948,8.334655165765117,0.0,***,2020-01-17
16,sin_336_1,6.238086726587953,0.05261435652630915,118.56244451965647,0.0,***,2020-01-18
15,lag_48*7,0.15796385559843173,0.02087033815106416,7.568821092166985,3.774758283725532e-14,***,2020-01-18
14,Weekends,30.615211321445063,18.25991299994027,1.6766351143921228,0.09361385587109217,.,2020-01-18
13,Holidays,-1337.4285213313424,10.605210753265835,-126.11050854595099,0.0,***,2020-01-18
12,solar_16,0.229263468376806,0.06918361305244683,3.313840637420968,0.0009202393974623302,***,2020-01-18
11,solar_4,0.19793812136997424,0.0731125323436723,2.7073076943846996,0.006783135652274064,**,2020-01-18
10,temp_9,28.118671769159505,1.5107309402346394,18.612627186143584,0.0,***,2020-01-18
9,temp_1,38.862781728943155,1.0391341933515355,37.3991944231942,0.0,***,2020-01-18
17,cos_336_1,-1.3055752751856582,0.2933615505143702,-4.450396696146809,8.571181594696498e-06,***,2020-01-18
7,temperature,7.895913012704825,1.8221984346510538,4.333179560774275,1.4697114139705647e-05,***,2020-01-18
0,ar1,0.9819491594066149,0.0032263357650614702,304.3542987807737,0.0,***,2020-01-18
1,ma1,0.3758290096336464,0.01542283497593876,24.368347986604217,0.0,***,2020-01-18
2,sar1,0.9975301794255811,0.0006743589864244345,1479.2272358001112,0.0,***,2020-01-18
8,solar_power,-0.5159065875942829,0.07289851380643571,-7.0770522011484,1.4725998198628076e-12,***,2020-01-18
4,intercept,4577.625895900842,0.03192541114078571,143385.0256685585,0.0,***,2020-01-18
5,rainfall,-0.7594309931863558,1.007519777535898,-0.7537628641332524,0.45099162648582114,,2020-01-18
6,pv_capacity,-0.4736688693555069,1.2780962489869243,-0.37060500704149457,0.7109317521647469,,2020-01-18
3,sma1,-0.9333083315269869,0.006584598413225176,-141.74111661121742,0.0,***,2020-01-18
9,temp_1,17.476032698261104,0.8880544022959133,19.679011390608277,0.0,***,2020-01-19
16,sin_336_1,-50.580137724146425,3.7631801252999306,-13.440796358403151,0.0,***,2020-01-19
15,lag_48*7,0.5451685483660214,0.016838857533548836,32.37562567887143,0.0,***,2020-01-19
14,Weekends,-117.73097631430562,18.272919096796915,-6.442921116798621,1.1719558656864137e-10,***,2020-01-19
13,Holidays,-1437.4358668237796,8.854310387810225,-162.343062741815,0.0,***,2020-01-19
12,solar_16,0.6237101157513316,0.055456901451713454,11.246753774990449,0.0,***,2020-01-19
11,solar_4,0.35159517723523415,0.05489877343261752,6.404426825068875,1.5093526428699988e-10,***,2020-01-19
10,temp_9,14.219419298692243,0.13048028728713196,108.97752905311522,0.0,***,2020-01-19
17,cos_336_1,-32.39841612791465,2.134298657114791,-15.179888728277515,0.0,***,2020-01-19
8,solar_power,-0.08831477194683975,0.05523449708301243,-1.5989060570988936,0.10984147797828614,,2020-01-19
6,pv_capacity,0.6633518436339942,0.3468663212910478,1.9124135233567128,0.05582317478930898,.,2020-01-19
7,temperature,4.346323809521999,1.0473687837344585,4.14975496407761,3.328313748540701e-05,***,2020-01-19
0,ar1,0.9802104830712005,0.0037478416274068552,261.53999568797457,0.0,***,2020-01-19
1,ma1,0.4275605090456074,0.014933014796587261,28.631894822961037,0.0,***,2020-01-19
2,sar1,-0.2667638078468488,0.05662681845996702,-4.710909337692008,2.4661393402958254e-06,***,2020-01-19
3,sma1,0.46902678262619285,0.04772380269237281,9.827942371850273,0.0,***,2020-01-19
4,intercept,2192.358355566252,0.02214958073091829,98979.6774124022,0.0,***,2020-01-19
5,rainfall,-1.6202695831791825,1.9572227872693206,-0.82784116030028,0.4077604610455845,,2020-01-19
9,temp_1,30.216547976602154,1.7823955500295336,16.952773460470926,0.0,***,2020-01-20
15,lag_48*7,0.5173856259482754,0.018746569921928087,27.598948933217017,0.0,***,2020-01-20
14,Weekends,-190.69035074673457,8.922296431268952,-21.372339757558816,0.0,***,2020-01-20
13,Holidays,-1441.9544228807588,5.709427691368374,-252.55673612623804,0.0,***,2020-01-20
12,solar_16,0.5687913615621483,0.05679615486886157,10.0146103706395,0.0,***,2020-01-20
11,solar_4,0.21427375835740925,0.053349608835117523,4.016407299623216,5.909209261623083e-05,***,2020-01-20
10,temp_9,18.680516432770123,1.2029280917807532,15.529204580397188,0.0,***,2020-01-20
17,cos_336_1,26.693700688087468,2.5992636604470856,10.26971641787814,0.0,***,2020-01-20
16,sin_336_1,49.143282477644576,4.544982973406978,10.812643912020231,0.0,***,2020-01-20
8,solar_power,-0.11740068075940734,0.05950051588831627,-1.9731035774508392,0.04848376278536892,*,2020-01-20
6,pv_capacity,2.4451106087332093,0.32460015211232884,7.532684728647544,4.973799150320701e-14,***,2020-01-20
5,rainfall,2.3840099525265415,1.9936550231642496,1.1957986335784092,0.231775149293465,,2020-01-20
4,intercept,893.3542217022605,0.020019456043038574,44624.3004695879,0.0,***,2020-01-20
3,sma1,0.48234008846674925,0.04254316419119186,11.337663703129373,0.0,***,2020-01-20
2,sar1,-0.266052612281853,0.049419154499328974,-5.383592960609343,7.301351168109704e-08,***,2020-01-20
1,ma1,0.41424112683770403,0.014230730678252344,29.108914798785047,0.0,***,2020-01-20
0,ar1,0.9777980557785507,0.004052297057811962,241.29476240977084,0.0,***,2020-01-20
7,temperature,14.602325543504202,2.045630421628104,7.138300931153686,9.450218385609332e-13,***,2020-01-20
16,sin_336_1,41.607101882633,3.962767586451483,10.49950595762561,0.0,***,2020-01-21
15,lag_48*7,0.5005558833446663,0.01702726994847976,29.39730707619146,0.0,***,2020-01-21
14,Weekends,-167.06115921375255,13.821359751123488,-12.087172479550917,0.0,***,2020-01-21
13,Holidays,-1436.063282401263,7.912117249409971,-181.50176964432046,0.0,***,2020-01-21
12,solar_16,0.7081556740386796,0.05088571866986252,13.916589812420012,0.0,***,2020-01-21
11,solar_4,0.2564548170545802,0.0540397167545121,4.745672857975652,2.07814353547775e-06,***,2020-01-21
10,temp_9,17.101741658833923,0.7523176322558376,22.732076088066755,0.0,***,2020-01-21
9,temp_1,30.633817266284876,1.7949061416668532,17.067085879953893,0.0,***,2020-01-21
17,cos_336_1,38.32468712339064,3.80229404621594,10.07935910730827,0.0,***,2020-01-21
7,temperature,16.00013689463674,1.6936539108026236,9.447111238360536,0.0,***,2020-01-21
0,ar1,0.9781416514014912,0.003692620645582441,264.8909122499931,0.0,***,2020-01-21
1,ma1,0.41312146795594346,0.016250756621778616,25.421675899219025,0.0,***,2020-01-21
2,sar1,-0.15679779909891442,0.05488009710715762,-2.8570976977820326,0.004275342214668187,**,2020-01-21
8,solar_power,-0.08322016237658234,0.056726856144309605,-1.4670328664940535,0.1423671148274328,,2020-01-21
4,intercept,-511.4887394630889,0.08595516924785111,-5950.645481113705,0.0,***,2020-01-21
5,rainfall,-1.309709778435155,1.990424313658078,-0.6580053154737244,0.5105347155755149,,2020-01-21
6,pv_capacity,5.008095055936476,0.331859785859095,15.09099706965662,0.0,***,2020-01-21
3,sma1,0.37263154844612156,0.044074747029375284,8.454536294848548,0.0,***,2020-01-21
9,temp_1,39.95124319309568,0.8499619236306879,47.00356813919427,0.0,***,2020-01-22
16,sin_336_1,19.938156518642757,0.4722537011917493,42.21916412370744,0.0,***,2020-01-22
15,lag_48*7,0.17283483047974446,0.01983902853609287,8.711859563350517,0.0,***,2020-01-22
14,Weekends,24.979542068160406,12.34293664189514,2.023792456600104,0.04299151070322638,*,2020-01-22
13,Holidays,-1376.0869050585286,6.336667005337607,-217.16257204290523,0.0,***,2020-01-22
12,solar_16,0.24625648409201112,0.07300438136629545,3.3731740408350674,0.0007430696846397744,***,2020-01-22
11,solar_4,0.12126697210101511,0.07419339828711938,1.6344711915166192,0.10215995049144944,,2020-01-22
10,temp_9,15.872825291677007,0.8580603644116958,18.498494919480112,0.0,***,2020-01-22
17,cos_336_1,12.968478179890312,0.34074463728718696,38.05922899664066,0.0,***,2020-01-22
8,solar_power,-0.48967555478863833,0.07576635629365236,-6.462968245308939,1.0266876238063105e-10,***,2020-01-22
6,pv_capacity,43.430464057554964,3.6560907794226116,11.878934818028156,0.0,***,2020-01-22
5,rainfall,5.379658693032222,0.2362372810465531,22.77226807386131,0.0,***,2020-01-22
4,intercept,3491.9661669277302,0.026698608606242253,130792.06555023594,0.0,***,2020-01-22
3,sma1,-0.9291737712113708,0.005422734709319121,-171.34782006107724,0.0,***,2020-01-22
2,sar1,0.9971175348165816,0.00022349350023840269,4461.50574290951,0.0,***,2020-01-22
1,ma1,0.35790323454579376,0.016162929925258786,22.143462614811984,0.0,***,2020-01-22
0,ar1,0.999530087590882,1.1386236840650411e-05,87784.0590863545,0.0,***,2020-01-22
7,temperature,4.394525593873429,1.9586354590766537,2.2436669230654647,0.02485383983275935,*,2020-01-22
10,temp_9,9.728533664257142,1.495590219388259,6.504812306298982,7.779044075562069e-11,***,2020-01-23
17,cos_336_1,-10.059817104989396,3.944580733303976,-2.5502880496410336,0.010763394818438465,*,2020-01-23
16,sin_336_1,-9.055187255254186,2.7672039356548326,-3.2723237845176603,0.00106667342288147,**,2020-01-23
15,lag_48*7,0.536314207710594,0.018054197099731252,29.705791110399332,0.0,***,2020-01-23
14,Weekends,52.839430078209965,19.42857043202886,2.719676687642536,0.006534577371108741,**,2020-01-23
13,Holidays,-1366.69812150758,10.056998570280031,-135.89522877594732,0.0,***,2020-01-23
11,solar_4,0.3498760362928177,0.053562116792380196,6.53215476246061,6.483014125535647e-11,***,2020-01-23
9,temp_1,11.910019951173508,1.4790899473788985,8.052262117175026,8.881784197001252e-16,***,2020-01-23
12,solar_16,0.7234044869062828,0.05552077428054576,13.029438012714468,0.0,***,2020-01-23
7,temperature,7.8563606109516995,1.613855820384045,4.868068455509329,1.1269429602833725e-06,***,2020-01-23
1,ma1,0.4190451735953232,0.014551020708726721,28.79833531842946,0.0,***,2020-01-23
2,sar1,-0.06021718640712812,0.11487738906681039,-0.5241865862054631,0.6001487696732917,,2020-01-23
3,sma1,0.2772277783355471,0.10446125485910518,2.6538813717053777,0.00795717956405917,**,2020-01-23
0,ar1,0.9998542963907738,5.9115559448109975e-05,16913.55551271436,0.0,***,2020-01-23
8,solar_power,-0.045797330062006064,0.05478928721617328,-0.8358811072192069,0.40322179191564267,,2020-01-23
5,rainfall,4.919076259752052,0.6120575810765965,8.0369501364553,8.881784197001252e-16,***,2020-01-23
6,pv_capacity,-0.943713629701808,0.31725320186135997,-2.974638629854434,0.0029333387998118354,**,2020-01-23
4,intercept,2212.8353483250944,0.023367022830107834,94699.07075512891,0.0,***,2020-01-23
10,temp_9,9.984656759469782,1.876724165317136,5.32025800274306,1.0362019753351603e-07,***,2020-01-24
17,cos_336_1,-54.242069696284375,2.7055832782432456,-20.048198158403807,0.0,***,2020-01-24
16,sin_336_1,-37.788817281550145,2.1919878088377036,-17.239519822688965,0.0,***,2020-01-24
15,lag_48*7,0.5331173022916644,0.01804693826643697,29.540595441783953,0.0,***,2020-01-24
14,Weekends,-68.66754796073982,21.23863450183219,-3.233143258565709,0.0012243614770779399,**,2020-01-24
13,Holidays,-1468.3716908516183,10.077749922368184,-145.70431913501616,0.0,***,2020-01-24
12,solar_16,0.7330982827652943,0.05996761896412112,12.224902296085995,0.0,***,2020-01-24
11,solar_4,0.26555812347698016,0.05949653879607183,4.46342138300175,8.066120201766225e-06,***,2020-01-24
9,temp_1,36.555048925159056,0.5631140909058631,64.9158838599726,0.0,***,2020-01-24
8,solar_power,-0.17372043388767114,0.06220055638571938,-2.792908037837996,0.005223654009079759,**,2020-01-24
7,temperature,21.39653342332175,1.2017002676888153,17.805216490858317,0.0,***,2020-01-24
6,pv_capacity,-1.1399984278846802,0.3727087237472571,-3.058684584634893,0.0022231107745414036,**,2020-01-24
5,rainfall,8.715097130726308,0.4772609843924092,18.260652799476816,0.0,***,2020-01-24
4,intercept,2644.6683178610706,0.03167852096579043,83484.589470482,0.0,***,2020-01-24
3,sma1,0.5265008613167849,0.04646709389008408,11.330617373279253,0.0,***,2020-01-24
2,sar1,-0.3145353097858969,0.05452940410716999,-5.768178012136742,8.013313790300458e-09,***,2020-01-24
1,ma1,0.4282853766520675,0.015190255895086494,28.194744026043864,0.0,***,2020-01-24
0,ar1,0.9793363446320547,0.0033594313005846552,291.51849137728067,0.0,***,2020-01-24
16,sin_336_1,4.610960912187113,0.23447885151353345,19.664719792100232,0.0,***,2020-01-25
15,lag_48*7,0.5242629202792806,0.018854496183626238,27.80572417175299,0.0,***,2020-01-25
14,Weekends,-129.14716871628642,25.34128375367374,-5.096315165863051,3.4632837642156744e-07,***,2020-01-25
13,Holidays,-1490.4732578671258,13.590876744801283,-109.66718967834466,0.0,***,2020-01-25
12,solar_16,0.6963998449974671,0.05650338651707827,12.324922237837526,0.0,***,2020-01-25
11,solar_4,0.15845606612998608,0.054399764516729586,2.912807942050117,0.003581948310741323,**,2020-01-25
10,temp_9,28.54425130005849,1.6899108838383767,16.890980212651538,0.0,***,2020-01-25
9,temp_1,47.64807277550117,1.7675302956758474,26.957429183572813,0.0,***,2020-01-25
17,cos_336_1,17.923971904375563,2.402386570895426,7.4609024715347445,8.593126210598712e-14,***,2020-01-25
7,temperature,10.633359489120272,1.3335527247458245,7.9737075946112235,1.5543122344752192e-15,***,2020-01-25
0,ar1,0.9999999750607598,1.7673780440491434e-07,5658098.890771068,0.0,***,2020-01-25
1,ma1,0.37241507930404844,0.015556940634354668,23.938837851038503,0.0,***,2020-01-25
2,sar1,-0.2221663668901168,0.08309372317485433,-2.673684105147287,0.007502308380573863,**,2020-01-25
8,solar_power,-0.05564920985859084,0.05763406408280981,-0.9655610921109591,0.33426385230188593,,2020-01-25
4,intercept,2507.3486198635956,0.10803862220366493,23207.891481038714,0.0,***,2020-01-25
5,rainfall,28.33187626750059,2.2327932414342335,12.688983351320799,0.0,***,2020-01-25
6,pv_capacity,9.555974939127559,13.129270504726605,0.7278374632990735,0.46671308848064363,,2020-01-25
3,sma1,0.40244603557571135,0.07318392925792577,5.499103965261973,3.817260285643442e-08,***,2020-01-25
10,temp_9,24.21196854405904,0.01968065721297039,1230.2418705866348,0.0,***,2020-01-26
16,sin_336_1,7.329842737343647,0.01928744933267582,380.03173000827013,0.0,***,2020-01-26
15,lag_48*7,0.18948845915986112,0.024725925103894653,7.663553875685494,1.7985612998927536e-14,***,2020-01-26
14,Weekends,-412.2799692857031,0.01979522950407036,-20827.238663786582,0.0,***,2020-01-26
13,Holidays,-1628.3887711234938,0.019417844481247542,-83860.42913754321,0.0,***,2020-01-26
12,solar_16,0.2898022191123122,0.029550016579856418,9.80717619325682,0.0,***,2020-01-26
11,solar_4,0.18731713568248054,0.019340915841968166,9.685018910842787,0.0,***,2020-01-26
9,temp_1,35.37929222484464,0.019842442492255554,1783.0109493149885,0.0,***,2020-01-26
17,cos_336_1,-2.278606452491998,0.01929141628936077,-118.11504237501998,0.0,***,2020-01-26
7,temperature,1.6677324769314625,0.020067553229982493,83.10592017963306,0.0,***,2020-01-26
0,ar1,0.998309257828332,1.3464059852290116e-06,741462.2846158312,0.0,***,2020-01-26
1,ma1,0.3196574351088663,0.01580181746553557,20.229156285728056,0.0,***,2020-01-26
2,sar1,0.9992260688131912,1.5914661691267425e-06,627865.1021287364,0.0,***,2020-01-26
8,solar_power,-0.4465804846608381,0.01984274783012423,-22.50597994209566,0.0,***,2020-01-26
4,intercept,-1630.2490263874176,0.019287785166134892,-84522.35507318779,0.0,***,2020-01-26
5,rainfall,3.982416468371047,0.01931068469390784,206.22865172809875,0.0,***,2020-01-26
6,pv_capacity,50.996264536936145,0.019349300887928234,2635.561089897156,0.0,***,2020-01-26
3,sma1,-0.9657933482470056,0.0044657118156854764,-216.268623706243,0.0,***,2020-01-26
9,temp_1,29.894834753331867,2.999678091041485,9.966014300872002,0.0,***,2020-01-27
16,sin_336_1,-9.968149694733667,0.6607954829394654,-15.085075416060063,0.0,***,2020-01-27
15,lag_48*7,0.18361312425277632,0.021409605657018056,8.576202999450764,0.0,***,2020-01-27
14,Weekends,-48.779206603598325,10.998588954104326,-4.435042241068157,9.20542372440103e-06,***,2020-01-27
13,Holidays,-1434.798986614161,5.79273858674689,-247.6892345697791,0.0,***,2020-01-27
12,solar_16,0.35224286712050756,0.07687931782166267,4.5817636927737455,4.610707368790656e-06,***,2020-01-27
11,solar_4,0.22174489412024556,0.07542101560454924,2.940094247509316,0.0032811242721801914,**,2020-01-27
10,temp_9,18.104439283642723,0.589684617278927,30.701901920360143,0.0,***,2020-01-27
17,cos_336_1,-36.496546651667266,1.2677132952694148,-28.78927497870172,0.0,***,2020-01-27
8,solar_power,-0.49570694550592603,0.07983527294470606,-6.209121948505804,5.328146812644263e-10,***,2020-01-27
6,pv_capacity,50.48673306118696,1.4531161121241933,34.74377074202589,0.0,***,2020-01-27
5,rainfall,6.0124311293458526,0.5702397343043367,10.543690254557077,0.0,***,2020-01-27
4,intercept,-2434.434930548938,0.09379639088746299,-25954.462719890533,0.0,***,2020-01-27
3,sma1,-0.9578519792099721,0.0028618268060402827,-334.6994923621138,0.0,***,2020-01-27
2,sar1,0.9991194067415552,8.602127354244099e-06,116147.94406044358,0.0,***,2020-01-27
1,ma1,0.39501312409413836,0.015443379906940663,25.578152352297504,0.0,***,2020-01-27
0,ar1,0.9997701279404138,3.081149689062648e-06,324479.57056074264,0.0,***,2020-01-27
7,temperature,26.705066358599584,1.0308572225230292,25.905688756042057,0.0,***,2020-01-27
10,temp_9,18.057906898500253,0.01928869495833091,936.1912217239419,0.0,***,2020-01-28
16,sin_336_1,2.308528812145923,0.019287824267879974,119.68839927634126,0.0,***,2020-01-28
15,lag_48*7,0.5177005689691789,0.017919319729894634,28.89063741105662,0.0,***,2020-01-28
14,Weekends,-395.4489518800446,0.020059976652262813,-19713.330615239625,0.0,***,2020-01-28
13,Holidays,-1625.8916084260597,0.01951387183594844,-83319.78513002445,0.0,***,2020-01-28
12,solar_16,0.8666832942298051,0.02402604512798005,36.07265738548415,0.0,***,2020-01-28
11,solar_4,0.3724319003105041,0.02758690388207204,13.500315291000714,0.0,***,2020-01-28
9,temp_1,20.531337085639272,0.02130890117346325,963.5098928145434,0.0,***,2020-01-28
17,cos_336_1,-9.97681481678428,0.019288839679127482,-517.2325024599704,0.0,***,2020-01-28
7,temperature,13.288686564491833,0.01931056698927885,688.1562085603006,0.0,***,2020-01-28
0,ar1,0.9998759911508809,4.778694871128609e-06,209236.20739876517,0.0,***,2020-01-28
1,ma1,0.3716650669833321,0.015962036277857538,23.28431413847268,0.0,***,2020-01-28
2,sar1,-0.37577406579284023,0.04624389869900407,-8.12591663688886,4.440892098500626e-16,***,2020-01-28
8,solar_power,0.006116435321886646,0.037454749540428496,0.16330199499223969,0.8702806632122266,,2020-01-28
4,intercept,-2065.83835919163,0.019287891079819916,-107105.45547164703,0.0,***,2020-01-28
5,rainfall,-11.691019459795344,0.022275996845771584,-524.8258715755082,0.0,***,2020-01-28
6,pv_capacity,-8.935256903414746,0.0192908857796502,-463.1854133334031,0.0,***,2020-01-28
3,sma1,0.5803277877791323,0.041546242798663806,13.968237527312496,0.0,***,2020-01-28
16,sin_336_1,-10.470958191510196,2.8210911471619937,-3.7116695793554695,0.0002058966540741114,***,2020-01-29
15,lag_48*7,0.515958773778975,0.018428691152038733,27.99758102853091,0.0,***,2020-01-29
14,Weekends,42.96689767379248,16.393713564007,2.620937440808279,0.008768835148644794,**,2020-01-29
13,Holidays,-1435.344203967663,8.088474560378783,-177.45548845497584,0.0,***,2020-01-29
12,solar_16,0.8177361873130363,0.06292053368212638,12.996332666919635,0.0,***,2020-01-29
11,solar_4,0.32096424344210206,0.05818729666075548,5.516053535076445,3.466966869147825e-08,***,2020-01-29
10,temp_9,18.229190914455447,2.226759188136146,8.18642222813224,2.220446049250313e-16,***,2020-01-29
9,temp_1,33.831178573680724,1.1222350557755256,30.146250020947292,0.0,***,2020-01-29
17,cos_336_1,-25.282200163402514,4.663846791925177,-5.42088994157682,5.930306357093684e-08,***,2020-01-29
7,temperature,32.45260719089687,1.9859229448953761,16.3413224437097,0.0,***,2020-01-29
0,ar1,0.9807946438114451,0.0033267777303468355,294.81820647789164,0.0,***,2020-01-29
1,ma1,0.3853795318564876,0.01593229132383134,24.188581794260894,0.0,***,2020-01-29
2,sar1,-0.1826953681359824,0.10535886036327048,-1.7340294637400278,0.08291285549941763,.,2020-01-29
8,solar_power,-0.10231948463128342,0.06003981638409653,-1.7041938299196067,0.08834488154022457,.,2020-01-29
4,intercept,-2983.2923836945147,0.03975666381249943,-75038.8009860267,0.0,***,2020-01-29
5,rainfall,11.97875672110618,1.0832605231232066,11.058057102062191,0.0,***,2020-01-29
6,pv_capacity,8.661652348590673,0.371151800368494,23.337223044563025,0.0,***,2020-01-29
3,sma1,0.39726980939303935,0.09614434990573105,4.132014099451085,3.5959835706922405e-05,***,2020-01-29
9,temp_1,27.35950570938839,0.4577202523124795,59.773421803303606,0.0,***,2020-01-30
16,sin_336_1,-8.346436307926112,2.103999938144027,-3.966937525335025,7.280206609672213e-05,***,2020-01-30
15,lag_48*7,0.5368105696365646,0.018068085980602406,29.710428111360297,0.0,***,2020-01-30
14,Weekends,-87.35351035475068,0.4907248850354623,-178.00913101938588,0.0,***,2020-01-30
13,Holidays,-1520.2233016040593,0.9819102569859981,-1548.230391512997,0.0,***,2020-01-30
12,solar_16,0.8455106683860498,0.05795705690971496,14.588571495325919,0.0,***,2020-01-30
11,solar_4,0.46059248561086896,0.05654359571658205,8.14579405101036,4.440892098500626e-16,***,2020-01-30
10,temp_9,17.480201469632288,0.08787879983252465,198.91261035591344,0.0,***,2020-01-30
17,cos_336_1,-24.484445075071473,3.810573496960689,-6.425396359524426,1.315263453705029e-10,***,2020-01-30
8,solar_power,-0.06843123739787904,0.05755458876808517,-1.1889796949748188,0.23444765723307026,,2020-01-30
6,pv_capacity,-2.1331418295735327,0.9553583550152669,-2.2328185213175265,0.025560914386772993,*,2020-01-30
7,temperature,15.609477355449151,0.0805038810188298,193.89720294103716,0.0,***,2020-01-30
0,ar1,0.9998787896095221,8.650513089313261e-05,11558.60674720856,0.0,***,2020-01-30
1,ma1,0.36974067795934207,0.013896417877651756,26.606905550383576,0.0,***,2020-01-30
2,sar1,-0.26715454736147787,0.06299706872518994,-4.240745684960001,2.2277843749751725e-05,***,2020-01-30
3,sma1,0.4591176937421459,0.055718754834999606,8.239913025725984,2.220446049250313e-16,***,2020-01-30
4,intercept,-2765.287890314366,0.019297575039588608,-143297.16996262124,0.0,***,2020-01-30
5,rainfall,-6.966505538317539,1.9818266553857835,-3.5151941868303487,0.00043943254184286573,***,2020-01-30
9,temp_1,26.64294923831105,1.1944241775463769,22.306103425536666,0.0,***,2020-01-31
15,lag_48*7,0.5392897000134123,0.016120896938012913,33.452834670865776,0.0,***,2020-01-31
14,Weekends,-126.1315021951855,0.4895916740205381,-257.62591336447923,0.0,***,2020-01-31
13,Holidays,-1561.8420684482135,0.7666000449772677,-2037.3623490910795,0.0,***,2020-01-31
12,solar_16,0.7602257209683192,0.06504883679079153,11.686999468004917,0.0,***,2020-01-31
11,solar_4,0.35285768240773585,0.06307387306862386,5.594355717205278,2.214425309787771e-08,***,2020-01-31
10,temp_9,16.272063643265618,0.5689871198101777,28.598298760601494,0.0,***,2020-01-31
17,cos_336_1,-53.724513955254025,2.8772200073739893,-18.672369098492357,0.0,***,2020-01-31
16,sin_336_1,-31.83810157236039,1.9960174637621813,-15.95081313184031,0.0,***,2020-01-31
8,solar_power,-0.06539920262213232,0.059061209186338566,-1.1073122870850365,0.26815893380911815,,2020-01-31
6,pv_capacity,-6.600602128577513,1.063525835049943,-6.206339245409633,5.423304028084885e-10,***,2020-01-31
5,rainfall,7.319880375778479,1.0017470865172513,7.3071142150533435,2.728928194528635e-13,***,2020-01-31
4,intercept,-248.03420963224053,0.019349269495093902,-12818.789344741452,0.0,***,2020-01-31
3,sma1,0.5587407083202715,0.05081921802171235,10.99467347336103,0.0,***,2020-01-31
2,sar1,-0.3348032131154597,0.06385561393582324,-5.2431288727714165,1.578761863463285e-07,***,2020-01-31
1,ma1,0.385591604213683,0.014044041149488687,27.455886814154027,0.0,***,2020-01-31
0,ar1,0.999872766117003,7.124240324537141e-05,14034.798386478691,0.0,***,2020-01-31
7,temperature,19.853847850665115,2.3071109106280105,8.605502127880262,0.0,***,2020-01-31
16,sin_336_1,12534.85863200649,5.172757323744773,2423.2450601282,0.0,***,2020-02-01
15,lag_48*7,12.08071542346372,0.017259024451525738,699.9651375078594,0.0,***,2020-02-01
14,Weekends,7556.385088574224,3.1846019193593516,2372.787959034562,0.0,***,2020-02-01
13,Holidays,5654.088162751182,2.9783046718097212,1898.4250390056843,0.0,***,2020-02-01
12,solar_16,112.26041800128048,0.07905042775596163,1420.1114552832296,0.0,***,2020-02-01
11,solar_4,-37.32063541392103,0.06421775884026475,-581.1575503086674,0.0,***,2020-02-01
10,temp_9,-1810.0545758198598,2.1420624429778914,-845.0055140799375,0.0,***,2020-02-01
9,temp_1,-3643.586877948549,1.6561238330162646,-2200.069104320876,0.0,***,2020-02-01
17,cos_336_1,15441.574333983799,6.375894444144403,2421.867938570608,0.0,***,2020-02-01
7,temperature,-4939.868064897129,2.462929561077257,-2005.6879185519574,0.0,***,2020-02-01
0,ar1,1.0,0.0,inf,0.0,***,2020-02-01
1,ma1,-8.087931437527237,0.01585148286427771,-510.2318506588357,0.0,***,2020-02-01
2,sar1,-1.0,0.0,-inf,0.0,***,2020-02-01
8,solar_power,198.63193703535194,0.10184840369354504,1950.270498426485,0.0,***,2020-02-01
4,intercept,-1487.317462083577,0.019427619931208413,-76556.85397130706,0.0,***,2020-02-01
5,rainfall,-874.7689711357804,0.35050811661117787,-2495.7167314506737,0.0,***,2020-02-01
6,pv_capacity,-4057.7029256875267,1.6971738490672215,-2390.858737257629,0.0,***,2020-02-01
3,sma1,115.13559671094116,0.03976555465748728,2895.36000950166,0.0,***,2020-02-01
9,temp_1,35.201643337516735,0.6804544203020609,51.73255149388309,0.0,***,2020-02-02
16,sin_336_1,33.13878991455102,1.8072222536140332,18.336864681851377,0.0,***,2020-02-02
15,lag_48*7,0.5174380016334204,0.019035877107463812,27.182251635283837,0.0,***,2020-02-02
14,Weekends,-113.57129728180287,13.053886880625738,-8.700190090536378,0.0,***,2020-02-02
13,Holidays,-1517.3244012229277,6.881546547128013,-220.49177330002615,0.0,***,2020-02-02
12,solar_16,0.8998511383897023,0.0655006329604144,13.738052561011607,0.0,***,2020-02-02
11,solar_4,0.3769205484733771,0.06563033911458069,5.743083969371704,9.29675958438736e-09,***,2020-02-02
10,temp_9,11.048683659943134,0.833176360733721,13.26091831291675,0.0,***,2020-02-02
17,cos_336_1,30.023291649847888,2.3435859475573633,12.810834474041842,0.0,***,2020-02-02
8,solar_power,-0.07306691441255553,0.05927938363042876,-1.2325855961675263,0.21773041356090284,,2020-02-02
6,pv_capacity,21.959286685152538,0.3745634463590165,58.62634728137543,0.0,***,2020-02-02
5,rainfall,-3.2961709429251944,2.164467013720684,-1.522855706291929,0.12779480947066202,,2020-02-02
4,intercept,-10065.518339659433,0.07522705288093241,-133801.84327559522,0.0,***,2020-02-02
3,sma1,0.49645739697244623,0.04645996063694253,10.685704209953405,0.0,***,2020-02-02
2,sar1,-0.2967109797229499,0.057130995621120284,-5.193520198574332,2.0635454234252393e-07,***,2020-02-02
1,ma1,0.3964733017400819,0.014462916941179094,27.413094008113642,0.0,***,2020-02-02
0,ar1,0.9794625108244294,0.003510531365161214,279.0069106189141,0.0,***,2020-02-02
7,temperature,34.66240480491423,1.3176819376019842,26.305593038632267,0.0,***,2020-02-02
10,temp_9,18.811720796717264,0.31312622598348105,60.07711662487726,0.0,***,2020-02-03
16,sin_336_1,-1.1422125332339839,1.0808773583093836,-1.0567457301728806,0.29062764827277765,,2020-02-03
15,lag_48*7,0.1721388621432256,0.023372021936093505,7.3651677468858985,1.7696955012524995e-13,***,2020-02-03
14,Weekends,-170.92747600244883,24.35777862299228,-7.017367168330512,2.2608581673466688e-12,***,2020-02-03
13,Holidays,-1528.2005262841903,14.908648776309327,-102.50429460197533,0.0,***,2020-02-03
12,solar_16,0.4478786643861379,0.08478623504418613,5.282445483665209,1.2747077393626682e-07,***,2020-02-03
11,solar_4,0.4493088978792841,0.08191841769318971,5.48483369835203,4.138585629753777e-08,***,2020-02-03
9,temp_1,24.344955116502963,2.114708311479287,11.512204772805337,0.0,***,2020-02-03
17,cos_336_1,-5.3972761247900385,0.19962992768919274,-27.036407753416363,0.0,***,2020-02-03
7,temperature,8.764335060996443,1.1890493952587553,7.370875504368083,1.694200335577989e-13,***,2020-02-03
0,ar1,0.9995089737406578,3.5354031183420147e-06,282714.2875320521,0.0,***,2020-02-03
1,ma1,0.3482428522072162,0.016098322052874404,21.632245339820145,0.0,***,2020-02-03
2,sar1,0.9966340585126662,0.00011357954309485906,8774.767280761995,0.0,***,2020-02-03
8,solar_power,-0.40945306062196957,0.0769547819764485,-5.320696779405859,1.033705698816334e-07,***,2020-02-03
4,intercept,-14203.547216536981,0.07075683150426304,-200737.46823557565,0.0,***,2020-02-03
5,rainfall,0.15412430994511123,0.4920534807810544,0.3132267445816339,0.7541084007919094,,2020-02-03
6,pv_capacity,97.38728402321492,6.068571654076836,16.04780985947338,0.0,***,2020-02-03
3,sma1,-0.9262665571581304,0.005975770705324228,-155.00369790508452,0.0,***,2020-02-03
17,cos_336_1,2.1356098275031776,0.3164873366991376,6.747852377845224,1.5004886222413916e-11,***,2020-02-04
16,sin_336_1,0.07326653902126434,0.6227327253652116,0.11765326605936119,0.9063423977824772,,2020-02-04
15,lag_48*7,0.171781452277191,0.022204017787530863,7.736503092411433,1.021405182655144e-14,***,2020-02-04
14,Weekends,-143.4366208907246,16.453342516762536,-8.717780034336032,0.0,***,2020-02-04
13,Holidays,-1501.5770169813804,9.579204581818829,-156.75383108858003,0.0,***,2020-02-04
12,solar_16,0.3862572080785882,0.0877296847572423,4.402810851850254,1.0685732349413612e-05,***,2020-02-04
10,temp_9,20.873371358772776,1.9619881504390155,10.638887576411783,0.0,***,2020-02-04
9,temp_1,47.80033681071988,0.9762148153919548,48.964977848167386,0.0,***,2020-02-04
11,solar_4,0.40219942683684806,0.08675939878053943,4.635802374037007,3.5555554838140324e-06,***,2020-02-04
7,temperature,18.980513864091588,1.6747955101311955,11.333033644569984,0.0,***,2020-02-04
8,solar_power,-0.5606618130360601,0.08588919275806857,-6.527734107541611,6.677214337003079e-11,***,2020-02-04
1,ma1,0.3397552229980656,0.01692740724265497,20.07130909817804,0.0,***,2020-02-04
2,sar1,0.9962814842863237,0.0012318995013278844,808.736007452244,0.0,***,2020-02-04
3,sma1,-0.9245134610521327,0.009637115353962483,-95.93259259597858,0.0,***,2020-02-04
0,ar1,0.998822026352928,0.0002765434375450938,3611.8088182441784,0.0,***,2020-02-04
5,rainfall,4.909652608017115,0.7292360546113832,6.732597184369217,1.6666001911858075e-11,***,2020-02-04
6,pv_capacity,97.36464308762193,4.002208867910856,24.327726588254265,0.0,***,2020-02-04
4,intercept,-14312.949877230894,0.10546518393943399,-135712.55785653833,0.0,***,2020-02-04
10,temp_9,21.123838090676873,0.0192964301072541,1094.701868338631,0.0,***,2020-02-05
17,cos_336_1,-2.1490387005559284,0.01928791865434893,-111.41890107833773,0.0,***,2020-02-05
16,sin_336_1,9.357889668612687,0.019287919415447215,485.1684345548533,0.0,***,2020-02-05
15,lag_48*7,-0.1302511450730433,0.02191202127372685,-5.944277958018333,2.7767808052914233e-09,***,2020-02-05
14,Weekends,-371.1317742374256,0.019289239524924805,-19240.352827692535,0.0,***,2020-02-05
13,Holidays,-1638.4311930526023,0.019288214889401287,-84944.67748557212,0.0,***,2020-02-05
12,solar_16,0.2061342931393284,0.019288373660705058,10.68697116539547,0.0,***,2020-02-05
11,solar_4,0.3707421654026355,0.019520786149837776,18.992173909231443,0.0,***,2020-02-05
9,temp_1,37.058467270396946,0.019290915340053488,1921.0320825706447,0.0,***,2020-02-05
1,ma1,1.5265233199457386,0.015926638014817408,95.84717870309679,0.0,***,2020-02-05
7,temperature,18.11925662542606,0.019288911695555123,939.3612719789373,0.0,***,2020-02-05
6,pv_capacity,-43.80209090238263,0.01929732003729453,-2269.8535764411595,0.0,***,2020-02-05
5,rainfall,2.935211295341523,0.019313627872919882,151.976175302469,0.0,***,2020-02-05
4,intercept,-9927.438180412595,0.019287918744333717,-514697.2211985814,0.0,***,2020-02-05
3,sma1,-0.1958349910806455,0.02773855303784941,-7.0600290798668395,1.6646684031229597e-12,***,2020-02-05
2,sar1,0.998636172982921,9.135092397242258e-05,10931.867238522882,0.0,***,2020-02-05
0,ar1,0.9994991476401772,5.1101547493388025e-05,19559.077888384913,0.0,***,2020-02-05
8,solar_power,-0.5855902827039235,0.019451695730509203,-30.104844884317654,0.0,***,2020-02-05
10,temp_9,22.377110507881298,0.019399724775359013,1153.4756687014485,0.0,***,2020-02-06
16,sin_336_1,8.926416169563238,0.0192879426232247,462.79773555604106,0.0,***,2020-02-06
15,lag_48*7,-0.18435001983372246,0.05574686744024014,-3.3069126266393907,0.0009433030950145582,***,2020-02-06
14,Weekends,-342.77025539522083,0.01930944788134516,-17751.42704760455,0.0,***,2020-02-06
13,Holidays,-1621.3212894649691,0.019293652583488606,-84033.92164594517,0.0,***,2020-02-06
12,solar_16,0.18484625791533027,0.01946776807483055,9.494989728910626,0.0,***,2020-02-06
17,cos_336_1,2.463379947793271,0.01928796789663052,127.71588800827521,0.0,***,2020-02-06
9,temp_1,35.57332930506182,0.0193098360859399,1842.2388023771925,0.0,***,2020-02-06
11,solar_4,0.2553443034197702,0.02111203796849983,12.094725473720544,0.0,***,2020-02-06
7,temperature,18.31207194201788,0.01929205543787117,949.202743118313,0.0,***,2020-02-06
0,ar1,0.9999070703614027,2.100177037983435e-05,47610.608642855244,0.0,***,2020-02-06
1,ma1,2.2353673480434675,0.0667675640303973,33.479839807032214,0.0,***,2020-02-06
2,sar1,0.9992559257220853,6.840302206330422e-05,14608.359332389065,0.0,***,2020-02-06
8,solar_power,-0.45946663571408525,0.022092012010614653,-20.79786284261131,0.0,***,2020-02-06
4,intercept,-7728.999802729697,0.01928791898789393,-400717.14359547064,0.0,***,2020-02-06
5,rainfall,3.243920221973948,0.019781323675316927,163.9890370947067,0.0,***,2020-02-06
6,pv_capacity,-22.183871859540975,0.019452338109835963,-1140.4218729019433,0.0,***,2020-02-06
3,sma1,-1.226201026801306,0.11878585969991262,-10.322786145582006,0.0,***,2020-02-06
16,sin_336_1,8.661908968970309,0.10051710327295726,86.17348378463146,0.0,***,2020-02-07
15,lag_48*7,0.15232813388350408,0.02320489183768173,6.5644836851229345,5.221356680351619e-11,***,2020-02-07
14,Weekends,-300.12914525593544,0.5017972232386677,-598.1084218020599,0.0,***,2020-02-07
13,Holidays,-1588.7993196259988,0.30807328632375547,-5157.212228899078,0.0,***,2020-02-07
12,solar_16,0.31996267699907843,0.09025952264749108,3.5449187810209666,0.00039273408054629755,***,2020-02-07
11,solar_4,0.4297408025649947,0.08820995552466213,4.871794799225875,1.1058899651583687e-06,***,2020-02-07
10,temp_9,26.153609491370236,0.3588473336659214,72.88227342861809,0.0,***,2020-02-07
9,temp_1,33.35525871545848,0.040769146481790954,818.1495467499229,0.0,***,2020-02-07
17,cos_336_1,-1.39281165413348,0.03577669128291984,-38.930700525635885,0.0,***,2020-02-07
7,temperature,26.445862745019074,0.46312817114406657,57.10268645435625,0.0,***,2020-02-07
0,ar1,0.9997487742875684,2.1643893684595772e-07,4619080.045653255,0.0,***,2020-02-07
1,ma1,2.9400694040045487,0.12431349491548295,23.650444434881464,0.0,***,2020-02-07
2,sar1,0.9985764996708671,1.9751731101968274e-06,505564.0412051571,0.0,***,2020-02-07
8,solar_power,-0.531758336867271,0.08723260039171793,-6.095867078126877,1.088458212450405e-09,***,2020-02-07
4,intercept,-7637.137640634101,0.019287775466147853,-395957.4111611839,0.0,***,2020-02-07
5,rainfall,-2.464578003759189,1.4606222837927687,-1.6873479414263546,0.09153646762144274,.,2020-02-07
6,pv_capacity,10.047408222641986,0.32423872578706014,30.987687230304807,0.0,***,2020-02-07
3,sma1,-1.048701946587432,0.004738325542754262,-221.3233213135984,0.0,***,2020-02-07
9,temp_1,31.008192466967337,0.7834285763143151,39.58011413477814,0.0,***,2020-02-08
16,sin_336_1,6.807332364930803,0.36688769755598466,18.55426717842467,0.0,***,2020-02-08
15,lag_48*7,0.14776486111243048,0.018561753208556634,7.96071682734762,1.7763568394002505e-15,***,2020-02-08
14,Weekends,-276.9106921584823,3.5300375324099162,-78.44412123557183,0.0,***,2020-02-08
13,Holidays,-1550.2056959951676,2.2767235652521394,-680.8932448606196,0.0,***,2020-02-08
12,solar_16,0.3795224729465696,0.08082685582642554,4.69549964632533,2.6595582847122046e-06,***,2020-02-08
11,solar_4,0.488158109395604,0.08120705933952996,6.011276770343271,1.8406784985103286e-09,***,2020-02-08
10,temp_9,28.00808204519881,1.7060990726612584,16.416445266282462,0.0,***,2020-02-08
17,cos_336_1,-3.7669148628685645,0.4449103567932327,-8.466682794303207,0.0,***,2020-02-08
8,solar_power,-0.5523856734561731,0.0830097381010819,-6.654468332179614,2.8432589616045334e-11,***,2020-02-08
6,pv_capacity,28.07660124605668,2.293608589244338,12.241234785097712,0.0,***,2020-02-08
7,temperature,25.34050400765393,1.7845577957977565,14.199878573462444,0.0,***,2020-02-08
0,ar1,0.9997716443161515,7.130926535348578e-08,14020220.785618851,0.0,***,2020-02-08
1,ma1,2.9025590480662196,0.10255393389584357,28.302756781754795,0.0,***,2020-02-08
2,sar1,0.9981702993514323,3.1625552855660465e-07,3156214.545583117,0.0,***,2020-02-08
3,sma1,-1.0557040516868121,0.0060429444538657165,-174.7002739718169,0.0,***,2020-02-08
4,intercept,-8927.458325350102,0.019488745876275505,-458082.75104135275,0.0,***,2020-02-08
5,rainfall,1.6775360408914208,0.9065056202146168,1.8505522784230077,0.06423399049525269,.,2020-02-08
9,temp_1,35.26651880562392,0.01928829336939789,1828.3897973874923,0.0,***,2020-02-09
15,lag_48*7,0.13679559131779673,0.019334566891756288,7.075182603450119,1.4925838343060605e-12,***,2020-02-09
14,Weekends,-381.3095381854488,0.01936712994383534,-19688.489688004684,0.0,***,2020-02-09
13,Holidays,-1585.685238806103,0.019312686901661033,-82105.88443132283,0.0,***,2020-02-09
12,solar_16,0.3300112539785536,0.021528628285774058,15.328949415538116,0.0,***,2020-02-09
11,solar_4,0.4602651749748006,0.01934827090850771,23.788439657024618,0.0,***,2020-02-09
10,temp_9,20.540143172226713,0.01928819553992931,1064.907452317439,0.0,***,2020-02-09
17,cos_336_1,-0.9708251323681663,0.01928814912487253,-50.33272638463086,0.0,***,2020-02-09
16,sin_336_1,13.197519932039787,0.019288686490712283,684.2104016981426,0.0,***,2020-02-09
8,solar_power,-0.5436688003281585,0.020357217599967305,-26.70643950522156,0.0,***,2020-02-09
6,pv_capacity,0.6567190722220004,0.019603194873445383,33.50061438768822,0.0,***,2020-02-09
0,ar1,0.9971592208185525,0.000748839087371969,1331.6067999575937,0.0,***,2020-02-09
1,ma1,0.34079198509206504,0.012158932822459593,28.028116452997008,0.0,***,2020-02-09
2,sar1,0.9995310938378172,1.8019848654037342e-05,55468.34010805483,0.0,***,2020-02-09
7,temperature,18.07230341847539,0.019291868729542843,936.7834537874572,0.0,***,2020-02-09
4,intercept,-9579.84165945036,0.019287919071181936,-496675.7494209727,0.0,***,2020-02-09
5,rainfall,-6.250184435523187,0.01988848053100903,-314.2615357557478,0.0,***,2020-02-09
3,sma1,-0.9714254430262783,0.0035530050965476173,-273.40952704238805,0.0,***,2020-02-09
17,cos_336_1,-1.8995908058163387,0.22696092275899454,-8.36968224628465,0.0,***,2020-02-10
16,sin_336_1,10.724029483483164,0.31551911601681565,33.98852538275882,0.0,***,2020-02-10
15,lag_48*7,0.13465072555749047,0.021839762495733068,6.165393308823655,7.030815929454093e-10,***,2020-02-10
14,Weekends,-351.72980284101675,1.7420643725848342,-201.90402167465737,0.0,***,2020-02-10
13,Holidays,-1580.244081916545,1.0454331723069694,-1511.568719815349,0.0,***,2020-02-10
12,solar_16,0.3961484428508051,0.0825258054573798,4.800297805701451,1.5842985945369037e-06,***,2020-02-10
10,temp_9,22.40057077160989,0.41920205672356053,53.436213902885896,0.0,***,2020-02-10
9,temp_1,33.42731774870163,0.02196685498142687,1521.7161390178367,0.0,***,2020-02-10
11,solar_4,0.4856758491049078,0.08338964988090487,5.824174220644151,5.7395679320393356e-09,***,2020-02-10
7,temperature,22.454338433567816,1.0911164594924807,20.579231701822344,0.0,***,2020-02-10
8,solar_power,-0.5041432062824448,0.08139074881666615,-6.19410944870448,5.861549023933321e-10,***,2020-02-10
1,ma1,0.3456892070449535,0.01586300128958164,21.792169132079195,0.0,***,2020-02-10
2,sar1,0.9973705533713845,0.0007314014238087623,1363.6431662623677,0.0,***,2020-02-10
3,sma1,-0.9419910677595419,0.0070153986449336325,-134.27477402725037,0.0,***,2020-02-10
0,ar1,0.9871668658023983,0.0014852433555373648,664.6499121655648,0.0,***,2020-02-10
5,rainfall,-0.6873828970166412,0.9233003956507616,-0.7444845688950011,0.4565833733095386,,2020-02-10
6,pv_capacity,25.953826380115924,1.350209775918168,19.22206966874228,0.0,***,2020-02-10
4,intercept,-8943.875840419585,0.019290274377860565,-463646.8961107399,0.0,***,2020-02-10
10,temp_9,17.812731738730026,0.027084020114650834,657.6841865914287,0.0,***,2020-02-11
16,sin_336_1,13.929275885625334,0.02369351678595457,587.8939800900539,0.0,***,2020-02-11
15,lag_48*7,0.14011162325468973,0.018504423085778498,7.571790949936287,3.68594044175552e-14,***,2020-02-11
17,cos_336_1,-2.5294046754263015,0.019454579585637496,-130.0159000759726,0.0,***,2020-02-11
14,Weekends,-338.5210197998741,0.0668062952540279,-5067.202402298516,0.0,***,2020-02-11
13,Holidays,-1570.673211464083,0.04367300672143134,-35964.39378407436,0.0,***,2020-02-11
12,solar_16,0.38012043317312205,0.07155479752175485,5.312298355083093,1.0825118024193614e-07,***,2020-02-11
11,solar_4,0.41733619862092475,0.057932272255884064,7.203863794217682,5.853095785823825e-13,***,2020-02-11
9,temp_1,21.00677094369622,0.1456933073078089,144.18487253717723,0.0,***,2020-02-11
2,sar1,0.9999580392089475,2.9674808639072756e-05,33697.20261286892,0.0,***,2020-02-11
7,temperature,20.57520383086408,0.0685862399772676,299.99025807047565,0.0,***,2020-02-11
8,solar_power,-0.4878962425410071,0.05561256425600286,-8.773129760660932,0.0,***,2020-02-11
1,ma1,0.36162893976275856,0.015832565041637006,22.840830832637337,0.0,***,2020-02-11
3,sma1,-0.9917675250489393,0.003943347659204178,-251.50395317898287,0.0,***,2020-02-11
0,ar1,0.988837157881964,0.0007110318381361955,1390.7072860112291,0.0,***,2020-02-11
5,rainfall,-1.7910015603384308,0.38606961236770576,-4.639063793066988,3.499910169235676e-06,***,2020-02-11
6,pv_capacity,27.252748917129292,0.03951573199701397,689.6683305572743,0.0,***,2020-02-11
4,intercept,-8678.884911079334,0.019287976431420627,-449963.47553293355,0.0,***,2020-02-11
9,temp_1,22.933836255809688,0.01945961412026875,1178.5349963297708,0.0,***,2020-02-12
17,cos_336_1,-5.691556279057437,0.019291613070107377,-295.0274950245909,0.0,***,2020-02-12
15,lag_48*7,0.1531081385073847,0.01858124240246673,8.239930096765704,2.220446049250313e-16,***,2020-02-12
14,Weekends,-299.8881689103664,0.01932910696979955,-15514.848636252147,0.0,***,2020-02-12
13,Holidays,-1563.69925184965,0.019310238399036735,-80977.72899207982,0.0,***,2020-02-12
12,solar_16,0.3324908241590485,0.019853665440420873,16.747075000171865,0.0,***,2020-02-12
11,solar_4,0.489832168131521,0.02305183152118162,21.249164851887333,0.0,***,2020-02-12
10,temp_9,14.584939568132691,0.019310378022234932,755.2902149993575,0.0,***,2020-02-12
16,sin_336_1,-1.9520427814864174,0.019297876258924134,-101.1532437712524,0.0,***,2020-02-12
8,solar_power,-0.502727900938609,0.021630561882469736,-23.241555335926783,0.0,***,2020-02-12
6,pv_capacity,49.88841500019236,0.019560452471665494,2550.4734653995743,0.0,***,2020-02-12
5,rainfall,-0.7622603950177044,0.01928878251851418,-39.51832596412215,0.0,***,2020-02-12
4,intercept,-7872.857790161052,0.019287919046707434,-408175.59276852093,0.0,***,2020-02-12
3,sma1,-0.9785354164000876,0.0027213488077152915,-359.5773587075069,0.0,***,2020-02-12
2,sar1,0.999749601597519,1.1624003716608776e-05,86007.33671213838,0.0,***,2020-02-12
1,ma1,0.35934463830402136,0.018116826935663976,19.83485516421375,0.0,***,2020-02-12
0,ar1,0.9968841370554291,0.00069840934071346,1427.3636948169424,0.0,***,2020-02-12
7,temperature,20.133721012588385,0.019337680119082514,1041.1652736317803,0.0,***,2020-02-12
16,sin_336_1,-13.581962271831875,1.2103710345115668,-11.22132130112709,0.0,***,2020-02-13
15,lag_48*7,0.14356421322425916,0.01896939026177072,7.568203892857124,3.774758283725532e-14,***,2020-02-13
14,Weekends,-16.550758016384457,17.65595088145381,-0.9374039454181836,0.34855081223805273,,2020-02-13
13,Holidays,-1369.919857592729,10.421120473884683,-131.45610023660572,0.0,***,2020-02-13
12,solar_16,0.3980110703872266,0.08383583386241879,4.747505357200766,2.059409370369636e-06,***,2020-02-13
11,solar_4,0.5481403940963094,0.0807736090610517,6.786132258644089,1.1517897746671224e-11,***,2020-02-13
10,temp_9,18.754702408427693,3.844521140663306,4.878293478493369,1.0700762631543626e-06,***,2020-02-13
9,temp_1,28.877335464668725,3.3423191260925376,8.639909707972395,0.0,***,2020-02-13
17,cos_336_1,10.143106672916709,0.6528053834281643,15.537719097307155,0.0,***,2020-02-13
7,temperature,-5.879092425691619,1.1656111304363845,-5.04378542052064,4.5641111734440187e-07,***,2020-02-13
0,ar1,0.9892158471669262,0.00014126240593967046,7002.682989764417,0.0,***,2020-02-13
1,ma1,0.3876992524769005,0.016566368162190582,23.40279104515777,0.0,***,2020-02-13
2,sar1,0.9999976177727306,1.9634614399838243e-08,50930341.55949449,0.0,***,2020-02-13
8,solar_power,-0.427830692807456,0.07751271323474163,-5.5194906093894796,3.399837611439693e-08,***,2020-02-13
4,intercept,-9459.31337787924,0.019451702729666127,-486297.4470328851,0.0,***,2020-02-13
5,rainfall,0.20371213418561818,0.4072306031150327,0.5002377832789607,0.6169076569105871,,2020-02-13
6,pv_capacity,34.53065528654233,0.5069950535734172,68.10846583839894,0.0,***,2020-02-13
3,sma1,-0.9978602796102138,0.00016016691662624737,-6230.127298627721,0.0,***,2020-02-13
9,temp_1,33.84773129110799,0.4972236785882061,68.0734501365938,0.0,***,2020-02-14
16,sin_336_1,6.469862998537784,0.02569354719247223,251.80886664155673,0.0,***,2020-02-14
15,lag_48*7,0.15172160119838018,0.021868790502409335,6.937814013155627,3.9821479447255115e-12,***,2020-02-14
14,Weekends,-288.3080742644049,0.1592622476760167,-1810.272544004923,0.0,***,2020-02-14
13,Holidays,-1512.7323221156184,0.11288575567452085,-13400.55982330686,0.0,***,2020-02-14
12,solar_16,0.3504374898735545,0.07492163984866325,4.677386808156029,2.9055386352450085e-06,***,2020-02-14
11,solar_4,0.5159969379125844,0.06962758815229614,7.410811599332529,1.254552017826427e-13,***,2020-02-14
10,temp_9,20.04313718235396,0.17777175061224162,112.74646907242504,0.0,***,2020-02-14
17,cos_336_1,-3.634987827349909,0.05256111994563084,-69.1573511201804,0.0,***,2020-02-14
8,solar_power,-0.4732173514412785,0.06182166063722161,-7.654555807198159,1.9317880628477724e-14,***,2020-02-14
6,pv_capacity,28.617136383319536,0.1461858608656434,195.75857893412137,0.0,***,2020-02-14
5,rainfall,-0.9644354823773569,0.020050047117663117,-48.10140727937423,0.0,***,2020-02-14
4,intercept,-11689.014469408043,0.019288686988085474,-606003.6370867694,0.0,***,2020-02-14
3,sma1,-0.9305845760259412,0.004988772182016584,-186.53579319185832,0.0,***,2020-02-14
2,sar1,0.9970973418977782,1.5101299095541826e-05,66027.25603866353,0.0,***,2020-02-14
1,ma1,0.3490864205354203,0.014129971237250284,24.705387907311348,0.0,***,2020-02-14
0,ar1,0.9995692881918858,1.906451211016801e-05,52430.88742138689,0.0,***,2020-02-14
7,temperature,12.933153239819012,0.02841802923284427,455.1038051882732,0.0,***,2020-02-14
10,temp_9,28.714279462680974,0.01963608570544921,1462.3219664758578,0.0,***,2020-02-15
17,cos_336_1,1.7050537971091764,0.019288025968886367,88.39960086426724,0.0,***,2020-02-15
16,sin_336_1,10.056298654032169,0.019287921613667602,521.3780341634208,0.0,***,2020-02-15
15,lag_48*7,0.2072860967482324,0.01889319013425488,10.97147148127229,0.0,***,2020-02-15
14,Weekends,-341.8354561752289,0.019318090274775494,-17695.095701130405,0.0,***,2020-02-15
12,solar_16,0.6067154152702603,0.023210728330568416,26.139438910722117,0.0,***,2020-02-15
11,solar_4,0.5789184682786903,0.02418044747240394,23.941594502723078,0.0,***,2020-02-15
9,temp_1,40.36851982562203,0.019324832817035457,2088.9453589495424,0.0,***,2020-02-15
13,Holidays,-1522.6143855279172,0.019304144172928386,-78875.0007194409,0.0,***,2020-02-15
7,temperature,31.175823741739457,0.019362093433019527,1610.1473660163808,0.0,***,2020-02-15
0,ar1,0.9998515989446606,7.216569091346223e-06,138549.43897698374,0.0,***,2020-02-15
1,ma1,2.526268312868993,0.034524271560423744,73.17368907979896,0.0,***,2020-02-15
2,sar1,0.9988678518738526,4.051415909061062e-06,246547.84260482056,0.0,***,2020-02-15
3,sma1,-0.9679759501060669,0.002531429040842489,-382.38320509427086,0.0,***,2020-02-15
8,solar_power,-0.182448087116248,0.021079810637993517,-8.655110344654137,0.0,***,2020-02-15
4,intercept,-11606.263951184397,0.01928791867939685,-601737.4992140591,0.0,***,2020-02-15
5,rainfall,0.26858031599627663,0.024647254244550786,10.896966994027602,0.0,***,2020-02-15
6,pv_capacity,138.02397341741482,0.019657523784349023,7021.432349852075,0.0,***,2020-02-15
17,cos_336_1,3.716589038954262,0.03847605569773457,96.59485546417616,0.0,***,2020-02-16
16,sin_336_1,9.99974830453733,0.049214141779575504,203.18851336116063,0.0,***,2020-02-16
15,lag_48*7,0.15718280021250577,0.021007937557448546,7.482067184494998,7.30526750203353e-14,***,2020-02-16
14,Weekends,-188.41714230022143,1.525110272465943,-123.54329106679657,0.0,***,2020-02-16
13,Holidays,-1400.440323278365,1.0303987513028459,-1359.1246316124075,0.0,***,2020-02-16
12,solar_16,0.31478244553237467,0.08133097932176128,3.8703879893912707,0.00010866227546246776,***,2020-02-16
10,temp_9,37.44452421292404,1.978751410726515,18.923308915886494,0.0,***,2020-02-16
9,temp_1,21.053058217323724,1.4472637463111873,14.546801349086612,0.0,***,2020-02-16
11,solar_4,0.42218069612510867,0.07905698934935701,5.340207103757391,9.284045976443167e-08,***,2020-02-16
7,temperature,27.62875453170273,1.044441921340597,26.453126753318887,0.0,***,2020-02-16
8,solar_power,-0.4301021601332199,0.08221344335362389,-5.231530788501652,1.6811202740996123e-07,***,2020-02-16
1,ma1,0.34860745844478613,0.017416280084719755,20.01618352191283,0.0,***,2020-02-16
2,sar1,0.9977407649555535,5.6732200266486245e-06,175868.51210933115,0.0,***,2020-02-16
3,sma1,-0.9394964968173002,0.006096654253570228,-154.10034057075268,0.0,***,2020-02-16
0,ar1,0.9995483413285534,5.978993030901918e-07,1671767.0285990846,0.0,***,2020-02-16
5,rainfall,-0.43190380833876846,0.4127246493169238,-1.0464696234004607,0.29534426255879165,,2020-02-16
6,pv_capacity,2.8115098506877985,0.3738102906492671,7.521221114069699,5.417888360170764e-14,***,2020-02-16
4,intercept,-12707.036416577912,0.019379592624558104,-655691.6165758495,0.0,***,2020-02-16
10,temp_9,22.005082864942985,2.0234218365812007,10.8751830523501,0.0,***,2020-02-17
17,cos_336_1,0.018628407427644628,0.4316060438525014,0.04316067324119948,0.9655734540644647,,2020-02-17
16,sin_336_1,5.99342048917113,0.33473829134032573,17.90479501216569,0.0,***,2020-02-17
15,lag_48*7,0.14953971378508654,0.02174674164216502,6.876419292862807,6.13753492473279e-12,***,2020-02-17
14,Weekends,-348.5293834952135,4.997497264400077,-69.74078524824417,0.0,***,2020-02-17
13,Holidays,-1457.4155724875106,2.765169861607538,-527.0618607278753,0.0,***,2020-02-17
12,solar_16,0.3397659509096922,0.08044830341175893,4.223407287667293,2.406363854134952e-05,***,2020-02-17
11,solar_4,0.39902845360567873,0.08659135549177337,4.608178857340887,4.062111722547002e-06,***,2020-02-17
9,temp_1,32.334928027405056,1.614243187006598,20.03101409234747,0.0,***,2020-02-17
2,sar1,0.9977804725479041,0.0009775514908039358,1020.6935204275859,0.0,***,2020-02-17
7,temperature,18.290376886808637,1.2515826516362463,14.613798667548535,0.0,***,2020-02-17
6,pv_capacity,42.1530995043611,3.4812385831609336,12.10864998114736,0.0,***,2020-02-17
5,rainfall,-0.8328602807852414,0.4318855684004427,-1.928428134030671,0.053801895213265505,.,2020-02-17
4,intercept,-13520.470031268242,0.019814225853248865,-682361.7602527399,0.0,***,2020-02-17
3,sma1,-1.0661170370222444,0.019600469557633286,-54.39242329819856,0.0,***,2020-02-17
1,ma1,0.3401515665796249,0.014069803790269625,24.175999299639592,0.0,***,2020-02-17
0,ar1,0.9908366626222463,0.002611005166540727,379.4847575636887,0.0,***,2020-02-17
8,solar_power,-0.46509747739501534,0.0809232293699259,-5.747391459983714,9.063074069004529e-09,***,2020-02-17
10,temp_9,22303.775626045714,13.272716292625608,1680.4228414373486,0.0,***,2020-02-18
17,cos_336_1,2709.8917031088936,1.6171337388379057,1675.7375336539938,0.0,***,2020-02-18
16,sin_336_1,1988.780977544927,1.1850711126835052,1678.1954738914199,0.0,***,2020-02-18
15,lag_48*7,-282.64240125770857,0.16859596375469307,-1676.4482076744905,0.0,***,2020-02-18
14,Weekends,28659.28060835163,17.27075423266201,1659.4110611655817,0.0,***,2020-02-18
13,Holidays,13923.144583324278,9.148814327678206,1521.8523498943612,0.0,***,2020-02-18
12,solar_16,-893.8122738117536,0.5342153909907109,-1673.1308923057506,0.0,***,2020-02-18
9,temp_1,65801.37956531794,39.17232543813415,1679.792527743591,0.0,***,2020-02-18
11,solar_4,-991.2489427024971,0.5903919851226689,-1678.9674786939054,0.0,***,2020-02-18
7,temperature,-2136.1328784223365,1.2857284283059833,-1661.4184079578974,0.0,***,2020-02-18
1,ma1,-187.51078831865672,0.11222657283584525,-1670.8234385178127,0.0,***,2020-02-18
2,sar1,1.0,0.0,inf,0.0,***,2020-02-18
3,sma1,-5242.590949526366,3.1061646558553977,-1687.80200999442,0.0,***,2020-02-18
0,ar1,1.0,0.0,inf,0.0,***,2020-02-18
5,rainfall,-6609.889250559596,3.9184281347664243,-1686.8726497528603,0.0,***,2020-02-18
8,solar_power,-69.71347803525484,0.07274479088520602,-958.3294856846215,0.0,***,2020-02-18
6,pv_capacity,-11333.344205433476,6.831484127602987,-1658.987123989716,0.0,***,2020-02-18
4,intercept,-15610.59310870634,0.020058770063744052,-778242.7865266909,0.0,***,2020-02-18
10,temp_9,6.484448475246571,1.6556948346266245,3.9164514738060885,8.986189346926743e-05,***,2020-02-19
16,sin_336_1,7.950800750838423,0.0666733555781536,119.25004646749184,0.0,***,2020-02-19
15,lag_48*7,0.14433350088236052,0.017657422309373262,8.174098028212338,2.220446049250313e-16,***,2020-02-19
14,Weekends,-310.82441797781496,6.843951739723645,-45.415927785365405,0.0,***,2020-02-19
13,Holidays,-1463.527448265638,1.5928228805718376,-918.8262336740282,0.0,***,2020-02-19
12,solar_16,0.3667355470884246,0.0748280823272895,4.901041636806421,9.532984763804819e-07,***,2020-02-19
11,solar_4,0.45130780823289207,0.0728254047099541,6.197120497034537,5.750546705485249e-10,***,2020-02-19
9,temp_1,26.436733711980327,1.5167100399064837,17.430314968845558,0.0,***,2020-02-19
17,cos_336_1,5.298664987585477,0.49072107173827195,10.797712372154953,0.0,***,2020-02-19
7,temperature,6.240278020635941,0.6977375208459887,8.943589579459285,0.0,***,2020-02-19
0,ar1,0.9987971403932174,9.376758913992001e-07,1065183.7693116032,0.0,***,2020-02-19
1,ma1,0.3813491188668964,0.015492093936326081,24.615724667967804,0.0,***,2020-02-19
2,sar1,0.9986169219451875,2.1820280494817095e-05,45765.54009845959,0.0,***,2020-02-19
8,solar_power,-0.4534741214481676,0.07542277604554641,-6.012429470566332,1.827633600015588e-09,***,2020-02-19
4,intercept,-13979.812199294167,0.019459420968095442,-718408.4368293728,0.0,***,2020-02-19
5,rainfall,-0.8921921216286502,0.4043661748515916,-2.206396521558951,0.02735624837989059,*,2020-02-19
6,pv_capacity,-16.9050297646937,4.740208492777047,-3.566305108826533,0.00036204983151111314,***,2020-02-19
3,sma1,-0.9440808655726993,0.005571997095868792,-169.4331223310692,0.0,***,2020-02-19
9,temp_1,31.087445168368202,1.850162256121378,16.80255073062562,0.0,***,2020-02-20
16,sin_336_1,6.134110830937066,0.021990620296745318,278.94214661352385,0.0,***,2020-02-20
15,lag_48*7,0.15683451117884317,0.020017097435514754,7.8350276149719935,4.6629367034256575e-15,***,2020-02-20
14,Weekends,-338.67164097968305,1.4804794565011907,-228.75808204732806,0.0,***,2020-02-20
13,Holidays,-1541.5519832173247,0.39189015092025226,-3933.6328805339717,0.0,***,2020-02-20
12,solar_16,0.3646462874134748,0.07557531280656261,4.824939174870482,1.4004600052963667e-06,***,2020-02-20
11,solar_4,0.4130992142265093,0.07318124851213316,5.644877924677919,1.6529849489188564e-08,***,2020-02-20
10,temp_9,16.948515941806757,0.07386035808672131,229.46701560676266,0.0,***,2020-02-20
17,cos_336_1,0.5216156451006939,0.05442859423534982,9.583485526839484,0.0,***,2020-02-20
8,solar_power,-0.49386815554351315,0.07508884946721937,-6.577117095916021,4.796563146669541e-11,***,2020-02-20
6,pv_capacity,25.305661693585133,0.251615312895194,100.57282047903725,0.0,***,2020-02-20
5,rainfall,-0.9506056614488332,0.4093082262029547,-2.322468986923017,0.02020769646227305,*,2020-02-20
4,intercept,-11218.64064489647,0.019302393836697764,-581204.6288045144,0.0,***,2020-02-20
3,sma1,-0.9306267630175276,0.009938284518858108,-93.64058366930865,0.0,***,2020-02-20
2,sar1,0.9975741484810424,3.9775593496955565e-05,25080.05690870199,0.0,***,2020-02-20
1,ma1,0.36537564650424353,0.015514145229410631,23.55112970140243,0.0,***,2020-02-20
0,ar1,0.9997226473590909,4.6084629198078025e-06,216931.90652834516,0.0,***,2020-02-20
7,temperature,18.604950675881657,1.4577887629557549,12.762446212137755,0.0,***,2020-02-20
11,solar_4,0.49320075116251216,0.07550099784544066,6.532373945204692,6.473532820905348e-11,***,2020-02-21
12,solar_16,0.4021404414250438,0.07436785275013812,5.407449947172193,6.392840012914291e-08,***,2020-02-21
13,Holidays,-0.04959758474674947,0.019442199419726646,-2.551027467418437,0.01074058606553785,*,2020-02-21
17,cos_336_1,12.052108938667516,0.4579183121562637,26.3193425960977,0.0,***,2020-02-21
15,lag_48*7,0.1605837904455042,0.020005613452871173,8.026936580765408,1.1102230246251565e-15,***,2020-02-21
16,sin_336_1,8.097564187733715,0.04339877282440052,186.585095861995,0.0,***,2020-02-21
10,temp_9,10.867396542861787,0.1350544884455341,80.46675581052222,0.0,***,2020-02-21
14,Weekends,-72.68507182362002,14.867869708339471,-4.8887347851084915,1.0148611013782727e-06,***,2020-02-21
9,temp_1,13.41357140762024,1.6446333686437262,8.155964522768963,4.440892098500626e-16,***,2020-02-21
2,sar1,0.9948751468301119,0.001641809468534134,605.9626076577399,0.0,***,2020-02-21
7,temperature,-1.4460648444057083,1.2929473207363438,-1.1184251834654508,0.26338544361861116,,2020-02-21
6,pv_capacity,37.2215024285795,0.7645704383930619,48.68289507348714,0.0,***,2020-02-21
5,rainfall,-0.05319086037198094,0.35647732517381275,-0.14921246490515466,0.8813859845303844,,2020-02-21
4,intercept,-10687.934968762655,0.01989510412619381,-537214.3267494119,0.0,***,2020-02-21
3,sma1,-0.8944487829913113,0.01725807966216237,-51.82782792180253,0.0,***,2020-02-21
8,solar_power,-0.37763572895148045,0.07401306309004464,-5.102284828990891,3.3557718492893684e-07,***,2020-02-21
1,ma1,0.4397061011864543,0.015094451506528358,29.130313280762884,0.0,***,2020-02-21
0,ar1,0.9953228053554751,0.0015730900067665171,632.7182812643753,0.0,***,2020-02-21
11,solar_4,0.39879914441286013,0.07665800206394191,5.202315918437505,1.968202765212368e-07,***,2020-02-22
12,solar_16,0.4328267064400171,0.07496490461235622,5.77372450052682,7.753817810041141e-09,***,2020-02-22
13,Holidays,-0.03763287278585037,0.019404022810073644,-1.9394366392062359,0.05244819273216095,.,2020-02-22
17,cos_336_1,-4.379653956839369,0.5862225602984235,-7.470974768712168,7.949196856316121e-14,***,2020-02-22
15,lag_48*7,0.210492786323349,0.019146394793694753,10.993860128313452,0.0,***,2020-02-22
16,sin_336_1,7.925697817673592,0.02755782645543978,287.60242867808245,0.0,***,2020-02-22
10,temp_9,21.56612665499721,1.5584030691550148,13.838606379728594,0.0,***,2020-02-22
14,Weekends,-191.4019441290954,11.024745391735095,-17.361121488808568,0.0,***,2020-02-22
9,temp_1,32.836698364403944,1.3775056062942725,23.837796531906918,0.0,***,2020-02-22
8,solar_power,-0.4537126178706334,0.07589900276352811,-5.977846893248731,2.2610608940709653e-09,***,2020-02-22
7,temperature,30.359374831745484,1.7698973902522066,17.153183568127268,0.0,***,2020-02-22
6,pv_capacity,42.280447213693094,1.6229841830072438,26.051053150346313,0.0,***,2020-02-22
5,rainfall,-0.17661698537296394,0.3556704628063761,-0.49657478998786775,0.6194889345002312,,2020-02-22
4,intercept,-6309.932714235256,0.0204485427795513,-308576.15538967587,0.0,***,2020-02-22
3,sma1,-0.7978718425660961,0.0127935489257785,-62.36516913289131,0.0,***,2020-02-22
2,sar1,0.9702967301728826,0.005362062488791815,180.9558788621113,0.0,***,2020-02-22
1,ma1,0.41263148811120076,0.014433279080549847,28.588894166624904,0.0,***,2020-02-22
0,ar1,0.9999195983781805,3.500568721849307e-05,28564.489882373608,0.0,***,2020-02-22
16,sin_336_1,7.445715300484152,0.08584403350650925,86.7353850506054,0.0,***,2020-02-23
15,lag_48*7,0.1638319948801786,0.018270838702459907,8.966856833896792,0.0,***,2020-02-23
14,Weekends,-206.2972412203117,7.406328057469207,-27.85418626066165,0.0,***,2020-02-23
13,Holidays,0.014632236128994336,0.019310356316988107,0.7577403486916376,0.4486064390317295,,2020-02-23
12,solar_16,0.32316420758871,0.06856725738725722,4.71309805733557,2.4397871669634696e-06,***,2020-02-23
11,solar_4,0.37236364020469076,0.07360759590719497,5.058766498421844,4.2197720273584594e-07,***,2020-02-23
10,temp_9,19.281916479234884,1.8251762389754334,10.564413489219445,0.0,***,2020-02-23
9,temp_1,30.059723454545075,1.4099215728602132,21.320138675206547,0.0,***,2020-02-23
17,cos_336_1,4.206691460093223,0.031638186097035344,132.96247285451713,0.0,***,2020-02-23
7,temperature,37.27162081146217,1.4521899002725265,25.6658036283461,0.0,***,2020-02-23
0,ar1,0.9957484726947121,0.0011502016271248093,865.716452848195,0.0,***,2020-02-23
1,ma1,0.4138051838762641,0.014231540638031805,29.07662595365308,0.0,***,2020-02-23
2,sar1,0.9962957980866384,0.00046840094775901114,2127.014906466896,0.0,***,2020-02-23
8,solar_power,-0.529498829350263,0.06731059569424276,-7.866500420758457,3.552713678800501e-15,***,2020-02-23
4,intercept,-4027.0011453484694,0.021278893889217373,-189248.6125601231,0.0,***,2020-02-23
5,rainfall,-0.2634178647038786,0.3211578801819458,-0.8202129885607798,0.41209469880734684,,2020-02-23
6,pv_capacity,-8.88589375925183,2.0250085521112875,-4.388077151569231,1.1435721186892067e-05,***,2020-02-23
3,sma1,-0.9074872105786073,0.008839341706436594,-102.66456945745146,0.0,***,2020-02-23
10,temp_9,31.09867781251951,2.1501376259740246,14.463575464585265,0.0,***,2020-02-24
16,sin_336_1,10.023160504589873,0.42868631104351496,23.381106992176488,0.0,***,2020-02-24
15,lag_48*7,0.17929923476900128,0.020801293445913725,8.61961950756593,0.0,***,2020-02-24
14,Weekends,-205.95347789532678,42.014828278556635,-4.901923590639558,9.490275170165319e-07,***,2020-02-24
13,Holidays,-0.011218655290669899,0.01936856199359234,-0.5792198354416472,0.5624408484771812,,2020-02-24
12,solar_16,0.33639776544231736,0.07724732865890906,4.354814221831606,1.3317981720550875e-05,***,2020-02-24
11,solar_4,0.34585076331253256,0.08449498527041921,4.093151353369266,4.2554974533537404e-05,***,2020-02-24
9,temp_1,33.15351197047787,2.145554690115417,15.452186850895153,0.0,***,2020-02-24
17,cos_336_1,12.231258461146169,2.9906424535448544,4.089843119376664,4.3166505794500765e-05,***,2020-02-24
7,temperature,35.17488954714818,8.259531337085079,4.258702838163934,2.0561659233697682e-05,***,2020-02-24
0,ar1,0.9999000759515786,0.00030917369194232493,3234.104653827098,0.0,***,2020-02-24
1,ma1,0.3952373590929833,0.018160336505915416,21.76376847225499,0.0,***,2020-02-24
2,sar1,0.9903004156753936,0.005858146977143667,169.04670018338243,0.0,***,2020-02-24
8,solar_power,-0.40098820293803816,0.07606283758040606,-5.271801785124744,1.3509093133023953e-07,***,2020-02-24
4,intercept,-3844.8470818402343,0.01957782384019754,-196387.86788682433,0.0,***,2020-02-24
5,rainfall,-0.8570300757983191,1.5400723840235224,-0.5564868798953992,0.5778780610886893,,2020-02-24
6,pv_capacity,-1.2343763440863493,3.9775187168663506,-0.31033828674446584,0.7563037187777955,,2020-02-24
3,sma1,-0.8763143985858134,0.023474130119206387,-37.33107016684799,0.0,***,2020-02-24
9,temp_1,29.202979800035497,0.019288899219259692,1513.978556685948,0.0,***,2020-02-25
16,sin_336_1,5.388183319468627,0.019291802862053935,279.29910739793684,0.0,***,2020-02-25
15,lag_48*7,0.18415444579684404,0.01833108726828446,10.046018716819866,0.0,***,2020-02-25
14,Weekends,-348.56418273044767,0.01949476604211679,-17879.885399876268,0.0,***,2020-02-25
13,Holidays,-0.0012296602684807034,0.019287918755095293,-0.06375287474476031,0.9491670023830874,,2020-02-25
12,solar_16,0.32218011855670703,0.02225700559011547,14.475447618155338,0.0,***,2020-02-25
11,solar_4,0.40825423881664763,0.01929301793398663,21.16072457992515,0.0,***,2020-02-25
10,temp_9,18.70014507827541,0.019319006233335864,967.9662013881137,0.0,***,2020-02-25
17,cos_336_1,4.273037677345356,0.019288157863662114,221.53684698918485,0.0,***,2020-02-25
8,solar_power,-0.36418007125123314,0.034375302679582116,-10.594236060866601,0.0,***,2020-02-25
6,pv_capacity,49.3704575855432,0.01949084784052648,2533.0071831400446,0.0,***,2020-02-25
5,rainfall,-0.7337693572513574,0.020669260728890092,-35.50051290541535,0.0,***,2020-02-25
4,intercept,-3557.5042014285054,0.019287918936212112,-184442.09627765842,0.0,***,2020-02-25
3,sma1,-0.9105467126522117,0.00961724710479283,-94.67851899099418,0.0,***,2020-02-25
2,sar1,0.9955234059709185,0.00032166267564624345,3094.929817302677,0.0,***,2020-02-25
1,ma1,0.38601049907233304,0.01845884263687694,20.91195567706743,0.0,***,2020-02-25
0,ar1,0.9981184317378641,0.00029936967515607207,3334.066589134352,0.0,***,2020-02-25
7,temperature,23.61137932708607,0.019554153115603344,1207.486674953222,0.0,***,2020-02-25
10,temp_9,27.85285855925171,2.1093011799251413,13.20478024870787,0.0,***,2020-02-26
16,sin_336_1,21.763359774888087,0.970010285226937,22.436215477649785,0.0,***,2020-02-26
15,lag_48*7,0.18406037937847203,0.015559030345280424,11.82981042480605,0.0,***,2020-02-26
14,Weekends,-146.76308224990237,11.542444541300117,-12.715077965050485,0.0,***,2020-02-26
13,Holidays,-0.002551659897299885,0.019288588776104017,-0.13228857367009922,0.8947560448353702,,2020-02-26
12,solar_16,0.31421361589315744,0.06367123240844644,4.934938495889312,8.017602122212253e-07,***,2020-02-26
11,solar_4,0.38342523315588456,0.06386512354075316,6.003671673964836,1.929046034021553e-09,***,2020-02-26
9,temp_1,22.425119140434166,1.257758553416366,17.829430839108433,0.0,***,2020-02-26
17,cos_336_1,11.576486938514108,0.5687152172271353,20.355507621120424,0.0,***,2020-02-26
7,temperature,31.20874343802839,1.3725713442608838,22.737428963908606,0.0,***,2020-02-26
0,ar1,0.9980373471527063,3.540451099889756e-05,28189.55322342352,0.0,***,2020-02-26
1,ma1,0.3977768464758319,0.0148784323375674,26.735131595246262,0.0,***,2020-02-26
2,sar1,0.9959389534507914,9.588766245431867e-05,10386.518223084868,0.0,***,2020-02-26
8,solar_power,-0.39679370648066564,0.07005300121417568,-5.664192819769895,1.477182265396948e-08,***,2020-02-26
4,intercept,-7.498425029217313,0.021360331944661737,-351.04440551970356,0.0,***,2020-02-26
5,rainfall,-0.415525435699303,0.29015731386172416,-1.4320694873034412,0.15212393581478478,,2020-02-26
6,pv_capacity,-21.882386034302392,2.5689371861415675,-8.518069710831968,0.0,***,2020-02-26
3,sma1,-0.9125561565414554,0.005494545286390217,-166.0840176896572,0.0,***,2020-02-26
10,temp_9,8.317110876633535,1.9552412305815126,4.25375178599314,2.1021831694501003e-05,***,2020-02-27
17,cos_336_1,3.8333195257462305,0.16576658552994022,23.12480234476368,0.0,***,2020-02-27
16,sin_336_1,34.7276592641999,1.187291447216181,29.249481536841827,0.0,***,2020-02-27
15,lag_48*7,0.17624396633178924,0.020184565888154312,8.73162035331269,0.0,***,2020-02-27
14,Weekends,-47.06119083051278,15.001131372278126,-3.137176101096027,0.00170583636061572,**,2020-02-27
13,Holidays,-0.017863434290190605,0.019305445966339155,-0.9253054460040534,0.3548070467201554,,2020-02-27
12,solar_16,0.3777539108672059,0.07403528813681269,5.102349438677671,3.3546260591599264e-07,***,2020-02-27
11,solar_4,0.503937340656972,0.07237112090449738,6.963238020342113,3.325340003357269e-12,***,2020-02-27
9,temp_1,13.509139197279424,1.7224064612708683,7.84317726450688,4.440892098500626e-15,***,2020-02-27
2,sar1,0.9925477175099929,4.061235387614386e-05,24439.551584155437,0.0,***,2020-02-27
7,temperature,-3.9011317685998326,1.9349679887828926,-2.0161221225440893,0.04378720727297969,*,2020-02-27
6,pv_capacity,27.748862984679057,1.1207615755621718,24.75893498647139,0.0,***,2020-02-27
5,rainfall,-0.05454054936268557,0.3493365600885246,-0.1561260846813874,0.8759336378741476,,2020-02-27
4,intercept,1613.8056450545034,0.02058352588838572,78402.77966978899,0.0,***,2020-02-27
3,sma1,-0.8610685344347603,0.00715983513105737,-120.26373773603878,0.0,***,2020-02-27
8,solar_power,-0.3384974930776098,0.06818877974264709,-4.964123047151471,6.901218183585911e-07,***,2020-02-27
1,ma1,0.4088417677489773,0.012830613825021667,31.86455249332445,0.0,***,2020-02-27
0,ar1,0.9998700346558343,1.1659077743402268e-06,857589.3022255973,0.0,***,2020-02-27
17,cos_336_1,17.201239531027092,0.5321513795940807,32.32395929171134,0.0,***,2020-02-28
16,sin_336_1,16.98557382428638,0.4151799568447243,40.9113531235298,0.0,***,2020-02-28
15,lag_48*7,0.21062283287123976,0.024935600730730575,8.446671694244312,0.0,***,2020-02-28
14,Weekends,21.04889500232858,11.918081425100254,1.7661311625206924,0.07737384645745515,.,2020-02-28
13,Holidays,-0.003839590055969927,0.019288361036236563,-0.19906253562739648,0.842213826938971,,2020-02-28
12,solar_16,0.3663430143204247,0.07364903027769293,4.9741729516211155,6.552678806226453e-07,***,2020-02-28
11,solar_4,0.43280600203937947,0.069637852386333,6.2150969222640935,5.129296987149701e-10,***,2020-02-28
10,temp_9,10.01593190806759,2.201107500743131,4.550405604763076,5.354260338208405e-06,***,2020-02-28
9,temp_1,36.863489638057736,1.2544474506499992,29.386236640647407,0.0,***,2020-02-28
0,ar1,0.9979908849666752,0.0011506154263415454,867.3539934536167,0.0,***,2020-02-28
7,temperature,18.912894843172303,2.261827706795734,8.361775207876313,0.0,***,2020-02-28
6,pv_capacity,-38.21398435491211,2.1023528489510026,-18.17677007643103,0.0,***,2020-02-28
5,rainfall,-0.41401629132937395,0.37373330207902405,-1.1077853887418152,0.267954511761028,,2020-02-28
4,intercept,1152.1524950041826,0.021888131948108833,52638.228686469985,0.0,***,2020-02-28
3,sma1,-0.989165903537858,0.0015703133443235695,-629.9162565952419,0.0,***,2020-02-28
2,sar1,0.9999451708560458,2.265017803214516e-05,44147.342658275025,0.0,***,2020-02-28
1,ma1,0.4267531715738239,0.01494881673721384,28.547622134630714,0.0,***,2020-02-28
8,solar_power,-0.38470088580130135,0.06911119146217354,-5.566405059184355,2.6004836062298864e-08,***,2020-02-28
11,solar_4,0.39360696184657684,0.07285019227563777,5.402963939440488,6.554864118157866e-08,***,2020-02-29
12,solar_16,0.37742209935156135,0.07269959372069315,5.191529691370644,2.0857331750612218e-07,***,2020-02-29
13,Holidays,0.028407636059439856,0.019310298433544405,1.4711132589277975,0.14126048988872797,,2020-02-29
10,temp_9,13.4191486450049,2.115121251556397,6.344387412840051,2.233122575745483e-10,***,2020-02-29
15,lag_48*7,0.19115030960237434,0.01926478297127049,9.922266442733157,0.0,***,2020-02-29
16,sin_336_1,-25.75831415594741,1.8616038786470923,-13.836624671553158,0.0,***,2020-02-29
17,cos_336_1,6.362539691382304,0.06165157815316332,103.20157053523609,0.0,***,2020-02-29
14,Weekends,-116.78036656849255,8.612502385659372,-13.559400199754123,0.0,***,2020-02-29
9,temp_1,27.180061276112223,1.346678870003614,20.18303092261281,0.0,***,2020-02-29
0,ar1,0.9986633859318613,7.958368571256139e-06,125485.9431289488,0.0,***,2020-02-29
7,temperature,16.76151373873197,1.908218082521372,8.783856463923977,0.0,***,2020-02-29
6,pv_capacity,43.84591233296554,0.6189225008106525,70.8423304622744,0.0,***,2020-02-29
5,rainfall,-0.2711775759240682,0.38091235789213884,-0.7119159310679447,0.4765168363729273,,2020-02-29
4,intercept,1501.2817159554265,0.020429152292812395,73487.22523761417,0.0,***,2020-02-29
3,sma1,-0.9098659497277111,0.00877607536692353,-103.67572196986116,0.0,***,2020-02-29
2,sar1,0.9962570064814035,9.27683027278859e-06,107391.96225284947,0.0,***,2020-02-29
1,ma1,0.4130363611860166,0.01575979010903896,26.208239978343453,0.0,***,2020-02-29
8,solar_power,-0.3974340321319057,0.07355540425676718,-5.403192819721895,6.546502051563152e-08,***,2020-02-29
11,solar_4,0.41901971711218183,0.05626688262793514,7.447004304165035,9.547918011776346e-14,***,2020-03-01
12,solar_16,0.3360159426633018,0.06045918873678356,5.55773158197984,2.733032422597148e-08,***,2020-03-01
13,Holidays,-0.0018866384730109598,0.019288573243936135,-0.09781119884562088,0.9220822146344143,,2020-03-01
17,cos_336_1,1.9042695119632667,0.031567289039390094,60.32413836953478,0.0,***,2020-03-01
15,lag_48*7,0.19041010578282808,0.01817563682585193,10.476117431659958,0.0,***,2020-03-01
16,sin_336_1,8.640994808324614,0.1971307644010895,43.83382185209472,0.0,***,2020-03-01
10,temp_9,12.320723164557357,1.1421760247707615,10.787061623912274,0.0,***,2020-03-01
14,Weekends,-299.1771215955086,1.4049593054157994,-212.94362081680848,0.0,***,2020-03-01
9,temp_1,17.869966635749922,1.277628059785097,13.986830125471519,0.0,***,2020-03-01
0,ar1,0.9994373101995949,1.4904113245949716e-06,670578.1777867249,0.0,***,2020-03-01
7,temperature,11.099157270036228,1.650355512151254,6.725312933071233,1.752153977463422e-11,***,2020-03-01
6,pv_capacity,31.450518403614332,0.19149886067308053,164.2334491864442,0.0,***,2020-03-01
5,rainfall,-0.6859667858174139,0.042176535770247506,-16.264180385846526,0.0,***,2020-03-01
4,intercept,1665.5299323514862,0.01929434346672992,86322.18739256053,0.0,***,2020-03-01
3,sma1,-0.911619572994232,0.005966351062992875,-152.79348522561463,0.0,***,2020-03-01
2,sar1,0.9967311084403052,6.162044316169678e-06,161753.31712964253,0.0,***,2020-03-01
1,ma1,0.37332326912865677,0.013750316915004288,27.150157442646865,0.0,***,2020-03-01
8,solar_power,-0.3829922624048409,0.07077365603162443,-5.4115087997390585,6.249592265916704e-08,***,2020-03-01
17,cos_336_1,3.4875349127464275,0.019323427109553842,180.4822143077368,0.0,***,2020-03-02
16,sin_336_1,1.9634814705102048,0.03615014898335485,54.31461628039983,0.0,***,2020-03-02
15,lag_48*7,0.1895922670356313,0.01930512152206067,9.820827432708843,0.0,***,2020-03-02
14,Weekends,-305.945406870816,0.14353322607348204,-2131.530205516225,0.0,***,2020-03-02
13,Holidays,-0.0015705871720954612,0.019287922658572126,-0.0814285291318008,0.9351011614732407,,2020-03-02
12,solar_16,0.38509302661754496,0.05485986517255924,7.019576614092145,2.2253310305586638e-12,***,2020-03-02
11,solar_4,0.39455691339919713,0.03785825997910113,10.421950549682,0.0,***,2020-03-02
10,temp_9,12.51659850889783,0.09388573224827827,133.3173657931114,0.0,***,2020-03-02
9,temp_1,13.361021782448736,0.08635617501117814,154.71993497534203,0.0,***,2020-03-02
7,temperature,11.14666375137117,0.06941038104115539,160.5907298616038,0.0,***,2020-03-02
6,pv_capacity,26.8031351111088,0.09605392693564384,279.0425750013002,0.0,***,2020-03-02
5,rainfall,-0.818353190831312,0.1838828469160461,-4.450405269203499,8.570839424182353e-06,***,2020-03-02
4,intercept,4159.967449414523,0.019288107755650822,215675.2493357354,0.0,***,2020-03-02
3,sma1,-0.9080414436294523,0.007086817629627331,-128.13105840811693,0.0,***,2020-03-02
2,sar1,0.9960650016853089,0.0008361140521836088,1191.302788278668,0.0,***,2020-03-02
1,ma1,0.37791933757363466,0.012454221039665425,30.34467883378656,0.0,***,2020-03-02
0,ar1,0.9979222825301627,0.0010645437103776996,937.417855933882,0.0,***,2020-03-02
8,solar_power,-0.3745765976392873,0.06276477401478571,-5.967943062314651,2.402631649189857e-09,***,2020-03-02
11,solar_4,0.4066049035939874,0.060670066709274335,6.70190302480468,2.0572210601699226e-11,***,2020-03-03
12,solar_16,0.3686081763728355,0.06433749669501257,5.729289998959657,1.0085185353503334e-08,***,2020-03-03
13,Holidays,-0.000850146299791632,0.019288131405178467,-0.04407613583363421,0.9648437151396625,,2020-03-03
10,temp_9,15.071003301709968,1.1375823210700557,13.24827489190723,0.0,***,2020-03-03
15,lag_48*7,0.20655540204362838,0.018406289314013478,11.22200126922753,0.0,***,2020-03-03
16,sin_336_1,-4.230902069999394,0.5900754242306815,-7.170103848191081,7.494005416219807e-13,***,2020-03-03
17,cos_336_1,0.933456765788505,0.07611961893410034,12.26302468219966,0.0,***,2020-03-03
14,Weekends,-312.61309435199854,1.157353571653467,-270.1102774542615,0.0,***,2020-03-03
9,temp_1,16.86745953829745,1.74692703102169,9.65550320005783,0.0,***,2020-03-03
8,solar_power,-0.33899797183402963,0.065790708599702,-5.152672452528732,2.5680027815333517e-07,***,2020-03-03
7,temperature,12.173056216811107,0.5578248635770238,21.822362199404306,0.0,***,2020-03-03
6,pv_capacity,23.280453961198035,0.6375240299021863,36.516982684981926,0.0,***,2020-03-03
5,rainfall,-0.9852509917514104,0.3418361935542495,-2.882231344513994,0.003948697014517055,**,2020-03-03
4,intercept,3870.334782474777,0.019292166361070666,200616.908958688,0.0,***,2020-03-03
3,sma1,-0.9092703694590795,0.007371311022248685,-123.35259856959588,0.0,***,2020-03-03
2,sar1,0.9959059580879361,0.0005017898102572645,1984.7074167913881,0.0,***,2020-03-03
1,ma1,0.382149229890117,0.01332280379555879,28.683844313425077,0.0,***,2020-03-03
0,ar1,0.9979968288789968,0.0001018414828700481,9799.51195479412,0.0,***,2020-03-03
11,solar_4,0.398586114789653,0.06824891240256703,5.840182660180546,5.214362053251875e-09,***,2020-03-04
12,solar_16,0.4490677811993318,0.0742369224816801,6.049116345173805,1.4564245365278339e-09,***,2020-03-04
13,Holidays,7.172272936895041e-05,0.019288047440960767,0.00371850647861004,0.9970330679289117,,2020-03-04
17,cos_336_1,-4.519022158062254,0.31942094491346057,-14.147544893421356,0.0,***,2020-03-04
15,lag_48*7,0.21543397053492583,0.019432622668188102,11.08620149804066,0.0,***,2020-03-04
16,sin_336_1,46.795072391652184,2.3059369881397846,20.293300568200735,0.0,***,2020-03-04
10,temp_9,17.226463178575344,1.0188956106515215,16.90699518036011,0.0,***,2020-03-04
14,Weekends,-149.50187436351882,8.35598852798418,-17.891584444238703,0.0,***,2020-03-04
9,temp_1,10.130836984024366,1.6575252205344868,6.112025843418279,9.8374242085697e-10,***,2020-03-04
0,ar1,0.9999706398968357,7.675098181069259e-06,130287.66750675291,0.0,***,2020-03-04
7,temperature,1.1503694177679735,1.4772557711740284,0.7787205440082549,0.4361443515464807,,2020-03-04
6,pv_capacity,15.283634726658207,0.6677370906573452,22.888701167719212,0.0,***,2020-03-04
5,rainfall,-0.074996331991679,0.34256717464132264,-0.21892445494873305,0.8267088962228344,,2020-03-04
4,intercept,602.4652056502549,0.02012346505930682,29938.44270232294,0.0,***,2020-03-04
3,sma1,-0.8401916906017348,0.0163255054585235,-51.464972569230504,0.0,***,2020-03-04
2,sar1,0.9848215953719651,0.005644928681901397,174.46129984413636,0.0,***,2020-03-04
1,ma1,0.4052367782100937,0.014984585035721712,27.043576932164008,0.0,***,2020-03-04
8,solar_power,-0.28325529440656516,0.07312989892055058,-3.8733171874652523,0.00010736394862709275,***,2020-03-04
11,solar_4,0.38542840679965923,0.07138056914184016,5.399626417012386,6.67798127906849e-08,***,2020-03-05
12,solar_16,0.4495617842001902,0.07461152459317802,6.025366545603267,1.6872678809676245e-09,***,2020-03-05
13,Holidays,-0.00020862715290714817,0.019288372142710015,-0.010816213590424643,0.9913700784399546,,2020-03-05
17,cos_336_1,0.1988649647614658,0.2326982486872284,0.854604475467118,0.39277014912841945,,2020-03-05
15,lag_48*7,0.21492865243947784,0.0190238038514193,11.297879967546173,0.0,***,2020-03-05
16,sin_336_1,9.84007717744023,1.186615631213432,8.292556509960836,0.0,***,2020-03-05
10,temp_9,20.288802504732114,1.37498611241735,14.755641763583027,0.0,***,2020-03-05
14,Weekends,-279.3551346399309,7.971389022898923,-35.04472480736349,0.0,***,2020-03-05
9,temp_1,20.165474020396015,1.3089309748089186,15.40606373329948,0.0,***,2020-03-05
8,solar_power,-0.39908719213929916,0.07114120982725113,-5.6097892221454195,2.0257318711358607e-08,***,2020-03-05
7,temperature,13.878539949804205,1.0886497392421695,12.748397808339467,0.0,***,2020-03-05
6,pv_capacity,11.35322317156944,0.6744244246180809,16.833944259949725,0.0,***,2020-03-05
5,rainfall,-1.6274739030253937,0.284899179863288,-5.712455556405445,1.1135750543900258e-08,***,2020-03-05
4,intercept,-1593.6766748940972,0.01931495400034633,-82509.99069764916,0.0,***,2020-03-05
3,sma1,-0.9191070515988365,0.011189698818280774,-82.13867652070115,0.0,***,2020-03-05
2,sar1,0.9962405489621762,0.0009899869604538883,1006.3168392697019,0.0,***,2020-03-05
1,ma1,0.3811205710553684,0.01321802432054727,28.833399138396256,0.0,***,2020-03-05
0,ar1,0.9995989427888378,0.00020317832867742323,4919.810834628207,0.0,***,2020-03-05
17,cos_336_1,8.572085181089376,0.43527135313886167,19.693658034864246,0.0,***,2020-03-06
16,sin_336_1,47.338985242505,2.388159380948589,19.82237266915649,0.0,***,2020-03-06
15,lag_48*7,0.19476219873012354,0.019088152415505565,10.203302786492609,0.0,***,2020-03-06
14,Weekends,-124.88449977792821,11.370889348636508,-10.982826052467322,0.0,***,2020-03-06
13,Holidays,0.019185196939921934,0.01930867648908163,0.9936049708415012,0.3204152232040234,,2020-03-06
12,solar_16,0.45547805037355715,0.07444816788213127,6.118055868005841,9.472385098518998e-10,***,2020-03-06
11,solar_4,0.39812272539323557,0.07100041222797973,5.607329773169176,2.0547193502196137e-08,***,2020-03-06
10,temp_9,11.519986536620394,2.6123424012538705,4.409830247019318,1.0345168141911998e-05,***,2020-03-06
9,temp_1,17.926239171328934,0.9640323795662958,18.59505920267293,0.0,***,2020-03-06
0,ar1,0.9996584670176376,0.00010135019855587698,9863.40906344155,0.0,***,2020-03-06
7,temperature,16.753242672948076,1.6866308605681737,9.93296343890235,0.0,***,2020-03-06
6,pv_capacity,8.537822901502421,1.4857615068104362,5.746428927096801,9.114791588160642e-09,***,2020-03-06
5,rainfall,0.13268186745110283,0.3390544704627802,0.3913290606963639,0.6955540208108912,,2020-03-06
4,intercept,-3477.414025362814,0.019491058970328125,-178410.7282552782,0.0,***,2020-03-06
3,sma1,-0.9088948045884313,0.007526934925316721,-120.75231333957448,0.0,***,2020-03-06
2,sar1,0.9975238363803469,0.0003882356639789539,2569.3771307790576,0.0,***,2020-03-06
1,ma1,0.4177518295638474,0.01696466362296468,24.624822445541813,0.0,***,2020-03-06
8,solar_power,-0.42942364187955984,0.07132482435705105,-6.020675771031293,1.736903731952566e-09,***,2020-03-06
11,solar_4,0.3347361079396623,0.07158783916563961,4.67587947675235,2.926964808303012e-06,***,2020-03-07
12,solar_16,0.4149217839391466,0.07456872982842426,5.564286596993715,2.6322703128300873e-08,***,2020-03-07
13,Holidays,0.009869806452370122,0.01929502669841847,0.5115207460780092,0.6089864652532284,,2020-03-07
17,cos_336_1,1.3739896121979198,0.1754815162737959,7.8298252794564736,4.884981308350689e-15,***,2020-03-07
15,lag_48*7,0.19808594497382062,0.018446181516941492,10.73858808078479,0.0,***,2020-03-07
16,sin_336_1,51.95240227016194,2.479285447464513,20.954586864248334,0.0,***,2020-03-07
10,temp_9,12.85396111089074,1.9901536099667436,6.458778380984137,1.0555156748637273e-10,***,2020-03-07
14,Weekends,-107.84323842494489,16.578217331592953,-6.505116700299799,7.763301113072885e-11,***,2020-03-07
9,temp_1,25.035926103704494,1.019199420677623,24.564305665577358,0.0,***,2020-03-07
0,ar1,0.9941997873972787,0.001312380214805894,757.5546904631785,0.0,***,2020-03-07
7,temperature,16.677472099275185,0.47863102171710475,34.84411026983625,0.0,***,2020-03-07
6,pv_capacity,4.445513859645214,1.6467533507883385,2.6995626622025966,0.006943067926780566,**,2020-03-07
5,rainfall,-0.1982691954749797,0.3626811251021529,-0.5466763549361305,0.584601101548996,,2020-03-07
4,intercept,-3356.0831377879053,0.020378115186965008,-164690.55685457334,0.0,***,2020-03-07
3,sma1,-0.8568855094977932,0.014653513549014107,-58.47645389835155,0.0,***,2020-03-07
2,sar1,0.9887427612889343,0.002859441581378954,345.7817665266367,0.0,***,2020-03-07
1,ma1,0.4074671773741689,0.015404496133713615,26.45118502009318,0.0,***,2020-03-07
8,solar_power,-0.4244765873662799,0.07426464215652091,-5.71572924934653,1.0923454585309855e-08,***,2020-03-07
17,cos_336_1,10.271012556723107,0.5349183487497021,19.201084765049064,0.0,***,2020-03-08
16,sin_336_1,39.31444005977424,2.500497587101359,15.722646669436923,0.0,***,2020-03-08
15,lag_48*7,0.20289895951256684,0.019443828553968236,10.435134158347521,0.0,***,2020-03-08
14,Weekends,-80.5498387582996,14.489766255256665,-5.5590847594989565,2.7119298140476644e-08,***,2020-03-08
13,Holidays,-0.015624419793942135,0.019315037263324952,-0.8089251695936153,0.41855819026749996,,2020-03-08
12,solar_16,0.40728455579867595,0.07240086171254152,5.625410335801635,1.8506751686686584e-08,***,2020-03-08
11,solar_4,0.3362328260510232,0.06906881283009514,4.868084628559267,1.1268507584816234e-06,***,2020-03-08
10,temp_9,10.799415470506247,1.5798054982342578,6.835914599978738,8.148370866933874e-12,***,2020-03-08
9,temp_1,20.47334090435272,1.0166970466911327,20.13711062797295,0.0,***,2020-03-08
7,temperature,13.44538763778596,1.6438285729733173,8.179312526163399,2.220446049250313e-16,***,2020-03-08
6,pv_capacity,9.176767645591283,1.4496351452652387,6.330398152641516,2.4452928570894983e-10,***,2020-03-08
5,rainfall,-0.2567690008706813,0.3427394410311401,-0.7491667725727315,0.45375669346655667,,2020-03-08
4,intercept,-2260.548450894817,0.01948433656115463,-116018.75402838239,0.0,***,2020-03-08
3,sma1,-0.8925862181372032,0.020323360942789394,-43.91922284162784,0.0,***,2020-03-08
2,sar1,0.9934335851653947,0.0020349430964184106,488.18740283887126,0.0,***,2020-03-08
1,ma1,0.3995879519892714,0.013466546108305891,29.672638312418776,0.0,***,2020-03-08
0,ar1,0.9920675512123635,0.0017091758897309387,580.4361956969428,0.0,***,2020-03-08
8,solar_power,-0.422610106153144,0.06658582541383946,-6.346847899332446,2.1977131225980884e-10,***,2020-03-08
10,temp_9,19.836942847891375,1.4207219611253479,13.96257916093492,0.0,***,2020-03-09
11,solar_4,0.35921400862851943,0.06593328193709662,5.4481439126786695,5.089816901282518e-08,***,2020-03-09
12,solar_16,0.3853078419483529,0.06476666048508425,5.949169511944949,2.6950641718315183e-09,***,2020-03-09
17,cos_336_1,-0.07075421366661888,7.891048405873703,-0.008966389512191177,0.9928459521018469,,2020-03-09
14,Weekends,-250.84144183143715,62.66523867789551,-4.002880179245512,6.257599835945982e-05,***,2020-03-09
15,lag_48*7,0.22031582083031667,0.01922947843636166,11.457191704883382,0.0,***,2020-03-09
16,sin_336_1,15.294352445507547,14.739496636063803,1.0376441491282784,0.29943575577199644,,2020-03-09
13,Holidays,0.005787308004419955,0.019710128984598466,0.2936210112547802,0.7690475184843741,,2020-03-09
9,temp_1,18.148838601343247,0.9411275605821565,19.284143150708346,0.0,***,2020-03-09
8,solar_power,-0.42857207190291174,0.08299611201206024,-5.16376082581598,2.420369238365083e-07,***,2020-03-09
6,pv_capacity,-3.9788836831982697,20.983014016219286,-0.1896240301856875,0.8496037554829652,,2020-03-09
5,rainfall,-2.1612332613921508,1.4220519902187903,-1.5197990483172374,0.12856148839206538,,2020-03-09
4,intercept,-2941.429667413301,0.026156134262637295,-112456.59002503988,0.0,***,2020-03-09
3,sma1,-0.9011265065463822,0.012747839155262064,-70.6885689073363,0.0,***,2020-03-09
2,sar1,0.994892899712742,0.0012207533997037948,814.982698351808,0.0,***,2020-03-09
1,ma1,0.36596500441704327,0.014046897091105067,26.05308503675048,0.0,***,2020-03-09
0,ar1,0.9997446119829725,0.001181122331122836,846.4361274353043,0.0,***,2020-03-09
7,temperature,14.363610878094912,9.203302090423648,1.56070188036539,0.11859410740452736,,2020-03-09
17,cos_336_1,2.018862819133135,0.23174933396514236,8.711407211365682,0.0,***,2020-03-10
16,sin_336_1,19.954334583694525,1.5277565935365853,13.061200107474239,0.0,***,2020-03-10
15,lag_48*7,0.20662613461334098,0.019262976123133015,10.7265945455439,0.0,***,2020-03-10
14,Weekends,-233.06797743107893,6.727716670449555,-34.642953746074596,0.0,***,2020-03-10
13,Holidays,0.001558957519532278,0.019292015879034275,0.08080843024945285,0.9355943036288379,,2020-03-10
12,solar_16,0.41113048206668434,0.06927929411029032,5.934391903765335,2.9493656406032187e-09,***,2020-03-10
11,solar_4,0.3630147663501898,0.06699303578644222,5.4186940789994065,6.00359439939524e-08,***,2020-03-10
10,temp_9,16.34349506035492,1.4307080182782392,11.423361616455617,0.0,***,2020-03-10
9,temp_1,16.652328413285513,1.092431152457006,15.243366482027238,0.0,***,2020-03-10
0,ar1,0.9994181171115015,0.00022413666788560725,4458.967497551874,0.0,***,2020-03-10
7,temperature,19.0871977973601,0.9707867778943854,19.661575777494416,0.0,***,2020-03-10
6,pv_capacity,-17.388759120853173,3.0381076859809837,-5.723549300471377,1.0432127606208041e-08,***,2020-03-10
5,rainfall,-0.8873033980341593,0.3512899073541501,-2.525843696214225,0.01154208204565288,*,2020-03-10
4,intercept,-2745.8145003588525,0.020250807833118292,-135590.36868980265,0.0,***,2020-03-10
3,sma1,-0.9162488853900463,0.00960295063190989,-95.4132662460452,0.0,***,2020-03-10
2,sar1,0.9963619885411453,0.0006043826479531671,1648.5615394741646,0.0,***,2020-03-10
1,ma1,0.37362874377326233,0.014757399843912063,25.318060615359492,0.0,***,2020-03-10
8,solar_power,-0.4416594554301541,0.06896606005698051,-6.404011698874059,1.5134649089532104e-10,***,2020-03-10
11,solar_4,0.3132529549644152,0.07100064272353258,4.411973511059359,1.0243264776610417e-05,***,2020-03-11
12,solar_16,0.42195339893216577,0.0756851004067688,5.575118440279282,2.4736151127413564e-08,***,2020-03-11
13,Holidays,-0.00676569813396144,0.019297549210452326,-0.3505988278706845,0.7258893360121839,,2020-03-11
10,temp_9,21.865412802185705,1.5427202890811922,14.17328400808693,0.0,***,2020-03-11
15,lag_48*7,0.20913049572899123,0.01876394207016731,11.14533902028437,0.0,***,2020-03-11
16,sin_336_1,24.695871810233566,1.592695646294935,15.505706860995831,0.0,***,2020-03-11
17,cos_336_1,-3.2627570445014897,0.6048474800759608,-5.394346760098482,6.877329083998518e-08,***,2020-03-11
14,Weekends,-194.42093037479722,9.810560406880676,-19.817515239846983,0.0,***,2020-03-11
9,temp_1,19.68641990306552,0.8731406159214835,22.546677527180577,0.0,***,2020-03-11
0,ar1,0.9996755017016135,4.484722275378011e-06,222906.8915125524,0.0,***,2020-03-11
7,temperature,25.99772964536125,1.5886116631405518,16.36506280834293,0.0,***,2020-03-11
6,pv_capacity,10.456658470809968,1.4392320019877234,7.265443275558267,3.7192471324942744e-13,***,2020-03-11
5,rainfall,-0.5710765274061679,0.3063783505486384,-1.8639584891802201,0.062327533966894944,.,2020-03-11
4,intercept,-2802.537517902266,0.019396224759290915,-144488.8143276352,0.0,***,2020-03-11
3,sma1,-0.8847304805331037,0.009443690109894773,-93.68482767198317,0.0,***,2020-03-11
2,sar1,0.9925830658613612,1.678864323424494e-05,59122.29189769915,0.0,***,2020-03-11
1,ma1,0.3810314200777792,0.015236683285832213,25.00750412211299,0.0,***,2020-03-11
8,solar_power,-0.4468094236161378,0.07192981318519365,-6.2117417497771426,5.240050615640257e-10,***,2020-03-11
11,solar_4,0.3144681528380554,0.07321465893374973,4.295152875363531,1.7457299537726456e-05,***,2020-03-12
12,solar_16,0.4478319968700033,0.07405432996707645,6.047343849699313,1.4725327623921203e-09,***,2020-03-12
13,Holidays,-0.003780228452694878,0.019292516456049316,-0.195942735687524,0.844654987314521,,2020-03-12
17,cos_336_1,4.72052725391352,0.4822049975535886,9.789461490159933,0.0,***,2020-03-12
15,lag_48*7,0.2114839240468651,0.018892431140142524,11.194108501870113,0.0,***,2020-03-12
16,sin_336_1,30.566215463136693,3.1873962880601963,9.589712950860859,0.0,***,2020-03-12
10,temp_9,23.945994299903376,1.1028879478394447,21.71208267060451,0.0,***,2020-03-12
14,Weekends,-204.34588288994541,13.059251072525633,-15.647595850259224,0.0,***,2020-03-12
9,temp_1,18.36351975073701,1.8993928043972688,9.668100094000447,0.0,***,2020-03-12
8,solar_power,-0.353124278529805,0.07326561763329537,-4.819781637510261,1.437154367955884e-06,***,2020-03-12
7,temperature,15.591744524406739,1.3486544813706336,11.560962974416467,0.0,***,2020-03-12
6,pv_capacity,12.979337432395456,1.3214602046424684,9.821966175596728,0.0,***,2020-03-12
5,rainfall,-2.1605326608415054,0.2478868671143523,-8.715801228166047,0.0,***,2020-03-12
4,intercept,-3047.189285096411,0.024967719609686852,-122045.15801732159,0.0,***,2020-03-12
3,sma1,-0.8698153299762744,0.012506118639464957,-69.5511817096825,0.0,***,2020-03-12
2,sar1,0.9907888289534391,0.0023007988347026986,430.62818618015575,0.0,***,2020-03-12
1,ma1,0.3779550128347061,0.01506083167118288,25.095228542914953,0.0,***,2020-03-12
0,ar1,0.9844635264308074,0.0033989356582514703,289.6387650177672,0.0,***,2020-03-12
16,sin_336_1,15.451795834213792,0.180386756899025,85.65925847241233,0.0,***,2020-03-13
15,lag_48*7,0.20705377271095568,0.018979412713544558,10.909387757988572,0.0,***,2020-03-13
14,Weekends,-254.6250164734063,1.353291404504798,-188.1523932139211,0.0,***,2020-03-13
13,Holidays,0.002606345783732422,0.019290714854698507,0.13510882325325607,0.8925258341994415,,2020-03-13
12,solar_16,0.41625640469408687,0.07206618867658136,5.776029124589374,7.648414124261649e-09,***,2020-03-13
11,solar_4,0.37298319152334725,0.0717504542762685,5.19833909465172,2.010770723259725e-07,***,2020-03-13
10,temp_9,19.93333203047637,0.962113253555191,20.718280261516956,0.0,***,2020-03-13
9,temp_1,15.438875207864516,1.012216958848618,15.252535608004445,0.0,***,2020-03-13
17,cos_336_1,6.323362307938927,0.08637742219682741,73.20619378441211,0.0,***,2020-03-13
7,temperature,14.52693643913301,1.1439663462757554,12.698744579703975,0.0,***,2020-03-13
0,ar1,0.9979965946633924,3.398636483606863e-05,29364.61723627032,0.0,***,2020-03-13
1,ma1,0.37072325901920683,0.012407245210240527,29.879578644357267,0.0,***,2020-03-13
2,sar1,0.9935692566668481,2.138028208042134e-05,46471.288495145425,0.0,***,2020-03-13
8,solar_power,-0.45821427396041603,0.07033974239311672,-6.514301280768635,7.30286942030034e-11,***,2020-03-13
4,intercept,-3310.207126188027,0.01930076939753261,-171506.48546742392,0.0,***,2020-03-13
5,rainfall,-0.8602276309363821,0.3131413721963998,-2.747090315478512,0.006012657475307659,**,2020-03-13
6,pv_capacity,-17.780109651253603,0.5635323193204436,-31.55118001518424,0.0,***,2020-03-13
3,sma1,-0.8839439991468151,0.00737622689981566,-119.83687746494157,0.0,***,2020-03-13
9,temp_1,18.468641896505357,0.6158130004004102,29.990665810070247,0.0,***,2020-03-14
16,sin_336_1,35.11669299852388,3.4901793278411377,10.061572687225052,0.0,***,2020-03-14
15,lag_48*7,0.20976476623833265,0.019076309729700498,10.996087252229051,0.0,***,2020-03-14
14,Weekends,-84.07785969103196,12.25497787789047,-6.860710849810594,6.851852418776616e-12,***,2020-03-14
13,Holidays,-0.0037396743204289873,0.01929015892014596,-0.19386436036685023,0.846282090538129,,2020-03-14
12,solar_16,0.42263301130353015,0.07479336955911328,5.650674836484004,1.5981916012819397e-08,***,2020-03-14
11,solar_4,0.35219563224124695,0.07404705839814034,4.756375740782866,1.9709946472712403e-06,***,2020-03-14
10,temp_9,9.540974561188657,2.0624767702807327,4.625979161884084,3.7283278500055417e-06,***,2020-03-14
17,cos_336_1,6.5009616045556164,0.227475611437749,28.578719113959476,0.0,***,2020-03-14
8,solar_power,-0.4446643649659114,0.07362390201208352,-6.039673975619098,1.5442593870318433e-09,***,2020-03-14
6,pv_capacity,13.687870999910947,0.5653146793694447,24.212834903170176,0.0,***,2020-03-14
5,rainfall,-0.14031595196006058,0.32973689467919226,-0.4255391320300291,0.6704437012990652,,2020-03-14
4,intercept,-2884.6763012097954,0.01958295505820391,-147305.4650146539,0.0,***,2020-03-14
3,sma1,-0.8597315359007051,0.02004045423415455,-42.89980286152804,0.0,***,2020-03-14
2,sar1,0.9913567865611037,0.0027153688333059894,365.0910235108343,0.0,***,2020-03-14
1,ma1,0.39084031182599305,0.014602479293959277,26.765339224803768,0.0,***,2020-03-14
0,ar1,0.9898747592693081,0.0022064714679338564,448.62341238258955,0.0,***,2020-03-14
7,temperature,3.6537739237036564,1.7469268698502145,2.0915437198678726,0.03647935156840054,*,2020-03-14
11,solar_4,0.3050620512346499,0.07202646855399131,4.235415915275289,2.281290588057594e-05,***,2020-03-15
17,cos_336_1,10.132933981712526,0.8553636234010288,11.846346634923238,0.0,***,2020-03-15
16,sin_336_1,28.28014470580722,3.02093640962154,9.361383647711449,0.0,***,2020-03-15
15,lag_48*7,0.19628349395773045,0.018401095644541236,10.666946020464755,0.0,***,2020-03-15
14,Weekends,-119.61785895847918,14.30223719572431,-8.36357678323495,0.0,***,2020-03-15
13,Holidays,-0.008713784051865847,0.019312407206412335,-0.4512013421595933,0.6518444424069381,,2020-03-15
12,solar_16,0.3907067270374882,0.07428923816965614,5.259264150013515,1.4463300135325596e-07,***,2020-03-15
10,temp_9,5.98481329699184,1.9096045697375126,3.13405895222302,0.0017240621506633413,**,2020-03-15
9,temp_1,17.113956833079435,0.9332471894792954,18.338074870204704,0.0,***,2020-03-15
8,solar_power,-0.4744391905300326,0.07079253029692752,-6.701825581598456,2.0583090787340552e-11,***,2020-03-15
1,ma1,0.38896823100743444,0.014893038191293579,26.11745340415658,0.0,***,2020-03-15
2,sar1,0.9941365643545098,0.001117476055367094,889.6267258522449,0.0,***,2020-03-15
3,sma1,-0.8724031902039906,0.011781031486061234,-74.05151163853328,0.0,***,2020-03-15
0,ar1,0.9972870183651099,0.0009931062241656037,1004.2098157254213,0.0,***,2020-03-15
5,rainfall,-0.3149947492983558,0.3349588942022942,-0.9403982242314148,0.3470133327412279,,2020-03-15
6,pv_capacity,-5.70072163103833,4.206127920926967,-1.3553371980617215,0.1753101486534543,,2020-03-15
7,temperature,6.167713545312368,1.5211727591918565,4.054577961670211,5.022489817840814e-05,***,2020-03-15
4,intercept,-3910.210316557161,0.02016708039475557,-193890.74868635955,0.0,***,2020-03-15
10,temp_9,8.520590369359157,1.9190963351182433,4.439897160678059,9.00018754057541e-06,***,2020-03-16
16,sin_336_1,29.307968479049066,1.9683302324717142,14.889761888301553,0.0,***,2020-03-16
15,lag_48*7,0.19544980827911163,0.018774638065325092,10.410310313256486,0.0,***,2020-03-16
14,Weekends,-122.41641570901459,6.144156026774547,-19.924040856963497,0.0,***,2020-03-16
13,Holidays,0.0001593958006735896,0.019288395330310435,0.008263818630008565,0.9934065017476932,,2020-03-16
12,solar_16,0.38521806207003495,0.0747791699033603,5.1514086418432505,2.5853716012491645e-07,***,2020-03-16
11,solar_4,0.3257972968512793,0.0706101192140064,4.614031253280385,3.949329993924167e-06,***,2020-03-16
9,temp_1,15.84045832455248,0.7871475658941403,20.123873859101522,0.0,***,2020-03-16
17,cos_336_1,14.735322981984378,0.7947174794450224,18.54158661801996,0.0,***,2020-03-16
7,temperature,3.601561228241212,1.6032028640544502,2.2464787887996756,0.024673356683313274,*,2020-03-16
0,ar1,0.9894915330993349,0.00237395606615678,416.8112237650767,0.0,***,2020-03-16
1,ma1,0.3865924626908955,0.013929749632736174,27.753008696033426,0.0,***,2020-03-16
2,sar1,0.9921644586484203,0.0018528732725482965,535.473458087004,0.0,***,2020-03-16
8,solar_power,-0.47919482190642987,0.06886791485638454,-6.958172363802956,3.447242491461111e-12,***,2020-03-16
4,intercept,-3790.838976412368,0.020208614821200226,-187585.29517993078,0.0,***,2020-03-16
5,rainfall,-0.2751363937846783,0.3408086414391722,-0.8073046288463459,0.41949099783791555,,2020-03-16
6,pv_capacity,15.481521212180294,0.7668911392315277,20.187377869163715,0.0,***,2020-03-16
3,sma1,-0.8555095679732257,0.014284061675474089,-59.89259829661379,0.0,***,2020-03-16
9,temp_1,10.006940990982452,2.0001400762991093,5.003120086218387,5.640977631671262e-07,***,2020-03-17
16,sin_336_1,28.58266426762557,3.5321696688153392,8.092098326978716,6.661338147750939e-16,***,2020-03-17
15,lag_48*7,0.20056498693534155,0.019353184677212466,10.36340996484667,0.0,***,2020-03-17
14,Weekends,-173.56288310677562,9.107441681821166,-19.05725989475336,0.0,***,2020-03-17
13,Holidays,-0.004504711165178588,0.019299364789928008,-0.2334124057559405,0.8154411807972004,,2020-03-17
12,solar_16,0.39337563679658105,0.07332156448482971,5.365074239216088,8.091593106662742e-08,***,2020-03-17
11,solar_4,0.4115025519581389,0.07608187007561172,5.40868082697204,6.349066250521673e-08,***,2020-03-17
10,temp_9,17.05464359408425,1.3225437219913552,12.895334430535922,0.0,***,2020-03-17
17,cos_336_1,8.557297765138927,0.49938029983337656,17.13583368826155,0.0,***,2020-03-17
8,solar_power,-0.5429049432698714,0.07284552851591376,-7.452824549845484,9.126033262418787e-14,***,2020-03-17
6,pv_capacity,3.200475676028248,2.961987728520431,1.080516183511316,0.27991238411725683,,2020-03-17
5,rainfall,-0.4326032925060512,0.3173985769798527,-1.362965444339441,0.17289340141920784,,2020-03-17
4,intercept,-4359.340074832461,0.019598272660104433,-222434.91303734275,0.0,***,2020-03-17
3,sma1,-0.8664391751866555,0.012433467793861135,-69.68604331081701,0.0,***,2020-03-17
2,sar1,0.9937053498997422,0.0015484650359023327,641.7357362678086,0.0,***,2020-03-17
1,ma1,0.3826621874337699,0.014610594621173105,26.190733324380293,0.0,***,2020-03-17
0,ar1,0.995493301945701,0.001973158468243711,504.51766442853403,0.0,***,2020-03-17
7,temperature,8.576798206472866,1.8541221912703914,4.62579987816029,3.7315547005700722e-06,***,2020-03-17
11,solar_4,0.39828545859848247,0.07664790367101447,5.196299435767869,2.0329471017710432e-07,***,2020-03-18
12,solar_16,0.4050346164988614,0.07611085008664986,5.3216409491911065,1.0283538776079126e-07,***,2020-03-18
13,Holidays,-0.006553294640688989,0.01929331867102094,-0.3396665318410049,0.7341076684683734,,2020-03-18
17,cos_336_1,11.433741509430913,0.5968247599853982,19.157619247751466,0.0,***,2020-03-18
15,lag_48*7,0.19886086896825197,0.018034751917093434,11.026537536109414,0.0,***,2020-03-18
16,sin_336_1,35.03740108706785,2.816497326019452,12.440061903622011,0.0,***,2020-03-18
10,temp_9,4.56456996632393,2.0047361450674255,2.2768931350666146,0.0227926079390135,*,2020-03-18
14,Weekends,-117.76250368508832,10.587434548001065,-11.122855414234621,0.0,***,2020-03-18
8,solar_power,-0.5774063257314626,0.07454722154866122,-7.745511016189336,9.547918011776346e-15,***,2020-03-18
5,rainfall,-0.21343035617653547,0.33875828754545523,-0.6300372980480868,0.5286701816750496,,2020-03-18
7,temperature,8.532154891442449,2.0941727418147305,4.074236437653567,4.616556199743549e-05,***,2020-03-18
6,pv_capacity,9.218619721726308,1.4178442391162023,6.501856457429085,7.933476098287429e-11,***,2020-03-18
4,intercept,-3833.636210685144,0.026946797246731085,-142266.85923315812,0.0,***,2020-03-18
3,sma1,-0.854915687723364,0.013607198849568474,-62.82819095794106,0.0,***,2020-03-18
2,sar1,0.993116387934287,0.0016530651515601446,600.7726840028022,0.0,***,2020-03-18
1,ma1,0.39709517020787116,0.016118659270208797,24.63574442210585,0.0,***,2020-03-18
0,ar1,0.9921151273786961,0.002319043825306609,427.812151090989,0.0,***,2020-03-18
9,temp_1,15.854030967255609,1.2618646343005253,12.563971234556224,0.0,***,2020-03-18
17,cos_336_1,16.483583877263936,1.6216869218349657,10.164467416813405,0.0,***,2020-03-19
16,sin_336_1,26.244422399912068,2.4677463987257773,10.634975463225636,0.0,***,2020-03-19
14,Weekends,-148.1986595313213,12.287472461795652,-12.06095557830158,0.0,***,2020-03-19
13,Holidays,-0.0038127929014590833,0.019297570416175653,-0.19757890859997151,0.8433745379858393,,2020-03-19
12,solar_16,0.40684767860293736,0.07026526639783469,5.790167738060051,7.0316166222994525e-09,***,2020-03-19
11,solar_4,0.43363920262267425,0.06386770468847795,6.78964751806565,1.1240786079724785e-11,***,2020-03-19
10,temp_9,3.562582677332865,0.9304802291521194,3.828756985604298,0.00012879210125205098,***,2020-03-19
9,temp_1,4.875076804651953,0.8131501129042448,5.995297457735253,2.0311330395372806e-09,***,2020-03-19
15,lag_48*7,0.20262875482366088,0.016919968978246835,11.97571668625224,0.0,***,2020-03-19
7,temperature,8.634809824388169,0.10344696552272845,83.47088559587574,0.0,***,2020-03-19
6,pv_capacity,33.830943409413216,2.633853495024477,12.844656497911558,0.0,***,2020-03-19
5,rainfall,-0.28922150992673956,0.31591092591798675,-0.9155160084644366,0.3599208023233964,,2020-03-19
4,intercept,-3186.175273766646,0.019538259439849995,-163073.64960402573,0.0,***,2020-03-19
3,sma1,-0.853928668961283,0.00807517700928247,-105.74736231536303,0.0,***,2020-03-19
2,sar1,0.9924111973966571,3.897723962338226e-06,254613.00158395886,0.0,***,2020-03-19
1,ma1,0.39788038280471677,0.013397873744472858,29.697278119885095,0.0,***,2020-03-19
0,ar1,0.9998954916169523,5.115510804967681e-08,19546346.977626402,0.0,***,2020-03-19
8,solar_power,-0.560855589727097,0.06835052920993452,-8.205577867648442,2.220446049250313e-16,***,2020-03-19
11,solar_4,0.41469516985139676,0.07343916660629526,5.646784801828739,1.6347624809398553e-08,***,2020-03-20
12,solar_16,0.36858295320649503,0.07769019137298122,4.744266254114021,2.092634584283104e-06,***,2020-03-20
13,Holidays,-0.0035560856967031818,0.019290748970427474,-0.18434150494387883,0.8537455555680256,,2020-03-20
17,cos_336_1,13.261587630307204,0.6907541787954695,19.19870778549995,0.0,***,2020-03-20
15,lag_48*7,0.2051830742809002,0.019214232309544586,10.678702691596813,0.0,***,2020-03-20
16,sin_336_1,30.835456578354474,2.4270523197531437,12.70489981917273,0.0,***,2020-03-20
10,temp_9,15.380535444653225,1.3771141361780328,11.168671528809893,0.0,***,2020-03-20
14,Weekends,-136.26094376969422,8.480065520709303,-16.06838336766729,0.0,***,2020-03-20
9,temp_1,4.788206535293545,1.9660415734456065,2.435455384039476,0.01487305864622046,*,2020-03-20
5,rainfall,-0.3098390069747163,0.3091298140047427,-1.0022941590808925,0.3162015427239293,,2020-03-20
7,temperature,4.6297131551114665,1.9142531679067007,2.4185479918386195,0.015582589874921116,*,2020-03-20
6,pv_capacity,5.001241911095567,1.6217753715993664,3.0838067951194934,0.002043702701310268,**,2020-03-20
4,intercept,-137.5448089202084,0.019581135607356984,-7024.35301395545,0.0,***,2020-03-20
3,sma1,-0.8585092600551031,0.012097089433250096,-70.9682494117471,0.0,***,2020-03-20
2,sar1,0.9931481832470656,0.0013597101122496862,730.4117063628132,0.0,***,2020-03-20
1,ma1,0.38702804632779564,0.013673859314907782,28.30422907056257,0.0,***,2020-03-20
0,ar1,0.9976056685927591,0.0013097645466669506,761.6679433959607,0.0,***,2020-03-20
8,solar_power,-0.5496787597119277,0.06973287432906,-7.882634481952773,3.1086244689504383e-15,***,2020-03-20
12,solar_16,0.37064104995953273,0.07557513949176932,4.90427212509344,9.377441274605047e-07,***,2020-03-21
11,solar_4,0.41413392722657955,0.07435975508930319,5.569328822146075,2.5572248096850103e-08,***,2020-03-21
13,Holidays,0.010776666968754345,0.01932077287662587,0.5577761840879502,0.5769972274340622,,2020-03-21
10,temp_9,4.376853977152137,1.8491502965156565,2.366954154780938,0.017935154326770508,*,2020-03-21
15,lag_48*7,0.19544293873211852,0.017586109006650957,11.113483867193318,0.0,***,2020-03-21
16,sin_336_1,29.74071606797742,2.3235781116625747,12.799533580860443,0.0,***,2020-03-21
17,cos_336_1,14.657417909150167,0.6658432874765134,22.013314821720996,0.0,***,2020-03-21
14,Weekends,-97.12805771988549,10.74355337322858,-9.040589676960595,0.0,***,2020-03-21
9,temp_1,11.729737675446108,1.2873039483018338,9.111863356683996,0.0,***,2020-03-21
0,ar1,0.9890618830625633,0.0024366988237651387,405.9023927849583,0.0,***,2020-03-21
7,temperature,4.3135696175255305,1.0199836702490437,4.229057526452664,2.3467233961627088e-05,***,2020-03-21
6,pv_capacity,8.737194706615426,0.5583986138747786,15.646877498472355,0.0,***,2020-03-21
5,rainfall,-0.16157289940886937,0.32836062714567676,-0.49205929716167757,0.6226774251988152,,2020-03-21
4,intercept,317.5797045723637,0.020009702716898125,15871.285499117823,0.0,***,2020-03-21
3,sma1,-0.8400087042260571,0.017382823791007057,-48.32406485421734,0.0,***,2020-03-21
2,sar1,0.9914944967536135,0.00220765955852678,449.11566773241964,0.0,***,2020-03-21
1,ma1,0.3979703222931272,0.01620202300485452,24.56300192722141,0.0,***,2020-03-21
8,solar_power,-0.5981496222167078,0.07120606398400117,-8.400262403930965,0.0,***,2020-03-21
16,sin_336_1,3.5926058827171237,0.38081340587954193,9.434032067278453,0.0,***,2020-03-22
15,lag_48*7,0.20240869274732903,0.019723983083295357,10.262059741815186,0.0,***,2020-03-22
14,Weekends,-45.517430147584655,15.352841736322354,-2.9647560320965036,0.0030292305578047962,**,2020-03-22
13,Holidays,-0.005063733846547236,0.019291832442601728,-0.2624807084351979,0.7929508565511878,,2020-03-22
12,solar_16,0.3853208575986953,0.0781268158283009,4.931992344926918,8.139510743188083e-07,***,2020-03-22
11,solar_4,0.40006270280972994,0.07519945122052268,5.3200215735158025,1.0375494796655005e-07,***,2020-03-22
10,temp_9,0.564001580234035,1.3958599710065582,0.40405312276942223,0.6861736554017486,,2020-03-22
9,temp_1,17.106777905029542,1.8726168874785025,9.135225693742402,0.0,***,2020-03-22
17,cos_336_1,11.286454053132022,0.41639165438919956,27.105380077052697,0.0,***,2020-03-22
7,temperature,9.84316133135866,2.2447532832808155,4.384963552418733,1.1600520016363802e-05,***,2020-03-22
0,ar1,0.9926560155417145,0.0022330173954967798,444.535728894704,0.0,***,2020-03-22
1,ma1,0.39504195629664884,0.01466301551366365,26.941385687584603,0.0,***,2020-03-22
2,sar1,0.9921768291786479,0.0017834188741995233,556.3341531999769,0.0,***,2020-03-22
8,solar_power,-0.6463521456336069,0.07605332671417597,-8.498670256236535,0.0,***,2020-03-22
4,intercept,-159.92811450103508,0.01959692636889286,-8160.877450399396,0.0,***,2020-03-22
5,rainfall,-0.019517333455648496,0.31429104685413584,-0.06209955279033639,0.950483553134361,,2020-03-22
6,pv_capacity,2.0433814318289003,1.4112823287131073,1.4478899014431643,0.14764784435887046,,2020-03-22
3,sma1,-0.8421252118614833,0.015622401991829628,-53.90497647557059,0.0,***,2020-03-22
9,temp_1,11.617073905562215,1.2447089871187091,9.333164639916175,0.0,***,2020-03-23
16,sin_336_1,27.769482121964813,2.8359392640006185,9.79198760511916,0.0,***,2020-03-23
15,lag_48*7,0.199243512599236,0.01750134500681997,11.384468594933377,0.0,***,2020-03-23
14,Weekends,-144.3703497188998,11.632315829118202,-12.411144250185298,0.0,***,2020-03-23
13,Holidays,-0.016170492115736845,0.019354441521003234,-0.8354925714693859,0.40344042777088385,,2020-03-23
12,solar_16,0.39520158985535847,0.07632742641805491,5.177714072144784,2.2462113347110346e-07,***,2020-03-23
11,solar_4,0.38998313338244767,0.07953675092744468,4.9031815963692,9.429673493155377e-07,***,2020-03-23
10,temp_9,0.8962282865713566,2.12066362434406,0.42261689986245127,0.6725747943955582,,2020-03-23
17,cos_336_1,17.997034645715544,1.5546051396579914,11.576595359561747,0.0,***,2020-03-23
8,solar_power,-0.6163607462711679,0.07340060990370116,-8.397215596434553,0.0,***,2020-03-23
6,pv_capacity,-6.856905547128101,2.7780123697325556,-2.468277543266745,0.013576500882255038,*,2020-03-23
5,rainfall,-0.3153950378297208,0.32295035331267524,-0.9766053345182765,0.32876457712720786,,2020-03-23
4,intercept,835.5140983334456,0.021800921203190042,38324.71529740625,0.0,***,2020-03-23
3,sma1,-0.847558501161753,0.015724211549085296,-53.901494425713,0.0,***,2020-03-23
2,sar1,0.9927554080024014,0.0018138460231972662,547.3206630033962,0.0,***,2020-03-23
1,ma1,0.39276642416637875,0.01558649631766794,25.199147785455907,0.0,***,2020-03-23
0,ar1,0.9955565430274065,0.0017783810414810474,559.8105916594233,0.0,***,2020-03-23
7,temperature,5.212031667629977,1.810664058195718,2.8785194271894023,0.003995466710701168,**,2020-03-23
11,solar_4,0.38276843049876164,0.0729257567994206,5.24874128562767,1.5314196488702692e-07,***,2020-03-24
17,cos_336_1,15.278967914881218,0.9611447576663016,15.896635541121995,0.0,***,2020-03-24
16,sin_336_1,27.743905765977406,2.2512141569607373,12.323974456269944,0.0,***,2020-03-24
15,lag_48*7,0.21050612480025227,0.018480140245307176,11.390937623090167,0.0,***,2020-03-24
14,Weekends,-144.13575821385928,10.917102011722152,-13.202749049985485,0.0,***,2020-03-24
13,Holidays,0.008110145882156417,0.01930258424214898,0.4201585539229075,0.6743696298942621,,2020-03-24
12,solar_16,0.4070306839268376,0.07417535325424093,5.4874114657966375,4.0786632071743156e-08,***,2020-03-24
10,temp_9,2.0805895518681967,1.8425232793938924,1.129206656511074,0.2588106663538383,,2020-03-24
9,temp_1,11.922543468602923,1.1492334027998443,10.374344706267998,0.0,***,2020-03-24
0,ar1,0.9977110747595337,0.0005676516756299069,1757.611432490536,0.0,***,2020-03-24
7,temperature,5.286099526481248,1.276582919683252,4.140819562111049,3.4606711483364805e-05,***,2020-03-24
6,pv_capacity,-21.445371848870348,3.236034527637126,-6.627052853026645,3.424549532837773e-11,***,2020-03-24
5,rainfall,-0.3583909943064231,0.3421944466337292,-1.0473314159011762,0.2949467514721762,,2020-03-24
4,intercept,1450.9861804611412,0.01980749262307947,73254.40973636755,0.0,***,2020-03-24
3,sma1,-0.8592303743505112,0.015583878376330133,-55.135849600544205,0.0,***,2020-03-24
2,sar1,0.9937827227871477,0.001742150140543568,570.4346024258723,0.0,***,2020-03-24
1,ma1,0.38190195828200635,0.015064412712282673,25.351267624965228,0.0,***,2020-03-24
8,solar_power,-0.6214576555388176,0.07394861099555541,-8.403912489663524,0.0,***,2020-03-24
11,solar_4,0.3920396042577155,0.0756055637312494,5.185327440335944,2.1563566532378786e-07,***,2020-03-25
12,solar_16,0.417286787529459,0.07467085808723185,5.588348630492193,2.2923907216920725e-08,***,2020-03-25
13,Holidays,0.02947599407282031,0.019440917956706556,1.5161832449713077,0.12947302352078505,,2020-03-25
17,cos_336_1,22.611582696329403,1.3651110295269984,16.563914734586945,0.0,***,2020-03-25
16,sin_336_1,22.091374668716277,1.308677851575145,16.880682012098514,0.0,***,2020-03-25
10,temp_9,-0.7884259786520603,0.8868947543253779,-0.8889735504770028,0.3740172948081999,,2020-03-25
15,lag_48*7,0.2224999230622614,0.01834884824029272,12.126097515683188,0.0,***,2020-03-25
9,temp_1,8.69705821001419,1.769368349394462,4.9153463228787935,8.862564839784426e-07,***,2020-03-25
14,Weekends,-60.59135503606037,14.589662045678761,-4.153033486749381,3.2809670405864466e-05,***,2020-03-25
7,temperature,6.894692727003321,1.872180139486687,3.682707973226178,0.0002307694642398328,***,2020-03-25
8,solar_power,-0.6010280179298529,0.07466298818008685,-8.04987896386059,8.881784197001252e-16,***,2020-03-25
1,ma1,0.4264119016511456,0.013538755569983999,31.49564961468978,0.0,***,2020-03-25
2,sar1,0.9943836175249782,0.0014872800865550436,668.5920335477956,0.0,***,2020-03-25
0,ar1,0.9901882237456704,0.002229350669982245,444.15992381923314,0.0,***,2020-03-25
4,intercept,-2094.1752529549267,0.02019324102395381,-103706.74278936973,0.0,***,2020-03-25
5,rainfall,-0.05119612100508179,0.3162778741754379,-0.16187070037243118,0.8714076762091088,,2020-03-25
6,pv_capacity,14.841300002433423,1.4357873224334534,10.336698040542348,0.0,***,2020-03-25
3,sma1,-0.8750169306144762,0.014436832116323687,-60.61003713031316,0.0,***,2020-03-25
17,cos_336_1,20.492229944838943,1.0962393954272085,18.69320700416267,0.0,***,2020-03-26
10,temp_9,4.530120253497744,1.7816650398269946,2.5426329597496244,0.011002073337627483,*,2020-03-26
16,sin_336_1,31.043727906699413,1.9251898566630217,16.125021539698043,0.0,***,2020-03-26
15,lag_48*7,0.22398930357983787,0.01933084238488905,11.58714654643973,0.0,***,2020-03-26
14,Weekends,-94.09592850475885,11.586684004533033,-8.121040365642655,4.440892098500626e-16,***,2020-03-26
13,Holidays,0.01018056279925772,0.019302154400672136,0.5274314249036995,0.5978940257298804,,2020-03-26
12,solar_16,0.3972968720598451,0.07409484157683179,5.362004474331357,8.230350090343563e-08,***,2020-03-26
11,solar_4,0.32729124379904484,0.07607021852475417,4.3024885447455405,1.688904052965512e-05,***,2020-03-26
9,temp_1,17.57564103757663,1.6134750437429581,10.893035566763063,0.0,***,2020-03-26
5,rainfall,-0.10140770715566151,0.31684594399358545,-0.32005366986081574,0.7489276458715799,,2020-03-26
7,temperature,11.693161400818152,1.5853861236597666,7.37559211999737,1.6364687382974807e-13,***,2020-03-26
6,pv_capacity,10.393222012561665,0.44656462836018723,23.273724232763833,0.0,***,2020-03-26
4,intercept,-2915.215910314233,0.019961360614576172,-146042.94599965724,0.0,***,2020-03-26
3,sma1,-0.882729812679716,0.015981815051202344,-55.23338931477038,0.0,***,2020-03-26
2,sar1,0.9950858637630836,0.0013359256299617847,744.8662121944235,0.0,***,2020-03-26
1,ma1,0.4227227514202268,0.015245297044813467,27.72807575855266,0.0,***,2020-03-26
0,ar1,0.9905627986424754,0.0019376618143561813,511.2155234228041,0.0,***,2020-03-26
8,solar_power,-0.6236137054493611,0.07403876814481446,-8.422799582910644,0.0,***,2020-03-26
12,solar_16,0.3978064309736009,0.073040790719087,5.446359863539185,5.141107228823216e-08,***,2020-03-27
11,solar_4,0.32527931509578234,0.07185901243182637,4.526632138235678,5.993113095570379e-06,***,2020-03-27
13,Holidays,0.004677795360736869,0.019292122309801988,0.24247178644312056,0.8084146158293504,,2020-03-27
10,temp_9,5.132323719250314,1.7738523833337425,2.893320643516417,0.003811919308424283,**,2020-03-27
15,lag_48*7,0.21307552861581847,0.01834588320016627,11.614351093976623,0.0,***,2020-03-27
16,sin_336_1,35.96891744541099,2.1529038952171256,16.707163531692824,0.0,***,2020-03-27
17,cos_336_1,22.180413202429808,1.1226052109147988,19.757981690068256,0.0,***,2020-03-27
14,Weekends,-98.45906599566138,11.29508678601913,-8.716981804649112,0.0,***,2020-03-27
9,temp_1,13.724766100678274,1.2706297780167684,10.801546082211486,0.0,***,2020-03-27
0,ar1,0.9915349576376865,0.0022908138702094787,432.83086877198696,0.0,***,2020-03-27
7,temperature,10.124465515013048,1.501619089280768,6.742366014980786,1.5582868329033772e-11,***,2020-03-27
6,pv_capacity,10.788790994880909,0.4334972048797786,24.887798291278383,0.0,***,2020-03-27
5,rainfall,-0.17677655642451745,0.318536035427833,-0.5549656452121181,0.5789181591911825,,2020-03-27
4,intercept,-3964.8256677796085,0.0260182125552203,-152386.55074266833,0.0,***,2020-03-27
3,sma1,-0.8781776002083248,0.014807711688150068,-59.30542265427075,0.0,***,2020-03-27
2,sar1,0.9948417057291591,0.0014469017265588443,687.5668799533357,0.0,***,2020-03-27
1,ma1,0.4196651587602255,0.01564673872148465,26.82125433487173,0.0,***,2020-03-27
8,solar_power,-0.5917785866390972,0.06970221245963107,-8.490097598865077,0.0,***,2020-03-27
17,cos_336_1,11.261426190977902,0.3136015514116948,35.909982397357304,0.0,***,2020-03-28
16,sin_336_1,20.396829209391967,1.5406359762340027,13.23922686736867,0.0,***,2020-03-28
15,lag_48*7,0.22808577002288452,0.016367165464951858,13.935569388071523,0.0,***,2020-03-28
14,Weekends,-183.56454181078954,4.160988515393589,-44.115608858734404,0.0,***,2020-03-28
13,Holidays,-0.005152332061989284,0.019292470017136534,-0.2670644068599161,0.7894195717600176,,2020-03-28
12,solar_16,0.3421971210339927,0.06925030228976264,4.941453101564007,7.754246982294433e-07,***,2020-03-28
11,solar_4,0.29628342012569986,0.06798693254890506,4.357946579110246,1.3128841754417309e-05,***,2020-03-28
10,temp_9,15.223183293846349,1.6528940923202438,9.210017365647948,0.0,***,2020-03-28
9,temp_1,4.401789741890478,0.8460378204092968,5.20282856830322,1.962779145880944e-07,***,2020-03-28
0,ar1,0.9975891159910628,0.00015099691961265553,6606.685212851532,0.0,***,2020-03-28
7,temperature,10.538320126223885,0.9925531812749602,10.617385874162572,0.0,***,2020-03-28
6,pv_capacity,1.8799920943976782,2.5478618586295423,0.7378704964047378,0.4605931491238269,,2020-03-28
5,rainfall,-0.4688996628357571,0.305871367353705,-1.5329962620970947,0.12527677589803488,,2020-03-28
4,intercept,-9245.584726145686,0.019766305369587574,-467744.70763620484,0.0,***,2020-03-28
3,sma1,-0.9041968417691413,0.009602900756941984,-94.15871981343689,0.0,***,2020-03-28
2,sar1,0.9967509717889753,0.0005974607324951887,1668.312104171636,0.0,***,2020-03-28
1,ma1,0.40166974408576156,0.0163078648459973,24.63043125994203,0.0,***,2020-03-28
8,solar_power,-0.5634632284454005,0.06925520531199822,-8.136041556832733,4.440892098500626e-16,***,2020-03-28
11,solar_4,0.2279646592018434,0.06741255717082316,3.381634947094231,0.0007205583104668012,***,2020-03-29
12,solar_16,0.273319459232817,0.06388745470067031,4.278139746111208,1.884616961711494e-05,***,2020-03-29
13,Holidays,0.0019036342080140933,0.019288439063758125,0.09869301511240032,0.9213820149225591,,2020-03-29
10,temp_9,12.4168429914078,1.0061175163603922,12.341344613823496,0.0,***,2020-03-29
15,lag_48*7,0.23216323153233911,0.017953975021949044,12.931021194388181,0.0,***,2020-03-29
16,sin_336_1,26.85270301111225,1.5687418413233405,17.117349906636115,0.0,***,2020-03-29
17,cos_336_1,14.316786063488072,0.8657860325203057,16.536171208274016,0.0,***,2020-03-29
14,Weekends,-191.87977133253645,9.363542239500369,-20.49222040384313,0.0,***,2020-03-29
9,temp_1,6.270366434259364,2.1529689277025357,2.9124277427220293,0.0035863116297458753,**,2020-03-29
0,ar1,0.9996888891711196,6.765828216164099e-06,147755.58249953552,0.0,***,2020-03-29
7,temperature,3.5316924561660583,2.0578968599398832,1.716165919155554,0.08613167899091856,.,2020-03-29
6,pv_capacity,-47.482782952235674,4.524301254753306,-10.495053330577727,0.0,***,2020-03-29
5,rainfall,-0.4888054059411556,0.29312612676413424,-1.6675600068037468,0.0954031029759681,.,2020-03-29
4,intercept,-5191.540218260147,0.019340287688136965,-268431.38540511776,0.0,***,2020-03-29
3,sma1,-0.9067738934332836,0.006973504211971057,-130.0313107829879,0.0,***,2020-03-29
2,sar1,0.9969182437413475,3.0937152954607396e-06,322239.8147638466,0.0,***,2020-03-29
1,ma1,0.37505332259712315,0.014920717117099585,25.136413997642304,0.0,***,2020-03-29
8,solar_power,-0.5562882801037433,0.06526374611208895,-8.523695209716147,0.0,***,2020-03-29
11,solar_4,0.2170440711483483,0.06807184718816858,3.1884557289650317,0.0014303491052147788,**,2020-03-30
12,solar_16,0.26378881498686585,0.0683049086548159,3.861930572514823,0.00011249453847450575,***,2020-03-30
13,Holidays,-0.029499430520252334,0.0193258741947552,-1.5264215332757423,0.1269049183066866,,2020-03-30
17,cos_336_1,11.20561913437543,0.3418914558655686,32.77537049297151,0.0,***,2020-03-30
15,lag_48*7,0.21907958979732672,0.01573848381845476,13.91999333127862,0.0,***,2020-03-30
16,sin_336_1,19.16292419221424,0.5365854745181564,35.71271512599588,0.0,***,2020-03-30
10,temp_9,16.439659339691406,1.702019899758577,9.658911357043058,0.0,***,2020-03-30
14,Weekends,-24.404587602529222,14.224677478957243,-1.715651383915822,0.08622586780845065,.,2020-03-30
9,temp_1,-2.1376817317073002,1.9492445888827656,-1.0966718819686654,0.27278485227998717,,2020-03-30
0,ar1,0.9976716547551289,0.0006775277739887862,1472.5177226043008,0.0,***,2020-03-30
7,temperature,-10.87379253175574,0.9978452651262709,-10.897273266491604,0.0,***,2020-03-30
6,pv_capacity,-12.7389347895212,1.2140912261960972,-10.492568033321442,0.0,***,2020-03-30
5,rainfall,0.15988741408407334,0.3220486873116029,0.49646969661258683,0.6195630623069539,,2020-03-30
4,intercept,-4486.898774563749,0.019310938738959324,-232350.1117794727,0.0,***,2020-03-30
3,sma1,-0.8877272551127979,0.010984281278260835,-80.81796456448298,0.0,***,2020-03-30
2,sar1,0.9956688422523792,0.0011233027226451098,886.3762387291439,0.0,***,2020-03-30
1,ma1,0.3679145345300804,0.017333985962220917,21.22503937247572,0.0,***,2020-03-30
8,solar_power,-0.4373600353446131,0.06814255074858655,-6.418310300098137,1.3779510865674638e-10,***,2020-03-30
17,cos_336_1,6.0117215039931375,0.2370010623739768,25.365799814462083,0.0,***,2020-03-31
16,sin_336_1,14.493036417183571,0.4649232707285014,31.17296407743588,0.0,***,2020-03-31
15,lag_48*7,0.23551884135787482,0.016889176292524823,13.944957248277161,0.0,***,2020-03-31
14,Weekends,-270.3294487872099,6.058117483412845,-44.6226818029484,0.0,***,2020-03-31
13,Holidays,-0.014962875162642497,0.019299583665084396,-0.7752952303169316,0.4381652271437899,,2020-03-31
12,solar_16,0.3165721036625162,0.06593329296785841,4.801399860565751,1.5756029518865233e-06,***,2020-03-31
11,solar_4,0.05000584315924361,0.06318565263649918,0.7914113580011951,0.4287039841934033,,2020-03-31
10,temp_9,13.057263220878387,1.4919663381453947,8.751714356444102,0.0,***,2020-03-31
9,temp_1,12.949965924098949,1.4177828237067576,9.133955996336299,0.0,***,2020-03-31
7,temperature,17.208252719415228,0.7594848153280097,22.657796933021302,0.0,***,2020-03-31
6,pv_capacity,-50.73319067735923,4.731422647699493,-10.72260807265372,0.0,***,2020-03-31
5,rainfall,-0.6413403099721753,0.29019045542702854,-2.2100668646334825,0.027100522104564817,*,2020-03-31
4,intercept,-4218.989415110054,0.02180305920810177,-193504.46993889395,0.0,***,2020-03-31
3,sma1,-0.9058887291170246,0.007343310795168848,-123.36243887607307,0.0,***,2020-03-31
2,sar1,0.9969805211401609,8.884375242423424e-06,112217.29091084753,0.0,***,2020-03-31
1,ma1,0.3367000448373026,0.015078905943543636,22.329209167954794,0.0,***,2020-03-31
0,ar1,0.9994420512925781,2.681236323740833e-06,372754.18151062756,0.0,***,2020-03-31
8,solar_power,-0.5957788748671956,0.06672992980748722,-8.92821072322405,0.0,***,2020-03-31
11,solar_4,0.09783881662975255,0.07004688085554493,1.3967619319341555,0.1624851734096011,,2020-04-01
12,solar_16,0.301594528433748,0.06973207682947025,4.325047268723937,1.5249915880977127e-05,***,2020-04-01
13,Holidays,-0.0008106454052736467,0.01930235467125687,-0.041997228787883506,0.9665009072766251,,2020-04-01
10,temp_9,13.529978000866198,1.8962917984858263,7.134966259765388,9.681144774731365e-13,***,2020-04-01
15,lag_48*7,0.24180605612349598,0.018212921116387924,13.276621283222916,0.0,***,2020-04-01
16,sin_336_1,8.23659289518093,0.6074548909657531,13.559184422873122,0.0,***,2020-04-01
17,cos_336_1,2.563740780318959,0.3712667204260286,6.905388065423871,5.006661751849606e-12,***,2020-04-01
14,Weekends,-343.67676399047866,10.699461839393479,-32.12093927239622,0.0,***,2020-04-01
9,temp_1,13.04974515790833,1.666830662712576,7.82907673216868,4.884981308350689e-15,***,2020-04-01
4,intercept,-1904.2360900931883,0.02232857854128825,-85282.45927397594,0.0,***,2020-04-01
7,temperature,10.276328833626842,1.3601098450623301,7.5555138953912255,4.1744385725905886e-14,***,2020-04-01
6,pv_capacity,-7.668218859794296,8.631020031130475,-0.8884487386353483,0.3742994182458186,,2020-04-01
5,rainfall,-1.101782582144021,0.3412698900139208,-3.228478733061033,0.0012445051200344892,**,2020-04-01
8,solar_power,-0.6768911232782602,0.08566150641039756,-7.901928785087293,2.6645352591003757e-15,***,2020-04-01
3,sma1,-0.9085506396628341,0.011127420885304641,-81.64970562609938,0.0,***,2020-04-01
2,sar1,0.998524541848244,0.0005745673642655721,1737.8720128397574,0.0,***,2020-04-01
1,ma1,0.3163566206655615,0.016071876575124967,19.683863249373022,0.0,***,2020-04-01
0,ar1,0.998079826769708,0.0024216413715370407,412.1501385385634,0.0,***,2020-04-01
11,solar_4,-0.1817337262565892,0.08834004599649044,-2.0572066066595562,0.03966635631770021,*,2020-04-02
12,solar_16,0.43232678387651635,0.09217592304692146,4.690235471321981,2.7289082020764965e-06,***,2020-04-02
13,Holidays,-0.0008866520708217251,0.019327250440237087,-0.045875748004787,0.9634092841090687,,2020-04-02
17,cos_336_1,-0.11523374528348879,1.607148131830464,-0.07170076174138543,0.9428400499428129,,2020-04-02
15,lag_48*7,0.2950696403947157,0.021037408541373998,14.025950003034172,0.0,***,2020-04-02
16,sin_336_1,14.362302103662278,10.98856570816529,1.3070224527110086,0.19120508611446274,,2020-04-02
10,temp_9,3.4690700976385354,1.3776608079830255,2.5180872371026166,0.011799409235098368,*,2020-04-02
14,Weekends,-236.39012374553798,178.53010586748604,-1.3240910971116464,0.1854727919831909,,2020-04-02
9,temp_1,-4.7474287517927,16.522023056151617,-0.2873394338972973,0.7738524312274702,,2020-04-02
8,solar_power,-0.2264841632384904,0.15278378746636423,-1.4823834844934154,0.13823828590131093,,2020-04-02
7,temperature,1.395602037869347,3.651274000136695,0.38222331104625373,0.7022957324434826,,2020-04-02
6,pv_capacity,63.86138716275588,48.19631791773503,1.3250262659433678,0.1851624397445486,,2020-04-02
5,rainfall,0.053871701140537874,0.676284691782256,0.07965831815380348,0.9365090113524597,,2020-04-02
4,intercept,799.5488751441848,0.19525280686419155,4094.9417731050207,0.0,***,2020-04-02
3,sma1,-0.94560228262364,0.038808647746783005,-24.365762208296076,0.0,***,2020-04-02
2,sar1,0.9984342231822771,0.0024872847393172834,401.4153294955406,0.0,***,2020-04-02
1,ma1,0.382564149527315,0.032590198532425924,11.738625929101941,0.0,***,2020-04-02
0,ar1,0.9998611001994684,0.0007607144625017007,1314.3710938678691,0.0,***,2020-04-02
16,sin_336_1,6.386684712147173,0.6485428897264197,9.847744556788406,0.0,***,2020-04-03
15,lag_48*7,0.2598497079651656,0.01692105842238144,15.3565871282297,0.0,***,2020-04-03
14,Weekends,-370.79276124513876,8.958171127535513,-41.39156932439041,0.0,***,2020-04-03
13,Holidays,-0.0010264897392167072,0.0192931797934071,-0.05320479828667128,0.9575687325525541,,2020-04-03
12,solar_16,0.33684264499704764,0.07062388924770967,4.769528393085084,1.8465771594033953e-06,***,2020-04-03
11,solar_4,0.05545942981228605,0.06892921107144684,0.8045852977310443,0.4210590290603933,,2020-04-03
10,temp_9,16.50946961963807,1.9428161844841536,8.497700272154969,0.0,***,2020-04-03
9,temp_1,13.151911498548074,1.4184172020800574,9.272244780492843,0.0,***,2020-04-03
17,cos_336_1,0.7482807214322286,0.23721361355917273,3.1544594351266886,0.0016079573022038662,**,2020-04-03
7,temperature,7.658812867482113,1.0291134425292123,7.442146366934383,9.903189379656396e-14,***,2020-04-03
0,ar1,0.983990576600837,0.01756054456284615,56.03417212258453,0.0,***,2020-04-03
1,ma1,0.31426341254307133,0.016311101313752213,19.26684204199686,0.0,***,2020-04-03
2,sar1,0.9969503866486924,0.0012528622565347925,795.7382237741684,0.0,***,2020-04-03
8,solar_power,-0.5495023511131032,0.07119666098522633,-7.718091600210405,1.176836406102666e-14,***,2020-04-03
4,intercept,871.3481428666256,0.021392968719512302,40730.58556253009,0.0,***,2020-04-03
5,rainfall,-0.8111925344484113,0.35982632076164667,-2.2544002137791224,0.02417100185976606,*,2020-04-03
6,pv_capacity,2.711662398620096,8.37174274752026,0.32390656048566474,0.7460087769842112,,2020-04-03
3,sma1,-0.9097131269730229,0.011775654064253724,-77.25372382792357,0.0,***,2020-04-03
10,temp_9,14.550229004081547,0.9307549529662095,15.632717244975849,0.0,***,2020-04-04
16,sin_336_1,13.655577150678287,0.8196518601140441,16.660216141982875,0.0,***,2020-04-04
15,lag_48*7,0.2704141781541326,0.017854647244040223,15.145310599423647,0.0,***,2020-04-04
14,Weekends,-324.5999826396168,6.003481750395607,-54.06862153253434,0.0,***,2020-04-04
13,Holidays,0.0026509284860134485,0.019288199609164707,0.13743783970142404,0.8906847230621704,,2020-04-04
12,solar_16,0.3132097890255867,0.0666248364221662,4.701096555658953,2.587681111831941e-06,***,2020-04-04
11,solar_4,0.01748891028034795,0.06382273886674004,0.2740231865771895,0.7840668030904749,,2020-04-04
9,temp_1,14.094938316390031,1.8808190653471715,7.494042662624921,6.683542608243442e-14,***,2020-04-04
17,cos_336_1,0.03627583402988946,0.14907347510254276,0.2433419761962113,0.8077404891559141,,2020-04-04
7,temperature,15.950707129866219,1.0485082233105445,15.21276302393098,0.0,***,2020-04-04
0,ar1,0.9977846107677486,0.00023255482481900473,4290.534980490364,0.0,***,2020-04-04
1,ma1,0.31887914191244454,0.0166532264493652,19.14818986470936,0.0,***,2020-04-04
2,sar1,0.9966874920537478,9.724838826617064e-05,10248.884427017912,0.0,***,2020-04-04
8,solar_power,-0.5633183352622887,0.05889861959099809,-9.564202678671688,0.0,***,2020-04-04
4,intercept,935.1478647076493,0.021177771701612454,44157.04720418948,0.0,***,2020-04-04
5,rainfall,-0.6237769909286232,0.33125377131068473,-1.8830789109524713,0.05968967474117903,.,2020-04-04
6,pv_capacity,35.54378020656523,2.765126409235596,12.85430571558973,0.0,***,2020-04-04
3,sma1,-0.9055923271494793,0.008027432127353192,-112.81220604328817,0.0,***,2020-04-04
9,temp_1,8.662708087785802,1.7639936041875737,4.910850054796829,9.068241355603135e-07,***,2020-04-05
16,sin_336_1,24.322137537385704,0.7719755417391644,31.506357678885742,0.0,***,2020-04-05
15,lag_48*7,0.2809431971356585,0.019239146322254885,14.602685193504529,0.0,***,2020-04-05
14,Weekends,-115.4901808254531,6.603683077694277,-17.48875278638861,0.0,***,2020-04-05
13,Holidays,-0.003558106331911226,0.019288216179451517,-0.18447047144265288,0.853644389992757,,2020-04-05
12,solar_16,0.3451535968354238,0.06403170515166076,5.39035460664242,7.031878812568948e-08,***,2020-04-05
11,solar_4,0.04033802026245835,0.06125071064182242,0.6585722816890105,0.5101704670906313,,2020-04-05
10,temp_9,9.843121292693983,0.9670698918118796,10.178293602184368,0.0,***,2020-04-05
17,cos_336_1,5.858631597885741,0.08882052655174318,65.96033400536918,0.0,***,2020-04-05
8,solar_power,-0.6105862295428545,0.060304759467556764,-10.125008953420044,0.0,***,2020-04-05
6,pv_capacity,4.872327467340841,1.2535440567487417,3.8868418234760473,0.00010155688251711759,***,2020-04-05
5,rainfall,-0.34816541069032886,0.31875027703284464,-1.0922826920537962,0.2747088654949814,,2020-04-05
4,intercept,1591.821917380452,0.019605656675439283,81191.97146681575,0.0,***,2020-04-05
3,sma1,-0.8829906931603977,0.011432326806994231,-77.23630614025039,0.0,***,2020-04-05
2,sar1,0.9948463617291743,0.0012070980066329028,824.1637019219455,0.0,***,2020-04-05
1,ma1,0.3460465736831652,0.014898667484941692,23.22667943511859,0.0,***,2020-04-05
0,ar1,0.9811643541439939,0.003655622947931416,268.3986746223921,0.0,***,2020-04-05
7,temperature,17.524373066032368,0.5861242443352034,29.89873433048132,0.0,***,2020-04-05
10,temp_9,9.084818864005213,0.7535246176097445,12.056432731850443,0.0,***,2020-04-06
16,sin_336_1,1.8533859265563357,0.6232473323184184,2.9737566940911297,0.0029417823449291447,**,2020-04-06
15,lag_48*7,0.29850867583022633,0.01868953898806034,15.971965708781054,0.0,***,2020-04-06
14,Weekends,-143.53023353006935,6.544192389272085,-21.93245934599339,0.0,***,2020-04-06
13,Holidays,0.0006576250691157082,0.019291755257332073,0.03408839995861805,0.9728066586024608,,2020-04-06
12,solar_16,0.35475186747583853,0.06379592419794625,5.560729340249277,2.6864956037542242e-08,***,2020-04-06
11,solar_4,0.014822562007480201,0.06479720422161797,0.22875311034692794,0.819060812957519,,2020-04-06
9,temp_1,14.61236835080096,1.255593008657721,11.637822327811593,0.0,***,2020-04-06
17,cos_336_1,-0.8052071142128929,1.0655854118974915,-0.7556476517251283,0.44986047774441307,,2020-04-06
7,temperature,1.182837907688992,1.8880025565974914,0.626502280707009,0.5309855414202302,,2020-04-06
0,ar1,0.979414329620455,0.003656943010291932,267.82324112353854,0.0,***,2020-04-06
1,ma1,0.33103973257106045,0.01598330371108848,20.711596210325425,0.0,***,2020-04-06
2,sar1,0.9943376282844549,0.0014849143700479983,669.6262413113519,0.0,***,2020-04-06
8,solar_power,-0.5757521258297928,0.06431109081604192,-8.952610172274918,0.0,***,2020-04-06
4,intercept,2112.4626768372427,0.019972139426749386,105770.47514538915,0.0,***,2020-04-06
5,rainfall,-0.01505194133735494,0.3423922900973477,-0.04396109892858694,0.9649354124289167,,2020-04-06
6,pv_capacity,4.59308200685137,0.9006074687374898,5.099982141265328,3.3968553014851466e-07,***,2020-04-06
3,sma1,-0.8781654454093311,0.013613982642520162,-64.50466909415486,0.0,***,2020-04-06
16,sin_336_1,31.284727675881058,2.85508421638623,10.9575498671206,0.0,***,2020-04-07
15,lag_48*7,0.2839790600390406,0.019051742619936033,14.905673759306438,0.0,***,2020-04-07
14,Weekends,-93.00649548819821,11.459020239753373,-8.116443949155634,4.440892098500626e-16,***,2020-04-07
13,Holidays,-0.011917487122109494,0.019308846856532624,-0.6172034617425917,0.5371005326812788,,2020-04-07
12,solar_16,0.38204953789323026,0.06349434812994727,6.017063709534104,1.776091940186575e-09,***,2020-04-07
11,solar_4,0.09148511200710767,0.06373700851995058,1.4353530881273089,0.151186506830697,,2020-04-07
10,temp_9,3.9623156081276756,1.430782011905407,2.769335632652359,0.005617073820799012,**,2020-04-07
9,temp_1,3.9634707601884447,1.018782879200416,3.8903978866420923,0.00010007998552619135,***,2020-04-07
17,cos_336_1,8.43400585572996,0.4087377002499596,20.63427437834148,0.0,***,2020-04-07
7,temperature,1.8196237567149505,0.8943964252529565,2.034471186756273,0.04190411082723755,*,2020-04-07
0,ar1,0.981551282227217,0.0034848830063318632,281.65975168858927,0.0,***,2020-04-07
1,ma1,0.3423352202319405,0.014406635406820316,23.7623296880182,0.0,***,2020-04-07
2,sar1,0.9937325831305521,0.0016231706964640988,612.2169315250027,0.0,***,2020-04-07
8,solar_power,-0.5991592276108634,0.062098438647076336,-9.648539329886557,0.0,***,2020-04-07
4,intercept,2106.380091918509,0.022148692601675107,95101.78003731035,0.0,***,2020-04-07
5,rainfall,2.8343816033653932,1.0118622861768587,2.8011535187012444,0.0050920288808711245,**,2020-04-07
6,pv_capacity,5.802373727595037,1.2839143118148013,4.519284249891594,6.204904221762675e-06,***,2020-04-07
3,sma1,-0.8667720790656577,0.014139007612064273,-61.30360085003945,0.0,***,2020-04-07
9,temp_1,4.57011709435666,0.855087156161783,5.344621377393244,9.060624495127456e-08,***,2020-04-08
16,sin_336_1,24.308261011926557,1.3389023214392022,18.15536549805763,0.0,***,2020-04-08
15,lag_48*7,0.2837104716691088,0.01852863268490843,15.31200259046589,0.0,***,2020-04-08
14,Weekends,-75.83797370213682,8.375527446976289,-9.05471018777637,0.0,***,2020-04-08
13,Holidays,-0.015101062073610227,0.01930540277911161,-0.7822194774381777,0.43408559966397964,,2020-04-08
12,solar_16,0.3933470069586913,0.06447129329623012,6.101118604079434,1.0532870131640948e-09,***,2020-04-08
11,solar_4,0.08995157711977875,0.06376276946151829,1.41072255611585,0.158326437363419,,2020-04-08
10,temp_9,0.8291137275873487,1.277231152886695,0.6491493146823522,0.5162418691827553,,2020-04-08
17,cos_336_1,5.393157642345599,0.22484349045151733,23.986274325822734,0.0,***,2020-04-08
8,solar_power,-0.6100452382923528,0.06381847504684734,-9.559069498989686,0.0,***,2020-04-08
6,pv_capacity,-7.113865589614744,3.123815406586088,-2.2773002446355326,0.022768302348914693,*,2020-04-08
7,temperature,2.1259879171524543,0.2648704169496516,8.026520823412971,1.1102230246251565e-15,***,2020-04-08
0,ar1,0.9967339001987292,0.0009220115137932778,1081.0427909929601,0.0,***,2020-04-08
1,ma1,0.34455538907032296,0.014417667153327032,23.898137292676584,0.0,***,2020-04-08
2,sar1,0.9935766760771908,0.0011642082592329902,853.4355156798013,0.0,***,2020-04-08
3,sma1,-0.8562118314470557,0.012645092402481026,-67.71099840117127,0.0,***,2020-04-08
4,intercept,453.2029607902716,0.05175204008922235,8757.199909586823,0.0,***,2020-04-08
5,rainfall,-0.9240038595410247,1.1754251388773016,-0.78610183582051,0.4318078288824443,,2020-04-08
9,temp_1,3.6164768804817533,1.4242374813706624,2.5392372604892524,0.011109445466256584,*,2020-04-09
15,lag_48*7,0.282829617538213,0.018842513642514918,15.010185100784867,0.0,***,2020-04-09
14,Weekends,-77.27798988857198,8.768328789645917,-8.813308869054467,0.0,***,2020-04-09
13,Holidays,-0.008423841988690395,0.019293866448456504,-0.43660725086880114,0.6623962032449957,,2020-04-09
12,solar_16,0.3752308398106088,0.06701816600440966,5.598942229871217,2.1566364472036526e-08,***,2020-04-09
11,solar_4,0.07724086836897749,0.06805245852502104,1.1350195135210013,0.25636714246201686,,2020-04-09
10,temp_9,5.330530954244397,0.8668324062062647,6.14943663397834,7.775864396819543e-10,***,2020-04-09
17,cos_336_1,10.041032807426676,0.45580157814636907,22.0293945630049,0.0,***,2020-04-09
16,sin_336_1,28.89385762699469,1.528997822004155,18.89725231205475,0.0,***,2020-04-09
8,solar_power,-0.6459674484338734,0.06593230019883856,-9.797435346344137,0.0,***,2020-04-09
6,pv_capacity,9.882358302422903,1.2003612838267885,8.232819931444007,2.220446049250313e-16,***,2020-04-09
5,rainfall,0.0762757520889751,1.0463888699442927,0.07289426931025732,0.9418902542412888,,2020-04-09
4,intercept,-641.7834101498793,0.028910197369749233,-22199.20542021004,0.0,***,2020-04-09
3,sma1,-0.8383969897848624,0.016047579179166188,-52.24445260088285,0.0,***,2020-04-09
2,sar1,0.9909619467762241,0.0023595947497846775,419.9712458534048,0.0,***,2020-04-09
1,ma1,0.346279591741859,0.015847897337873607,21.850191502333463,0.0,***,2020-04-09
0,ar1,0.980513010096509,0.003509877673361721,279.358171806992,0.0,***,2020-04-09
7,temperature,4.602172167322745,0.6875952521671054,6.693141281615897,2.184297187568518e-11,***,2020-04-09
16,sin_336_1,26.139896104261815,1.7260401903706304,15.144430732316163,0.0,***,2020-04-10
15,lag_48*7,0.2856799784917594,0.019278521322065808,14.81856277871145,0.0,***,2020-04-10
14,Weekends,-91.69545172474997,9.177640647632561,-9.99117913255881,0.0,***,2020-04-10
13,Holidays,0.007123783099680203,0.0192937399258768,0.3692276939073783,0.7119580152404867,,2020-04-10
12,solar_16,0.375337119257952,0.06703437832827194,5.599173567626754,2.153760769729729e-08,***,2020-04-10
11,solar_4,0.05958142915222753,0.06666397720792734,0.8937574931419244,0.3714516566648569,,2020-04-10
10,temp_9,6.607435310525894,0.6727847146691047,9.82102471483114,0.0,***,2020-04-10
9,temp_1,12.1366561945643,0.819544279161138,14.809030461401099,0.0,***,2020-04-10
17,cos_336_1,4.273728331949188,0.06292402253419076,67.91886722796514,0.0,***,2020-04-10
7,temperature,3.781912662479322,1.3362011383855024,2.830346834645651,0.004649756834018248,**,2020-04-10
0,ar1,0.9787921179328304,0.0042517416040987405,230.2096903041475,0.0,***,2020-04-10
1,ma1,0.3370871369705288,0.015689947782145042,21.48427398554695,0.0,***,2020-04-10
2,sar1,0.9897360443583489,0.002730362355231505,362.49256164185215,0.0,***,2020-04-10
8,solar_power,-0.6586696204448981,0.06476068405578966,-10.170825556405042,0.0,***,2020-04-10
4,intercept,-1108.4190597432178,0.019698483051314615,-56269.25976258082,0.0,***,2020-04-10
5,rainfall,-0.9752808052003799,1.1091482101333288,-0.8793061164324857,0.37923532042911545,,2020-04-10
6,pv_capacity,9.842894560983298,1.0898978443143073,9.031024891306036,0.0,***,2020-04-10
3,sma1,-0.8275224825030776,0.017052117057392107,-48.5290172309922,0.0,***,2020-04-10
9,temp_1,2.8520921939240456,1.239762017903572,2.3005158673492123,0.021419011388292608,*,2020-04-11
16,sin_336_1,27.39761389910876,2.6416328220392815,10.37146936944795,0.0,***,2020-04-11
15,lag_48*7,0.2769829887559627,0.01900393324797935,14.5750348173536,0.0,***,2020-04-11
14,Weekends,-78.40362017958327,12.48957988759158,-6.277522613669128,3.440101536966722e-10,***,2020-04-11
13,Holidays,-0.010277040909432045,0.019313265328209248,-0.5321234257793395,0.5946405136763564,,2020-04-11
12,solar_16,0.3706328609800251,0.06546172763606821,5.661825227719979,1.4977132423155126e-08,***,2020-04-11
11,solar_4,0.09893333313551977,0.06918593983518351,1.4299629862830694,0.15272764262824756,,2020-04-11
10,temp_9,3.2009891756527464,1.2709155282282145,2.5186482536060053,0.011780627760507922,*,2020-04-11
17,cos_336_1,6.830461269670955,0.408377354301232,16.725857096945173,0.0,***,2020-04-11
8,solar_power,-0.6645126223089627,0.06368201221598906,-10.434855922189582,0.0,***,2020-04-11
6,pv_capacity,10.700631120058024,1.1024379031849405,9.706334560108942,0.0,***,2020-04-11
5,rainfall,2.000102635188156,1.0212231172991515,1.9585363876973976,0.05016710561246085,.,2020-04-11
4,intercept,-896.9979801056286,0.09047624462240175,-9914.182267944547,0.0,***,2020-04-11
3,sma1,-0.8031217142947383,0.017056114776867002,-47.087025668002795,0.0,***,2020-04-11
2,sar1,0.9866009245469174,0.0030626535368466945,322.13925364953974,0.0,***,2020-04-11
1,ma1,0.3435266314984361,0.016147669354310386,21.27406896690863,0.0,***,2020-04-11
0,ar1,0.9801020822051227,0.0038256087648681023,256.195063960994,0.0,***,2020-04-11
7,temperature,2.1731585408290988,0.9219620514267244,2.357101940872907,0.018418189942301932,*,2020-04-11
10,temp_9,6.467063052338428,1.1755540293722577,5.501289511798807,3.770235301736591e-08,***,2020-04-12
16,sin_336_1,1.3604391171661665,0.4614974322932557,2.9478801440041034,0.0031996109113867632,**,2020-04-12
15,lag_48*7,0.2905714561476652,0.020628962807708123,14.085606671368453,0.0,***,2020-04-12
14,Weekends,-67.15676591583282,7.282648724139067,-9.221475380686014,0.0,***,2020-04-12
13,Holidays,-0.0001441749881919696,0.01928913138977616,-0.0074744157877625755,0.9940363345705496,,2020-04-12
12,solar_16,0.3742930170446168,0.0694808690470945,5.386993890230691,7.164586879326862e-08,***,2020-04-12
11,solar_4,0.06551737171070549,0.06778620344568058,0.9665295942294041,0.33377924566087014,,2020-04-12
9,temp_1,5.732145982038826,1.2346964710884492,4.642554762455619,3.4412738834088685e-06,***,2020-04-12
17,cos_336_1,4.895464641339299,0.11259924290756564,43.47688772079984,0.0,***,2020-04-12
7,temperature,0.7053843605237837,1.6403902948844886,0.43001007914001027,0.6671883093662001,,2020-04-12
0,ar1,0.999922663818452,3.4613306641948855e-05,28888.3889124484,0.0,***,2020-04-12
1,ma1,0.3258651164194179,0.015453509073959796,21.086803965354548,0.0,***,2020-04-12
2,sar1,0.9839447544731755,0.0027281880177852493,360.6587038938558,0.0,***,2020-04-12
8,solar_power,-0.6541667487266133,0.08254640003162085,-7.924836800587587,2.220446049250313e-15,***,2020-04-12
4,intercept,-1785.2647337404394,0.02265766959097969,-78792.95470224247,0.0,***,2020-04-12
5,rainfall,0.19131021581767135,1.023841533878213,0.18685529887912117,0.8517740881461724,,2020-04-12
6,pv_capacity,-15.77940496965656,2.0830820665577514,-7.575027994807564,3.597122599785507e-14,***,2020-04-12
3,sma1,-0.78541901165874,0.029882240241773328,-26.283806210779936,0.0,***,2020-04-12
17,cos_336_1,5.322860254415979,0.22921355930114837,23.22227476701162,0.0,***,2020-04-13
16,sin_336_1,25.17641124118136,1.324263316189449,19.011635324631783,0.0,***,2020-04-13
15,lag_48*7,0.26475535893809055,0.019327044971263408,13.69869834378429,0.0,***,2020-04-13
14,Weekends,-93.19621537426364,9.711803653664164,-9.596179937091465,0.0,***,2020-04-13
13,Holidays,-0.01203044235070716,0.019319866445321944,-0.6226980080196246,0.5334829919811415,,2020-04-13
12,solar_16,0.3663000282216162,0.06259969064111523,5.851467067491094,4.872557690660528e-09,***,2020-04-13
10,temp_9,7.962928028203162,1.3659875751372377,5.829429325082364,5.561724636393706e-09,***,2020-04-13
9,temp_1,5.30118873082314,0.64728369568407,8.189899986930268,2.220446049250313e-16,***,2020-04-13
11,solar_4,0.05162194756252551,0.062989945040109,0.8195267916118216,0.4124859226980955,,2020-04-13
7,temperature,1.8617550333003168,1.0394876864100744,1.7910313490388579,0.07328826447905312,.,2020-04-13
8,solar_power,-0.6771803564115759,0.0636830342056241,-10.63360697018691,0.0,***,2020-04-13
1,ma1,0.3327928317320049,0.015834096282877068,21.0174818812922,0.0,***,2020-04-13
2,sar1,0.9895882159534815,0.0024000690901834075,412.31655371965127,0.0,***,2020-04-13
3,sma1,-0.7964800312847379,0.01684879695741754,-47.27221969008857,0.0,***,2020-04-13
0,ar1,0.9839780304250115,0.0035277961690542764,278.92145216791084,0.0,***,2020-04-13
5,rainfall,1.2450997850246475,1.0174287263383373,1.2237710149050776,0.22103862148487785,,2020-04-13
6,pv_capacity,17.325850696121908,1.2988148130512296,13.339739062121797,0.0,***,2020-04-13
4,intercept,-2714.04875191307,0.021591445897823323,-125700.18537696352,0.0,***,2020-04-13
10,temp_9,9.277750310415739,1.0686738436740617,8.681554587804985,0.0,***,2020-04-14
17,cos_336_1,1.496879427959249,0.10988504286384748,13.62223091466552,0.0,***,2020-04-14
16,sin_336_1,26.5032625780796,1.4008587418964633,18.91929698935943,0.0,***,2020-04-14
15,lag_48*7,0.2730684924856994,0.018473841181595972,14.781359750874982,0.0,***,2020-04-14
14,Weekends,-79.07344574622513,7.102243650609595,-11.1335867419077,0.0,***,2020-04-14
13,Holidays,0.013143841978855209,0.019303921399922264,0.6808897377145422,0.4959412620720891,,2020-04-14
12,solar_16,0.40141254422687345,0.06820505004562075,5.885378633376533,3.971437401162348e-09,***,2020-04-14
11,solar_4,0.030515329047412627,0.06868086495752518,0.4443061261136482,0.6568212727184539,,2020-04-14
9,temp_1,3.296043809458991,1.0382741051849438,3.1745410898713295,0.001500736409370429,**,2020-04-14
1,ma1,0.3338381214410945,0.017160879306511778,19.453439155324517,0.0,***,2020-04-14
7,temperature,3.98956365239974,0.7205456526997577,5.536864510182731,3.0793458005717866e-08,***,2020-04-14
6,pv_capacity,12.902342089592626,1.178559881198253,10.947549034568098,0.0,***,2020-04-14
5,rainfall,0.8154682312564622,1.1363507636815873,0.7176201726784438,0.4729915159207594,,2020-04-14
4,intercept,-2637.185494244131,0.03167761895294975,-83250.74868035692,0.0,***,2020-04-14
3,sma1,-0.782112068398314,0.01889726800668748,-41.38757349059851,0.0,***,2020-04-14
2,sar1,0.984718711631651,0.0037589070147619453,261.969425624117,0.0,***,2020-04-14
0,ar1,0.9801625042331206,0.00396296031339907,247.33089072810458,0.0,***,2020-04-14
8,solar_power,-0.672514818640768,0.0683543598781928,-9.838652864852904,0.0,***,2020-04-14
10,temp_9,11.702721081916708,1.23571263827134,9.470422749975148,0.0,***,2020-04-15
16,sin_336_1,8.803885241704414,0.078388251723495,112.31128451185575,0.0,***,2020-04-15
15,lag_48*7,0.2845912648868635,0.019489762609085706,14.602089855840171,0.0,***,2020-04-15
14,Weekends,-40.788200125911644,9.609175129591023,-4.244713992182972,2.1887240737372693e-05,***,2020-04-15
13,Holidays,0.007955121133616183,0.019292481322945438,0.4123430781376365,0.6800879782539442,,2020-04-15
12,solar_16,0.3563860312952922,0.06547029536279034,5.443476760268935,5.225055321744776e-08,***,2020-04-15
17,cos_336_1,2.5927167948803187,0.08274657185251631,31.33322307903532,0.0,***,2020-04-15
9,temp_1,10.93990702242139,0.7613857761470927,14.36841528322418,0.0,***,2020-04-15
11,solar_4,0.02160131927833439,0.06412780004693765,0.33684797018646423,0.7362315091109584,,2020-04-15
7,temperature,-2.7547287688437234,0.7415956971966796,-3.7145964833087994,0.00020352820526547966,***,2020-04-15
0,ar1,0.9781689045201639,0.0037600525484775284,260.14766865857536,0.0,***,2020-04-15
1,ma1,0.3105181963580478,0.015147355234731047,20.499829280168147,0.0,***,2020-04-15
2,sar1,0.9796064307388465,0.004501926043994868,217.59718421975106,0.0,***,2020-04-15
8,solar_power,-0.6250121875034724,0.06457650348211562,-9.678631604397237,0.0,***,2020-04-15
4,intercept,-3024.3883754578956,0.028433274103250184,-106367.92528624694,0.0,***,2020-04-15
5,rainfall,-1.3240385762131486,0.9375081072068927,-1.4122956015365475,0.15786294097745035,,2020-04-15
6,pv_capacity,12.589497186705444,1.1231246419055312,11.209349983939163,0.0,***,2020-04-15
3,sma1,-0.7405772814336538,0.02019356329065008,-36.673927764722535,0.0,***,2020-04-15
16,sin_336_1,22.51251497487736,0.9600242634108969,23.449943749225692,0.0,***,2020-04-16
15,lag_48*7,0.2680871743542138,0.01945203962001475,13.781957038498492,0.0,***,2020-04-16
14,Weekends,-64.31230847119582,9.080371147209142,-7.082563854337853,1.4150902671872245e-12,***,2020-04-16
13,Holidays,-0.0023590510661664066,0.019289187722163172,-0.12229913981581866,0.9026621132132633,,2020-04-16
12,solar_16,0.3550935526050246,0.0637660436724692,5.568693495066799,2.5665650493778003e-08,***,2020-04-16
11,solar_4,0.001983519071990498,0.06620432732834362,0.02996056529889863,0.9760985033737712,,2020-04-16
10,temp_9,9.651200873206381,0.566090463911366,17.048866724448995,0.0,***,2020-04-16
9,temp_1,3.4612040523885437,1.7025376261623049,2.0329677295828428,0.04205578339576377,*,2020-04-16
17,cos_336_1,-1.560609465046204,0.20567514827122452,-7.587739589171089,3.26405569239796e-14,***,2020-04-16
7,temperature,4.672216583647076,0.4357538786658527,10.722145716641693,0.0,***,2020-04-16
0,ar1,0.9790960660653427,0.003545211488041037,276.17423371443425,0.0,***,2020-04-16
1,ma1,0.3234157372149077,0.016339691936504735,19.793257943398558,0.0,***,2020-04-16
2,sar1,0.9830604107593144,0.0035691174073131143,275.4351562504012,0.0,***,2020-04-16
8,solar_power,-0.6802504212519573,0.0654699976830295,-10.390261880645909,0.0,***,2020-04-16
4,intercept,-1132.9931611688692,0.024946940124878813,-45416.11738743743,0.0,***,2020-04-16
5,rainfall,0.4076463312928641,1.070005022516594,0.38097609143375977,0.7032209893806249,,2020-04-16
6,pv_capacity,10.465437030113714,1.0629812155877347,9.845364035268725,0.0,***,2020-04-16
3,sma1,-0.7667721499993561,0.017462861015475003,-43.9087357632789,0.0,***,2020-04-16
9,temp_1,2.102632395735663,1.6030569773288237,1.3116392152444156,0.18964189491186412,,2020-04-17
16,sin_336_1,-2.268336900856534,0.9556550395747416,-2.373593825096056,0.01761591683100061,*,2020-04-17
15,lag_48*7,0.27133239642531987,0.017890604352912863,15.166195119682628,0.0,***,2020-04-17
14,Weekends,-60.26001548616561,11.947288604448866,-5.043823538650126,4.5632015654994973e-07,***,2020-04-17
13,Holidays,0.020131901728077772,0.019363559537174307,1.0396798010938224,0.2984886879252897,,2020-04-17
12,solar_16,0.35269106810687867,0.05988485123982678,5.889487254371258,3.87395671097579e-09,***,2020-04-17
11,solar_4,0.027137256200628665,0.06588613584563333,0.41188113177876123,0.6804265510839955,,2020-04-17
10,temp_9,8.78202614560279,0.21606850950977016,40.64463704372287,0.0,***,2020-04-17
17,cos_336_1,10.613008379187407,1.0394605465775624,10.210111787437127,0.0,***,2020-04-17
8,solar_power,-0.660236135320785,0.06584425573513956,-10.027239702983417,0.0,***,2020-04-17
6,pv_capacity,-14.64780809684732,2.10212426107766,-6.968098112971724,3.212541344055353e-12,***,2020-04-17
7,temperature,-2.9162616218592965,0.1942461643906784,-15.013226289472328,0.0,***,2020-04-17
0,ar1,0.9974025574834686,0.0006761441210733544,1475.133076510564,0.0,***,2020-04-17
1,ma1,0.3140651998067318,0.01598931832322331,19.642188207021633,0.0,***,2020-04-17
2,sar1,0.9884028546447282,0.0025838731629209276,382.52762125807783,0.0,***,2020-04-17
3,sma1,-0.785201874405237,0.016275186807468974,-48.2453371315464,0.0,***,2020-04-17
4,intercept,663.4015788479697,0.019916240924471817,33309.577915018286,0.0,***,2020-04-17
5,rainfall,-1.5723242164306934,1.0562200841236482,-1.488633136279793,0.13658400090493483,,2020-04-17
9,temp_1,1.520697112769434,0.9443427898783792,1.6103232100340203,0.10732731482163027,,2020-04-18
15,lag_48*7,0.26670433271872585,0.01804846691758419,14.777118407707095,0.0,***,2020-04-18
14,Weekends,-54.65050079994273,7.676615018641941,-7.119088382995514,1.0864642518981782e-12,***,2020-04-18
13,Holidays,-0.0005258997872046034,0.019288746657944278,-0.027264590931210447,0.9782486987064383,,2020-04-18
12,solar_16,0.3670979972543609,0.06469440722882319,5.674338988159216,1.3922519581655024e-08,***,2020-04-18
11,solar_4,0.055583400660366426,0.06258528836833577,0.888122466309321,0.3744748789972281,,2020-04-18
10,temp_9,8.961147669206264,1.6214548325568277,5.52660949246158,3.264785375378665e-08,***,2020-04-18
17,cos_336_1,1.8290234532184249,0.1102665037115145,16.58729887730566,0.0,***,2020-04-18
16,sin_336_1,-4.621209606423603,0.732442543370826,-6.309313472092985,2.802760246112257e-10,***,2020-04-18
8,solar_power,-0.6469363931907142,0.06674722711839327,-9.692333616244568,0.0,***,2020-04-18
6,pv_capacity,5.420831853788602,0.9977666544582684,5.4329655431628066,5.5425113387741476e-08,***,2020-04-18
0,ar1,0.9812068779095996,0.0033834610137353275,290.00094102646426,0.0,***,2020-04-18
1,ma1,0.3212798939867731,0.016172837478993087,19.865400515159063,0.0,***,2020-04-18
2,sar1,0.9837573293896845,0.0034969315748714157,281.3201540627394,0.0,***,2020-04-18
7,temperature,-7.356450625312977,0.895073693958475,-8.218821170778664,2.220446049250313e-16,***,2020-04-18
4,intercept,2024.0942100716013,0.020944801555201963,96639.45512861096,0.0,***,2020-04-18
5,rainfall,2.2850429095576206,1.009874295465834,2.2627003378708417,0.023654167989054953,*,2020-04-18
3,sma1,-0.7653927700802489,0.01787916867253988,-42.809192311933074,0.0,***,2020-04-18
17,cos_336_1,3.7158095724043343,0.5097145177884096,7.289981828508217,3.099742684753437e-13,***,2020-04-19
16,sin_336_1,-2.3687982060569466,1.6198618319722753,-1.4623458367265794,0.14364646377950607,,2020-04-19
15,lag_48*7,0.26488875874099155,0.0178855882334132,14.810178747497725,0.0,***,2020-04-19
14,Weekends,-65.5368559052765,12.433362166489744,-5.271048573000687,1.3564656264897224e-07,***,2020-04-19
13,Holidays,-0.01222194506082297,0.019344533533481704,-0.6318035552353387,0.5275152502141984,,2020-04-19
12,solar_16,0.3663576081145472,0.06456699362136825,5.674069482976551,1.3944452925684914e-08,***,2020-04-19
10,temp_9,8.142072806645357,1.5082092060743748,5.398503585479271,6.719902545526679e-08,***,2020-04-19
9,temp_1,5.670643953858729,0.42493643141022824,13.34468766313981,0.0,***,2020-04-19
11,solar_4,0.029501293977322665,0.0664909291243194,0.44368900188119664,0.6572674480831062,,2020-04-19
7,temperature,-7.365514826393816,1.156406425764355,-6.369313298761203,1.8987633687572725e-10,***,2020-04-19
8,solar_power,-0.6519103549799943,0.06396073075436501,-10.192353140610493,0.0,***,2020-04-19
1,ma1,0.3189030511688219,0.015815178602164894,20.164366093543084,0.0,***,2020-04-19
2,sar1,0.9848097583666858,0.0032730716905586227,300.8824283340418,0.0,***,2020-04-19
3,sma1,-0.7680815307613889,0.017417909228652943,-44.09722893135035,0.0,***,2020-04-19
0,ar1,0.984853527039169,0.003448571557874169,285.58303358688903,0.0,***,2020-04-19
5,rainfall,-0.35537492728518766,0.8805105842254234,-0.4036009715860571,0.6865061711089187,,2020-04-19
6,pv_capacity,2.952750251248641,1.3896935926249112,2.1247491295339165,0.0336075516034251,*,2020-04-19
4,intercept,1814.3849559390376,0.019895771611315533,91194.50058961891,0.0,***,2020-04-19
10,temp_9,6.555174185613414,1.0023653789603293,6.539705304279916,6.164024846100347e-11,***,2020-04-20
16,sin_336_1,-0.3195200686965229,2.519666550929072,-0.1268104577483504,0.899090418478051,,2020-04-20
15,lag_48*7,0.24948953005042118,0.017852244681928222,13.975247062515267,0.0,***,2020-04-20
17,cos_336_1,3.0765985049376248,0.7283080754253898,4.224309202037403,2.396748033262064e-05,***,2020-04-20
14,Weekends,-103.70439409236509,4.373910533231537,-23.709765735822245,0.0,***,2020-04-20
13,Holidays,-0.011732868075406078,0.01929085439755383,-0.6082088347986214,0.543048975788371,,2020-04-20
12,solar_16,0.4041356024773415,0.06417307413997894,6.297588324907292,3.0231217529319565e-10,***,2020-04-20
11,solar_4,0.042259568710133644,0.06704535234859914,0.6303131720511664,0.5284897066355461,,2020-04-20
9,temp_1,2.4799256814648687,1.042566147053578,2.3786746658458533,0.017375003150470247,*,2020-04-20
2,sar1,0.9867675790999125,0.002765381694703224,356.82870866974866,0.0,***,2020-04-20
7,temperature,-2.205501077153186,1.2484092186669993,-1.7666491437063647,0.07728700531462951,.,2020-04-20
8,solar_power,-0.7275610988200603,0.06650100912599512,-10.940602381560824,0.0,***,2020-04-20
1,ma1,0.3166045659731657,0.017574326863063535,18.015174546376656,0.0,***,2020-04-20
3,sma1,-0.7682781080835779,0.017272930467332248,-44.47873564573181,0.0,***,2020-04-20
0,ar1,0.9794967431690351,0.0034143524856206776,286.8762810208148,0.0,***,2020-04-20
5,rainfall,-1.078251654950308,1.0125178010655462,-1.064921183425699,0.2869115980208947,,2020-04-20
6,pv_capacity,4.890318138978824,1.0245424269790349,4.77317289182295,1.8134598327446128e-06,***,2020-04-20
4,intercept,2062.4624682945246,0.019534171985464487,105582.28267004187,0.0,***,2020-04-20
9,temp_1,4.639827068063616,0.9432063352776316,4.919206852759198,8.689560164754084e-07,***,2020-04-21
17,cos_336_1,6.293053946167833,0.48048138511978156,13.097393865943438,0.0,***,2020-04-21
15,lag_48*7,0.25170884584102665,0.01768949351983904,14.229285058881493,0.0,***,2020-04-21
14,Weekends,-27.064754845723005,10.158452617263288,-2.6642595939985116,0.007715799467800544,**,2020-04-21
13,Holidays,-0.0070015848954743665,0.019293267017523007,-0.3629030215108314,0.7166773295667164,,2020-04-21
12,solar_16,0.38283303076692,0.06693387283296143,5.719570892338905,1.0679340967101325e-08,***,2020-04-21
11,solar_4,0.029571427375187753,0.06752236584965786,0.43795010739152873,0.6614224512729607,,2020-04-21
10,temp_9,6.224607452084381,0.10090602418002828,61.6871738101478,0.0,***,2020-04-21
16,sin_336_1,-0.22848518679695826,0.523980873128796,-0.4360563496003716,0.6627958461952483,,2020-04-21
8,solar_power,-0.7507038884959184,0.06916154998714517,-10.854353157722018,0.0,***,2020-04-21
6,pv_capacity,5.883448899834683,1.3660123601936267,4.307024644345625,1.6546518118332187e-05,***,2020-04-21
5,rainfall,-0.04463727471516223,1.0573402060774237,-0.042216568005826564,0.9663260549758945,,2020-04-21
4,intercept,1793.624308154002,0.02212277513715217,81075.91823513388,0.0,***,2020-04-21
3,sma1,-0.7643199457238712,0.016713348472946008,-45.73110809967734,0.0,***,2020-04-21
2,sar1,0.986760658169117,0.0027048828837436954,364.80716562611025,0.0,***,2020-04-21
1,ma1,0.31550625041631863,0.017192257702460103,18.351647344791235,0.0,***,2020-04-21
0,ar1,0.9812960534986833,0.0036780667981291615,266.79669167450055,0.0,***,2020-04-21
7,temperature,-3.225984876861202,1.8251987711869242,-1.767470440911676,0.07714947510488757,.,2020-04-21
16,sin_336_1,-1.3964923680178998,0.6630418608902265,-2.1061903484388047,0.03518782119875641,*,2020-04-22
15,lag_48*7,0.24649149313722538,0.018263584738054443,13.496336927965176,0.0,***,2020-04-22
14,Weekends,-56.25282854188526,11.030912881050938,-5.0995623978244975,3.4043962982011067e-07,***,2020-04-22
13,Holidays,-0.016273942402823538,0.019327829717057377,-0.8419953321743779,0.3997905662508776,,2020-04-22
12,solar_16,0.37708857544170815,0.06607707406311385,5.706798928196036,1.1512064190810634e-08,***,2020-04-22
11,solar_4,0.00014586432520877126,0.07126821081304291,0.0020466954837889155,0.9983669744129338,,2020-04-22
10,temp_9,2.841012637071391,1.0293138347112487,2.7601034215850935,0.0057783065849144055,**,2020-04-22
9,temp_1,3.2621687527613807,1.492374209490374,2.185891937837339,0.02882351222499646,*,2020-04-22
17,cos_336_1,11.793066384024318,1.203547321828611,9.798589694094046,0.0,***,2020-04-22
7,temperature,3.3717024991407785,0.8615674642702476,3.913451515949049,9.098617583602753e-05,***,2020-04-22
0,ar1,0.9799508865176394,0.003509558671562158,279.2233947983689,0.0,***,2020-04-22
1,ma1,0.32355428227015975,0.01456353876011723,22.216735066907273,0.0,***,2020-04-22
2,sar1,0.9869917299584383,0.0029747378256436666,331.7911654096359,0.0,***,2020-04-22
8,solar_power,-0.8012174627924709,0.06853428699219719,-11.690753606055486,0.0,***,2020-04-22
4,intercept,2018.8257102674324,0.0199868696862461,101007.59858642,0.0,***,2020-04-22
5,rainfall,-0.07633588354085634,1.002680212773094,-0.07613183402685848,0.93931421373628,,2020-04-22
6,pv_capacity,5.561004915277165,1.310905583445843,4.2421094131428765,2.214286883339689e-05,***,2020-04-22
3,sma1,-0.7649374446338468,0.01903640745390404,-40.18286782766731,0.0,***,2020-04-22
9,temp_1,1.256496852059603,1.9529696288760716,0.6433775689500677,0.5199791347375622,,2020-04-23
16,sin_336_1,3.0665330682323617,0.22697815277747052,13.510256518999835,0.0,***,2020-04-23
15,lag_48*7,0.25098679532919455,0.019209168036098203,13.065989888658155,0.0,***,2020-04-23
14,Weekends,-62.15701166818416,10.698809018858908,-5.809713170748194,6.257996565395274e-09,***,2020-04-23
13,Holidays,0.006366937230695924,0.019315232311313664,0.32963296159614747,0.7416773136234811,,2020-04-23
12,solar_16,0.332766604000017,0.06624648662044297,5.0231585247168224,5.082855674132247e-07,***,2020-04-23
11,solar_4,-0.038137505987251484,0.06773757267245603,-0.5630184915492145,0.5734222923045973,,2020-04-23
10,temp_9,6.902507380642382,0.190070568360168,36.315498186771876,0.0,***,2020-04-23
17,cos_336_1,1.512810310981924,0.16345432964225876,9.255247715327625,0.0,***,2020-04-23
8,solar_power,-0.8247516731602135,0.06554678630128605,-12.58264088447051,0.0,***,2020-04-23
6,pv_capacity,7.974618663037254,1.1541254004833323,6.909663940935352,4.85811391115476e-12,***,2020-04-23
5,rainfall,-0.19128691299861114,1.0911650158731556,-0.17530521068396096,0.8608398176401459,,2020-04-23
4,intercept,873.4031175351682,0.0197506619465985,44221.460521002315,0.0,***,2020-04-23
3,sma1,-0.7611502323130964,0.0174903672031034,-43.518253417689365,0.0,***,2020-04-23
2,sar1,0.9860386443505201,0.0031001097997685207,318.0657163898342,0.0,***,2020-04-23
1,ma1,0.31018239112109813,0.01545505343887825,20.069965616606215,0.0,***,2020-04-23
0,ar1,0.9784850233270282,0.0036562666474830585,267.6186169300887,0.0,***,2020-04-23
7,temperature,6.761794861553821,0.9888722535169381,6.837885113578021,8.037126519866433e-12,***,2020-04-23
11,solar_4,-0.06960337251250186,0.06896500317011603,-1.0092564244622908,0.3128516724891488,,2020-04-24
17,cos_336_1,2.8867611830802287,0.25681481259215544,11.24063348972265,0.0,***,2020-04-24
16,sin_336_1,-1.5325514960452002,0.6805074171153741,-2.2520717004696063,0.024317741330656117,*,2020-04-24
15,lag_48*7,0.24722660817936024,0.019183890747161775,12.887198506170444,0.0,***,2020-04-24
14,Weekends,-74.42615809310881,9.850403123546425,-7.555645912115045,4.1744385725905886e-14,***,2020-04-24
13,Holidays,0.0009236188627477215,0.019288095341548878,0.047885436399629125,0.9618075461452913,,2020-04-24
12,solar_16,0.33755554174179014,0.06791058085207442,4.970588345828867,6.675003736411611e-07,***,2020-04-24
10,temp_9,5.937879597037091,0.35278267824366694,16.831550876020614,0.0,***,2020-04-24
9,temp_1,5.595822016159759,1.3889851772750412,4.028712550509599,5.6083141354967836e-05,***,2020-04-24
0,ar1,0.9847920348135101,0.0028301144929815674,347.9689734304767,0.0,***,2020-04-24
7,temperature,6.498127084323991,1.057821457075288,6.142933706686478,8.10111089322163e-10,***,2020-04-24
6,pv_capacity,5.804326830017698,1.306995977793182,4.440967630074963,8.955526684673032e-06,***,2020-04-24
5,rainfall,0.8410419271525633,0.9446951756305895,0.8902786304494071,0.37331629266697974,,2020-04-24
4,intercept,-495.12459274593,0.0258984466159831,-19117.926263591664,0.0,***,2020-04-24
3,sma1,-0.7697636242562819,0.017021541384354612,-45.22290942251633,0.0,***,2020-04-24
2,sar1,0.9885061981446175,0.0026324162759367073,375.51287278562046,0.0,***,2020-04-24
1,ma1,0.30924904942718906,0.015285483887612401,20.231551169787267,0.0,***,2020-04-24
8,solar_power,-0.8481710722930789,0.06850368685474817,-12.38139304956679,0.0,***,2020-04-24
12,solar_16,0.3350883882939355,0.06616090571233055,5.064749109555862,4.0893856589896416e-07,***,2020-04-25
13,Holidays,0.002575712795571228,0.01929610418646406,0.13348356594063443,0.8938109604395004,,2020-04-25
14,Weekends,-110.81217223599975,6.35899444291778,-17.42605269287739,0.0,***,2020-04-25
8,solar_power,-0.8244616604649329,0.0658310250028304,-12.523907389099367,0.0,***,2020-04-25
16,sin_336_1,2.1002771594560774,0.7344343667360596,2.8597206974260145,0.004240142675996372,**,2020-04-25
17,cos_336_1,6.915196001411793,1.3621404689482877,5.07671283472771,3.8402059043818326e-07,***,2020-04-25
11,solar_4,-0.03757766004749614,0.06720443352722909,-0.5591544794774719,0.5760562966142637,,2020-04-25
15,lag_48*7,0.23858051448784726,0.018870669293489222,12.642928068807954,0.0,***,2020-04-25
10,temp_9,5.041977201540274,1.1407440224220873,4.419902364103461,9.874550464861187e-06,***,2020-04-25
5,rainfall,0.3807986510093877,1.0352700362356317,0.3678254346025681,0.7130034024866712,,2020-04-25
7,temperature,-0.949696823860577,1.184299349268566,-0.8019060590104337,0.4226073009917992,,2020-04-25
6,pv_capacity,11.186136155774745,1.1931886819319921,9.374993515411436,0.0,***,2020-04-25
4,intercept,-681.056288071484,0.022512551643212406,-30252.292093101063,0.0,***,2020-04-25
3,sma1,-0.7494212406754123,0.01951948645462446,-38.39349167395043,0.0,***,2020-04-25
2,sar1,0.9852422024974066,0.003262205118458188,302.0172449987021,0.0,***,2020-04-25
1,ma1,0.30863113105131507,0.015597884490822181,19.78673013208388,0.0,***,2020-04-25
0,ar1,0.9780629267259972,0.0038727408872725948,252.55057211297319,0.0,***,2020-04-25
9,temp_1,8.668067355124274,1.21720644487311,7.1212795427055875,1.0693668173189508e-12,***,2020-04-25
11,solar_4,-0.01006846061564285,0.07205756041649862,-0.13972802517107602,0.888874882735943,,2020-04-26
12,solar_16,0.32206994169564473,0.06685923790198066,4.817134502307924,1.4563452372939878e-06,***,2020-04-26
13,Holidays,0.020197909209774073,0.01933698242331697,1.044522292445122,0.29624381084774565,,2020-04-26
17,cos_336_1,3.3579461907077253,0.3212224750642936,10.453646464294327,0.0,***,2020-04-26
16,sin_336_1,4.300533360835415,0.09474233483467466,45.39188704120332,0.0,***,2020-04-26
10,temp_9,3.033391084255913,0.4835716738303077,6.272888277819957,3.544111670805705e-10,***,2020-04-26
15,lag_48*7,0.2393351624934225,0.01739901906388043,13.75566988085388,0.0,***,2020-04-26
9,temp_1,4.730110241556035,1.5858983807629652,2.9826061360125804,0.0028580553260573183,**,2020-04-26
14,Weekends,-21.129782921990248,12.602028870864801,-1.676696914323149,0.09360176432625944,.,2020-04-26
7,temperature,2.5229218297805573,0.6952182591672201,3.6289637053012465,0.00028456124085418644,***,2020-04-26
6,pv_capacity,11.679516832828227,0.8586743835561967,13.601799537162798,0.0,***,2020-04-26
5,rainfall,0.12723569699892795,1.0157102184493254,0.12526771384970156,0.9003116114264542,,2020-04-26
4,intercept,-2025.2421561351568,0.0208893796125802,-96950.80436546312,0.0,***,2020-04-26
3,sma1,-0.740377047107004,0.019503768779705787,-37.96071700139241,0.0,***,2020-04-26
0,ar1,0.9803484732962593,0.0029232411413782165,335.3635317386289,0.0,***,2020-04-26
2,sar1,0.9846476436161945,0.003462633103546405,284.36383935904877,0.0,***,2020-04-26
1,ma1,0.31447850001591054,0.01653573941038774,19.018109333432974,0.0,***,2020-04-26
8,solar_power,-0.8407989154068818,0.06916915135684679,-12.155692225702786,0.0,***,2020-04-26
11,solar_4,0.10450221711165406,0.02295513636682763,4.552454642032525,5.3023595161239e-06,***,2020-04-27
12,solar_16,0.2554078655347145,0.057538695330579134,4.438888717710934,9.042455219043788e-06,***,2020-04-27
13,Holidays,0.0073968597122746615,0.0192879244729977,0.38349692433885046,0.7013513502909006,,2020-04-27
17,cos_336_1,-5.4918642341525485,0.035709136188162405,-153.79437366432583,0.0,***,2020-04-27
16,sin_336_1,5.916216622296615,0.02006105905002728,294.91048341680494,0.0,***,2020-04-27
10,temp_9,8.960272649805855,0.10141450824508785,88.35296650210654,0.0,***,2020-04-27
15,lag_48*7,0.22354077345552437,0.017717098301571043,12.617233908766096,0.0,***,2020-04-27
9,temp_1,-7.410096726473087,0.1728462249687411,-42.87103596166586,0.0,***,2020-04-27
14,Weekends,-194.79143788543908,0.09043602929851945,-2153.914091500566,0.0,***,2020-04-27
7,temperature,-9.570352313181013,0.12626132634356227,-75.79797068771232,0.0,***,2020-04-27
6,pv_capacity,-6.435819660310609,0.028387707741602156,-226.71149495029223,0.0,***,2020-04-27
5,rainfall,0.17682176042665124,0.03516838368527443,5.0278614453552315,4.959800221637778e-07,***,2020-04-27
4,intercept,-2399.9849501854396,0.019287996688079238,-124428.93831834426,0.0,***,2020-04-27
3,sma1,-0.7447134461051212,0.0189720675206368,-39.2531517872294,0.0,***,2020-04-27
2,sar1,0.9852859571143893,0.0025558089056078575,385.50846072744827,0.0,***,2020-04-27
1,ma1,0.28712776730073225,0.017484730885598203,16.421629202038975,0.0,***,2020-04-27
0,ar1,0.9975009020102065,0.001959019168770539,509.1838395007784,0.0,***,2020-04-27
8,solar_power,-0.6857527418776632,0.07016469621760155,-9.773472684196344,0.0,***,2020-04-27
11,solar_4,-0.06272643458553939,0.01943413390783314,-3.227642398833982,0.0012481490025542108,**,2020-04-28
12,solar_16,0.20799097293221847,0.01933166077143916,10.759084560365707,0.0,***,2020-04-28
13,Holidays,0.01673422508102651,0.019287918734777944,0.8676013887829752,0.38561258591237535,,2020-04-28
17,cos_336_1,-3.448601098292198,0.019303773673795755,-178.64906398967793,0.0,***,2020-04-28
15,lag_48*7,0.22600515768213772,0.018110857486643483,12.478987140659326,0.0,***,2020-04-28
16,sin_336_1,-2.4462334683447917,0.01932929142798042,-126.55577559370376,0.0,***,2020-04-28
10,temp_9,4.276172256129807,0.01929084876251035,221.66843505818568,0.0,***,2020-04-28
14,Weekends,-38.7501881183957,0.019289953070150308,-2008.8274957163364,0.0,***,2020-04-28
9,temp_1,-3.330780233223349,0.019292691806719234,-172.6446608172795,0.0,***,2020-04-28
5,rainfall,0.11915366884039517,0.019288069238809945,6.177584047689101,6.508993344311875e-10,***,2020-04-28
7,temperature,-8.472454075717065,0.019311627625786358,-438.7229414264388,0.0,***,2020-04-28
6,pv_capacity,-23.867389572958263,0.019375498166098203,-1231.8335956243766,0.0,***,2020-04-28
4,intercept,-2450.98952245781,0.019287918939755115,-127073.81911513407,0.0,***,2020-04-28
3,sma1,-0.8004540628536962,0.014091688461168287,-56.8032755662648,0.0,***,2020-04-28
2,sar1,0.9985514609005398,0.0001556396379434227,6415.791466075808,0.0,***,2020-04-28
1,ma1,0.26253429757254415,0.015541323575430626,16.892660158468498,0.0,***,2020-04-28
0,ar1,0.9937556679868907,0.0011617163510097455,855.4202298376312,0.0,***,2020-04-28
8,solar_power,-0.8184307504427888,0.01956591975834901,-41.82940339891534,0.0,***,2020-04-28
11,solar_4,0.0028543312617554176,0.019553527191936315,0.14597526235228375,0.8839409170013999,,2020-04-29
12,solar_16,0.22847160682592982,0.02021347497731312,11.302935644779442,0.0,***,2020-04-29
13,Holidays,0.004378319489031224,0.019287918754297636,0.22699802631922997,0.8204252768833276,,2020-04-29
17,cos_336_1,-2.1466067753778213,0.0193035014508769,-111.20297428114046,0.0,***,2020-04-29
16,sin_336_1,0.5360150456556533,0.0194572960474766,27.548280313346446,0.0,***,2020-04-29
10,temp_9,8.318236020254718,0.019943008066340494,417.10036884025084,0.0,***,2020-04-29
15,lag_48*7,0.2300234982574444,0.017709773091780404,12.988506236943525,0.0,***,2020-04-29
9,temp_1,-17.96308795098289,0.02418643182123676,-742.6927660826142,0.0,***,2020-04-29
14,Weekends,-169.51692689890615,0.019721643135339428,-8595.476844175671,0.0,***,2020-04-29
7,temperature,-7.507896421213408,0.01930502272068374,-388.90896580863983,0.0,***,2020-04-29
1,ma1,0.2583120400782823,0.015710696392495695,16.44179440713185,0.0,***,2020-04-29
2,sar1,0.9958002471576409,0.0004315017199177024,2307.7549895920774,0.0,***,2020-04-29
0,ar1,0.9959538667728156,0.001143158969498896,871.2295431749027,0.0,***,2020-04-29
8,solar_power,-0.7546044969717368,0.02045837612390548,-36.884867713913344,0.0,***,2020-04-29
4,intercept,-2628.5620924934697,0.019287923777672307,-136280.19909205014,0.0,***,2020-04-29
5,rainfall,-0.4843617838702054,0.019783889860035674,-24.482636493475304,0.0,***,2020-04-29
6,pv_capacity,-5.837753587168763,0.020099469862706994,-290.4431622846064,0.0,***,2020-04-29
3,sma1,-0.7950041591929758,0.014724728749077506,-53.9910902768095,0.0,***,2020-04-29
10,temp_9,2.869688362110209,0.31862847941648226,9.006377481904913,0.0,***,2020-04-30
16,sin_336_1,13.527083960737132,1.50196394027842,9.00626413056868,0.0,***,2020-04-30
15,lag_48*7,0.22687735928191638,0.017688378381739554,12.826351539162644,0.0,***,2020-04-30
14,Weekends,-151.36123170346696,5.949970384428292,-25.43898909137354,0.0,***,2020-04-30
13,Holidays,-0.0013727794403153304,0.01929010085089597,-0.07116496958343112,0.9432664609254471,,2020-04-30
12,solar_16,0.18340720489554485,0.06710383568321596,2.7331851156970264,0.006272506779677611,**,2020-04-30
11,solar_4,-0.12724125833658628,0.06722610062259808,-1.892735963534587,0.05839299124062025,.,2020-04-30
9,temp_1,-1.5591765883092759,2.0391692031270696,-0.7646136406524165,0.4445016441184766,,2020-04-30
17,cos_336_1,1.5682302599399145,0.4587343704208835,3.4186020517736253,0.0006294370915880254,***,2020-04-30
7,temperature,0.7689483452552368,1.6548577043466977,0.46466130787891585,0.6421740207833062,,2020-04-30
0,ar1,0.9878841389343386,0.007417272416111935,133.18698350466926,0.0,***,2020-04-30
1,ma1,0.263428837614056,0.01620540061381717,16.255620202900097,0.0,***,2020-04-30
2,sar1,0.9933838079796533,0.0020653237521895294,480.9821254060187,0.0,***,2020-04-30
8,solar_power,-0.8316804790965239,0.06656412238609308,-12.494425664812534,0.0,***,2020-04-30
4,intercept,-2691.887877417992,0.020308219717857165,-132551.64238010463,0.0,***,2020-04-30
5,rainfall,1.2820964624269982,0.9727030870527845,1.3180758645597104,0.18747825306425625,,2020-04-30
6,pv_capacity,3.2459274379680445,4.264219287256285,0.7612008715566226,0.44653709776692363,,2020-04-30
3,sma1,-0.7609997904602297,0.01864149168832785,-40.822902114465485,0.0,***,2020-04-30
9,temp_1,-4.514951244365808,1.7167202347466581,-2.6299866180770533,0.008538822927438794,**,2020-05-01
16,sin_336_1,17.337049673832404,1.1082969147125623,15.64296484424373,0.0,***,2020-05-01
15,lag_48*7,0.2234541112468026,0.018043567005304552,12.384142846096355,0.0,***,2020-05-01
14,Weekends,-50.015456240550385,12.246541792485543,-4.084047324383426,4.4258011293374366e-05,***,2020-05-01
13,Holidays,0.008852574712620465,0.01935649581018571,0.4573438704727791,0.6474239016401162,,2020-05-01
12,solar_16,0.18472167129325734,0.0651800654418792,2.834020954734587,0.004596631774834492,**,2020-05-01
11,solar_4,-0.09224257758527983,0.06656573935228556,-1.385736543796274,0.16582736511495666,,2020-05-01
10,temp_9,4.749184526803843,0.7207971856337698,6.5887944923481685,4.434119738050413e-11,***,2020-05-01
17,cos_336_1,5.223572418979077,0.6189550549100249,8.439340429554143,0.0,***,2020-05-01
8,solar_power,-0.8090449792495288,0.06794129339320475,-11.908000846661048,0.0,***,2020-05-01
6,pv_capacity,31.008467664637084,3.3705647501005513,9.199784001690528,0.0,***,2020-05-01
5,rainfall,0.15114881800229377,1.073654628203923,0.14077973869040644,0.8880439498216894,,2020-05-01
4,intercept,-4766.375216881462,0.01959786752315073,-243208.87011053623,0.0,***,2020-05-01
3,sma1,-0.7381314232454702,0.018421569519365376,-40.06886723031507,0.0,***,2020-05-01
2,sar1,0.9885941563671552,0.002573978072285456,384.0724857027917,0.0,***,2020-05-01
1,ma1,0.2650156880377005,0.016558531371503465,16.004782193050122,0.0,***,2020-05-01
0,ar1,0.9938010230355342,0.003052094255038258,325.6128218828802,0.0,***,2020-05-01
7,temperature,-2.8431369911200424,2.0495935651832435,-1.3871711150038921,0.165389591073827,,2020-05-01
11,solar_4,-0.06234167543708183,0.035063589775515845,-1.777960438055709,0.07541035272573393,.,2020-05-02
17,cos_336_1,1.206851220613799,0.02666444198978442,45.26069666397531,0.0,***,2020-05-02
12,solar_16,0.22902380066895978,0.051056376388168345,4.48570417390673,7.267351565642954e-06,***,2020-05-02
16,sin_336_1,5.617163142316597,0.025014168221448578,224.55926147886544,0.0,***,2020-05-02
14,Weekends,-209.29210518120112,0.0829817933068238,-2522.1448807131346,0.0,***,2020-05-02
15,lag_48*7,0.23699989077243605,0.01711340676064934,13.848784995714288,0.0,***,2020-05-02
10,temp_9,9.595235371410372,0.14378786433937643,66.73188600091551,0.0,***,2020-05-02
13,Holidays,-0.0004081446088011198,0.0192879719963785,-0.021160576595494477,0.9831175625543442,,2020-05-02
9,temp_1,-12.641401116761365,0.15683069000303865,-80.60540393284269,0.0,***,2020-05-02
5,rainfall,2.3294060942932107,0.06776880087474971,34.37283918596138,0.0,***,2020-05-02
7,temperature,-7.051781798475411,0.020434371615496594,-345.09413507619814,0.0,***,2020-05-02
6,pv_capacity,-6.683275630054728,0.030384545722402213,-219.9564111016877,0.0,***,2020-05-02
4,intercept,-10138.596103464153,0.019345101939217225,-524091.1180163261,0.0,***,2020-05-02
3,sma1,-0.771801936594225,0.01872661397570578,-41.214174521645575,0.0,***,2020-05-02
2,sar1,0.9908709655468043,0.0016777106921430176,590.6089590936081,0.0,***,2020-05-02
1,ma1,0.2517781116910066,0.015951818278050353,15.783662232251757,0.0,***,2020-05-02
0,ar1,0.9970149780429309,0.0002966738167940069,3360.64364835809,0.0,***,2020-05-02
8,solar_power,-0.7537771343724061,0.05362519099627818,-14.056399993516507,0.0,***,2020-05-02
17,cos_336_1,-0.9868804479105402,0.021828644080612584,-45.21034125005739,0.0,***,2020-05-03
16,sin_336_1,10.812413598629304,0.05086059178094053,212.58922124223378,0.0,***,2020-05-03
14,Weekends,-161.89746670686858,0.19470459855019256,-831.5030457030182,0.0,***,2020-05-03
13,Holidays,-0.004687967359892853,0.01928795433537539,-0.2430515584172039,0.8079654568508399,,2020-05-03
12,solar_16,0.21406261561152862,0.04695544908342588,4.558845028426902,5.1435707439928535e-06,***,2020-05-03
11,solar_4,-0.05644833303247658,0.04150830203933524,-1.359928743386888,0.17385247411213722,,2020-05-03
10,temp_9,8.918995473255793,0.393221130148019,22.681882506920324,0.0,***,2020-05-03
9,temp_1,-13.785639364483938,0.5706031189590691,-24.159768684111974,0.0,***,2020-05-03
15,lag_48*7,0.2393507880138937,0.016724186701337147,14.311654867782416,0.0,***,2020-05-03
7,temperature,-8.08147300403297,0.032632739877181155,-247.64923308459427,0.0,***,2020-05-03
6,pv_capacity,-10.792679677364621,0.09023046478339479,-119.61236931753908,0.0,***,2020-05-03
5,rainfall,0.6987878186387437,0.19321663957634405,3.6166026910049722,0.00029849492984124204,***,2020-05-03
4,intercept,-14191.85508353689,0.01928867103546463,-735761.1655797018,0.0,***,2020-05-03
3,sma1,-0.7731044931755222,0.01633012213814127,-47.342235816462704,0.0,***,2020-05-03
2,sar1,0.9934525056632002,0.0017919015235715304,554.4124454356729,0.0,***,2020-05-03
1,ma1,0.2588527166160214,0.01564912911719778,16.54103015429481,0.0,***,2020-05-03
0,ar1,0.996434673459006,0.0017968547096917583,554.5438193107664,0.0,***,2020-05-03
8,solar_power,-0.8420968200033571,0.06043602830775133,-13.93368895313977,0.0,***,2020-05-03
11,solar_4,-0.16718731456946295,0.05830194139265543,-2.8676114478500767,0.004135831119101763,**,2020-05-04
12,solar_16,0.25809588254340143,0.06079760737251617,4.245165125693332,2.1843250335606967e-05,***,2020-05-04
13,Holidays,0.008363879966804155,0.019291934732923923,0.4335428293011081,0.6646204582151507,,2020-05-04
17,cos_336_1,-2.792393737351507,0.8414782139532139,-3.3184385418999853,0.0009052224034387102,***,2020-05-04
15,lag_48*7,0.22076902109425733,0.01527594783905141,14.452066963064887,0.0,***,2020-05-04
16,sin_336_1,6.887480440945982,0.6226143747301622,11.06219310135745,0.0,***,2020-05-04
10,temp_9,2.217035282954639,0.8242045944325544,2.6899089108827594,0.007147152470631912,**,2020-05-04
14,Weekends,-124.89587662478469,6.742358187200927,-18.524064304663543,0.0,***,2020-05-04
9,temp_1,-2.5082494822403274,1.6098411676082067,-1.5580726426364875,0.11921602897376204,,2020-05-04
5,rainfall,-3.206537107821918,1.4935460142709958,-2.14692890422063,0.03179894209395484,*,2020-05-04
7,temperature,-3.9390330015626236,1.3724409333209258,-2.8700929168814997,0.004103511963876594,**,2020-05-04
6,pv_capacity,-2.318218911545459,1.4990134878699226,-1.5464963659797457,0.12198473705604873,,2020-05-04
4,intercept,-15200.929526938227,0.028606162990638985,-531386.5243623392,0.0,***,2020-05-04
3,sma1,-0.7419407257650898,0.012130361388818275,-61.16394244024817,0.0,***,2020-05-04
2,sar1,0.9891077002832626,0.0002664160395310812,3712.643210311927,0.0,***,2020-05-04
1,ma1,0.26441987425422686,0.017068796372637533,15.491418872282658,0.0,***,2020-05-04
0,ar1,0.9997738482732754,4.966981779946722e-06,201283.9773863635,0.0,***,2020-05-04
8,solar_power,-0.8303217298768537,0.05878781375918009,-14.124045049169629,0.0,***,2020-05-04
11,solar_4,-0.19117509548096384,0.04652047514033384,-4.109482865432142,3.965461351218558e-05,***,2020-05-05
12,solar_16,0.24814119918476596,0.04137920711794964,5.996760606781329,2.0129247157996133e-09,***,2020-05-05
13,Holidays,-0.01235661639680797,0.019288909943558044,-0.6406072936710834,0.5217778596149345,,2020-05-05
17,cos_336_1,-0.2274155472368483,0.21324301989296773,-1.0664618581700547,0.2862149117491457,,2020-05-05
16,sin_336_1,11.129743707708656,0.5399601942894187,20.61215590596501,0.0,***,2020-05-05
10,temp_9,3.54196914255458,0.3007180980780406,11.778370391380264,0.0,***,2020-05-05
15,lag_48*7,0.24319622244160521,0.01704432589444823,14.26845649089709,0.0,***,2020-05-05
9,temp_1,-4.02646087843191,0.12121216683580555,-33.21828974385194,0.0,***,2020-05-05
14,Weekends,-101.76444038195406,1.256446022978442,-80.99388156820177,0.0,***,2020-05-05
7,temperature,-6.818457024538684,0.11181284003588576,-60.98098413697689,0.0,***,2020-05-05
1,ma1,0.2716812056041411,0.014890870713172254,18.244816628742587,0.0,***,2020-05-05
2,sar1,0.9916554150783243,0.001973500063545679,502.48562611985506,0.0,***,2020-05-05
8,solar_power,-0.8201608122402142,0.05950560612934736,-13.782916696242541,0.0,***,2020-05-05
0,ar1,0.9963989102977052,0.0012645475550429823,787.9489437341385,0.0,***,2020-05-05
4,intercept,-16735.851143886885,0.019312462221322445,-866582.9841939686,0.0,***,2020-05-05
5,rainfall,0.658425520208806,0.31588202928439246,2.0844032238884265,0.037123504837237586,*,2020-05-05
6,pv_capacity,-10.393511585044799,1.1482636032146927,-9.05150311822738,0.0,***,2020-05-05
3,sma1,-0.7427582441347096,0.017884295728134336,-41.531310789401324,0.0,***,2020-05-05
10,temp_9,2.9574773247363497,0.04324621592384658,68.38696199325857,0.0,***,2020-05-06
16,sin_336_1,6.268503360316493,0.984272800733703,6.368664617821182,1.9068102652397556e-10,***,2020-05-06
15,lag_48*7,0.2349687589468646,0.01687591395243892,13.923320515207221,0.0,***,2020-05-06
14,Weekends,-91.3643695830385,3.736306341821564,-24.453125955002815,0.0,***,2020-05-06
13,Holidays,0.0001277626707335,0.01931567064810601,0.006614456886384513,0.9947224654552231,,2020-05-06
12,solar_16,0.2266922986884652,0.0670584350415335,3.3805187751259096,0.0007234913200078186,***,2020-05-06
11,solar_4,-0.1531431844186234,0.06719079127644628,-2.2792287679503445,0.02265346984446559,*,2020-05-06
9,temp_1,-6.087242309456332,0.706954191671806,-8.610518731151753,0.0,***,2020-05-06
17,cos_336_1,-2.612122346282115,0.01979192045063158,-131.97922620989308,0.0,***,2020-05-06
7,temperature,-6.547762322928983,0.15088340134348166,-43.396173897373856,0.0,***,2020-05-06
0,ar1,0.99525232688151,0.00287180089266114,346.56035152885,0.0,***,2020-05-06
1,ma1,0.2757556593635844,0.014607790430618772,18.877301168394684,0.0,***,2020-05-06
2,sar1,0.9954770647854467,0.0008795192883294127,1131.842221079981,0.0,***,2020-05-06
8,solar_power,-0.8319774155597702,0.0565018296876817,-14.724787146869238,0.0,***,2020-05-06
4,intercept,-17561.076244763957,0.01948940804676819,-901057.4463125372,0.0,***,2020-05-06
5,rainfall,-0.8593227628149824,1.1060748261737023,-0.7769119615421308,0.43721071359680774,,2020-05-06
6,pv_capacity,-0.13931104488960178,2.7795051808952813,-0.05012080777799793,0.9600261183664063,,2020-05-06
3,sma1,-0.7530324063745275,0.01562145157187597,-48.20502133938993,0.0,***,2020-05-06
9,temp_1,-4.40969706599004,0.9997483236661526,-4.41080716176582,1.0298600379377021e-05,***,2020-05-07
16,sin_336_1,1.5368304074071575,0.6853033784610902,2.242554838790153,0.024925535255184483,*,2020-05-07
15,lag_48*7,0.2619522591139169,0.018144546004115636,14.436969602573665,0.0,***,2020-05-07
14,Weekends,-82.94608324901871,1.2663927889890036,-65.49791184079378,0.0,***,2020-05-07
13,Holidays,0.000721553532430641,0.019287916801226903,0.03740961452015093,0.970158406759539,,2020-05-07
12,solar_16,0.27046820246458364,0.06227946365151567,4.342815217195619,1.4066844397309097e-05,***,2020-05-07
11,solar_4,-0.18909070656248703,0.06272368266377372,-3.0146620627506144,0.0025726572631239453,**,2020-05-07
10,temp_9,3.0973437322881168,0.8269024439897477,3.7457184397032925,0.00017987824953236142,***,2020-05-07
17,cos_336_1,-5.240598739118173,0.42980762498259095,-12.19289383088641,0.0,***,2020-05-07
8,solar_power,-0.8186758269243263,0.06156790388081646,-13.297120339018267,0.0,***,2020-05-07
6,pv_capacity,0.4734021130016814,0.17955876563252943,2.6364745343065468,0.008377248787999614,**,2020-05-07
5,rainfall,-0.1529038322855781,1.1546270434152706,-0.13242703187802007,0.8946465346146488,,2020-05-07
4,intercept,-17207.271578649685,0.01935574492646381,-889000.7408148543,0.0,***,2020-05-07
3,sma1,-0.6697753305452866,0.017223055025639363,-38.888299987906635,0.0,***,2020-05-07
2,sar1,0.9796517108433245,0.00014533425030619184,6740.680251072154,0.0,***,2020-05-07
1,ma1,0.2714726949134636,0.015202720804270898,17.856849336942293,0.0,***,2020-05-07
0,ar1,0.9997751854763716,1.3487289358018763e-06,741272.1407077716,0.0,***,2020-05-07
7,temperature,-4.533789088428705,0.29702891411978716,-15.263797135252288,0.0,***,2020-05-07
11,solar_4,-0.1321550832847426,0.020219828417902704,-6.535915169672362,6.322165013727954e-11,***,2020-05-08
12,solar_16,0.2434927286059685,0.019952831027618297,12.203417563599414,0.0,***,2020-05-08
13,Holidays,-0.005912610787483841,0.019287918763827506,-0.3065447786192635,0.7591898912865676,,2020-05-08
17,cos_336_1,-1.4801876575608854,0.019290380807088163,-76.73190448459147,0.0,***,2020-05-08
15,lag_48*7,0.24228850447516714,0.018808165211012428,12.882091461707494,0.0,***,2020-05-08
16,sin_336_1,12.164079267746494,0.01942461920032656,626.2197030633164,0.0,***,2020-05-08
10,temp_9,5.761933519661144,0.01985494910217285,290.2013744789998,0.0,***,2020-05-08
14,Weekends,-107.6611711390048,0.01965589954115589,-5477.295552593858,0.0,***,2020-05-08
9,temp_1,-7.881287005568455,0.02006248687722786,-392.8369924325879,0.0,***,2020-05-08
8,solar_power,-0.8379637823028252,0.0196866843041653,-42.565003296442825,0.0,***,2020-05-08
7,temperature,-6.139545427155965,0.01936528983389313,-317.03865420131916,0.0,***,2020-05-08
6,pv_capacity,-14.264128851280592,0.02005450223556107,-711.2681573311322,0.0,***,2020-05-08
5,rainfall,-0.17592873121339964,0.019565223847760074,-8.991909961384922,0.0,***,2020-05-08
4,intercept,-14813.103041793953,0.019287923213342214,-767998.8601130032,0.0,***,2020-05-08
3,sma1,-0.7625122034286982,0.016925761781688038,-45.050392015658595,0.0,***,2020-05-08
2,sar1,0.9962951802095004,0.0012087504164995978,824.2356458454481,0.0,***,2020-05-08
1,ma1,0.24280060811327467,0.0139344780669138,17.42444940867814,0.0,***,2020-05-08
0,ar1,0.9950498230158389,0.0008482484563880637,1173.0641129049284,0.0,***,2020-05-08
17,cos_336_1,-2.265025734681257,1.0801643692965277,-2.0969269113703377,0.03600004584354277,*,2020-05-09
16,sin_336_1,7.524971184317464,0.8290619943808044,9.076487928912464,0.0,***,2020-05-09
15,lag_48*7,0.22457458592977447,0.018137006368256513,12.382119814592233,0.0,***,2020-05-09
14,Weekends,-81.34512471121916,1.5673567007645128,-51.89956100710277,0.0,***,2020-05-09
13,Holidays,0.023396446382646208,0.019289185825074148,1.2129307371922875,0.22515630275064247,,2020-05-09
12,solar_16,0.38364520770512955,0.05257780774250789,7.29671365500775,2.948752353404416e-13,***,2020-05-09
11,solar_4,-0.09480712897184755,0.06909084257454516,-1.3722097667220652,0.16999814585934292,,2020-05-09
10,temp_9,3.2754736288203428,0.2923434202766239,11.20419821907055,0.0,***,2020-05-09
9,temp_1,-5.313959466864515,1.4726808373390714,-3.608357854690428,0.0003081412672345518,***,2020-05-09
0,ar1,0.9967685593257034,0.0010203645817336254,976.8749103699466,0.0,***,2020-05-09
7,temperature,-7.456103280884811,0.3125540022475034,-23.85540811274116,0.0,***,2020-05-09
6,pv_capacity,-5.578893163215424,2.299087864271167,-2.4265680533196963,0.015242391339014949,*,2020-05-09
5,rainfall,0.4610220980730473,0.11476116315974698,4.0172309636780765,5.888600340653305e-05,***,2020-05-09
4,intercept,-9958.826581368736,0.019448160046338116,-512070.37363125145,0.0,***,2020-05-09
3,sma1,-0.7058415350594808,0.017779788090335435,-39.69909716995757,0.0,***,2020-05-09
2,sar1,0.9871665966939422,0.001977186191905741,499.278520523374,0.0,***,2020-05-09
1,ma1,0.28259216597993997,0.01653182592943538,17.09382660972595,0.0,***,2020-05-09
8,solar_power,-0.8334148187328393,0.06254888474922185,-13.324215484804588,0.0,***,2020-05-09
11,solar_4,-0.1279757730392018,0.019300129691411236,-6.6308245118245175,3.338174181521936e-11,***,2020-05-10
12,solar_16,0.15838353078406398,0.019329550731678604,8.193854734786676,2.220446049250313e-16,***,2020-05-10
13,Holidays,0.016774961588327253,0.01928791874373938,0.8697134103062415,0.3844570418074307,,2020-05-10
10,temp_9,-0.4824390895813326,0.019288160875223073,-25.012187149530554,0.0,***,2020-05-10
15,lag_48*7,0.19583253687851093,0.019253727055508027,10.171149529331672,0.0,***,2020-05-10
16,sin_336_1,28.078047487869696,0.019288766203902206,1455.6684025849916,0.0,***,2020-05-10
17,cos_336_1,-1.18092750561481,0.019287924369167462,-61.22626172791154,0.0,***,2020-05-10
14,Weekends,-137.0633371041079,0.019288110934326665,-7106.10476945044,0.0,***,2020-05-10
9,temp_1,-11.306791976158856,0.019289465608930086,-586.1640859000448,0.0,***,2020-05-10
0,ar1,0.9809461779433842,0.0007273196215365628,1348.714030113749,0.0,***,2020-05-10
7,temperature,-5.891450370615969,0.01928800260717851,-305.44636946613224,0.0,***,2020-05-10
6,pv_capacity,-14.119840448610015,0.01928805918941099,-732.0508668058064,0.0,***,2020-05-10
5,rainfall,1.9261338050329466,0.019287950054725094,99.86202782400348,0.0,***,2020-05-10
4,intercept,-9483.349131976334,0.019287918738257564,-491673.0135930178,0.0,***,2020-05-10
3,sma1,-0.743734545255375,0.02378578669436426,-31.26802383339263,0.0,***,2020-05-10
2,sar1,0.9996784010996029,1.282621197510463e-05,77940.2681820599,0.0,***,2020-05-10
1,ma1,0.29905423997051234,0.01777170320046567,16.82755088790118,0.0,***,2020-05-10
8,solar_power,-0.8078937669725506,0.019304335269807377,-41.85038001469666,0.0,***,2020-05-10
11,solar_4,-0.1556399708887182,0.0198952171800901,-7.8229842619900145,5.10702591327572e-15,***,2020-05-11
17,cos_336_1,-1.0883210489274986,0.01929423358905088,-56.40654467587149,0.0,***,2020-05-11
12,solar_16,0.24408297308702043,0.019751871058630372,12.35746083814024,0.0,***,2020-05-11
16,sin_336_1,22.718059988746138,0.019528113308842368,1163.3515040318491,0.0,***,2020-05-11
14,Weekends,-116.4232868343398,0.01936134313060685,-6013.182352534996,0.0,***,2020-05-11
15,lag_48*7,0.18975588198376242,0.019071092844202674,9.949921776058332,0.0,***,2020-05-11
10,temp_9,2.8904165031119984,0.0192896091091957,149.84318690699052,0.0,***,2020-05-11
13,Holidays,0.02122934216241046,0.019287918754641215,1.100654893483626,0.2710468847232086,,2020-05-11
9,temp_1,-10.40057569890444,0.020041613273076773,-518.9490265674482,0.0,***,2020-05-11
5,rainfall,-0.14536587724613786,0.01933160629183629,-7.5195964086815525,5.484501741648273e-14,***,2020-05-11
7,temperature,-5.736077539520368,0.01933538816074548,-296.6621353465092,0.0,***,2020-05-11
6,pv_capacity,-11.398242962138529,0.01939896989537189,-587.56949588637,0.0,***,2020-05-11
4,intercept,-9487.12953679122,0.019287918773021544,-491869.01129328104,0.0,***,2020-05-11
3,sma1,-0.7857203222037246,0.013934510667510959,-56.38664614435817,0.0,***,2020-05-11
2,sar1,0.9987556156402103,0.0002578528462185506,3873.355017356241,0.0,***,2020-05-11
1,ma1,0.31178605745699695,0.015282872051577679,20.401012087568365,0.0,***,2020-05-11
0,ar1,0.9920166971089859,0.0015444507840514043,642.3103328075804,0.0,***,2020-05-11
8,solar_power,-0.84605147185385,0.019393612232899763,-43.62526494257677,0.0,***,2020-05-11
17,cos_336_1,-7.039385873317254,0.019288087724415974,-364.9602787945844,0.0,***,2020-05-12
16,sin_336_1,19.714764526820463,0.019290803193546226,1021.977381087796,0.0,***,2020-05-12
15,lag_48*7,0.14831027729233842,0.01312978579700207,11.295711871110813,0.0,***,2020-05-12
14,Weekends,-128.26335288997848,0.01929214823510817,-6648.474359976289,0.0,***,2020-05-12
13,Holidays,0.016356426258716528,0.019287918724253002,0.8480140596066303,0.3964301407784161,,2020-05-12
12,solar_16,0.25975654262668835,0.019384691896644424,13.400086212959275,0.0,***,2020-05-12
11,solar_4,-0.11729697366019587,0.019777201497277824,-5.930918673015536,3.0124440719703216e-09,***,2020-05-12
10,temp_9,0.7199447470398808,0.019287960581001583,37.32612082114156,0.0,***,2020-05-12
9,temp_1,-7.441409380296228,0.019299433235967386,-385.57657571145904,0.0,***,2020-05-12
0,ar1,0.9999643957123088,2.0755030023490464e-09,481793760.15382916,0.0,***,2020-05-12
7,temperature,-5.441262044602773,0.019288347204418608,-282.1010005126971,0.0,***,2020-05-12
6,pv_capacity,-33.02195345419762,0.01930601708714638,-1710.4487841867228,0.0,***,2020-05-12
5,rainfall,-1.0684960259200276,0.019294591757906546,-55.378006403383935,0.0,***,2020-05-12
4,intercept,-10408.043569311165,0.019287916183551617,-539614.724072005,0.0,***,2020-05-12
3,sma1,-1.8214236658809537,0.008522878123591397,-213.7099274996363,0.0,***,2020-05-12
2,sar1,0.999883253822511,5.709535338220335e-09,175125153.7282148,0.0,***,2020-05-12
1,ma1,2.049601469519872,0.0023554237646536374,870.1625160945354,0.0,***,2020-05-12
8,solar_power,-0.7864183558878729,0.01945010377068865,-40.43260463592009,0.0,***,2020-05-12
11,solar_4,-0.2130393215218378,0.019436024371829404,-10.961054454666009,0.0,***,2020-05-13
12,solar_16,0.2676607439833507,0.021413400227179892,12.499684363233946,0.0,***,2020-05-13
13,Holidays,-0.009652453691197105,0.019287918745108417,-0.5004403958122776,0.6167650154096458,,2020-05-13
10,temp_9,0.10551240485106052,0.019292897836304675,5.468976498310747,4.526417551886652e-08,***,2020-05-13
15,lag_48*7,0.21497480372476194,0.019301045100707806,11.137987741237826,0.0,***,2020-05-13
16,sin_336_1,12.700797914996263,0.019316432416984986,657.5126110672704,0.0,***,2020-05-13
17,cos_336_1,-7.19927334115838,0.019290446582064098,-373.20407853347115,0.0,***,2020-05-13
14,Weekends,-165.24697604649558,0.01945170469340515,-8495.243920833347,0.0,***,2020-05-13
9,temp_1,-4.03293306439129,0.019310190667525817,-208.84998671574607,0.0,***,2020-05-13
0,ar1,0.9788034295522354,0.0009380283090753732,1043.4689657895879,0.0,***,2020-05-13
7,temperature,-6.13913178942058,0.01928794351481882,-318.2885611783298,0.0,***,2020-05-13
6,pv_capacity,-27.05636019009306,0.01961927059709976,-1379.0706466983893,0.0,***,2020-05-13
5,rainfall,-1.074689058791744,0.019500683348637072,-55.11032816533864,0.0,***,2020-05-13
4,intercept,-11302.619039386958,0.01928791913289394,-585994.7338804051,0.0,***,2020-05-13
3,sma1,-0.8168779812351055,0.013319988765479856,-61.327227493774636,0.0,***,2020-05-13
2,sar1,0.9998643063488973,3.5535206184831806e-05,28137.28731861669,0.0,***,2020-05-13
1,ma1,0.3013872959447909,0.01884993519168234,15.988770936346778,0.0,***,2020-05-13
8,solar_power,-0.9114479808706459,0.019653411964562998,-46.37606856835214,0.0,***,2020-05-13
17,cos_336_1,-1.8784762698346666,0.09976276476449239,-18.829432747469873,0.0,***,2020-05-14
11,solar_4,-0.2171482477510028,0.03668919836131401,-5.918587961844629,3.2471731969963002e-09,***,2020-05-14
12,solar_16,0.2983305562080454,0.0450428734068492,6.623257657507289,3.5136782372546804e-11,***,2020-05-14
16,sin_336_1,18.14597372355593,0.4614308410576498,39.32544621846988,0.0,***,2020-05-14
14,Weekends,-99.4165732443355,0.302300590862058,-328.8666190192794,0.0,***,2020-05-14
15,lag_48*7,0.23921534934614455,0.01832373467073281,13.054945055945725,0.0,***,2020-05-14
10,temp_9,2.3904993959633907,0.09359986629451296,25.539559943832177,0.0,***,2020-05-14
13,Holidays,0.022212130572196453,0.01928792580584523,1.1516080472201442,0.24948217308340315,,2020-05-14
9,temp_1,-2.444604693823265,0.019808257745049372,-123.41341299611466,0.0,***,2020-05-14
6,pv_capacity,-29.425349776582873,0.731465329869952,-40.227948714690875,0.0,***,2020-05-14
7,temperature,-5.736807552191682,0.020163415327184256,-284.51566657248463,0.0,***,2020-05-14
5,rainfall,0.2590996783896222,0.6202645330865576,0.4177244781356296,0.6761485732681982,,2020-05-14
4,intercept,-12122.51627537151,0.01928797455067817,-628501.2583109863,0.0,***,2020-05-14
3,sma1,-0.7165126224849908,0.015383117472511657,-46.57785548120132,0.0,***,2020-05-14
2,sar1,0.9876999298421808,0.0010992913423402298,898.4878637718666,0.0,***,2020-05-14
1,ma1,0.29501957516383576,0.01384888843794245,21.302762058184886,0.0,***,2020-05-14
0,ar1,0.9998600218297747,0.00010805100345642811,9253.593116633769,0.0,***,2020-05-14
8,solar_power,-0.8411192773860154,0.06416862798697333,-13.107951716791707,0.0,***,2020-05-14
17,cos_336_1,-6.062400100639852,0.01930884433177914,-313.97011630893684,0.0,***,2020-05-15
16,sin_336_1,20.838379775779817,0.01979437720352138,1052.7423804004661,0.0,***,2020-05-15
14,Weekends,-114.66682215646513,0.019569287313872013,-5859.529798777172,0.0,***,2020-05-15
13,Holidays,0.01998993510592917,0.019287919342985006,1.0363966558787734,0.30001712985545304,,2020-05-15
12,solar_16,0.24693192226644678,0.02173495648995174,11.361049762423292,0.0,***,2020-05-15
11,solar_4,-0.2752179169213275,0.036708981891240264,-7.49729092832732,6.505906924303417e-14,***,2020-05-15
10,temp_9,3.297443124940079,0.019563559854636887,168.55026127356524,0.0,***,2020-05-15
9,temp_1,0.24480019541503673,0.01976591880299137,12.384964132200558,0.0,***,2020-05-15
15,lag_48*7,0.1978862081512578,0.018443355285983093,10.729403900907926,0.0,***,2020-05-15
7,temperature,-4.077591364930241,0.019511643480865933,-208.98246572252742,0.0,***,2020-05-15
6,pv_capacity,-30.16441502920743,0.020651170952407167,-1460.6636639987414,0.0,***,2020-05-15
5,rainfall,-0.7243387927474412,0.019814539274530182,-36.55592404707153,0.0,***,2020-05-15
4,intercept,-13856.547869621705,0.0192879187377178,-718405.5500257282,0.0,***,2020-05-15
3,sma1,-0.765762369701556,0.013781310683579101,-55.56527875204118,0.0,***,2020-05-15
2,sar1,0.9996671133379845,0.0001515747092849437,6595.210494243606,0.0,***,2020-05-15
1,ma1,0.27431293896112724,0.013334522361758212,20.57163590259696,0.0,***,2020-05-15
0,ar1,0.9835729057955878,0.0014876314380556338,661.1670610303441,0.0,***,2020-05-15
8,solar_power,-0.9070462054519425,0.024085115542495112,-37.66003131068959,0.0,***,2020-05-15
11,solar_4,-0.2412834442688584,0.04007568635310831,-6.020693997425304,1.736708110655627e-09,***,2020-05-16
12,solar_16,0.24540359792060595,0.05125296464598749,4.788085911042381,1.6837956915427554e-06,***,2020-05-16
13,Holidays,-0.009088246180339432,0.01928800440987333,-0.4711864424754721,0.6375075994596004,,2020-05-16
17,cos_336_1,-0.6912205297880873,0.07971352164835448,-8.671308399060754,0.0,***,2020-05-16
15,lag_48*7,0.22358185115955845,0.018893010527192108,11.8341039845272,0.0,***,2020-05-16
16,sin_336_1,17.98141579439317,0.15955994554369024,112.69379500677725,0.0,***,2020-05-16
10,temp_9,0.3038697780244156,0.044252882644772985,6.866666302026943,6.571854171966152e-12,***,2020-05-16
14,Weekends,-158.57278757421784,0.1911196483861485,-829.7042659571495,0.0,***,2020-05-16
9,temp_1,-8.677303849751492,0.1867377491654433,-46.4678614181201,0.0,***,2020-05-16
5,rainfall,1.4700065142714898,0.05389571583104732,27.275016049136017,0.0,***,2020-05-16
7,temperature,-8.68489277491242,0.019888896598026912,-436.6704171901627,0.0,***,2020-05-16
6,pv_capacity,-16.186292703775486,0.1589761359063435,-101.81586444717215,0.0,***,2020-05-16
4,intercept,-15018.744249084457,0.019288063831693653,-778654.8396011651,0.0,***,2020-05-16
3,sma1,-0.7493373896067177,0.01631157865451273,-45.93898637759427,0.0,***,2020-05-16
2,sar1,0.992944035382117,0.0013916737769232388,713.4890747006475,0.0,***,2020-05-16
1,ma1,0.27703495159625036,0.014427548349165339,19.2018037224098,0.0,***,2020-05-16
0,ar1,0.9961508558453585,0.0013453172887941183,740.4579307371149,0.0,***,2020-05-16
8,solar_power,-0.8435514566522289,0.05932527533845528,-14.219090460848308,0.0,***,2020-05-16
12,solar_16,0.2531713895758885,0.048129325387543845,5.260231418938831,1.4387421276573775e-07,***,2020-05-17
11,solar_4,-0.27752636545176895,0.05878235235118596,-4.7212531372295405,2.3439599907693065e-06,***,2020-05-17
13,Holidays,-0.007082642227577596,0.019288188820082746,-0.36720100024130786,0.7134690932746566,,2020-05-17
10,temp_9,-0.9300714747517164,0.41585704619636116,-2.2365172918401175,0.025317905904353344,*,2020-05-17
15,lag_48*7,0.2288533838174593,0.01887791426663183,12.12281084579218,0.0,***,2020-05-17
16,sin_336_1,21.25780134817699,0.7889559240610546,26.94421918876665,0.0,***,2020-05-17
17,cos_336_1,-3.2821579993149688,0.08191993161041028,-40.06543871306011,0.0,***,2020-05-17
14,Weekends,-144.24417903297837,0.6228206552816917,-231.5982583585624,0.0,***,2020-05-17
9,temp_1,-6.489184157372884,0.20058698930605218,-32.35097241263141,0.0,***,2020-05-17
0,ar1,0.9964309940773903,0.0006620015876113213,1505.1791607823475,0.0,***,2020-05-17
7,temperature,-8.218484835715465,0.08120912301958685,-101.20149719795947,0.0,***,2020-05-17
6,pv_capacity,-16.273011251736825,0.5834447578741461,-27.89126310951799,0.0,***,2020-05-17
5,rainfall,0.927913236306551,0.03946960809577962,23.509562954230862,0.0,***,2020-05-17
4,intercept,-17103.37490335483,0.019371988706084413,-882892.054236174,0.0,***,2020-05-17
3,sma1,-0.7599326367030048,0.015161350522855319,-50.12301744210895,0.0,***,2020-05-17
2,sar1,0.9923700804806941,0.0015211418709868176,652.3849611982012,0.0,***,2020-05-17
1,ma1,0.28549776386920434,0.014119225001909796,20.220498209397988,0.0,***,2020-05-17
8,solar_power,-0.8212675243412082,0.06642360696387271,-12.364091049555459,0.0,***,2020-05-17
17,cos_336_1,-3.7869882354806217,0.28877875970496614,-13.113804627977618,0.0,***,2020-05-18
16,sin_336_1,10.181647980679847,2.1207505820617922,4.8009643693136494,1.57903365072265e-06,***,2020-05-18
15,lag_48*7,0.2251460758150901,0.019146380111338086,11.759198057588092,0.0,***,2020-05-18
14,Weekends,-61.64218041223896,8.02223222314356,-7.683918727060247,1.532107773982716e-14,***,2020-05-18
13,Holidays,-0.6737056044949187,0.06983100475442662,-9.647657324481102,0.0,***,2020-05-18
12,solar_16,0.20346733215365287,0.07328973962343635,2.776204871228506,0.005499754094875575,**,2020-05-18
11,solar_4,-0.19818242848855677,0.07011766318691677,-2.8264266018142994,0.004707053001849371,**,2020-05-18
10,temp_9,1.8609436440228495,1.1625442326243223,1.6007508289142371,0.10943211828450106,,2020-05-18
9,temp_1,-10.32803253929313,0.739346265627891,-13.969141415114922,0.0,***,2020-05-18
0,ar1,0.9977753774226764,0.00012710874013786434,7849.777885773015,0.0,***,2020-05-18
7,temperature,-12.444831832551097,0.975230383723975,-12.760914795363297,0.0,***,2020-05-18
6,pv_capacity,24.27411537950798,1.6885645873014834,14.375591885591271,0.0,***,2020-05-18
5,rainfall,1.7506508899851438,0.8806977792460124,1.9877998233218213,0.04683383329553226,*,2020-05-18
4,intercept,-18555.12670578784,0.6776044680645787,-27383.418469459462,0.0,***,2020-05-18
3,sma1,-0.7482965853560465,0.013659080019637218,-54.783820307095695,0.0,***,2020-05-18
2,sar1,0.9949274818445896,0.00021231618527763822,4686.065174652412,0.0,***,2020-05-18
1,ma1,0.28149310092564017,0.015529560870304854,18.126275641438294,0.0,***,2020-05-18
8,solar_power,-0.8305830059227722,0.0677048772989126,-12.267698267228262,0.0,***,2020-05-18
11,solar_4,-0.3854610576991263,0.6657290826918945,-0.5790058865094245,0.562585201254383,,2020-05-19
12,solar_16,0.14916441330294017,0.27461088812897083,0.543184628691362,0.5870026888872784,,2020-05-19
13,Holidays,0.006463004531906069,0.019512874750757678,0.3312174456331768,0.7404802435422915,,2020-05-19
10,temp_9,1.5442567080750553,19.403928287330842,0.07958474620231033,0.9365675274982279,,2020-05-19
15,lag_48*7,0.23970170758795098,0.027417757149145097,8.742571694834092,0.0,***,2020-05-19
16,sin_336_1,13.629431957287649,13.785345798496904,0.9886898853689796,0.3228148930436694,,2020-05-19
17,cos_336_1,-4.264446037305297,5.069418586425289,-0.8412100844709254,0.40023025201281026,,2020-05-19
14,Weekends,-148.22043363857108,17.968809076322135,-8.248762230652456,2.220446049250313e-16,***,2020-05-19
9,temp_1,-5.728488901279266,25.793449070961092,-0.2220908450637779,0.8242431644909096,,2020-05-19
0,ar1,0.9999252205336994,0.0009047760348195043,1105.1632470937147,0.0,***,2020-05-19
7,temperature,-9.28896727039698,4.771973787223301,-1.9465671197246899,0.051586653770854474,.,2020-05-19
6,pv_capacity,-13.433985374555178,16.054516544560563,-0.836772962752762,0.40272019775678247,,2020-05-19
5,rainfall,1.5944689766343176,4.431395676252874,0.3598119177618953,0.7189877902120569,,2020-05-19
4,intercept,-19603.179363088988,0.030215120542715055,-648787.064588275,0.0,***,2020-05-19
3,sma1,-0.750813381277362,0.03308321721532833,-22.694690676258965,0.0,***,2020-05-19
2,sar1,0.9912200742519618,0.0051591821861695425,192.12736408285235,0.0,***,2020-05-19
1,ma1,0.2815728447247587,0.038048079262454584,7.400448332292338,1.3566925360919413e-13,***,2020-05-19
8,solar_power,-0.8124050722139343,1.0336155922780121,-0.7859837625160566,0.4318769999490004,,2020-05-19
11,solar_4,-0.22822337948144594,0.050311922627463916,-4.536168915096577,5.728530510173968e-06,***,2020-05-20
12,solar_16,0.24461250431503068,0.06176742440965961,3.960218620946359,7.488117861398358e-05,***,2020-05-20
13,Holidays,0.0006670668658219636,0.019287918778811686,0.034584699026976154,0.9724109026090015,,2020-05-20
17,cos_336_1,-6.401483421372617,0.02081079576129634,-307.6039712656263,0.0,***,2020-05-20
15,lag_48*7,0.2348460193941096,0.01777762490252332,13.210202188526097,0.0,***,2020-05-20
16,sin_336_1,16.22401053108231,0.10094779875829309,160.71683316174807,0.0,***,2020-05-20
10,temp_9,-2.737603067631284,0.11986480129596082,-22.83909069245281,0.0,***,2020-05-20
14,Weekends,-164.87041255937555,0.14582393354670173,-1130.6128462552683,0.0,***,2020-05-20
9,temp_1,-13.578914055888818,0.3047053614984064,-44.56407983474172,0.0,***,2020-05-20
8,solar_power,-0.8726223667287437,0.06861895498217158,-12.71692882754432,0.0,***,2020-05-20
7,temperature,-9.984541742663206,0.021592491925068992,-462.40803411259367,0.0,***,2020-05-20
6,pv_capacity,-10.250764252570388,0.07280582413462802,-140.7959373362124,0.0,***,2020-05-20
5,rainfall,0.5961359101724332,0.03511690177378736,16.975754695347653,0.0,***,2020-05-20
4,intercept,-19973.464616107587,0.019289862662089877,-1035438.4044092332,0.0,***,2020-05-20
3,sma1,-0.7664190615965666,0.016708175338847712,-45.87090128355231,0.0,***,2020-05-20
2,sar1,0.993669782992699,0.0016852692778153249,589.6207781588643,0.0,***,2020-05-20
1,ma1,0.2856931795444361,0.013569696822778022,21.053762900942125,0.0,***,2020-05-20
0,ar1,0.9961788111038603,0.001067871268191967,932.8641389429921,0.0,***,2020-05-20
16,sin_336_1,-0.7303881252385818,1.320021598291429,-0.5533152837680537,0.5800475372180149,,2020-05-21
15,lag_48*7,0.24419676215543085,0.018855397650258877,12.95102689876594,0.0,***,2020-05-21
14,Weekends,-128.3712561080839,2.8209469298692826,-45.50644138279921,0.0,***,2020-05-21
13,Holidays,-0.004368918922728553,0.019288575791402873,-0.2265029295048226,0.8208102810189692,,2020-05-21
12,solar_16,0.20791200229741014,0.07730643516417107,2.6894527196329747,0.007156928460699596,**,2020-05-21
11,solar_4,-0.3373596106568263,0.07632569737723291,-4.420000370117245,9.870073220508147e-06,***,2020-05-21
10,temp_9,-0.39508282786106086,1.170238422051635,-0.3376088328807481,0.7356579849629004,,2020-05-21
9,temp_1,-5.784432371558695,1.4132299561119996,-4.093058137171466,4.2572092562087605e-05,***,2020-05-21
17,cos_336_1,-7.524771001493434,0.2121987381990395,-35.46096016101332,0.0,***,2020-05-21
7,temperature,-7.1223210229962515,0.12021107378184713,-59.24846022024121,0.0,***,2020-05-21
0,ar1,0.999719913038626,2.2108418470725478e-05,45218.970066194,0.0,***,2020-05-21
1,ma1,0.28258918219732204,0.014122063577161418,20.01047372809827,0.0,***,2020-05-21
2,sar1,0.9905382673228296,0.0003018014151402549,3282.0862250181995,0.0,***,2020-05-21
8,solar_power,-0.8850010597766553,0.07710918333140121,-11.477245919893642,0.0,***,2020-05-21
4,intercept,-19901.502460066673,0.019726926964357062,-1008849.6041996322,0.0,***,2020-05-21
5,rainfall,-1.921999449738364,0.25399063014301587,-7.567206115659201,3.8191672047105385e-14,***,2020-05-21
6,pv_capacity,12.07366500548064,2.1931629856933137,5.505138051408364,3.688790917166784e-08,***,2020-05-21
3,sma1,-0.7467915402965895,0.012145969097861985,-61.484722567591966,0.0,***,2020-05-21
9,temp_1,-3.0852116402067713,1.4659147352688706,-2.104632395035512,0.035323319457598146,*,2020-05-22
16,sin_336_1,0.1644670119316308,3.0623386055362367,0.05370634443699327,0.9571691279695902,,2020-05-22
15,lag_48*7,0.22668465709140675,0.016158177963593028,14.029097686766647,0.0,***,2020-05-22
14,Weekends,-125.4884326006469,5.309577237217367,-23.63435486370524,0.0,***,2020-05-22
13,Holidays,0.0015402040329932642,0.019288092612094188,0.07985258386967263,0.9363545019315624,,2020-05-22
12,solar_16,0.16829837102597978,0.06322935520341284,2.6617125935343364,0.007774422899986755,**,2020-05-22
11,solar_4,-0.4203586959191493,0.07119364331123135,-5.904441413139963,3.5384357666146116e-09,***,2020-05-22
10,temp_9,-0.07946275216885693,0.5419977279888928,-0.14661085843239063,0.8834391825148398,,2020-05-22
17,cos_336_1,-5.802160287935777,0.030979058287886063,-187.2929846355153,0.0,***,2020-05-22
8,solar_power,-1.0020368755164806,0.06769685026708101,-14.801824184776608,0.0,***,2020-05-22
6,pv_capacity,2.2885136326372493,3.5934866437204382,0.6368504629442246,0.5242222523437003,,2020-05-22
5,rainfall,-1.5339344980282559,1.3608570660953807,-1.1271826676327406,0.2596652570459681,,2020-05-22
4,intercept,-18894.706067291063,0.022325821309731472,-846316.2812762978,0.0,***,2020-05-22
3,sma1,-1.2381041164310413,0.014284693565259956,-86.67348100781678,0.0,***,2020-05-22
2,sar1,0.999130154178318,2.4032353588420455e-07,4157437.8077548356,0.0,***,2020-05-22
1,ma1,3.3125707045117023,0.20225364284759775,16.37829933677779,0.0,***,2020-05-22
0,ar1,0.9997997414833557,6.373803941749536e-07,1568607.617398602,0.0,***,2020-05-22
7,temperature,-7.4852381747675025,0.6915938107028817,-10.8231711431311,0.0,***,2020-05-22
11,solar_4,-0.40172312758364825,0.07271867756623684,-5.524345890610195,3.30715370644441e-08,***,2020-05-23
17,cos_336_1,-3.4258360443241713,0.09195490217252292,-37.25561077642956,0.0,***,2020-05-23
16,sin_336_1,11.008463122109303,0.1925502129627492,57.17190831795653,0.0,***,2020-05-23
15,lag_48*7,0.2500483056528426,0.017799266972186267,14.048236146105145,0.0,***,2020-05-23
14,Weekends,-151.67205383120955,0.36768765672812737,-412.5024353030096,0.0,***,2020-05-23
13,Holidays,0.003951320368036804,0.019288082489172187,0.2048581226389388,0.8376829745573555,,2020-05-23
12,solar_16,0.16375669585634345,0.06636141213672267,2.4676493550040774,0.013600347129119728,*,2020-05-23
10,temp_9,-0.3290111344075749,0.12477693348342131,-2.6367945198083387,0.008369351151432669,**,2020-05-23
9,temp_1,-4.9018363866116035,0.10158151380676018,-48.25520119671016,0.0,***,2020-05-23
8,solar_power,-1.003227166733711,0.06447728843054945,-15.559388292426705,0.0,***,2020-05-23
1,ma1,0.28092129284877526,0.01533013789771451,18.32477272697308,0.0,***,2020-05-23
2,sar1,0.9930168949353501,0.00018806460784414914,5280.190176762404,0.0,***,2020-05-23
3,sma1,-0.7647186544762569,0.01242346848356908,-61.55436024067285,0.0,***,2020-05-23
0,ar1,0.9963519176461844,0.00024765258096942107,4023.184065944417,0.0,***,2020-05-23
5,rainfall,1.1955243722603104,0.04271518801621346,27.988273674612497,0.0,***,2020-05-23
6,pv_capacity,-10.769358697957996,0.24760476350207883,-43.494149892910194,0.0,***,2020-05-23
7,temperature,-11.214825905112075,0.24347534126311998,-46.06144444415169,0.0,***,2020-05-23
4,intercept,-14244.33792805395,0.01930962604020336,-737680.6727585872,0.0,***,2020-05-23
10,temp_9,-1.3505997484794032,0.19018181968986958,-7.101623860166197,1.2330136911486989e-12,***,2020-05-24
16,sin_336_1,-1.2119503192660586,1.5785762565342507,-0.7677489853590501,0.4426363277033054,,2020-05-24
15,lag_48*7,0.2656641223290206,0.017340580200316816,15.320371017583762,0.0,***,2020-05-24
14,Weekends,-91.37686988887212,5.694420459235836,-16.046737423589278,0.0,***,2020-05-24
13,Holidays,-0.028437790905117666,0.01975464334803172,-1.4395496999924882,0.1499948392248276,,2020-05-24
12,solar_16,0.18719130637365522,0.07572855662412858,2.4718721010722717,0.013440759314606865,*,2020-05-24
11,solar_4,-0.43791624897573467,0.07544738386160402,-5.804260221653556,6.4650804709742715e-09,***,2020-05-24
9,temp_1,-6.155847690991836,1.7741848492577244,-3.469676619979757,0.0005210853376751423,***,2020-05-24
17,cos_336_1,-5.297750291382612,0.049332553240792006,-107.38852833187678,0.0,***,2020-05-24
7,temperature,-4.156612267177516,0.4987605064296359,-8.333884125935544,0.0,***,2020-05-24
0,ar1,0.9995960736400602,6.850315256106015e-06,145919.71847559456,0.0,***,2020-05-24
1,ma1,0.28124992900864576,0.015829021437621164,17.767992172920636,0.0,***,2020-05-24
2,sar1,0.9874395965421444,0.00042921692259647725,2300.5607294530487,0.0,***,2020-05-24
8,solar_power,-0.9965990389251815,0.0721212983449394,-13.818373515111723,0.0,***,2020-05-24
4,intercept,-14830.680526494529,0.05982537603889031,-247899.49530536408,0.0,***,2020-05-24
5,rainfall,-0.2891449270465194,0.7590307745029865,-0.3809396624739643,0.7032480210265888,,2020-05-24
6,pv_capacity,-7.834673116616398,2.052486908735139,-3.817161066057457,0.0001349960477545764,***,2020-05-24
3,sma1,-0.7252851196049059,0.01453974325914722,-49.88293855523313,0.0,***,2020-05-24
9,temp_1,-5.253115838988646,0.5054960391220658,-10.392001979109748,0.0,***,2020-05-25
16,sin_336_1,12.369105082764383,1.1426627779910523,10.824807914466993,0.0,***,2020-05-25
15,lag_48*7,0.2502101415490843,0.017578268666941243,14.234060605732157,0.0,***,2020-05-25
14,Weekends,-98.02469080441169,1.1833804002732158,-82.83447214587973,0.0,***,2020-05-25
13,Holidays,-0.0010104410090083782,0.01929050513742982,-0.052380225494862535,0.9582257302531032,,2020-05-25
12,solar_16,0.14832448725127279,0.06775591824221498,2.189100097810496,0.028589565436179187,*,2020-05-25
11,solar_4,-0.3851957267177871,0.07172386826254872,-5.370537535813871,7.850229066796999e-08,***,2020-05-25
10,temp_9,-1.6460000423129715,0.6605131718474264,-2.4920018441255025,0.01270253778903907,*,2020-05-25
17,cos_336_1,-3.6918667710564033,0.44742134939853995,-8.251431846109512,2.220446049250313e-16,***,2020-05-25
8,solar_power,-1.0927389544257644,0.06417730298731908,-17.026875601825786,0.0,***,2020-05-25
6,pv_capacity,-4.25308007017777,0.5602823915009962,-7.590957943161074,3.175237850427948e-14,***,2020-05-25
5,rainfall,-1.1570070280618205,0.28294452311842466,-4.0891656615581935,4.3292758871160686e-05,***,2020-05-25
4,intercept,-15580.580283751025,0.019289785674249733,-807711.4254592165,0.0,***,2020-05-25
3,sma1,-0.7357441339051429,0.017558459203697193,-41.90254539818739,0.0,***,2020-05-25
2,sar1,0.9915846190449316,0.0013451033750703592,737.1809761410078,0.0,***,2020-05-25
1,ma1,0.2907938192630767,0.013961721293117155,20.82793469071984,0.0,***,2020-05-25
0,ar1,0.9962856515677255,0.0013855016584993,719.0793641105042,0.0,***,2020-05-25
7,temperature,-8.968441558082487,0.5478602635013098,-16.369943497574077,0.0,***,2020-05-25
11,solar_4,-0.431007583428531,0.033568714718861636,-12.839561688263146,0.0,***,2020-05-26
12,solar_16,0.15471276708368364,0.06204968369515694,2.493369149853687,0.012653721403744544,*,2020-05-26
13,Holidays,0.0003487317461770001,0.01928793070378278,0.018080308952406504,0.9855747865644848,,2020-05-26
17,cos_336_1,-5.017369935464564,0.019412040995740294,-258.46689364428795,0.0,***,2020-05-26
15,lag_48*7,0.26229930346485575,0.018024990857360944,14.551979834028012,0.0,***,2020-05-26
16,sin_336_1,10.685878846304512,0.022305954004766697,479.059485374218,0.0,***,2020-05-26
10,temp_9,-2.9193215591383423,0.025998766107935622,-112.28692727257067,0.0,***,2020-05-26
14,Weekends,-114.75092096103592,0.05176446496845735,-2216.7894719081773,0.0,***,2020-05-26
8,solar_power,-1.01675257676067,0.04220573058392751,-24.09039158175034,0.0,***,2020-05-26
5,rainfall,-0.7611885098379023,0.027465825631372325,-27.71402251124936,0.0,***,2020-05-26
7,temperature,-8.872492086568528,0.023234373398324987,-381.86922171131863,0.0,***,2020-05-26
6,pv_capacity,4.319199507119849,0.02502453697695571,172.59857839117103,0.0,***,2020-05-26
4,intercept,-17915.302604645098,0.01928790924838108,-928835.9030488911,0.0,***,2020-05-26
3,sma1,-0.75275297377753,0.0200056684139775,-37.62698442265488,0.0,***,2020-05-26
2,sar1,0.9916104582296893,0.002101672041901923,471.819788463439,0.0,***,2020-05-26
1,ma1,0.2978057888515971,0.013043235385465767,22.832202291116023,0.0,***,2020-05-26
0,ar1,0.9964827879236886,0.0013924929110291113,715.610672076776,0.0,***,2020-05-26
9,temp_1,-8.90141369481288,0.05612427701307641,-158.60184163688984,0.0,***,2020-05-26
17,cos_336_1,-7.25839346504748,0.01928912710855093,-376.29455310239587,0.0,***,2020-05-27
16,sin_336_1,11.25357077428901,0.01933292638878267,582.0934993482697,0.0,***,2020-05-27
14,Weekends,-119.75840623253067,0.019595174721857685,-6111.627374209868,0.0,***,2020-05-27
13,Holidays,-0.0007338395217655336,0.019287918772333733,-0.03804658918504679,0.9696505361000345,,2020-05-27
12,solar_16,0.16053285784688587,0.03451787512893622,4.650716686564281,3.3078348733450724e-06,***,2020-05-27
11,solar_4,-0.3811656281046772,0.021896050658353032,-17.407962470130105,0.0,***,2020-05-27
10,temp_9,-1.0442941598251148,0.019316097863130943,-54.063412145906646,0.0,***,2020-05-27
9,temp_1,-11.558373199855824,0.020346229546584896,-568.0842818268454,0.0,***,2020-05-27
15,lag_48*7,0.2672567471348228,0.018606560426857505,14.363576126034179,0.0,***,2020-05-27
7,temperature,-10.374871404684654,0.01929522177475422,-537.6912235473286,0.0,***,2020-05-27
6,pv_capacity,20.605413785778953,0.019484949452724786,1057.5040923648628,0.0,***,2020-05-27
5,rainfall,-1.242314659232956,0.019305521074437306,-64.35022677931865,0.0,***,2020-05-27
4,intercept,-20360.924259552903,0.01928792000872423,-1055630.8948991564,0.0,***,2020-05-27
3,sma1,-0.7636366393513567,0.021795217438998996,-35.036890156688834,0.0,***,2020-05-27
2,sar1,0.991759812612769,0.00118778653777008,834.9646852158079,0.0,***,2020-05-27
1,ma1,0.3047293367205256,0.015842023173706886,19.235506309969736,0.0,***,2020-05-27
0,ar1,0.996584144447097,0.00045266345470195053,2201.6006242502676,0.0,***,2020-05-27
8,solar_power,-0.9523937898976041,0.02976933622334994,-31.99244292019459,0.0,***,2020-05-27
11,solar_4,-0.43088223932339687,0.03245483365888472,-13.276365667196698,0.0,***,2020-05-28
12,solar_16,0.05678613764717255,0.021372405700885267,2.6569838904387075,0.007884321049741017,**,2020-05-28
13,Holidays,-0.006723379890381409,0.019287918763629616,-0.3485798531596572,0.7274047549972495,,2020-05-28
17,cos_336_1,-3.3461139351257856,0.019304676851442593,-173.33177658841456,0.0,***,2020-05-28
15,lag_48*7,0.26926950341274514,0.017311903944422016,15.554008633435442,0.0,***,2020-05-28
16,sin_336_1,15.073366389920233,0.01966223736632192,766.6150148171009,0.0,***,2020-05-28
10,temp_9,0.9598688993483584,0.019704087120162368,48.71420297193899,0.0,***,2020-05-28
14,Weekends,-101.25169927336948,0.019579470145130114,-5171.319679381274,0.0,***,2020-05-28
9,temp_1,-14.205261414588236,0.021729541791737632,-653.7303708810647,0.0,***,2020-05-28
5,rainfall,-1.3078664948715388,0.019689155712680005,-66.42572764200652,0.0,***,2020-05-28
7,temperature,-11.203041119845,0.01928936633396352,-580.7884471621746,0.0,***,2020-05-28
6,pv_capacity,4.460953772115387,0.019323158181637174,230.86049030818563,0.0,***,2020-05-28
4,intercept,-20615.848532081603,0.01928791831433408,-1068847.772792601,0.0,***,2020-05-28
3,sma1,-0.8449507976085091,0.013948222422701105,-60.57766875249488,0.0,***,2020-05-28
2,sar1,0.9991940495980317,0.0002647268353132381,3774.434308541993,0.0,***,2020-05-28
1,ma1,0.2955318580572637,0.013705852284853952,21.562457548433503,0.0,***,2020-05-28
0,ar1,0.9927292072836817,0.0014260478208833617,696.1401944212068,0.0,***,2020-05-28
8,solar_power,-1.0336447592912579,0.024122872773433432,-42.84915685621046,0.0,***,2020-05-28
12,solar_16,0.0782948495093132,0.036861741585717686,2.124013845825696,0.03366898581035893,*,2020-05-29
11,solar_4,-0.48670610509867573,0.06309669295616871,-7.713654746323633,1.2212453270876722e-14,***,2020-05-29
13,Holidays,-0.0024537315332222587,0.019287918775522283,-0.12721598228297268,0.8987694561243935,,2020-05-29
10,temp_9,-0.9426567539750578,0.01939192648892185,-48.610784210303976,0.0,***,2020-05-29
15,lag_48*7,0.24554768293437632,0.01856131206169969,13.229004615522374,0.0,***,2020-05-29
16,sin_336_1,9.987665469719593,0.01930222833829578,517.4358781107144,0.0,***,2020-05-29
17,cos_336_1,-4.39576472876422,0.019296631723435646,-227.7995865685507,0.0,***,2020-05-29
14,Weekends,-114.52998986347643,0.019781882486852684,-5789.640593588333,0.0,***,2020-05-29
9,temp_1,-6.48558183418787,0.019319927243046323,-335.6939057067193,0.0,***,2020-05-29
0,ar1,0.995887495584825,0.0030407316828620994,327.51574273973506,0.0,***,2020-05-29
7,temperature,-10.629321799427887,0.019345744172670414,-549.4397995009077,0.0,***,2020-05-29
6,pv_capacity,21.776510387105496,0.020499186547991318,1062.3109524918852,0.0,***,2020-05-29
5,rainfall,-1.7360509148861816,0.02008278798644761,-86.44471654322668,0.0,***,2020-05-29
4,intercept,-20979.74116845522,0.019287917032576582,-1087714.1960441456,0.0,***,2020-05-29
3,sma1,-0.7847458974512269,0.015104393785516314,-51.95480921609208,0.0,***,2020-05-29
2,sar1,0.9951104352674076,0.0013110005370045486,759.0465504622101,0.0,***,2020-05-29
1,ma1,0.31064294238372714,0.014674204280205943,21.169321106068686,0.0,***,2020-05-29
8,solar_power,-1.088879555585277,0.019300155790168787,-56.41817441390479,0.0,***,2020-05-29
16,sin_336_1,18.413487749729455,0.04169137278577232,441.66182400242957,0.0,***,2020-05-30
15,lag_48*7,0.2326793972229002,0.01822983568538883,12.763658501288205,0.0,***,2020-05-30
14,Weekends,-115.28602744003453,0.0416540321770346,-2767.7039031912964,0.0,***,2020-05-30
13,Holidays,0.0007907987255408866,0.01928791824108051,0.040999692950616014,0.9672961406476541,,2020-05-30
12,solar_16,0.0690561492177828,0.06905817002473015,0.9999707376122677,0.31732466935243187,,2020-05-30
11,solar_4,-0.49092832646522394,0.03056084193433037,-16.063966022930217,0.0,***,2020-05-30
10,temp_9,-3.022619921076797,0.026187123822893694,-115.42389845937633,0.0,***,2020-05-30
9,temp_1,-13.354167691548147,0.09728489042457408,-137.26867176667852,0.0,***,2020-05-30
17,cos_336_1,-5.2107028475359405,0.022169392751426813,-235.04039582683572,0.0,***,2020-05-30
7,temperature,-6.510873209521866,0.05755708654108947,-113.12027068767307,0.0,***,2020-05-30
0,ar1,0.9961026432108517,0.0021159444665538383,470.7602959132325,0.0,***,2020-05-30
1,ma1,0.3147038893696323,0.014544976832791564,21.63660299960975,0.0,***,2020-05-30
2,sar1,0.9958654604599579,0.0007314553189701421,1361.485021206892,0.0,***,2020-05-30
8,solar_power,-1.10346745043515,0.04037823421297747,-27.328274055146725,0.0,***,2020-05-30
4,intercept,-21563.743682050448,0.01928790657686029,-1117992.9556440553,0.0,***,2020-05-30
5,rainfall,-0.5697344620359128,0.04552197179661382,-12.51559279069482,0.0,***,2020-05-30
6,pv_capacity,10.14295516871895,0.02626603394810318,386.16241754501465,0.0,***,2020-05-30
3,sma1,-0.8130381800259239,0.012488841102088474,-65.10117098775176,0.0,***,2020-05-30
9,temp_1,-17.424775454863408,0.12484518795619164,-139.57106188968842,0.0,***,2020-05-31
16,sin_336_1,18.290085504361944,0.04147320395667742,441.009706495491,0.0,***,2020-05-31
15,lag_48*7,0.24478137550201462,0.01749472373485099,13.991725688950957,0.0,***,2020-05-31
14,Weekends,-154.5356381797264,0.04723297286037775,-3271.7745426809975,0.0,***,2020-05-31
13,Holidays,0.0015403857010873878,0.01928792416082991,0.07986270001079832,0.9363464561147534,,2020-05-31
12,solar_16,0.03197661191397394,0.08272696801501955,0.38653189741183797,0.6991027839653701,,2020-05-31
11,solar_4,-0.42642167481221355,0.03236738334076365,-13.174425325731407,0.0,***,2020-05-31
10,temp_9,2.9898955852854523,0.06601396776302322,45.29186301933209,0.0,***,2020-05-31
17,cos_336_1,-11.102191341096628,0.022253951918682808,-498.8862823854684,0.0,***,2020-05-31
8,solar_power,-1.0285519755283075,0.054786699754393854,-18.773753121455695,0.0,***,2020-05-31
6,pv_capacity,12.914852143435809,0.02622690029533005,492.42769820326123,0.0,***,2020-05-31
5,rainfall,-1.0487553457692385,0.02234824215962804,-46.927867448286754,0.0,***,2020-05-31
4,intercept,-21967.67606520999,0.01928815274496854,-1138920.6812943984,0.0,***,2020-05-31
3,sma1,-0.8182072843296797,0.012798819578897917,-63.92833958521463,0.0,***,2020-05-31
2,sar1,0.9955939535597016,0.0007920026597897561,1257.0588510700084,0.0,***,2020-05-31
1,ma1,0.3099402992466666,0.014387264364865447,21.542684654044393,0.0,***,2020-05-31
0,ar1,0.9965139712527347,0.0016999371808564519,586.2063507256645,0.0,***,2020-05-31
7,temperature,-11.77232350241389,0.019887377279172114,-591.9495234166924,0.0,***,2020-05-31
11,solar_4,-0.43928595486682576,0.04413682227511563,-9.952822433129615,0.0,***,2020-06-01
17,cos_336_1,-9.717764592176946,0.01928870315036591,-503.806011032556,0.0,***,2020-06-01
16,sin_336_1,19.016292291427412,0.036222964427383646,524.9789074980174,0.0,***,2020-06-01
15,lag_48*7,0.2591311287303789,0.0189859793342736,13.648552132498844,0.0,***,2020-06-01
14,Weekends,-167.28140675110598,0.038188954389193085,-4380.361008219806,0.0,***,2020-06-01
13,Holidays,-0.004799947587278197,0.019287921611936598,-0.24885768844620784,0.8034708655070704,,2020-06-01
12,solar_16,0.04341707037107145,0.07462674717928915,0.5817896667365506,0.560708365139315,,2020-06-01
10,temp_9,4.086673841623228,0.055456789145639965,73.69113691185498,0.0,***,2020-06-01
9,temp_1,-16.9732433691156,0.08957332692222199,-189.48992911532414,0.0,***,2020-06-01
0,ar1,0.9964509914124319,0.0010875824280616709,916.2073289362934,0.0,***,2020-06-01
7,temperature,-14.125646887120574,0.026246481083680658,-538.1920281840568,0.0,***,2020-06-01
6,pv_capacity,11.159780049253797,0.02242080000684523,497.7422770751551,0.0,***,2020-06-01
5,rainfall,-1.3102657216940343,0.019467939096633077,-67.3037713540331,0.0,***,2020-06-01
4,intercept,-20632.117127140158,0.019287943491676243,-1069689.8368685078,0.0,***,2020-06-01
3,sma1,-0.8207543332682508,0.013294555002556325,-61.73612679103837,0.0,***,2020-06-01
2,sar1,0.9954021054168062,0.0008049223257687319,1236.6436779675091,0.0,***,2020-06-01
1,ma1,0.32286285713006724,0.015416267738670086,20.94299752722896,0.0,***,2020-06-01
8,solar_power,-1.014478307918459,0.048802146384568354,-20.78757561038843,0.0,***,2020-06-01
11,solar_4,-0.5302923756914213,0.04515305160471975,-11.744330822503942,0.0,***,2020-06-02
12,solar_16,0.07578060516131124,0.03887541113205711,1.949319710186208,0.05125725618496313,.,2020-06-02
13,Holidays,0.005142316756752585,0.019287919027161884,0.266608168020148,0.7897708660414959,,2020-06-02
17,cos_336_1,-11.606852945671804,0.01931084013826406,-601.0537533617219,0.0,***,2020-06-02
16,sin_336_1,9.543000283913868,0.01928913546029628,494.7344738988778,0.0,***,2020-06-02
10,temp_9,-3.662473279791946,0.01948725321542298,-187.94199671472018,0.0,***,2020-06-02
15,lag_48*7,0.2520232702209003,0.015595227532853102,16.16028170733546,0.0,***,2020-06-02
9,temp_1,-6.276161378869392,0.01958868366384443,-320.3973011445143,0.0,***,2020-06-02
14,Weekends,-150.37421023917685,0.021013280773081587,-7156.1510010283155,0.0,***,2020-06-02
7,temperature,-11.012898721487218,0.019453197484333145,-566.1228047654675,0.0,***,2020-06-02
8,solar_power,-1.0445856544900503,0.050660794054121314,-20.619212035526157,0.0,***,2020-06-02
1,ma1,3.066535571460131,0.06657190302929546,46.06351075934661,0.0,***,2020-06-02
2,sar1,0.9992787212728715,3.766325059345031e-06,265319.2981294736,0.0,***,2020-06-02
0,ar1,0.9996075720303781,6.732102918535206e-07,1484837.0325388254,0.0,***,2020-06-02
4,intercept,-10566.60281717862,0.019287920223197207,-547835.2613917581,0.0,***,2020-06-02
5,rainfall,-1.075255096020488,0.020239722436528107,-53.125980328657896,0.0,***,2020-06-02
6,pv_capacity,-10.14927346734516,0.019989652807760265,-507.7263504749352,0.0,***,2020-06-02
3,sma1,-0.8616398911747032,0.009096298918784856,-94.72422782801499,0.0,***,2020-06-02
17,cos_336_1,-8.722752698379471,0.09126528355298953,-95.57580230729195,0.0,***,2020-06-03
10,temp_9,-3.9658102802372226,0.43667334028487376,-9.081869476277248,0.0,***,2020-06-03
16,sin_336_1,9.332966655129585,0.3948363754238054,23.63755529138333,0.0,***,2020-06-03
15,lag_48*7,0.26786051716721326,0.01464281951916065,18.29296036987332,0.0,***,2020-06-03
14,Weekends,-136.4391684845171,2.0562680216321048,-66.35281347040662,0.0,***,2020-06-03
13,Holidays,-0.0009185272274945255,0.019297122469882962,-0.04759918111770663,0.9620356846649312,,2020-06-03
12,solar_16,0.01735290315855842,0.10522013020205259,0.16491999321076592,0.869006955571267,,2020-06-03
11,solar_4,-0.522471404884449,0.08647149924730956,-6.042122658127788,1.5209975501306872e-09,***,2020-06-03
9,temp_1,-4.102142249931632,0.7883264440739012,-5.203608582166348,1.9545546292576432e-07,***,2020-06-03
5,rainfall,-0.6461675916315845,1.4328735436764077,-0.4509592590939145,0.6520189124127618,,2020-06-03
7,temperature,-11.764687268512345,0.4083124966281885,-28.812949311285298,0.0,***,2020-06-03
6,pv_capacity,-15.264129856333755,0.870431363837233,-17.536281998207137,0.0,***,2020-06-03
4,intercept,-11266.09083738515,0.019302854613059073,-583648.9505424361,0.0,***,2020-06-03
3,sma1,-1.1602684492815545,0.010781229941308602,-107.61930276952461,0.0,***,2020-06-03
2,sar1,0.9993594698102307,2.4223768460803603e-07,4125532.620687367,0.0,***,2020-06-03
1,ma1,3.033944670489769,0.13565987934351892,22.36434740449085,0.0,***,2020-06-03
0,ar1,0.9998393514775749,6.026204282064585e-08,16591527.679427233,0.0,***,2020-06-03
8,solar_power,-1.0938461151482899,0.10839285610779503,-10.091496381094311,0.0,***,2020-06-03
12,solar_16,0.07248885409150052,0.10132461188988723,0.7154121070828925,0.47435443351972806,,2020-06-04
11,solar_4,-0.524152979369484,0.11991807227033228,-4.370925661545673,1.2372091278800568e-05,***,2020-06-04
13,Holidays,0.000377449059384638,0.019288074459473323,0.019569037862110398,0.9843871633085421,,2020-06-04
10,temp_9,-4.444135486556991,0.6854330681327852,-6.483689937317196,8.950618024528012e-11,***,2020-06-04
15,lag_48*7,0.28115512456065084,0.017439304770570027,16.121922763522008,0.0,***,2020-06-04
16,sin_336_1,9.784338888077023,0.20313997583204474,48.165501881159386,0.0,***,2020-06-04
17,cos_336_1,-8.116335113266835,0.0457188138182586,-177.52724612521413,0.0,***,2020-06-04
14,Weekends,-143.38011210884812,0.5564634580792335,-257.66312239757633,0.0,***,2020-06-04
9,temp_1,-5.9530099853244565,0.631612525883434,-9.4250980488362,0.0,***,2020-06-04
0,ar1,0.9996841341437134,5.336569229143448e-07,1873271.1808259792,0.0,***,2020-06-04
7,temperature,-11.49876413735512,0.10211164009943666,-112.60972917639542,0.0,***,2020-06-04
6,pv_capacity,-11.0131786820778,0.056010354842859295,-196.62754704868397,0.0,***,2020-06-04
5,rainfall,-1.3601887512501585,0.051427125446141704,-26.448858252337065,0.0,***,2020-06-04
4,intercept,-11544.791114303356,0.019291248438680894,-598447.0704941463,0.0,***,2020-06-04
3,sma1,-0.8533705895163037,0.008832954706193897,-96.61213239527856,0.0,***,2020-06-04
2,sar1,0.9992682363854132,5.211825823542996e-07,1917309.3465086506,0.0,***,2020-06-04
1,ma1,2.9849699391901154,0.1131031235213116,26.3915782894154,0.0,***,2020-06-04
8,solar_power,-1.0989109323404462,0.08397676146302153,-13.08589320659076,0.0,***,2020-06-04
17,cos_336_1,-9.157238557306188,0.01992769468471114,-459.5232264538745,0.0,***,2020-06-05
16,sin_336_1,11.984604366807694,0.02908549694959941,412.04743338493165,0.0,***,2020-06-05
15,lag_48*7,0.3102309528167422,0.017847739787325928,17.382086276103376,0.0,***,2020-06-05
14,Weekends,-148.33313988894523,0.05592568856858623,-2652.3256786911475,0.0,***,2020-06-05
13,Holidays,2.3599669456420003e-05,0.01928791828813417,0.0012235467355198408,0.9990237511938929,,2020-06-05
12,solar_16,0.05469759794333662,0.05033983757510988,1.0865668341047925,0.2772282891141018,,2020-06-05
11,solar_4,-0.4573486185274504,0.02334480391703289,-19.59102420191067,0.0,***,2020-06-05
10,temp_9,1.8352370832638658,0.06659341007740989,27.558839247465162,0.0,***,2020-06-05
9,temp_1,-13.47180009987228,0.09734534151163775,-138.39183150086038,0.0,***,2020-06-05
0,ar1,0.9962073542631946,0.0018878467572102577,527.6950316324021,0.0,***,2020-06-05
7,temperature,-11.001870700153058,0.022332580805766365,-492.63767568288966,0.0,***,2020-06-05
6,pv_capacity,-13.887729151476746,0.01959322363162946,-708.8026662982451,0.0,***,2020-06-05
5,rainfall,-0.07701864381416551,0.08199872365689649,-0.9392663736624864,0.3475939986188341,,2020-06-05
4,intercept,-12618.338620994471,0.019288078894469003,-654204.0132681576,0.0,***,2020-06-05
3,sma1,-0.7934927247454695,0.01630379699679229,-48.66919803415034,0.0,***,2020-06-05
2,sar1,0.9947201781482532,0.001064367858830695,934.5642767163637,0.0,***,2020-06-05
1,ma1,0.32039260014628584,0.012217438840295828,26.224203315801333,0.0,***,2020-06-05
8,solar_power,-1.0524187926077029,0.03875462189792458,-27.155955627167735,0.0,***,2020-06-05
11,solar_4,-0.5441531468573774,0.031059282565014085,-17.51982344467687,0.0,***,2020-06-06
12,solar_16,0.055487627879507784,0.07576428013345238,0.7323718747379506,0.46394162052792254,,2020-06-06
13,Holidays,-0.0008199527096932613,0.019287921296391404,-0.04251120154905791,0.9660911822789624,,2020-06-06
10,temp_9,1.1484642563411227,0.05334077526588185,21.530700493506146,0.0,***,2020-06-06
15,lag_48*7,0.3089856804093738,0.018331560076233298,16.855394692237404,0.0,***,2020-06-06
16,sin_336_1,11.023752465575594,0.023470923766343764,469.67697459710354,0.0,***,2020-06-06
17,cos_336_1,-10.062472588499618,0.019842277744239634,-507.1228574764221,0.0,***,2020-06-06
14,Weekends,-156.3763915912025,0.042525971969920265,-3677.197353697444,0.0,***,2020-06-06
9,temp_1,-13.487037559779582,0.06728981531675596,-200.43207870747642,0.0,***,2020-06-06
0,ar1,0.9960613629337853,0.0014951924406295686,666.1760291634312,0.0,***,2020-06-06
7,temperature,-9.54389614342857,0.024715634280626807,-386.14813745279815,0.0,***,2020-06-06
6,pv_capacity,-9.432979606153538,0.02031120577965234,-464.42243303957105,0.0,***,2020-06-06
5,rainfall,-1.720080840633138,0.02642271934093496,-65.09855471114706,0.0,***,2020-06-06
4,intercept,-10753.762110932732,0.019287900529071624,-557539.2767462772,0.0,***,2020-06-06
3,sma1,-0.7935874473097219,0.015568350349726538,-50.974408301625964,0.0,***,2020-06-06
2,sar1,0.9949492131237425,0.0010494858882391658,948.0348657122724,0.0,***,2020-06-06
1,ma1,0.33258599123595,0.014846663707810279,22.40139588135137,0.0,***,2020-06-06
8,solar_power,-1.0433524171212125,0.090502157120967,-11.528481202129212,0.0,***,2020-06-06
11,solar_4,-0.5903298221807812,0.047721202834867193,-12.370388571795607,0.0,***,2020-06-07
12,solar_16,0.0601728564902797,0.05050062122001619,1.191527055244023,0.23344674196848358,,2020-06-07
13,Holidays,0.004120642264192842,0.01928791911309073,0.21363850812689059,0.8308289674605176,,2020-06-07
17,cos_336_1,-8.310250694281267,0.019487548859391513,-426.4389921093827,0.0,***,2020-06-07
15,lag_48*7,0.337004447928253,0.01750071042240929,19.256615291269885,0.0,***,2020-06-07
16,sin_336_1,11.12247453094406,0.020048889704028926,554.7676053456937,0.0,***,2020-06-07
10,temp_9,0.5576144336573529,0.033030107022404234,16.882005053120913,0.0,***,2020-06-07
14,Weekends,-116.67633880962445,0.026076289621713305,-4474.422569400746,0.0,***,2020-06-07
9,temp_1,-11.850790826667957,0.032206375166121,-367.9641302550004,0.0,***,2020-06-07
0,ar1,0.9963517035104942,0.001034301283776823,963.3089691934314,0.0,***,2020-06-07
7,temperature,-8.850600727970239,0.021386112789988164,-413.84803376299493,0.0,***,2020-06-07
6,pv_capacity,-7.693904525513878,0.019711099917151847,-390.3335966969015,0.0,***,2020-06-07
5,rainfall,-1.5166039388471944,0.01948893749191159,-77.81870815054049,0.0,***,2020-06-07
4,intercept,-10552.404761884005,0.019287926407936296,-547098.9747006742,0.0,***,2020-06-07
3,sma1,-0.7892360805718945,0.01364197982084548,-57.853485413159085,0.0,***,2020-06-07
2,sar1,0.993992853697345,0.0007859058595335575,1264.773435188903,0.0,***,2020-06-07
1,ma1,0.3322571117370414,0.01565487805115638,21.223870965414424,0.0,***,2020-06-07
8,solar_power,-1.0355118456573849,0.09056779173457342,-11.433555194678416,0.0,***,2020-06-07
17,cos_336_1,-8.965443489472808,0.019309641215363695,-464.2988126749586,0.0,***,2020-06-08
16,sin_336_1,9.965987828901788,0.019334245304749427,515.4578144539037,0.0,***,2020-06-08
15,lag_48*7,0.3423988688656132,0.01914548372113943,17.884054216272137,0.0,***,2020-06-08
14,Weekends,-86.95907471822017,0.023087570321026336,-3766.4887863503204,0.0,***,2020-06-08
13,Holidays,-0.0005826606416660107,0.01928792368522683,-0.030208572533511585,0.9759007117598133,,2020-06-08
12,solar_16,0.016533110258598605,0.05691182743391019,0.29050394274894714,0.7714307349000817,,2020-06-08
11,solar_4,-0.5901404279411234,0.02395527769018277,-24.635090253325338,0.0,***,2020-06-08
10,temp_9,1.4837957353171862,0.03631531329669985,40.85867918016905,0.0,***,2020-06-08
9,temp_1,-12.580522449035092,0.030698161969008694,-409.81354068480545,0.0,***,2020-06-08
7,temperature,-10.626616543813133,0.019594059937626543,-542.3386770092911,0.0,***,2020-06-08
6,pv_capacity,-0.7092276701785003,0.022014310317829307,-32.21666542985449,0.0,***,2020-06-08
5,rainfall,-1.1296099962436295,0.02006295193402678,-56.303279794425976,0.0,***,2020-06-08
4,intercept,-11679.2362275133,0.019287917621993823,-605520.8476313472,0.0,***,2020-06-08
3,sma1,-0.801454063970935,0.013947266221525834,-57.46316527134131,0.0,***,2020-06-08
2,sar1,0.9946065838790957,0.0007234493269147503,1374.8116790995343,0.0,***,2020-06-08
1,ma1,0.3437297836173131,0.015437701808711466,22.26560584447531,0.0,***,2020-06-08
0,ar1,0.996312376412966,0.0009430800697905076,1056.4451612621644,0.0,***,2020-06-08
8,solar_power,-1.0296880725093909,0.064435560228527,-15.980121362451131,0.0,***,2020-06-08
11,solar_4,-0.6721546500929614,0.09146689689030853,-7.3486110597918435,2.0028423364237824e-13,***,2020-06-09
12,solar_16,0.08786192806349735,0.08764506665350677,1.0024743139376904,0.31611456618932054,,2020-06-09
13,Holidays,0.0010871980576104834,0.01929162542601449,0.05635595931405613,0.9550582405397925,,2020-06-09
10,temp_9,-3.348030301266524,0.29646637736091364,-11.29311974959873,0.0,***,2020-06-09
15,lag_48*7,0.3320119875971259,0.018274164031320775,18.168381712459084,0.0,***,2020-06-09
16,sin_336_1,9.303399427066958,0.1472755173367645,63.170033928949195,0.0,***,2020-06-09
17,cos_336_1,-8.553234256374298,0.34533775709526754,-24.76773558824828,0.0,***,2020-06-09
14,Weekends,-82.34353269599478,2.836397386225313,-29.031028267015092,0.0,***,2020-06-09
9,temp_1,-6.360471389876002,1.2659816782167443,-5.024141738635057,5.056888157106698e-07,***,2020-06-09
0,ar1,0.9965106283476979,0.0010230375303259228,974.070450797857,0.0,***,2020-06-09
7,temperature,-10.897337247642238,0.5331621614714707,-20.439067201555996,0.0,***,2020-06-09
1,ma1,0.35042157258894246,0.014948261949103401,23.442295417492385,0.0,***,2020-06-09
2,sar1,0.9934447001828276,0.0011806579650028134,841.4331073271168,0.0,***,2020-06-09
3,sma1,-0.7922411619992641,0.014832929109459688,-53.410972044221054,0.0,***,2020-06-09
8,solar_power,-0.9437351393770342,0.09242553770359764,-10.210761688003679,0.0,***,2020-06-09
5,rainfall,-0.4998446988040191,0.6902871281002505,-0.7241112842124829,0.46899741744904677,,2020-06-09
6,pv_capacity,-1.5481720734719557,0.7754834562397759,-1.9963960043439897,0.04589083539690608,*,2020-06-09
4,intercept,-6038.266307644631,0.020647384873661967,-292447.0263227916,0.0,***,2020-06-09
17,cos_336_1,-3.7958420782904705,1.1618538465656567,-3.2670564284059167,0.0010867201716278085,**,2020-06-10
16,sin_336_1,12.6454282793506,0.7221203345563807,17.51152498304739,0.0,***,2020-06-10
15,lag_48*7,0.32878947999732583,0.01844506143319903,17.82533938355672,0.0,***,2020-06-10
14,Weekends,-42.777480034736215,9.037506919024816,-4.733327500384595,2.2086867883519545e-06,***,2020-06-10
13,Holidays,0.002508957005315726,0.01930627906866939,0.1299554925313035,0.8966016398042065,,2020-06-10
12,solar_16,0.05074819971115185,0.09696106512220651,0.5233873993359139,0.6007046911297187,,2020-06-10
10,temp_9,-10.131090901268674,1.1033191023085487,-9.182376050655439,0.0,***,2020-06-10
9,temp_1,-7.570640397520803,0.8089086589942367,-9.359079437885882,0.0,***,2020-06-10
11,solar_4,-0.7669675436086748,0.09824895462804532,-7.806368490253052,5.995204332975845e-15,***,2020-06-10
7,temperature,-5.79281126365776,1.1828091656435213,-4.897502853307796,9.70622253682052e-07,***,2020-06-10
8,solar_power,-0.9736130667784653,0.10077358520895224,-9.661391571607737,0.0,***,2020-06-10
1,ma1,0.3582340173855639,0.014811920956854883,24.185520462136612,0.0,***,2020-06-10
2,sar1,0.9935996442354298,0.0015041770523458182,660.5602995244977,0.0,***,2020-06-10
3,sma1,-0.7890994367780965,0.016407308744714782,-48.09438580427066,0.0,***,2020-06-10
0,ar1,0.9890193295319779,0.0026597739817605316,371.8433732769037,0.0,***,2020-06-10
5,rainfall,-0.2967933767658854,0.7777218701235629,-0.38161891566548267,0.7027440515874135,,2020-06-10
6,pv_capacity,4.135243449450711,0.9287796687022828,4.452340623722514,8.493928177921717e-06,***,2020-06-10
4,intercept,-3499.6059964341375,0.03324247109153172,-105275.14596607821,0.0,***,2020-06-10
10,temp_9,-9.879447287051127,1.3461695773791311,-7.338932221515142,2.1538326677728037e-13,***,2020-06-11
17,cos_336_1,-9.572994552381257,0.05766088234766388,-166.0223389344146,0.0,***,2020-06-11
16,sin_336_1,17.822643148269563,1.2292422344583693,14.498886101259451,0.0,***,2020-06-11
15,lag_48*7,0.3115096533470378,0.018358033054807685,16.96857459712756,0.0,***,2020-06-11
14,Weekends,-22.050894734758568,9.873271194059193,-2.233392996236822,0.02552303964382374,*,2020-06-11
13,Holidays,0.0003585459102687927,0.01928829453234126,0.018588782417626817,0.9851691516253278,,2020-06-11
12,solar_16,0.05092446821742125,0.09145769544383024,0.5568090030072655,0.5776579320340254,,2020-06-11
11,solar_4,-0.7641051791531486,0.09917661705827277,-7.7044892416948105,1.3100631690576847e-14,***,2020-06-11
9,temp_1,-11.922625620269253,0.9090603461864938,-13.115329109101108,0.0,***,2020-06-11
2,sar1,0.9955395988854446,0.0010320943561487148,964.5819618666696,0.0,***,2020-06-11
7,temperature,-6.591256152167609,1.029187919774301,-6.4043271646766495,1.510338520915866e-10,***,2020-06-11
6,pv_capacity,5.887727290784038,1.013255736568139,5.810702153757905,6.221136050754694e-09,***,2020-06-11
5,rainfall,-0.34468938181602693,0.9033487032992443,-0.38156846913837295,0.7027814757172957,,2020-06-11
4,intercept,-3236.0768314226193,0.03054296055176748,-105951.64230847136,0.0,***,2020-06-11
3,sma1,-0.8101947392694334,0.01367624156665504,-59.24103748246327,0.0,***,2020-06-11
1,ma1,0.3637547882173492,0.014768895784435377,24.62978908692027,0.0,***,2020-06-11
0,ar1,0.9869327160520805,0.004224811701907261,233.60395342744786,0.0,***,2020-06-11
8,solar_power,-0.9655233019703211,0.09129025263181594,-10.576411765058722,0.0,***,2020-06-11
11,solar_4,-0.7516510384468617,0.10039335489238241,-7.487059668965152,7.038813976123492e-14,***,2020-06-12
12,solar_16,0.0017349718968722172,0.1071706415516207,0.01618887292035605,0.9870837124251066,,2020-06-12
13,Holidays,0.005428754517085466,0.01929579354949113,0.28134393660262985,0.7784466141001387,,2020-06-12
17,cos_336_1,-5.60283945244044,0.3245162174069876,-17.26520633455343,0.0,***,2020-06-12
15,lag_48*7,0.31876538393869086,0.017550985314416928,18.162250051958452,0.0,***,2020-06-12
16,sin_336_1,9.872603365912996,0.09156518179601895,107.82049652788692,0.0,***,2020-06-12
10,temp_9,-7.617801195500543,0.9308486495617156,-8.183716223993382,2.220446049250313e-16,***,2020-06-12
14,Weekends,-65.24523253547056,2.2555526804049024,-28.92649464687216,0.0,***,2020-06-12
9,temp_1,-11.500113965628726,1.123181092831939,-10.238877807881229,0.0,***,2020-06-12
2,sar1,0.9948111351947975,0.0013120965893746754,758.1843770121442,0.0,***,2020-06-12
7,temperature,-9.777633465226684,1.1657642257985001,-8.38731644774003,0.0,***,2020-06-12
0,ar1,0.9741700644129812,0.004148770258931698,234.80935400453544,0.0,***,2020-06-12
1,ma1,0.36960071115542975,0.014826876432364057,24.927752844062727,0.0,***,2020-06-12
3,sma1,-0.8210472991676135,0.014968948774950867,-54.85003065422732,0.0,***,2020-06-12
8,solar_power,-0.9612356373060346,0.09950759375270149,-9.659922434612568,0.0,***,2020-06-12
5,rainfall,-1.4828216595315098,0.9179283122898695,-1.6154002874499578,0.10622403804323555,,2020-06-12
6,pv_capacity,11.115873524109553,1.0778900451808124,10.312622863350503,0.0,***,2020-06-12
4,intercept,-1061.383618344249,0.020193427277591144,-52560.84585116849,0.0,***,2020-06-12
17,cos_336_1,-9.965381033746944,0.16626733288351647,-59.93589276330359,0.0,***,2020-06-13
9,temp_1,-10.960370880754926,1.1151817855505741,-9.82832666635037,0.0,***,2020-06-13
15,lag_48*7,0.32853920966936057,0.018857425400418397,17.422272801995078,0.0,***,2020-06-13
14,Weekends,-80.80604552544973,1.8305167053376106,-44.14384489899878,0.0,***,2020-06-13
13,Holidays,-0.0011831011806754388,0.019289735020565493,-0.06133320024427973,0.9510938505922333,,2020-06-13
12,solar_16,0.020264901716462003,0.09661221916950469,0.2097550588389605,0.8338588505471785,,2020-06-13
11,solar_4,-0.7810574839638996,0.09806488293672352,-7.964701130249427,1.5543122344752192e-15,***,2020-06-13
10,temp_9,-5.049191660914583,0.8169122831034964,-6.180824753586047,6.376756900294822e-10,***,2020-06-13
16,sin_336_1,11.229942091293914,0.21636783764890605,51.902085879863634,0.0,***,2020-06-13
8,solar_power,-0.9150596118362708,0.09475223456968214,-9.657393474592126,0.0,***,2020-06-13
6,pv_capacity,10.64304436012312,1.0751884502198137,9.89877110189124,0.0,***,2020-06-13
5,rainfall,-1.3034470727554697,0.8136053431601317,-1.6020630686774247,0.10914166366442646,,2020-06-13
4,intercept,-791.3563354078944,0.019303372200491973,-40995.75593262019,0.0,***,2020-06-13
3,sma1,-0.8131133252621221,0.014131650508070751,-57.53845418111236,0.0,***,2020-06-13
2,sar1,0.9935065137620721,0.001210379062209977,820.8226205995938,0.0,***,2020-06-13
1,ma1,0.37098531518295963,0.015525560133236926,23.89513241385468,0.0,***,2020-06-13
0,ar1,0.9728117999636718,0.0040789047317392815,238.49828911028678,0.0,***,2020-06-13
7,temperature,-11.288097145049358,1.2773642320539964,-8.837023036803014,0.0,***,2020-06-13
10,temp_9,-5.137313229188419,0.6743408730690634,-7.6182735384368065,2.5757174171303632e-14,***,2020-06-14
16,sin_336_1,11.067833039928276,0.04850738542721544,228.16799838728443,0.0,***,2020-06-14
15,lag_48*7,0.3315469127202748,0.019751360638497632,16.786029012808992,0.0,***,2020-06-14
14,Weekends,-106.30675327912044,2.1729707460314818,-48.92231221854667,0.0,***,2020-06-14
13,Holidays,0.008394859264759247,0.019293748238739545,0.4351077437562583,0.6634842228362676,,2020-06-14
12,solar_16,0.01728694777249018,0.1054978858922099,0.16386060845003786,0.8698408777778635,,2020-06-14
11,solar_4,-0.7891368185195571,0.10390785202387308,-7.594583115222621,3.086420008457935e-14,***,2020-06-14
9,temp_1,-9.817759405210136,1.1952328706613202,-8.214097558894935,2.220446049250313e-16,***,2020-06-14
17,cos_336_1,-8.380382765879913,0.19797258345321908,-42.33102695182132,0.0,***,2020-06-14
7,temperature,-11.263001316766047,1.1778063801139378,-9.562693416278229,0.0,***,2020-06-14
0,ar1,0.973892300122369,0.0042233968610301195,230.59455035083516,0.0,***,2020-06-14
1,ma1,0.37331100702588255,0.015447033981502592,24.167164225372485,0.0,***,2020-06-14
2,sar1,0.9940441616405494,0.0017641746415415953,563.4613139954897,0.0,***,2020-06-14
8,solar_power,-0.9072378968506788,0.10485425920018515,-8.652370478519167,0.0,***,2020-06-14
4,intercept,981.5288312119658,0.019633352941860863,49992.92958867044,0.0,***,2020-06-14
5,rainfall,-1.9281954301135662,0.8458551204758539,-2.279581199471629,0.02263253905057039,*,2020-06-14
6,pv_capacity,8.117052451760252,1.3508336270370969,6.008920928008064,1.8676218349611418e-09,***,2020-06-14
3,sma1,-0.8191806408558061,0.01861386087178081,-44.00917394293568,0.0,***,2020-06-14
10,temp_9,-8.031857837551996,1.2002883066194292,-6.691607169092106,2.2073232130992437e-11,***,2020-06-15
17,cos_336_1,-10.150782314159947,0.1854162610850455,-54.745912007707105,0.0,***,2020-06-15
16,sin_336_1,10.480921902038721,0.18822720578863894,55.6822902307108,0.0,***,2020-06-15
15,lag_48*7,0.34271183373575503,0.019656596624712412,17.434952768217023,0.0,***,2020-06-15
14,Weekends,-121.13530946030878,11.16201507268433,-10.852458868000543,0.0,***,2020-06-15
13,Holidays,-0.0016494190706519696,0.019288018176442767,-0.08551521755959726,0.9318517979237337,,2020-06-15
12,solar_16,0.12399817783688682,0.10792641235147926,1.1489141085600747,0.2505913994219815,,2020-06-15
11,solar_4,-0.7422014005789741,0.10856941135848507,-6.836192545322929,8.132605699984197e-12,***,2020-06-15
9,temp_1,-9.001018893568336,1.0424993114687493,-8.634076583597011,0.0,***,2020-06-15
2,sar1,0.9936698531171071,0.001770110066829261,561.3604892361494,0.0,***,2020-06-15
7,temperature,-15.009450109497932,0.8511791129074645,-17.633715256743706,0.0,***,2020-06-15
6,pv_capacity,1.7216395869483803,1.2317577676905835,1.397709543310836,0.16220030729181678,,2020-06-15
5,rainfall,-0.05797142180342485,0.8434787060159394,-0.06872896895909231,0.9452053588241562,,2020-06-15
4,intercept,4245.982696735785,0.027045566916889578,156993.66590404982,0.0,***,2020-06-15
3,sma1,-0.802132536644721,0.01854485471860486,-43.25364360174755,0.0,***,2020-06-15
8,solar_power,-0.8216192822172791,0.10692738272077944,-7.683899683234386,1.532107773982716e-14,***,2020-06-15
1,ma1,0.3770350328234913,0.015863330887082083,23.76770903332292,0.0,***,2020-06-15
0,ar1,0.9743718221510562,0.004346138046597799,224.19256169596463,0.0,***,2020-06-15
11,solar_4,-0.7775583518310455,0.11217912659220325,-6.93139958788989,4.1668890560231375e-12,***,2020-06-16
12,solar_16,0.09837635602796091,0.10439915152632656,0.9423099190911828,0.3460339912729897,,2020-06-16
13,Holidays,0.003605558608356374,0.019288224773442268,0.18693055741038572,0.8517150801222513,,2020-06-16
17,cos_336_1,-11.35639470769264,0.05151259305315625,-220.45861088712593,0.0,***,2020-06-16
15,lag_48*7,0.32486398339309347,0.01917054791304145,16.94599365999827,0.0,***,2020-06-16
16,sin_336_1,13.513069543413947,0.2586182289975098,52.25103271256282,0.0,***,2020-06-16
10,temp_9,-4.910864992059451,1.048694392026356,-4.682837087142571,2.8293137526169687e-06,***,2020-06-16
14,Weekends,-142.45452383568303,1.314952260066271,-108.334369362203,0.0,***,2020-06-16
9,temp_1,-11.476951850291785,1.3381192638495392,-8.576927453592265,0.0,***,2020-06-16
8,solar_power,-0.7349679425178284,0.10099641850131857,-7.27716837313625,3.4083846855992306e-13,***,2020-06-16
7,temperature,-12.75148196872902,1.0377523447928527,-12.28759639302416,0.0,***,2020-06-16
6,pv_capacity,4.128511949296618,1.1321940078877342,3.6464704110198682,0.00026586707609044247,***,2020-06-16
5,rainfall,-2.7142985986841524,0.9699037129972581,-2.798523773350918,0.00513367901927575,**,2020-06-16
4,intercept,3559.9181206102385,0.019515196218780225,182417.74669856468,0.0,***,2020-06-16
3,sma1,-0.8534117986914663,0.014342089316489398,-59.504008088297226,0.0,***,2020-06-16
2,sar1,0.9958896554563234,0.001104468689514771,901.6911614704534,0.0,***,2020-06-16
1,ma1,0.3930551544492373,0.014548188381057068,27.017463903686266,0.0,***,2020-06-16
0,ar1,0.9727768872396625,0.004293997389997798,226.54342769410985,0.0,***,2020-06-16
16,sin_336_1,13.522784128891077,0.4809041475801222,28.119499898133196,0.0,***,2020-06-17
15,lag_48*7,0.32544527387912425,0.019861987275815302,16.38533291557379,0.0,***,2020-06-17
14,Weekends,-135.2303148581425,4.773982947203671,-28.326518203705096,0.0,***,2020-06-17
13,Holidays,0.0011860331076037726,0.019291042205166406,0.06148102808494902,0.9509761232151721,,2020-06-17
12,solar_16,0.10985588622718456,0.11512953638961716,0.9541937687946063,0.3399855682248756,,2020-06-17
11,solar_4,-0.773466433890517,0.11290273386394971,-6.850732550219387,7.347233932364361e-12,***,2020-06-17
10,temp_9,-5.423473612812119,0.8850481903002024,-6.1278850939998115,8.90548523813095e-10,***,2020-06-17
9,temp_1,-10.94895031012489,1.241540378881643,-8.818843507923201,0.0,***,2020-06-17
17,cos_336_1,-11.664356080471334,0.2006847040885472,-58.1227958226688,0.0,***,2020-06-17
7,temperature,-14.948755579045594,1.1762712056116633,-12.708596034425762,0.0,***,2020-06-17
0,ar1,0.9757120571775396,0.003918392646857019,249.00824014157126,0.0,***,2020-06-17
1,ma1,0.3945610742251588,0.014489413191027988,27.230990587629563,0.0,***,2020-06-17
2,sar1,0.996460848887393,0.000934478403925736,1066.3283867249036,0.0,***,2020-06-17
8,solar_power,-0.7615708695878375,0.10661217411641638,-7.1433762222711215,9.106049247975534e-13,***,2020-06-17
4,intercept,4995.719348096411,0.0205230679126601,243419.7152860705,0.0,***,2020-06-17
5,rainfall,-2.402473475552389,0.8953426435089593,-2.6833006257099474,0.0072899427306594156,**,2020-06-17
6,pv_capacity,2.1482956681557326,1.2662980118340283,1.6965166556996114,0.08978807863202598,.,2020-06-17
3,sma1,-0.8607742403559797,0.013793013928761115,-62.4065374545224,0.0,***,2020-06-17
16,sin_336_1,17.215734821572312,1.317544726696122,13.06652781704233,0.0,***,2020-06-18
15,lag_48*7,0.31754296642566365,0.019100210759606887,16.62510275002846,0.0,***,2020-06-18
14,Weekends,-110.0237089750429,10.020013035454033,-10.980395792474878,0.0,***,2020-06-18
13,Holidays,0.0059638874500264755,0.01931374054047755,0.3087898710002559,0.757481374640099,,2020-06-18
12,solar_16,0.09730906675312578,0.11405527208369025,0.8531746492325527,0.39356245944862644,,2020-06-18
11,solar_4,-0.7391342899752503,0.11234691047690631,-6.579035300905622,4.7351012000262926e-11,***,2020-06-18
10,temp_9,-5.848335673416694,0.8637722415437104,-6.77069184692102,1.2816858685482657e-11,***,2020-06-18
9,temp_1,-18.01065789047161,1.2462321625759725,-14.452088809233928,0.0,***,2020-06-18
17,cos_336_1,-14.091796470796513,0.6813661241534094,-20.681680481702006,0.0,***,2020-06-18
7,temperature,-13.460879900513174,1.088247006562387,-12.369324077475868,0.0,***,2020-06-18
0,ar1,0.9788164807268399,0.004106991183545,238.3293357552237,0.0,***,2020-06-18
1,ma1,0.406172380087639,0.014099838093175625,28.806882561596787,0.0,***,2020-06-18
2,sar1,0.9970334386308386,0.0008609696765989964,1158.0354868818627,0.0,***,2020-06-18
8,solar_power,-0.7612105090612634,0.11624192650647143,-6.548502179365422,5.8117066714657994e-11,***,2020-06-18
4,intercept,6341.533228646856,0.01946642705467265,325767.7030734131,0.0,***,2020-06-18
5,rainfall,-3.5586466579717193,0.7693181157716927,-4.625715403051556,3.7330760596088197e-06,***,2020-06-18
6,pv_capacity,3.6569345728333804,1.6703561529180708,2.189314276745595,0.028574005391173163,*,2020-06-18
3,sma1,-0.8581749033460135,0.015335807285036385,-55.95889980851292,0.0,***,2020-06-18
9,temp_1,-13.099062773432923,1.0041268366646143,-13.045227251313975,0.0,***,2020-06-19
16,sin_336_1,14.045441592621339,0.18919034264952247,74.23973864586047,0.0,***,2020-06-19
15,lag_48*7,0.32784953404779726,0.018645172593923794,17.5836148684748,0.0,***,2020-06-19
14,Weekends,-152.0269976617803,4.489275468118108,-33.86448408912399,0.0,***,2020-06-19
13,Holidays,0.002376934664224062,0.019289244037351036,0.12322591075220192,0.9019282081150535,,2020-06-19
12,solar_16,0.1671409993938493,0.10851152600306897,1.5403064130636421,0.12348568130515014,,2020-06-19
11,solar_4,-0.7643626581129144,0.11221640366350036,-6.8115055656656365,9.658274180424087e-12,***,2020-06-19
10,temp_9,-4.589371955019247,0.5620249648210065,-8.165779533442732,2.220446049250313e-16,***,2020-06-19
17,cos_336_1,-12.005362005589644,0.14655351343125333,-81.91794058367103,0.0,***,2020-06-19
8,solar_power,-0.7981663592413166,0.10968513451983046,-7.276887271328574,3.4150460237469815e-13,***,2020-06-19
6,pv_capacity,-3.3139375842608825,1.1807634769915751,-2.806605767231508,0.005006647334118375,**,2020-06-19
5,rainfall,-4.06381675597503,0.8673359755126279,-4.685400895048961,2.7941247644491796e-06,***,2020-06-19
4,intercept,8101.557296819326,0.01973459756646691,410525.5893631962,0.0,***,2020-06-19
3,sma1,-0.8541380240793819,0.016562445352471963,-51.57076783664079,0.0,***,2020-06-19
2,sar1,0.9960151364203534,0.0011128919728548858,894.979172026275,0.0,***,2020-06-19
0,ar1,0.9730301569599387,0.0043585964314575894,223.24392089554863,0.0,***,2020-06-19
7,temperature,-14.384530869783308,1.0041113409802853,-14.325633306501748,0.0,***,2020-06-19
1,ma1,0.4056120961541781,0.014672388091155255,27.64458611878508,0.0,***,2020-06-19
17,cos_336_1,-13.918574789876427,0.09978533961207087,-139.48516729999403,0.0,***,2020-06-20
10,temp_9,-10.781674592854342,0.8628823839628348,-12.494952722686154,0.0,***,2020-06-20
16,sin_336_1,17.555513644417005,0.2809867941350077,62.478073741721765,0.0,***,2020-06-20
15,lag_48*7,0.3254250348332989,0.018992639590966916,17.13427105667156,0.0,***,2020-06-20
14,Weekends,-102.41080505945204,4.864021992840489,-21.054757813635263,0.0,***,2020-06-20
13,Holidays,-0.0008099240090569948,0.019288048574600338,-0.04199097725850563,0.966505890879156,,2020-06-20
12,solar_16,0.14634382577247385,0.11622543900575466,1.2591376468384683,0.20798061855923367,,2020-06-20
11,solar_4,-0.8069686170852473,0.10892907680608534,-7.4082021141316226,1.2811973704174306e-13,***,2020-06-20
9,temp_1,-22.093810315757516,0.9375047779326239,-23.566610897150376,0.0,***,2020-06-20
7,temperature,-14.578977383467587,0.40607997523050315,-35.901739245310296,0.0,***,2020-06-20
0,ar1,0.9721699544116881,0.004285377312156459,226.8574931906006,0.0,***,2020-06-20
1,ma1,0.41318692916801325,0.015153302048622556,27.267121571405102,0.0,***,2020-06-20
2,sar1,0.9965841066302592,0.0009606122635455748,1037.4467872728524,0.0,***,2020-06-20
8,solar_power,-0.7447927861563669,0.1122880053439362,-6.632879298862596,3.2920111081580217e-11,***,2020-06-20
4,intercept,9076.337404032736,0.027254050119487196,333027.1047510466,0.0,***,2020-06-20
5,rainfall,-1.578696751178485,0.912945359837353,-1.7292346515236572,0.08376710695461398,.,2020-06-20
6,pv_capacity,-4.97974883472796,1.0741138762702387,-4.636146077936986,3.549651566681078e-06,***,2020-06-20
3,sma1,-0.8559432688140032,0.01680748639084067,-50.92631038990186,0.0,***,2020-06-20
10,temp_9,-4.285279457185116,1.6095788260304973,-2.6623607293302705,0.007759467246372775,**,2020-06-21
17,cos_336_1,-4.881662094608644,1.8804721917002438,-2.595976753155201,0.009432244663346578,**,2020-06-21
16,sin_336_1,6.30954033563626,3.0545805353017825,2.065599601227374,0.03886630212764963,*,2020-06-21
15,lag_48*7,0.3413895321596436,0.01894993857417281,18.01533713808071,0.0,***,2020-06-21
14,Weekends,-96.14060332592888,4.954967157569094,-19.402873978501898,0.0,***,2020-06-21
13,Holidays,-0.009103654996957845,0.019292457844462943,-0.4718763710851208,0.6370150347578467,,2020-06-21
12,solar_16,0.13699893566231314,0.10788904703852732,1.2698131962681127,0.20415117896658885,,2020-06-21
11,solar_4,-0.8018681126023577,0.10690896779802468,-7.500475676813835,6.350475700855895e-14,***,2020-06-21
9,temp_1,-13.211431623313754,0.8261089186361665,-15.992360480897204,0.0,***,2020-06-21
8,solar_power,-0.7235010657407136,0.1117164919809997,-6.476224350687308,9.404610423757731e-11,***,2020-06-21
7,temperature,-17.65661080212746,0.7430147932011996,-23.76347141899537,0.0,***,2020-06-21
6,pv_capacity,-6.843153552667954,1.273681834620905,-5.3727338858567695,7.755173969670182e-08,***,2020-06-21
5,rainfall,-1.6818957102285919,0.8536491189853533,-1.9702424249294508,0.04881059346012684,*,2020-06-21
4,intercept,9733.588446156462,0.020336991848388938,478614.9553837551,0.0,***,2020-06-21
3,sma1,-0.8807626480939094,0.012887761222236097,-68.34101229112407,0.0,***,2020-06-21
2,sar1,0.9974527642311876,0.0006472294425129933,1541.1115420806332,0.0,***,2020-06-21
1,ma1,0.41628751815819387,0.015003044149012216,27.746870170051576,0.0,***,2020-06-21
0,ar1,0.9743110963763553,0.0041628792952938505,234.04740499630083,0.0,***,2020-06-21
16,sin_336_1,15.470710499301036,0.46678033115166906,33.143449856018464,0.0,***,2020-06-22
15,lag_48*7,0.36039560043389124,0.018719686343243953,19.252224306843697,0.0,***,2020-06-22
14,Weekends,-114.52463540090295,3.5724803225023263,-32.05745730201384,0.0,***,2020-06-22
13,Holidays,0.005085836166223823,0.019338033359923762,0.2629965556251307,0.7925532339088328,,2020-06-22
12,solar_16,0.12166192775645346,0.10867641467242184,1.1194878679350366,0.2629320637617729,,2020-06-22
11,solar_4,-0.9639235810942219,0.1140433784929881,-8.45225381632734,0.0,***,2020-06-22
10,temp_9,-8.792822294698327,1.0216339339736586,-8.606627092444482,0.0,***,2020-06-22
9,temp_1,-12.577630202283956,0.7909343066225301,-15.902243836145264,0.0,***,2020-06-22
17,cos_336_1,-11.662142432537687,0.4653230296520058,-25.062465619333906,0.0,***,2020-06-22
7,temperature,-18.03398935475905,0.7704957631975058,-23.40569567822048,0.0,***,2020-06-22
0,ar1,0.9742961273681146,0.004011519812040523,242.87456450888706,0.0,***,2020-06-22
1,ma1,0.412196847133502,0.016333415957467998,25.23641399979387,0.0,***,2020-06-22
2,sar1,0.9985364385973358,0.0004139356599260989,2412.298662008505,0.0,***,2020-06-22
8,solar_power,-0.664374688176427,0.10735595762361279,-6.188521837844411,6.073099800829596e-10,***,2020-06-22
4,intercept,9114.513809432206,0.019472161335440944,468079.2056115023,0.0,***,2020-06-22
5,rainfall,-2.6881899397761253,0.7843426315324575,-3.4273158587898114,0.0006095795749532229,***,2020-06-22
6,pv_capacity,-6.785842022027955,1.1504823829564614,-5.898258089437217,3.6735905428741944e-09,***,2020-06-22
3,sma1,-0.910277584375943,0.010668782133178043,-85.32160212974442,0.0,***,2020-06-22
10,temp_9,-14.521089660461694,1.1381661688185472,-12.758321287598145,0.0,***,2020-06-23
16,sin_336_1,20.627202394771196,1.3063891285791864,15.789477992062825,0.0,***,2020-06-23
15,lag_48*7,0.36834940413952455,0.01864057896615804,19.760620354564235,0.0,***,2020-06-23
14,Weekends,-87.8656852472802,10.575450141552382,-8.308458181089046,0.0,***,2020-06-23
13,Holidays,-0.006691465764693927,0.019334778035736088,-0.34608443667293326,0.7292792593018065,,2020-06-23
12,solar_16,0.08944001420378678,0.10938758786069606,0.817643170975556,0.4135609689738504,,2020-06-23
11,solar_4,-0.9528516817392424,0.10803778765859018,-8.819614899467819,0.0,***,2020-06-23
9,temp_1,-15.932905723242916,0.573129180561794,-27.799850825297586,0.0,***,2020-06-23
17,cos_336_1,-15.649582839223873,0.7996749124303237,-19.56993097565435,0.0,***,2020-06-23
7,temperature,-18.007012217805283,0.3139441749252174,-57.35737005502528,0.0,***,2020-06-23
0,ar1,0.9719569983196141,0.00412693557525994,235.515427996085,0.0,***,2020-06-23
1,ma1,0.417888771081898,0.016178410286365203,25.830026787865872,0.0,***,2020-06-23
2,sar1,0.9986655286897529,0.0003348717042977038,2982.2332429793196,0.0,***,2020-06-23
8,solar_power,-0.7045130167643017,0.10474680876445434,-6.72586616312627,1.7455148437761636e-11,***,2020-06-23
4,intercept,9144.53999236534,0.026535633416269046,344613.5936879052,0.0,***,2020-06-23
5,rainfall,-2.286271216536309,0.8126162433500415,-2.8134697469386887,0.004900999761087599,**,2020-06-23
6,pv_capacity,-5.954369991494843,1.0821522307640543,-5.5023404491720695,3.747823473787548e-08,***,2020-06-23
3,sma1,-0.9129106299534858,0.009638975201954272,-94.7103411748996,0.0,***,2020-06-23
9,temp_1,-19.935456718171373,0.8926671973534895,-22.332462509291783,0.0,***,2020-06-24
16,sin_336_1,20.927921693273362,1.168117249832541,17.915942681501836,0.0,***,2020-06-24
15,lag_48*7,0.377494869732821,0.018605680005277368,20.289227248117093,0.0,***,2020-06-24
14,Weekends,-102.93171374690404,6.0842190298822185,-16.917818579732597,0.0,***,2020-06-24
13,Holidays,0.014390782136404323,0.019360220624433096,0.7433170528151309,0.45728974966450897,,2020-06-24
12,solar_16,0.15264532335647774,0.1091660030934107,1.3982862707345147,0.1620271190096667,,2020-06-24
11,solar_4,-0.9145162059350023,0.1130700184396644,-8.088052151711638,6.661338147750939e-16,***,2020-06-24
10,temp_9,-10.701100379103016,0.6407873341832728,-16.699924933351404,0.0,***,2020-06-24
17,cos_336_1,-16.581695502670765,0.44068759758093157,-37.62687126593247,0.0,***,2020-06-24
8,solar_power,-0.6898661185255144,0.11252045346860651,-6.131028601995359,8.73127126155282e-10,***,2020-06-24
6,pv_capacity,-4.785282680737413,1.2833772120192737,-3.7286642118323257,0.0001924974524576406,***,2020-06-24
5,rainfall,-2.0395315954594673,0.9383652394580594,-2.173494402496593,0.029743126651199603,*,2020-06-24
4,intercept,8145.78171151289,0.019599739063598912,415606.64073540777,0.0,***,2020-06-24
3,sma1,-0.9138499537772018,0.010785198198401276,-84.73186463209036,0.0,***,2020-06-24
2,sar1,0.9986657962939272,0.0003922798757238625,2545.799206373048,0.0,***,2020-06-24
1,ma1,0.41481351969410307,0.015263842686133603,27.176218218688753,0.0,***,2020-06-24
0,ar1,0.9739640926559875,0.003926165725091675,248.07004106614622,0.0,***,2020-06-24
7,temperature,-20.689425845223127,0.6415970743294124,-32.24675839871527,0.0,***,2020-06-24
10,temp_9,-14.165567586147393,1.1338389691080184,-12.493456277385956,0.0,***,2020-06-25
16,sin_336_1,15.981737203605142,1.111854593419248,14.373945386560896,0.0,***,2020-06-25
15,lag_48*7,0.381205310433171,0.018485326546525713,20.622049032983835,0.0,***,2020-06-25
14,Weekends,-94.37539223510802,12.764629875447959,-7.393507932151933,1.4299672557172016e-13,***,2020-06-25
13,Holidays,0.004413233136111361,0.019293925896370624,0.22873691750529285,0.8190733993438113,,2020-06-25
12,solar_16,0.08797969525993032,0.10454826011386256,0.8415223281966858,0.4000553817830266,,2020-06-25
11,solar_4,-1.0237084803578766,0.10383046165640122,-9.859423371780455,0.0,***,2020-06-25
9,temp_1,-9.194804453095262,0.8350777973691934,-11.010715986058218,0.0,***,2020-06-25
17,cos_336_1,-11.140838666700615,0.47057970476902267,-23.674711326891874,0.0,***,2020-06-25
7,temperature,-16.790194295508535,0.6747370096936104,-24.88405712787676,0.0,***,2020-06-25
0,ar1,0.976737498466961,0.004307407810332506,226.7576095590454,0.0,***,2020-06-25
1,ma1,0.40753010410253204,0.015438220435807597,26.397479281828478,0.0,***,2020-06-25
2,sar1,0.9983959569351163,0.0003974067260711229,2512.2774513797126,0.0,***,2020-06-25
8,solar_power,-0.7696378303204635,0.10084012939610781,-7.632257464657415,2.3092638912203256e-14,***,2020-06-25
4,intercept,7629.073020700478,0.0432771218038742,176284.20520371848,0.0,***,2020-06-25
5,rainfall,-3.358057554724262,0.7823814709340733,-4.292097499082038,1.769931947714909e-05,***,2020-06-25
6,pv_capacity,-6.869236261409661,1.4849047013162056,-4.626045196921281,3.7271399879745815e-06,***,2020-06-25
3,sma1,-0.9068961300908153,0.009957936809152962,-91.07269381918856,0.0,***,2020-06-25
16,sin_336_1,11.130319931337967,0.16825515358306092,66.15143544975201,0.0,***,2020-06-26
15,lag_48*7,0.3968295033427169,0.016728970274373103,23.721095610446206,0.0,***,2020-06-26
14,Weekends,-131.46233995471042,0.8901326120568027,-147.68848840505274,0.0,***,2020-06-26
13,Holidays,-0.0023950362276152493,0.01928933617513393,-0.12416374549491827,0.9011856269640184,,2020-06-26
12,solar_16,0.0998032275290246,0.10784970712382942,0.9253917343923231,0.35476217675340793,,2020-06-26
11,solar_4,-0.9886480201197053,0.1080049407826496,-9.153729569735814,0.0,***,2020-06-26
10,temp_9,-6.196249457957146,0.5700228499525922,-10.87017732442213,0.0,***,2020-06-26
9,temp_1,-13.564184139867539,1.202975087857828,-11.275532034517578,0.0,***,2020-06-26
17,cos_336_1,-11.02291853958393,0.02243942390504715,-491.23001491605226,0.0,***,2020-06-26
7,temperature,-14.310140014748816,0.697190244441568,-20.525444997026433,0.0,***,2020-06-26
0,ar1,0.9744040810764318,0.0042565425471422745,228.91914512416184,0.0,***,2020-06-26
1,ma1,0.40467116852413587,0.013494638600519719,29.987551390116575,0.0,***,2020-06-26
2,sar1,0.9985668543333,0.00038314256417663846,2606.254036220667,0.0,***,2020-06-26
8,solar_power,-0.6211021689139961,0.10904486711743559,-5.695840485963467,1.2276561767166072e-08,***,2020-06-26
4,intercept,4254.673692155622,0.019954993211235096,213213.48732707903,0.0,***,2020-06-26
5,rainfall,-1.985722200298224,0.8555264634215364,-2.3210529249517977,0.020283987623119337,*,2020-06-26
6,pv_capacity,2.5531875075881123,1.2094911952111778,2.1109599786233453,0.03477575197454574,*,2020-06-26
3,sma1,-0.9111013273611185,0.011120789202790797,-81.92775807066594,0.0,***,2020-06-26
9,temp_1,-13.905097936782843,1.260128313104543,-11.034668289077038,0.0,***,2020-06-27
16,sin_336_1,11.72605344236115,0.35635934887988185,32.905137690981846,0.0,***,2020-06-27
15,lag_48*7,0.40064988434773247,0.017692680684610967,22.644950840955172,0.0,***,2020-06-27
14,Weekends,-129.30671383897308,2.595218818896448,-49.82497541149826,0.0,***,2020-06-27
13,Holidays,0.0028401810748788746,0.01928966414880083,0.14723849274770492,0.8829437788585253,,2020-06-27
12,solar_16,0.10145132710466331,0.11976982128511972,0.8470525046802228,0.3969658566839027,,2020-06-27
11,solar_4,-1.023478479921471,0.11816760169534714,-8.661244412492552,0.0,***,2020-06-27
10,temp_9,-5.657045632379751,0.8510988860337252,-6.6467548309722355,2.99624769439788e-11,***,2020-06-27
17,cos_336_1,-10.487971570266335,0.3118815087657562,-33.62806474731883,0.0,***,2020-06-27
8,solar_power,-0.6225875849396126,0.11245440286899573,-5.536355794489424,3.088298883291429e-08,***,2020-06-27
6,pv_capacity,2.8576383822105997,1.5062837322760583,1.897144821376108,0.05780882702043222,.,2020-06-27
7,temperature,-13.558061237541445,0.7296841701456633,-18.580725459392813,0.0,***,2020-06-27
0,ar1,0.9746146511218412,0.00408947681290958,238.3225766301442,0.0,***,2020-06-27
1,ma1,0.401605950091554,0.01333502203348277,30.11663190980605,0.0,***,2020-06-27
2,sar1,0.9982751558947783,0.0004937609441524701,2021.7782870783674,0.0,***,2020-06-27
3,sma1,-0.9027834788758479,0.012826192190918026,-70.38593102597441,0.0,***,2020-06-27
4,intercept,4104.326072331642,0.020016555549163335,205046.57068749258,0.0,***,2020-06-27
5,rainfall,-2.2366993243769904,0.8132444386092813,-2.750340756343739,0.005953331994822397,**,2020-06-27
9,temp_1,-13.967299379240588,0.8763363056975385,-15.938286806596492,0.0,***,2020-06-28
15,lag_48*7,0.410710534439265,0.017607805695611888,23.32548084294341,0.0,***,2020-06-28
14,Weekends,-106.97238125072386,1.6035491410736995,-66.70976180941834,0.0,***,2020-06-28
13,Holidays,-0.0005436870798293247,0.019288137853406398,-0.028187639675817975,0.9775124954182897,,2020-06-28
12,solar_16,0.10712607347717418,0.1099011631296095,0.9747492239989982,0.32968466945603137,,2020-06-28
11,solar_4,-1.0338125829146239,0.1120717956896956,-9.22455624586443,0.0,***,2020-06-28
10,temp_9,-5.963855639325285,0.6570491437419633,-9.076726902588298,0.0,***,2020-06-28
17,cos_336_1,-10.887173533593383,0.025728511074885187,-423.15598838600755,0.0,***,2020-06-28
16,sin_336_1,11.172141424777271,0.37937267166671246,29.44898844635876,0.0,***,2020-06-28
8,solar_power,-0.6375759907025027,0.10390720163026165,-6.136013487989237,8.461797929015802e-10,***,2020-06-28
6,pv_capacity,4.123623491667489,1.059985608802436,3.8902636577550607,0.00010013536304054327,***,2020-06-28
5,rainfall,-1.7548730359591354,0.7996978659893804,-2.1944200561145917,0.028205225365951048,*,2020-06-28
4,intercept,3138.672702291815,0.020700623389808104,151622.13442504982,0.0,***,2020-06-28
3,sma1,-0.9136114249328784,0.010376499657966071,-88.04620585435052,0.0,***,2020-06-28
2,sar1,0.9985745867308498,0.00032663194322737346,3057.18594716784,0.0,***,2020-06-28
1,ma1,0.4051541263645393,0.01357893194311561,29.836965680496586,0.0,***,2020-06-28
0,ar1,0.975226356966671,0.0032103086142932125,303.7796281094859,0.0,***,2020-06-28
7,temperature,-13.633246371217801,1.0300821008111363,-13.235106561391879,0.0,***,2020-06-28
17,cos_336_1,-11.050488873626373,0.5334919188947245,-20.71350751951502,0.0,***,2020-06-29
16,sin_336_1,15.670510948590517,2.1864139263597795,7.167220607069943,7.653877531765829e-13,***,2020-06-29
15,lag_48*7,0.41231777448877244,0.017342210418776188,23.775387596633085,0.0,***,2020-06-29
14,Weekends,-79.65184460186498,6.895453924082868,-11.551356223797711,0.0,***,2020-06-29
13,Holidays,-0.006970929052484864,0.019422657459725167,-0.35890706855844967,0.7196646115251504,,2020-06-29
12,solar_16,0.0778648453294557,0.11569469017084498,0.6730200427908455,0.5009345399572176,,2020-06-29
11,solar_4,-1.0073685962241785,0.11907706683719577,-8.459803579151561,0.0,***,2020-06-29
10,temp_9,-5.844002462522734,0.573357803499743,-10.192592525733982,0.0,***,2020-06-29
9,temp_1,-14.575954002390718,1.6007440247934126,-9.105736942714403,0.0,***,2020-06-29
0,ar1,0.9764652717371316,0.0037389183467615565,261.1625024073852,0.0,***,2020-06-29
7,temperature,-14.253963901181324,0.8362481923988871,-17.04513567950678,0.0,***,2020-06-29
6,pv_capacity,3.1004864188143864,1.2171336927055187,2.5473671769963384,0.010853916301241995,*,2020-06-29
5,rainfall,-0.8490771200550172,0.8341604324625618,-1.017882276612449,0.30873390528409783,,2020-06-29
4,intercept,2952.354063156015,0.02266247535532944,130275.00380543037,0.0,***,2020-06-29
3,sma1,-0.9089861404911368,0.010365865808370097,-87.69032488894081,0.0,***,2020-06-29
2,sar1,0.9983646160692096,0.0004335483556221131,2302.7756953122857,0.0,***,2020-06-29
1,ma1,0.40982275059327283,0.01533342544050051,26.727410139602537,0.0,***,2020-06-29
8,solar_power,-0.6380405915971045,0.11165146725840638,-5.7145741768034455,1.0997906807475033e-08,***,2020-06-29
11,solar_4,-0.9632564089018524,0.11943314806212155,-8.065235025043696,6.661338147750939e-16,***,2020-06-30
12,solar_16,0.04741015525358039,0.12051336609967991,0.39340163492210606,0.6940228623164009,,2020-06-30
13,Holidays,0.00777851225886339,0.019337341665276817,0.4022534427692773,0.6874975146197335,,2020-06-30
10,temp_9,-5.741064115299155,0.9880666538669697,-5.810401649352812,6.23231377616662e-09,***,2020-06-30
15,lag_48*7,0.4165966489622226,0.01639221090387833,25.414305087037253,0.0,***,2020-06-30
16,sin_336_1,23.346228820919837,2.7757574137908168,8.410759782151203,0.0,***,2020-06-30
17,cos_336_1,-9.463951215562155,0.1801246001901569,-52.54113655531279,0.0,***,2020-06-30
14,Weekends,-55.10400044528764,7.343760467710069,-7.50351276945586,6.217248937900877e-14,***,2020-06-30
9,temp_1,-16.099597986383337,0.4563914769107873,-35.27585154604101,0.0,***,2020-06-30
0,ar1,0.9757078687146895,0.0031034610371732186,314.39346491793276,0.0,***,2020-06-30
7,temperature,-13.514824835824077,1.4138752432027861,-9.558710997166603,0.0,***,2020-06-30
6,pv_capacity,3.0771531919332227,1.338300808368773,2.299298612607057,0.02148798856287959,*,2020-06-30
5,rainfall,-1.1396621230884756,0.06771692826999141,-16.829796510328627,0.0,***,2020-06-30
4,intercept,3189.739923314039,0.021471654168296293,148555.85407219394,0.0,***,2020-06-30
3,sma1,-0.914825544695263,0.01198185051926496,-76.35093955014422,0.0,***,2020-06-30
2,sar1,0.9985936847293826,0.00044873446168122163,2225.355460750812,0.0,***,2020-06-30
1,ma1,0.4061129662296951,0.012779683194563712,31.77801515474574,0.0,***,2020-06-30
8,solar_power,-0.6432570781577526,0.11426434164907975,-5.6295522196528855,1.806780658419882e-08,***,2020-06-30
11,solar_4,-1.020985318991648,0.11885565843364486,-8.590127995981337,0.0,***,2020-07-01
12,solar_16,0.07129263122895546,0.12081748896852333,0.5900853579859566,0.5551334247008182,,2020-07-01
13,Holidays,0.0034518227652787226,0.019315636420608108,0.17870613683719616,0.8581684502597928,,2020-07-01
17,cos_336_1,-10.25034295009409,0.92535781771769,-11.07716685787085,0.0,***,2020-07-01
15,lag_48*7,0.4274120987829409,0.017528803207311948,24.38341589713613,0.0,***,2020-07-01
16,sin_336_1,13.38490111845434,2.961925728496322,4.518986073715441,6.213648129582694e-06,***,2020-07-01
10,temp_9,-7.008598933945102,0.3173683391191455,-22.083484929206985,0.0,***,2020-07-01
14,Weekends,-70.06751134948186,5.576686186173683,-12.564363317269086,0.0,***,2020-07-01
9,temp_1,-15.959387293285713,1.115130726243516,-14.3116738851303,0.0,***,2020-07-01
8,solar_power,-0.663855029783473,0.11151723950691467,-5.952936359604834,2.633737228308064e-09,***,2020-07-01
7,temperature,-13.293675424412323,0.84120359847998,-15.803160433970374,0.0,***,2020-07-01
6,pv_capacity,3.0714934336236253,1.2081159296748443,2.5423830264785066,0.01100994468444405,*,2020-07-01
5,rainfall,-0.5783992206723721,0.6786000068962886,-0.8523419021432013,0.394024355691317,,2020-07-01
4,intercept,3263.523973309082,0.022272471919719206,146527.24605838122,0.0,***,2020-07-01
3,sma1,-0.9066263900337174,0.010458318556120397,-86.68949842832461,0.0,***,2020-07-01
2,sar1,0.9981710901371047,0.0004594206847518502,2172.673375984917,0.0,***,2020-07-01
1,ma1,0.3983069524834216,0.013438564472731665,29.63909971869618,0.0,***,2020-07-01
0,ar1,0.9784401222121071,0.0029348824045022054,333.383075489208,0.0,***,2020-07-01
16,sin_336_1,13.444155675625247,1.7798362324838313,7.553591409285674,4.241051954068098e-14,***,2020-07-02
15,lag_48*7,0.4337314011439326,0.016322407198646412,26.5727595118385,0.0,***,2020-07-02
14,Weekends,-61.22753455034288,2.2931746788834855,-26.69989997454259,0.0,***,2020-07-02
13,Holidays,-0.0006627896883878298,0.01928844437883901,-0.03436200843210373,0.9725884784481245,,2020-07-02
12,solar_16,0.05271594016744108,0.11716146879634444,0.449942636508547,0.6527518032803341,,2020-07-02
11,solar_4,-0.992125562692364,0.10779323509016166,-9.20396870789265,0.0,***,2020-07-02
10,temp_9,-8.021914492485427,0.47324642288439744,-16.950819075593913,0.0,***,2020-07-02
9,temp_1,-15.685718888674266,0.5784854157117525,-27.115150118996503,0.0,***,2020-07-02
17,cos_336_1,-9.688468061647782,1.2003546422919045,-8.071338019861402,6.661338147750939e-16,***,2020-07-02
7,temperature,-15.298775162179417,0.3470145054015257,-44.086846296172595,0.0,***,2020-07-02
0,ar1,0.9759142080375374,0.0030069974197886895,324.547737093209,0.0,***,2020-07-02
1,ma1,0.3999863149083257,0.013527759854833512,29.567816046454233,0.0,***,2020-07-02
2,sar1,0.9983325489708798,0.00046472802922155424,2148.2081695032325,0.0,***,2020-07-02
8,solar_power,-0.6531614061053753,0.11506637249001415,-5.6763882615840595,1.3756834338352064e-08,***,2020-07-02
4,intercept,7534.4050501315405,0.020242680004138862,372203.92994361615,0.0,***,2020-07-02
5,rainfall,-1.0888395067895316,0.8664972432922531,-1.2565989277155574,0.20889890322882465,,2020-07-02
6,pv_capacity,-4.218815696297376,1.2100091738173777,-3.4865981081678203,0.0004892059111867297,***,2020-07-02
3,sma1,-0.9081550178271307,0.010977951291454869,-82.72536411543653,0.0,***,2020-07-02
9,temp_1,-14.644809811462366,0.45842781001585886,-31.94572731299993,0.0,***,2020-07-03
16,sin_336_1,10.057869815902894,0.8456069001362727,11.894261759550485,0.0,***,2020-07-03
15,lag_48*7,0.44368916102420275,0.015781985591326635,28.11364631254274,0.0,***,2020-07-03
14,Weekends,-65.53344331581246,1.1940357173145444,-54.883989118182306,0.0,***,2020-07-03
13,Holidays,0.00047013017787256306,0.019294150333372603,0.024366461842032547,0.98056029995146,,2020-07-03
12,solar_16,0.05286991878899139,0.11412969416730803,0.4632441992833777,0.6431893380059885,,2020-07-03
11,solar_4,-0.9888546906523997,0.11125418533662344,-8.888247104236191,0.0,***,2020-07-03
10,temp_9,-7.224248258856958,0.958236579717061,-7.539107159726741,4.729550084903167e-14,***,2020-07-03
17,cos_336_1,-9.035072622700392,0.12517069997715555,-72.1820092429726,0.0,***,2020-07-03
8,solar_power,-0.6561987462531483,0.11151414734457299,-5.884443919259212,3.993945396629783e-09,***,2020-07-03
6,pv_capacity,-9.670462460597946,0.8190172367861239,-11.807397971922374,0.0,***,2020-07-03
5,rainfall,-1.4180834607674737,0.6573295054862389,-2.15734034290533,0.03097915580318289,*,2020-07-03
4,intercept,10850.40569318851,0.01941098020692005,558982.883786586,0.0,***,2020-07-03
3,sma1,-0.9142785063221353,0.010908916693136794,-83.81020151133265,0.0,***,2020-07-03
2,sar1,0.99853281081931,0.0004070862320146819,2452.8778727729045,0.0,***,2020-07-03
1,ma1,0.39610032476477885,0.013965456144974775,28.36286338612066,0.0,***,2020-07-03
0,ar1,0.9770822938446662,0.0032825197302144165,297.6622759799352,0.0,***,2020-07-03
7,temperature,-15.454256810379185,1.6226762594568829,-9.523931049285084,0.0,***,2020-07-03
11,solar_4,-1.01994826879038,0.1117317771921927,-9.128542429213677,0.0,***,2020-07-04
17,cos_336_1,-10.65686832482578,0.33468873432375457,-31.841132467031496,0.0,***,2020-07-04
16,sin_336_1,15.050582368777565,0.5971247283076538,25.205089749730014,0.0,***,2020-07-04
15,lag_48*7,0.439917298675117,0.016633372915323748,26.44787085064608,0.0,***,2020-07-04
14,Weekends,-81.20109226068843,3.2890989291174626,-24.687944634877997,0.0,***,2020-07-04
13,Holidays,-0.00041993833949849346,0.01928892975262979,-0.021770950741382654,0.9826306666432143,,2020-07-04
12,solar_16,0.08112896563566685,0.11260806879119649,0.7204542845513161,0.47124533716316197,,2020-07-04
10,temp_9,-6.457564991597765,0.06800567244346878,-94.95626996359398,0.0,***,2020-07-04
9,temp_1,-15.699283602735303,0.2450769528776617,-64.05858820422058,0.0,***,2020-07-04
0,ar1,0.977353517145313,0.0027779516816026383,351.8252400205408,0.0,***,2020-07-04
7,temperature,-15.540097854682655,2.1110794931483015,-7.361209232110606,1.822986206434507e-13,***,2020-07-04
6,pv_capacity,-11.384425154803257,0.8774694799875752,-12.974155129548732,0.0,***,2020-07-04
5,rainfall,-2.1536601816345016,0.6436428632490707,-3.346048413809723,0.0008197208189966165,***,2020-07-04
4,intercept,12809.982258825763,0.019333837216821904,662568.0207796571,0.0,***,2020-07-04
3,sma1,-0.9179772135117793,0.009229246316547809,-99.46394126093146,0.0,***,2020-07-04
2,sar1,0.9985716136014676,0.00028133704467701853,3549.3783435020123,0.0,***,2020-07-04
1,ma1,0.3895503346613083,0.016379398300672462,23.78294535064302,0.0,***,2020-07-04
8,solar_power,-0.618339875326433,0.09866604541852682,-6.266997655612186,3.6807579206765695e-10,***,2020-07-04
11,solar_4,-1.0147055673480798,0.10521096748575817,-9.644484711020597,0.0,***,2020-07-05
12,solar_16,0.08724179370820195,0.112153588868809,0.7778778600678801,0.4366410215242973,,2020-07-05
13,Holidays,-0.00011229985193916825,0.019289145854269198,-0.005821919373081692,0.9953548066592679,,2020-07-05
17,cos_336_1,-8.425370575807417,0.34667613736051917,-24.303289634975986,0.0,***,2020-07-05
16,sin_336_1,11.00058001606815,1.1289926713526675,9.743712510452479,0.0,***,2020-07-05
10,temp_9,-5.967050179586137,0.1769060291441872,-33.73005549020997,0.0,***,2020-07-05
15,lag_48*7,0.4459691569330301,0.017662518452307752,25.24946587527899,0.0,***,2020-07-05
9,temp_1,-17.216763034551402,1.0984841429454097,-15.673201242930464,0.0,***,2020-07-05
14,Weekends,-86.30515979321117,2.023345668367164,-42.654678902621356,0.0,***,2020-07-05
7,temperature,-16.71562145975098,0.6996414160966942,-23.891698054422772,0.0,***,2020-07-05
8,solar_power,-0.6168669258394568,0.10890515175548397,-5.664258447795553,1.4766170730595718e-08,***,2020-07-05
1,ma1,0.38557440256571773,0.014524371492019201,26.54671858108158,0.0,***,2020-07-05
2,sar1,0.9989979632512832,0.0002581271809089249,3870.177327833445,0.0,***,2020-07-05
0,ar1,0.9754541039813406,0.0028693527010755318,339.956152346035,0.0,***,2020-07-05
4,intercept,13464.469155535991,0.020759085194698646,648606.0936333785,0.0,***,2020-07-05
5,rainfall,-1.1481564232935286,0.7711333331335398,-1.4889207533383833,0.13650823789381983,,2020-07-05
6,pv_capacity,-13.537517075078394,1.069402636366703,-12.65895240456123,0.0,***,2020-07-05
3,sma1,-0.929279854042319,0.00951532227421289,-97.66141674052646,0.0,***,2020-07-05
17,cos_336_1,-8.676046983059539,0.8645119914466703,-10.035774019214102,0.0,***,2020-07-06
10,temp_9,-5.751658050187463,0.13231969114983977,-43.46789204393051,0.0,***,2020-07-06
16,sin_336_1,13.9928110621911,2.3642740549547705,5.9184386991290605,3.250121061171285e-09,***,2020-07-06
15,lag_48*7,0.4416003947529398,0.018809707307079655,23.477260307326997,0.0,***,2020-07-06
14,Weekends,-66.63422715534517,3.138523526578499,-21.231074609145058,0.0,***,2020-07-06
13,Holidays,-8.908274745778044e-05,0.01928834973894284,-0.0046184742947668524,0.9963150037660942,,2020-07-06
12,solar_16,0.09268629592056987,0.11795158187391304,0.7857995157678254,0.43198495033091233,,2020-07-06
11,solar_4,-1.0518788732242186,0.11315745299862313,-9.295710051347811,0.0,***,2020-07-06
9,temp_1,-16.053763115771147,1.1981567013659125,-13.398717461138157,0.0,***,2020-07-06
5,rainfall,-1.3357554831343819,0.9010621091564966,-1.4824233197252195,0.13822769282651937,,2020-07-06
7,temperature,-16.17611961055774,0.8627240180370517,-18.750051316947363,0.0,***,2020-07-06
6,pv_capacity,-13.979479397196462,0.8422570713323054,-16.597639691030835,0.0,***,2020-07-06
4,intercept,14728.911467714139,0.024211828666838485,608335.3583237379,0.0,***,2020-07-06
3,sma1,-0.929813640135123,0.011740445701113992,-79.19747374215083,0.0,***,2020-07-06
2,sar1,0.9990778101095789,0.0003414890542612641,2925.6510498436396,0.0,***,2020-07-06
1,ma1,0.38377772851930764,0.014716537845059996,26.07799011967567,0.0,***,2020-07-06
0,ar1,0.9759618084512484,0.0028534337060612505,342.0306581428946,0.0,***,2020-07-06
8,solar_power,-0.616209309694811,0.11601362583855579,-5.3115253078317375,1.0871147004820614e-07,***,2020-07-06
12,solar_16,0.11458565775646679,0.11404253529922294,1.0047624551297356,0.3150112465386119,,2020-07-07
11,solar_4,-1.032801168087424,0.10485854466927283,-9.849470745039536,0.0,***,2020-07-07
13,Holidays,-0.0004768671798893731,0.019294949476655693,-0.02471461148246688,0.9802826003631155,,2020-07-07
10,temp_9,-6.465837466966866,0.7781011502703116,-8.309764694115463,0.0,***,2020-07-07
15,lag_48*7,0.443041719006537,0.01798843650278282,24.62925107126449,0.0,***,2020-07-07
16,sin_336_1,15.068849889988833,1.915363237503553,7.867358835616621,3.552713678800501e-15,***,2020-07-07
17,cos_336_1,-9.950204722772858,0.8851554463428077,-11.241194712052067,0.0,***,2020-07-07
14,Weekends,-71.48524892358498,4.493106963150652,-15.90998155838653,0.0,***,2020-07-07
9,temp_1,-15.951842964487065,0.5790256816869912,-27.54945673223228,0.0,***,2020-07-07
0,ar1,0.9756571157127744,0.003098137642209304,314.91729173692437,0.0,***,2020-07-07
7,temperature,-17.4245322111922,0.7056351383653933,-24.693402105167554,0.0,***,2020-07-07
6,pv_capacity,-15.593582710520598,1.3966873196363607,-11.164691260016966,0.0,***,2020-07-07
5,rainfall,-2.4766822796577888,0.5730094724220121,-4.322236191295897,1.544557108790201e-05,***,2020-07-07
4,intercept,15261.375607931244,0.02032029133849325,751041.1811380493,0.0,***,2020-07-07
3,sma1,-0.9283477846597902,0.01085552094538877,-85.51849232570784,0.0,***,2020-07-07
2,sar1,0.9989923625334044,0.00034647555942991657,2883.2982164084674,0.0,***,2020-07-07
1,ma1,0.38630025163173454,0.014614499058683636,26.432671423123658,0.0,***,2020-07-07
8,solar_power,-0.6048059673714079,0.10539463928476321,-5.73848889730812,9.552502566734233e-09,***,2020-07-07
17,cos_336_1,-12.467245671768762,2.0290017973656704,-6.14452174855412,8.020479835835204e-10,***,2020-07-08
16,sin_336_1,18.369121923398286,3.0425470049464507,6.03741598520401,1.5660164276454225e-09,***,2020-07-08
15,lag_48*7,0.4365489716818174,0.017216963836782454,25.35574656602175,0.0,***,2020-07-08
14,Weekends,-79.09134777516418,7.634657354992776,-10.359515050592472,0.0,***,2020-07-08
13,Holidays,-0.0013859612981321767,0.019289838975423964,-0.07184929329363234,0.942721843781726,,2020-07-08
12,solar_16,0.11635652128745533,0.11503358849256083,1.011500404466475,0.3117769876364125,,2020-07-08
11,solar_4,-1.0248475299559738,0.10974884765521738,-9.338116543834648,0.0,***,2020-07-08
10,temp_9,-7.304097891215315,0.8342370846645537,-8.755422200095898,0.0,***,2020-07-08
9,temp_1,-16.128727400689677,0.4312550800261055,-37.39950703818571,0.0,***,2020-07-08
0,ar1,0.9755500822173817,0.003339786680041844,292.099518824705,0.0,***,2020-07-08
7,temperature,-16.63383387063295,0.24913884813913795,-66.76531578625331,0.0,***,2020-07-08
6,pv_capacity,-14.305617591966234,1.0859617350811823,-13.173224368625476,0.0,***,2020-07-08
5,rainfall,-2.58707306521404,0.635233197193146,-4.07263517814455,4.6484205121544164e-05,***,2020-07-08
4,intercept,14519.409235027437,0.02399736870188729,605041.7200068084,0.0,***,2020-07-08
3,sma1,-0.9308910526459331,0.011049791457952927,-84.24512409923697,0.0,***,2020-07-08
2,sar1,0.9991021310452103,0.00030201204622731575,3308.153245957663,0.0,***,2020-07-08
1,ma1,0.39073110508544756,0.016327374984107138,23.931042526173393,0.0,***,2020-07-08
8,solar_power,-0.6307140059851439,0.10797994723696286,-5.841029025519313,5.187936302775142e-09,***,2020-07-08
11,solar_4,-0.9930355727398636,0.12167723075155354,-8.16122759045603,2.220446049250313e-16,***,2020-07-09
12,solar_16,0.159726835721141,0.11896526861397272,1.342634178715087,0.1793904574637155,,2020-07-09
13,Holidays,0.0004249737885926308,0.01928885609424181,0.022032088710511755,0.9824223586562202,,2020-07-09
10,temp_9,-6.059069666021563,0.5603212908342512,-10.813563155882111,0.0,***,2020-07-09
15,lag_48*7,0.43705007062587364,0.017935306221854255,24.36814098514393,0.0,***,2020-07-09
16,sin_336_1,14.821816897646546,1.3794898879081956,10.744418663424758,0.0,***,2020-07-09
17,cos_336_1,-11.083613065292493,1.4210852306932407,-7.799400645298123,6.217248937900877e-15,***,2020-07-09
14,Weekends,-96.63287707916403,5.328333126486953,-18.135667343846325,0.0,***,2020-07-09
9,temp_1,-17.468265701577447,0.8001262018553583,-21.8318880959922,0.0,***,2020-07-09
0,ar1,0.9743283843553958,0.0035246850992272077,276.4299098858558,0.0,***,2020-07-09
7,temperature,-20.09178257458188,1.2312111392914842,-16.3187140965472,0.0,***,2020-07-09
6,pv_capacity,-12.132621959225434,1.0468775290250052,-11.58934223234783,0.0,***,2020-07-09
5,rainfall,-2.666530789929023,0.7555492484112057,-3.529261389030951,0.0004167213081713861,***,2020-07-09
4,intercept,12017.869009921602,0.01950071245647401,616278.4583766224,0.0,***,2020-07-09
3,sma1,-0.9380115200155753,0.010477216130017314,-89.52869811744785,0.0,***,2020-07-09
2,sar1,0.999269546193045,0.0002413134546137247,4140.9607590782525,0.0,***,2020-07-09
1,ma1,0.3909598701603502,0.015382010946498615,25.416694313908536,0.0,***,2020-07-09
8,solar_power,-0.6192511124191934,0.11372947574992678,-5.444948271640935,5.182044282570075e-08,***,2020-07-09
11,solar_4,-1.0225414812100857,0.11658731044928279,-8.770607000621276,0.0,***,2020-07-10
12,solar_16,0.13660788019783432,0.11695047482153846,1.168083160040968,0.2427732223312442,,2020-07-10
13,Holidays,-0.008731502048426654,0.019417835832480596,-0.44966401630717767,0.6529527212467698,,2020-07-10
17,cos_336_1,-13.074451525702989,0.786867115401845,-16.61583165669085,0.0,***,2020-07-10
15,lag_48*7,0.431598282301823,0.018293194016145382,23.593380244089627,0.0,***,2020-07-10
16,sin_336_1,16.14195730262945,0.8186210495012473,19.71847329416229,0.0,***,2020-07-10
10,temp_9,-6.0545193611250685,0.4511956928276651,-13.418832354495907,0.0,***,2020-07-10
14,Weekends,-70.0443068448211,11.235237232499935,-6.234341598253519,4.5368220291663874e-10,***,2020-07-10
9,temp_1,-17.619962912742704,1.0813175094565128,-16.294902060356698,0.0,***,2020-07-10
0,ar1,0.9842269558332867,0.0030230768321838925,325.5712674435317,0.0,***,2020-07-10
7,temperature,-19.141611163033105,0.9751328035180267,-19.629747962508418,0.0,***,2020-07-10
6,pv_capacity,-11.682658556358053,1.2561147107141237,-9.300630314023033,0.0,***,2020-07-10
5,rainfall,-0.23852162796961032,0.6709573469222513,-0.3554944722846139,0.7222191853289628,,2020-07-10
4,intercept,9779.385324445871,0.01955576509665626,500076.84568260633,0.0,***,2020-07-10
3,sma1,-0.9176471233311057,0.010929515647198986,-83.96045652455607,0.0,***,2020-07-10
2,sar1,0.9987505860694982,0.00037735934723915677,2646.68304462729,0.0,***,2020-07-10
1,ma1,0.38578785692556067,0.013563718411629143,28.442632412273998,0.0,***,2020-07-10
8,solar_power,-0.6646922844271838,0.12001787104339152,-5.538277580235276,3.0546085660887456e-08,***,2020-07-10
17,cos_336_1,-12.444705129340031,1.4541588975487505,-8.558009135258771,0.0,***,2020-07-11
16,sin_336_1,17.580693632472265,2.485864280876864,7.0722660797357975,1.52433621281034e-12,***,2020-07-11
15,lag_48*7,0.4280466128846781,0.017658820572725234,24.239818912131284,0.0,***,2020-07-11
14,Weekends,-72.27091377310732,7.942204480910746,-9.099603762004865,0.0,***,2020-07-11
13,Holidays,-0.0028642686477609036,0.019325520700445995,-0.14821171921617626,0.8821756833671224,,2020-07-11
12,solar_16,0.15387504625477955,0.11539006464028967,1.333520756180012,0.18236096866294282,,2020-07-11
11,solar_4,-1.0674331656002827,0.11702574143312654,-9.121353580231398,0.0,***,2020-07-11
10,temp_9,-9.676259021159934,1.18085994764761,-8.194247794106321,2.220446049250313e-16,***,2020-07-11
9,temp_1,-16.30368058775913,0.26829203035554794,-60.76841181660538,0.0,***,2020-07-11
7,temperature,-19.180888261646995,0.3067888644455448,-62.52146177571453,0.0,***,2020-07-11
6,pv_capacity,-2.162843176445136,1.1179814544706481,-1.934596649878435,0.05303981146059744,.,2020-07-11
5,rainfall,-1.1475018449393368,0.8716843621775519,-1.316418986882782,0.1880334531334662,,2020-07-11
4,intercept,6369.03235631511,0.021623524828654796,294541.81992914836,0.0,***,2020-07-11
3,sma1,-0.9117114093396549,0.01528100474082911,-59.66305388962189,0.0,***,2020-07-11
2,sar1,0.9984686066699362,0.0006221622667743664,1604.8363264563604,0.0,***,2020-07-11
1,ma1,0.38944288060563076,0.014292945857826327,27.24720883150797,0.0,***,2020-07-11
0,ar1,0.9742721902429203,0.003395789669552957,286.90592912109884,0.0,***,2020-07-11
8,solar_power,-0.679457801328028,0.1130738641185783,-6.008973042749244,1.8670216483940294e-09,***,2020-07-11
11,solar_4,-1.1753584837790034,0.11758926644723561,-9.995457232539227,0.0,***,2020-07-12
12,solar_16,0.20122087862959637,0.11790749250253166,1.706599592263196,0.08789650101813518,.,2020-07-12
13,Holidays,-0.008661805019066993,0.019379520194397253,-0.4469566290692366,0.6549063750833048,,2020-07-12
10,temp_9,-9.562014563646066,1.101461691977456,-8.681204832897425,0.0,***,2020-07-12
15,lag_48*7,0.4260198735246593,0.01627958719127574,26.168960460678274,0.0,***,2020-07-12
16,sin_336_1,21.686888650104805,1.8165170958097767,11.938719817242957,0.0,***,2020-07-12
17,cos_336_1,-12.471099804144014,0.5867593955005916,-21.25419703506297,0.0,***,2020-07-12
14,Weekends,-57.50248284269294,7.7816444512200444,-7.389502720556376,1.474376176702208e-13,***,2020-07-12
9,temp_1,-18.054340994607042,0.467822920530117,-38.59225403951699,0.0,***,2020-07-12
8,solar_power,-0.6936780005267731,0.11025452772317818,-6.291605568058182,3.141991111732523e-10,***,2020-07-12
7,temperature,-17.774834730216277,0.21443951965485838,-82.88973393908442,0.0,***,2020-07-12
6,pv_capacity,-1.0662883963304923,1.3893556734732693,-0.767469710376511,0.4428022954524946,,2020-07-12
5,rainfall,-0.44696360347249475,0.8719974133777765,-0.5125744602167256,0.6082490223130628,,2020-07-12
4,intercept,4610.074334478567,0.03270321232387398,140967.01843302173,0.0,***,2020-07-12
3,sma1,-0.9014880723634455,0.01575737967982764,-57.21053187018886,0.0,***,2020-07-12
2,sar1,0.9979788253639845,0.0006909543199890651,1444.3484851209532,0.0,***,2020-07-12
1,ma1,0.3922972978810694,0.015603651158635563,25.14137837950571,0.0,***,2020-07-12
0,ar1,0.9775608565454996,0.0038727924115462744,252.41757178386766,0.0,***,2020-07-12
11,solar_4,-1.1999945867687356,0.11903037423673266,-10.081414886440124,0.0,***,2020-07-13
12,solar_16,0.19825511937533324,0.12268495335063591,1.6159693096896437,0.10610094881762655,,2020-07-13
13,Holidays,-0.003147290613303655,0.019295823904603753,-0.16310734534391916,0.8704339165004167,,2020-07-13
17,cos_336_1,-14.389122251396499,0.820619741258212,-17.534457834678012,0.0,***,2020-07-13
15,lag_48*7,0.42643537601844816,0.017113470620297926,24.918111906106418,0.0,***,2020-07-13
16,sin_336_1,23.175215623489102,2.37007075649392,9.778280061888335,0.0,***,2020-07-13
10,temp_9,-10.24943835317392,0.8398022970737252,-12.204584803932889,0.0,***,2020-07-13
14,Weekends,-65.78913453668704,7.988894461978764,-8.235073682572066,2.220446049250313e-16,***,2020-07-13
9,temp_1,-16.60222229335597,0.2805422295241676,-59.1790488067172,0.0,***,2020-07-13
8,solar_power,-0.7196361222852641,0.12252295366627444,-5.873480035793085,4.267404429825206e-09,***,2020-07-13
7,temperature,-17.926972544877486,0.14218524656442316,-126.08180509610678,0.0,***,2020-07-13
6,pv_capacity,0.07724856511435325,1.142261110716482,0.06762776425601952,0.9460819533089242,,2020-07-13
5,rainfall,-0.6601682172873659,0.8159037040394213,-0.8091251627109529,0.4184431559220698,,2020-07-13
4,intercept,4946.6916679665,0.02656720958286556,186195.37940321944,0.0,***,2020-07-13
3,sma1,-0.8972349683185011,0.02375508257290412,-37.77023151003141,0.0,***,2020-07-13
2,sar1,0.9977916577135584,0.0010969765742623633,909.583377734844,0.0,***,2020-07-13
1,ma1,0.39685969404869303,0.016525500144338626,24.014988386578477,0.0,***,2020-07-13
0,ar1,0.9740360292703886,0.003950447335405544,246.56347663229798,0.0,***,2020-07-13
16,sin_336_1,21.676585074495385,3.013933446628421,7.192124663118955,6.379341499496149e-13,***,2020-07-14
15,lag_48*7,0.43044586148705544,0.018619616401536154,23.117869466502157,0.0,***,2020-07-14
14,Weekends,-54.49627289872791,9.775320657780304,-5.574883403477268,2.4769570838856225e-08,***,2020-07-14
13,Holidays,0.004224985940602499,0.019335921263526415,0.21850450687199177,0.8270360471793541,,2020-07-14
12,solar_16,0.21399947714094458,0.12170349320959893,1.7583675825343206,0.078684985261809,.,2020-07-14
11,solar_4,-1.137585325762606,0.11920728276979795,-9.542918010801449,0.0,***,2020-07-14
10,temp_9,-3.736922174529539,1.5770013229620663,-2.3696379452050897,0.01780551160771293,*,2020-07-14
9,temp_1,-18.114679140517325,0.758481185545928,-23.88283254182372,0.0,***,2020-07-14
17,cos_336_1,-12.52187486349187,1.0954532512866404,-11.430770641088133,0.0,***,2020-07-14
7,temperature,-18.555948019752414,1.031044201412857,-17.997238134237982,0.0,***,2020-07-14
0,ar1,0.9733047920919987,0.003831597170360265,254.02064695660164,0.0,***,2020-07-14
1,ma1,0.3855318960304625,0.015133608118344234,25.475213380419124,0.0,***,2020-07-14
2,sar1,0.9992142987548533,0.0003766138723801699,2653.1531949152536,0.0,***,2020-07-14
8,solar_power,-0.6907302004692005,0.1262122088956953,-5.4727684945284185,4.430587496884186e-08,***,2020-07-14
4,intercept,6137.481975336972,0.022739465518576543,269904.40783768997,0.0,***,2020-07-14
5,rainfall,-0.8938581039114166,0.8264543612475093,-1.0815577312244602,0.2794490950127595,,2020-07-14
6,pv_capacity,-2.092168073666551,1.0704613436105668,-1.9544545780699212,0.05064748156339327,.,2020-07-14
3,sma1,-0.9356026956367516,0.019784934098115922,-47.28864352021506,0.0,***,2020-07-14
10,temp_9,-9.109438698789853,1.267037928854935,-7.189554859673666,6.499245586155666e-13,***,2020-07-15
16,sin_336_1,16.023236665965424,2.6128197256194583,6.132545812040886,8.648379790088256e-10,***,2020-07-15
15,lag_48*7,0.4381809923790589,0.018815251248431652,23.288607023814446,0.0,***,2020-07-15
14,Weekends,-83.87062370160338,7.989001280858386,-10.498261391265144,0.0,***,2020-07-15
13,Holidays,0.0013810955464943486,0.019302832695422507,0.07154885338781716,0.9429609447725389,,2020-07-15
12,solar_16,0.2491146115698808,0.1223526686607092,2.036037417873488,0.04174659808137937,*,2020-07-15
11,solar_4,-1.1973009350482813,0.12581306819856986,-9.51650692723422,0.0,***,2020-07-15
9,temp_1,-19.95223963552366,1.1228710140480125,-17.768950650524612,0.0,***,2020-07-15
17,cos_336_1,-11.528554038794715,1.5518897852109488,-7.428719583477145,1.0969003483296547e-13,***,2020-07-15
7,temperature,-22.613957337657087,1.4763591077922082,-15.317382619378208,0.0,***,2020-07-15
0,ar1,0.9716204272102917,0.004206534123872894,230.978853041072,0.0,***,2020-07-15
1,ma1,0.3812400991065068,0.014128570694009386,26.983628235526705,0.0,***,2020-07-15
2,sar1,0.9992163449348442,0.0004487395443529115,2226.717831110088,0.0,***,2020-07-15
8,solar_power,-0.7209050706210991,0.12412365394785742,-5.8079588192266804,6.323906509564381e-09,***,2020-07-15
4,intercept,5935.667660498554,0.022249927317669716,266772.45169177523,0.0,***,2020-07-15
5,rainfall,-1.1491822801071307,0.9508481787312086,-1.208586508143261,0.22682174233210572,,2020-07-15
6,pv_capacity,-1.1185496055828283,1.2183301079872662,-0.9181006020040993,0.35856619972465564,,2020-07-15
3,sma1,-0.940784419685448,0.01614600251744968,-58.26732769728617,0.0,***,2020-07-15
9,temp_1,-21.268254602465905,0.7094748399080221,-29.977461364554056,0.0,***,2020-07-16
16,sin_336_1,16.94917866463068,1.3771832101461103,12.307134257636266,0.0,***,2020-07-16
15,lag_48*7,0.44053684197982756,0.01643182574310406,26.809975280118067,0.0,***,2020-07-16
14,Weekends,-98.6736263982684,4.997692843851953,-19.74383570203888,0.0,***,2020-07-16
13,Holidays,-0.004305949834202183,0.01929494891946158,-0.22316461433380874,0.823407391137225,,2020-07-16
12,solar_16,0.3398746962759249,0.12083444909175849,2.812730134746864,0.00491228583027703,**,2020-07-16
11,solar_4,-1.2275414005564795,0.12112650530700707,-10.134374779864695,0.0,***,2020-07-16
10,temp_9,-10.284636915660665,0.8762488239611661,-11.73711922278878,0.0,***,2020-07-16
17,cos_336_1,-11.49161813300074,0.582333938627081,-19.733725566628568,0.0,***,2020-07-16
8,solar_power,-0.7170562490172502,0.11766375711866853,-6.094113145597338,1.1004581690343684e-09,***,2020-07-16
6,pv_capacity,-2.5542395309151984,1.2923670498497324,-1.9764040960439127,0.04810902801746564,*,2020-07-16
5,rainfall,-1.087689244205918,0.8172904872986374,-1.3308477966029197,0.18323909721556375,,2020-07-16
4,intercept,6844.872802975557,0.020996319605792502,326003.45829595684,0.0,***,2020-07-16
3,sma1,-0.9923851038922795,0.0019639740373284652,-505.29441073579113,0.0,***,2020-07-16
2,sar1,0.9999871508467263,6.031692503110833e-06,165788.81472007814,0.0,***,2020-07-16
1,ma1,0.3807822346121711,0.016006675461816635,23.78896451799212,0.0,***,2020-07-16
0,ar1,0.9717474391683864,0.0037262461656725723,260.78455259355894,0.0,***,2020-07-16
7,temperature,-22.91065486376822,0.6959293314241775,-32.92095020177256,0.0,***,2020-07-16
10,temp_9,-12.142038218827484,1.566147370702692,-7.75280694905464,8.881784197001252e-15,***,2020-07-17
16,sin_336_1,17.749502257404362,1.5449608617212693,11.488642008464419,0.0,***,2020-07-17
15,lag_48*7,0.4407774442758632,0.017818916899962057,24.736489134016992,0.0,***,2020-07-17
14,Weekends,-105.07368283914028,5.571918211517731,-18.857721676879986,0.0,***,2020-07-17
13,Holidays,-0.0009548632461595652,0.019288030490199247,-0.049505481995414526,0.9605164685578422,,2020-07-17
12,solar_16,0.2842496689258125,0.12023937109250493,2.36403156755642,0.018077272168322445,*,2020-07-17
11,solar_4,-1.2379145764601744,0.11615310059301777,-10.657611119634531,0.0,***,2020-07-17
9,temp_1,-17.314912258655824,0.27997650995334694,-61.84416064598077,0.0,***,2020-07-17
17,cos_336_1,-9.685966395007277,0.02727603583518763,-355.1090214697486,0.0,***,2020-07-17
7,temperature,-21.264747286900068,0.37285285013757014,-57.032545893250095,0.0,***,2020-07-17
0,ar1,0.9725792294150126,0.0037585000912983297,258.76791427163346,0.0,***,2020-07-17
1,ma1,0.376692849565677,0.014818275648131613,25.42082888120474,0.0,***,2020-07-17
2,sar1,0.9998584408694009,4.69985580014933e-05,21274.236559292567,0.0,***,2020-07-17
8,solar_power,-0.6590007337589084,0.11105204676385219,-5.934161079986644,2.953517652670712e-09,***,2020-07-17
4,intercept,6497.287501017679,0.021100706772053546,307918.0034681537,0.0,***,2020-07-17
5,rainfall,-2.5444870405646434,1.0331385703631935,-2.462871016102075,0.013782948932031136,*,2020-07-17
6,pv_capacity,-2.5406536304417475,1.062794111988089,-2.3905416879748587,0.016823539101348928,*,2020-07-17
3,sma1,-0.9735141077973253,0.006575060996342129,-148.06160860544344,0.0,***,2020-07-17
16,sin_336_1,21.96546253612762,0.8853882865478429,24.80884699951437,0.0,***,2020-07-18
15,lag_48*7,0.4349891486764877,0.01593530246872568,27.297200635519097,0.0,***,2020-07-18
14,Weekends,-98.80546697979715,0.5979261979522775,-165.24692732677877,0.0,***,2020-07-18
13,Holidays,-0.010532698994328182,0.019288478413343326,-0.5460616834888284,0.5850235371353159,,2020-07-18
12,solar_16,0.2799922237713286,0.12931907767488807,2.1651269774382182,0.03037796252580005,*,2020-07-18
11,solar_4,-1.1976927553299421,0.13550015257764167,-8.839050971870039,0.0,***,2020-07-18
10,temp_9,-5.335946174362273,0.11292566685399512,-47.25184559911674,0.0,***,2020-07-18
9,temp_1,-16.35944915008531,0.5606246535301663,-29.18075230383181,0.0,***,2020-07-18
17,cos_336_1,-10.808589908053923,0.14744400543328182,-73.30640453161585,0.0,***,2020-07-18
7,temperature,-20.139229631738207,0.2358293818751023,-85.39745756703104,0.0,***,2020-07-18
0,ar1,0.9693777204430278,0.0009784663728579304,990.7113288028937,0.0,***,2020-07-18
1,ma1,0.3824383069934244,0.014069372300423228,27.18232902131107,0.0,***,2020-07-18
2,sar1,0.999993864743243,8.45223554201533e-08,11831116.865737593,0.0,***,2020-07-18
8,solar_power,-0.6422774067530383,0.14297736746374873,-4.492161368937534,7.050396821473015e-06,***,2020-07-18
4,intercept,5860.51745400395,0.01934468427491365,302952.3444641544,0.0,***,2020-07-18
5,rainfall,0.7211971539650944,0.20122193861284496,3.584088091670224,0.0003382579174189271,***,2020-07-18
6,pv_capacity,-0.5062101913225666,0.9492166171804592,-0.5332925932398938,0.593831054049911,,2020-07-18
3,sma1,-1.0054608568149204,0.000576220615357783,-1744.9234373376532,0.0,***,2020-07-18
9,temp_1,-16.948041616690013,0.2498870197401026,-67.82281702473776,0.0,***,2020-07-19
16,sin_336_1,13.671688305413532,2.0517637087711122,6.66338343297927,2.6759483517935223e-11,***,2020-07-19
15,lag_48*7,0.43012485618454693,0.016196863183403097,26.556059115526473,0.0,***,2020-07-19
14,Weekends,-102.71225746530553,1.6954309141301327,-60.58180053771383,0.0,***,2020-07-19
13,Holidays,-0.004233309276594266,0.01928826092825611,-0.21947594406464763,0.8262793169155487,,2020-07-19
12,solar_16,0.23593553261595268,0.13098979624457907,1.8011748959088614,0.07167531786052073,.,2020-07-19
11,solar_4,-1.1922663051637936,0.12721525572272982,-9.37203874166146,0.0,***,2020-07-19
10,temp_9,-0.8586378998304601,1.027813806028284,-0.8354021854877007,0.40349129971989495,,2020-07-19
17,cos_336_1,-10.465273510378982,2.428314179473684,-4.3096867772881176,1.6348593234294384e-05,***,2020-07-19
8,solar_power,-0.5991383012233304,0.11882593002222203,-5.042151162724194,4.6032741241042174e-07,***,2020-07-19
6,pv_capacity,-1.24805730676677,1.1996457292744893,-1.0403548950418542,0.29817504897947655,,2020-07-19
7,temperature,-17.981774771172105,0.3438578712693371,-52.2942072106511,0.0,***,2020-07-19
0,ar1,0.974214813128472,0.004526229190830972,215.23762320785517,0.0,***,2020-07-19
1,ma1,0.37896309242647364,0.0150864364294013,25.11945708318029,0.0,***,2020-07-19
2,sar1,0.9996974073001675,0.00018301861265513386,5462.271802835267,0.0,***,2020-07-19
3,sma1,-0.9613046361849384,0.009866464436349228,-97.4315209248997,0.0,***,2020-07-19
4,intercept,5276.956565642523,0.019386490615297798,272197.6179370236,0.0,***,2020-07-19
5,rainfall,3.353303500380481,0.6214050168214068,5.396325117446272,6.801964613778466e-08,***,2020-07-19
9,temp_1,-12.434162588521767,1.295167196557463,-9.600430447568163,0.0,***,2020-07-20
15,lag_48*7,0.43138039839726544,0.01749402265348145,24.658730981545705,0.0,***,2020-07-20
14,Weekends,-121.52283756383041,1.001695330835701,-121.31716483338853,0.0,***,2020-07-20
13,Holidays,0.012656527345027646,0.019288093200197212,0.6561834398901721,0.5117061026367289,,2020-07-20
12,solar_16,0.2886508684802518,0.12143505378793688,2.3769979052698025,0.01745418724678438,*,2020-07-20
11,solar_4,-1.2467427400124431,0.1343859584152967,-9.277328931640305,0.0,***,2020-07-20
10,temp_9,-2.9328799399500447,0.655569476669061,-4.473789650567572,7.684534114371644e-06,***,2020-07-20
17,cos_336_1,-6.757754848666439,0.7160356303515569,-9.43773544529975,0.0,***,2020-07-20
16,sin_336_1,11.183636919951654,1.594602244804071,7.01343357341491,2.325473147379853e-12,***,2020-07-20
8,solar_power,-0.5861160278431254,0.10947524711793247,-5.353868050297531,8.609365220735299e-08,***,2020-07-20
6,pv_capacity,-2.11467707914096,1.2967097008242756,-1.6308022356867766,0.10293205556604068,,2020-07-20
5,rainfall,-0.45574862329688903,0.7663898711791425,-0.5946694240565693,0.5520644639551722,,2020-07-20
4,intercept,5506.951328145455,0.02229327972227737,247022.93232531566,0.0,***,2020-07-20
3,sma1,-0.9339368535699825,0.009867263321314209,-94.65003853222319,0.0,***,2020-07-20
2,sar1,0.9989560982373094,0.00032088845318778143,3113.0945607841113,0.0,***,2020-07-20
1,ma1,0.37374892736873966,0.014404734077587366,25.946256651156347,0.0,***,2020-07-20
0,ar1,0.9736432296004295,0.004740180436448371,205.40214505630544,0.0,***,2020-07-20
7,temperature,-14.997146578408193,0.7241063651980633,-20.7112480972406,0.0,***,2020-07-20
16,sin_336_1,11.142245991881946,2.6113071587068597,4.266922776483972,1.9818772388768835e-05,***,2020-07-21
15,lag_48*7,0.3897168997151807,0.018136357074725315,21.488157633281663,0.0,***,2020-07-21
14,Weekends,-26.991604399998135,14.969299418901278,-1.8031307708306414,0.07136767963785573,.,2020-07-21
13,Holidays,-0.04753956491284278,0.020383591144065242,-2.3322467850167854,0.01968771223957444,*,2020-07-21
12,solar_16,0.2681080942255303,0.1299786493882279,2.062708725528677,0.03914031040708066,*,2020-07-21
11,solar_4,-1.2370847907684397,0.13374987871103605,-9.249240468031651,0.0,***,2020-07-21
10,temp_9,-3.375289265499902,2.082082905496654,-1.6211118474625632,0.10499365358136692,,2020-07-21
9,temp_1,-19.977804508184104,0.5860254293442907,-34.09033722399633,0.0,***,2020-07-21
17,cos_336_1,-4.1627546899044265,1.6966081553896402,-2.4535746080675978,0.014144419449123147,*,2020-07-21
7,temperature,-20.00916384116852,0.4326358289360827,-46.24943775547692,0.0,***,2020-07-21
0,ar1,0.9953060781786606,2.3968338301336568e-05,41525.86907216503,0.0,***,2020-07-21
1,ma1,0.3772893990863556,0.015508854665542238,24.327354096922566,0.0,***,2020-07-21
2,sar1,0.9998405453599262,2.905374010136363e-07,3441348.831068393,0.0,***,2020-07-21
8,solar_power,-0.5773070694220127,0.1234596951587945,-4.67607723054457,2.9241451944272967e-06,***,2020-07-21
4,intercept,4803.891857228016,0.020650789834929472,232625.09064435613,0.0,***,2020-07-21
5,rainfall,5.615766555376497,0.5243433031417208,10.710094935376056,0.0,***,2020-07-21
6,pv_capacity,-8.214369477512937,1.8102963902817235,-4.53758264205266,5.690273402247925e-06,***,2020-07-21
3,sma1,-1.0308425448114538,0.0034368612134026222,-299.93720456080933,0.0,***,2020-07-21
9,temp_1,-16.80911573290751,0.019288363542114557,-871.4640667263549,0.0,***,2020-07-22
16,sin_336_1,16.233756996298077,0.019287919073484854,841.6541429093126,0.0,***,2020-07-22
15,lag_48*7,0.34579041131554245,0.02290799325199802,15.094749134579164,0.0,***,2020-07-22
14,Weekends,-140.33295255836805,0.01928854231397045,-7275.456603930441,0.0,***,2020-07-22
13,Holidays,0.0014574248522879474,0.01928791874517801,0.07556154044107555,0.939767935232295,,2020-07-22
12,solar_16,0.18129536537129054,0.01935294990558023,9.367841401739785,0.0,***,2020-07-22
11,solar_4,-1.1746970582548426,0.019354891227137565,-60.692516659964255,0.0,***,2020-07-22
10,temp_9,-5.324928346096656,0.019288181486745715,-276.07207811455913,0.0,***,2020-07-22
17,cos_336_1,-22.39647838719257,0.01928828120114734,-1161.1443318163747,0.0,***,2020-07-22
8,solar_power,-0.7253733856270249,0.01932048391221365,-37.54426591605567,0.0,***,2020-07-22
6,pv_capacity,-26.254685925643024,0.019289484935725857,-1361.0879716656918,0.0,***,2020-07-22
5,rainfall,-1.9891252180786083,0.01928793108230952,-103.1279720769529,0.0,***,2020-07-22
4,intercept,3772.3594414807,0.01928791872992737,195581.46704690647,0.0,***,2020-07-22
3,sma1,-1.0838875418267278,0.00918914846978612,-117.95299046375683,0.0,***,2020-07-22
2,sar1,0.998607742958026,4.449232288530269e-05,22444.495548869167,0.0,***,2020-07-22
1,ma1,1.9968572767244934,0.0062194490167034756,321.06658827197805,0.0,***,2020-07-22
0,ar1,0.9997291380835837,4.819620262592204e-06,207429.02627475577,0.0,***,2020-07-22
7,temperature,-19.9979271534304,0.019288474337795722,-1036.7811783975317,0.0,***,2020-07-22
10,temp_9,-7.665491494283905,1.3295275239472744,-5.765575632105453,8.137959639498149e-09,***,2020-07-23
16,sin_336_1,14.001150434618303,0.0694361606984765,201.6406191496919,0.0,***,2020-07-23
15,lag_48*7,0.4002056478765237,0.018143812910744857,22.05741702944478,0.0,***,2020-07-23
14,Weekends,-148.9370917071783,1.4499725311128913,-102.7171815405808,0.0,***,2020-07-23
13,Holidays,-0.0019132138718446073,0.019292921965894983,-0.09916662054750891,0.9210059771326808,,2020-07-23
12,solar_16,0.42282617556419755,0.14190550373129146,2.9796319694890068,0.00288594887020599,**,2020-07-23
11,solar_4,-1.1932014213195543,0.12519090886615192,-9.531054867532495,0.0,***,2020-07-23
9,temp_1,-16.05332171241202,0.9514206502874911,-16.873001135261447,0.0,***,2020-07-23
17,cos_336_1,-10.606719974963427,0.05436361251746847,-195.1069747536591,0.0,***,2020-07-23
7,temperature,-15.866389347118242,0.7409300966335945,-21.41415150930831,0.0,***,2020-07-23
0,ar1,0.9730246030484867,0.0031835956125160834,305.63699711832385,0.0,***,2020-07-23
1,ma1,0.3981453128193447,0.0136850763940819,29.09339351525449,0.0,***,2020-07-23
2,sar1,0.999949481963472,4.066403081965773e-06,245905.15544270107,0.0,***,2020-07-23
8,solar_power,-0.5161074605972136,0.131342238573282,-3.929485793781815,8.512770551916127e-05,***,2020-07-23
4,intercept,2862.1591597444512,0.02002726051443826,142913.16366914156,0.0,***,2020-07-23
5,rainfall,0.7705091721540694,0.2841106335984813,2.7120039908220743,0.006687778764328467,**,2020-07-23
6,pv_capacity,5.419811934217514,1.4308198713943678,3.7879065300762,0.00015192197841717991,***,2020-07-23
3,sma1,-0.9843441643157003,0.002453691397775371,-401.1686902469283,0.0,***,2020-07-23
10,temp_9,-4.43551652147177,1.148477435708785,-3.8620841677523967,0.00011242381805898205,***,2020-07-24
17,cos_336_1,-9.575241814304263,0.07145645702531706,-134.00107160241308,0.0,***,2020-07-24
16,sin_336_1,13.453752393328825,0.2173830775675544,61.889603109275654,0.0,***,2020-07-24
15,lag_48*7,0.3925208277821436,0.017098286806642625,22.956734333737497,0.0,***,2020-07-24
14,Weekends,-139.69688962453034,3.10778456162677,-44.950635043828775,0.0,***,2020-07-24
13,Holidays,0.03273671557724195,0.019497391321202925,1.6790305450576657,0.0931460909373738,.,2020-07-24
12,solar_16,0.24876668763974275,0.12811269565524566,1.9417801363666554,0.052163722553300484,.,2020-07-24
11,solar_4,-1.5473160362701532,0.12866071048906855,-12.026329019857375,0.0,***,2020-07-24
9,temp_1,-15.120103807712143,0.6847735681178551,-22.0804431007329,0.0,***,2020-07-24
8,solar_power,-0.5192485664863167,0.13129254879826965,-3.954897450304964,7.656748698936511e-05,***,2020-07-24
7,temperature,-15.74817425551459,1.149069659848898,-13.705151920541931,0.0,***,2020-07-24
6,pv_capacity,1.5883699988507474,1.0352651492484737,1.5342639516106449,0.1249647302991368,,2020-07-24
5,rainfall,2.5914227889968027,0.4506598867443232,5.750285004769055,8.909313287119858e-09,***,2020-07-24
4,intercept,4226.004483887545,0.027859808613842532,151688.2094368658,0.0,***,2020-07-24
3,sma1,-0.9822213954782861,0.0018557810904511233,-529.2765404994601,0.0,***,2020-07-24
2,sar1,0.9999341850230591,3.3720658608180654e-06,296534.5951992985,0.0,***,2020-07-24
1,ma1,0.39723986677904455,0.014240223721385113,27.895619798619705,0.0,***,2020-07-24
0,ar1,0.9682467186203241,0.0033570998330220737,288.4176124570906,0.0,***,2020-07-24
16,sin_336_1,14.041005896518932,0.6202101064285774,22.639111731623927,0.0,***,2020-07-25
15,lag_48*7,0.3991100984218248,0.017772850686882603,22.45616673730294,0.0,***,2020-07-25
14,Weekends,-157.07292714400967,3.8744683647878038,-40.54051094378008,0.0,***,2020-07-25
13,Holidays,-0.0010871230908066076,0.01928851182734077,-0.056361169826779994,0.9550540897494262,,2020-07-25
12,solar_16,0.3516435873574131,0.14022195448146776,2.5077641276486955,0.012149774001329439,*,2020-07-25
11,solar_4,-1.4791085036156983,0.12343318525311033,-11.983070035684971,0.0,***,2020-07-25
10,temp_9,-10.031223493395366,1.4162858584489055,-7.082767531394691,1.4130918657428992e-12,***,2020-07-25
9,temp_1,-16.606642763794508,0.4855414191841268,-34.20231952960731,0.0,***,2020-07-25
17,cos_336_1,-11.505590216611145,0.5616683474771765,-20.48466905477289,0.0,***,2020-07-25
7,temperature,-21.121983741608027,0.7928143334298198,-26.641778347058295,0.0,***,2020-07-25
0,ar1,0.9697009579390845,0.003808851118710117,254.5914575593802,0.0,***,2020-07-25
1,ma1,0.38651604852511945,0.013885541625431288,27.835864019680557,0.0,***,2020-07-25
2,sar1,0.9999222807855266,2.4866480863765428e-05,40211.65223433681,0.0,***,2020-07-25
8,solar_power,-0.5427251935537546,0.12306627723258459,-4.410023653580184,1.0335932864702357e-05,***,2020-07-25
4,intercept,6610.142992377606,0.02450013679428157,269800.2483774066,0.0,***,2020-07-25
5,rainfall,1.991198352591973,0.3542938552479929,5.620188787068311,1.9074890555970114e-08,***,2020-07-25
6,pv_capacity,-1.919336323667353,0.9723965093408596,-1.973820663926877,0.04840213834104179,*,2020-07-25
3,sma1,-0.980634090767245,0.0033221013260920497,-295.18488285268916,0.0,***,2020-07-25
10,temp_9,-5.897209636702536,0.6722420269633955,-8.772450100064402,0.0,***,2020-07-26
16,sin_336_1,16.744132408629962,1.4706780705712654,11.38531453190563,0.0,***,2020-07-26
15,lag_48*7,0.3925457635007596,0.018833877015926488,20.842536200529036,0.0,***,2020-07-26
14,Weekends,-106.02887275586606,4.315274909475098,-24.570595148656057,0.0,***,2020-07-26
13,Holidays,0.04425079862990264,0.02858808047192597,1.5478758244492055,0.1216521962295718,,2020-07-26
12,solar_16,0.3112325353403538,0.13906317978896726,2.238065718133721,0.025216769837367314,*,2020-07-26
11,solar_4,-1.4981946973861406,0.13009935983841933,-11.51577301569252,0.0,***,2020-07-26
9,temp_1,-17.676287535962004,0.43344295558728496,-40.78111619558303,0.0,***,2020-07-26
17,cos_336_1,-6.014873659833201,1.2857102292375269,-4.678249828812703,2.8933389386587294e-06,***,2020-07-26
7,temperature,-23.449813408841354,1.4751419066877214,-15.89664919864929,0.0,***,2020-07-26
0,ar1,0.9699116306771357,0.004878438265985046,198.81600991855387,0.0,***,2020-07-26
1,ma1,0.3959135603476945,0.013568993186840978,29.177814071838874,0.0,***,2020-07-26
2,sar1,0.9998479248927925,5.9122228859187095e-06,169115.397742219,0.0,***,2020-07-26
8,solar_power,-0.45124537186752933,0.13778450871212783,-3.275008025831939,0.0010565897180527806,**,2020-07-26
4,intercept,8756.890754124648,1.6388072292922615,5343.453822757675,0.0,***,2020-07-26
5,rainfall,0.4965710440479547,0.22691931683560929,2.188315437278059,0.028646633181712566,*,2020-07-26
6,pv_capacity,-5.114547540954477,0.9202871434289863,-5.557556223047616,2.7357787590887028e-08,***,2020-07-26
3,sma1,-0.9722114107361856,0.0027068877753150694,-359.1620678190194,0.0,***,2020-07-26
9,temp_1,-18.867012508672563,0.14864541858596145,-126.92629674127356,0.0,***,2020-07-27
16,sin_336_1,11.7670322169146,1.5326844277533298,7.677400516271433,1.6209256159527285e-14,***,2020-07-27
15,lag_48*7,0.3804337200183617,0.017086466036855763,22.26520798377853,0.0,***,2020-07-27
14,Weekends,-51.99420758967165,1.3865672749164484,-37.49851055211491,0.0,***,2020-07-27
13,Holidays,-0.00018672380759648943,0.019320661008122932,-0.009664462697108843,0.9922889944627251,,2020-07-27
12,solar_16,0.32655975637614754,0.12902711221197438,2.5309390466683723,0.011375761529863304,*,2020-07-27
11,solar_4,-1.7256983854796957,0.12180953244029682,-14.167186679954803,0.0,***,2020-07-27
10,temp_9,-4.721838472954825,1.7287100897638439,-2.731422984636983,0.006306147793017525,**,2020-07-27
17,cos_336_1,-7.836669799828548,0.020667827323014174,-379.1724053694898,0.0,***,2020-07-27
8,solar_power,-0.5304464472438094,0.10873717969396132,-4.8782435661541035,1.070347023901519e-06,***,2020-07-27
6,pv_capacity,-4.945332613201851,1.032264685275428,-4.790760241771073,1.661505690586651e-06,***,2020-07-27
5,rainfall,0.2655122199358073,0.8035445055029796,0.33042627772012406,0.7410778887601679,,2020-07-27
4,intercept,9304.283278179317,0.02261777191693447,411370.4617921704,0.0,***,2020-07-27
3,sma1,-0.9916125959556139,0.00082616483055801,-1200.2599956788972,0.0,***,2020-07-27
2,sar1,0.9999857308290948,7.534032781573747e-07,1327291.4517637827,0.0,***,2020-07-27
1,ma1,0.40582026591131665,0.014535126089400012,27.919968730595876,0.0,***,2020-07-27
0,ar1,0.9709612240003204,0.0020774082169409238,467.3906727056775,0.0,***,2020-07-27
7,temperature,-19.344465573184504,0.871632226839846,-22.193380393149305,0.0,***,2020-07-27
10,temp_9,-4.362591617989174,0.5673334805460919,-7.689642454716267,1.4654943925052066e-14,***,2020-07-28
16,sin_336_1,12.826468997641255,1.6744114345754981,7.6602851203611495,1.865174681370263e-14,***,2020-07-28
15,lag_48*7,0.373268468714126,0.017030610180659798,21.917504114915094,0.0,***,2020-07-28
14,Weekends,-73.57744213839428,2.2789528308954994,-32.28563625403449,0.0,***,2020-07-28
13,Holidays,0.0008138687980259185,0.019288400678111897,0.04219472685205472,0.966343466180936,,2020-07-28
12,solar_16,0.3309826908177673,0.11275745100649892,2.935350948991306,0.0033317063252376045,**,2020-07-28
11,solar_4,-1.7742936634326332,0.11219538350003422,-15.81431969909967,0.0,***,2020-07-28
9,temp_1,-20.47990094038705,1.4366171526307354,-14.255642780600404,0.0,***,2020-07-28
17,cos_336_1,-7.6717599288478615,0.19858901959961245,-38.63133996187387,0.0,***,2020-07-28
7,temperature,-20.94799333139425,1.211241977119436,-17.294639491617165,0.0,***,2020-07-28
0,ar1,0.9696685367639236,0.0027665211797000743,350.50103497456246,0.0,***,2020-07-28
1,ma1,0.4046295681878523,0.015564401694890675,25.99711676168574,0.0,***,2020-07-28
2,sar1,0.9999017276264415,7.855798038037065e-06,127282.0053144197,0.0,***,2020-07-28
8,solar_power,-0.5272940791170292,0.11989490939812145,-4.3979688692712005,1.0926864696614302e-05,***,2020-07-28
4,intercept,10095.767688724116,0.021299111509257663,473999.4757216041,0.0,***,2020-07-28
5,rainfall,-1.650827653412415,0.8679199650278978,-1.9020505575757232,0.05716454533868576,.,2020-07-28
6,pv_capacity,-6.4451550712404995,1.1148303348402098,-5.78128785145077,7.41309214014052e-09,***,2020-07-28
3,sma1,-0.9777552685718921,0.002025303689887972,-482.76970681171076,0.0,***,2020-07-28
16,sin_336_1,12.667043032124493,1.1819044147774027,10.717485165253551,0.0,***,2020-07-29
15,lag_48*7,0.3705536406984994,0.01694999295061345,21.86158081470402,0.0,***,2020-07-29
14,Weekends,-67.49474015284002,1.2677929578277,-53.2379831707607,0.0,***,2020-07-29
13,Holidays,-0.0007958143910458126,0.019289767439353817,-0.04125577944616586,0.9670919859231246,,2020-07-29
12,solar_16,0.35721241313323726,0.1288004603818923,2.773378387578006,0.005547757179693136,**,2020-07-29
11,solar_4,-1.8479278851199878,0.12944733695088528,-14.275518744901843,0.0,***,2020-07-29
10,temp_9,-4.322373563008625,0.3905905864669572,-11.06625124303728,0.0,***,2020-07-29
9,temp_1,-20.47194329998518,1.2716553921519784,-16.09865646489433,0.0,***,2020-07-29
17,cos_336_1,-6.96619147369769,0.15466323110739483,-45.04103156140916,0.0,***,2020-07-29
7,temperature,-21.073383328117192,1.244570548727235,-16.932252936298365,0.0,***,2020-07-29
0,ar1,0.9678006219021307,0.0031137005296674597,310.82007170596165,0.0,***,2020-07-29
1,ma1,0.40518182899326055,0.015040327374918784,26.939694788089575,0.0,***,2020-07-29
2,sar1,0.9997614714562443,3.341980285740595e-05,29915.24144298456,0.0,***,2020-07-29
8,solar_power,-0.5097270788119254,0.13577470946266515,-3.7542122596262177,0.00017388746749458228,***,2020-07-29
4,intercept,9504.770419222372,0.019463601784213455,488335.6392408061,0.0,***,2020-07-29
5,rainfall,-0.5874731765334134,0.5462489247395058,-1.0754678863918432,0.2821653023948767,,2020-07-29
6,pv_capacity,-5.52592296906425,0.9599024311594829,-5.756754842666031,8.574629672963852e-09,***,2020-07-29
3,sma1,-0.9657379201313915,0.005482578138463796,-176.14667693582362,0.0,***,2020-07-29
9,temp_1,-19.292894200728202,0.28554090870101506,-67.56613015100214,0.0,***,2020-07-30
16,sin_336_1,12.86637360365339,1.0064166423347753,12.784341059588229,0.0,***,2020-07-30
15,lag_48*7,0.3743674781836335,0.01772395719769616,21.12211590266622,0.0,***,2020-07-30
14,Weekends,-47.81510101653468,1.4527921789470424,-32.912553983591934,0.0,***,2020-07-30
13,Holidays,0.0028251550067640574,0.019294752066841277,0.14642090227317237,0.8835891275056442,,2020-07-30
12,solar_16,0.3127156250524836,0.11084900695712122,2.821095412911085,0.0047859965757957035,**,2020-07-30
11,solar_4,-1.8650027315498166,0.11966961717159622,-15.584596789304998,0.0,***,2020-07-30
10,temp_9,-4.432012370132173,0.7235717224872522,-6.125187362072812,9.057696814807059e-10,***,2020-07-30
17,cos_336_1,-5.366702774750594,0.7275706611950916,-7.376194589725988,1.6298074001497298e-13,***,2020-07-30
8,solar_power,-0.525333313938724,0.11870097989733587,-4.425686412977241,9.613609573522197e-06,***,2020-07-30
6,pv_capacity,-6.976784387441352,0.7520728045720994,-9.276740689235366,0.0,***,2020-07-30
7,temperature,-20.860652438550947,1.5630338617517674,-13.34625752456278,0.0,***,2020-07-30
0,ar1,0.9690417169034395,0.0017006997313370128,569.7900099870204,0.0,***,2020-07-30
1,ma1,0.4059411079520246,0.0150074023247672,27.049391971193234,0.0,***,2020-07-30
2,sar1,0.9997722425303703,2.0514885207652337e-05,48733.99155835595,0.0,***,2020-07-30
3,sma1,-0.966296286392396,0.003086779594441837,-313.04349948805634,0.0,***,2020-07-30
4,intercept,10527.02274969568,0.01955653262130908,538286.7685974805,0.0,***,2020-07-30
5,rainfall,-0.644344693993648,0.05890501200959539,-10.938707454786478,0.0,***,2020-07-30
9,temp_1,-19.362798221843086,0.8323002650436264,-23.264198072588805,0.0,***,2020-07-31
15,lag_48*7,0.37837497780726354,0.018582892626790148,20.36146822813671,0.0,***,2020-07-31
14,Weekends,-22.797647956553913,0.6549279826713456,-34.80939669666577,0.0,***,2020-07-31
13,Holidays,-0.0001217492595336489,0.019295161499480813,-0.006309833661507569,0.994965514547439,,2020-07-31
12,solar_16,0.3374685221216521,0.1102142922270861,3.061930674347844,0.0021991437882471487,**,2020-07-31
11,solar_4,-1.8713598849229132,0.12094550724748021,-15.47275237842207,0.0,***,2020-07-31
10,temp_9,-4.4921607525394,1.0157905704550017,-4.422329644709374,9.7642330350034e-06,***,2020-07-31
17,cos_336_1,-7.38184012909044,0.27570374772351397,-26.774536762892414,0.0,***,2020-07-31
16,sin_336_1,12.091700721463921,1.1812071657343148,10.236731601561981,0.0,***,2020-07-31
8,solar_power,-0.5719625406808786,0.11863350864188077,-4.821256213600351,1.4265698706772412e-06,***,2020-07-31
6,pv_capacity,-6.581512481197792,1.1893886420725734,-5.5335255848157034,3.138571780247901e-08,***,2020-07-31
5,rainfall,-0.4880892682945782,0.39013939645252205,-1.251063780619695,0.21091120854176504,,2020-07-31
4,intercept,10027.275413302837,0.019873378930026823,504558.15533978265,0.0,***,2020-07-31
3,sma1,-0.9595250571041571,0.00959015598914234,-100.05312303475563,0.0,***,2020-07-31
2,sar1,0.9996574176970497,0.00015719287186176614,6359.43224306086,0.0,***,2020-07-31
1,ma1,0.403581156635582,0.015354985850683435,26.283394889459892,0.0,***,2020-07-31
0,ar1,0.9691555918042556,0.004566787950354522,212.2182160284056,0.0,***,2020-07-31
7,temperature,-20.943999199301846,1.0144763807569526,-20.645132401874612,0.0,***,2020-07-31
16,sin_336_1,12.829250909855078,1.6905254922502262,7.58891301472083,3.219646771412954e-14,***,2020-08-01
15,lag_48*7,0.3762437127167864,0.018729308262128992,20.088500197178032,0.0,***,2020-08-01
14,Weekends,-15.62542423579509,0.5048919980303064,-30.94805284447619,0.0,***,2020-08-01
13,Holidays,0.00021976905102319422,0.019288055684430056,0.011394048970970098,0.9909090609456688,,2020-08-01
12,solar_16,0.33478705515576973,0.12151716163081212,2.755059866958582,0.0058681397097053445,**,2020-08-01
11,solar_4,-1.8497354842782587,0.12928675444967788,-14.307231178877098,0.0,***,2020-08-01
10,temp_9,-4.706757769616103,0.8779860639825129,-5.360857037145237,8.28280490861033e-08,***,2020-08-01
9,temp_1,-18.787905378811676,0.7854205483674469,-23.920822313426466,0.0,***,2020-08-01
17,cos_336_1,-5.139114116603842,0.732019989627938,-7.020455984017441,2.2113422204483868e-12,***,2020-08-01
7,temperature,-21.47962559391449,1.867987272644258,-11.49880725017397,0.0,***,2020-08-01
0,ar1,0.9698367193989412,0.0026428005934278787,366.9730973311921,0.0,***,2020-08-01
1,ma1,0.4032702708068375,0.014953580087520145,26.96814197313164,0.0,***,2020-08-01
2,sar1,0.9995513649403003,0.0001815204318764003,5506.550169629985,0.0,***,2020-08-01
8,solar_power,-0.6006757298624775,0.1237085113453873,-4.855573180291728,1.200390119526773e-06,***,2020-08-01
4,intercept,10014.99415284547,0.02015278197304719,496953.43135452765,0.0,***,2020-08-01
5,rainfall,-0.14311868472327685,0.4218274278802053,-0.3392825484167452,0.7343968881507237,,2020-08-01
6,pv_capacity,-6.378825093695109,0.8386108675301651,-7.6064183528669345,2.8199664825478976e-14,***,2020-08-01
3,sma1,-0.9535920668601324,0.009416274962436215,-101.27062672492472,0.0,***,2020-08-01
9,temp_1,-20.493760238543356,0.16557461912320653,-123.77356111140224,0.0,***,2020-08-02
16,sin_336_1,12.31422425666835,0.19976239173917026,61.64435732601275,0.0,***,2020-08-02
15,lag_48*7,0.3708780252989138,0.01610827051249537,23.02407480748597,0.0,***,2020-08-02
14,Weekends,-50.09445933811669,0.3667072140380714,-136.60614632172442,0.0,***,2020-08-02
13,Holidays,-0.0014180915555142004,0.019288124193819374,-0.07352148613645951,0.941391146877482,,2020-08-02
12,solar_16,0.29085861517679024,0.11992819952786038,2.425272924315196,0.01529688200748569,*,2020-08-02
11,solar_4,-1.8688255257346478,0.11899811126880931,-15.7046654422362,0.0,***,2020-08-02
10,temp_9,-3.0837774490714533,0.3310594817474676,-9.314874272121772,0.0,***,2020-08-02
17,cos_336_1,-9.69748082280733,0.16675493673325437,-58.15408534692846,0.0,***,2020-08-02
8,solar_power,-0.6045222484743564,0.1300714850212402,-4.647615489095402,3.357940991932651e-06,***,2020-08-02
6,pv_capacity,-8.26141120427468,1.0038304414623307,-8.229887103483197,2.220446049250313e-16,***,2020-08-02
5,rainfall,-0.7594337318880323,0.5611642554933327,-1.3533180783590648,0.17595403615119642,,2020-08-02
4,intercept,11439.406316921562,0.019540702744244888,585414.2743300615,0.0,***,2020-08-02
3,sma1,-0.9586264059829828,0.004860348816197837,-197.2340756260574,0.0,***,2020-08-02
2,sar1,0.9996516947349239,5.648261598833529e-05,17698.395820430316,0.0,***,2020-08-02
1,ma1,0.40165701035348994,0.015049326448229827,26.68936790860396,0.0,***,2020-08-02
0,ar1,0.9689171493765887,0.0028828177949847093,336.10072445862914,0.0,***,2020-08-02
7,temperature,-22.50802531448792,0.0565806065889105,-397.80459545125086,0.0,***,2020-08-02
10,temp_9,-7.548926546326966,1.2289985859341335,-6.142339489015116,8.131482154283276e-10,***,2020-08-03
16,sin_336_1,20.382448523651014,3.2854988042149817,6.203760749357838,5.512956757769416e-10,***,2020-08-03
15,lag_48*7,0.3570591555116176,0.01611176537488003,22.161392448546398,0.0,***,2020-08-03
14,Weekends,-96.80874262921772,5.932962929117583,-16.31709885698143,0.0,***,2020-08-03
13,Holidays,-0.01205234244002426,0.019610131965303434,-0.6145977223074629,0.5388204189904418,,2020-08-03
12,solar_16,0.3509951162426628,0.13376803535569537,2.62390873357264,0.008692707478861195,**,2020-08-03
11,solar_4,-1.9580294917635581,0.1346972019298218,-14.536526844735093,0.0,***,2020-08-03
9,temp_1,-20.712199524474023,0.38617903878517734,-53.63367102893368,0.0,***,2020-08-03
17,cos_336_1,-7.309582405361874,0.0835128118968003,-87.52647934300883,0.0,***,2020-08-03
7,temperature,-23.42048532345529,0.5251185438406898,-44.600377568384985,0.0,***,2020-08-03
0,ar1,0.9666149334972892,0.003915547096457137,246.86586821338486,0.0,***,2020-08-03
1,ma1,0.39937316730773215,0.015819326158867775,25.24590259388875,0.0,***,2020-08-03
2,sar1,0.9999840608430164,5.670419274964089e-06,176350.99140871718,0.0,***,2020-08-03
8,solar_power,-0.6151119217327915,0.12114261600389968,-5.077584932729128,3.8226264442720037e-07,***,2020-08-03
4,intercept,11377.146665448889,0.02061907449294363,551777.7565303639,0.0,***,2020-08-03
5,rainfall,-1.1529524991641356,0.7942755132674488,-1.4515775444482484,0.14661910632642505,,2020-08-03
6,pv_capacity,-7.362185783205102,0.929676081594335,-7.919087012090732,2.4424906541753444e-15,***,2020-08-03
3,sma1,-0.9908509031457357,0.0008825328199492892,-1122.7354731155158,0.0,***,2020-08-03
17,cos_336_1,-8.141177412306938,0.41880588419700354,-19.43902347006515,0.0,***,2020-08-04
16,sin_336_1,18.717882975253087,1.7820385466939406,10.503635294521956,0.0,***,2020-08-04
15,lag_48*7,0.35454840648707625,0.016185739342343002,21.90498679041206,0.0,***,2020-08-04
14,Weekends,-104.12613802259149,6.0454198701514725,-17.223971247506178,0.0,***,2020-08-04
13,Holidays,-0.004845960358436541,0.019306967099593304,-0.2509954221934019,0.8018176484874273,,2020-08-04
12,solar_16,0.35714144747074883,0.12962198020860802,2.7552537532290495,0.0058646631754772915,**,2020-08-04
10,temp_9,-6.0273453763760525,0.8010252696386089,-7.524538369551505,5.284661597215745e-14,***,2020-08-04
9,temp_1,-19.66888586991325,0.12783261269685017,-153.8643813574961,0.0,***,2020-08-04
11,solar_4,-1.9532263968458772,0.13030540014765887,-14.989604380421142,0.0,***,2020-08-04
7,temperature,-24.409485022191618,1.158191117053811,-21.075524291952863,0.0,***,2020-08-04
8,solar_power,-0.5799368492638907,0.12837330795800408,-4.517581251809844,6.255002896971007e-06,***,2020-08-04
1,ma1,0.3974145081575629,0.015275422783849548,26.01659631822058,0.0,***,2020-08-04
2,sar1,0.9991010647295842,0.00033266057812264424,3003.3647821090444,0.0,***,2020-08-04
3,sma1,-0.9330852882909747,0.009088023924852855,-102.67196653601266,0.0,***,2020-08-04
0,ar1,0.9635119391992577,0.004214664782313283,228.60938863812072,0.0,***,2020-08-04
5,rainfall,-1.1255361621996895,0.6516464841342442,-1.727218959364201,0.08412834709897954,.,2020-08-04
6,pv_capacity,-10.244883107365341,0.9734777791142173,-10.524003040611078,0.0,***,2020-08-04
4,intercept,13012.33017773935,0.022048146269647326,590177.9686418731,0.0,***,2020-08-04
10,temp_9,-8.722231590188294,1.0766891974008632,-8.100974367759827,4.440892098500626e-16,***,2020-08-05
17,cos_336_1,-9.942468647761501,0.07505853435366512,-132.46286692615132,0.0,***,2020-08-05
16,sin_336_1,24.414941398190816,2.619618285823254,9.320037781961831,0.0,***,2020-08-05
15,lag_48*7,0.35836292414201304,0.01792625106806264,19.990957550542817,0.0,***,2020-08-05
14,Weekends,-93.94383710697916,6.017941141094128,-15.61062743958628,0.0,***,2020-08-05
13,Holidays,-5.420462079330779e-05,0.0192907381633063,-0.00280987800126864,0.997758044675243,,2020-08-05
12,solar_16,0.37401698869640754,0.13791764637675727,2.711886393962123,0.006690151746873374,**,2020-08-05
11,solar_4,-1.982641906223183,0.1356762581834559,-14.613034975819685,0.0,***,2020-08-05
9,temp_1,-24.12281184870024,0.8639688570856753,-27.920927532122963,0.0,***,2020-08-05
1,ma1,0.3994746115837351,0.01535472234566712,26.01640085640891,0.0,***,2020-08-05
7,temperature,-25.434602986708036,0.46948393776349967,-54.17566170180799,0.0,***,2020-08-05
6,pv_capacity,-11.456097114559714,0.9252763281194554,-12.381271158036915,0.0,***,2020-08-05
5,rainfall,-0.913919040521574,0.6149617081765264,-1.4861397520692965,0.1372421595022315,,2020-08-05
4,intercept,14057.56507444145,0.019408007356323087,724317.794008952,0.0,***,2020-08-05
3,sma1,-0.9554622300765592,0.010274241831058812,-92.99588678049386,0.0,***,2020-08-05
2,sar1,0.9996253952479076,0.00017831985881356863,5605.799611433096,0.0,***,2020-08-05
0,ar1,0.9675517439360775,0.003723552802990669,259.8463873424765,0.0,***,2020-08-05
8,solar_power,-0.6037176982807159,0.13723164506580804,-4.399260083133225,1.0862058671623487e-05,***,2020-08-05
10,temp_9,-10.474951182566945,1.7438467909739797,-6.006807041068348,1.892124679159224e-09,***,2020-08-06
16,sin_336_1,17.834507636062614,0.9058693566008543,19.68772594646988,0.0,***,2020-08-06
15,lag_48*7,0.36835372727894344,0.017287686637540052,21.30728853443391,0.0,***,2020-08-06
14,Weekends,-115.38865841040007,5.05680653092781,-22.818483899804022,0.0,***,2020-08-06
13,Holidays,-0.0008322689799822314,0.019294959238003628,-0.04313401079091074,0.9655947078286984,,2020-08-06
12,solar_16,0.4019351285144488,0.13163996309047804,3.0532911061224848,0.0022634624823665295,**,2020-08-06
17,cos_336_1,-8.546854940053347,0.15221870556450876,-56.14851938437537,0.0,***,2020-08-06
9,temp_1,-19.707274392640144,0.2562272816704974,-76.91325554467404,0.0,***,2020-08-06
11,solar_4,-2.031792954573056,0.12680824442558156,-16.022561969663023,0.0,***,2020-08-06
7,temperature,-25.203265014422882,0.4317559905027543,-58.373862942990485,0.0,***,2020-08-06
0,ar1,0.9682564004419782,0.004160504694372753,232.7257079535527,0.0,***,2020-08-06
1,ma1,0.4000238315420643,0.013917198000998736,28.743130011756495,0.0,***,2020-08-06
2,sar1,0.9995960812263441,0.0002529142635880734,3952.31200899925,0.0,***,2020-08-06
8,solar_power,-0.555660534857267,0.11762803397593269,-4.723878450361229,2.3138874749584204e-06,***,2020-08-06
4,intercept,12074.158364538758,0.021274094637481974,567552.1600466035,0.0,***,2020-08-06
5,rainfall,-1.2158510411955614,0.5429230104432339,-2.239453878005575,0.02512639909499903,*,2020-08-06
6,pv_capacity,-7.775454098429944,1.092184130226757,-7.119178793428925,1.085798118083403e-12,***,2020-08-06
3,sma1,-0.9538451686815027,0.013671773687846746,-69.76747790445101,0.0,***,2020-08-06
16,sin_336_1,17.732789175734172,0.02241857355505143,790.9865064424922,0.0,***,2020-08-07
15,lag_48*7,0.3767008684785048,0.015943104206308692,23.627824519232846,0.0,***,2020-08-07
14,Weekends,-153.8033217800273,0.6485377388178931,-237.1540044228863,0.0,***,2020-08-07
13,Holidays,0.0006111852269166107,0.0192879510563497,0.03168741071205721,0.9747213346427386,,2020-08-07
12,solar_16,0.4224328680983582,0.1403138196685359,3.0106290962378024,0.002607070969225189,**,2020-08-07
11,solar_4,-2.0674749018469942,0.12843964962505194,-16.096858780621716,0.0,***,2020-08-07
10,temp_9,-6.740515231033408,0.9406271848990249,-7.165979613652133,7.722711359292589e-13,***,2020-08-07
9,temp_1,-20.527463435904043,0.3391572119271097,-60.52492093346882,0.0,***,2020-08-07
17,cos_336_1,-8.241227983888047,0.02063742358047239,-399.33414904010056,0.0,***,2020-08-07
7,temperature,-24.617066693036097,0.07333301906336842,-335.68871168066914,0.0,***,2020-08-07
0,ar1,0.9672001870016916,0.0045753756020507986,211.39252186600115,0.0,***,2020-08-07
1,ma1,0.39426601989193943,0.013948716245585002,28.265398259623435,0.0,***,2020-08-07
2,sar1,0.9995111722430721,0.0003937175459853695,2538.650315269957,0.0,***,2020-08-07
8,solar_power,-0.5400304815296704,0.13984723564436286,-3.861574231635079,0.00011265877144839287,***,2020-08-07
4,intercept,11209.426775997563,0.01941474084093956,577366.7991673842,0.0,***,2020-08-07
5,rainfall,-1.1126139579961052,0.6489971061260323,-1.7143588892675903,0.08646283387196285,.,2020-08-07
6,pv_capacity,-7.346964269584661,1.0400625426648018,-7.063963913901367,1.6182610806936282e-12,***,2020-08-07
3,sma1,-0.9506547640114182,0.017436564243551386,-54.52076170126243,0.0,***,2020-08-07
9,temp_1,-22.95062913231472,0.13393799375505727,-171.35264228525256,0.0,***,2020-08-08
16,sin_336_1,15.149687622153566,0.08884486822681024,170.51843200980656,0.0,***,2020-08-08
15,lag_48*7,0.37709950334943454,0.01729661962792705,21.80191918775685,0.0,***,2020-08-08
14,Weekends,-203.578105954031,1.1822091343821233,-172.20143207608547,0.0,***,2020-08-08
13,Holidays,-0.0007167002672614498,0.019287953480703206,-0.03715792180743688,0.970359088957975,,2020-08-08
12,solar_16,0.4147438508302761,0.11829758063975183,3.5059368804277025,0.0004550031072532157,***,2020-08-08
11,solar_4,-2.142283048717235,0.12357729955386944,-17.335570986347516,0.0,***,2020-08-08
10,temp_9,-3.8164168204443194,0.2086010792122634,-18.295287995901976,0.0,***,2020-08-08
17,cos_336_1,-7.394532829242353,0.07964575577050434,-92.84277307317375,0.0,***,2020-08-08
8,solar_power,-0.6321195506225471,0.11882429368107135,-5.319783783602186,1.0389064497573486e-07,***,2020-08-08
6,pv_capacity,-0.6292831951837253,1.0794749385675555,-0.5829530382787517,0.5599249145590017,,2020-08-08
7,temperature,-23.656816971455083,0.3817901057219299,-61.962886457526764,0.0,***,2020-08-08
0,ar1,0.967540824555192,0.0019827063856557602,487.98996742787386,0.0,***,2020-08-08
1,ma1,0.3957081921764362,0.014999308153308922,26.38176295412272,0.0,***,2020-08-08
2,sar1,0.9999601837105948,1.319586446203835e-06,757783.0058707135,0.0,***,2020-08-08
3,sma1,-0.9861268470368996,0.0015726874802247256,-627.0329353012903,0.0,***,2020-08-08
4,intercept,6815.209905663668,0.02023497653118395,336803.4499650052,0.0,***,2020-08-08
5,rainfall,-1.381581096080874,0.6861363239362467,-2.0135664705156255,0.04405506966271311,*,2020-08-08
9,temp_1,-24.24411578202309,0.13494521421619074,-179.65895213729098,0.0,***,2020-08-09
15,lag_48*7,0.37396074788547684,0.015604347390697822,23.96516422778469,0.0,***,2020-08-09
14,Weekends,-165.24978998475117,0.554023579752681,-298.27212419103085,0.0,***,2020-08-09
13,Holidays,-0.0009742792885438778,0.019288035484496414,-0.05051210577287649,0.9597143027085384,,2020-08-09
12,solar_16,0.3540117259228217,0.12492023435590267,2.833902191651581,0.004598340367726994,**,2020-08-09
11,solar_4,-2.076075908790189,0.1181079602403973,-17.577781417649902,0.0,***,2020-08-09
10,temp_9,-3.736356801702476,0.03396899636995216,-109.99314672150669,0.0,***,2020-08-09
17,cos_336_1,-8.745705688218553,0.05348706398505813,-163.5106703681045,0.0,***,2020-08-09
16,sin_336_1,11.894371629909692,0.2055313133035913,57.87133570416327,0.0,***,2020-08-09
8,solar_power,-0.8025592455431068,0.11472374776798727,-6.99558078564667,2.6416646647930975e-12,***,2020-08-09
6,pv_capacity,-0.33934699762131204,1.1837929581348683,-0.2866607672307598,0.7743720805423955,,2020-08-09
0,ar1,0.9703578916835764,0.004195914152935135,231.26257028037372,0.0,***,2020-08-09
1,ma1,0.4047255335512338,0.014150978977148959,28.60053245819853,0.0,***,2020-08-09
2,sar1,0.9999718749600283,9.428514201824873e-06,106058.26682283466,0.0,***,2020-08-09
7,temperature,-24.052082565203275,0.19491463558741345,-123.39803264499668,0.0,***,2020-08-09
4,intercept,6726.6035650786735,0.019511389531420644,344752.6663463062,0.0,***,2020-08-09
5,rainfall,-0.862641143106947,0.6828528255496833,-1.2632899957798922,0.2064849802113422,,2020-08-09
3,sma1,-0.9879767990929832,0.0020287254824627346,-486.99383313983253,0.0,***,2020-08-09
17,cos_336_1,-6.838203418254205,0.019292507326300192,-354.4486625091046,0.0,***,2020-08-10
16,sin_336_1,13.9640187462849,0.020154740187981687,692.8404244383003,0.0,***,2020-08-10
15,lag_48*7,0.35850591071753996,0.018462478270229333,19.418081661096885,0.0,***,2020-08-10
14,Weekends,-89.47331016636566,0.02235970141531279,-4001.543155897908,0.0,***,2020-08-10
13,Holidays,0.0004323325425351632,0.019287918369114233,0.022414681266354684,0.9821171693372752,,2020-08-10
12,solar_16,0.3156116549380632,0.0987608513288563,3.1957162245101736,0.001394842251073225,**,2020-08-10
10,temp_9,-1.8859074327703973,0.022178787921882288,-85.03203328391548,0.0,***,2020-08-10
9,temp_1,-22.00762181927627,0.02067615031583177,-1064.3964898255256,0.0,***,2020-08-10
11,solar_4,-2.191842239778561,0.07111907419639561,-30.81933032094568,0.0,***,2020-08-10
7,temperature,-21.723421317558813,0.021262922694381826,-1021.6573530269505,0.0,***,2020-08-10
8,solar_power,-0.872744190872716,0.04270534536497459,-20.43641570894565,0.0,***,2020-08-10
1,ma1,0.4179910425891516,0.014740162929556532,28.357287811996198,0.0,***,2020-08-10
2,sar1,0.999873470650556,0.00011489628294301505,8702.400504518164,0.0,***,2020-08-10
3,sma1,-0.9735530965688488,0.012270254131593652,-79.34253733686968,0.0,***,2020-08-10
0,ar1,0.9692673870815348,0.0043216300375094295,224.28282353390134,0.0,***,2020-08-10
5,rainfall,-0.6518409979357013,0.01933001479865716,-33.72170196067228,0.0,***,2020-08-10
6,pv_capacity,-1.0057480273672998,0.02141922200808693,-46.95539487790803,0.0,***,2020-08-10
4,intercept,7307.3568181715045,0.019287988389588,378855.30987337936,0.0,***,2020-08-10
10,temp_9,-2.263078458593084,0.019686501969891138,-114.95584446918369,0.0,***,2020-08-11
16,sin_336_1,14.192130356307851,0.019340968437184487,733.7859219615083,0.0,***,2020-08-11
15,lag_48*7,0.36655718261984216,0.028155481280265064,13.019034516620817,0.0,***,2020-08-11
17,cos_336_1,-7.774087470045332,0.019291236738858908,-402.98543713300444,0.0,***,2020-08-11
14,Weekends,-82.97512148442968,0.01959689711419907,-4234.094867207803,0.0,***,2020-08-11
13,Holidays,0.0012963321769240421,0.0192879186572727,0.06720954188777893,0.946414888974624,,2020-08-11
12,solar_16,0.2808106358696887,0.09304110003658014,3.01813538059293,0.0025433525705049753,**,2020-08-11
11,solar_4,-2.2139731872604878,0.024110789149084794,-91.8249989069531,0.0,***,2020-08-11
9,temp_1,-25.259924786302346,0.01937845999396124,-1303.5052730802088,0.0,***,2020-08-11
2,sar1,0.9999806247894646,1.713916092128263e-08,58344783.002050824,0.0,***,2020-08-11
7,temperature,-25.347795144924564,0.019302863859452013,-1313.1624058215868,0.0,***,2020-08-11
8,solar_power,-0.8983990315310242,0.08575482754498323,-10.476366838470561,0.0,***,2020-08-11
1,ma1,0.4163344813991809,0.02234402851695765,18.632919353965665,0.0,***,2020-08-11
3,sma1,-0.9891933274470559,0.0016581316062441683,-596.5710584865313,0.0,***,2020-08-11
0,ar1,0.9718418372355467,4.809367895528319e-05,20207.267531750924,0.0,***,2020-08-11
5,rainfall,-0.6364127581382195,0.019330516271809428,-32.92269845199785,0.0,***,2020-08-11
6,pv_capacity,1.6644210579807577,0.02630355221905218,63.27742519792383,0.0,***,2020-08-11
4,intercept,7215.631401479419,0.01928795153794028,374100.45267305564,0.0,***,2020-08-11
9,temp_1,-23.173488300853077,0.01967544604812751,-1177.787189381583,0.0,***,2020-08-12
17,cos_336_1,-7.318939816272765,0.019293215771207555,-379.3530276686827,0.0,***,2020-08-12
15,lag_48*7,0.3750381975922147,0.017147299186718465,21.871560850976614,0.0,***,2020-08-12
14,Weekends,-113.69996528746735,0.02651627211007151,-4287.931758110198,0.0,***,2020-08-12
13,Holidays,0.0007309754602888296,0.01928791960935122,0.03789809762243286,0.9697689298384704,,2020-08-12
12,solar_16,0.342731122938031,0.09255247745869549,3.703100471740324,0.0002129804835904192,***,2020-08-12
11,solar_4,-2.2353652334129044,0.05215044099575372,-42.8637839053924,0.0,***,2020-08-12
10,temp_9,-5.925523953161124,0.024052385864738443,-246.3590924610988,0.0,***,2020-08-12
16,sin_336_1,6.735457803332185,0.02657661845317808,253.43547055087237,0.0,***,2020-08-12
8,solar_power,-0.8748100420344391,0.057615124559708776,-15.183687420962524,0.0,***,2020-08-12
6,pv_capacity,-1.231931954866291,0.02590920683319275,-47.54803814712077,0.0,***,2020-08-12
5,rainfall,-0.3080143466233188,0.022873226336469855,-13.466152176888581,0.0,***,2020-08-12
4,intercept,7694.155056681626,0.019287751280299945,398914.05404736084,0.0,***,2020-08-12
3,sma1,-0.9794454571602095,0.0027734528678442626,-353.15020800101377,0.0,***,2020-08-12
2,sar1,0.9999218794074825,1.5871929843569305e-07,6299938.881172741,0.0,***,2020-08-12
1,ma1,0.40637242297187115,0.015145416356988808,26.83138009503131,0.0,***,2020-08-12
0,ar1,0.9678501022861243,8.273928974752877e-05,11697.587751108678,0.0,***,2020-08-12
7,temperature,-23.468014274784885,0.022296697074587386,-1052.5332158516208,0.0,***,2020-08-12
16,sin_336_1,11.794448185355753,0.028483639875490244,414.07798430651775,0.0,***,2020-08-13
15,lag_48*7,0.36606034196020376,0.017927834909033658,20.418547126164665,0.0,***,2020-08-13
14,Weekends,-118.34569480165,0.04082345206457278,-2898.96343441157,0.0,***,2020-08-13
13,Holidays,6.052237868869881e-05,0.01928791996380957,0.003137838543619972,0.9974963711802218,,2020-08-13
12,solar_16,0.3428729854540262,0.16503150621389945,2.0776213786089075,0.03774424553583633,*,2020-08-13
11,solar_4,-2.2786665793335255,0.04165951954119092,-54.697380200952395,0.0,***,2020-08-13
10,temp_9,-2.582880427999481,0.033798938439414485,-76.41898080998503,0.0,***,2020-08-13
9,temp_1,-21.410645652746126,0.02743308291313443,-780.4680837564605,0.0,***,2020-08-13
17,cos_336_1,-4.105005621614628,0.022249807618672374,-184.49622989861922,0.0,***,2020-08-13
7,temperature,-21.600264056997904,0.040205610936073874,-537.2450151632293,0.0,***,2020-08-13
0,ar1,0.9704786802723342,0.005108080474762795,189.9889175722903,0.0,***,2020-08-13
1,ma1,0.4063283644343559,0.015045942800396542,27.00584269293161,0.0,***,2020-08-13
2,sar1,0.9998609237686409,0.0002160646319692003,4627.601077769959,0.0,***,2020-08-13
8,solar_power,-0.8563067605108204,0.12975627187733438,-6.599347747292968,4.129696584698195e-11,***,2020-08-13
4,intercept,7564.660995961523,0.019288711746913188,392180.72700848524,0.0,***,2020-08-13
5,rainfall,-0.5102535820187257,0.01930090167618954,-26.436774332061255,0.0,***,2020-08-13
6,pv_capacity,0.9697858842875919,0.13432695849715323,7.219592367291964,5.213607323639735e-13,***,2020-08-13
3,sma1,-0.9714521668934124,0.02110008704346088,-46.040197127740036,0.0,***,2020-08-13
9,temp_1,-22.642024163401,1.1595461254150052,-19.526626554245393,0.0,***,2020-08-14
16,sin_336_1,16.67949735219075,1.0439587807851518,15.977160841203188,0.0,***,2020-08-14
15,lag_48*7,0.36045910101144246,0.016046237188277412,22.463777444021336,0.0,***,2020-08-14
14,Weekends,-87.4645606449376,3.314793197083476,-26.386128921072174,0.0,***,2020-08-14
13,Holidays,0.000975704089939966,0.01930854611530825,0.050532240185935384,0.9596982582609361,,2020-08-14
12,solar_16,0.2984434276456248,0.12382733947481882,2.4101577964235874,0.015945622226682277,*,2020-08-14
11,solar_4,-2.193651095386982,0.12649559782723074,-17.34171886663675,0.0,***,2020-08-14
10,temp_9,-5.686228557410297,1.4128334830866165,-4.0246983282046775,5.704839866083056e-05,***,2020-08-14
17,cos_336_1,-7.8465319897289945,0.05578793532812154,-140.64926302755143,0.0,***,2020-08-14
8,solar_power,-0.8373996898338512,0.1322084978523366,-6.333932413097539,2.3899016099449e-10,***,2020-08-14
6,pv_capacity,-5.100726564390169,1.1260895037938388,-4.529592494384882,5.909755866673194e-06,***,2020-08-14
5,rainfall,-0.4822361905966165,0.5754388478432861,-0.8380320383373695,0.40201271007296424,,2020-08-14
4,intercept,10049.624922875191,0.022223379833900336,452209.56479109154,0.0,***,2020-08-14
3,sma1,-0.9595629704774847,0.009825636303813643,-97.65911751741184,0.0,***,2020-08-14
2,sar1,0.9996954144235141,0.0001540266042989404,6490.40741353532,0.0,***,2020-08-14
1,ma1,0.41051716608646366,0.014371245046697317,28.565177530029338,0.0,***,2020-08-14
0,ar1,0.9694633827562231,0.003598952104934383,269.37379395158655,0.0,***,2020-08-14
7,temperature,-26.234434352137157,0.7096992185082605,-36.9655674798123,0.0,***,2020-08-14
10,temp_9,-4.988839023009977,0.1839451243422916,-27.121344155480678,0.0,***,2020-08-15
16,sin_336_1,23.78171230055771,2.260438618758152,10.520839673860728,0.0,***,2020-08-15
15,lag_48*7,0.3450933308593727,0.015974033645124272,21.60339326471276,0.0,***,2020-08-15
14,Weekends,-80.88533978499083,6.225615774783824,-12.992343683111324,0.0,***,2020-08-15
13,Holidays,0.0022268776514581257,0.019288756841595107,0.11544951651088217,0.9080888328120027,,2020-08-15
12,solar_16,0.31379861088578376,0.12197831294657635,2.572577069689595,0.010094447817342811,*,2020-08-15
11,solar_4,-2.130568168400697,0.12479440985120109,-17.072625055409816,0.0,***,2020-08-15
9,temp_1,-21.604986849750535,0.46211558176378015,-46.75234444008505,0.0,***,2020-08-15
17,cos_336_1,-11.118388907079657,1.582707590869238,-7.024916649937423,2.141842259106852e-12,***,2020-08-15
7,temperature,-28.75177510257569,0.7089742104007235,-40.55404933040474,0.0,***,2020-08-15
0,ar1,0.9694841196527045,0.004253328340778125,227.9354053995611,0.0,***,2020-08-15
1,ma1,0.41842241314407413,0.01525702849380416,27.424895569539927,0.0,***,2020-08-15
2,sar1,0.9997581326042978,0.00013295661829988427,7519.43111511259,0.0,***,2020-08-15
8,solar_power,-0.7413268421787578,0.126347589653487,-5.867360384253269,4.427875843759921e-09,***,2020-08-15
4,intercept,12804.014983695897,0.038838915351197156,329669.73634347983,0.0,***,2020-08-15
5,rainfall,-0.39963665040654756,0.4972450023788673,-0.803701693319486,0.4215692759569172,,2020-08-15
6,pv_capacity,-9.111374531061672,1.4371377437366464,-6.339945193681671,2.2984680825288706e-10,***,2020-08-15
3,sma1,-0.9630578730979846,0.010390552823022287,-92.68591281920467,0.0,***,2020-08-15
17,cos_336_1,-10.767260272052377,0.3047566485001361,-35.33068211979489,0.0,***,2020-08-16
16,sin_336_1,20.101167566528,0.20443241856887884,98.32671210977907,0.0,***,2020-08-16
15,lag_48*7,0.3476796174437758,0.01569380821263564,22.15393566259123,0.0,***,2020-08-16
14,Weekends,-100.79117174855578,0.7830439741652886,-128.71712837838697,0.0,***,2020-08-16
13,Holidays,0.000435676065478674,0.019288025179405543,0.02258790422691171,0.9819789923961284,,2020-08-16
12,solar_16,0.40069698442295687,0.12124752816683465,3.304784769480861,0.0009504936146182974,***,2020-08-16
10,temp_9,-2.80103906306929,2.3281192441120413,-1.2031338472689028,0.22892452920899276,,2020-08-16
9,temp_1,-23.51084418276533,0.3923643636686928,-59.92094685392369,0.0,***,2020-08-16
11,solar_4,-2.075713422126044,0.1258952647573064,-16.487621088271144,0.0,***,2020-08-16
7,temperature,-26.416482912998504,0.5662425028321089,-46.652243130592055,0.0,***,2020-08-16
8,solar_power,-0.7401495016604939,0.12169785292212922,-6.081861626055911,1.1879506267575834e-09,***,2020-08-16
1,ma1,0.41931130862227206,0.015272614872235624,27.455109169586017,0.0,***,2020-08-16
2,sar1,0.9995604456333668,9.80356796534269e-05,10195.884285874143,0.0,***,2020-08-16
3,sma1,-0.9498610696657633,0.005452658257391534,-174.2014673995289,0.0,***,2020-08-16
0,ar1,0.9682101947829579,0.0031180844343725845,310.51442485321263,0.0,***,2020-08-16
5,rainfall,-0.3980322271974756,0.5958666772030593,-0.6679887337647417,0.504140784069008,,2020-08-16
6,pv_capacity,-12.072528801275595,1.281808148279886,-9.418358603412099,0.0,***,2020-08-16
4,intercept,14420.50889217069,0.01994763668235399,722918.1642819528,0.0,***,2020-08-16
10,temp_9,-3.522176408350655,0.02845792119997495,-123.76787410437258,0.0,***,2020-08-17
17,cos_336_1,-8.11505025488891,0.09617791753845872,-84.37539991073253,0.0,***,2020-08-17
16,sin_336_1,16.13396276765288,0.37071589325993015,43.52109812659268,0.0,***,2020-08-17
15,lag_48*7,0.34103077281320143,0.016098979814959054,21.183377874436374,0.0,***,2020-08-17
14,Weekends,-169.94141888919245,0.6510471671443959,-261.02781405928624,0.0,***,2020-08-17
13,Holidays,0.003494121327844546,0.019288386767824982,0.18115155870231203,0.8562486159964566,,2020-08-17
12,solar_16,0.39502881515428223,0.12062586024432347,3.2748269264498107,0.0010572672574180597,**,2020-08-17
11,solar_4,-1.979544270212116,0.13269908939624256,-14.91754223196778,0.0,***,2020-08-17
9,temp_1,-26.780370042307084,0.43088569772085933,-62.151912175224275,0.0,***,2020-08-17
1,ma1,0.41412587962449543,0.015741835535370265,26.307343809684564,0.0,***,2020-08-17
7,temperature,-26.41734782970327,0.12554078407809563,-210.42841195949302,0.0,***,2020-08-17
6,pv_capacity,-14.754333393109903,0.629858505178564,-23.424837914869578,0.0,***,2020-08-17
5,rainfall,-0.9593034485834104,0.5628981853373491,-1.7042219597998751,0.08833962812313478,.,2020-08-17
4,intercept,16186.101997801923,0.01951591590938754,829379.5727012786,0.0,***,2020-08-17
3,sma1,-0.9477460366428828,0.011960010823195467,-79.2429079415887,0.0,***,2020-08-17
2,sar1,0.9994818023236801,0.00025079461546189937,3985.2602117588967,0.0,***,2020-08-17
0,ar1,0.9695946707088497,0.0046618051878215445,207.98695604908795,0.0,***,2020-08-17
8,solar_power,-0.7800042082056137,0.1215837114602231,-6.415367641255112,1.4048340268857373e-10,***,2020-08-17
10,temp_9,-4.203282114292451,1.295824982168358,-3.2437112821045657,0.0011798327168810463,**,2020-08-18
17,cos_336_1,-7.755013121642106,0.20478541899507108,-37.86897113914521,0.0,***,2020-08-18
16,sin_336_1,18.231843096453456,0.8652139858202725,21.072062397568182,0.0,***,2020-08-18
15,lag_48*7,0.3383486869583348,0.016401251616296807,20.629443098241403,0.0,***,2020-08-18
14,Weekends,-131.79220487028383,2.9209613987723553,-45.119461327244686,0.0,***,2020-08-18
13,Holidays,-0.0004584662191358113,0.019288404449947078,-0.023769006934996596,0.9810368619448255,,2020-08-18
12,solar_16,0.3753018772225678,0.13075983849967993,2.870161676006402,0.004102619703463928,**,2020-08-18
9,temp_1,-21.891892362343743,1.820238344263495,-12.02693725870369,0.0,***,2020-08-18
11,solar_4,-2.0265765278871695,0.12793001961715122,-15.841289901713358,0.0,***,2020-08-18
7,temperature,-27.751284984631493,0.3742076004799886,-74.16013183333389,0.0,***,2020-08-18
1,ma1,0.41205993210182734,0.015567000487865057,26.47009180882601,0.0,***,2020-08-18
2,sar1,0.9993251679007497,0.0002799225913839926,3570.0054181403816,0.0,***,2020-08-18
3,sma1,-0.941967898019993,0.010478338351814154,-89.896686515845,0.0,***,2020-08-18
0,ar1,0.9697499128762898,0.004100932476480304,236.47058771096724,0.0,***,2020-08-18
5,rainfall,-0.6181289873726461,0.5071430810870187,-1.2188453523761744,0.2229028943526048,,2020-08-18
8,solar_power,-0.7785432963368032,0.12490290088893413,-6.233188267013091,4.5703640871863627e-10,***,2020-08-18
6,pv_capacity,-16.990238004948242,0.8102153541347695,-20.970027188749278,0.0,***,2020-08-18
4,intercept,17043.078234201217,0.020017940753327662,851390.1826474373,0.0,***,2020-08-18
10,temp_9,-6.733304510983888,1.6211088883081657,-4.153517730700343,3.2740283112620006e-05,***,2020-08-19
16,sin_336_1,26.839552666219923,3.630988885110926,7.391802485619555,1.4477308241112041e-13,***,2020-08-19
15,lag_48*7,0.3234384974370103,0.017087881660387653,18.927945772634338,0.0,***,2020-08-19
14,Weekends,-89.44295227328958,7.237254576365831,-12.358685372955767,0.0,***,2020-08-19
13,Holidays,0.0024951933301973206,0.01929755404001512,0.1293010153008679,0.8971194680850803,,2020-08-19
12,solar_16,0.37001157490961245,0.12210887328812492,3.0301776189232603,0.002444099564512081,**,2020-08-19
11,solar_4,-1.90678408600544,0.12580431312318724,-15.156746526951919,0.0,***,2020-08-19
9,temp_1,-25.981275585603576,0.7519508021787232,-34.551829069567724,0.0,***,2020-08-19
17,cos_336_1,-10.327501194309182,1.3363009490213829,-7.728424650055326,1.0880185641326534e-14,***,2020-08-19
7,temperature,-28.141657162122293,0.8910781730241468,-31.581580622286996,0.0,***,2020-08-19
0,ar1,0.9706160590429841,0.0042492802222642454,228.41893409556963,0.0,***,2020-08-19
1,ma1,0.4178175106763557,0.016297728769834104,25.6365482931404,0.0,***,2020-08-19
2,sar1,0.9993247071102208,0.00024240999109109902,4122.4567626615235,0.0,***,2020-08-19
8,solar_power,-0.7763929365440517,0.11879552157449857,-6.535540450126845,6.338018998519601e-11,***,2020-08-19
4,intercept,15994.72875815143,0.03895454182639875,410599.8430024431,0.0,***,2020-08-19
5,rainfall,-0.3014656269856609,0.5542463296369112,-0.5439199339094444,0.5864965709266237,,2020-08-19
6,pv_capacity,-13.93790110968774,1.4456472621069076,-9.641287660569727,0.0,***,2020-08-19
3,sma1,-0.9400697129418805,0.009606842672859868,-97.85418008329165,0.0,***,2020-08-19
9,temp_1,-22.91866890522831,0.9278145158917791,-24.70177876361395,0.0,***,2020-08-20
16,sin_336_1,17.30665940922063,0.1359106315890799,127.338525374134,0.0,***,2020-08-20
15,lag_48*7,0.3231414527944948,0.017687280828840853,18.269707815549626,0.0,***,2020-08-20
14,Weekends,-91.9079124116047,1.450916938722113,-63.34470978921239,0.0,***,2020-08-20
13,Holidays,-0.004845074068451138,0.019295325755539997,-0.2511009210124395,0.8017360838491512,,2020-08-20
12,solar_16,0.3551601267653872,0.1229718019157924,2.8881428199986106,0.0038752387217078077,**,2020-08-20
11,solar_4,-1.9459062752028427,0.1288922920914531,-15.09715005938572,0.0,***,2020-08-20
10,temp_9,-5.229282438785294,1.7368263829184822,-3.0108262346857324,0.00260537903161695,**,2020-08-20
17,cos_336_1,-7.413357700405123,0.33273495850366996,-22.28006859797197,0.0,***,2020-08-20
8,solar_power,-0.8133953460386706,0.12952859393986743,-6.2796585780610155,3.3931724097158167e-10,***,2020-08-20
6,pv_capacity,-13.841308474427777,1.390791748202317,-9.952107130574012,0.0,***,2020-08-20
5,rainfall,-0.3391391410652822,0.6295455420947704,-0.5387046978949601,0.5900906316312156,,2020-08-20
4,intercept,16520.842596941722,0.02035146260106131,811776.6728018937,0.0,***,2020-08-20
3,sma1,-0.936333062269119,0.009490906413999982,-98.65581024884403,0.0,***,2020-08-20
2,sar1,0.9992757355478366,0.00023460091624780778,4259.470728120715,0.0,***,2020-08-20
1,ma1,0.4112593598378788,0.014569477353252947,28.22746141583839,0.0,***,2020-08-20
0,ar1,0.9718157312507804,0.004499781945432902,215.96951653115866,0.0,***,2020-08-20
7,temperature,-25.518107700605235,0.4087004602304568,-62.43718856155963,0.0,***,2020-08-20
11,solar_4,-1.9341505956964677,0.12436179680965347,-15.552610571049028,0.0,***,2020-08-21
12,solar_16,0.3743616852131789,0.13099325157933914,2.857870010093138,0.004264950686718283,**,2020-08-21
13,Holidays,0.0021581423812084832,0.019293208771320205,0.11186020981728094,0.9109342465000814,,2020-08-21
17,cos_336_1,-9.456125790653754,1.1624863605194715,-8.134397195359924,4.440892098500626e-16,***,2020-08-21
15,lag_48*7,0.3218741105739386,0.01747600062810903,18.418064717634806,0.0,***,2020-08-21
16,sin_336_1,18.936393385750403,1.510761561242959,12.534336239115547,0.0,***,2020-08-21
10,temp_9,-5.775278129131221,1.954981724803322,-2.9541340749424316,0.0031354775155303383,**,2020-08-21
14,Weekends,-93.12957423577396,4.4577919447587115,-20.891413370081544,0.0,***,2020-08-21
9,temp_1,-22.380941942593886,0.44047056193837264,-50.81143639679889,0.0,***,2020-08-21
1,ma1,0.4119051164215609,0.0156707285251968,26.285001093552413,0.0,***,2020-08-21
7,temperature,-26.980442042988017,0.9789403896150722,-27.560863081353663,0.0,***,2020-08-21
6,pv_capacity,-13.03923963121006,0.7346671451148435,-17.74849973612439,0.0,***,2020-08-21
5,rainfall,-0.20309223821781336,0.48652467868718086,-0.4174346073581087,0.6763605459773823,,2020-08-21
4,intercept,15757.22461579887,0.025945927537888838,607310.1296066057,0.0,***,2020-08-21
3,sma1,-0.9273919845745452,0.008233168755089644,-112.64095418926556,0.0,***,2020-08-21
2,sar1,0.9990058541592196,0.0002390078692992251,4179.8031884402835,0.0,***,2020-08-21
8,solar_power,-0.8101768028214966,0.12851363054087006,-6.30420912872618,2.896691775333693e-10,***,2020-08-21
0,ar1,0.9715145790331149,0.003394649931379081,286.1899160949523,0.0,***,2020-08-21
11,solar_4,-1.9502681192281937,0.1221367956367156,-15.96789983772853,0.0,***,2020-08-22
12,solar_16,0.30567664263878913,0.13422714665150481,2.2773086537585443,0.022767800538023186,*,2020-08-22
13,Holidays,-0.0008844274210255687,0.019292555055606595,-0.045842938816367196,0.9634354345412801,,2020-08-22
17,cos_336_1,-8.271236345413739,0.25799091643899436,-32.06018436455142,0.0,***,2020-08-22
15,lag_48*7,0.30679086683128287,0.01693915861867189,18.111340340901577,0.0,***,2020-08-22
16,sin_336_1,17.440864994998233,0.8322575338696524,20.956091456337372,0.0,***,2020-08-22
10,temp_9,-9.259816078524825,1.189756669159936,-7.782949504341086,7.105427357601002e-15,***,2020-08-22
14,Weekends,-93.43618917606183,1.6354064837503104,-57.13331217924132,0.0,***,2020-08-22
9,temp_1,-16.24567843021001,1.3086327081504965,-12.414238410080845,0.0,***,2020-08-22
8,solar_power,-0.8783849124132308,0.12376460128592173,-7.097222495663204,1.2729817200352045e-12,***,2020-08-22
7,temperature,-25.211816527844384,0.5145299043506079,-48.99971083248195,0.0,***,2020-08-22
6,pv_capacity,-9.698234192275095,2.336520922757187,-4.150715749136454,3.3143717826700225e-05,***,2020-08-22
5,rainfall,-0.33663477038802875,0.554081772209565,-0.6075543128690157,0.5434831099970472,,2020-08-22
4,intercept,15371.167694764728,0.019545577293279055,786426.8966898337,0.0,***,2020-08-22
3,sma1,-1.0784811176783087,0.00840812856524835,-128.26648751968193,0.0,***,2020-08-22
2,sar1,0.9993037475155847,7.474261385240375e-05,13369.93310789126,0.0,***,2020-08-22
1,ma1,0.4167538429450405,0.015260800526251998,27.30877991807379,0.0,***,2020-08-22
0,ar1,0.9696805229441666,0.006796302984371091,142.67764771141935,0.0,***,2020-08-22
16,sin_336_1,28.09903020602529,2.9931118519096476,9.387898480338352,0.0,***,2020-08-23
15,lag_48*7,0.3184829093812933,0.017796362505517662,17.895955383160434,0.0,***,2020-08-23
14,Weekends,-63.31207491303269,9.965360718327124,-6.353214570205827,2.108613283979821e-10,***,2020-08-23
13,Holidays,0.0013670884122932714,0.01928860614586566,0.0708754381708548,0.9434968917038311,,2020-08-23
12,solar_16,0.3664709116387824,0.13002394623732516,2.8184878420001525,0.0048250438310979415,**,2020-08-23
11,solar_4,-1.8724183429160863,0.12682969686235515,-14.76324858639512,0.0,***,2020-08-23
10,temp_9,-1.5260311570667282,0.8355154249224939,-1.826454798495539,0.06778178402438462,.,2020-08-23
9,temp_1,-26.397071593650633,1.4646148852391834,-18.02321679213289,0.0,***,2020-08-23
17,cos_336_1,-8.13602115655597,0.03474291265273109,-234.17786637173057,0.0,***,2020-08-23
7,temperature,-29.882338864009856,1.6802812147104376,-17.78412958640347,0.0,***,2020-08-23
0,ar1,0.9759771574119607,0.0030235921363180518,322.7873051027467,0.0,***,2020-08-23
1,ma1,0.41324175915934536,0.014820181175999595,27.883718441213517,0.0,***,2020-08-23
2,sar1,0.9990279019755641,0.0003155037396104475,3166.4534411194745,0.0,***,2020-08-23
8,solar_power,-0.7666602816204248,0.12834621696534837,-5.973376541572799,2.32392660670655e-09,***,2020-08-23
4,intercept,12882.42986040122,0.024768045918722555,520122.98033827485,0.0,***,2020-08-23
5,rainfall,0.32328960649186333,0.5458993607163146,0.5922146640136221,0.5537068511156835,,2020-08-23
6,pv_capacity,-8.71246557363124,1.048868340601066,-8.306538806041626,0.0,***,2020-08-23
3,sma1,-0.9268749764786169,0.009998235088027212,-92.70385906294008,0.0,***,2020-08-23
10,temp_9,-6.2248890193623945,1.8704946644092701,-3.327937330058253,0.0008749154587610608,***,2020-08-24
16,sin_336_1,29.79692419054845,3.422472937654492,8.706255603285806,0.0,***,2020-08-24
15,lag_48*7,0.3203421262607967,0.017167262743749565,18.6600584520925,0.0,***,2020-08-24
14,Weekends,-72.4984515592786,7.958861230770073,-9.109148841418346,0.0,***,2020-08-24
13,Holidays,0.0027461681130197535,0.0192970602851894,0.14231017950062852,0.8868350062836621,,2020-08-24
12,solar_16,0.4001150303663277,0.123804275583357,3.2318353181343205,0.0012299791910266311,**,2020-08-24
11,solar_4,-1.900123508829823,0.13302605808448448,-14.283844354938788,0.0,***,2020-08-24
9,temp_1,-23.880664768320422,0.8708717301154897,-27.42156386814108,0.0,***,2020-08-24
17,cos_336_1,-12.23734392388159,1.1754279178461777,-10.410969263266239,0.0,***,2020-08-24
7,temperature,-25.329378473336952,1.220345518641993,-20.755907311827244,0.0,***,2020-08-24
0,ar1,0.9716106551620813,0.004038843424824278,240.566556551856,0.0,***,2020-08-24
1,ma1,0.41496394824283794,0.01450918570486103,28.600085262111715,0.0,***,2020-08-24
2,sar1,0.9992052871212305,0.0003029589933683811,3298.153575214231,0.0,***,2020-08-24
8,solar_power,-0.813950045531378,0.1271572434721074,-6.401129997049064,1.5423107235790212e-10,***,2020-08-24
4,intercept,11610.55462745968,0.027570410391249772,421123.75052438857,0.0,***,2020-08-24
5,rainfall,-0.14269647959407578,0.6244748959005707,-0.22850635074495612,0.8192526195357925,,2020-08-24
6,pv_capacity,-7.611509202493285,1.1313549204905329,-6.727781940607185,1.7226886583898704e-11,***,2020-08-24
3,sma1,-0.9341301748034809,0.010639056910920496,-87.80197179363142,0.0,***,2020-08-24
9,temp_1,-23.64495291422715,1.7466807801195796,-13.537077400375582,0.0,***,2020-08-25
16,sin_336_1,25.7038364509957,2.721457563897165,9.444878653256474,0.0,***,2020-08-25
15,lag_48*7,0.32438963321066927,0.018139665023282764,17.882889942802482,0.0,***,2020-08-25
14,Weekends,-82.6256432917799,11.5092869015103,-7.179041064736807,7.02105040772949e-13,***,2020-08-25
13,Holidays,0.01234729029599202,0.019492110173048856,0.6334506724194613,0.526439383432022,,2020-08-25
12,solar_16,0.4400211890254384,0.12537830814562412,3.5095479874745443,0.0004488690526744943,***,2020-08-25
11,solar_4,-1.8204244327922876,0.1244327110438951,-14.629790008755105,0.0,***,2020-08-25
10,temp_9,-3.727692235246421,0.8515570915316568,-4.377501253076986,1.200476711771259e-05,***,2020-08-25
17,cos_336_1,-7.595852416056427,0.7112757492435411,-10.679194987506321,0.0,***,2020-08-25
8,solar_power,-0.8125862183789533,0.12832169354423065,-6.332415010552105,2.413531596801022e-10,***,2020-08-25
6,pv_capacity,-6.589081460381334,1.1521470650066217,-5.718958682018137,1.0717885023936446e-08,***,2020-08-25
5,rainfall,0.8481759305351755,0.4887688254436496,1.7353314826601234,0.08268210847652036,.,2020-08-25
4,intercept,11168.838530648582,0.02245127342790049,497470.1576066915,0.0,***,2020-08-25
3,sma1,-0.9129854147045553,0.008265391515283046,-110.45882255140704,0.0,***,2020-08-25
2,sar1,0.9982772393218737,0.00042741739975793094,2335.60271502108,0.0,***,2020-08-25
1,ma1,0.41775883071371045,0.015756363976663648,26.513657042477725,0.0,***,2020-08-25
0,ar1,0.9690540613387292,0.0037226544195143874,260.3126565439132,0.0,***,2020-08-25
7,temperature,-28.513746399855833,1.1769292727231389,-24.227238680096466,0.0,***,2020-08-25
10,temp_9,-5.083820275591863,1.4916771752491211,-3.408123661034652,0.0006541124415866406,***,2020-08-26
16,sin_336_1,16.544082001746716,0.24238355690860697,68.2557934735846,0.0,***,2020-08-26
15,lag_48*7,0.3246356943575147,0.016254707486545207,19.971795532231575,0.0,***,2020-08-26
14,Weekends,-132.84628346474898,0.8523590818683017,-155.85718072430313,0.0,***,2020-08-26
13,Holidays,-0.005053590592896562,0.01928836205090403,-0.26200206007952365,0.7933198539418735,,2020-08-26
12,solar_16,0.4320080455109966,0.12369997840629757,3.4923857795031195,0.00047872628995904165,***,2020-08-26
11,solar_4,-1.9900224314255697,0.12066993867870089,-16.4914514187685,0.0,***,2020-08-26
9,temp_1,-21.626909018294814,0.3362782940340731,-64.31253340456011,0.0,***,2020-08-26
17,cos_336_1,-9.672995833612893,0.14501983694397266,-66.70119093672669,0.0,***,2020-08-26
7,temperature,-25.047863122444408,0.33243217801631275,-75.34728819547452,0.0,***,2020-08-26
0,ar1,0.9712277428008029,0.00385306252689635,252.0664370279838,0.0,***,2020-08-26
1,ma1,0.41410256154445096,0.015011018712566188,27.58657286848846,0.0,***,2020-08-26
2,sar1,0.9990628838379246,0.000257158146339069,3885.0135531799833,0.0,***,2020-08-26
8,solar_power,-0.7110204495890385,0.1301350989215783,-5.463710063474205,4.6628489736022516e-08,***,2020-08-26
4,intercept,13626.558920088957,0.019506103043337053,698579.2543910278,0.0,***,2020-08-26
5,rainfall,-0.5711005514574414,0.6118512250881141,-0.9333977412159238,0.3506146462110722,,2020-08-26
6,pv_capacity,-10.823842081741521,1.3041076267168605,-8.299807362518802,0.0,***,2020-08-26
3,sma1,-0.9314283797914084,0.008747043264411346,-106.4849402976048,0.0,***,2020-08-26
10,temp_9,-5.287123021394796,0.01929437191507229,-274.02410633873114,0.0,***,2020-08-27
17,cos_336_1,-10.060902510541197,0.019287844796130438,-521.618802768448,0.0,***,2020-08-27
16,sin_336_1,26.340162654728644,0.01931667998926628,1363.596781091011,0.0,***,2020-08-27
15,lag_48*7,0.32091298320879874,0.017617460708468088,18.215620770736116,0.0,***,2020-08-27
14,Weekends,-141.3518430175013,0.01933398015690574,-7311.057623435754,0.0,***,2020-08-27
13,Holidays,0.003432714913187418,0.019287878667930247,0.17797265175122431,0.8587444535774835,,2020-08-27
12,solar_16,0.4125540971750792,0.01944827155444331,21.21289267378744,0.0,***,2020-08-27
11,solar_4,-2.078443827501567,0.021474292213885273,-96.78753584984959,0.0,***,2020-08-27
9,temp_1,-15.780661813371877,0.019465563116865904,-810.6963933500978,0.0,***,2020-08-27
2,sar1,0.9997253956936555,4.0404935189509793e-07,2474265.5594042656,0.0,***,2020-08-27
7,temperature,-21.573787564845166,0.019299840518266737,-1117.822064095618,0.0,***,2020-08-27
6,pv_capacity,21.2539996774926,0.019295638605330047,1101.4924207598704,0.0,***,2020-08-27
5,rainfall,-0.7226705712100413,0.019289009938310564,-37.46540509446887,0.0,***,2020-08-27
4,intercept,14178.37294181812,0.01928707379536662,735123.0721803026,0.0,***,2020-08-27
3,sma1,-0.954689182578839,0.005520208450652592,-172.94440800799413,0.0,***,2020-08-27
8,solar_power,-0.5645516976574204,0.07121095498534134,-7.927877076969863,2.220446049250313e-15,***,2020-08-27
1,ma1,0.4126890896110505,0.011157907897162794,36.98624270917204,0.0,***,2020-08-27
0,ar1,0.9960161937260471,1.3299234929486327e-06,748927.4375608894,0.0,***,2020-08-27
17,cos_336_1,-11.730998892893597,0.01928835855362742,-608.1906275372216,0.0,***,2020-08-28
16,sin_336_1,23.377780863057026,0.01929105658518852,1211.8455388807606,0.0,***,2020-08-28
15,lag_48*7,0.3201908712154437,0.017125642142465668,18.696576078831,0.0,***,2020-08-28
14,Weekends,-151.00081565270074,0.01931648816919024,-7817.198153727898,0.0,***,2020-08-28
13,Holidays,-0.0018944550768698054,0.01928791863465024,-0.09821977750706945,0.9217577782159685,,2020-08-28
12,solar_16,0.3773273857809587,0.01938712606780654,19.462780840298603,0.0,***,2020-08-28
11,solar_4,-2.0404197978937857,0.019391194783720547,-105.22403702564915,0.0,***,2020-08-28
10,temp_9,3.8150871892623432,0.019482114870523246,195.82510495483382,0.0,***,2020-08-28
9,temp_1,-21.85790242634745,0.01929618839692424,-1132.7575154599724,0.0,***,2020-08-28
0,ar1,0.9965036588713595,5.32958231994499e-05,18697.59390228623,0.0,***,2020-08-28
7,temperature,-20.92755931496938,0.019306115762681073,-1083.9860058967724,0.0,***,2020-08-28
6,pv_capacity,10.31391877691805,0.019297440002118593,534.4708301093681,0.0,***,2020-08-28
5,rainfall,-1.019530801034511,0.01929275333500874,-52.84527217711661,0.0,***,2020-08-28
4,intercept,15075.305664628171,0.019287908685533973,781593.5833382872,0.0,***,2020-08-28
3,sma1,-0.9278315484596708,0.004380808174633863,-211.79460763246422,0.0,***,2020-08-28
2,sar1,0.9990953713719914,4.748644963320186e-06,210395.8874772221,0.0,***,2020-08-28
1,ma1,0.4107235017205234,0.013706434979967642,29.965742537779363,0.0,***,2020-08-28
8,solar_power,-0.6047812273911225,0.021316155897769,-28.37196492142471,0.0,***,2020-08-28
11,solar_4,-2.111342219240378,0.021268817974532943,-99.26937273940078,0.0,***,2020-08-29
12,solar_16,0.3601202073369969,0.024128790698875528,14.924917366612142,0.0,***,2020-08-29
13,Holidays,0.003415078969499774,0.01928791892629054,0.1770579284655135,0.8594628879588044,,2020-08-29
10,temp_9,2.030155857103051,0.020700317232268298,98.07365917747293,0.0,***,2020-08-29
15,lag_48*7,0.31077960925339065,0.01939264259978399,16.025645172094922,0.0,***,2020-08-29
16,sin_336_1,20.287553569116916,0.019295254019707202,1051.427130650689,0.0,***,2020-08-29
17,cos_336_1,-8.708214492379282,0.019292438541446574,-451.37966741068743,0.0,***,2020-08-29
14,Weekends,-153.32765893405212,0.01956768925070183,-7835.757046711724,0.0,***,2020-08-29
9,temp_1,-19.92697336908555,0.019294905694428537,-1032.758267112937,0.0,***,2020-08-29
0,ar1,0.9963948066910119,0.0010276427378552013,969.5926122833241,0.0,***,2020-08-29
7,temperature,-18.808370007500216,0.019741674394616687,-952.7241525485309,0.0,***,2020-08-29
6,pv_capacity,11.935306521738209,0.01950724867371435,611.8395639166075,0.0,***,2020-08-29
5,rainfall,-0.9159915859067703,0.01929819740210026,-47.46513712244861,0.0,***,2020-08-29
4,intercept,16272.523941230425,0.019287932422651873,843663.4671179098,0.0,***,2020-08-29
3,sma1,-0.9226223384986288,0.007211604131333526,-127.93579926135286,0.0,***,2020-08-29
2,sar1,0.999016206601718,0.00024521158439537807,4074.098738299854,0.0,***,2020-08-29
1,ma1,0.41625759913358534,0.015510371003731578,26.837372170752047,0.0,***,2020-08-29
8,solar_power,-0.6114989507388076,0.0251986010689571,-24.26717852572106,0.0,***,2020-08-29
11,solar_4,-2.082379889536947,0.12227791668396387,-17.029893426455807,0.0,***,2020-08-30
12,solar_16,0.5191525746032366,0.08535947716464073,6.081955886420191,1.1872522964750942e-09,***,2020-08-30
13,Holidays,-0.002924058422955289,0.01928816709582665,-0.15159856343156436,0.8795035665268556,,2020-08-30
17,cos_336_1,-14.095023833608936,0.10530708699119899,-133.8468685852731,0.0,***,2020-08-30
15,lag_48*7,0.3181839777305813,0.015485725337902701,20.54692116692768,0.0,***,2020-08-30
16,sin_336_1,23.871053105379836,0.18125409105748364,131.69938932748985,0.0,***,2020-08-30
10,temp_9,0.7997555497590245,1.288916160681946,0.6204868665281426,0.5349372980198119,,2020-08-30
14,Weekends,-174.95653101140283,0.47657038221314035,-367.11582914348133,0.0,***,2020-08-30
9,temp_1,-18.44295316978318,0.038971426145139834,-473.24296270546466,0.0,***,2020-08-30
0,ar1,0.9963654214792116,0.0007083804633339249,1406.5399500007566,0.0,***,2020-08-30
7,temperature,-19.20529809395888,0.6034433779974946,-31.82618087166849,0.0,***,2020-08-30
6,pv_capacity,7.945587645809247,0.05267293350443022,150.84763876196413,0.0,***,2020-08-30
5,rainfall,-1.3461783492953268,0.059538711679386784,-22.610135680201395,0.0,***,2020-08-30
4,intercept,17672.618702973163,0.019288640347106634,916218.9965154345,0.0,***,2020-08-30
3,sma1,-0.9229155486523661,0.007282758168612335,-126.72610119473725,0.0,***,2020-08-30
2,sar1,0.9990435571637991,0.00011203747205868892,8917.048366107967,0.0,***,2020-08-30
1,ma1,0.41395182681889126,0.014798762066183876,27.97205772804455,0.0,***,2020-08-30
8,solar_power,-0.5624030098381537,0.1005179371165248,-5.595051251262662,2.2055660631181695e-08,***,2020-08-30
17,cos_336_1,-11.719398352379292,0.4572553038208999,-25.629879532178386,0.0,***,2020-08-31
16,sin_336_1,20.669379046098783,1.680411063174392,12.300192196457663,0.0,***,2020-08-31
15,lag_48*7,0.330109988149651,0.01820665410292231,18.131282457695825,0.0,***,2020-08-31
14,Weekends,-195.31106122009643,10.195537979225648,-19.156523335802465,0.0,***,2020-08-31
13,Holidays,-0.001943849374648171,0.019289538366570377,-0.10077220811136403,0.9197312892227745,,2020-08-31
12,solar_16,0.37808248085524643,0.1276415433504399,2.962064473141169,0.0030558378860472413,**,2020-08-31
11,solar_4,-2.0398285278946573,0.13603603580418497,-14.994766025311542,0.0,***,2020-08-31
10,temp_9,-6.2549269057888965,0.8182203459658778,-7.644550684455536,2.0872192862952943e-14,***,2020-08-31
9,temp_1,-18.360561238117548,0.9688086712993476,-18.951689618439023,0.0,***,2020-08-31
7,temperature,-27.63945498581231,1.3985329852489436,-19.763177041471348,0.0,***,2020-08-31
6,pv_capacity,-23.999377871214676,1.9057597403976165,-12.593076326718634,0.0,***,2020-08-31
5,rainfall,-0.9417721740642955,0.5203894967209753,-1.8097447777068776,0.07033537510801002,.,2020-08-31
4,intercept,18982.074985852065,0.04422553808943019,429210.71864558593,0.0,***,2020-08-31
3,sma1,-0.9213234479698765,0.01021244603676357,-90.21574700646873,0.0,***,2020-08-31
2,sar1,0.9987949147746936,0.00037702441148537805,2649.151843615912,0.0,***,2020-08-31
1,ma1,0.4101494304718206,0.014138079559326076,29.01026470750539,0.0,***,2020-08-31
0,ar1,0.97644418308548,0.004874299800257187,200.32501550970642,0.0,***,2020-08-31
8,solar_power,-0.6433567735567719,0.132015113160255,-4.873356982815991,1.097177034559138e-06,***,2020-08-31
11,solar_4,-1.9100149377973485,0.12004015520068934,-15.911466747140462,0.0,***,2020-09-01
12,solar_16,0.37856667498072205,0.12300148074240241,3.0777407938164636,0.0020857625251735623,**,2020-09-01
13,Holidays,-0.0045624468829238984,0.01929439375815644,-0.23646489960303554,0.8130719410863005,,2020-09-01
10,temp_9,-7.837456448192145,1.3039593099948066,-6.010506913918472,1.84944126679909e-09,***,2020-09-01
15,lag_48*7,0.3127222475544413,0.01794675249931235,17.42500475038164,0.0,***,2020-09-01
16,sin_336_1,16.612160750256752,0.22548337180089315,73.6735512582527,0.0,***,2020-09-01
17,cos_336_1,-6.1394958737134635,0.44136968187084374,-13.910098780890074,0.0,***,2020-09-01
14,Weekends,-133.0765978499764,4.792001215010068,-27.770568470045095,0.0,***,2020-09-01
9,temp_1,-31.98816261208513,1.0750379904920881,-29.755378781956217,0.0,***,2020-09-01
8,solar_power,-0.6835178588336204,0.12087837738484672,-5.654591612009064,1.5621725912851048e-08,***,2020-09-01
7,temperature,-25.38735333359621,0.8839154397666156,-28.721472882405305,0.0,***,2020-09-01
6,pv_capacity,-10.874226866698574,0.38780184203767704,-28.040678738297704,0.0,***,2020-09-01
5,rainfall,-0.3581333833343853,0.5673120147243754,-0.6312811540019683,0.527856707197333,,2020-09-01
4,intercept,20402.05189934202,0.040583512297663334,502717.74778144824,0.0,***,2020-09-01
3,sma1,-0.914471241474003,0.009058020093437556,-100.95707804142852,0.0,***,2020-09-01
2,sar1,0.9987759995631875,0.00027738424916958415,3600.694713392204,0.0,***,2020-09-01
1,ma1,0.4222459481147041,0.014603479710372689,28.914064078494082,0.0,***,2020-09-01
0,ar1,0.9869110399147414,0.002823477592336628,349.5374082632625,0.0,***,2020-09-01
11,solar_4,-1.4119238278529955,0.021359764737037715,-66.1020308620126,0.0,***,2020-09-02
12,solar_16,0.2281248324860421,0.019655684989089258,11.606048459398524,0.0,***,2020-09-02
13,Holidays,0.0012312982912366932,0.0192879187452119,0.06383779958334566,0.949099379912165,,2020-09-02
17,cos_336_1,-8.832090976317863,0.019287919283511843,-457.9079187596933,0.0,***,2020-09-02
15,lag_48*7,0.3897544576104327,0.011442645294675192,34.061569468714026,0.0,***,2020-09-02
16,sin_336_1,20.14949727837878,0.01928793207217068,1044.668614706042,0.0,***,2020-09-02
10,temp_9,-0.266503910842762,0.01928967539206813,-13.815883648946615,0.0,***,2020-09-02
14,Weekends,-181.01337256108303,0.0192886444265284,-9384.452767045077,0.0,***,2020-09-02
9,temp_1,-19.66043033443335,0.019290244855293296,-1019.1902944683709,0.0,***,2020-09-02
0,ar1,0.9998881061386028,1.3531528580690458e-06,738932.1170746717,0.0,***,2020-09-02
7,temperature,-16.524095406176404,0.01928805409860761,-856.7010089094091,0.0,***,2020-09-02
6,pv_capacity,1.8197069345720025,0.01929292655485236,94.3199016177423,0.0,***,2020-09-02
5,rainfall,-1.1009302774300005,0.019289561884798332,-57.073887110811924,0.0,***,2020-09-02
4,intercept,22260.523239095804,0.019287918615475148,1154117.4391536298,0.0,***,2020-09-02
3,sma1,-2.7784442903283733,0.04602572660041719,-60.3672010319374,0.0,***,2020-09-02
2,sar1,0.9986698598503762,2.7205077597350814e-06,367089.50977137627,0.0,***,2020-09-02
1,ma1,2.9936303570797245,0.020230251561285984,147.97791060633887,0.0,***,2020-09-02
8,solar_power,-0.7403403436983155,0.019469844793828954,-38.02497408366447,0.0,***,2020-09-02
11,solar_4,-1.9754082628094758,0.12603557416381062,-15.67341820684693,0.0,***,2020-09-03
12,solar_16,0.4510263676775868,0.1146814090709791,3.9328638471684254,8.393978693499449e-05,***,2020-09-03
13,Holidays,0.008264357598780747,0.019346819800330574,0.4271687897066957,0.66925639196258,,2020-09-03
17,cos_336_1,-11.104881581850785,0.47216913493041635,-23.518863814525517,0.0,***,2020-09-03
15,lag_48*7,0.31176249685004903,0.017553427952380424,17.760775712630583,0.0,***,2020-09-03
16,sin_336_1,26.955458158546307,1.9727325402329732,13.664020645881857,0.0,***,2020-09-03
10,temp_9,-13.804802416328412,1.3680115432527542,-10.091144686911338,0.0,***,2020-09-03
14,Weekends,-119.0923652462254,11.489536439454021,-10.365288963031883,0.0,***,2020-09-03
9,temp_1,-18.303087485413748,0.8605936642872526,-21.267978425767804,0.0,***,2020-09-03
8,solar_power,-0.7525303553553294,0.11625975878696722,-6.472836028623246,9.618039698011671e-11,***,2020-09-03
7,temperature,-24.642824531438457,1.3924606249871037,-17.697322343794596,0.0,***,2020-09-03
6,pv_capacity,9.675714072996362,4.027360742524205,2.4024950064274533,0.0162836568810929,*,2020-09-03
5,rainfall,-0.5224822377322061,0.4922160168238354,-1.0614897115775959,0.2884674061050343,,2020-09-03
4,intercept,22665.183984607305,0.05573804476149589,406637.58625893755,0.0,***,2020-09-03
3,sma1,-0.8760611488611844,0.009480694394507945,-92.4047450963799,0.0,***,2020-09-03
2,sar1,0.9953066058396598,0.0009022448395358261,1103.1446922453008,0.0,***,2020-09-03
1,ma1,0.4300903735836751,0.014176482403145963,30.338299823109285,0.0,***,2020-09-03
0,ar1,0.9999304645238505,6.767987587937455e-05,14774.413391449192,0.0,***,2020-09-03
17,cos_336_1,-11.249019643491888,0.07257243106807162,-155.00403497494125,0.0,***,2020-09-04
16,sin_336_1,19.04564193138596,0.037609308642589157,506.4076586033938,0.0,***,2020-09-04
15,lag_48*7,0.2902819333624891,0.016825003143641222,17.253009160488457,0.0,***,2020-09-04
14,Weekends,-157.51315749409503,1.1013411621658424,-143.01940479945154,0.0,***,2020-09-04
13,Holidays,0.00029767121648949235,0.0192889930496015,0.015432180193337882,0.9876873903986285,,2020-09-04
12,solar_16,0.42978814235841245,0.10847769864188314,3.9619953938852426,7.432597465562019e-05,***,2020-09-04
11,solar_4,-1.9759286111694336,0.11462171927026184,-17.23869283892412,0.0,***,2020-09-04
10,temp_9,-6.646030344978328,1.6096769760559537,-4.128797543754708,3.6466531662560087e-05,***,2020-09-04
9,temp_1,-15.297239645171018,0.181806161149488,-84.14038087847331,0.0,***,2020-09-04
0,ar1,0.9966465615854204,0.0004467037146257196,2231.1132165544723,0.0,***,2020-09-04
7,temperature,-18.57693901372497,1.5347874356877933,-12.103916530565014,0.0,***,2020-09-04
6,pv_capacity,-1.8960445645257498,0.3069966979813698,-6.176107355528664,6.570131105831933e-10,***,2020-09-04
5,rainfall,-0.9765926160630416,0.5421848956591865,-1.801216935185374,0.07166869412412624,.,2020-09-04
4,intercept,21325.52610288538,0.019303079641370114,1104773.2537548456,0.0,***,2020-09-04
3,sma1,-0.8914515250106556,0.00803575695076559,-110.93560077445156,0.0,***,2020-09-04
2,sar1,0.9977141530443207,0.00014133738634689434,7059.095819103095,0.0,***,2020-09-04
1,ma1,0.4352468862119115,0.014017979837909525,31.049187632218697,0.0,***,2020-09-04
8,solar_power,-0.7497552638350355,0.11210043194549811,-6.688245984632402,2.258615516836926e-11,***,2020-09-04
11,solar_4,-1.8138336795297818,0.11979162099781596,-15.141573879886405,0.0,***,2020-09-05
12,solar_16,0.43749645034773366,0.120440151785205,3.6324800646878312,0.000280710268451001,***,2020-09-05
13,Holidays,0.011584036128530428,0.01934576336588266,0.598789301277174,0.5493133976388223,,2020-09-05
17,cos_336_1,-9.417584812626211,0.0816872270133125,-115.28834013537312,0.0,***,2020-09-05
15,lag_48*7,0.28896400484851964,0.017110858923436494,16.887755672669936,0.0,***,2020-09-05
16,sin_336_1,20.737924334953643,0.30286310937431854,68.47292949542744,0.0,***,2020-09-05
10,temp_9,-8.829643987446845,1.3921810793269274,-6.342310004468442,2.2634516483321931e-10,***,2020-09-05
14,Weekends,-111.22268487591009,6.584221789300859,-16.8923053376852,0.0,***,2020-09-05
9,temp_1,-25.192552168019315,1.165188722184215,-21.621005840834428,0.0,***,2020-09-05
0,ar1,0.9721935064868348,0.004591526612653342,211.73644160259488,0.0,***,2020-09-05
7,temperature,-20.729714729315567,1.5657428238231674,-13.239539989523049,0.0,***,2020-09-05
6,pv_capacity,-17.96614381644122,1.2848938067429614,-13.98259040720498,0.0,***,2020-09-05
5,rainfall,-0.5056073343793005,0.58988702843982,-0.8571257037412247,0.391375417181808,,2020-09-05
4,intercept,18988.340141189947,0.02613834320461847,726455.3836692616,0.0,***,2020-09-05
3,sma1,-0.8811374475391022,0.01589383576901093,-55.43894251487759,0.0,***,2020-09-05
2,sar1,0.9968404431108264,0.0010437784894697353,955.0306441141985,0.0,***,2020-09-05
1,ma1,0.4470806749743191,0.014678835118901085,30.45750370195515,0.0,***,2020-09-05
8,solar_power,-0.7554395939684708,0.128793145124171,-5.865526408568892,4.477100024047331e-09,***,2020-09-05
17,cos_336_1,-5.487617591153554,0.4982146588392008,-11.014564693739144,0.0,***,2020-09-06
16,sin_336_1,22.297509765047472,0.46852937343195844,47.59042021574683,0.0,***,2020-09-06
15,lag_48*7,0.29995866593544324,0.017465484652724635,17.17436829837123,0.0,***,2020-09-06
14,Weekends,-122.78529537887677,7.221065935858094,-17.00376322132086,0.0,***,2020-09-06
13,Holidays,-0.0018630173671092543,0.019288208468865583,-0.0965884089295529,0.9230532617871301,,2020-09-06
12,solar_16,0.43292805208791485,0.12976881921732308,3.3361485039244503,0.0008494777365155581,***,2020-09-06
11,solar_4,-1.699814748712757,0.12958699954866218,-13.117170353762585,0.0,***,2020-09-06
10,temp_9,-4.1888985794610685,1.539148127423491,-2.721569486929901,0.006497272394899056,**,2020-09-06
9,temp_1,-27.893683810467152,1.2336057068758883,-22.611506784536548,0.0,***,2020-09-06
7,temperature,-19.942765212355884,1.4225654040515614,-14.018874039504654,0.0,***,2020-09-06
6,pv_capacity,-8.746223542090211,0.1841751462957392,-47.48862003370403,0.0,***,2020-09-06
5,rainfall,-0.7147378559279258,0.5888588915635496,-1.2137676210172184,0.22483647396510564,,2020-09-06
4,intercept,19566.549500458605,0.045659876230931463,428528.30790644145,0.0,***,2020-09-06
3,sma1,-0.84545418700086,0.021659197721117383,-39.034418443696794,0.0,***,2020-09-06
2,sar1,0.9947007664363491,0.0018794559942669827,529.2492984515437,0.0,***,2020-09-06
1,ma1,0.4378855444850434,0.014350089899637096,30.5144809229465,0.0,***,2020-09-06
0,ar1,0.9900410363609965,0.0027923421488094567,354.5557756176515,0.0,***,2020-09-06
8,solar_power,-0.7168434883444851,0.12736439233221775,-5.628288057738052,1.8200695617309748e-08,***,2020-09-06
10,temp_9,-0.41341568453198096,0.20838881139455656,-1.9838669925000592,0.047270669426669354,*,2020-09-07
11,solar_4,-1.833800790621467,0.08256742189877202,-22.20973779306945,0.0,***,2020-09-07
12,solar_16,0.460284379213201,0.10840591391426455,4.245934216995099,2.1768449576686777e-05,***,2020-09-07
17,cos_336_1,-7.058027821689028,0.019779689384599772,-356.8320859064816,0.0,***,2020-09-07
14,Weekends,-196.54986920786203,0.21677695842587075,-906.6917011619314,0.0,***,2020-09-07
15,lag_48*7,0.2998196954766817,0.017879176913149608,16.769211297203125,0.0,***,2020-09-07
16,sin_336_1,15.122726979027147,0.03503957114031696,431.58995635157055,0.0,***,2020-09-07
13,Holidays,-0.0002412245286699255,0.019287926249641,-0.012506504097319189,0.9900215135987174,,2020-09-07
9,temp_1,-11.153608558173705,0.13511164630988506,-82.55105213204469,0.0,***,2020-09-07
8,solar_power,-0.7124886798823207,0.07976056623432942,-8.932843803905461,0.0,***,2020-09-07
6,pv_capacity,7.358123016316944,0.03160655806910108,232.8036795474521,0.0,***,2020-09-07
5,rainfall,-1.1662919304426917,0.0544096271476253,-21.435396483756172,0.0,***,2020-09-07
4,intercept,19576.102630066784,0.01928795490854986,1014939.257318006,0.0,***,2020-09-07
3,sma1,-0.8619401748603988,0.017833312049368253,-48.33315160270148,0.0,***,2020-09-07
2,sar1,0.996445388660641,0.0012034706998294486,827.9764424691466,0.0,***,2020-09-07
1,ma1,0.4301388501353427,0.01565180540430315,27.481740222574235,0.0,***,2020-09-07
0,ar1,0.9972713926722708,0.0026641167713527996,374.3347151280726,0.0,***,2020-09-07
7,temperature,-10.415282392927645,0.3831926781604003,-27.180275058825423,0.0,***,2020-09-07
11,solar_4,-1.7632903846958998,0.11634745456888837,-15.155384286055611,0.0,***,2020-09-08
12,solar_16,0.40133808755497213,0.1147894442216911,3.496297854529847,0.000471761784238689,***,2020-09-08
13,Holidays,-0.0001209494401960276,0.01929018906305556,-0.006269997655319468,0.9949972984529982,,2020-09-08
17,cos_336_1,-9.330513565021823,0.2827663038335176,-32.99726112526932,0.0,***,2020-09-08
15,lag_48*7,0.31572861121693907,0.01975910654004634,15.978891078756167,0.0,***,2020-09-08
16,sin_336_1,20.313012186395955,0.580579889187348,34.98745403466968,0.0,***,2020-09-08
10,temp_9,-10.202861982823917,0.9463862172458563,-10.780864933257343,0.0,***,2020-09-08
14,Weekends,-177.28054916613186,6.87868806352722,-25.772436186796178,0.0,***,2020-09-08
9,temp_1,-16.62748563177368,1.0016372366459645,-16.600307000817683,0.0,***,2020-09-08
8,solar_power,-0.7037779567128923,0.11837075707084073,-5.945539034541327,2.755485839500693e-09,***,2020-09-08
7,temperature,-23.375077770324125,0.927696220717852,-25.196909557566673,0.0,***,2020-09-08
6,pv_capacity,-1.9866636070483372,2.016602832558489,-0.9851536331166572,0.3245486120831458,,2020-09-08
5,rainfall,-0.5584520518702973,0.5372662166533874,-1.03943265844794,0.2986035619113021,,2020-09-08
4,intercept,20441.064053662885,0.0200764400682226,1018161.7848682955,0.0,***,2020-09-08
3,sma1,-0.8553475793575793,0.013610395566189199,-62.84516678430896,0.0,***,2020-09-08
2,sar1,0.9951534615603316,0.0011168090770389903,891.0685649142414,0.0,***,2020-09-08
1,ma1,0.4426700498626225,0.014436336535188974,30.663600061109815,0.0,***,2020-09-08
0,ar1,0.9989342364661399,0.0007960994472183957,1254.7857431084237,0.0,***,2020-09-08
16,sin_336_1,26.699928914491696,0.7991638070180608,33.409832477421354,0.0,***,2020-09-09
15,lag_48*7,0.31587576476723334,0.016688491844171368,18.927759783012164,0.0,***,2020-09-09
14,Weekends,-120.23182119303522,7.510398935627438,-16.00871301558773,0.0,***,2020-09-09
13,Holidays,-0.0029196519827410783,0.01928802072044729,-0.15137125913837007,0.8796828600800493,,2020-09-09
12,solar_16,0.43994565583562917,0.11863511567480997,3.7083931965098906,0.0002085786015713076,***,2020-09-09
11,solar_4,-1.6805198101362022,0.11976736062707204,-14.031534145341599,0.0,***,2020-09-09
10,temp_9,-5.04006214376091,1.6261052719961029,-3.0994685464453675,0.001938681613382398,**,2020-09-09
9,temp_1,-24.883891418291533,1.1282000973903379,-22.056274836220062,0.0,***,2020-09-09
17,cos_336_1,-9.255326849098646,0.08302494838769542,-111.47645411207888,0.0,***,2020-09-09
7,temperature,-18.77679008634671,1.3984675568389506,-13.426689803794334,0.0,***,2020-09-09
0,ar1,0.9997766776445052,4.296951627412725e-06,232671.1502327266,0.0,***,2020-09-09
1,ma1,0.44982297348698963,0.014162985930040067,31.760461791669456,0.0,***,2020-09-09
2,sar1,0.992576315459,9.134260452952805e-05,10866.520837361637,0.0,***,2020-09-09
8,solar_power,-0.6512219702798516,0.11813701095805125,-5.51242972036165,3.5391352959379674e-08,***,2020-09-09
4,intercept,20420.992960158943,0.020650909502959183,988866.5173431081,0.0,***,2020-09-09
5,rainfall,-0.5322281943140038,0.5007771253606494,-1.0628045239300896,0.287870607540619,,2020-09-09
6,pv_capacity,13.611909540046915,2.20247931166619,6.180266696693471,6.399341057061747e-10,***,2020-09-09
3,sma1,-0.8275279773927552,0.011534329871859293,-71.74478158559555,0.0,***,2020-09-09
10,temp_9,-3.0132701102137514,1.1271165213683023,-2.673432651449104,0.007507935008596034,**,2020-09-10
16,sin_336_1,24.690348361962595,0.402233985841996,61.383048750289745,0.0,***,2020-09-10
15,lag_48*7,0.31170179700060524,0.01628881747119106,19.135937740839157,0.0,***,2020-09-10
14,Weekends,-150.59303410968968,4.554885035603726,-33.06187377564171,0.0,***,2020-09-10
13,Holidays,0.0034542269960227134,0.019288895526684266,0.1790785268780234,0.8578760425162015,,2020-09-10
12,solar_16,0.26138879648058655,0.12483055742986658,2.0939488043818306,0.03626454105082533,*,2020-09-10
11,solar_4,-1.8162095386893697,0.12563562116869323,-14.456167142682506,0.0,***,2020-09-10
9,temp_1,-24.74500395804587,0.9201630792873267,-26.89197655834123,0.0,***,2020-09-10
17,cos_336_1,-9.372881009752161,0.10609167598904057,-88.3469972773396,0.0,***,2020-09-10
7,temperature,-18.82818606967005,1.3194588598962658,-14.269627225171915,0.0,***,2020-09-10
0,ar1,0.971137176804513,0.00478303801572495,203.0377290775768,0.0,***,2020-09-10
1,ma1,0.4471696008777726,0.01474504361800457,30.326773691720522,0.0,***,2020-09-10
2,sar1,0.9938901819739836,0.001844183847379451,538.9322671849025,0.0,***,2020-09-10
8,solar_power,-0.599203474362829,0.11932391783962513,-5.021654377525351,5.122830477599649e-07,***,2020-09-10
4,intercept,17644.82919926159,0.02815078529517577,626797.0507481864,0.0,***,2020-09-10
5,rainfall,-0.7298874351537971,0.5381604819787195,-1.3562635302951491,0.17501533475125663,,2020-09-10
6,pv_capacity,-17.727195952956098,0.7022848382192987,-25.242173813555297,0.0,***,2020-09-10
3,sma1,-0.8391918126029634,0.017134410173717564,-48.976988650020644,0.0,***,2020-09-10
9,temp_1,-11.871057365156316,1.7689866171762496,-6.7106541394335295,1.9375390181153307e-11,***,2020-09-11
16,sin_336_1,24.400399647611888,0.580911663574835,42.00363183871337,0.0,***,2020-09-11
15,lag_48*7,0.28861118544588393,0.017884949666822417,16.13709799705357,0.0,***,2020-09-11
14,Weekends,-146.2483948839746,10.026889256548117,-14.585619841015625,0.0,***,2020-09-11
13,Holidays,-0.0002784616425972608,0.01928825327301363,-0.014436851209687246,0.9884814594354074,,2020-09-11
12,solar_16,0.3609476626912116,0.1281619865504552,2.8163394810450497,0.004857430944054553,**,2020-09-11
11,solar_4,-1.7488957844513677,0.11924597216626887,-14.666288115902319,0.0,***,2020-09-11
10,temp_9,2.8274020344791206,1.315646829966816,2.1490585239736677,0.03162976102497739,*,2020-09-11
17,cos_336_1,-8.68145263289701,0.18332561580947568,-47.35537144966887,0.0,***,2020-09-11
8,solar_power,-0.6607101362149106,0.12044549953970798,-5.485552708402279,4.121786312261122e-08,***,2020-09-11
6,pv_capacity,-10.123191199363669,1.1534798623036626,-8.776218406748969,0.0,***,2020-09-11
5,rainfall,-2.2858997648329,0.44785489235767234,-5.104108057855716,3.323583330772095e-07,***,2020-09-11
4,intercept,16169.855163890626,0.03202407605525556,504928.0777372169,0.0,***,2020-09-11
3,sma1,-0.8599801804424752,0.015401372192605147,-55.83789351285129,0.0,***,2020-09-11
2,sar1,0.9964548260338446,0.0010430921257332643,955.2893761261643,0.0,***,2020-09-11
1,ma1,0.45239387688632954,0.014829295726256807,30.506767498426726,0.0,***,2020-09-11
0,ar1,0.983823774133523,0.002971656870406943,331.069102873508,0.0,***,2020-09-11
7,temperature,-11.651440099511431,1.4332410446760566,-8.129435130812142,4.440892098500626e-16,***,2020-09-11
10,temp_9,-4.563604359948574,0.8653872780443248,-5.273482145776157,1.338592821031881e-07,***,2020-09-12
16,sin_336_1,22.739176560993524,0.46291065001841836,49.12217197873666,0.0,***,2020-09-12
15,lag_48*7,0.2998451666307598,0.018461723137426445,16.24145072476469,0.0,***,2020-09-12
14,Weekends,-192.3643383239279,9.509071841431902,-20.229559890985232,0.0,***,2020-09-12
13,Holidays,-0.00082630622023383,0.01929152477175151,-0.04283260291813669,0.9658349744593615,,2020-09-12
12,solar_16,0.4631041976413499,0.12259218521972098,3.7775996635620124,0.00015834714569118447,***,2020-09-12
11,solar_4,-1.6346115133378953,0.12675110978294532,-12.896230385178344,0.0,***,2020-09-12
9,temp_1,-17.122723167540826,0.5231413277914444,-32.73058781233773,0.0,***,2020-09-12
17,cos_336_1,-10.118581075437332,0.34878739421063726,-29.01074191152272,0.0,***,2020-09-12
7,temperature,-18.81896464587259,1.5443943789868073,-12.1853361433617,0.0,***,2020-09-12
0,ar1,0.9718304534065819,0.004554240302668033,213.39024487514408,0.0,***,2020-09-12
1,ma1,0.4551432624296175,0.015464769522207824,29.43097611484087,0.0,***,2020-09-12
2,sar1,0.9916391634791437,0.002141084139636537,463.1481524343462,0.0,***,2020-09-12
8,solar_power,-0.623623794377684,0.12027941580800691,-5.184792345293133,2.1625567847571858e-07,***,2020-09-12
4,intercept,14971.071097942184,0.02343816437241627,638747.5938841535,0.0,***,2020-09-12
5,rainfall,-1.2732137644843686,0.608304711054077,-2.0930526121984654,0.036344458245582745,*,2020-09-12
6,pv_capacity,-11.890211638937204,1.037857649435852,-11.456495643116725,0.0,***,2020-09-12
3,sma1,-0.8264762370309321,0.018056080490769705,-45.772737746346884,0.0,***,2020-09-12
16,sin_336_1,22.0940655324988,0.483992390615934,45.64961342549549,0.0,***,2020-09-13
15,lag_48*7,0.2983960813594131,0.016411515799670956,18.182115838769494,0.0,***,2020-09-13
14,Weekends,-196.8457991287583,7.586701035467058,-25.946165297475694,0.0,***,2020-09-13
13,Holidays,0.0021882972622616625,0.01930434185125474,0.11335777614813779,0.909746913629017,,2020-09-13
12,solar_16,0.30789623946976796,0.1223106332823995,2.517330106196697,0.011824798246614643,*,2020-09-13
11,solar_4,-1.726825375516041,0.12519971609053973,-13.792566224888766,0.0,***,2020-09-13
10,temp_9,-0.9431067662966177,1.328720250994299,-0.709785799976239,0.47783697612074194,,2020-09-13
9,temp_1,-17.15584279276294,0.6347392869978528,-27.028172265664367,0.0,***,2020-09-13
17,cos_336_1,-10.322249508464843,0.5224014061888923,-19.75922994497545,0.0,***,2020-09-13
7,temperature,-15.556957614096689,1.2507231935165548,-12.438369812553391,0.0,***,2020-09-13
0,ar1,0.9764557601618566,0.0046416083681996905,210.3701309338573,0.0,***,2020-09-13
1,ma1,0.4447427239359048,0.014752207568087794,30.14753703018518,0.0,***,2020-09-13
2,sar1,0.9967708773257142,0.0008575531620114351,1162.3429560771915,0.0,***,2020-09-13
8,solar_power,-0.6460883861077135,0.11846173037162423,-5.453984034176107,4.925362606655881e-08,***,2020-09-13
4,intercept,14532.286564408121,0.033187499313057235,437884.34998748347,0.0,***,2020-09-13
5,rainfall,-1.517460399231529,0.5598030896657264,-2.7107038657783145,0.006714056046201122,**,2020-09-13
6,pv_capacity,-15.264665443546372,1.1883085377864535,-12.845708802177711,0.0,***,2020-09-13
3,sma1,-0.8713249268512828,0.01442115289193104,-60.41992158191518,0.0,***,2020-09-13
9,temp_1,-25.61471689299898,1.475303012164045,-17.362342977546078,0.0,***,2020-09-14
16,sin_336_1,26.14867293819378,0.7746050108516338,33.75742807220523,0.0,***,2020-09-14
15,lag_48*7,0.28031319635351043,0.016869033426264873,16.617027737763937,0.0,***,2020-09-14
14,Weekends,-131.0657724541088,11.527049416816652,-11.370279393692785,0.0,***,2020-09-14
13,Holidays,-0.00983449072214626,0.019339548957511547,-0.5085170674741363,0.6110907728184329,,2020-09-14
12,solar_16,0.3337605218257442,0.12430395326482495,2.685035455909273,0.007252211233670147,**,2020-09-14
11,solar_4,-1.5196385815932854,0.12201561551982204,-12.454459825647584,0.0,***,2020-09-14
10,temp_9,-4.1309800901099925,0.7100626140352059,-5.817768755115972,5.963832760969012e-09,***,2020-09-14
17,cos_336_1,-8.00605492572247,0.47095312195797456,-16.999685430340747,0.0,***,2020-09-14
8,solar_power,-0.6199575586901224,0.12186441085680974,-5.087273259939445,3.632482681314997e-07,***,2020-09-14
6,pv_capacity,-11.84250317424575,1.0691014957395502,-11.077061646100969,0.0,***,2020-09-14
7,temperature,-19.26023802753656,1.5456496509359494,-12.460933831851063,0.0,***,2020-09-14
0,ar1,0.9714679422109496,0.005266882287607166,184.4483869511927,0.0,***,2020-09-14
1,ma1,0.45887874445703425,0.015677622432590743,29.269664225559747,0.0,***,2020-09-14
2,sar1,0.9918498452235589,0.00168743460533516,587.7856493446492,0.0,***,2020-09-14
3,sma1,-0.8241483430190509,0.01743952788950479,-47.25749161564335,0.0,***,2020-09-14
4,intercept,15726.470984330597,0.04054685410367488,387859.2145304131,0.0,***,2020-09-14
5,rainfall,0.27241791841479474,0.5853428210400698,0.4653989228581421,0.6416458054094396,,2020-09-14
9,temp_1,-25.775649893149374,1.2038365674256768,-21.411253479588897,0.0,***,2020-09-15
15,lag_48*7,0.30928907093984626,0.017437490961315628,17.73701684640248,0.0,***,2020-09-15
14,Weekends,-145.55837929559453,4.540526560227244,-32.057598907275114,0.0,***,2020-09-15
13,Holidays,-0.00488063832704802,0.01928989748571549,-0.2530152547810179,0.8002564250425772,,2020-09-15
12,solar_16,0.3337677682731037,0.12382028939947543,2.695582201365116,0.0070265738159789315,**,2020-09-15
11,solar_4,-1.586271892262674,0.11586793723692644,-13.690343766274784,0.0,***,2020-09-15
10,temp_9,-3.471767020968275,0.6724503776006469,-5.1628597984520415,2.432052987888511e-07,***,2020-09-15
17,cos_336_1,-6.970790374336292,0.4536937601845524,-15.364527763178254,0.0,***,2020-09-15
16,sin_336_1,23.52104927827503,0.4126128198888085,57.00513446143897,0.0,***,2020-09-15
8,solar_power,-0.6382295293656046,0.1160977841353777,-5.497344623058324,3.855527674900827e-08,***,2020-09-15
6,pv_capacity,-15.10633239441959,0.9945772543988374,-15.188696833360087,0.0,***,2020-09-15
5,rainfall,-0.4940111416798864,0.567912336948641,-0.86987217839672,0.384370261173828,,2020-09-15
4,intercept,17034.958684215595,0.020523619565233537,830017.2701053356,0.0,***,2020-09-15
3,sma1,-0.8525602552613532,0.015299534125564217,-55.72458927600924,0.0,***,2020-09-15
2,sar1,0.9952665175148692,0.001281393122750837,776.7066170749191,0.0,***,2020-09-15
1,ma1,0.4530980991089499,0.013776760778863573,32.88858000670934,0.0,***,2020-09-15
0,ar1,0.972360090948943,0.00397725276686668,244.48033553446444,0.0,***,2020-09-15
7,temperature,-19.841634187473915,1.8143843622308444,-10.935739196450074,0.0,***,2020-09-15
16,sin_336_1,24.195880755682087,0.46366779431421407,52.18365617018733,0.0,***,2020-09-16
15,lag_48*7,0.32583727543240726,0.017592897024866966,18.520956211580575,0.0,***,2020-09-16
14,Weekends,-154.85032812313526,4.197894736716455,-36.88761577767846,0.0,***,2020-09-16
13,Holidays,0.0018985851249272434,0.019288707763146073,0.09842987660141603,0.9215909517648857,,2020-09-16
12,solar_16,0.3272143150578799,0.11389982182891413,2.8728255216182843,0.004068187264193002,**,2020-09-16
11,solar_4,-1.5731320620852722,0.11301933778855801,-13.919140678636456,0.0,***,2020-09-16
10,temp_9,-2.9054155784611946,1.1328970266057774,-2.5645892876654304,0.010329799792925476,*,2020-09-16
9,temp_1,-21.249840702217995,0.9588984950466146,-22.160677915325106,0.0,***,2020-09-16
17,cos_336_1,-7.877199676964921,0.05772739850698867,-136.45513015819137,0.0,***,2020-09-16
7,temperature,-20.877604653985788,1.3033483274735573,-16.018438213256047,0.0,***,2020-09-16
0,ar1,0.9714489126565238,0.004368349415688021,222.38351839890979,0.0,***,2020-09-16
1,ma1,0.4474246378687929,0.014970679717126715,29.88672834653803,0.0,***,2020-09-16
2,sar1,0.9931518153441911,0.001735902911159409,572.1240565699986,0.0,***,2020-09-16
8,solar_power,-0.6048777224343741,0.11536529336814826,-5.243151599364611,1.5785673346258022e-07,***,2020-09-16
4,intercept,17136.07287159695,0.023060232851236786,743100.6001605873,0.0,***,2020-09-16
5,rainfall,-0.6675977756872269,0.6230001873609494,-1.0715851924783433,0.2839063871613847,,2020-09-16
6,pv_capacity,-16.485776983407668,0.8945174920816936,-18.42979833188334,0.0,***,2020-09-16
3,sma1,-0.8418348193656662,0.01620030163099392,-51.964144775866,0.0,***,2020-09-16
9,temp_1,-9.727673465053641,0.7822780349578468,-12.435058930905326,0.0,***,2020-09-17
16,sin_336_1,35.63020043336643,0.18460024896646104,193.01274311845526,0.0,***,2020-09-17
15,lag_48*7,0.3217899133558969,0.016658467199792883,19.316898097317008,0.0,***,2020-09-17
14,Weekends,-54.44278718617989,1.3852244969066008,-39.30250100814577,0.0,***,2020-09-17
13,Holidays,0.0029170295886174827,0.019287921738407668,0.15123607551812374,0.8797894934232671,,2020-09-17
12,solar_16,0.2888351339446551,0.10368757936136308,2.7856290572473643,0.00534239685576221,**,2020-09-17
11,solar_4,-1.5858916736837296,0.11160817986524114,-14.20945736771785,0.0,***,2020-09-17
10,temp_9,-11.7187859438832,1.2202479573695997,-9.603610375340876,0.0,***,2020-09-17
17,cos_336_1,-6.425747700498976,0.02969008196578329,-216.42741532018704,0.0,***,2020-09-17
8,solar_power,-0.6621005762156577,0.10486276488415423,-6.313972142038259,2.7196289664743745e-10,***,2020-09-17
6,pv_capacity,-10.210621654892263,0.03041271114727827,-335.735331370023,0.0,***,2020-09-17
5,rainfall,0.10190016653263824,0.5419185979311565,0.18803592812952932,0.8508484869199273,,2020-09-17
4,intercept,17582.275680420476,0.019308480087686403,910598.6385553579,0.0,***,2020-09-17
3,sma1,-0.8390019522725475,0.009432899562962189,-88.94422618118897,0.0,***,2020-09-17
2,sar1,0.9932116746521547,4.153393519930278e-06,239132.57192851484,0.0,***,2020-09-17
1,ma1,0.4476721045360788,0.014152830968497605,31.631276140620894,0.0,***,2020-09-17
0,ar1,0.9996835694251025,4.26073529407763e-08,23462700.694282755,0.0,***,2020-09-17
7,temperature,-24.089174709902387,0.7396259758647156,-32.56940061054389,0.0,***,2020-09-17
10,temp_9,-5.158779566516172,1.0179806073439666,-5.0676599625763465,4.02736019866623e-07,***,2020-09-18
16,sin_336_1,23.463567417663914,0.43097059743840604,54.44354570155405,0.0,***,2020-09-18
15,lag_48*7,0.3150504835790576,0.017919756476673394,17.581181082966552,0.0,***,2020-09-18
14,Weekends,-129.02096852971812,7.463404755793345,-17.287146115124965,0.0,***,2020-09-18
13,Holidays,0.0017613468905938179,0.01930123537841402,0.09125565571640357,0.9272894525223443,,2020-09-18
12,solar_16,0.28447978586812184,0.11497174838267504,2.4743451314774454,0.0133480678493898,*,2020-09-18
11,solar_4,-1.4922852861430387,0.11430052164132609,-13.055804686752133,0.0,***,2020-09-18
9,temp_1,-21.11124608155746,1.3558632648408602,-15.570335614952532,0.0,***,2020-09-18
17,cos_336_1,-6.3783976512121106,0.5934199256729205,-10.748539735970608,0.0,***,2020-09-18
7,temperature,-18.233177155712465,1.7594109182627051,-10.363228377436949,0.0,***,2020-09-18
0,ar1,0.99274095584702,0.0016247734238512995,611.0027042994498,0.0,***,2020-09-18
1,ma1,0.44880326217380645,0.014571199373617809,30.800708347069676,0.0,***,2020-09-18
2,sar1,0.9946042556897927,0.0012863599242678328,773.1928186863402,0.0,***,2020-09-18
8,solar_power,-0.6991001348682085,0.11744222829987772,-5.952715177398728,2.637300378083296e-09,***,2020-09-18
4,intercept,18225.038715527327,0.022562653932856377,807752.4377124584,0.0,***,2020-09-18
5,rainfall,-0.5479143159969557,0.5054099182520643,-1.084098859578955,0.278320968445779,,2020-09-18
6,pv_capacity,2.645333275478399,0.9125605360851008,2.898803061139287,0.0037459009918574537,**,2020-09-18
3,sma1,-0.8246846096826417,0.014852288870773887,-55.52575881455173,0.0,***,2020-09-18
17,cos_336_1,-7.723810967894855,0.04655676025593516,-165.9009545645996,0.0,***,2020-09-19
16,sin_336_1,22.888272952528308,0.19207975757137313,119.16025531229373,0.0,***,2020-09-19
15,lag_48*7,0.3679612629721952,0.016841059237885512,21.849056984755006,0.0,***,2020-09-19
14,Weekends,-124.09599384606207,3.195016136052557,-38.840490489472984,0.0,***,2020-09-19
13,Holidays,-0.003451048246110089,0.019288359101401222,-0.1789187057316547,0.8580015347342165,,2020-09-19
12,solar_16,0.3208721950942799,0.11004650871125309,2.915787141745718,0.003547924645398215,**,2020-09-19
10,temp_9,-4.553518325841812,1.5296006765651216,-2.976932735194138,0.0029114788022313043,**,2020-09-19
9,temp_1,-20.211997810031576,0.5131078768053834,-39.39132241717229,0.0,***,2020-09-19
11,solar_4,-1.2983768045124622,0.11008325524498622,-11.794498642168353,0.0,***,2020-09-19
7,temperature,-15.206157450731498,1.3942687746350992,-10.906188051662545,0.0,***,2020-09-19
8,solar_power,-0.5469473343336823,0.10806750821039218,-5.061163557772176,4.1670554562500683e-07,***,2020-09-19
1,ma1,0.42904081178442327,0.013966693648108057,30.718853194187556,0.0,***,2020-09-19
2,sar1,0.9630736237899202,1.106021868749221e-05,87075.45944629845,0.0,***,2020-09-19
3,sma1,-0.6637671276531374,0.014473247852463808,-45.86165692865842,0.0,***,2020-09-19
0,ar1,0.9999911688765079,6.7984714333862946e-09,147090589.21181872,0.0,***,2020-09-19
5,rainfall,-0.5096328500965255,0.46220272342938684,-1.102617583720025,0.27019327092784984,,2020-09-19
6,pv_capacity,16.857358163532627,0.8486938243356066,19.86270864729018,0.0,***,2020-09-19
4,intercept,18084.516326354573,0.019363478578177277,933949.7680306213,0.0,***,2020-09-19
10,temp_9,-2.022031882213449,0.7983255411851635,-2.5328412757678,0.01131421722888759,*,2020-09-20
17,cos_336_1,3.128182956297391,1.0229420972530836,3.0580254392673165,0.002228006611321831,**,2020-09-20
16,sin_336_1,27.57995081196879,0.7628094518959962,36.155753895573284,0.0,***,2020-09-20
15,lag_48*7,0.32309753105370087,0.018339986623918596,17.61710832614918,0.0,***,2020-09-20
14,Weekends,-23.65306221602117,14.687007253317045,-1.6104752866298986,0.1072941363873976,,2020-09-20
13,Holidays,-0.02033441685989991,0.019342076333803155,-1.0513047569956329,0.29311864298848533,,2020-09-20
12,solar_16,0.15683524181844533,0.11513514658784159,1.36218388968471,0.17313985875305415,,2020-09-20
11,solar_4,-1.4151935677139433,0.11531489420420092,-12.272426536748172,0.0,***,2020-09-20
9,temp_1,-16.89341502830986,1.047021409849668,-16.13473694939574,0.0,***,2020-09-20
1,ma1,0.4801427410831508,0.01247399865100503,38.49148573095811,0.0,***,2020-09-20
7,temperature,-20.51221256484055,1.573402552307744,-13.036849682717776,0.0,***,2020-09-20
6,pv_capacity,-21.528325678740426,0.6787235637082986,-31.718842294376064,0.0,***,2020-09-20
5,rainfall,0.31704880093037235,0.5677959727882458,0.5583850821862253,0.5765814572906949,,2020-09-20
4,intercept,16517.646448104748,0.04278086124690254,386098.96964850544,0.0,***,2020-09-20
3,sma1,-0.820176763376307,0.024616178830638873,-33.31860598751673,0.0,***,2020-09-20
2,sar1,0.9961106200412454,0.0010285535934548822,968.4576733579222,0.0,***,2020-09-20
0,ar1,0.9806704231981553,0.0033567709814293837,292.1469556974558,0.0,***,2020-09-20
8,solar_power,-0.6121256856757354,0.11498508504719006,-5.323522484890263,1.0177686582402146e-07,***,2020-09-20
10,temp_9,-0.9711345773266781,0.51457530226067,-1.8872545438154886,0.05912609720727624,.,2020-09-21
16,sin_336_1,24.069990745611914,0.5654476631795236,42.56802585453422,0.0,***,2020-09-21
15,lag_48*7,0.29905773342547154,0.016839274219682912,17.759538179852914,0.0,***,2020-09-21
14,Weekends,-140.22496870878666,10.23087245859479,-13.706061655669057,0.0,***,2020-09-21
13,Holidays,-0.0013955552241957658,0.019288259523628313,-0.07235257398347407,0.9423213263019286,,2020-09-21
12,solar_16,0.2549897120977267,0.11157275994485415,2.285411889279764,0.02228868752038604,*,2020-09-21
17,cos_336_1,-4.708527223772231,0.3948048417111698,-11.926214489580353,0.0,***,2020-09-21
9,temp_1,-5.984087208295252,2.560912194841058,-2.336701438007191,0.019454713724004646,*,2020-09-21
11,solar_4,-1.3700298336739745,0.11678947424794932,-11.73076463008421,0.0,***,2020-09-21
7,temperature,-18.083275264998566,1.7052109505150685,-10.604714483880374,0.0,***,2020-09-21
0,ar1,0.9996238223199155,0.00012359596482811364,8087.835421731641,0.0,***,2020-09-21
1,ma1,0.44180215133082906,0.015054908429914433,29.346053706508005,0.0,***,2020-09-21
2,sar1,0.9964211044391253,0.0005993094932934804,1662.6152523687463,0.0,***,2020-09-21
8,solar_power,-0.630548750071001,0.11269683006581352,-5.595088608106976,2.2050912207305373e-08,***,2020-09-21
4,intercept,10778.874574915733,0.02167529249490017,497288.54074065294,0.0,***,2020-09-21
5,rainfall,0.5817315007445983,0.7568804132578291,0.7685910357234113,0.4421361287728003,,2020-09-21
6,pv_capacity,23.228648507468407,2.365106378437711,9.821396922878483,0.0,***,2020-09-21
3,sma1,-0.8466473176913932,0.012981832390300903,-65.2178592541333,0.0,***,2020-09-21
16,sin_336_1,26.336746101059862,0.6682123556457835,39.413737083037205,0.0,***,2020-09-22
15,lag_48*7,0.30770499958056863,0.017036123610674334,18.06191400183136,0.0,***,2020-09-22
14,Weekends,-113.67368042972393,14.777987558075909,-7.692094744497418,1.4432899320127035e-14,***,2020-09-22
13,Holidays,-0.008853858401409065,0.019301038971692646,-0.45872444558007164,0.6464320571059694,,2020-09-22
12,solar_16,0.3587043439496753,0.1112435220943461,3.224496466818595,0.0012619441377441643,**,2020-09-22
11,solar_4,-1.115106347598952,0.11467304624909128,-9.72422364342474,0.0,***,2020-09-22
10,temp_9,-9.904685365684184,0.41398665852472266,-23.92513179284663,0.0,***,2020-09-22
9,temp_1,-27.243449535644963,1.0595336543411946,-25.712679747378687,0.0,***,2020-09-22
17,cos_336_1,-6.552812254252531,0.19025416031459885,-34.442412420401155,0.0,***,2020-09-22
7,temperature,-24.959222340582006,1.818639080058877,-13.724120752851066,0.0,***,2020-09-22
0,ar1,0.9833703203528612,0.004098826532861329,239.91508605424815,0.0,***,2020-09-22
1,ma1,0.4556037926928314,0.01589908807116651,28.655970119385845,0.0,***,2020-09-22
2,sar1,0.993928641286761,0.0014673741194788823,677.3518955341402,0.0,***,2020-09-22
8,solar_power,-0.5950908839148626,0.11319313596638923,-5.257305390775326,1.461814529424288e-07,***,2020-09-22
4,intercept,12730.468631983298,0.02449592927650424,519697.3133080516,0.0,***,2020-09-22
5,rainfall,1.9863841578036134,0.8706843857574039,2.281405513061622,0.022524462115414146,*,2020-09-22
6,pv_capacity,-2.8347042900327595,1.287368729510955,-2.2019365742320036,0.02766978902293382,*,2020-09-22
3,sma1,-0.8351826978170034,0.01668538449846675,-50.054746889036316,0.0,***,2020-09-22
9,temp_1,-23.80310989879075,1.333648986715011,-17.848107062579928,0.0,***,2020-09-23
16,sin_336_1,25.274718738095473,0.3814477972791687,66.25996772920873,0.0,***,2020-09-23
15,lag_48*7,0.3124543177676749,0.0185393108515772,16.853610162164866,0.0,***,2020-09-23
14,Weekends,-141.19323691422582,8.330709165692433,-16.948525522375515,0.0,***,2020-09-23
13,Holidays,0.005367438304972549,0.01928945578551756,0.27825763280488186,0.7808145963826227,,2020-09-23
12,solar_16,0.365593172759219,0.11265398274295699,3.245275167886379,0.0011733718056610165,**,2020-09-23
11,solar_4,-1.1334964117019883,0.11275053807875257,-10.05313527559645,0.0,***,2020-09-23
10,temp_9,-7.174661739763568,0.9493709695588639,-7.557279472214488,4.107825191113079e-14,***,2020-09-23
17,cos_336_1,-2.709121588118594,0.4354659620606407,-6.2212017106892405,4.933613517721369e-10,***,2020-09-23
8,solar_power,-0.5920932090756903,0.11136266226431174,-5.316801852944186,1.0560696250827561e-07,***,2020-09-23
6,pv_capacity,-0.3584824907887643,1.6120748125567956,-0.22237335885187678,0.8240232491963573,,2020-09-23
7,temperature,-17.454813648406194,2.0368872809544483,-8.56935669028636,0.0,***,2020-09-23
0,ar1,0.9849916839078294,0.003930843418847584,250.58023913773755,0.0,***,2020-09-23
1,ma1,0.44064321355866,0.016005992219891463,27.52989052506537,0.0,***,2020-09-23
2,sar1,0.9956116217409134,0.001177668653911202,845.4089513500662,0.0,***,2020-09-23
3,sma1,-0.8252144944315327,0.01685160467333654,-48.969490468597854,0.0,***,2020-09-23
4,intercept,14045.031050669462,0.02455542985831531,571972.518164382,0.0,***,2020-09-23
5,rainfall,0.6545661871378685,0.9409364184093296,0.6956540041721679,0.48664553708234015,,2020-09-23
9,temp_1,-15.812334526056459,1.5098759027504662,-10.472605395749353,0.0,***,2020-09-24
15,lag_48*7,0.3068038076641818,0.02100026085765652,14.60952365038474,0.0,***,2020-09-24
14,Weekends,-53.72562077521055,14.756877748772595,-3.640717344810909,0.00027187948598084155,***,2020-09-24
13,Holidays,0.0042500330671992465,0.019289743533812534,0.22032605357087637,0.8256172308432239,,2020-09-24
12,solar_16,0.26975301872156,0.10754368261199634,2.508311154777858,0.012130979192494395,*,2020-09-24
11,solar_4,-1.215558663043795,0.10740488177847592,-11.317536437039257,0.0,***,2020-09-24
10,temp_9,0.38844665757730806,0.30570179936074937,1.2706718062817615,0.20384542966856056,,2020-09-24
17,cos_336_1,-3.6901560632819836,0.38767796578082686,-9.518611809287629,0.0,***,2020-09-24
16,sin_336_1,33.63870914060057,1.0269115799802324,32.75716215143674,0.0,***,2020-09-24
8,solar_power,-0.5879857366760016,0.12499899030369946,-4.703923889684408,2.552084186424608e-06,***,2020-09-24
6,pv_capacity,15.659700171841028,1.0345502856710198,15.136722099191136,0.0,***,2020-09-24
0,ar1,0.9996261403387325,3.916558815435699e-06,255230.72356249776,0.0,***,2020-09-24
1,ma1,0.44560846551126826,0.01795679063013313,24.81559621035491,0.0,***,2020-09-24
2,sar1,0.9937542347460144,4.0728506122033925e-05,24399.476665519,0.0,***,2020-09-24
7,temperature,-12.706095959069199,2.1263356516660212,-5.975583369969717,2.292682488302944e-09,***,2020-09-24
4,intercept,16659.15714295524,0.04053894813448508,410942.0177279802,0.0,***,2020-09-24
5,rainfall,1.6992006574351664,0.0708706472963717,23.97608491325518,0.0,***,2020-09-24
3,sma1,-0.8224093265976441,0.015776380638712315,-52.12915087631722,0.0,***,2020-09-24
17,cos_336_1,-9.552940904431335,0.019287941554959047,-495.2804775569851,0.0,***,2020-09-25
16,sin_336_1,20.605749129659554,0.019287941037565582,1068.3229013157693,0.0,***,2020-09-25
15,lag_48*7,0.3335455577584411,0.017098339414583788,19.507482549676613,0.0,***,2020-09-25
14,Weekends,-281.20196204801,0.019290785876141255,-14577.009140711014,0.0,***,2020-09-25
13,Holidays,-0.003616155187583736,0.019287918745727654,-0.1874829127629298,0.8512820197924802,,2020-09-25
12,solar_16,0.3161274127080169,0.019339320908990775,16.346355396639108,0.0,***,2020-09-25
10,temp_9,1.4731157997221784,0.019289021188237474,76.37068700098119,0.0,***,2020-09-25
9,temp_1,-4.356731170436523,0.019288117718586854,-225.87642993479818,0.0,***,2020-09-25
11,solar_4,-1.284280137095831,0.01935071903800479,-66.36860028681654,0.0,***,2020-09-25
7,temperature,1.3390794332193345,0.01930315414409402,69.37101694486745,0.0,***,2020-09-25
8,solar_power,-0.6504655184335992,0.019340880707998925,-33.631639026892,0.0,***,2020-09-25
1,ma1,0.42059743904949776,0.017858370304282913,23.551837703165294,0.0,***,2020-09-25
2,sar1,0.9817821804390431,0.0007530194617502236,1303.7938995057475,0.0,***,2020-09-25
3,sma1,-0.7483321389189099,0.016601541881422967,-45.0760624684078,0.0,***,2020-09-25
0,ar1,0.9974373117784499,9.860865637405514e-05,10115.109042707583,0.0,***,2020-09-25
5,rainfall,0.12810210550301984,0.01928825349587681,6.641456963970524,3.1059821381518304e-11,***,2020-09-25
6,pv_capacity,7.248336895607567,0.01928795485552051,375.79603176709946,0.0,***,2020-09-25
4,intercept,18884.347047501833,0.019287918727705782,979076.452679975,0.0,***,2020-09-25
10,temp_9,8.298265094918058,1.0228598706042407,8.112807368242896,4.440892098500626e-16,***,2020-09-26
16,sin_336_1,27.27462589810745,0.28219922991438146,96.65024921004392,0.0,***,2020-09-26
15,lag_48*7,0.3213291882004873,0.01496243352781722,21.475730375215512,0.0,***,2020-09-26
17,cos_336_1,-4.846109002497912,0.140231897499078,-34.5578223565703,0.0,***,2020-09-26
14,Weekends,-135.41534126527884,5.777133524390206,-23.439884277137654,0.0,***,2020-09-26
13,Holidays,-0.011269553680345767,0.019291324508607186,-0.5841772904352754,0.5591010386623276,,2020-09-26
12,solar_16,0.28861377026490764,0.10511690738880844,2.745645562015799,0.006039196990477391,**,2020-09-26
11,solar_4,-1.2353359467103744,0.10068729037774204,-12.269035566215397,0.0,***,2020-09-26
9,temp_1,-10.650604520511862,0.6293036813770865,-16.92442748341383,0.0,***,2020-09-26
2,sar1,0.9926470273471517,0.0003771477031318041,2631.9848141836496,0.0,***,2020-09-26
7,temperature,-15.349020526163523,0.6937230638781645,-22.125573338093893,0.0,***,2020-09-26
8,solar_power,-0.5137407328006678,0.10334015149060834,-4.971356490099176,6.648606909465116e-07,***,2020-09-26
1,ma1,0.4346543991952435,0.016825167607844138,25.833585098587744,0.0,***,2020-09-26
3,sma1,-0.8159348923772369,0.012001100407703955,-67.98833979036272,0.0,***,2020-09-26
0,ar1,0.9998963902281998,1.934815088427273e-05,51679.17059407326,0.0,***,2020-09-26
5,rainfall,0.8080677330869351,0.9445641106852807,0.8554927335749423,0.3922784254432632,,2020-09-26
6,pv_capacity,-61.34664538104079,1.4091527822194077,-43.5344173854734,0.0,***,2020-09-26
4,intercept,21233.735770881216,0.022109951348791686,960370.0811418404,0.0,***,2020-09-26
9,temp_1,-18.562985735311536,1.0809126617546894,-17.173437218486725,0.0,***,2020-09-27
17,cos_336_1,-4.461001869318791,0.7016736605395675,-6.357659009016249,2.048514691210812e-10,***,2020-09-27
15,lag_48*7,0.3132911277794176,0.018996450607578055,16.492087614221976,0.0,***,2020-09-27
14,Weekends,-213.09531863551086,10.413245007537475,-20.463872547055693,0.0,***,2020-09-27
13,Holidays,0.0010905100428619807,0.019287956972590788,0.05653839047918105,0.9549129132414473,,2020-09-27
12,solar_16,0.3809408435313202,0.10575164890140278,3.6022213127521936,0.0003155095718554435,***,2020-09-27
11,solar_4,-1.1639690976081907,0.10600038519634375,-10.980800640037101,0.0,***,2020-09-27
10,temp_9,-10.988753589204716,0.7735947910160399,-14.204792634102512,0.0,***,2020-09-27
16,sin_336_1,21.20978482471754,0.3222140850175772,65.82513245366204,0.0,***,2020-09-27
8,solar_power,-0.5821964492709116,0.10495605681711298,-5.547049564613455,2.9053040417892362e-08,***,2020-09-27
6,pv_capacity,-23.01027382776487,0.980103227770869,-23.47739827375027,0.0,***,2020-09-27
5,rainfall,-0.25410765056825024,0.963012598432903,-0.2638674208226934,0.7918820805864693,,2020-09-27
4,intercept,21266.915145366755,0.021869043449404026,972466.6373529163,0.0,***,2020-09-27
3,sma1,-0.8288180638854031,0.017107787308616382,-48.44683002739733,0.0,***,2020-09-27
2,sar1,0.9921837368054838,0.0020270069849523072,489.4821498746974,0.0,***,2020-09-27
1,ma1,0.45846710929079926,0.01567311758643364,29.251813288738408,0.0,***,2020-09-27
0,ar1,0.9682283214183637,0.004790353196570348,202.12044533826156,0.0,***,2020-09-27
7,temperature,-21.03801525555172,1.1845399508803223,-17.760494477131616,0.0,***,2020-09-27
16,sin_336_1,27.26205629591315,0.7773536053143756,35.07034136014317,0.0,***,2020-09-28
15,lag_48*7,0.31641283241286167,0.018419006603900914,17.178604645586553,0.0,***,2020-09-28
14,Weekends,-104.79004029203188,13.741512618880206,-7.6258009724530025,2.4202861936828413e-14,***,2020-09-28
13,Holidays,-0.021996772923061347,0.01935897123413117,-1.1362573277798749,0.2558488841636941,,2020-09-28
12,solar_16,0.25796277337997964,0.10627299497891189,2.4273595886816595,0.015209172849424801,*,2020-09-28
11,solar_4,-1.4184039944851004,0.09743415709406235,-14.557564172447057,0.0,***,2020-09-28
10,temp_9,-6.892153787252373,0.330136928807403,-20.876652036928455,0.0,***,2020-09-28
9,temp_1,-19.769954379861876,1.0440495294495136,-18.935839557617346,0.0,***,2020-09-28
17,cos_336_1,3.109785560876179,0.8438737013128454,3.6851315025437703,0.00022858458718588714,***,2020-09-28
7,temperature,-22.86222994234292,1.3664718743569384,-16.730845596878375,0.0,***,2020-09-28
0,ar1,0.9623608453059846,0.004945387567619043,194.5976593638976,0.0,***,2020-09-28
1,ma1,0.47128334112181514,0.013177558574004048,35.76408622850189,0.0,***,2020-09-28
2,sar1,0.9934823085169108,0.0018213987935628054,545.4501847854955,0.0,***,2020-09-28
8,solar_power,-0.45789492957833855,0.10169561090591003,-4.502602673796692,6.7126307436993216e-06,***,2020-09-28
4,intercept,21004.498005649388,0.03377103705202554,621967.8114501245,0.0,***,2020-09-28
5,rainfall,5.419409616548113,0.7133537324443338,7.59708594777839,3.019806626980426e-14,***,2020-09-28
6,pv_capacity,-23.231325705613557,0.9786348593425179,-23.738502142894436,0.0,***,2020-09-28
3,sma1,-0.8301034046088551,0.017498299562908003,-47.43908981695945,0.0,***,2020-09-28
9,temp_1,-3.626414721114338,1.2560769373687768,-2.8870960155601075,0.003888155581803332,**,2020-09-29
16,sin_336_1,32.646050885409835,0.38328377657100804,85.17462225370699,0.0,***,2020-09-29
15,lag_48*7,0.3057482225631571,0.016824161284368894,18.17316283381233,0.0,***,2020-09-29
14,Weekends,3.221041859927482,9.545873481104168,0.3374276713706146,0.7357945277897799,,2020-09-29
13,Holidays,-0.007130712317201169,0.01928876646466572,-0.3696821323573812,0.7116193464351515,,2020-09-29
12,solar_16,0.2099355934937311,0.10703004264373807,1.9614641675190778,0.04982490101619219,*,2020-09-29
11,solar_4,-1.2012180265930479,0.09375066394313503,-12.812901541920313,0.0,***,2020-09-29
10,temp_9,-2.15683230923773,1.185596152014911,-1.8191964486155014,0.06888146446910981,.,2020-09-29
17,cos_336_1,4.0964238217913005,0.3547652164445342,11.546858688249547,0.0,***,2020-09-29
8,solar_power,-0.6387994655606118,0.10434071980288041,-6.12224514808242,9.226592823097235e-10,***,2020-09-29
6,pv_capacity,-26.29882013187619,0.9208559795755754,-28.559102308264727,0.0,***,2020-09-29
5,rainfall,2.216446434110905,0.7922653701828029,2.797606102106286,0.005148285486545001,**,2020-09-29
4,intercept,22123.191270298277,0.0201701032817354,1096830.8372685157,0.0,***,2020-09-29
3,sma1,-0.8277282120533288,0.015754676831094796,-52.53857130345274,0.0,***,2020-09-29
2,sar1,0.9942942663729369,0.0013971313940176681,711.6684018628266,0.0,***,2020-09-29
1,ma1,0.45378828601150434,0.014097568735239322,32.18911675721656,0.0,***,2020-09-29
0,ar1,0.973778835282405,0.004444233363199761,219.11064422172993,0.0,***,2020-09-29
7,temperature,-7.282939601092212,0.649194838744672,-11.218418826580642,0.0,***,2020-09-29
10,temp_9,0.16135873297329778,4.215474373945701,0.03827771649392459,0.9694662574250943,,2020-09-30
17,cos_336_1,-2.627479726623949,0.4722588438197885,-5.563643245665891,2.6419979759495504e-08,***,2020-09-30
16,sin_336_1,30.080647314821963,0.8136442384227938,36.97027016762474,0.0,***,2020-09-30
15,lag_48*7,0.3478343719014241,0.01618126383558756,21.496118933332617,0.0,***,2020-09-30
14,Weekends,-64.79975993726534,21.145003423210593,-3.0645424188551083,0.002180032567610013,**,2020-09-30
12,solar_16,0.39278760663369106,0.10225516191025169,3.841249666969739,0.00012240953158593193,***,2020-09-30
11,solar_4,-1.222013525747059,0.11148289682083706,-10.961443957730516,0.0,***,2020-09-30
9,temp_1,-6.0670512062534,2.3730955605668727,-2.5565979335463993,0.010570131267558125,*,2020-09-30
13,Holidays,-0.016346190481530354,0.019355199075719323,-0.8445374505104571,0.3983691450877722,,2020-09-30
7,temperature,-5.652720914063611,1.3987058945280255,-4.041393502506862,5.313451070509956e-05,***,2020-09-30
1,ma1,0.4430526912360213,0.014603880328508852,30.33801162908186,0.0,***,2020-09-30
2,sar1,0.9845346032897129,0.005042786195310954,195.23623750005197,0.0,***,2020-09-30
3,sma1,-0.7826997187952834,0.021650406748201585,-36.15173275487304,0.0,***,2020-09-30
0,ar1,0.9999499056620142,9.813907800486994e-05,10189.110454169886,0.0,***,2020-09-30
4,intercept,22395.80228132084,0.03039316916664494,736869.5958794311,0.0,***,2020-09-30
5,rainfall,3.188409493497451,0.7381906761514389,4.319222114969321,1.565801310920989e-05,***,2020-09-30
6,pv_capacity,-37.497252081678155,2.3554977603801226,-15.919035336135055,0.0,***,2020-09-30
8,solar_power,-0.6266218483744109,0.1109630309449978,-5.647122677146545,1.631554091829912e-08,***,2020-09-30
10,temp_9,-13.534731882252638,1.2069410376007363,-11.214078783134402,0.0,***,2020-10-01
17,cos_336_1,-5.798030551393451,0.08830966267935343,-65.65567544341911,0.0,***,2020-10-01
16,sin_336_1,21.23319688085022,0.29639625084471133,71.63787268002513,0.0,***,2020-10-01
15,lag_48*7,0.3258078737174667,0.017448474826567972,18.67257035104148,0.0,***,2020-10-01
14,Weekends,-213.297249078855,9.291845298439622,-22.955316433720004,0.0,***,2020-10-01
13,Holidays,-0.0019151871966087697,0.019289227221913167,-0.09928791726985604,0.9209096716340794,,2020-10-01
12,solar_16,0.31850534609402814,0.1005524415462175,3.1675545734772808,0.0015372685423953314,**,2020-10-01
11,solar_4,-1.3554283434493921,0.09888194463423144,-13.707541335915062,0.0,***,2020-10-01
9,temp_1,-3.2996762664103203,0.4424067361915961,-7.45846750620295,8.748557434046234e-14,***,2020-10-01
8,solar_power,-0.6803476085227739,0.10355829700570003,-6.5697064184565175,5.0414561414413583e-11,***,2020-10-01
7,temperature,-11.241170757737935,0.4809349579952848,-23.373578008542573,0.0,***,2020-10-01
6,pv_capacity,-26.59656467706119,1.3066725307045965,-20.354422437211205,0.0,***,2020-10-01
5,rainfall,5.394494621851631,0.9491828300698003,5.683304049500069,1.3211708171922965e-08,***,2020-10-01
4,intercept,21603.7415248468,0.019568886295153513,1103984.2124381522,0.0,***,2020-10-01
3,sma1,-0.8418247418401363,0.017246552382247086,-48.81118980664664,0.0,***,2020-10-01
2,sar1,0.9948425923362956,0.0014305173478980512,695.4425221043842,0.0,***,2020-10-01
1,ma1,0.4219119204205376,0.014324660947278736,29.453536245874528,0.0,***,2020-10-01
0,ar1,0.9659824693414522,0.005180185053002308,186.47644040855113,0.0,***,2020-10-01
16,sin_336_1,21.290371323703567,0.6364233461126974,33.45315889768363,0.0,***,2020-10-02
15,lag_48*7,0.3305352358964695,0.018214482782484435,18.146836220588245,0.0,***,2020-10-02
14,Weekends,-202.08965496902354,10.685489358062691,-18.912531583454122,0.0,***,2020-10-02
13,Holidays,0.007538933146106874,0.019315798828833806,0.39029880218327156,0.6963156089263838,,2020-10-02
12,solar_16,0.30625281968005424,0.09902155889710046,3.092789318720995,0.0019828484883679387,**,2020-10-02
11,solar_4,-1.1843601673337851,0.10338199833374308,-11.456154711871333,0.0,***,2020-10-02
10,temp_9,-3.9529671165560933,0.6279568331655146,-6.294966322174226,3.074664967073204e-10,***,2020-10-02
9,temp_1,-8.786701694954127,0.9627417638835035,-9.126748235695487,0.0,***,2020-10-02
17,cos_336_1,-5.822001686080668,0.0621359719512236,-93.69776480926231,0.0,***,2020-10-02
7,temperature,-5.765949940243292,1.2550323202311646,-4.594264105629774,4.342790793643303e-06,***,2020-10-02
0,ar1,0.9722705625958454,0.004798834688293436,202.60555442088062,0.0,***,2020-10-02
1,ma1,0.41634279733530816,0.016702797730225066,24.926530516615315,0.0,***,2020-10-02
2,sar1,0.9845135124440949,0.003723636781916583,264.3956889740891,0.0,***,2020-10-02
8,solar_power,-0.439551153360638,0.09690940889488849,-4.535691202465092,5.741513535051368e-06,***,2020-10-02
4,intercept,20829.719295039824,0.03555784902307982,585798.0689866733,0.0,***,2020-10-02
5,rainfall,-0.18203807643911085,0.8573364425949251,-0.21232980122497874,0.8318497474249456,,2020-10-02
6,pv_capacity,-20.592271219342834,1.1333837134083953,-18.16884341615977,0.0,***,2020-10-02
3,sma1,-0.7806963055134655,0.02175523562999546,-35.885444717365644,0.0,***,2020-10-02
10,temp_9,3.376372853936398,1.4285478986512976,2.363499926830634,0.01810323023410132,*,2020-10-03
16,sin_336_1,19.471867607602274,0.09695950506599667,200.824742188489,0.0,***,2020-10-03
15,lag_48*7,0.3341165595772687,0.016955420632863347,19.70558954637062,0.0,***,2020-10-03
14,Weekends,-105.78193612130855,13.093754599944605,-8.078808512399956,6.661338147750939e-16,***,2020-10-03
13,Holidays,-0.01205075512829934,0.019330928809235745,-0.6233924529555893,0.5330266562328823,,2020-10-03
12,solar_16,0.2517842330233897,0.09783105716423736,2.57366362300162,0.010062805333861613,*,2020-10-03
11,solar_4,-1.076810499218316,0.09603842585449487,-11.212288098617542,0.0,***,2020-10-03
9,temp_1,-10.81834041573621,0.8722860114222545,-12.402285803135836,0.0,***,2020-10-03
17,cos_336_1,-0.7725924361673975,0.4452193223948377,-1.735307515432209,0.0826863513008338,.,2020-10-03
7,temperature,-10.370056258922151,0.990179596533939,-10.472904405647093,0.0,***,2020-10-03
0,ar1,0.9976906873901856,0.0008961135736297481,1113.3529462666154,0.0,***,2020-10-03
1,ma1,0.4171948384046394,0.015751668844499793,26.485754780854,0.0,***,2020-10-03
2,sar1,0.9825517956245338,0.003912700026221337,251.1186109438158,0.0,***,2020-10-03
8,solar_power,-0.4359505715292408,0.09896333783159778,-4.405172471760014,1.0569974559615503e-05,***,2020-10-03
4,intercept,21132.946779152833,0.03485759974252677,606265.1167966202,0.0,***,2020-10-03
5,rainfall,0.46261434779639776,0.7982933913500003,0.5795041682783656,0.5622490348914493,,2020-10-03
6,pv_capacity,-28.236059162965546,3.083945684985739,-9.15582245836347,0.0,***,2020-10-03
3,sma1,-0.7784076119775235,0.021672063756792717,-35.91755823132191,0.0,***,2020-10-03
9,temp_1,-7.431165523654011,0.8989338091196838,-8.266643715326795,2.220446049250313e-16,***,2020-10-04
16,sin_336_1,23.222590810654754,0.25798612023234396,90.01488448192616,0.0,***,2020-10-04
15,lag_48*7,0.31976431776279857,0.0167127487165163,19.132957910555604,0.0,***,2020-10-04
14,Weekends,-124.26994940802805,8.437181159977293,-14.728846880462445,0.0,***,2020-10-04
13,Holidays,-0.003002352483849252,0.019288532654579162,-0.15565478917529185,0.8763051357041347,,2020-10-04
12,solar_16,0.27497768043100557,0.10557029797051846,2.6046879256492748,0.009195797587341348,**,2020-10-04
11,solar_4,-0.9852412236666963,0.10835818947694009,-9.092448188942537,0.0,***,2020-10-04
10,temp_9,-11.321431117181971,1.1022206340516347,-10.271474482895233,0.0,***,2020-10-04
17,cos_336_1,6.362131390903005,0.7754704849953362,8.204221197330634,2.220446049250313e-16,***,2020-10-04
8,solar_power,-0.5538719642504527,0.10360693927235955,-5.345896405591587,8.997065825688821e-08,***,2020-10-04
6,pv_capacity,-40.01361573111435,2.103646329228992,-19.021075536865435,0.0,***,2020-10-04
5,rainfall,4.9529585905294615,0.919098821636186,5.388929322868863,7.087867093247269e-08,***,2020-10-04
4,intercept,21342.948868368796,0.020715070736862375,1030310.2093872706,0.0,***,2020-10-04
3,sma1,-0.81620710605519,0.019262299034802338,-42.37329638484483,0.0,***,2020-10-04
2,sar1,0.9935754082618676,0.0015274191821617617,650.4929490643536,0.0,***,2020-10-04
1,ma1,0.41363144146477127,0.017415567376428895,23.750672747222744,0.0,***,2020-10-04
0,ar1,0.9921922804526586,0.002985409652887296,332.34711339968845,0.0,***,2020-10-04
7,temperature,-9.291567923826369,0.7329236951107315,-12.677401461856928,0.0,***,2020-10-04
10,temp_9,-2.11080773793716,2.2636971167543836,-0.9324603200288423,0.35109868402988975,,2020-10-05
16,sin_336_1,17.86920102773892,1.1484526252575882,15.559371483635218,0.0,***,2020-10-05
15,lag_48*7,0.287353700935444,0.035157699957122784,8.173279289768427,2.220446049250313e-16,***,2020-10-05
14,Weekends,-241.23217086872825,62.62577413227959,-3.8519630968423986,0.0001171746843691146,***,2020-10-05
13,Holidays,-0.007172618199439484,0.021672410178786492,-0.3309561853189834,0.7406775812844129,,2020-10-05
12,solar_16,0.26082288076144877,0.11368612523900205,2.2942366996247037,0.02177690633702012,*,2020-10-05
11,solar_4,-0.8871462968398836,0.21364744889551351,-4.152384226566411,3.2902922108890564e-05,***,2020-10-05
9,temp_1,-16.484780696711322,4.6483887574038665,-3.5463429495768124,0.0003906174955023989,***,2020-10-05
17,cos_336_1,-5.082313587656642,0.7545233915597949,-6.735793276269654,1.630384716122535e-11,***,2020-10-05
7,temperature,-8.872911618131456,5.4337820571089495,-1.6329163600743124,0.10248658882997552,,2020-10-05
0,ar1,0.9930038358455232,0.03508651360149356,28.30158183066821,0.0,***,2020-10-05
1,ma1,0.388709040082909,0.024869796345947878,15.629763697129862,0.0,***,2020-10-05
2,sar1,0.9970216010395233,0.008121917767131736,122.75691894768131,0.0,***,2020-10-05
8,solar_power,-0.5746632110719584,0.13796251203920964,-4.16535769447744,3.1086478158970365e-05,***,2020-10-05
4,intercept,21403.43105603223,0.07748049721136971,276242.82014663465,0.0,***,2020-10-05
5,rainfall,3.740775010912933,8.12384708661535,0.4604684173679416,0.645180035842468,,2020-10-05
6,pv_capacity,-6.689900944703029,54.61111456961751,-0.1225007216465951,0.9025024745061818,,2020-10-05
3,sma1,-0.8281451005745377,0.028985669992039397,-28.570845552370496,0.0,***,2020-10-05
16,sin_336_1,17.17793376437317,0.02041655175372145,841.372919951678,0.0,***,2020-10-06
15,lag_48*7,0.3034562347385933,0.017691120433029867,17.15302520760817,0.0,***,2020-10-06
14,Weekends,-292.10082668281336,0.13854287744985047,-2108.378518329443,0.0,***,2020-10-06
13,Holidays,0.00023230616236036283,0.019287940479299426,0.01204411443563313,0.9903904193725639,,2020-10-06
12,solar_16,0.24947983839454935,0.07305378683390151,3.415015828840992,0.0006377830510087001,***,2020-10-06
11,solar_4,-0.9859355566348517,0.04125903722723165,-23.896232750291077,0.0,***,2020-10-06
10,temp_9,-4.960885563703927,0.13084325536567046,-37.9147213193346,0.0,***,2020-10-06
9,temp_1,-0.08520195403725864,0.09049751040920966,-0.9414839552159425,0.34645690777383287,,2020-10-06
17,cos_336_1,-3.697947451841899,0.021427226568614594,-172.5817123368848,0.0,***,2020-10-06
7,temperature,-6.106663821063006,0.06638562916538056,-91.98773737385275,0.0,***,2020-10-06
0,ar1,0.9971946450228609,0.0013755043420454337,724.9665555689849,0.0,***,2020-10-06
1,ma1,0.3784373635157668,0.015061795711835212,25.12564708459028,0.0,***,2020-10-06
2,sar1,0.9916351758527064,0.0018255325515859977,543.2032285544223,0.0,***,2020-10-06
8,solar_power,-0.6898925144602392,0.06826080656438528,-10.10671495376363,0.0,***,2020-10-06
4,intercept,23673.2464022867,0.019297324017784282,1226763.1709178742,0.0,***,2020-10-06
5,rainfall,-6.76553590209209,0.2018191941947718,-33.52275748144551,0.0,***,2020-10-06
6,pv_capacity,3.067022717259896,0.033969232278243805,90.28825532875598,0.0,***,2020-10-06
3,sma1,-0.8140358029859361,0.014060705295112375,-57.89437911545605,0.0,***,2020-10-06
9,temp_1,1.423531788492889,1.5978246266680225,0.8909186682529797,0.3729728044152547,,2020-10-07
16,sin_336_1,15.441525021599956,0.16246694559677352,95.04410244730184,0.0,***,2020-10-07
15,lag_48*7,0.30440129206532845,0.016962269405429758,17.94578807761933,0.0,***,2020-10-07
14,Weekends,-163.40626063599157,8.215642339985301,-19.889651213356487,0.0,***,2020-10-07
13,Holidays,0.008092269341620995,0.01929082926836227,0.4194878939130232,0.6748596003912823,,2020-10-07
12,solar_16,0.22737442120901363,0.10856041503473737,2.0944505521304237,0.03621986355001949,*,2020-10-07
11,solar_4,-1.0527547446170378,0.10885121438066496,-9.671502064602016,0.0,***,2020-10-07
10,temp_9,-2.171951803074648,0.4421630238050596,-4.912106363810774,9.010314865331992e-07,***,2020-10-07
17,cos_336_1,-8.42533490908561,0.3016647500694015,-27.929464437416907,0.0,***,2020-10-07
8,solar_power,-0.690303763819493,0.10404437245142054,-6.63470543917984,3.251510172219696e-11,***,2020-10-07
6,pv_capacity,-23.90903181421349,0.8645463503405141,-27.655002886538785,0.0,***,2020-10-07
7,temperature,5.239800851207089,1.5467404196197678,3.3876407345035817,0.0007049653968445035,***,2020-10-07
0,ar1,0.9713415875122173,0.004212949905732107,230.56091556906895,0.0,***,2020-10-07
1,ma1,0.39359639751200126,0.015836355316729514,24.85397616055042,0.0,***,2020-10-07
2,sar1,0.9846076699167382,0.00395224105037196,249.12642153344194,0.0,***,2020-10-07
3,sma1,-0.7598742304604899,0.022086282161281758,-34.404804978566446,0.0,***,2020-10-07
4,intercept,20944.18817245561,0.021476999052517824,975191.5582452033,0.0,***,2020-10-07
5,rainfall,34.95420828550574,1.9841393414137591,17.616811257116556,0.0,***,2020-10-07
9,temp_1,-0.40785533976326055,0.7351794098765905,-0.5547698075925772,0.5790521210861339,,2020-10-08
15,lag_48*7,0.3092899049021873,0.015997351332230427,19.333819610440763,0.0,***,2020-10-08
14,Weekends,-242.10878064205258,2.2959756339208988,-105.44919426196043,0.0,***,2020-10-08
13,Holidays,-0.004839287292699446,0.01928819874393226,-0.25089368670165757,0.8018963056181296,,2020-10-08
12,solar_16,0.3350014603136451,0.09811210087338798,3.4144764746803133,0.0006390471196020542,***,2020-10-08
11,solar_4,-0.9465810136543181,0.10264482941969133,-9.221906441911106,0.0,***,2020-10-08
10,temp_9,-2.183396668426778,0.7969500834185386,-2.739690620347312,0.006149704208626039,**,2020-10-08
17,cos_336_1,-6.5364984003052475,0.12966426202042022,-50.41094823241152,0.0,***,2020-10-08
16,sin_336_1,16.49298053804264,0.14583481134441162,113.09357749359238,0.0,***,2020-10-08
8,solar_power,-0.5979068671450672,0.10414398284763023,-5.74115614552447,9.403233525162591e-09,***,2020-10-08
6,pv_capacity,-21.34025470171089,0.7228562947208272,-29.52212612321881,0.0,***,2020-10-08
5,rainfall,20.889669621208427,2.7190748293639238,7.682638740065558,1.554312234475219e-14,***,2020-10-08
4,intercept,18604.387957885705,0.019875566403912304,936043.1587108693,0.0,***,2020-10-08
3,sma1,-0.7310938817696055,0.02235299745289246,-32.706749209377406,0.0,***,2020-10-08
2,sar1,0.9800644481340881,0.004860199440072099,201.65107630224105,0.0,***,2020-10-08
1,ma1,0.37592839594135735,0.015145767759140996,24.82068931200081,0.0,***,2020-10-08
0,ar1,0.969597456027389,0.00419042122939126,231.3842458669106,0.0,***,2020-10-08
7,temperature,-6.772433996188056,0.8756881424061602,-7.733842298674038,1.0436096431476471e-14,***,2020-10-08
16,sin_336_1,19.807277483076547,0.19555641294701046,101.2867703215833,0.0,***,2020-10-09
15,lag_48*7,0.3082859751434138,0.022399082302132837,13.763330612614379,0.0,***,2020-10-09
14,Weekends,-252.4689033543526,0.744092174532287,-339.29788807824326,0.0,***,2020-10-09
13,Holidays,-0.0018029271119586188,0.019287925764013288,-0.09347439087112491,0.9255266937279669,,2020-10-09
12,solar_16,0.3750641955383358,0.09142281580076012,4.102522901457356,4.0866938986638957e-05,***,2020-10-09
11,solar_4,-0.8401123475251361,0.09443413901946096,-8.896277937706468,0.0,***,2020-10-09
10,temp_9,-0.41809178050991846,0.18293773469664049,-2.2854321510169897,0.022287500595320697,*,2020-10-09
9,temp_1,-6.754301014019525,1.1074429127952417,-6.099006039933317,1.0673004702255184e-09,***,2020-10-09
17,cos_336_1,-1.6758923227948779,0.18588984894155447,-9.015512855259752,0.0,***,2020-10-09
7,temperature,-0.6109709605067195,0.5815386574005909,-1.0506110861790128,0.2934372472882898,,2020-10-09
0,ar1,0.9982291878991085,0.001892020115026326,527.5996697768824,0.0,***,2020-10-09
1,ma1,0.373623219864737,0.01337602143346316,27.932313186194033,0.0,***,2020-10-09
2,sar1,0.9845439856296201,0.006289640928670788,156.53421185646081,0.0,***,2020-10-09
8,solar_power,-0.5209847779693793,0.0920462723765436,-5.6600312486108155,1.513454339630016e-08,***,2020-10-09
4,intercept,18469.79145851896,0.019297128915787443,957126.3963214954,0.0,***,2020-10-09
5,rainfall,8.252004660835135,0.6606367875247929,12.490985692384633,0.0,***,2020-10-09
6,pv_capacity,-27.132500626467376,1.4661806825618304,-18.505564115780913,0.0,***,2020-10-09
3,sma1,-0.7543503084809569,0.030114189102202593,-25.049663662561734,0.0,***,2020-10-09
9,temp_1,-9.811742482685965,0.7885548264374898,-12.442689022668432,0.0,***,2020-10-10
16,sin_336_1,5.134133771489627,0.5545719229666279,9.257832138390786,0.0,***,2020-10-10
15,lag_48*7,0.3117864032788566,0.020435878480694395,15.256814311819216,0.0,***,2020-10-10
14,Weekends,-123.3961047871401,10.93941030080596,-11.279959467106641,0.0,***,2020-10-10
13,Holidays,-0.010846178518948923,0.01930138018752581,-0.5619379761224871,0.574158278369926,,2020-10-10
12,solar_16,0.34588903315035324,0.0960509255748611,3.6011004691544684,0.0003168730863862823,***,2020-10-10
11,solar_4,-0.8615701561550326,0.0944738575912047,-9.119667367486038,0.0,***,2020-10-10
10,temp_9,-14.202954019473896,1.25551457273984,-11.312456524084444,0.0,***,2020-10-10
17,cos_336_1,-9.536753000197608,0.15700370260639548,-60.7422171699098,0.0,***,2020-10-10
8,solar_power,-0.6063895916995694,0.10240125909664863,-5.921700544006448,3.1862943394855847e-09,***,2020-10-10
6,pv_capacity,-20.40386801331242,0.68021900711303,-29.996027455789644,0.0,***,2020-10-10
5,rainfall,33.46280285438874,2.2537239522223955,14.847782409816027,0.0,***,2020-10-10
4,intercept,18604.686021968464,0.03459659878338753,537760.5509273934,0.0,***,2020-10-10
3,sma1,-0.6910257453022516,0.02550687723988535,-27.091742309469698,0.0,***,2020-10-10
2,sar1,0.9738357682295125,0.00582975526172421,167.04573768702093,0.0,***,2020-10-10
1,ma1,0.3812781808765228,0.015293712814353374,24.930387114284482,0.0,***,2020-10-10
0,ar1,0.9653446212733939,0.004940262365787168,195.40351297103197,0.0,***,2020-10-10
7,temperature,-3.10655828225773,0.9751057069985261,-3.1858682191698273,0.0014432031907438692,**,2020-10-10
10,temp_9,-5.393251064189996,0.5591229794215375,-9.645912013435387,0.0,***,2020-10-11
16,sin_336_1,13.175771988930693,0.256057808359053,51.45623979744127,0.0,***,2020-10-11
15,lag_48*7,0.3041261146697695,0.017337974693626333,17.5410404066151,0.0,***,2020-10-11
14,Weekends,-204.2084985130285,8.234848875338136,-24.798086959992133,0.0,***,2020-10-11
13,Holidays,0.0019444513135849495,0.019288129888896402,0.10081077454296447,0.9197006735691233,,2020-10-11
12,solar_16,0.2396870744778674,0.09044506986844884,2.650084463713601,0.008047165006043189,**,2020-10-11
11,solar_4,-1.0073140908151323,0.09298904158230648,-10.832610742885636,0.0,***,2020-10-11
9,temp_1,5.824711273011773,1.3162545696951033,4.425216373122265,9.63456654923256e-06,***,2020-10-11
17,cos_336_1,-3.1338654061281637,0.7057775307680756,-4.440302035001987,8.983270887386041e-06,***,2020-10-11
7,temperature,3.4370000776374,1.2897448682016903,2.664868193993792,0.007701850303515334,**,2020-10-11
0,ar1,0.9999331518712352,2.40267215046785e-06,416175.44519194076,0.0,***,2020-10-11
1,ma1,0.3700836021316579,0.014315174705806448,25.85253828453428,0.0,***,2020-10-11
2,sar1,0.979217741741458,0.000641876666117512,1525.5543524652553,0.0,***,2020-10-11
8,solar_power,-0.6654158499854378,0.09370500463194754,-7.101177280755105,1.2370104940373494e-12,***,2020-10-11
4,intercept,18414.177499806003,0.02098978024234461,877292.5341379894,0.0,***,2020-10-11
5,rainfall,26.607737362360815,3.285292318878201,8.099047140939446,4.440892098500626e-16,***,2020-10-11
6,pv_capacity,-9.711727777690164,1.4403754929170043,-6.7424972345386625,1.556865747431857e-11,***,2020-10-11
3,sma1,-0.7188885635653195,0.012175432070563399,-59.044193208007776,0.0,***,2020-10-11
17,cos_336_1,-9.937549828776032,0.9010945486208398,-11.028309786121598,0.0,***,2020-10-12
16,sin_336_1,11.39318395396883,0.5962078122316028,19.109417421627203,0.0,***,2020-10-12
15,lag_48*7,0.2695050177822864,0.019449840343054175,13.856412856290136,0.0,***,2020-10-12
14,Weekends,-129.3645130706089,14.688660606945897,-8.807100697080283,0.0,***,2020-10-12
13,Holidays,0.007278226957512013,0.01930023831760024,0.37710554852967104,0.706095167965205,,2020-10-12
12,solar_16,0.22778373675366836,0.09555800976405769,2.3837220690980194,0.017138540574417993,*,2020-10-12
10,temp_9,-8.463356773321978,1.043353938248773,-8.111683354094945,4.440892098500626e-16,***,2020-10-12
9,temp_1,-1.1147139763361475,0.9024526256674688,-1.2352049787784558,0.21675422679090617,,2020-10-12
11,solar_4,-0.9900008328156773,0.09564136389713924,-10.351178532757096,0.0,***,2020-10-12
7,temperature,5.856040470506482,1.7659716218562773,3.316044492465277,0.0009130129181427193,***,2020-10-12
8,solar_power,-0.7372864427552439,0.0945240896575236,-7.799984590452599,6.217248937900877e-15,***,2020-10-12
1,ma1,0.3838550144376191,0.014668998869866863,26.167771764311478,0.0,***,2020-10-12
2,sar1,0.9831018330521337,0.0038503365825966226,255.32880358972182,0.0,***,2020-10-12
3,sma1,-0.708100419592388,0.021414390612400084,-33.06656875785014,0.0,***,2020-10-12
0,ar1,0.9713030985676328,0.004669019618397395,208.0314879681369,0.0,***,2020-10-12
5,rainfall,13.888127408642926,3.0200528954272094,4.598637139657895,4.252637351376265e-06,***,2020-10-12
6,pv_capacity,-19.178665606393754,1.006261468593501,-19.059326233767727,0.0,***,2020-10-12
4,intercept,18692.19679681841,0.02270208086805081,823369.3160314829,0.0,***,2020-10-12
10,temp_9,-8.377402039013008,0.5759010393901745,-14.546599964264514,0.0,***,2020-10-13
17,cos_336_1,-7.801251102913176,0.3010231091955241,-25.91578807275562,0.0,***,2020-10-13
16,sin_336_1,8.18403196971408,0.553413103349257,14.788287303253766,0.0,***,2020-10-13
15,lag_48*7,0.28004983774294323,0.018684213529819683,14.988580455687284,0.0,***,2020-10-13
14,Weekends,-80.40447734543766,11.558227617769381,-6.956471182642698,3.488986877187017e-12,***,2020-10-13
13,Holidays,0.0024174387694682886,0.019290700464968023,0.12531627733572276,0.9002731663153947,,2020-10-13
12,solar_16,0.21583152107144254,0.09706722935086491,2.223526132504362,0.026180343265097328,*,2020-10-13
11,solar_4,-1.0209780508930608,0.09914002588970543,-10.29834359765966,0.0,***,2020-10-13
9,temp_1,7.535818836854691,1.3246925976048338,5.68873023860792,1.2798746507058922e-08,***,2020-10-13
1,ma1,0.38926827423436544,0.01441728813576113,27.000103665044414,0.0,***,2020-10-13
7,temperature,3.562356938935964,1.238959740989046,2.8752806254157854,0.00403668547779068,**,2020-10-13
6,pv_capacity,-6.026751029101697,1.3553865942735606,-4.446518103812163,8.727331527014215e-06,***,2020-10-13
5,rainfall,15.490108832382827,2.959890190323351,5.233339021502896,1.6647499445632263e-07,***,2020-10-13
4,intercept,19567.653840161183,0.03281898673267714,596229.6764231938,0.0,***,2020-10-13
3,sma1,-0.7092350359151981,0.022352372230549047,-31.72974342946404,0.0,***,2020-10-13
2,sar1,0.9818176674004108,0.004497914040073616,218.28288816838787,0.0,***,2020-10-13
0,ar1,0.9993211608187271,0.00020530745043348633,4867.437390648803,0.0,***,2020-10-13
8,solar_power,-0.7253712208136011,0.09765736347522933,-7.4277166104078844,1.1057821325266559e-13,***,2020-10-13
10,temp_9,-1.6557000668042638,0.31486322001043415,-5.258474034374025,1.4525569036472064e-07,***,2020-10-14
16,sin_336_1,14.188391807392982,0.24342991655995858,58.28532502453648,0.0,***,2020-10-14
15,lag_48*7,0.2864340657602099,0.018281522145955,15.667954969689807,0.0,***,2020-10-14
14,Weekends,-214.03855448453953,5.84786546757248,-36.60114201864318,0.0,***,2020-10-14
13,Holidays,0.0023769356989166157,0.019290203092783238,0.1232198379396982,0.901933016871673,,2020-10-14
12,solar_16,0.21106032570421362,0.09604814497412364,2.1974430194469186,0.027988821738724967,*,2020-10-14
17,cos_336_1,-3.024498584928687,0.2598400583925907,-11.639847233866425,0.0,***,2020-10-14
9,temp_1,-0.7320469171049623,1.1020313335198033,-0.6642705110451449,0.506517191300556,,2020-10-14
11,solar_4,-1.0065323483323403,0.10305101370940711,-9.767321175225451,0.0,***,2020-10-14
7,temperature,0.9173209245168371,1.5928137580894994,0.5759122307036811,0.5646745081866207,,2020-10-14
0,ar1,0.9674819648076703,0.004914419279461811,196.86597943544237,0.0,***,2020-10-14
1,ma1,0.3715420169728685,0.01387599410429522,26.77588460907894,0.0,***,2020-10-14
2,sar1,0.9822680053167342,0.004170438588952556,235.53110407110438,0.0,***,2020-10-14
8,solar_power,-0.6689049388445194,0.09481584290351884,-7.054780281025111,1.7288392939462938e-12,***,2020-10-14
4,intercept,19794.927971222125,0.020070149497573495,986287.0216096474,0.0,***,2020-10-14
5,rainfall,28.66630092831619,2.2561170199640106,12.706034604877663,0.0,***,2020-10-14
6,pv_capacity,-21.580736805670302,0.9602276377172553,-22.474604935319388,0.0,***,2020-10-14
3,sma1,-0.715738919241457,0.023506362542245553,-30.448731400068112,0.0,***,2020-10-14
16,sin_336_1,17.64806554173411,0.02090359502286675,844.2598281505468,0.0,***,2020-10-15
15,lag_48*7,0.28809168073841496,0.02014224593607682,14.302857866630122,0.0,***,2020-10-15
14,Weekends,-243.37138458048935,0.19739734410109394,-1232.9010083127082,0.0,***,2020-10-15
13,Holidays,0.010799515884168498,0.01928792617517498,0.5599106812254545,0.5755403628054607,,2020-10-15
12,solar_16,0.1623729760597854,0.0748320897894564,2.1698308375007223,0.030019663326364743,*,2020-10-15
11,solar_4,-0.9607037541793971,0.04588914649744045,-20.93531537425701,0.0,***,2020-10-15
10,temp_9,-6.086523386387238,0.3039920000985709,-20.02198539571322,0.0,***,2020-10-15
9,temp_1,-0.21114963982537274,0.13521028140845706,-1.561638934745726,0.11837307186599588,,2020-10-15
17,cos_336_1,0.9964866699778911,0.0554917415841596,17.957386838663275,0.0,***,2020-10-15
7,temperature,-9.228380153187675,0.26464344714138127,-34.87099436192565,0.0,***,2020-10-15
0,ar1,0.9971151711876644,0.001886302830233814,528.6082145484924,0.0,***,2020-10-15
1,ma1,0.3657680355883166,0.014121978621741282,25.900622383410486,0.0,***,2020-10-15
2,sar1,0.9861859848660752,0.0035507692949158713,277.7386822281398,0.0,***,2020-10-15
8,solar_power,-0.8362887667799406,0.07150809001744965,-11.695023130611746,0.0,***,2020-10-15
4,intercept,20344.81605308858,0.019288027864858493,1054789.8518000115,0.0,***,2020-10-15
5,rainfall,-18.944027627261068,0.39665821461500905,-47.75907047745848,0.0,***,2020-10-15
6,pv_capacity,8.398602089210344,0.09645393118037024,87.07371474061371,0.0,***,2020-10-15
3,sma1,-0.7431055268297143,0.020677434959408325,-35.93799367709281,0.0,***,2020-10-15
9,temp_1,-1.8082512554198515,0.02556448104184199,-70.73295375956367,0.0,***,2020-10-16
16,sin_336_1,18.38654866304031,0.02000020370108861,919.3180698474351,0.0,***,2020-10-16
15,lag_48*7,0.2950972419573873,0.017602217967071735,16.764776036146255,0.0,***,2020-10-16
14,Weekends,-316.8178171268905,0.05889214481872976,-5379.627760239619,0.0,***,2020-10-16
13,Holidays,-0.0036639746276740937,0.019287919082356858,-0.18996215258003768,0.8493387883273067,,2020-10-16
12,solar_16,0.17530314290360494,0.08626375411732652,2.0321761404584455,0.04213582742657995,*,2020-10-16
11,solar_4,-0.9566188738883754,0.03799849500586849,-25.1751779574595,0.0,***,2020-10-16
10,temp_9,-0.4329700320120891,0.0192909304911642,-22.444227467949347,0.0,***,2020-10-16
17,cos_336_1,-7.587766674180491,0.019782161207117618,-383.56611265762075,0.0,***,2020-10-16
8,solar_power,-0.7152239938897859,0.05318165349737932,-13.448697941011378,0.0,***,2020-10-16
6,pv_capacity,-2.056974118588846,0.01943807089990533,-105.82192693817494,0.0,***,2020-10-16
7,temperature,6.275490305201282,0.1307922036804231,47.980614506158005,0.0,***,2020-10-16
0,ar1,0.9973948668226151,0.0009280814917350593,1074.6845785686057,0.0,***,2020-10-16
1,ma1,0.35546197871592145,0.016480301324672667,21.568900453522605,0.0,***,2020-10-16
2,sar1,0.9853195685138436,0.0029595002014891386,332.9344488701363,0.0,***,2020-10-16
3,sma1,-0.7472325854830328,0.02011311990194828,-37.1515005690714,0.0,***,2020-10-16
4,intercept,19503.06537596793,0.019288141178172038,1011142.8154642043,0.0,***,2020-10-16
5,rainfall,3.4802831681960917,0.026270658881663814,132.4779551161251,0.0,***,2020-10-16
9,temp_1,1.1124644682731557,0.10321200825234621,10.778440291106993,0.0,***,2020-10-17
15,lag_48*7,0.28330171877027527,0.01790489943536078,15.822580841240384,0.0,***,2020-10-17
14,Weekends,-250.85015705868304,0.08864525114373403,-2829.8205918774092,0.0,***,2020-10-17
13,Holidays,-0.0004333235799962587,0.019287920758920513,-0.02246605973823539,0.9820761855682105,,2020-10-17
12,solar_16,0.22438204677881401,0.07816137914165186,2.8707534237870402,0.004094948097484563,**,2020-10-17
11,solar_4,-0.9508353214428559,0.05847785611032164,-16.259750009457488,0.0,***,2020-10-17
10,temp_9,-1.8921130260664978,0.028653350534979454,-66.03461692051137,0.0,***,2020-10-17
17,cos_336_1,0.18690154670778694,0.03003951733658135,6.221855851198483,4.913083273550001e-10,***,2020-10-17
16,sin_336_1,27.030220507183518,0.05607743109403744,482.01602640919776,0.0,***,2020-10-17
8,solar_power,-0.7333705204279855,0.09526028220742666,-7.698596974876593,1.3766765505351941e-14,***,2020-10-17
6,pv_capacity,0.4369195475287402,0.020664545465655475,21.143438565096993,0.0,***,2020-10-17
0,ar1,0.9971140435725728,0.0017435227534160136,571.8962036021427,0.0,***,2020-10-17
1,ma1,0.3550277363456315,0.012915992066369739,27.48745388827249,0.0,***,2020-10-17
2,sar1,0.9850728814089748,0.0027227353109611765,361.79531570449484,0.0,***,2020-10-17
7,temperature,-8.621527300721725,0.10685346503096643,-80.68551916611392,0.0,***,2020-10-17
4,intercept,18223.28885950474,0.019288044355576645,944797.1252842926,0.0,***,2020-10-17
5,rainfall,-18.003850380577713,0.1779312517584238,-101.18430687500268,0.0,***,2020-10-17
3,sma1,-0.7270462241839766,0.02068793276457681,-35.14349318791635,0.0,***,2020-10-17
16,sin_336_1,10.696772781533054,0.39249265431251174,27.2534343356552,0.0,***,2020-10-18
15,lag_48*7,0.25895132865197623,0.01968665555930071,13.153647549323733,0.0,***,2020-10-18
14,Weekends,-199.0329254067023,9.95651121826073,-19.990227605194296,0.0,***,2020-10-18
13,Holidays,0.0013463718212291115,0.019291242389134135,0.06979186690368167,0.9443593206645355,,2020-10-18
12,solar_16,0.1842074822394899,0.09778276141222168,1.883844141636873,0.05958606074845574,.,2020-10-18
11,solar_4,-0.8920554736086175,0.0975152270573457,-9.147858242528905,0.0,***,2020-10-18
10,temp_9,-0.3577527040582932,0.23289880716840156,-1.536086459213223,0.12451717682992203,,2020-10-18
9,temp_1,-0.8537489946206133,1.4676448971485103,-0.5817135986227756,0.560759610256494,,2020-10-18
17,cos_336_1,3.819382418807991,0.9647737305250981,3.9588374952220278,7.531545799377426e-05,***,2020-10-18
7,temperature,-5.21361856119629,1.6233094894008404,-3.2117218529416864,0.001319420522986059,**,2020-10-18
0,ar1,0.9891575039872477,0.0022230541036241764,444.9543096475496,0.0,***,2020-10-18
1,ma1,0.3867658443025795,0.013670262248829876,28.292496315181168,0.0,***,2020-10-18
2,sar1,0.9943609266134429,0.001277180618619132,778.5593612346942,0.0,***,2020-10-18
8,solar_power,-0.6499465010310094,0.09783779341135383,-6.643102612692251,3.0714764065464806e-11,***,2020-10-18
4,intercept,16349.503849737106,0.02173698286477822,752151.4807940167,0.0,***,2020-10-18
5,rainfall,30.569216983874583,1.874868762619051,16.304723612319233,0.0,***,2020-10-18
6,pv_capacity,-27.213523852088457,1.4499149719440425,-18.769048101903955,0.0,***,2020-10-18
3,sma1,-0.7552408815909128,0.02186239831022961,-34.54519814678927,0.0,***,2020-10-18
9,temp_1,2.550354634998615,1.7732306233296102,1.4382532093934812,0.15036222276761735,,2020-10-19
16,sin_336_1,14.89461362589671,0.04409051475582228,337.81900048989183,0.0,***,2020-10-19
15,lag_48*7,0.2502608312465014,0.019933858832949035,12.55456022558165,0.0,***,2020-10-19
14,Weekends,-180.02033544929992,8.566148299015216,-21.015318573225667,0.0,***,2020-10-19
13,Holidays,0.000615979633315375,0.019292127812672283,0.031929066575578084,0.9745286186768829,,2020-10-19
12,solar_16,0.1577996763224867,0.09180765777937445,1.7188073428656627,0.08564945805358581,.,2020-10-19
11,solar_4,-0.9217661183299658,0.08916318261385822,-10.337967884366433,0.0,***,2020-10-19
10,temp_9,2.1089936255932313,0.3546900045340837,5.946019336980129,2.7474169606023224e-09,***,2020-10-19
17,cos_336_1,-1.5386780818600045,0.16319926592828726,-9.428216929211727,0.0,***,2020-10-19
8,solar_power,-0.716227065023868,0.08536432247410729,-8.390238969460738,0.0,***,2020-10-19
6,pv_capacity,-12.086851912432417,0.9883948909754648,-12.228768099462435,0.0,***,2020-10-19
5,rainfall,39.23541679904986,2.279119926989172,17.21516113936213,0.0,***,2020-10-19
4,intercept,13637.129682926488,0.020558512980046427,663332.493753918,0.0,***,2020-10-19
3,sma1,-0.7054284940329617,0.022284103893932785,-31.656130189961385,0.0,***,2020-10-19
1,ma1,0.36613846688963475,0.01480590732701329,24.72921508981873,0.0,***,2020-10-19
0,ar1,0.9688684255356372,0.004665441984311323,207.6691616343514,0.0,***,2020-10-19
7,temperature,-1.9026036653916656,1.7840425885974156,-1.0664564162044252,0.2862173705688167,,2020-10-19
2,sar1,0.9838801698164121,0.004149766494971404,237.09289932545758,0.0,***,2020-10-19
17,cos_336_1,3.6943702481058316,0.3866566334489574,9.55465373800066,0.0,***,2020-10-20
10,temp_9,3.302039987243558,1.2724095842088083,2.5951077610726943,0.00945612661559947,**,2020-10-20
16,sin_336_1,19.961280759649057,0.3386907317920218,58.936601701597745,0.0,***,2020-10-20
15,lag_48*7,0.26710768795954565,0.017971905463122603,14.86251352187649,0.0,***,2020-10-20
14,Weekends,-250.17047932025568,3.844194498723003,-65.07747706401418,0.0,***,2020-10-20
13,Holidays,0.0015423000310645918,0.019288118730518795,0.07996114357302633,0.9362681599123681,,2020-10-20
12,solar_16,0.15935838530679192,0.09152481071828596,1.7411495752479424,0.08165736337090168,.,2020-10-20
11,solar_4,-0.929976081280413,0.09001174043157012,-10.331719804789369,0.0,***,2020-10-20
9,temp_1,0.04404003483452235,0.9519282626875976,0.046264026986848006,0.9630998108985778,,2020-10-20
7,temperature,-10.653458499805994,0.9691162225315899,-10.99296271398318,0.0,***,2020-10-20
0,ar1,0.96262986181531,0.005277110730722458,182.41608162797107,0.0,***,2020-10-20
1,ma1,0.364435624875351,0.016968070607660476,21.477729159779745,0.0,***,2020-10-20
2,sar1,0.985388098913294,0.0037151588482246083,265.23444600065733,0.0,***,2020-10-20
8,solar_power,-0.7250855958642608,0.08997498165716432,-8.058746803940307,6.661338147750939e-16,***,2020-10-20
4,intercept,11744.082525022974,0.020145703243149914,582957.1886013104,0.0,***,2020-10-20
5,rainfall,-18.890661945606013,1.815376427641896,-10.405920038382483,0.0,***,2020-10-20
6,pv_capacity,-9.540356956019108,0.8139462421232238,-11.721114322160343,0.0,***,2020-10-20
3,sma1,-0.737327056839528,0.02079913492930655,-35.449890552929396,0.0,***,2020-10-20
10,temp_9,1.8049064863884605,0.27340248534528844,6.601646229034781,4.0661696232291433e-11,***,2020-10-21
16,sin_336_1,14.075093857376023,0.20364344385004574,69.11636137788122,0.0,***,2020-10-21
15,lag_48*7,0.251899113280402,0.017933857658717658,14.046008286340651,0.0,***,2020-10-21
14,Weekends,-202.01832886740465,7.237269529678262,-27.913611347342695,0.0,***,2020-10-21
13,Holidays,0.0014771229680780595,0.019289156467860735,0.07657789341587937,0.9389593458003131,,2020-10-21
12,solar_16,0.15544944051571363,0.08773403949426777,1.7718258661265693,0.07642346744800466,.,2020-10-21
11,solar_4,-0.9049108708136653,0.08875956360042478,-10.195080215664046,0.0,***,2020-10-21
9,temp_1,5.491088802980046,1.5703274108330982,3.4967795665407673,0.00047091077838645745,***,2020-10-21
17,cos_336_1,0.3523305022718359,0.086157190948765,4.089391708248193,4.3250593240617974e-05,***,2020-10-21
7,temperature,-2.1767545922016756,1.5667327963383941,-1.3893591793629145,0.16472355665405525,,2020-10-21
0,ar1,0.9684016630344445,0.004553148745784369,212.68834318910842,0.0,***,2020-10-21
1,ma1,0.3726792233184783,0.01735687866482716,21.471557790727314,0.0,***,2020-10-21
2,sar1,0.9884727672341274,0.0029722430622527883,332.5679449933419,0.0,***,2020-10-21
8,solar_power,-0.7670310251828526,0.08663657566491288,-8.853431928675525,0.0,***,2020-10-21
4,intercept,9963.497213337498,0.019567409699495712,509188.3579048419,0.0,***,2020-10-21
5,rainfall,30.079566086173305,2.335509797539252,12.879229244880857,0.0,***,2020-10-21
6,pv_capacity,-8.200197859605018,0.9691598503777376,-8.461140704919758,0.0,***,2020-10-21
3,sma1,-0.7658633732859579,0.0203249806777941,-37.68089059600907,0.0,***,2020-10-21
9,temp_1,2.678984913473967,0.9598119599309283,2.7911560027515776,0.005252015192041215,**,2020-10-22
16,sin_336_1,12.654649223795815,0.6754272706290373,18.73576885933302,0.0,***,2020-10-22
15,lag_48*7,0.2507429672402188,0.017959856566478624,13.961301211515286,0.0,***,2020-10-22
14,Weekends,-180.0106490547082,9.431671782820336,-19.085762651600664,0.0,***,2020-10-22
13,Holidays,-0.007900652548689768,0.019299440753009562,-0.4093720978654647,0.6822666127861394,,2020-10-22
12,solar_16,0.19329125168429329,0.08579026839302267,2.2530673385795548,0.02425490345899628,*,2020-10-22
11,solar_4,-0.9271381660852047,0.08901409285693407,-10.415633483737537,0.0,***,2020-10-22
10,temp_9,-7.589536023181224,1.4444629001503826,-5.254227036492996,1.4864742370335193e-07,***,2020-10-22
17,cos_336_1,-1.4500541533004958,0.04764122949868362,-30.43695909108648,0.0,***,2020-10-22
8,solar_power,-0.7939729908073145,0.08497109949882853,-9.34403574262636,0.0,***,2020-10-22
6,pv_capacity,2.640279846208669,3.3855084382739693,0.7798769060385979,0.43546333299363904,,2020-10-22
5,rainfall,15.758267332526843,2.9546335306217397,5.3334084140075575,9.638618791996123e-08,***,2020-10-22
4,intercept,8517.537069757998,0.021058561730003367,404469.0790835238,0.0,***,2020-10-22
3,sma1,-0.7989574321669926,0.016799405977218445,-47.55867161317805,0.0,***,2020-10-22
2,sar1,0.9894542466579543,0.002798978917354984,353.5054303277789,0.0,***,2020-10-22
1,ma1,0.3791126449719707,0.016261284320022225,23.313819346063347,0.0,***,2020-10-22
0,ar1,0.9870714082959392,0.003646838564920009,270.66495835348,0.0,***,2020-10-22
7,temperature,2.347427155986461,1.1912714479542157,1.9705224699355675,0.04877852235449853,*,2020-10-22
11,solar_4,-0.9502388694859605,0.08597785534984431,-11.052135059887618,0.0,***,2020-10-23
12,solar_16,0.1401435398667914,0.08531212137205607,1.642715450195045,0.10044182060508677,,2020-10-23
13,Holidays,-0.0045550261496938305,0.01929158394354848,-0.2361146789720773,0.8133436837530399,,2020-10-23
17,cos_336_1,0.10050958927882306,0.26204277687293326,0.38356176223686184,0.7013032854213794,,2020-10-23
15,lag_48*7,0.24825268294334749,0.01951996562317849,12.717885253269406,0.0,***,2020-10-23
16,sin_336_1,11.523198608240236,0.36601043835118346,31.483251297832766,0.0,***,2020-10-23
10,temp_9,-1.7821245845474594,0.5385259419709888,-3.309264133172372,0.0009354154465275322,***,2020-10-23
14,Weekends,-162.6215564146134,7.9870546211357505,-20.36064157922195,0.0,***,2020-10-23
9,temp_1,8.749788760107622,1.429735873333159,6.11986376176541,9.365539455075123e-10,***,2020-10-23
8,solar_power,-0.7950567253428544,0.08486053290393718,-9.368981057930254,0.0,***,2020-10-23
7,temperature,2.67488095362264,1.4347993662706637,1.864289193669775,0.06228110353953609,.,2020-10-23
6,pv_capacity,-2.2654303941599006,0.7482556309834987,-3.0276155639246505,0.002464914453587541,**,2020-10-23
5,rainfall,18.87977772463308,2.5653535565932155,7.359522696631878,1.8451906669270102e-13,***,2020-10-23
4,intercept,6944.814927443472,0.019552607085833815,355186.1343582721,0.0,***,2020-10-23
3,sma1,-0.8157954404916993,0.016118971367009953,-50.61088712902331,0.0,***,2020-10-23
2,sar1,0.9911641915017044,0.0022458348457301824,441.3344077308809,0.0,***,2020-10-23
1,ma1,0.3722519260818576,0.014614905637217538,25.470703357392928,0.0,***,2020-10-23
0,ar1,0.963825147586744,0.004618213589338583,208.70085996277672,0.0,***,2020-10-23
17,cos_336_1,-3.022864615575883,0.237822710723213,-12.710580105589688,0.0,***,2020-10-24
16,sin_336_1,13.415854778006196,0.12958788450155592,103.5270760812915,0.0,***,2020-10-24
15,lag_48*7,0.260026453842292,0.016823078636954564,15.456532032793486,0.0,***,2020-10-24
14,Weekends,-104.62347050277471,12.265655792487632,-8.529790194084335,0.0,***,2020-10-24
13,Holidays,0.004154750008871222,0.019291307149609676,0.21536902484885714,0.8294796179361499,,2020-10-24
12,solar_16,0.10841610621750686,0.08156545828243657,1.3291914065154222,0.1837848294990887,,2020-10-24
11,solar_4,-0.9809757681251554,0.08536502337057707,-11.491542195995816,0.0,***,2020-10-24
10,temp_9,-1.7120585229684904,0.6193805953318908,-2.7641462065034434,0.005707196050622088,**,2020-10-24
9,temp_1,12.148436074730999,1.1432087714939076,10.626612021928262,0.0,***,2020-10-24
0,ar1,0.9734753746265012,0.003435528658700524,283.3553351857978,0.0,***,2020-10-24
7,temperature,-0.9429939414803172,1.357467177275353,-0.694671633514596,0.48726110891380614,,2020-10-24
6,pv_capacity,-1.2947122758601055,0.6110674029221599,-2.118771627595771,0.0341097716343961,*,2020-10-24
5,rainfall,4.825230055514113,2.4072626156797967,2.0044468867188785,0.04502221104955528,*,2020-10-24
4,intercept,6243.505405857168,0.02081545294936269,299945.6903986481,0.0,***,2020-10-24
3,sma1,-0.8000645728056431,0.015155057743034822,-52.79191847179521,0.0,***,2020-10-24
2,sar1,0.9861273107385228,0.0029130410581388383,338.52159686639163,0.0,***,2020-10-24
1,ma1,0.36832791799406384,0.018006239858818333,20.455571006607457,0.0,***,2020-10-24
8,solar_power,-0.8560474405912275,0.08154601937062546,-10.497721988126784,0.0,***,2020-10-24
11,solar_4,-0.7361715632193104,0.07888267319904019,-9.33248752057084,0.0,***,2020-10-25
12,solar_16,0.1972585523228929,0.08041032698101308,2.4531494862528125,0.014161147579713873,*,2020-10-25
13,Holidays,-0.009774880291604615,0.019297010707932775,-0.5065489385662348,0.6124713435005094,,2020-10-25
10,temp_9,-1.0993877616873888,1.4314032576735558,-0.7680489448334858,0.44245810719116263,,2020-10-25
15,lag_48*7,0.247179574716251,0.017953483268176272,13.767778153356625,0.0,***,2020-10-25
16,sin_336_1,8.323426828661026,0.6432299161729493,12.940049303339698,0.0,***,2020-10-25
17,cos_336_1,5.466273570587554,0.5186375826975359,10.539678868153734,0.0,***,2020-10-25
14,Weekends,-108.3686653039076,9.26677925620769,-11.694318199207444,0.0,***,2020-10-25
9,temp_1,-13.238578242870245,1.2318137908376539,-10.747223599329727,0.0,***,2020-10-25
0,ar1,0.9617252243242111,0.004945608686024788,194.4604365973873,0.0,***,2020-10-25
7,temperature,-7.131637064089679,1.016910331395528,-7.013044163198518,2.3319124409226788e-12,***,2020-10-25
6,pv_capacity,1.0116408762314386,0.6971010983572993,1.4512111351070085,0.1467210771792573,,2020-10-25
5,rainfall,15.767302231498034,2.591462003602958,6.084326997492712,1.169816465917961e-09,***,2020-10-25
4,intercept,5316.22803693532,0.019551700341286473,271906.17409930704,0.0,***,2020-10-25
3,sma1,-0.8341013738275822,0.015393746691284092,-54.184428947362676,0.0,***,2020-10-25
2,sar1,0.9926964868696845,0.0017529073890879348,566.3142805200907,0.0,***,2020-10-25
1,ma1,0.3733751647887245,0.017772108197933588,21.009053097715096,0.0,***,2020-10-25
8,solar_power,-0.7271182495490017,0.08268894897983342,-8.793415063557463,0.0,***,2020-10-25
11,solar_4,-0.8094266565795558,0.0770351429771332,-10.507238972994738,0.0,***,2020-10-26
12,solar_16,0.1087945528951959,0.07843366363297315,1.3870900306824274,0.16541431156874875,,2020-10-26
13,Holidays,-0.0037118295902445197,0.01929131478552871,-0.19240936304812836,0.8474215587771476,,2020-10-26
17,cos_336_1,6.198812123757013,0.49018409339889885,12.645885917625204,0.0,***,2020-10-26
15,lag_48*7,0.24625355141676195,0.017030843545470045,14.459269193525166,0.0,***,2020-10-26
16,sin_336_1,16.064870684924305,0.12038591358566089,133.44477112343634,0.0,***,2020-10-26
10,temp_9,-4.558535153977917,1.3357995867567045,-3.4125891332590927,0.0006434887947408541,***,2020-10-26
14,Weekends,-47.32239519131326,12.6184258111004,-3.7502613954970405,0.00017665032687186333,***,2020-10-26
9,temp_1,2.004523224387425,1.0881437762017228,1.8421492345289319,0.06545332373618917,.,2020-10-26
8,solar_power,-0.7673074323363938,0.07618533558716262,-10.071589583779252,0.0,***,2020-10-26
7,temperature,-8.009927609577877,0.6833568003850337,-11.721442744207312,0.0,***,2020-10-26
6,pv_capacity,-2.5337895842047047,1.0383648433634074,-2.4401727392824757,0.014680240379398413,*,2020-10-26
5,rainfall,8.678199264651132,1.5970069651972079,5.43403970913771,5.5092312267746024e-08,***,2020-10-26
4,intercept,7354.6131420882675,0.02095790876107795,350923.04418019566,0.0,***,2020-10-26
3,sma1,-0.8212280181235893,0.01668616244946575,-49.216110691160324,0.0,***,2020-10-26
2,sar1,0.9925080657496719,0.001869589606878192,530.8694817826595,0.0,***,2020-10-26
1,ma1,0.37273557782452993,0.01788261858715339,20.843456231421143,0.0,***,2020-10-26
0,ar1,0.9708872811501366,0.004521611402772255,214.72152174662196,0.0,***,2020-10-26
16,sin_336_1,-4.066823599638956,0.9467510729254955,-4.295557423634411,1.7425492194522718e-05,***,2020-10-27
15,lag_48*7,0.256934568708349,0.01732042384570111,14.834196379791225,0.0,***,2020-10-27
14,Weekends,-22.939829140496087,12.95925675888242,-1.7701500608646303,0.07670214595035119,.,2020-10-27
13,Holidays,-0.01665597310547695,0.019315272602158488,-0.8623214100336146,0.38851067422347185,,2020-10-27
12,solar_16,0.09170629119989693,0.07817614229979652,1.1730726088812855,0.24076668966574188,,2020-10-27
11,solar_4,-0.7647071775019297,0.07371214650130516,-10.374235642268127,0.0,***,2020-10-27
10,temp_9,-0.7001777671041229,1.3720690253526482,-0.5103079758863908,0.6098357158386456,,2020-10-27
9,temp_1,2.8377629142461873,0.9032649547552812,3.141672771988606,0.0016798566515583424,**,2020-10-27
17,cos_336_1,7.0598097200078564,0.43622380727166615,16.183916609602267,0.0,***,2020-10-27
7,temperature,-8.749890840455457,0.6262797144070111,-13.971218673017749,0.0,***,2020-10-27
0,ar1,0.9662094395821458,0.004660017830266983,207.34028812220006,0.0,***,2020-10-27
1,ma1,0.3770386414737514,0.01649568643074264,22.856802174117046,0.0,***,2020-10-27
2,sar1,0.9920146666574838,0.0018782600300449154,528.1561928535324,0.0,***,2020-10-27
8,solar_power,-0.751830195717461,0.07646065904657616,-9.832902372179165,0.0,***,2020-10-27
4,intercept,8270.270911184822,0.01953338456117724,423391.5983829065,0.0,***,2020-10-27
5,rainfall,3.6609411949177257,1.6628779660537283,2.2015693692819305,0.027695741595336498,*,2020-10-27
6,pv_capacity,-4.250050368587929,0.7309796153722824,-5.8141845260943565,6.093017423935976e-09,***,2020-10-27
3,sma1,-0.8293014537472055,0.01438299826347772,-57.658454694597566,0.0,***,2020-10-27
9,temp_1,-4.850203062851355,0.894647362747901,-5.421357358003047,5.9148183906287954e-08,***,2020-10-28
16,sin_336_1,22.359439544973682,0.685681329002435,32.60908325665417,0.0,***,2020-10-28
15,lag_48*7,0.24186044426130449,0.017611936264710207,13.732757183883901,0.0,***,2020-10-28
14,Weekends,-48.07958488345308,10.093972862836203,-4.763197359136122,1.9054930890938238e-06,***,2020-10-28
13,Holidays,0.002293937894929793,0.019288672322461748,0.11892668694768024,0.9053334386742611,,2020-10-28
12,solar_16,0.09359314599934399,0.07757034355419641,1.2065583535021067,0.2276022735628258,,2020-10-28
11,solar_4,-0.7536196432117059,0.07492809748079986,-10.057904425036538,0.0,***,2020-10-28
10,temp_9,-4.964293268715448,1.1210073356515333,-4.428421751433217,9.492514464914947e-06,***,2020-10-28
17,cos_336_1,0.7357035479478539,0.06847408521873545,10.744262527899464,0.0,***,2020-10-28
8,solar_power,-0.7365726716120221,0.0792633230370322,-9.292730147938562,0.0,***,2020-10-28
6,pv_capacity,-3.3504455058303475,0.8093572920412117,-4.139637140205992,3.478556006641931e-05,***,2020-10-28
5,rainfall,6.386243904122724,1.8633187135221423,3.427349201066688,0.0006095047249645713,***,2020-10-28
4,intercept,7981.470791772276,0.021674627701100783,368240.27161338157,0.0,***,2020-10-28
3,sma1,-0.8287757213098128,0.013659907843255048,-60.67213123396315,0.0,***,2020-10-28
2,sar1,0.9918673598759704,0.0019137181219663403,518.293341370896,0.0,***,2020-10-28
1,ma1,0.3731367586503098,0.015249066506094876,24.469482017221928,0.0,***,2020-10-28
0,ar1,0.9658299380335243,0.004744300241813274,203.5769004502092,0.0,***,2020-10-28
7,temperature,-4.119438972548238,1.1059769225143485,-3.724706084447973,0.00019554291342127605,***,2020-10-28
11,solar_4,-0.7064038435616915,0.07349078673011607,-9.61214153490905,0.0,***,2020-10-29
17,cos_336_1,-1.9524418303986364,0.38443989229447884,-5.078666052957576,3.800941372755773e-07,***,2020-10-29
16,sin_336_1,7.145687094591792,1.303312340433436,5.4827126797674515,4.1885298562860385e-08,***,2020-10-29
15,lag_48*7,0.22706227484147196,0.01798835604341911,12.6227363019391,0.0,***,2020-10-29
14,Weekends,-122.0871272656942,0.676200893466842,-180.54860389160496,0.0,***,2020-10-29
13,Holidays,0.023536476611943913,0.019292980713765884,1.2199502482864257,0.22248373566187496,,2020-10-29
12,solar_16,0.14796811387808706,0.06881769075504672,2.1501464558695016,0.03154363193446286,*,2020-10-29
10,temp_9,0.7784328599183947,0.5898269845681744,1.3197647450604568,0.18691357571043365,,2020-10-29
9,temp_1,-1.844246466358227,1.084599364328336,-1.700394198092049,0.08905680242436276,.,2020-10-29
8,solar_power,-0.6740305768505701,0.07209103431621154,-9.349714333325869,0.0,***,2020-10-29
1,ma1,0.3641231428024658,0.014271386819691376,25.514208773323695,0.0,***,2020-10-29
2,sar1,0.9934606921031015,7.428641918354616e-06,133733.82416622728,0.0,***,2020-10-29
3,sma1,-0.8368528560708464,0.009516488957099715,-87.93714360867489,0.0,***,2020-10-29
0,ar1,0.9996061093801114,9.080219982212545e-07,1100861.1149710724,0.0,***,2020-10-29
5,rainfall,0.47316351729188166,0.6780285343902313,0.6978519240601134,0.4852698028099076,,2020-10-29
6,pv_capacity,0.8005590070263625,0.5876613931115418,1.3622793949208971,0.1731097278236482,,2020-10-29
7,temperature,-5.0754949574068755,1.1187342356996024,-4.536819197486082,5.7109026285750986e-06,***,2020-10-29
4,intercept,6514.750058711876,0.019364424408788064,336428.7995957844,0.0,***,2020-10-29
10,temp_9,0.8077403556295725,0.19788280703681213,4.081912763039129,4.466656375390343e-05,***,2020-10-30
16,sin_336_1,11.493658109561014,3.6947799784895707,3.1107828277936136,0.0018659211285283472,**,2020-10-30
15,lag_48*7,0.2357346590952683,0.01828116405792562,12.894947955629107,0.0,***,2020-10-30
14,Weekends,-80.99812247727043,3.9331551084316927,-20.59367613131526,0.0,***,2020-10-30
13,Holidays,-0.009195132811629092,0.019307361105626013,-0.47625010799376943,0.633896205094937,,2020-10-30
12,solar_16,0.14159978803660778,0.07117998257225186,1.989320352711181,0.04666585460054451,*,2020-10-30
11,solar_4,-0.68376055958693,0.07245414579280415,-9.4371488629825,0.0,***,2020-10-30
9,temp_1,-2.6229590935626854,0.9561670145350892,-2.7432018190232483,0.0060843278262256995,**,2020-10-30
17,cos_336_1,0.8654114883896381,1.1653068349340898,0.7426468827316078,0.457695496364368,,2020-10-30
7,temperature,-8.258386751304073,1.5976999343500853,-5.16892225739712,2.354478076949107e-07,***,2020-10-30
0,ar1,0.965972542084576,0.0040292137626220855,239.74219264454,0.0,***,2020-10-30
1,ma1,0.37133224105015866,0.014781852095453888,25.120819681612208,0.0,***,2020-10-30
2,sar1,0.9917700026929333,0.0020003321705710218,495.80265582081756,0.0,***,2020-10-30
8,solar_power,-0.6606904756809612,0.0744906703191946,-8.869439257961892,0.0,***,2020-10-30
4,intercept,6703.390357202505,0.01938490555954845,345804.6435465148,0.0,***,2020-10-30
5,rainfall,2.3104615151031394,1.2166783264834504,1.8989912656544448,0.057565624399936066,.,2020-10-30
6,pv_capacity,-1.7041175126765329,0.5981433498545421,-2.8490118850120862,0.004385524217686676,**,2020-10-30
3,sma1,-0.8215843110164096,0.014497640053020781,-56.67021032469497,0.0,***,2020-10-30
9,temp_1,-4.145005575590252,1.579651320708394,-2.6240003228886146,0.00869037027661368,**,2020-10-31
16,sin_336_1,-0.7356595277596917,1.5884706187452968,-0.4631244160756183,0.6432751897843902,,2020-10-31
15,lag_48*7,0.2450033030903398,0.018294990497488773,13.391824561153486,0.0,***,2020-10-31
14,Weekends,-141.57175717540176,3.337050965740353,-42.424211865158874,0.0,***,2020-10-31
13,Holidays,-0.007706307967834114,0.01929012681963798,-0.39949493540855524,0.689528554758819,,2020-10-31
12,solar_16,0.1211300959863193,0.07238295994399059,1.6734614898319837,0.09423648161490328,.,2020-10-31
11,solar_4,-0.6581011624249904,0.06984337515233546,-9.422528063536523,0.0,***,2020-10-31
10,temp_9,1.1119538857083704,0.3258175588964957,3.4128114196006574,0.0006429641776017903,***,2020-10-31
17,cos_336_1,-6.13102101155158,0.6555046615872023,-9.353131061961129,0.0,***,2020-10-31
8,solar_power,-0.6658830365517906,0.06987739773067324,-9.529305013879988,0.0,***,2020-10-31
6,pv_capacity,-1.895849739495811,0.7050205091131702,-2.6890703390750414,0.007165131963520643,**,2020-10-31
5,rainfall,0.07895489485508769,0.4502297413199264,0.17536579130383026,0.8607922186085673,,2020-10-31
4,intercept,6948.871685025452,0.019535835722106105,355698.7161374591,0.0,***,2020-10-31
3,sma1,-0.8340210601988417,0.01471397846372334,-56.68222651372527,0.0,***,2020-10-31
2,sar1,0.9924165704774746,0.0019464178375609618,509.8682057502425,0.0,***,2020-10-31
1,ma1,0.3708710572532106,0.015298862644868362,24.241740439287522,0.0,***,2020-10-31
0,ar1,0.9621911899053965,0.004873204188740991,197.445284999228,0.0,***,2020-10-31
7,temperature,-5.093328057901563,1.8684209947447568,-2.726006650657101,0.006410570664463933,**,2020-10-31
11,solar_4,-0.6642957547476076,0.0705858748441642,-9.411171232405987,0.0,***,2020-11-01
12,solar_16,0.11119397666654485,0.07335363467017766,1.51586185424226,0.12955428759886245,,2020-11-01
13,Holidays,-0.007994805519229209,0.019292978345314394,-0.41438938955585747,0.6785889582778419,,2020-11-01
17,cos_336_1,14.721983887503201,0.6067889333626771,24.262116657134033,0.0,***,2020-11-01
15,lag_48*7,0.2394970054014918,0.01835856385686341,13.045519642428623,0.0,***,2020-11-01
16,sin_336_1,19.929925257125845,0.2910209485553663,68.48278571030156,0.0,***,2020-11-01
10,temp_9,0.0581146038881367,0.2584138758061947,0.22488964149789506,0.8220651277953228,,2020-11-01
14,Weekends,-30.15745051469561,6.69982858904737,-4.501227175273691,6.7562246752750355e-06,***,2020-11-01
8,solar_power,-0.6223527321596548,0.07236813954288757,-8.599816660905446,0.0,***,2020-11-01
5,rainfall,-0.45302891687775465,2.27486441025518,-0.19914545888338755,0.8421489622754477,,2020-11-01
7,temperature,-7.348580901187972,0.6935968239299063,-10.594888338085307,0.0,***,2020-11-01
6,pv_capacity,-3.9003105447004036,0.6885023348256806,-5.664919851997174,1.470932731173491e-08,***,2020-11-01
4,intercept,8327.85234646125,0.01952768092900575,426463.97064442723,0.0,***,2020-11-01
3,sma1,-0.8304160282571447,0.015479613153032562,-53.64578688418066,0.0,***,2020-11-01
2,sar1,0.9922958543293767,0.0017554046158342958,565.2804176191399,0.0,***,2020-11-01
1,ma1,0.3766819545234846,0.01680245543600729,22.418268327393594,0.0,***,2020-11-01
0,ar1,0.9658198868653749,0.004756437907492863,203.05529172238525,0.0,***,2020-11-01
9,temp_1,-2.6487925793489544,0.6641558209538847,-3.9882095372508553,6.657384995478743e-05,***,2020-11-01
17,cos_336_1,5.895693091643218,0.7296298121133326,8.08038952597985,6.661338147750939e-16,***,2020-11-02
16,sin_336_1,17.2607433218575,0.33922671122317,50.882618469575725,0.0,***,2020-11-02
14,Weekends,-16.032571427065836,17.690127127216865,-0.9063005207237418,0.3647768099795292,,2020-11-02
13,Holidays,-0.02313264888598121,0.01940146066675442,-1.1923148098648266,0.23313782962767515,,2020-11-02
12,solar_16,0.11957324581305112,0.07141284003237157,1.674394209204512,0.09405315013756987,.,2020-11-02
11,solar_4,-0.6224692055764027,0.07389691068943521,-8.423480762172037,0.0,***,2020-11-02
10,temp_9,-1.4788273466673698,0.34984418437182113,-4.227102843863895,2.3671948945036547e-05,***,2020-11-02
9,temp_1,-1.1107495126970561,1.2704877736863285,-0.8742701312852538,0.3819711613709793,,2020-11-02
15,lag_48*7,0.23643673516635608,0.017987395406388634,13.144578735528334,0.0,***,2020-11-02
7,temperature,-6.1957796147633735,0.9415842189340933,-6.580165098537034,4.6992632007913926e-11,***,2020-11-02
6,pv_capacity,-7.272909224358513,0.7284174972139743,-9.984533941284608,0.0,***,2020-11-02
5,rainfall,-0.31311621612687107,1.5389186107624124,-0.2034650916150444,0.8387715278441044,,2020-11-02
4,intercept,10565.610616859169,0.020752134908958265,509133.6704975937,0.0,***,2020-11-02
3,sma1,-0.8256321219123246,0.015235442995053791,-54.19154022501133,0.0,***,2020-11-02
2,sar1,0.9918038921842444,0.0021607917580488698,459.0002199378128,0.0,***,2020-11-02
1,ma1,0.3795454097485043,0.017634809650746246,21.522512420906295,0.0,***,2020-11-02
0,ar1,0.9666985984444538,0.004646984202516518,208.0270894660993,0.0,***,2020-11-02
8,solar_power,-0.6272705699008672,0.07138315528762584,-8.787375220013615,0.0,***,2020-11-02
11,solar_4,-0.6023116962479359,0.06949957772115854,-8.666407998398059,0.0,***,2020-11-03
12,solar_16,0.10515895605118875,0.0650295592324651,1.6170947072741284,0.10585783917983926,,2020-11-03
13,Holidays,-0.001759517628246332,0.019288266780050297,-0.09122217399368342,0.9273160561098948,,2020-11-03
17,cos_336_1,0.09619562090585983,0.32337271790665445,0.29747599466207253,0.7661031324259664,,2020-11-03
15,lag_48*7,0.2432135099978159,0.01796015332408696,13.541839293300137,0.0,***,2020-11-03
16,sin_336_1,13.617483111310008,0.8301165402251606,16.4043028315234,0.0,***,2020-11-03
10,temp_9,0.7385244116948613,0.13792922990107165,5.35437203720024,8.585405253391798e-08,***,2020-11-03
14,Weekends,-143.36835730490853,2.231995972970514,-64.23325088445512,0.0,***,2020-11-03
9,temp_1,-3.6214727963542224,1.7909032374944307,-2.0221487797525324,0.04316098392420664,*,2020-11-03
5,rainfall,4.059088521951539,0.6495112746737418,6.249450441011164,4.1189940347408083e-10,***,2020-11-03
7,temperature,-8.371071758848855,0.8693651447184836,-9.628947985440067,0.0,***,2020-11-03
6,pv_capacity,-11.98069796932016,0.5199780573245227,-23.04077604921491,0.0,***,2020-11-03
4,intercept,13544.5915646537,0.020633092404140574,656449.9057802707,0.0,***,2020-11-03
3,sma1,-0.8408690995624993,0.01392409258877738,-60.38950791236679,0.0,***,2020-11-03
2,sar1,0.9925611912058986,0.0017679588336526268,561.4164607867333,0.0,***,2020-11-03
1,ma1,0.37886094520467706,0.015187430041958268,24.94569154610089,0.0,***,2020-11-03
0,ar1,0.9587342104733263,0.0056535469652690224,169.58101106491918,0.0,***,2020-11-03
8,solar_power,-0.6179615952596037,0.0680847200423423,-9.076362433087624,0.0,***,2020-11-03
12,solar_16,0.14367499847905219,0.07115660871927675,2.0191378013231507,0.04347289886428185,*,2020-11-04
11,solar_4,-0.581476089645862,0.0693915531661116,-8.379637911460302,0.0,***,2020-11-04
13,Holidays,0.004650701976683269,0.01928846864146182,0.24111307450744338,0.8094674796819905,,2020-11-04
10,temp_9,-2.678135294984808,0.5240865562329193,-5.110101114279616,3.219864390668903e-07,***,2020-11-04
15,lag_48*7,0.2506288966405896,0.0176705323333028,14.183437822540379,0.0,***,2020-11-04
16,sin_336_1,-4.605563254727553,2.09742009615602,-2.195822984231081,0.028104615878732808,*,2020-11-04
17,cos_336_1,-3.2010671324830766,0.39907724299940117,-8.02117181231474,1.1102230246251565e-15,***,2020-11-04
14,Weekends,-103.75858001139581,6.3844663202500165,-16.251723293190246,0.0,***,2020-11-04
9,temp_1,-2.568804295839683,1.902343635269392,-1.35033663120276,0.17690802734423983,,2020-11-04
0,ar1,0.9612877780606567,0.00516595923610881,186.08117759456692,0.0,***,2020-11-04
7,temperature,-8.006082535900731,1.8024511121881313,-4.441775137069623,8.921977040277085e-06,***,2020-11-04
6,pv_capacity,-13.459754203620346,0.6749075476288764,-19.94310813519262,0.0,***,2020-11-04
5,rainfall,1.8122544891368135,0.4370308246018387,4.146742946079115,3.3723831557752604e-05,***,2020-11-04
4,intercept,14552.738111940105,0.027184934246522154,535323.6458095122,0.0,***,2020-11-04
3,sma1,-0.8335323357350266,0.015161388414097822,-54.97730900159291,0.0,***,2020-11-04
2,sar1,0.9920664361142917,0.0018657289702522638,531.7312706894159,0.0,***,2020-11-04
1,ma1,0.3822145697453064,0.017039187770395106,22.43150171802136,0.0,***,2020-11-04
8,solar_power,-0.6395637217971438,0.07025166384725662,-9.103894296193516,0.0,***,2020-11-04
16,sin_336_1,7.203175401325528,1.2515338890800607,5.755477709533074,8.639712278935008e-09,***,2020-11-05
15,lag_48*7,0.25512117726657896,0.01753153504163744,14.552130013753246,0.0,***,2020-11-05
14,Weekends,-107.67259892651018,3.3049131645361345,-32.579554610362266,0.0,***,2020-11-05
13,Holidays,-0.02672435255912098,0.01930890665562816,-1.3840427651211087,0.1663453604797991,,2020-11-05
12,solar_16,0.18554697157114064,0.07041383221914176,2.635092647616193,0.00841143206550754,**,2020-11-05
11,solar_4,-0.5465768226795343,0.07081243844393079,-7.718655573657632,1.176836406102666e-14,***,2020-11-05
10,temp_9,1.670064900118973,0.6052467313964685,2.7593125472411555,0.005792310736648654,**,2020-11-05
9,temp_1,-1.7696899067412304,0.8988105468539943,-1.9689242776861902,0.048961787189871764,*,2020-11-05
17,cos_336_1,-5.661105208499874,1.3298238543786969,-4.257033884495013,2.071569681194596e-05,***,2020-11-05
7,temperature,-9.074702423909459,1.2553595115105172,-7.228767807709746,4.873879078104437e-13,***,2020-11-05
0,ar1,0.9591798230207017,0.004925443946981411,194.73977033248772,0.0,***,2020-11-05
1,ma1,0.37910224980252855,0.015527025693438832,24.415638724854023,0.0,***,2020-11-05
2,sar1,0.9909286182892301,0.0023078223965007495,429.37819642955714,0.0,***,2020-11-05
8,solar_power,-0.6131129546232451,0.06947663679578348,-8.824735665104257,0.0,***,2020-11-05
4,intercept,14107.088216772097,0.01964574609392444,718073.4266506069,0.0,***,2020-11-05
5,rainfall,3.1232419470200528,1.2713220655666049,2.456688223709923,0.0140224323298479,*,2020-11-05
6,pv_capacity,-13.123292997593275,0.6221553779295323,-21.093272618274575,0.0,***,2020-11-05
3,sma1,-0.8261024376531936,0.016451593905184102,-50.214127726121326,0.0,***,2020-11-05
9,temp_1,-2.344401552755658,1.6251838523557431,-1.4425454383867964,0.14914856282151456,,2020-11-06
16,sin_336_1,-4.928037784459082,2.741142560068733,-1.7978042646331804,0.07220803130931386,.,2020-11-06
15,lag_48*7,0.2575954702545976,0.017305953562313216,14.884789175417497,0.0,***,2020-11-06
14,Weekends,-105.68976154647514,7.202185288890122,-14.674679601691038,0.0,***,2020-11-06
13,Holidays,0.01535863062787346,0.019368463846106108,0.7929710249561791,0.4277947044869317,,2020-11-06
12,solar_16,0.14267814570027637,0.06723890392062828,2.1219582322266857,0.03384124565725477,*,2020-11-06
11,solar_4,-0.5515442615087405,0.0675626311584921,-8.163451482741959,2.220446049250313e-16,***,2020-11-06
10,temp_9,-2.3087464268125624,0.5704177264524901,-4.047466128324918,5.177507137377191e-05,***,2020-11-06
17,cos_336_1,-0.6968113956323023,0.0516678309562193,-13.486368263121882,0.0,***,2020-11-06
8,solar_power,-0.6706229076611153,0.0671867904179065,-9.98146962356431,0.0,***,2020-11-06
6,pv_capacity,-7.065926604030499,0.5891286815579576,-11.993859449084322,0.0,***,2020-11-06
5,rainfall,0.23631914504475274,0.5264951955475585,0.4488533742439553,0.6535374327344794,,2020-11-06
4,intercept,10328.612722141173,0.0197159901721858,523869.84533559944,0.0,***,2020-11-06
3,sma1,-0.8363035047210443,0.015355078951691109,-54.46429206597725,0.0,***,2020-11-06
2,sar1,0.9917542961614122,0.0020663019159701335,479.9658213043767,0.0,***,2020-11-06
1,ma1,0.38115538490455725,0.01750991891931445,21.76796972395577,0.0,***,2020-11-06
0,ar1,0.9591513323266034,0.0050448784728333775,190.12377354412484,0.0,***,2020-11-06
7,temperature,-7.910693400755692,1.5196872779336363,-5.205474518094338,1.935015003784457e-07,***,2020-11-06
11,solar_4,-0.679063125742977,0.060562575449538754,-11.212586662678804,0.0,***,2020-11-07
17,cos_336_1,-6.48102635090095,0.8022697868841032,-8.078362736396063,6.661338147750939e-16,***,2020-11-07
16,sin_336_1,3.5531077061430896,1.0677190433079025,3.327755300809471,0.0008754872939233938,***,2020-11-07
15,lag_48*7,0.2647657501483478,0.019147162756105608,13.827936468755395,0.0,***,2020-11-07
14,Weekends,-68.65073018967672,11.938860656097441,-5.750191091694773,8.914263771586661e-09,***,2020-11-07
13,Holidays,0.008896112752450391,0.019307920508888014,0.46074939806983584,0.6449784098714746,,2020-11-07
12,solar_16,0.11112186199563845,0.06470707273551278,1.7173062742282286,0.0859232262610723,.,2020-11-07
10,temp_9,-0.6778822914742128,0.7027573495114455,-0.9646036316026779,0.33474337975088986,,2020-11-07
9,temp_1,-4.138858351376451,1.4938915064479057,-2.7705213755566525,0.005596662659782092,**,2020-11-07
0,ar1,0.9566558482571631,0.00566443185076966,168.8882262970781,0.0,***,2020-11-07
7,temperature,-9.694552796972815,1.3925279332180185,-6.961837221153255,3.3586466940960236e-12,***,2020-11-07
6,pv_capacity,-8.00453811595242,0.5821110906971979,-13.750877184568562,0.0,***,2020-11-07
5,rainfall,1.5083849740736908,1.3072114302058102,1.1538951842214287,0.24854314379305698,,2020-11-07
4,intercept,10657.475080966533,0.023524090272900512,453045.153174056,0.0,***,2020-11-07
3,sma1,-0.8321768369668191,0.015545876673144375,-53.530389727355235,0.0,***,2020-11-07
2,sar1,0.9905506424498403,0.002255632529159429,439.1453969760638,0.0,***,2020-11-07
1,ma1,0.3763799109202886,0.014989059214544565,25.110309161703096,0.0,***,2020-11-07
8,solar_power,-0.5182415483729557,0.06322721702904922,-8.196494685743543,2.220446049250313e-16,***,2020-11-07
11,solar_4,-0.546044280960479,0.06820024326970289,-8.006485824414241,1.1102230246251565e-15,***,2020-11-08
12,solar_16,0.1341620093772724,0.06712788810130899,1.9986031613983737,0.04565130806569284,*,2020-11-08
13,Holidays,-0.008113287460445595,0.019296093140673987,-0.42046270202457203,0.6741474709942865,,2020-11-08
17,cos_336_1,16.392387932103077,1.2437778463937683,13.179514315704736,0.0,***,2020-11-08
16,sin_336_1,14.846883621655447,0.1250261143602551,118.75026027662557,0.0,***,2020-11-08
10,temp_9,2.808796004093306,0.6390713528287375,4.395121126397956,1.1071100307180615e-05,***,2020-11-08
15,lag_48*7,0.2456510948033407,0.01787652162678039,13.741548827672194,0.0,***,2020-11-08
9,temp_1,-3.4295912426487916,1.3730767528338637,-2.497741830943195,0.012498718193029834,*,2020-11-08
14,Weekends,-27.835100818731046,11.603289116204056,-2.398897462604735,0.01644451884512299,*,2020-11-08
7,temperature,-7.094488124849759,1.2828389271386325,-5.530303122835529,3.196778997072158e-08,***,2020-11-08
8,solar_power,-0.6207501822316184,0.06784199915780453,-9.149939417140649,0.0,***,2020-11-08
1,ma1,0.38164604532127344,0.016398075181513757,23.27383190385169,0.0,***,2020-11-08
2,sar1,0.9912850044814563,0.002241528279037839,442.2362250575571,0.0,***,2020-11-08
0,ar1,0.963824392764583,0.005074715109421698,189.9267982502407,0.0,***,2020-11-08
4,intercept,10407.400740011113,0.025266770007161776,411900.71928707836,0.0,***,2020-11-08
5,rainfall,-1.1376204809906962,1.3057667542198892,-0.8712279412186065,0.38362970649708394,,2020-11-08
6,pv_capacity,-7.3346689189477186,0.7238500050591122,-10.132857453456456,0.0,***,2020-11-08
3,sma1,-0.834024111351102,0.015663946779307755,-53.244825400764064,0.0,***,2020-11-08
17,cos_336_1,1.75395438025119,0.09732545591853155,18.021537774448003,0.0,***,2020-11-09
10,temp_9,-3.3697223426928993,0.9427196115413722,-3.57446933471906,0.00035093893816395827,***,2020-11-09
16,sin_336_1,1.7706094652459294,0.15768729053910338,11.228612396043756,0.0,***,2020-11-09
15,lag_48*7,0.25209914375838066,0.018491069566810788,13.633562020169338,0.0,***,2020-11-09
14,Weekends,-32.24500810673112,2.986032148088791,-10.798613848604923,0.0,***,2020-11-09
13,Holidays,-0.0013446720962507763,0.019289162950345533,-0.06971127257892178,0.9444234693911648,,2020-11-09
12,solar_16,0.1516437752431532,0.06797676307006133,2.2308178323651444,0.02569319823781413,*,2020-11-09
11,solar_4,-0.5347612234506846,0.06809581601402227,-7.853070199504867,3.9968028886505635e-15,***,2020-11-09
9,temp_1,0.9510772048385016,0.6919788896942632,1.3744309530290955,0.16930793224979013,,2020-11-09
5,rainfall,-0.3722132058113844,1.6509618091172817,-0.22545234163253922,0.8216273968187953,,2020-11-09
7,temperature,-8.754155484646036,1.8374063913304797,-4.764408965785238,1.8940800379230183e-06,***,2020-11-09
6,pv_capacity,-7.822372293173364,0.7256612629744637,-10.77964705062207,0.0,***,2020-11-09
4,intercept,10707.920659190226,0.01951698296114148,548646.3087306992,0.0,***,2020-11-09
3,sma1,-0.8196249805309164,0.01639330555397797,-49.9975418522,0.0,***,2020-11-09
2,sar1,0.9896305688503318,0.0026216486407703308,377.4840584890675,0.0,***,2020-11-09
1,ma1,0.38108285996320407,0.018397055969196798,20.714339326970144,0.0,***,2020-11-09
0,ar1,0.9651625261917264,0.0043290445789253024,222.9504706166206,0.0,***,2020-11-09
8,solar_power,-0.6601056916835769,0.0676090040734136,-9.763576623119572,0.0,***,2020-11-09
12,solar_16,0.15620179877487028,0.0639627452551656,2.442074650669493,0.014603126629717522,*,2020-11-10
11,solar_4,-0.4800751312667386,0.06668926605852657,-7.198686679883749,6.079581282847357e-13,***,2020-11-10
13,Holidays,-0.011807129680890704,0.01930514622162223,-0.6116052966056499,0.5407989329037228,,2020-11-10
10,temp_9,1.0197577324264773,0.4679692396502833,2.179112740804394,0.029323294006077916,*,2020-11-10
15,lag_48*7,0.22306921663835363,0.017860115775834653,12.48979678732956,0.0,***,2020-11-10
16,sin_336_1,22.049524977865097,0.7480266282595899,29.47692521209711,0.0,***,2020-11-10
17,cos_336_1,10.9267323236394,0.733592763172325,14.894820222037344,0.0,***,2020-11-10
14,Weekends,-62.4006089717297,10.640719512095373,-5.8643223233916215,4.509707052235967e-09,***,2020-11-10
9,temp_1,-7.3936408284268165,1.4736582800623113,-5.017201700325118,5.242951639505833e-07,***,2020-11-10
0,ar1,0.969807614491293,0.01135883707768227,85.37912885437554,0.0,***,2020-11-10
7,temperature,-5.0258224852322755,0.8953981656015385,-5.612947042231063,1.989094888799059e-08,***,2020-11-10
6,pv_capacity,-3.0073887557787433,1.6739486300612405,-1.7965836596005456,0.07240174043082681,.,2020-11-10
5,rainfall,-1.3954666465661856,1.0549862420103622,-1.3227344499839262,0.18592370281504378,,2020-11-10
4,intercept,10702.821606040148,0.021027104210291025,509001.2157167131,0.0,***,2020-11-10
3,sma1,-0.8247067834848059,0.016180794028459212,-50.9682517455132,0.0,***,2020-11-10
2,sar1,0.9944372553484361,0.0013878933563012655,716.5084052269048,0.0,***,2020-11-10
1,ma1,0.378966408266204,0.017877646549758777,21.197779428708827,0.0,***,2020-11-10
8,solar_power,-0.6045532959122458,0.06652983240972987,-9.086950530538703,0.0,***,2020-11-10
17,cos_336_1,8.82831515725411,0.31281189188232467,28.222440982439363,0.0,***,2020-11-11
16,sin_336_1,31.073109685958173,0.8521541206408414,36.464189908030264,0.0,***,2020-11-11
15,lag_48*7,0.23594446845842507,0.018221015004417928,12.949029919640436,0.0,***,2020-11-11
14,Weekends,-37.32449656009558,6.847655014187773,-5.450697572053838,5.017262871831463e-08,***,2020-11-11
13,Holidays,0.00133616878771603,0.019288558577414655,0.06927260958113146,0.9447726277375657,,2020-11-11
12,solar_16,0.131715683679544,0.06714671785164082,1.9616101559955152,0.04980788895930233,*,2020-11-11
11,solar_4,-0.5014980432644565,0.0662335032649648,-7.571667185687448,3.68594044175552e-14,***,2020-11-11
10,temp_9,2.536171335689355,0.7757620883914887,3.2692643448818224,0.0010782751337450325,**,2020-11-11
9,temp_1,-5.415150420828112,1.6323005587494799,-3.3174959058867852,0.0009082824679214063,***,2020-11-11
0,ar1,0.9658095672619338,0.004684198963985658,206.18457385938032,0.0,***,2020-11-11
7,temperature,-7.179433488316857,1.388874770929576,-5.169244656601871,2.3504203294777426e-07,***,2020-11-11
6,pv_capacity,-7.0463259021377755,0.7834111673772273,-8.99441595366592,0.0,***,2020-11-11
5,rainfall,-1.7375492331868139,1.349813667266558,-1.2872511779388338,0.1980067544170434,,2020-11-11
4,intercept,10364.229047711748,0.019463237225023296,532502.8374204251,0.0,***,2020-11-11
3,sma1,-0.8296171777618306,0.016314252113440553,-50.85229601658219,0.0,***,2020-11-11
2,sar1,0.9909928162752197,0.0023518042271112472,421.3755570515619,0.0,***,2020-11-11
1,ma1,0.3804746457463519,0.016313871714891622,23.32215505893964,0.0,***,2020-11-11
8,solar_power,-0.614174508186652,0.06140430285057992,-10.002141212826286,0.0,***,2020-11-11
11,solar_4,-0.481653756344282,0.06333640299858208,-7.604690723517482,2.864375403532904e-14,***,2020-11-12
12,solar_16,0.13869391123484748,0.06430288125035723,2.156884863290274,0.031014636622534564,*,2020-11-12
13,Holidays,0.01828361547967916,0.01931910592768014,0.9464007055048368,0.3439442457008852,,2020-11-12
10,temp_9,3.9285229773270425,1.2151121189843026,3.233053901734473,0.0012247445166895243,**,2020-11-12
15,lag_48*7,0.24612846968914154,0.016902263902474672,14.561864085739764,0.0,***,2020-11-12
16,sin_336_1,24.38244946738047,0.7335443320672316,33.23923095236423,0.0,***,2020-11-12
17,cos_336_1,11.45188073378333,0.7459552158297825,15.351968175521817,0.0,***,2020-11-12
14,Weekends,-27.206547429816354,12.540357771110836,-2.1695192375206354,0.03004328545739776,*,2020-11-12
9,temp_1,-2.2659979161524024,1.1920366524909616,-1.9009465115164184,0.05730901902482288,.,2020-11-12
0,ar1,0.9675087624801406,0.004754010210757189,203.5142373676227,0.0,***,2020-11-12
7,temperature,-5.172270367297312,1.0607145708945194,-4.876213176684699,1.0814173971862573e-06,***,2020-11-12
6,pv_capacity,-7.569058386630753,0.7186542333620187,-10.532267167231554,0.0,***,2020-11-12
5,rainfall,-1.7260899848132993,1.2884565087421145,-1.339657158081676,0.18035683190770824,,2020-11-12
4,intercept,10541.43816218587,0.019617502893996684,537348.6227654256,0.0,***,2020-11-12
3,sma1,-0.8163125972320412,0.01737944309637179,-46.97000891832134,0.0,***,2020-11-12
2,sar1,0.9894207009261083,0.0026926184956574182,367.4566978284592,0.0,***,2020-11-12
1,ma1,0.3724774615494285,0.016891778575451974,22.0508136479324,0.0,***,2020-11-12
8,solar_power,-0.6168676512691067,0.06452808261588015,-9.559677372426647,0.0,***,2020-11-12
11,solar_4,-0.46585454514801616,0.0640009803897618,-7.278865765977213,3.3661962106634746e-13,***,2020-11-13
12,solar_16,0.15863472786266314,0.06211265043171458,2.55398420064304,0.010649808885077938,*,2020-11-13
13,Holidays,0.034090868594695456,0.019295086713699016,1.7668160345966113,0.07725904246371784,.,2020-11-13
17,cos_336_1,9.281587759164012,0.13578872934907021,68.3531527517572,0.0,***,2020-11-13
15,lag_48*7,0.2534759824849671,0.017751337958378775,14.279260700195525,0.0,***,2020-11-13
16,sin_336_1,16.99473355320602,0.06248470374586522,271.9823018178366,0.0,***,2020-11-13
10,temp_9,3.201621753136771,0.6553269497327119,4.885533479803655,1.0314917551212943e-06,***,2020-11-13
14,Weekends,-13.992361502733898,3.0698288877871143,-4.5580265266251665,5.163651696005189e-06,***,2020-11-13
9,temp_1,-6.345304792923267,1.51238118156066,-4.19557243258965,2.7218328360056887e-05,***,2020-11-13
0,ar1,0.9691978116616209,0.0040042592200248955,242.0417256741923,0.0,***,2020-11-13
7,temperature,-6.0499079262578945,1.190365990464037,-5.08239312507532,3.727090254201926e-07,***,2020-11-13
6,pv_capacity,-7.374251679143894,0.716660475093243,-10.28974240303185,0.0,***,2020-11-13
5,rainfall,-0.6752846652415601,1.2435260476306358,-0.5430402254365481,0.5871021068549882,,2020-11-13
4,intercept,10480.068474550864,0.022537389369517956,465008.0940042355,0.0,***,2020-11-13
3,sma1,-0.8127684734326586,0.0183403536669605,-44.315856072984694,0.0,***,2020-11-13
2,sar1,0.9890648731493757,0.002689053885667723,367.811473924324,0.0,***,2020-11-13
1,ma1,0.36872460238527205,0.01724780150169333,21.378063885363705,0.0,***,2020-11-13
8,solar_power,-0.6090060836894956,0.06446069415810353,-9.447712154569402,0.0,***,2020-11-13
17,cos_336_1,6.816974789144556,0.29440894217040353,23.15478170903824,0.0,***,2020-11-14
16,sin_336_1,27.03043512620504,0.7598383405257877,35.57392893269996,0.0,***,2020-11-14
15,lag_48*7,0.2425736434964894,0.019104241067323207,12.697371365952808,0.0,***,2020-11-14
14,Weekends,-30.24500278573507,7.876233273971881,-3.8400339011902975,0.00012301732165731494,***,2020-11-14
13,Holidays,-0.01650865250476563,0.019298434980775273,-0.855439962940582,0.3923076278806925,,2020-11-14
12,solar_16,0.11080805893062984,0.06516469060648504,1.700430983395208,0.08904988802879243,.,2020-11-14
11,solar_4,-0.3998603937318783,0.06457029372584594,-6.1926370573690575,5.916587220156089e-10,***,2020-11-14
10,temp_9,3.5756656911152414,0.6929405229858095,5.160133622591539,2.467736470723736e-07,***,2020-11-14
9,temp_1,-2.588639589851421,1.388705866604476,-1.864066143956677,0.06231241625116213,.,2020-11-14
7,temperature,-5.445863086895299,1.3959666244858318,-3.901141324851618,9.57402349996972e-05,***,2020-11-14
6,pv_capacity,-6.271293183775837,0.6635570631305401,-9.451023178306672,0.0,***,2020-11-14
5,rainfall,-2.825068170353658,1.1310410988354629,-2.4977590763610547,0.012498110219260283,*,2020-11-14
4,intercept,9634.388118518495,0.01981529307749504,486209.72098871577,0.0,***,2020-11-14
3,sma1,-0.8159077990439093,0.019365774369947457,-42.131431641074265,0.0,***,2020-11-14
2,sar1,0.9889541951012122,0.0028260391727017668,349.94355515452617,0.0,***,2020-11-14
1,ma1,0.3794659113092586,0.016748222951032468,22.657085018435694,0.0,***,2020-11-14
0,ar1,0.9677044584610506,0.0042423415659201885,228.10621055005737,0.0,***,2020-11-14
8,solar_power,-0.6913285959908597,0.062387941092633216,-11.081125356651528,0.0,***,2020-11-14
11,solar_4,-0.35833510500421817,0.06324201805406753,-5.6660921967712445,1.4609093934581097e-08,***,2020-11-15
12,solar_16,0.14278364559994894,0.060119846809281334,2.374983523376276,0.017549733568134496,*,2020-11-15
17,cos_336_1,11.55860450636819,1.060109752741243,10.90321495154613,0.0,***,2020-11-15
10,temp_9,4.777649964785067,0.7905631996937972,6.043349812684879,1.5094687721983746e-09,***,2020-11-15
14,Weekends,-49.30949985952345,14.237703814121726,-3.4633042310246416,0.0005335847179162023,***,2020-11-15
15,lag_48*7,0.2386887296579679,0.019020750012052945,12.548860034789227,0.0,***,2020-11-15
16,sin_336_1,12.393990602496494,0.12485686499697923,99.26559186630509,0.0,***,2020-11-15
13,Holidays,0.015006573663561729,0.019326744664349128,0.7764667006360074,0.43747347486693755,,2020-11-15
9,temp_1,-1.9488633036887875,1.4246874669769178,-1.367923385908723,0.1713360587435977,,2020-11-15
4,intercept,9502.876771200463,0.020020231370071122,474663.6837277822,0.0,***,2020-11-15
7,temperature,-8.08485882036836,1.337464460367841,-6.044914881809116,1.4948891013943921e-09,***,2020-11-15
6,pv_capacity,-5.153448098700364,0.7972353898133567,-6.464148687512297,1.0187073407053049e-10,***,2020-11-15
5,rainfall,-1.7650063609444377,1.2985942169608629,-1.3591669652396363,0.17409368674818548,,2020-11-15
3,sma1,-0.8074783830228016,0.015588234816639252,-51.80050162965726,0.0,***,2020-11-15
2,sar1,0.99003046853893,0.0025661469771283887,385.8042728506572,0.0,***,2020-11-15
1,ma1,0.38330444072676884,0.01772118199536395,21.629733322926505,0.0,***,2020-11-15
0,ar1,0.971378466669164,0.00573071140614105,169.50399310428224,0.0,***,2020-11-15
8,solar_power,-0.7130502322170311,0.06448344745153838,-11.05788012889531,0.0,***,2020-11-15
17,cos_336_1,5.880010862614901,0.37723624272951406,15.58707832542746,0.0,***,2020-11-16
16,sin_336_1,23.851893304277816,1.0153210887323487,23.4919707361318,0.0,***,2020-11-16
15,lag_48*7,0.22778327035747833,0.01866116286047224,12.206274178120218,0.0,***,2020-11-16
14,Weekends,-10.57426314451137,13.302161011647229,-0.7949282176973095,0.42665525896549616,,2020-11-16
13,Holidays,-0.010888937051104192,0.019302832029161013,-0.5641108535086534,0.5726786920416684,,2020-11-16
12,solar_16,0.1549444943549863,0.06418025441059697,2.414208166949912,0.01576944997546681,*,2020-11-16
11,solar_4,-0.2962060276864591,0.06611083479637823,-4.480446035793912,7.448721177194528e-06,***,2020-11-16
10,temp_9,0.0829190342930712,0.22317919728393457,0.37153567761774575,0.7102385876314428,,2020-11-16
9,temp_1,-7.155676948674107,1.7946784202904043,-3.987163866112692,6.68678430217895e-05,***,2020-11-16
0,ar1,0.9716300562822384,0.0051072098034973075,190.24674796341577,0.0,***,2020-11-16
7,temperature,-10.033629516550848,1.4752599255718835,-6.801262165825672,1.0370593273023587e-11,***,2020-11-16
6,pv_capacity,-4.14011012493956,1.3934407292530124,-2.971141892170014,0.0029669466646187193,**,2020-11-16
5,rainfall,-2.0996703904697633,1.4363792421061425,-1.461779959581598,0.1438015175091567,,2020-11-16
4,intercept,8900.280691434267,0.019567291241686886,454855.0221643749,0.0,***,2020-11-16
3,sma1,-0.8260628114222168,0.0180241676647993,-45.83084371965173,0.0,***,2020-11-16
2,sar1,0.9916920053837441,0.002378503668806191,416.93944743061513,0.0,***,2020-11-16
1,ma1,0.37100577333826823,0.015614760644467787,23.75993982781371,0.0,***,2020-11-16
8,solar_power,-0.7136422216015865,0.062270972040278746,-11.460271105772705,0.0,***,2020-11-16
11,solar_4,-0.3260531612324925,0.06384165418631646,-5.107216681462137,3.269387698345838e-07,***,2020-11-17
12,solar_16,0.1539963091899733,0.06769005291094439,2.275021255967649,0.022904654751295217,*,2020-11-17
13,Holidays,-0.013859907663709148,0.01938858593248028,-0.7148488142443982,0.47470246832340757,,2020-11-17
10,temp_9,0.0020342896550737434,0.2385972756718945,0.008526038905285672,0.9931972876114146,,2020-11-17
15,lag_48*7,0.2546325967483766,0.020081992955384292,12.679647747815075,0.0,***,2020-11-17
16,sin_336_1,-11.297763382944895,2.794297561016935,-4.043149713387459,5.273792194304683e-05,***,2020-11-17
17,cos_336_1,-11.018569171610999,1.3512433089335427,-8.154393142051752,4.440892098500626e-16,***,2020-11-17
14,Weekends,-57.51070875036872,22.978506004812196,-2.502804522553587,0.012321357612933737,*,2020-11-17
9,temp_1,4.991623165455697,1.5764935355106855,3.1662820385994936,0.001544010090818837,**,2020-11-17
0,ar1,0.9999550525862212,4.108655574579107e-05,24337.76777915139,0.0,***,2020-11-17
7,temperature,-2.5343434522857136,1.3932335732956331,-1.8190370235558098,0.06890578181131168,.,2020-11-17
6,pv_capacity,2.542341880532988,1.1979336082237317,2.1222727729483384,0.03381483849932754,*,2020-11-17
5,rainfall,-3.3638710814136057,1.351957629825403,-2.488148302286684,0.012841017371057584,*,2020-11-17
4,intercept,8522.438384637653,0.023512298528445743,362467.2583298057,0.0,***,2020-11-17
3,sma1,-0.7840634984936344,0.021901434705551795,-35.79964093835744,0.0,***,2020-11-17
2,sar1,0.9836648576789322,0.003747501083606027,262.48554322828966,0.0,***,2020-11-17
1,ma1,0.40419842665567485,0.01708426953453422,23.65909914021353,0.0,***,2020-11-17
8,solar_power,-0.753047187351749,0.0660475068863034,-11.401598983108812,0.0,***,2020-11-17
11,solar_4,-0.3196694819161409,0.07288776621338858,-4.385776907749734,1.1557252745708624e-05,***,2020-11-18
12,solar_16,0.15892052619255187,0.06863811630509435,2.315339271348225,0.02059437216328286,*,2020-11-18
13,Holidays,0.010878613162139505,0.019291963082256124,0.5638935299510894,0.5728265935697603,,2020-11-18
17,cos_336_1,4.887627170794682,0.2865735042038693,17.055404980209225,0.0,***,2020-11-18
15,lag_48*7,0.23163621354209385,0.019780984963178202,11.710044468123238,0.0,***,2020-11-18
16,sin_336_1,14.081972528959307,0.21423186073024864,65.7323914424228,0.0,***,2020-11-18
10,temp_9,-5.961202343227539,0.8380462843732125,-7.113213738172006,1.1337597527472099e-12,***,2020-11-18
14,Weekends,-15.343709020778867,10.303465773397962,-1.4891794041179887,0.13644013277389044,,2020-11-18
9,temp_1,4.685227238383691,1.4822286041736603,3.160934302030756,0.0015726396503226159,**,2020-11-18
8,solar_power,-0.7783677596254902,0.06948674029289646,-11.201673245061716,0.0,***,2020-11-18
7,temperature,-1.908374285412379,1.3933016737195938,-1.369677738430999,0.17078752082732085,,2020-11-18
6,pv_capacity,-4.910882057766113,0.9259616739482608,-5.303547863732116,1.1357340756745771e-07,***,2020-11-18
5,rainfall,-3.567429557137508,1.3444291745560635,-2.6534901389026233,0.007966409826007492,**,2020-11-18
4,intercept,9446.99167093756,0.01988919443108745,474981.111159113,0.0,***,2020-11-18
3,sma1,-0.8004602260093696,0.019302685053783325,-41.46885388115885,0.0,***,2020-11-18
2,sar1,0.9874260527937392,0.0032503165584238636,303.7938105550432,0.0,***,2020-11-18
1,ma1,0.4069227159681618,0.01647997433308678,24.69195083339327,0.0,***,2020-11-18
0,ar1,0.9759507642666099,0.0037905379981017107,257.4702495411899,0.0,***,2020-11-18
16,sin_336_1,12.67045121871163,0.01937731799178584,653.8805434313825,0.0,***,2020-11-19
15,lag_48*7,0.23090964010532772,0.019286951969931156,11.972324111415928,0.0,***,2020-11-19
14,Weekends,-258.6187696974537,0.02301555134875489,-11236.696691667332,0.0,***,2020-11-19
13,Holidays,-9.88038785108003e-05,0.01928791876804078,-0.00512257852695408,0.9959127915571282,,2020-11-19
12,solar_16,0.20985464094881845,0.0368783226610138,5.6904605688769,1.2669716831226197e-08,***,2020-11-19
11,solar_4,-0.26259987924596545,0.03327400395824857,-7.892043277252403,2.886579864025407e-15,***,2020-11-19
10,temp_9,-0.18858820352866545,0.020529252175742287,-9.186316282455943,0.0,***,2020-11-19
9,temp_1,-4.314404017911049,0.023690285815412715,-182.1170099646553,0.0,***,2020-11-19
17,cos_336_1,1.8653714729928321,0.019452717374765643,95.89259109951497,0.0,***,2020-11-19
7,temperature,-12.798234022561067,0.024898867299138618,-514.0086843630764,0.0,***,2020-11-19
0,ar1,0.9975692273815802,0.0010793395328452078,924.240423911764,0.0,***,2020-11-19
1,ma1,0.3930543120375264,0.0152936448692876,25.7004994817717,0.0,***,2020-11-19
2,sar1,0.9937962481982336,0.0014671491684132396,677.365512378711,0.0,***,2020-11-19
8,solar_power,-0.7103484953855341,0.03902136270495611,-18.20409248022783,0.0,***,2020-11-19
4,intercept,10149.592888684328,0.019287917526961983,526215.0708855182,0.0,***,2020-11-19
5,rainfall,0.7585549782034486,0.02095299956039352,36.20269145794809,0.0,***,2020-11-19
6,pv_capacity,9.70281457966751,0.02796158061370418,347.0052252665605,0.0,***,2020-11-19
3,sma1,-0.8566755888696698,0.01325460021856433,-64.63232196696616,0.0,***,2020-11-19
9,temp_1,8.540868387373987,1.0112484114316274,8.445865813804003,0.0,***,2020-11-20
16,sin_336_1,7.454601688450055,0.021512735746479012,346.5203950023023,0.0,***,2020-11-20
15,lag_48*7,0.23200449331601158,0.018046151674816713,12.856175515790014,0.0,***,2020-11-20
14,Weekends,-37.30293284254396,11.849926996471826,-3.1479462155041515,0.0016442194337054072,**,2020-11-20
13,Holidays,0.03168299214928194,0.0193452282689449,1.6377678106876095,0.10147013881724387,,2020-11-20
12,solar_16,0.17336947147778992,0.07043487277089308,2.4614152714056456,0.013839008090350546,*,2020-11-20
11,solar_4,-0.3563220540734265,0.06966398943650666,-5.114867192585726,3.139617759106983e-07,***,2020-11-20
10,temp_9,-6.607092005999613,1.165400509136255,-5.669374566256631,1.4331973163805856e-08,***,2020-11-20
17,cos_336_1,-2.8736209238934154,0.07572991750536286,-37.945649732021934,0.0,***,2020-11-20
8,solar_power,-0.7920735696844539,0.06584165900657371,-12.029975879030816,0.0,***,2020-11-20
6,pv_capacity,-6.993910006950578,1.0751777097536253,-6.504887465117946,7.775158294975881e-11,***,2020-11-20
5,rainfall,-1.7244187268529825,1.4119744765366815,-1.221281797587921,0.22197934283775478,,2020-11-20
4,intercept,10401.882310515959,0.023956796685745633,434193.3709653725,0.0,***,2020-11-20
3,sma1,-0.8212248709535078,0.016890807413506497,-48.61963379541152,0.0,***,2020-11-20
2,sar1,0.9888926875456255,0.0029490641442121435,335.32423819483006,0.0,***,2020-11-20
1,ma1,0.41374163663681424,0.016916265900924897,24.458213122211145,0.0,***,2020-11-20
0,ar1,0.9740319870207421,0.0045285766708734925,215.08567874878585,0.0,***,2020-11-20
7,temperature,4.0079900138499776,0.9181516880030218,4.365280885740512,1.2695951039809472e-05,***,2020-11-20
11,solar_4,-0.3343102295802835,0.06795054480021102,-4.919905065709573,8.658619905510534e-07,***,2020-11-21
17,cos_336_1,-11.51776323343053,1.2156360628618417,-9.474680445326289,0.0,***,2020-11-21
16,sin_336_1,-10.364084782696281,2.5737336667519304,-4.026867626818523,5.6524833344173686e-05,***,2020-11-21
15,lag_48*7,0.23361412867574882,0.018936742215938437,12.336553247217118,0.0,***,2020-11-21
14,Weekends,-148.82640736367736,10.360802465288428,-14.364370700270298,0.0,***,2020-11-21
13,Holidays,-0.025488175979174965,0.01930927982576779,-1.3199961991933837,0.18683628698095234,,2020-11-21
12,solar_16,0.17024502590352597,0.06849423059037198,2.485538189656762,0.012935570709818434,*,2020-11-21
10,temp_9,7.420366838237408,1.2701898126296394,5.841935405603061,5.159781490959858e-09,***,2020-11-21
9,temp_1,6.600548994242755,1.4591565565811535,4.523537220507739,6.081461896290108e-06,***,2020-11-21
8,solar_power,-0.7611418956411956,0.06553861035630097,-11.613641050721766,0.0,***,2020-11-21
1,ma1,0.4032207989966938,0.014666862836738381,27.491959492979213,0.0,***,2020-11-21
2,sar1,0.9894720073654062,0.0029135503467617252,339.61040297970413,0.0,***,2020-11-21
3,sma1,-0.8263813833630932,0.017409983653526147,-47.465948263295545,0.0,***,2020-11-21
0,ar1,0.9949623834728274,0.0012538966087699743,793.4963509063545,0.0,***,2020-11-21
5,rainfall,3.4913470760117042,0.8597781242807716,4.060753556543804,4.891458259947967e-05,***,2020-11-21
6,pv_capacity,-3.478760773259892,3.3294956320307945,-1.0448311569455506,0.29610101205596595,,2020-11-21
7,temperature,-0.6443113394897891,1.4562400384560836,-0.44244858160395917,0.6581646304537538,,2020-11-21
4,intercept,9381.654894384988,0.03756896447508184,249718.2188933503,0.0,***,2020-11-21
10,temp_9,-0.8982446869878108,0.7485293814196666,-1.2000125970796136,0.23013444812600503,,2020-11-22
16,sin_336_1,1.9191171275938737,0.6572484093925045,2.919926621606762,0.0035011381293601485,**,2020-11-22
15,lag_48*7,0.24374052410265137,0.016524626659297468,14.7501380290194,0.0,***,2020-11-22
14,Weekends,-125.6467526636164,13.372016969126095,-9.396245379714607,0.0,***,2020-11-22
13,Holidays,-0.022279312709692523,0.019445150467265086,-1.1457516231205618,0.2518979371420089,,2020-11-22
12,solar_16,0.20310102882661152,0.0660479538141274,3.075054064478361,0.002104643985310961,**,2020-11-22
11,solar_4,-0.3135031639514593,0.06593015783502115,-4.755079833661962,1.9836801301575946e-06,***,2020-11-22
9,temp_1,11.543186598122748,0.8997714931132141,12.829020130637014,0.0,***,2020-11-22
17,cos_336_1,2.0651850567068175,0.511869543059793,4.034592572868859,5.4697122815472454e-05,***,2020-11-22
7,temperature,-0.8824374503441907,1.2366191448275154,-0.7135887019339926,0.4754815458245858,,2020-11-22
0,ar1,0.9995020553077563,0.0002775830482552136,3600.7316065958053,0.0,***,2020-11-22
1,ma1,0.40307750087652994,0.014668608866238756,27.478918045476856,0.0,***,2020-11-22
2,sar1,0.9895950995536729,0.0029828633482593668,331.7601190584696,0.0,***,2020-11-22
8,solar_power,-0.7739820486697365,0.06957183338251606,-11.124933914192985,0.0,***,2020-11-22
4,intercept,7200.342614162331,0.053855800040454434,133696.69763987735,0.0,***,2020-11-22
5,rainfall,-3.8000181615870026,1.6303136069732538,-2.330851037084759,0.019761215851561875,*,2020-11-22
6,pv_capacity,23.307236209223007,3.4017888556256133,6.8514646847288345,7.30970839413203e-12,***,2020-11-22
3,sma1,-0.8365893333735762,0.014449369766355594,-57.89798080477665,0.0,***,2020-11-22
9,temp_1,13.496272793552798,0.7089083673403814,19.03810621418802,0.0,***,2020-11-23
16,sin_336_1,18.317463907212563,0.5020066538320019,36.488488284744044,0.0,***,2020-11-23
15,lag_48*7,0.22679971900595544,0.01944295344884253,11.664880009238368,0.0,***,2020-11-23
14,Weekends,-24.52160799196337,14.241196629616494,-1.721878338577769,0.08509155969274218,.,2020-11-23
13,Holidays,-0.005286345355462463,0.019290148365940292,-0.27404378935707485,0.7840509702311642,,2020-11-23
12,solar_16,0.12957447080863507,0.0680823875190431,1.903201041126712,0.057014317369075806,.,2020-11-23
11,solar_4,-0.2876632877085887,0.06685979157850241,-4.302485558466529,1.688926823439907e-05,***,2020-11-23
10,temp_9,-2.659243622531125,1.4129839929242296,-1.8820054833230693,0.05983527114071285,.,2020-11-23
17,cos_336_1,2.870748486315565,0.3791423979445813,7.571689428242679,3.68594044175552e-14,***,2020-11-23
8,solar_power,-0.7427741191104146,0.06541186821600332,-11.355341765467132,0.0,***,2020-11-23
6,pv_capacity,9.70310310474263,0.9020117848721583,10.757179969791466,0.0,***,2020-11-23
5,rainfall,-1.8479487038029618,1.7921236407158048,-1.0311502297156572,0.3024703759265166,,2020-11-23
4,intercept,5280.833306223325,0.02520231228402772,209537.65062145187,0.0,***,2020-11-23
3,sma1,-0.8561825688173177,0.01586190724312426,-53.97727749217872,0.0,***,2020-11-23
2,sar1,0.9951832061688205,0.0014320122405930857,694.9543991025196,0.0,***,2020-11-23
1,ma1,0.4037982302078866,0.014591996160804943,27.67258336405783,0.0,***,2020-11-23
0,ar1,0.9871530150113327,0.002270936561467961,434.6898243486049,0.0,***,2020-11-23
7,temperature,-2.6636209435491094,1.4260068097440712,-1.8678879549159766,0.061777690155178755,.,2020-11-23
11,solar_4,-0.31249162493733307,0.06075164462368358,-5.143755808966372,2.69299531563405e-07,***,2020-11-24
12,solar_16,0.15836336819668229,0.06431116739217592,2.4624551943050057,0.013798941285423805,*,2020-11-24
13,Holidays,0.002770423778103659,0.019288297322122745,0.14363236587638645,0.885790781375807,,2020-11-24
17,cos_336_1,4.244816176253895,0.5925170690259457,7.164040325845902,7.833733661755105e-13,***,2020-11-24
15,lag_48*7,0.23519897528964104,0.019353649183000612,12.152693947569816,0.0,***,2020-11-24
16,sin_336_1,11.944988900790975,0.30700723248462314,38.90784202091804,0.0,***,2020-11-24
10,temp_9,11.753408605801477,0.7265626742874093,16.176730544723984,0.0,***,2020-11-24
14,Weekends,-190.1685265190256,7.856960730767254,-24.203828049482322,0.0,***,2020-11-24
8,solar_power,-0.7658225751298356,0.06111344687777229,-12.531163176927183,0.0,***,2020-11-24
5,rainfall,6.491442439234418,1.7754470656169183,3.656229782879403,0.0002559519434295332,***,2020-11-24
7,temperature,9.629955683781963,0.9799048436830222,9.827439619123918,0.0,***,2020-11-24
6,pv_capacity,-9.460317762563905,2.882949787490498,-3.2814715690205496,0.0010326693466276016,**,2020-11-24
4,intercept,5262.288555409295,0.022955722848068426,229236.45620909223,0.0,***,2020-11-24
3,sma1,-0.8922498276515315,0.008079753152394769,-110.43033256369675,0.0,***,2020-11-24
2,sar1,0.9941795080787412,0.000521194118802077,1907.5033125158498,0.0,***,2020-11-24
1,ma1,0.39535732911686955,0.015508657893088952,25.492684914601845,0.0,***,2020-11-24
0,ar1,0.9980174438732644,0.0004589457194229029,2174.5871061358025,0.0,***,2020-11-24
9,temp_1,17.395250884743263,0.7342146718045596,23.69232263091264,0.0,***,2020-11-24
17,cos_336_1,-8.537053371934926,0.39272450286818966,-21.738020697934964,0.0,***,2020-11-25
16,sin_336_1,18.141546834372026,0.44652079989518745,40.628671360058526,0.0,***,2020-11-25
14,Weekends,-64.7625352578774,9.453205223618783,-6.850854681126414,7.34101668342646e-12,***,2020-11-25
13,Holidays,0.01606763561357427,0.019297394411333896,0.8326323891756756,0.4050520863062288,,2020-11-25
12,solar_16,0.16198255557016045,0.06448704800136676,2.5118618480834685,0.012009609345532413,*,2020-11-25
11,solar_4,-0.23676513423431436,0.06349220934066571,-3.729042298149644,0.00019220888951720916,***,2020-11-25
10,temp_9,-4.075128351428658,0.8200992648562939,-4.969067192302316,6.727575621034987e-07,***,2020-11-25
9,temp_1,9.367686456516955,1.5541962342612725,6.027351147823058,1.6666863444925184e-09,***,2020-11-25
15,lag_48*7,0.20304566113838168,0.02050122713657988,9.904073535973458,0.0,***,2020-11-25
7,temperature,1.300028798316062,1.3842043151910195,0.9391885172216493,0.3476339635032517,,2020-11-25
6,pv_capacity,-17.73044678734865,1.2657355371383474,-14.008018473933925,0.0,***,2020-11-25
5,rainfall,-0.1944127795777573,1.2054774799683208,-0.16127450143893715,0.8718772052598525,,2020-11-25
4,intercept,4170.981566568107,0.025537716339399455,163326.33314331,0.0,***,2020-11-25
3,sma1,-0.8840704221923142,0.011419083692319157,-77.42043459992928,0.0,***,2020-11-25
2,sar1,0.9966686960975653,0.001381104122071775,721.6463119395202,0.0,***,2020-11-25
1,ma1,0.41262428339581686,0.01551454687229242,26.59596099018055,0.0,***,2020-11-25
0,ar1,0.997378156188557,0.000244814486914414,4074.0160795191655,0.0,***,2020-11-25
8,solar_power,-0.7680047567452358,0.06375335136049591,-12.046500150282638,0.0,***,2020-11-25
11,solar_4,-0.16359452886725226,0.030829806402138043,-5.30637548395072,1.1182648695928776e-07,***,2020-11-26
12,solar_16,0.167789437437738,0.04785409070682535,3.50627156340067,0.00045443132153311083,***,2020-11-26
13,Holidays,-0.00097787548845929,0.019287918689961957,-0.05069885995362513,0.9595654851079254,,2020-11-26
17,cos_336_1,0.8547780904586542,0.019667670121348537,43.461075215555084,0.0,***,2020-11-26
15,lag_48*7,0.24445659378832707,0.01980110463355027,12.345603859601283,0.0,***,2020-11-26
16,sin_336_1,16.718693502079386,0.020428285346265167,818.4090450418546,0.0,***,2020-11-26
10,temp_9,3.488658650256792,0.019399244987514094,179.8347643169717,0.0,***,2020-11-26
14,Weekends,-275.95264121749426,0.02851342675116848,-9677.989377624901,0.0,***,2020-11-26
9,temp_1,-5.71536551251127,0.048556792289352606,-117.70475855268799,0.0,***,2020-11-26
5,rainfall,-0.4726863816852253,0.019635505792883447,-24.073043326265747,0.0,***,2020-11-26
7,temperature,-9.42950818893995,0.019293050361501248,-488.75154588080454,0.0,***,2020-11-26
6,pv_capacity,-12.893223843155258,0.02194185241593956,-587.6087213944177,0.0,***,2020-11-26
4,intercept,684.204949453452,0.019287910116921634,35473.25476455775,0.0,***,2020-11-26
3,sma1,-0.9217582306806635,0.007203858108899633,-127.95341284442084,0.0,***,2020-11-26
2,sar1,0.9972095675682067,0.0002780900481627011,3585.9232437716473,0.0,***,2020-11-26
1,ma1,0.37819922168893844,0.014641432673532686,25.83075236705552,0.0,***,2020-11-26
0,ar1,0.9979146443902095,0.0003322253607645528,3003.7280781145087,0.0,***,2020-11-26
8,solar_power,-0.7018684697284506,0.05413002027104724,-12.966344113930843,0.0,***,2020-11-26
12,solar_16,0.2026994699305309,0.059218285330368776,3.4229202821342244,0.0006195224318845671,***,2020-11-27
11,solar_4,-0.18398873701465326,0.06234858822019489,-2.9509687751848532,0.003167789395081,**,2020-11-27
13,Holidays,0.0010985667904388485,0.01928793696258018,0.05695615827499528,0.9545801190419845,,2020-11-27
10,temp_9,7.549618220442589,0.9255918984353346,8.15653014379753,4.440892098500626e-16,***,2020-11-27
15,lag_48*7,0.24110183445402739,0.017404666553445275,13.852712070849813,0.0,***,2020-11-27
16,sin_336_1,7.302335488075076,0.5118907899672016,14.265416825614226,0.0,***,2020-11-27
17,cos_336_1,-0.22483500342716775,1.0167683569576655,-0.22112706585392788,0.8249934963436096,,2020-11-27
14,Weekends,-196.9535151071363,4.606719452668749,-42.753529302297295,0.0,***,2020-11-27
9,temp_1,6.125387308813174,1.5405658695173092,3.9760632310596256,7.006550298171987e-05,***,2020-11-27
0,ar1,0.9753008060693578,0.004299858790699461,226.82158962497112,0.0,***,2020-11-27
7,temperature,-5.426288993941483,0.5930375911742615,-9.149991627338498,0.0,***,2020-11-27
6,pv_capacity,7.515761988878399,0.7856161573450405,9.566710051226067,0.0,***,2020-11-27
5,rainfall,4.546902906693775,1.3169059772941785,3.452716431613599,0.0005549720699729033,***,2020-11-27
4,intercept,-1.6582041395767815,0.024173131647672905,-68.59699288223639,0.0,***,2020-11-27
3,sma1,-0.9114734337738669,0.01063065362848686,-85.74011209728444,0.0,***,2020-11-27
2,sar1,0.9964785527288836,0.0010826184021934153,920.4337841569939,0.0,***,2020-11-27
1,ma1,0.39375492286107905,0.014889477844850901,26.445180077100414,0.0,***,2020-11-27
8,solar_power,-0.7222039042006778,0.06147664136921681,-11.747614835743237,0.0,***,2020-11-27
16,sin_336_1,7.937279776848675,0.3462420820290652,22.924075924954675,0.0,***,2020-11-28
15,lag_48*7,0.22762688162966643,0.0184548859593556,12.334233987193635,0.0,***,2020-11-28
14,Weekends,-239.9696399810864,5.024894890358506,-47.756151166769094,0.0,***,2020-11-28
13,Holidays,-0.0013276046126766694,0.01929315277845161,-0.06881221684822099,0.9451390935015616,,2020-11-28
12,solar_16,0.19311861169451872,0.06100715903277894,3.1655073725160148,0.0015481273854556221,**,2020-11-28
11,solar_4,-0.24248169270121453,0.0641350919608106,-3.780795899526918,0.00015632779604835,***,2020-11-28
10,temp_9,0.577452300755194,0.6842039154882535,0.8439769017444446,0.3986823130906918,,2020-11-28
9,temp_1,14.787359779607304,1.5054832295113938,9.822334443676638,0.0,***,2020-11-28
17,cos_336_1,-3.1047151554505166,0.5141813132556864,-6.038171896586678,1.5586998358685378e-09,***,2020-11-28
7,temperature,4.530083235932714,2.055883585315089,2.203472642269491,0.02756145313888947,*,2020-11-28
0,ar1,0.9732885517917047,0.004677368452045928,208.0846445539219,0.0,***,2020-11-28
1,ma1,0.39364533677537367,0.014765639858257034,26.659551536823162,0.0,***,2020-11-28
2,sar1,0.9964243860449282,0.0010343601001934302,963.3244610446519,0.0,***,2020-11-28
8,solar_power,-0.78879123018554,0.06522380570875684,-12.093609405555403,0.0,***,2020-11-28
4,intercept,534.7503649188084,0.019811550230433198,26991.848628653002,0.0,***,2020-11-28
5,rainfall,-0.32415545667587603,0.7805958350807766,-0.41526670026663953,0.677946675490622,,2020-11-28
6,pv_capacity,7.21773896395515,0.9137814265872667,7.898758668045494,2.886579864025407e-15,***,2020-11-28
3,sma1,-0.9110928106459998,0.00965777849227099,-94.33772076830473,0.0,***,2020-11-28
9,temp_1,13.571035945958373,1.3876367088211894,9.779963199076146,0.0,***,2020-11-29
16,sin_336_1,4.094703749949897,0.49413504310457196,8.286608705635455,2.220446049250313e-16,***,2020-11-29
15,lag_48*7,0.21899422517756525,0.020182869962200947,10.850499735057694,0.0,***,2020-11-29
14,Weekends,-59.946698077250865,14.270536776079476,-4.200731830755979,2.6605357791753548e-05,***,2020-11-29
13,Holidays,0.00361960049641763,0.019300335808797472,0.18754080407076362,0.8512366341618849,,2020-11-29
12,solar_16,0.21323159879394554,0.0662588476225628,3.2181603883091805,0.0012901565275942328,**,2020-11-29
11,solar_4,-0.21229876837297007,0.06303719207625129,-3.3678335182850216,0.0007576132969140392,***,2020-11-29
10,temp_9,6.990527481151015,0.8984186274552918,7.780924468308497,7.105427357601002e-15,***,2020-11-29
17,cos_336_1,7.273695096171897,0.694538299771283,10.4727055348383,0.0,***,2020-11-29
8,solar_power,-0.7459629664793893,0.067566732970576,-11.040388275162597,0.0,***,2020-11-29
6,pv_capacity,6.907259707132192,0.9086012653452125,7.60208021998281,2.90878432451791e-14,***,2020-11-29
5,rainfall,-3.738428548840451,1.2769097340239004,-2.927715600584871,0.0034146222609998667,**,2020-11-29
4,intercept,-103.6496038073516,0.02171052393695255,-4774.164092416677,0.0,***,2020-11-29
3,sma1,-1.108995685497546,0.012120850330588235,-91.49487496754904,0.0,***,2020-11-29
2,sar1,0.9961818530037241,0.0009617072058942743,1035.8473419957297,0.0,***,2020-11-29
1,ma1,0.42413418037223755,0.01496968283390331,28.332876860400756,0.0,***,2020-11-29
0,ar1,0.9826686736394665,0.003316833046922212,296.26714994030647,0.0,***,2020-11-29
7,temperature,-7.759330449871911,1.859082070998162,-4.173742822287474,2.9963598076498954e-05,***,2020-11-29
11,solar_4,-0.22184545372623837,0.06665982569123598,-3.328023309779,0.0008746454784895885,***,2020-11-30
17,cos_336_1,9.010981743318634,1.135127398088252,7.938299928708147,1.9984014443252818e-15,***,2020-11-30
16,sin_336_1,24.270414348865263,2.0074988938791694,12.089876822779505,0.0,***,2020-11-30
15,lag_48*7,0.20492935271901402,0.019245915802576275,10.647939792586124,0.0,***,2020-11-30
14,Weekends,-51.30311406234767,12.405134139739062,-4.1356355751125164,3.5397355644617434e-05,***,2020-11-30
13,Holidays,0.007823643791198931,0.019312692255936334,0.4051037363158987,0.6854012601844446,,2020-11-30
12,solar_16,0.22335841219291952,0.06260874657057847,3.5675272933491637,0.000360365853407707,***,2020-11-30
10,temp_9,3.1721707418491936,1.6482955710515157,1.9245157225202851,0.05428997190505491,.,2020-11-30
9,temp_1,13.941408586049745,0.5246248613578484,26.574052457152355,0.0,***,2020-11-30
0,ar1,0.991431195632752,0.002586128916346397,383.3649549974544,0.0,***,2020-11-30
7,temperature,-0.07347050278016277,0.8098592194904125,-0.09072009185299218,0.9277150054719157,,2020-11-30
6,pv_capacity,3.8640483679354216,1.0987809272530173,3.5166685843334116,0.00043699904893679253,***,2020-11-30
5,rainfall,-2.0084825906301362,1.6595835180508016,-1.2102329101153766,0.22618953313955048,,2020-11-30
4,intercept,1213.1563234240534,0.019762018944694818,61388.278536679034,0.0,***,2020-11-30
3,sma1,-0.8687820204638202,0.012824457743721662,-67.74415244879582,0.0,***,2020-11-30
2,sar1,0.9933303299290096,0.001556711731548342,638.0952297064146,0.0,***,2020-11-30
1,ma1,0.44271250227054004,0.015775716514669313,28.062909336566516,0.0,***,2020-11-30
8,solar_power,-0.771190957411316,0.06547486552155253,-11.778427512118542,0.0,***,2020-11-30
11,solar_4,-0.21858832833520572,0.062082814771007584,-3.5209152346179633,0.00043006006933943297,***,2020-12-01
12,solar_16,0.2198686732617526,0.06473805395922239,3.396281781967757,0.0006830799950248156,***,2020-12-01
13,Holidays,-0.013638885147963825,0.019322517187082885,-0.7058544710252052,0.4802786435488975,,2020-12-01
17,cos_336_1,1.0170511905355362,0.08069647729099498,12.60341497768243,0.0,***,2020-12-01
16,sin_336_1,19.322691955694566,0.8165731568770181,23.663148602134008,0.0,***,2020-12-01
10,temp_9,10.606797851059723,1.0132335856977852,10.46826516686685,0.0,***,2020-12-01
15,lag_48*7,0.21967285483655144,0.018599064527530684,11.810962562734677,0.0,***,2020-12-01
9,temp_1,14.2520819099576,1.6513594436510688,8.630514673684244,0.0,***,2020-12-01
14,Weekends,-24.510490316414046,13.082241094455135,-1.873569684234205,0.06098975974486409,.,2020-12-01
7,temperature,1.8394436079806047,1.5060164964056881,1.2213967193391875,0.2219358487363725,,2020-12-01
8,solar_power,-0.7377923701381562,0.06286119825836706,-11.73684865353252,0.0,***,2020-12-01
1,ma1,0.4418128087380006,0.014564800731970055,30.334284475874213,0.0,***,2020-12-01
2,sar1,0.9941724152073106,0.0014243315620250936,697.9922664873135,0.0,***,2020-12-01
0,ar1,0.980885999658589,0.0034678629426798504,282.85027865045686,0.0,***,2020-12-01
4,intercept,4695.722282625394,0.024360693967531474,192758.14920888405,0.0,***,2020-12-01
5,rainfall,-0.3084740529507023,1.5556016456105224,-0.1982988728644835,0.8428112335038536,,2020-12-01
6,pv_capacity,0.955877265478918,1.2188676253298776,0.7842338623279266,0.432902899076558,,2020-12-01
3,sma1,-0.8805737171368816,0.011764528090264749,-74.84989711279317,0.0,***,2020-12-01
17,cos_336_1,10.57171962745025,0.9387846501856858,11.261069964617795,0.0,***,2020-12-02
10,temp_9,10.920111255030125,1.331218788644525,8.203092796000282,2.220446049250313e-16,***,2020-12-02
16,sin_336_1,13.253131229000006,0.15345860844414222,86.3629050423981,0.0,***,2020-12-02
15,lag_48*7,0.2223575726499465,0.018881897937789372,11.776229984006541,0.0,***,2020-12-02
14,Weekends,-24.778856010494547,13.360945962224795,-1.85457347709896,0.06365715853550902,.,2020-12-02
13,Holidays,0.0007914771834491852,0.01928847940504038,0.0410336743933459,0.9672690501768098,,2020-12-02
12,solar_16,0.21931234079307155,0.06384706820520719,3.4349633735443006,0.0005926339214372689,***,2020-12-02
11,solar_4,-0.19152483668636466,0.06410643299270456,-2.98760713621612,0.002811707272867947,**,2020-12-02
9,temp_1,16.634589174217332,1.8991735791179647,8.758856671722947,0.0,***,2020-12-02
5,rainfall,-2.4428861869194947,0.14655819737823383,-16.668369498397645,0.0,***,2020-12-02
7,temperature,0.516116159856106,2.2623497336554617,0.22813279139745354,0.8195430083071609,,2020-12-02
6,pv_capacity,5.390993286079666,1.2437888527680283,4.334331566070972,1.4620367799089706e-05,***,2020-12-02
4,intercept,1473.1019728598471,0.021263199280386287,69279.41338623833,0.0,***,2020-12-02
3,sma1,-0.8686857525059114,0.011822263718624274,-73.47880009963085,0.0,***,2020-12-02
2,sar1,0.9932811187060915,0.0015571161137766544,637.8979126334847,0.0,***,2020-12-02
1,ma1,0.4467818557846486,0.014680795876388578,30.433081390581616,0.0,***,2020-12-02
0,ar1,0.9807525392481035,0.003665514682803592,267.5620271961286,0.0,***,2020-12-02
8,solar_power,-0.7458047752613475,0.06304835830217081,-11.829091119025517,0.0,***,2020-12-02
12,solar_16,0.23972723511138122,0.06626261229741691,3.617835560653355,0.0002970770366679254,***,2020-12-03
11,solar_4,-0.18927214286382446,0.06301288289392942,-3.0037054991187953,0.002667133599896676,**,2020-12-03
13,Holidays,-0.007063001692643553,0.01930147272542666,-0.3659307138433617,0.7144167771573804,,2020-12-03
10,temp_9,8.032079491553217,0.8189732332833243,9.807499396960774,0.0,***,2020-12-03
15,lag_48*7,0.2312696354255115,0.017647532730407884,13.104927411581924,0.0,***,2020-12-03
16,sin_336_1,17.286288118711283,0.41967408512985627,41.189791629289026,0.0,***,2020-12-03
17,cos_336_1,9.408357658453268,0.6019203255165144,15.63056979406677,0.0,***,2020-12-03
14,Weekends,5.545459664470696,13.106753087056138,0.42309942268976114,0.6722227235724907,,2020-12-03
9,temp_1,18.837479552028814,2.0016625372606,9.410916776116057,0.0,***,2020-12-03
0,ar1,0.9811687943431183,0.0035788625282594413,274.1566032770485,0.0,***,2020-12-03
7,temperature,7.194167395734585,2.1676303565506703,3.3189087678134364,0.0009036994910116558,***,2020-12-03
6,pv_capacity,4.844465112999058,1.0393624474275198,4.660996868791421,3.146815116261692e-06,***,2020-12-03
5,rainfall,0.03637587071638165,0.879530049861174,0.041358303473682634,0.967010253343239,,2020-12-03
4,intercept,988.0273261852351,0.025849103114268922,38222.88617974663,0.0,***,2020-12-03
3,sma1,-0.8747766449456181,0.012509781021501526,-69.92741467193326,0.0,***,2020-12-03
2,sar1,0.9933571383639207,0.0016582729467766806,599.0311427891224,0.0,***,2020-12-03
1,ma1,0.4542583782911507,0.0150587548557511,30.16573300000727,0.0,***,2020-12-03
8,solar_power,-0.7648614591281488,0.06308941091368453,-12.123452225201316,0.0,***,2020-12-03
17,cos_336_1,2.65054963156162,0.14472817329545237,18.313985253933314,0.0,***,2020-12-04
16,sin_336_1,14.006947167429828,0.1935511038691086,72.3682112239577,0.0,***,2020-12-04
15,lag_48*7,0.21577486524726114,0.020035514503516597,10.76961937809926,0.0,***,2020-12-04
14,Weekends,-27.883174619190765,11.981015652241906,-2.327279708876202,0.019950383016683615,*,2020-12-04
13,Holidays,0.01883421293102744,0.019330227014390584,0.9743399762975425,0.3298877617768303,,2020-12-04
12,solar_16,0.23354316467382252,0.06921886785494415,3.373981284456115,0.0007408940480346793,***,2020-12-04
11,solar_4,-0.14851972846733946,0.06688879647100612,-2.220397679478616,0.026391784437991728,*,2020-12-04
10,temp_9,12.4567136810299,1.3613498822493653,9.150266102383327,0.0,***,2020-12-04
9,temp_1,17.999576336074927,1.708586277191537,10.534777538809138,0.0,***,2020-12-04
0,ar1,0.9808906289707033,0.0033272592026574142,294.80439281294525,0.0,***,2020-12-04
7,temperature,2.3449423158433866,2.0180228297493263,1.1619998947854666,0.24523550767062052,,2020-12-04
6,pv_capacity,2.877673167755926,1.0568385575833443,2.7229070581378627,0.006471025984421841,**,2020-12-04
5,rainfall,1.8499672398138611,0.7951144175067109,2.3266679600841815,0.019982944393661217,*,2020-12-04
4,intercept,2810.0570930994336,0.020193885789872818,139153.85688219898,0.0,***,2020-12-04
3,sma1,-0.8811837167442202,0.011086104356881413,-79.48542503095312,0.0,***,2020-12-04
2,sar1,0.9940417155989931,0.0013881872753596616,716.0717672919525,0.0,***,2020-12-04
1,ma1,0.4480935827542703,0.01423410641203707,31.480274896311023,0.0,***,2020-12-04
8,solar_power,-0.7737195909752189,0.06725505805482765,-11.504258762879477,0.0,***,2020-12-04
11,solar_4,-0.15557636978058534,0.06678877597862036,-2.3293789637705986,0.019838998485612436,*,2020-12-05
12,solar_16,0.23516112804634373,0.0659919808946962,3.5634803631912755,0.000365970083871181,***,2020-12-05
13,Holidays,0.007331568915176501,0.01930199808814633,0.379834713571904,0.7040681124022983,,2020-12-05
10,temp_9,12.650623870363722,1.3940773959111141,9.07454916597064,0.0,***,2020-12-05
15,lag_48*7,0.21586561100541135,0.02022819761411285,10.671519782603161,0.0,***,2020-12-05
16,sin_336_1,10.831174726828998,0.021538526085109574,502.8744624413744,0.0,***,2020-12-05
17,cos_336_1,-2.903519795473699,0.38167979353218084,-7.607213807688493,2.7977620220553945e-14,***,2020-12-05
14,Weekends,-31.18172836676169,16.561902689621647,-1.8827382910721613,0.05973584350191352,.,2020-12-05
9,temp_1,18.567350029896545,2.18056401622423,8.51493003266511,0.0,***,2020-12-05
0,ar1,0.9978047239871164,0.0009337223466442474,1068.6310845758142,0.0,***,2020-12-05
7,temperature,5.114537954485204,1.4526143321916354,3.520919380417122,0.0004300533456962352,***,2020-12-05
6,pv_capacity,6.778564445047592,2.5766662426764273,2.6307498940982676,0.008519670874108431,**,2020-12-05
5,rainfall,-2.400141885104167,0.292246008498958,-8.2127447948112,2.220446049250313e-16,***,2020-12-05
4,intercept,4211.605128630266,0.11385016086060168,36992.526815899386,0.0,***,2020-12-05
3,sma1,-0.8820995249494467,0.010729991555660397,-82.20878090850988,0.0,***,2020-12-05
2,sar1,0.9939929008829328,0.0013843865642014963,718.0024182452684,0.0,***,2020-12-05
1,ma1,0.4475764538623707,0.014729764803553331,30.385852037121442,0.0,***,2020-12-05
8,solar_power,-0.7781472942823118,0.06607921460069087,-11.775976742226232,0.0,***,2020-12-05
11,solar_4,-0.13144287121119894,0.06623492581079092,-1.9844948809436789,0.04720069819272643,*,2020-12-06
12,solar_16,0.23162299318515522,0.06532267670805467,3.5458282614526535,0.0003913811867843897,***,2020-12-06
13,Holidays,-0.00012102037848427116,0.019287934393079596,-0.006274408447163352,0.99499377921951,,2020-12-06
17,cos_336_1,-1.0536601797897966,0.12162370831185453,-8.663279507052307,0.0,***,2020-12-06
15,lag_48*7,0.19744253473462253,0.019555871110578542,10.096330335692286,0.0,***,2020-12-06
16,sin_336_1,8.105824417460914,0.10180615789036752,79.62017804649766,0.0,***,2020-12-06
10,temp_9,9.043083269916712,0.6236033717992575,14.501337996016716,0.0,***,2020-12-06
14,Weekends,-233.59438729573912,1.6958116625131099,-137.7478363072251,0.0,***,2020-12-06
9,temp_1,15.589619366874599,1.7932542632855264,8.693479606350937,0.0,***,2020-12-06
0,ar1,0.9783106671991575,0.0037437009772611426,261.3217971043405,0.0,***,2020-12-06
7,temperature,11.223175125312963,0.9627673355469211,11.657203886063908,0.0,***,2020-12-06
6,pv_capacity,-1.7096165238528265,1.0469918855174067,-1.6328842157243284,0.1024933504578327,,2020-12-06
5,rainfall,-7.155099086732299,0.4623688624660606,-15.474872266636481,0.0,***,2020-12-06
4,intercept,7067.360870801828,0.020032178943033545,352800.40633121424,0.0,***,2020-12-06
3,sma1,-0.8909863658027924,0.010383047299699579,-85.81164470170256,0.0,***,2020-12-06
2,sar1,0.9944719100208569,0.0014086606171486284,705.9698396579292,0.0,***,2020-12-06
1,ma1,0.4408515489070734,0.015121772810866255,29.153430250604266,0.0,***,2020-12-06
8,solar_power,-0.7751871998403362,0.06373600339144428,-12.162469539851866,0.0,***,2020-12-06
17,cos_336_1,-7.873506923436389,0.446174793443189,-17.646686991605936,0.0,***,2020-12-07
16,sin_336_1,3.254678379124676,0.38683602339833467,8.413586590339992,0.0,***,2020-12-07
15,lag_48*7,0.1829390810927858,0.017855896574260215,10.245303579798827,0.0,***,2020-12-07
14,Weekends,-189.68613079844891,11.946821254044208,-15.877539871473079,0.0,***,2020-12-07
13,Holidays,-0.0006447265807510982,0.019288501189696636,-0.033425436969436104,0.9733353252247918,,2020-12-07
12,solar_16,0.23263344201464342,0.06726338606765322,3.4585449174482785,0.000543101704698179,***,2020-12-07
11,solar_4,-0.23355340409408776,0.06398788895472961,-3.6499626399508664,0.0002622784534347389,***,2020-12-07
10,temp_9,4.742458491759713,0.7930988762965199,5.979656047308061,2.2360926443809603e-09,***,2020-12-07
9,temp_1,31.22739761124783,1.461659605563257,21.364343307013822,0.0,***,2020-12-07
7,temperature,26.073182887046265,1.675358772192095,15.562745914375848,0.0,***,2020-12-07
6,pv_capacity,-12.698356018117044,1.4002558427937744,-9.068597059221284,0.0,***,2020-12-07
5,rainfall,1.629131002807228,1.6046377847645166,1.0152640167614562,0.3099799921001183,,2020-12-07
4,intercept,11619.741178488892,0.031082607934877264,373834.17771230766,0.0,***,2020-12-07
3,sma1,-0.8933305566739517,0.010086946351042236,-88.5630324168075,0.0,***,2020-12-07
2,sar1,0.9948205686402554,0.001290553566323046,770.8479481984059,0.0,***,2020-12-07
1,ma1,0.45650873863889724,0.014871136268027049,30.69763671121697,0.0,***,2020-12-07
0,ar1,0.9800254905246941,0.0047038202876178575,208.34671194910928,0.0,***,2020-12-07
8,solar_power,-0.8498770332721223,0.06355486029842598,-13.372337367771236,0.0,***,2020-12-07
11,solar_4,-0.17178904480226473,0.0676440162281755,-2.539604452562208,0.011097790124376505,*,2020-12-08
12,solar_16,0.23735811380890137,0.06929716795105964,3.4252209841610397,0.000614299542625929,***,2020-12-08
17,cos_336_1,-3.6759448808952127,0.20341692947266413,-18.070987947879722,0.0,***,2020-12-08
10,temp_9,3.9943824898036233,1.5427930139338089,2.5890592281194995,0.009623854004795929,**,2020-12-08
14,Weekends,-291.6003723872931,4.543884461382263,-64.17424889773437,0.0,***,2020-12-08
15,lag_48*7,0.19376000271094787,0.021196426498586603,9.141163616606223,0.0,***,2020-12-08
16,sin_336_1,2.6358690920735417,0.5252565342505859,5.018250931107958,5.21440400635953e-07,***,2020-12-08
13,Holidays,-0.006542398673604757,0.019288372297690846,-0.33918873882313,0.7344675520881696,,2020-12-08
9,temp_1,25.353376597921947,1.9624377905070367,12.919327542796337,0.0,***,2020-12-08
4,intercept,12868.023446654504,0.019658313864516858,654584.2911726632,0.0,***,2020-12-08
7,temperature,14.355673535640108,0.9012547483675348,15.928541360412133,0.0,***,2020-12-08
6,pv_capacity,-13.595862383582372,1.3744268522282508,-9.892023254304485,0.0,***,2020-12-08
5,rainfall,10.824746827219975,1.2653865420400694,8.554498145498059,0.0,***,2020-12-08
3,sma1,-0.9021796263848807,0.009540615454521286,-94.56199452597566,0.0,***,2020-12-08
2,sar1,0.9953364700369229,0.0012239973994541443,813.1851182696995,0.0,***,2020-12-08
1,ma1,0.4291125822053109,0.014609319752159919,29.372523121199304,0.0,***,2020-12-08
0,ar1,0.9799524299590008,0.0044239039174418125,221.5130455468103,0.0,***,2020-12-08
8,solar_power,-0.8420314726864786,0.06726298633750456,-12.518496702799201,0.0,***,2020-12-08
11,solar_4,-0.2332370644973498,0.06722259944111915,-3.469622811918247,0.0005211897296339973,***,2020-12-09
12,solar_16,0.2202522917150591,0.06728711935271625,3.2733202704146964,0.0010629196477907055,**,2020-12-09
13,Holidays,0.003801240164122005,0.019289858118466795,0.19705900068196752,0.8437813669927547,,2020-12-09
17,cos_336_1,8.434917881852398,0.7032787049555365,11.993705798877674,0.0,***,2020-12-09
15,lag_48*7,0.17770595941932682,0.020272527332358903,8.76585126787194,0.0,***,2020-12-09
16,sin_336_1,12.376042884718098,0.30349441470380334,40.77848647328996,0.0,***,2020-12-09
10,temp_9,6.138710089361724,0.8364018336437432,7.339426866890927,2.1449508835758024e-13,***,2020-12-09
14,Weekends,-199.3477244179125,9.9801546954555,-19.974412271253293,0.0,***,2020-12-09
9,temp_1,30.89501526721189,1.4929109282032242,20.69447994757144,0.0,***,2020-12-09
8,solar_power,-0.8393436484291843,0.0665119398424552,-12.619443222033699,0.0,***,2020-12-09
7,temperature,17.54870379460248,1.524469078276034,11.511354375549333,0.0,***,2020-12-09
6,pv_capacity,31.621894538327528,2.3707244216240366,13.338494449163063,0.0,***,2020-12-09
5,rainfall,-4.359477929910965,1.8023450035591857,-2.4187810443073188,0.015572610671709564,*,2020-12-09
4,intercept,14708.378978746727,0.03335983719696145,440900.802120414,0.0,***,2020-12-09
3,sma1,-0.8998675849196608,0.008142247121013075,-110.51833376529814,0.0,***,2020-12-09
2,sar1,0.9950148090107185,0.0005780976814335914,1721.1880292327728,0.0,***,2020-12-09
1,ma1,0.44312986753347666,0.014569904997931895,30.414053324052293,0.0,***,2020-12-09
0,ar1,0.9995712029171911,6.317278322251631e-05,15822.814065297027,0.0,***,2020-12-09
16,sin_336_1,6.203507881286244,0.07793354664765706,79.59996879562958,0.0,***,2020-12-10
15,lag_48*7,0.1827237150223526,0.020341534259406022,8.982789237633847,0.0,***,2020-12-10
14,Weekends,-275.4019757389061,4.292291808566997,-64.16198805245034,0.0,***,2020-12-10
13,Holidays,0.005138057917833838,0.01928933048877393,0.2663678721676785,0.7899559059633279,,2020-12-10
12,solar_16,0.22555452842777068,0.06777519997426877,3.327980271742521,0.0008747806102440414,***,2020-12-10
11,solar_4,-0.20955403912398618,0.06665180131112469,-3.1440116396225593,0.0016664881102996798,**,2020-12-10
10,temp_9,1.4233201623947644,1.1151509223726344,1.2763475632217192,0.20183268366750307,,2020-12-10
9,temp_1,24.990464775146016,1.333019842701129,18.747256398304813,0.0,***,2020-12-10
17,cos_336_1,-4.719722754636945,0.0793950630414562,-59.44604832888082,0.0,***,2020-12-10
7,temperature,17.510688767596676,0.7321712981690816,23.916109264847066,0.0,***,2020-12-10
0,ar1,0.9979373271609561,0.00020230831608801294,4932.754848924796,0.0,***,2020-12-10
1,ma1,0.4332038159377427,0.015520548423508236,27.911630705110234,0.0,***,2020-12-10
2,sar1,0.996073423081478,0.00043442933324324426,2292.8318758893747,0.0,***,2020-12-10
8,solar_power,-0.8548472670632368,0.06740804580290465,-12.681680011355573,0.0,***,2020-12-10
4,intercept,15623.739353486175,0.0205879120680397,758879.254091054,0.0,***,2020-12-10
5,rainfall,7.808172002813474,1.8432322001599273,4.236130424661636,2.2740472065629902e-05,***,2020-12-10
6,pv_capacity,-38.689873010144034,1.4345046549125475,-26.970894013935915,0.0,***,2020-12-10
3,sma1,-0.9115876147467388,0.007980863630671053,-114.22167536398439,0.0,***,2020-12-10
10,temp_9,21.290586686898223,1.7464178148512053,12.191004068927331,0.0,***,2020-12-11
16,sin_336_1,13.393712947356965,0.3752085354835318,35.69671710718539,0.0,***,2020-12-11
15,lag_48*7,0.18006940470569618,0.021385570960560204,8.4201354753532,0.0,***,2020-12-11
14,Weekends,-261.8818689172608,8.57003207751792,-30.55786332518698,0.0,***,2020-12-11
13,Holidays,-0.00031679126704792226,0.01928793227011524,-0.01642432494118404,0.9868958738685936,,2020-12-11
12,solar_16,0.19617059421214922,0.0696837363698858,2.8151560813395964,0.004875354896599404,**,2020-12-11
11,solar_4,-0.21989599258348974,0.10282244942015459,-2.1385990493666176,0.032468154569160745,*,2020-12-11
9,temp_1,28.574834118597554,0.4857638338088418,58.82454009501734,0.0,***,2020-12-11
17,cos_336_1,9.214123920232472,0.8153999326833999,11.300128379836515,0.0,***,2020-12-11
7,temperature,14.469725801435212,0.9707805109313096,14.90524957856211,0.0,***,2020-12-11
0,ar1,0.9997513005871725,6.248768717482385e-05,15999.172729663294,0.0,***,2020-12-11
1,ma1,0.42280086853710963,0.014807637851680794,28.552890931832057,0.0,***,2020-12-11
2,sar1,0.99688158184368,0.0010739127465056305,928.2705555804234,0.0,***,2020-12-11
8,solar_power,-0.8096380369712705,0.07238445094208339,-11.185248025423059,0.0,***,2020-12-11
4,intercept,16240.45672757831,0.022364117417721704,726183.6639575635,0.0,***,2020-12-11
5,rainfall,-7.321917731394437,0.6102823115226166,-11.997591267436057,0.0,***,2020-12-11
6,pv_capacity,37.59876471257516,1.6883135066010928,22.270013576014605,0.0,***,2020-12-11
3,sma1,-0.914557720314737,0.0080726623384407,-113.29071896885398,0.0,***,2020-12-11
9,temp_1,19.700514755635652,2.0969296927608005,9.394933375042305,0.0,***,2020-12-12
16,sin_336_1,10.182803188584863,0.22852742962677716,44.55834122501204,0.0,***,2020-12-12
15,lag_48*7,0.1877116559571013,0.01848661278357211,10.15392371521455,0.0,***,2020-12-12
14,Weekends,-235.65527298218834,10.559793593915668,-22.316276439150098,0.0,***,2020-12-12
13,Holidays,-0.020106890782783826,0.019353054614873022,-1.0389517925160752,0.2988271570300367,,2020-12-12
12,solar_16,0.206190916016054,0.06860432141795345,3.0055091538606016,0.002651366153817669,**,2020-12-12
11,solar_4,-0.15477001846703414,0.0659697882739415,-2.3460742033057174,0.018972329932940735,*,2020-12-12
10,temp_9,9.197352828541888,1.0318338995498915,8.913598237617483,0.0,***,2020-12-12
17,cos_336_1,-13.722929772694414,0.8784529073444858,-15.621702265381609,0.0,***,2020-12-12
8,solar_power,-0.8002592263601902,0.06555421625980846,-12.207593531262033,0.0,***,2020-12-12
6,pv_capacity,33.7450846503194,2.9157203167711545,11.573498478649844,0.0,***,2020-12-12
5,rainfall,7.615905316176278,1.2485033814800786,6.100027784584578,1.0605003541996894e-09,***,2020-12-12
4,intercept,15855.324782816362,0.04924301060520303,321981.22308023716,0.0,***,2020-12-12
3,sma1,-0.9299805226270704,0.0067728720762670405,-137.30962465478038,0.0,***,2020-12-12
2,sar1,0.9976573509103318,0.0005958220797199588,1674.4215846771554,0.0,***,2020-12-12
1,ma1,0.4357335236191593,0.013597337833832355,32.04550250527603,0.0,***,2020-12-12
0,ar1,0.998601815279394,0.0003114073328002503,3206.738281657417,0.0,***,2020-12-12
7,temperature,11.780675335800847,1.7161787736133087,6.864480272645117,6.673328556416891e-12,***,2020-12-12
10,temp_9,-0.18928586519726684,0.8395858089658151,-0.22545148235702714,0.821628065216907,,2020-12-13
16,sin_336_1,6.977655859851599,0.3411247236581159,20.45485236316318,0.0,***,2020-12-13
15,lag_48*7,0.18674082648887647,0.019424372841605062,9.613737751619775,0.0,***,2020-12-13
14,Weekends,-329.1510779461964,7.235353268744004,-45.49205349351715,0.0,***,2020-12-13
13,Holidays,-0.0006798324040029335,0.019288027782892948,-0.03524634097664949,0.9718833104123465,,2020-12-13
12,solar_16,0.2329435231742769,0.07034476801505622,3.311454849412808,0.000928122158494249,***,2020-12-13
11,solar_4,-0.16805544378308862,0.06870931792394265,-2.4458901479580475,0.01444950187581684,*,2020-12-13
9,temp_1,28.332186070747778,1.477666275111074,19.173602692271018,0.0,***,2020-12-13
17,cos_336_1,-3.5816060098497267,0.0675229151002169,-53.04282264078705,0.0,***,2020-12-13
7,temperature,10.413513903987814,1.317353422940391,7.904874821476831,2.6645352591003757e-15,***,2020-12-13
0,ar1,0.9846516640743586,0.0037815918207110707,260.3802077954595,0.0,***,2020-12-13
1,ma1,0.4310916095881315,0.014303644708925005,30.138584840487855,0.0,***,2020-12-13
2,sar1,0.9956440630980812,0.00131511194783608,757.079322970444,0.0,***,2020-12-13
8,solar_power,-0.8278584904072428,0.06732468168810267,-12.296508050977364,0.0,***,2020-12-13
4,intercept,15730.799109671485,0.01934112971481719,813334.0369265069,0.0,***,2020-12-13
5,rainfall,2.8978837492631313,1.4872359514721818,1.948503024281104,0.05135480330447617,.,2020-12-13
6,pv_capacity,-19.00714626452345,1.598406093378758,-11.891312441349358,0.0,***,2020-12-13
3,sma1,-0.9037622255963557,0.011570735978720758,-78.10758341201682,0.0,***,2020-12-13
16,sin_336_1,8.061226359609568,0.01978824212019416,407.3745566001025,0.0,***,2020-12-14
15,lag_48*7,0.19323517521816502,0.019796512746260285,9.761071441972458,0.0,***,2020-12-14
14,Weekends,-399.4684247894241,1.4461732864417403,-276.2244528609033,0.0,***,2020-12-14
13,Holidays,-0.004589492173354692,0.019287919088860062,-0.23794646546425016,0.8119226160605455,,2020-12-14
12,solar_16,0.2692989110673709,0.05332928585619213,5.049737808107218,4.424168698058395e-07,***,2020-12-14
11,solar_4,-0.1449476296347258,0.044388996783933286,-3.26539548393646,0.0010931133749001454,**,2020-12-14
10,temp_9,2.4665089470518913,0.98270706473147,2.509912704988926,0.012076101046713195,*,2020-12-14
9,temp_1,22.798036061415413,1.518163278716903,15.016853839781643,0.0,***,2020-12-14
17,cos_336_1,-4.323421589159134,0.02744865757359852,-157.50940014340136,0.0,***,2020-12-14
7,temperature,2.9288410897584787,0.4448002633519312,6.584620853610298,4.560485322713248e-11,***,2020-12-14
0,ar1,0.9981948821994872,0.0009325340077744627,1070.4112384938403,0.0,***,2020-12-14
1,ma1,0.4120652395071429,0.01627362421933569,25.32104919920315,0.0,***,2020-12-14
2,sar1,0.9939941100875173,0.0006573575600046994,1512.1056949286644,0.0,***,2020-12-14
8,solar_power,-0.8173384569453787,0.06368678335402742,-12.833721753568387,0.0,***,2020-12-14
4,intercept,16298.400112914846,0.019296370883344297,844635.5126280684,0.0,***,2020-12-14
5,rainfall,6.171237712559744,0.5565263376319108,11.088851138329108,0.0,***,2020-12-14
6,pv_capacity,-8.456771317467988,0.853834111421151,-9.904466458235365,0.0,***,2020-12-14
3,sma1,-0.9002570672718161,0.007319785416534414,-122.98954355113416,0.0,***,2020-12-14
9,temp_1,6.19953832394019,0.3449503486843666,17.972262812851472,0.0,***,2020-12-15
16,sin_336_1,9.413604929929296,0.09304550703830039,101.17205257481554,0.0,***,2020-12-15
15,lag_48*7,0.18478877295960697,0.018095409760179593,10.211914259396853,0.0,***,2020-12-15
14,Weekends,-276.83583861341265,4.631745048904753,-59.76923075221395,0.0,***,2020-12-15
13,Holidays,-0.006608567196141113,0.01928923465387429,-0.3426039091091551,0.7318964608323983,,2020-12-15
12,solar_16,0.2840406129844286,0.07057008299636355,4.024943728620315,5.6988941085744926e-05,***,2020-12-15
11,solar_4,-0.0673592397084333,0.06278025757838936,-1.0729366572656458,0.2832995374159326,,2020-12-15
10,temp_9,-1.4714298972739346,0.4627941969298592,-3.1794475968698106,0.0014755604687368695,**,2020-12-15
17,cos_336_1,-3.3978129157106096,0.09222524358917346,-36.84254747915339,0.0,***,2020-12-15
8,solar_power,-0.7744493737643174,0.062450691199286555,-12.400973614414774,0.0,***,2020-12-15
6,pv_capacity,-35.790562621614995,1.118877426963327,-31.9879208920604,0.0,***,2020-12-15
7,temperature,-12.941481801253017,0.7670688007030839,-16.871344251507878,0.0,***,2020-12-15
0,ar1,0.9979054018532207,0.000123547633966246,8077.09034821221,0.0,***,2020-12-15
1,ma1,0.43366437306534783,0.015593570177870011,27.810460857821578,0.0,***,2020-12-15
2,sar1,0.9945338570129513,0.00039627555446136535,2509.7027707519433,0.0,***,2020-12-15
3,sma1,-0.8937488272000291,0.007539046612878014,-118.54931705467233,0.0,***,2020-12-15
4,intercept,16274.021690170177,0.01960238777236422,830206.0891333641,0.0,***,2020-12-15
5,rainfall,15.248017102520397,1.1144911178155734,13.681595895000795,0.0,***,2020-12-15
9,temp_1,21.221542245024285,0.9192786476399225,23.084994195727987,0.0,***,2020-12-16
15,lag_48*7,0.16863910988301867,0.019356571235405937,8.71224081125244,0.0,***,2020-12-16
14,Weekends,-369.8663198449982,4.089378375452496,-90.44560954917065,0.0,***,2020-12-16
13,Holidays,0.0031832807526668283,0.019289121877323994,0.16502984287786818,0.8689204928759049,,2020-12-16
12,solar_16,0.2535419387426643,0.06412910573514598,3.953617251264905,7.6978514510051e-05,***,2020-12-16
11,solar_4,-0.1344061483158142,0.06453740557533982,-2.0826084829039315,0.037286925359105716,*,2020-12-16
10,temp_9,-5.960157188328208,1.967202128476585,-3.029763491026616,0.0024474531255544996,**,2020-12-16
17,cos_336_1,-4.760471737562076,0.23668645301534016,-20.112987781575903,0.0,***,2020-12-16
16,sin_336_1,6.7799053585280795,0.21709265568759328,31.230468562164017,0.0,***,2020-12-16
8,solar_power,-0.842828433454116,0.06473959814014761,-13.018746758816292,0.0,***,2020-12-16
6,pv_capacity,-4.790196344269759,1.0144967865808008,-4.7217461973579535,2.3382835994123496e-06,***,2020-12-16
5,rainfall,-2.022721957505146,1.4052092009664838,-1.4394454264275707,0.15002436164286181,,2020-12-16
4,intercept,15737.850329586707,0.021064873146896517,747113.463244632,0.0,***,2020-12-16
3,sma1,-0.9054796964196249,0.007274433430200138,-124.47425701367823,0.0,***,2020-12-16
2,sar1,0.996247681335211,0.0004064443571903013,2451.129321174849,0.0,***,2020-12-16
1,ma1,0.41207313999826306,0.012898799273400466,31.946627842176632,0.0,***,2020-12-16
0,ar1,0.9924508615531585,0.0024709402882282182,401.64906707025,0.0,***,2020-12-16
7,temperature,2.3199074430290123,0.3982363368053152,5.825453954401804,5.695756311041578e-09,***,2020-12-16
16,sin_336_1,7.477432883427463,0.06197694851054268,120.64861312356324,0.0,***,2020-12-17
15,lag_48*7,0.1654215192434927,0.02026639978543712,8.162353501106796,2.220446049250313e-16,***,2020-12-17
14,Weekends,-323.5846077246651,9.775819867987348,-33.10050840690101,0.0,***,2020-12-17
13,Holidays,-0.008975955931959323,0.019315535822968338,-0.46470136858879707,0.6421453281524621,,2020-12-17
12,solar_16,0.2170476307001774,0.07060904404172196,3.073935267724724,0.0021125526536966976,**,2020-12-17
11,solar_4,-0.18337762250478895,0.06863573046307542,-2.671751597419689,0.007545648251860104,**,2020-12-17
10,temp_9,-4.175657750361039,1.0666653978237914,-3.9146837976372044,9.052276000143245e-05,***,2020-12-17
9,temp_1,30.744923223975135,1.417784977176847,21.685180559040568,0.0,***,2020-12-17
17,cos_336_1,-3.299583929257769,0.10461081581800262,-31.541517991774796,0.0,***,2020-12-17
7,temperature,17.367915331702534,1.2717602723361308,13.656595279390935,0.0,***,2020-12-17
0,ar1,0.9956899267596837,0.0009227384362986553,1079.059772077617,0.0,***,2020-12-17
1,ma1,0.42874313830193705,0.013473751413934075,31.820621082451183,0.0,***,2020-12-17
2,sar1,0.9959598408144265,0.0005651659716874569,1762.2431121263674,0.0,***,2020-12-17
8,solar_power,-0.8433509872943342,0.06967192279297586,-12.104603310580064,0.0,***,2020-12-17
4,intercept,15730.189763865284,0.019942710684905045,788768.8896661232,0.0,***,2020-12-17
5,rainfall,7.13450448337236,1.5080419159000618,4.730972268177434,2.2344704806442905e-06,***,2020-12-17
6,pv_capacity,-29.78582850701315,3.4768089221826517,-8.567001861095768,0.0,***,2020-12-17
3,sma1,-0.9101219793530745,0.008374755472102422,-108.67445412404321,0.0,***,2020-12-17
9,temp_1,-0.9378821099647933,2.307051302414271,-0.4065285019814355,0.6843543191932775,,2020-12-18
16,sin_336_1,29.53997611540771,1.194977693683698,24.720106719604367,0.0,***,2020-12-18
15,lag_48*7,0.16647681360770455,0.018817570399202233,8.846881402647087,0.0,***,2020-12-18
14,Weekends,-253.47835589248245,11.859219283571543,-21.373949653129653,0.0,***,2020-12-18
13,Holidays,0.0026638999491788162,0.01928900713154865,0.13810456551813927,0.8901577775930347,,2020-12-18
12,solar_16,0.25704556714284,0.07253332958130482,3.5438269362046837,0.0003943640214811861,***,2020-12-18
11,solar_4,-0.03786085490354103,0.07239817075848883,-0.5229531976690416,0.6010068231748711,,2020-12-18
10,temp_9,16.24774850481423,0.7968203051025329,20.390731010203748,0.0,***,2020-12-18
17,cos_336_1,3.3972553152912237,0.5873102737810785,5.784430252547498,7.275850366639247e-09,***,2020-12-18
8,solar_power,-0.7366301282095823,0.07127540094026151,-10.334983998574469,0.0,***,2020-12-18
6,pv_capacity,-54.57546442869819,1.9618473751617438,-27.81840479522457,0.0,***,2020-12-18
5,rainfall,2.559855343252287,1.9146476054438595,1.3369851120247547,0.1812274965910763,,2020-12-18
4,intercept,15609.875832176464,0.02433949987345932,641339.2186910973,0.0,***,2020-12-18
3,sma1,-0.9167515654012273,0.009352020925338047,-98.02710801441984,0.0,***,2020-12-18
2,sar1,0.9966072436871154,0.0004568183035060692,2181.6272159810137,0.0,***,2020-12-18
1,ma1,0.4327591471149297,0.015471404547205457,27.97154878825125,0.0,***,2020-12-18
0,ar1,0.9992214720826132,5.0950206797593716e-05,19611.725543178847,0.0,***,2020-12-18
7,temperature,0.11495310011525328,2.297704632232682,0.05002953752308591,0.9600988502480179,,2020-12-18
10,temp_9,9.61554920256291,2.1592005997133232,4.4532912800411255,8.456390983457851e-06,***,2020-12-19
16,sin_336_1,-3.233139238302285,0.342896709698291,-9.428901318846336,0.0,***,2020-12-19
15,lag_48*7,0.15095820372726673,0.01985155398029257,7.6043519755243825,2.864375403532904e-14,***,2020-12-19
14,Weekends,-206.62164179172288,8.293488305161878,-24.91371955792369,0.0,***,2020-12-19
17,cos_336_1,-24.09665003302043,0.773072528895418,-31.16997323323624,0.0,***,2020-12-19
12,solar_16,0.27637851866179375,0.07240198224859165,3.8172783407068915,0.00013493191857905096,***,2020-12-19
11,solar_4,-0.0657781484571434,0.07159431109157856,-0.9187622236214339,0.3582199555158181,,2020-12-19
9,temp_1,33.583408793811586,1.6031702597773196,20.94812362504549,0.0,***,2020-12-19
13,Holidays,0.0017201510050650626,0.01928902940255338,0.08917768588384017,0.9289406987958773,,2020-12-19
7,temperature,13.16203230836217,2.1473784133064457,6.1293492692309455,8.823921593403838e-10,***,2020-12-19
0,ar1,0.9993204697728713,8.443210971616201e-05,11835.787038039405,0.0,***,2020-12-19
1,ma1,0.44119004022134767,0.014728056822369067,29.955753535066854,0.0,***,2020-12-19
2,sar1,0.9941079739747395,0.00046735966716619505,2127.0726676147483,0.0,***,2020-12-19
8,solar_power,-0.7941951213583367,0.07229627852900329,-10.985283579150305,0.0,***,2020-12-19
4,intercept,17289.01796336706,0.021457945607846803,805716.3662976554,0.0,***,2020-12-19
5,rainfall,-3.5516938057181626,0.40814776156816474,-8.701980361406427,0.0,***,2020-12-19
6,pv_capacity,32.35325349954827,2.4734804808697324,13.080052076324503,0.0,***,2020-12-19
3,sma1,-0.8947719747412923,0.007985514389118197,-112.04938481616058,0.0,***,2020-12-19
10,temp_9,-8.858844135832582,1.2628825920983477,-7.014780464360613,2.3030466422824247e-12,***,2020-12-20
16,sin_336_1,4.454729544861974,0.12115790785685157,36.767963591161134,0.0,***,2020-12-20
15,lag_48*7,0.14084846833750317,0.01892096276509968,7.444043418197654,9.769962616701378e-14,***,2020-12-20
14,Weekends,-173.60010479880194,13.308616835899564,-13.044188358516813,0.0,***,2020-12-20
13,Holidays,-0.011157988438720068,0.019301099494308104,-0.5781011823710126,0.563195808837855,,2020-12-20
12,solar_16,0.34191453397112825,0.06864720283263309,4.980749686258025,6.333842297312486e-07,***,2020-12-20
11,solar_4,-0.04313718536402453,0.06532344837863012,-0.6603629544170911,0.509020939373559,,2020-12-20
9,temp_1,12.611361738215903,1.6498978482716378,7.643722762246781,2.1094237467877974e-14,***,2020-12-20
17,cos_336_1,2.0184356810434827,0.4926920792845161,4.0967487928254105,4.1899314778826025e-05,***,2020-12-20
7,temperature,-2.5003593879753296,1.6959726226440963,-1.4742923055427386,0.14040290598483818,,2020-12-20
0,ar1,0.9876517729652498,0.0018318035265532933,539.1690531481875,0.0,***,2020-12-20
1,ma1,0.4533614887016656,0.014656728450046634,30.93197027200317,0.0,***,2020-12-20
2,sar1,0.9965693507856993,0.0008634150044040218,1154.2182446477036,0.0,***,2020-12-20
8,solar_power,-0.6599173033660819,0.06691396173324692,-9.86217653644314,0.0,***,2020-12-20
4,intercept,16317.18236537191,0.024038341083739135,678798.1878004783,0.0,***,2020-12-20
5,rainfall,-10.48804673396947,1.8992105399739032,-5.522319149573373,3.345540844357231e-08,***,2020-12-20
6,pv_capacity,-24.894013613945773,1.4829697363170626,-16.786595845016876,0.0,***,2020-12-20
3,sma1,-0.9111416091912417,0.010391503212979353,-87.68140571358278,0.0,***,2020-12-20
9,temp_1,30.050328421427192,1.2726717264881977,23.612002840943028,0.0,***,2020-12-21
16,sin_336_1,0.22953693030329944,0.8751452935082337,0.2622843680997753,0.7931022127371155,,2020-12-21
15,lag_48*7,0.15448298771605118,0.019549344115934973,7.902208217314549,2.6645352591003757e-15,***,2020-12-21
14,Weekends,-314.7127094707674,7.790366643935265,-40.39767623976576,0.0,***,2020-12-21
13,Holidays,-0.0009781537504647275,0.019299484039385667,-0.050682896416740876,0.9595782058136968,,2020-12-21
12,solar_16,0.31383220655282074,0.06861073153909437,4.574097951047195,4.782760621990789e-06,***,2020-12-21
11,solar_4,-0.010849057573230722,0.06472233640249754,-0.1676246281617867,0.8668785948688793,,2020-12-21
10,temp_9,-4.131043867918468,1.1439186757454454,-3.611309051516651,0.0003046553531371732,***,2020-12-21
17,cos_336_1,-2.3268517037136425,0.34380294397204053,-6.767980741615964,1.3059109349455866e-11,***,2020-12-21
8,solar_power,-0.803465702353561,0.06550841718867763,-12.265075799945151,0.0,***,2020-12-21
6,pv_capacity,-15.594832680338836,1.2268686781122917,-12.711085512700233,0.0,***,2020-12-21
5,rainfall,1.946992742402233,1.8450334993550481,1.0552614589831708,0.2913057626769806,,2020-12-21
4,intercept,15489.387986854457,0.020287859626059234,763480.6368119157,0.0,***,2020-12-21
3,sma1,-0.8858580302882759,0.011776433353540873,-75.22294770359491,0.0,***,2020-12-21
2,sar1,0.9918932989394287,0.0021452310659534142,462.37131033649155,0.0,***,2020-12-21
1,ma1,0.43560767560094904,0.01451908027293313,30.002429039050146,0.0,***,2020-12-21
0,ar1,0.9788337001213847,0.004099932998164297,238.74382838930478,0.0,***,2020-12-21
7,temperature,17.492227940849922,1.1793497962432167,14.832094766600111,0.0,***,2020-12-21
11,solar_4,0.0724935473762088,0.0425019025867661,1.7056541699095904,0.08807248729401085,.,2020-12-22
12,solar_16,0.3047123063880637,0.05777426887367859,5.274187148162904,1.3334577952939242e-07,***,2020-12-22
13,Holidays,0.0014679543153288677,0.019288090629775028,0.07610677197165314,0.9393341525153143,,2020-12-22
17,cos_336_1,-6.687233924174418,0.02330433470282758,-286.95236356020223,0.0,***,2020-12-22
15,lag_48*7,0.17047827341163307,0.013934370421512444,12.234372149920876,0.0,***,2020-12-22
16,sin_336_1,1.9846959571075187,0.18472937266370623,10.743802831618947,0.0,***,2020-12-22
10,temp_9,3.0993268892818655,0.8068868929529898,3.8410921237537514,0.00012248813120296909,***,2020-12-22
14,Weekends,-460.93758827297427,1.6365916592089038,-281.6448352766153,0.0,***,2020-12-22
9,temp_1,15.408169028642094,0.9775489043249485,15.76204419080423,0.0,***,2020-12-22
8,solar_power,-0.8569618636964629,0.09704724095322347,-8.830357826550848,0.0,***,2020-12-22
7,temperature,-0.027690581019663003,1.1863897035571018,-0.023340206794310092,0.9813789000562598,,2020-12-22
6,pv_capacity,5.484727027518846,0.8394300334577941,6.533870375028242,6.409139885477089e-11,***,2020-12-22
5,rainfall,-3.775188202898487,0.04100991904418753,-92.05549025421831,0.0,***,2020-12-22
4,intercept,13409.122314998844,0.0193126062114432,694319.6670708071,0.0,***,2020-12-22
3,sma1,-0.9249135998001243,0.010285433792363173,-89.92460779698597,0.0,***,2020-12-22
2,sar1,0.9974911493407594,0.000706225354876725,1412.4261362931047,0.0,***,2020-12-22
1,ma1,0.3914537800677018,0.015730732982895266,24.884649716789873,0.0,***,2020-12-22
0,ar1,0.9997333492053244,0.00025458349133098416,3926.93706877313,0.0,***,2020-12-22
17,cos_336_1,2.490962994811343,0.5822163820653105,4.278414471910064,1.8822928802730843e-05,***,2020-12-23
16,sin_336_1,20.571971967011347,1.2769900917078862,16.10973499371303,0.0,***,2020-12-23
15,lag_48*7,0.20233390923347908,0.015017548408053381,13.473165108958433,0.0,***,2020-12-23
14,Weekends,-222.004780684218,15.345062567771333,-14.467505733765233,0.0,***,2020-12-23
13,Holidays,-0.011758378605176034,0.019295108920437183,-0.6093968504485444,0.5422614250227342,,2020-12-23
12,solar_16,0.3522044729264433,0.07312718824946833,4.816327297104904,1.4622460740021381e-06,***,2020-12-23
11,solar_4,-0.07039726175235939,0.0654911862349092,-1.0749119965525236,0.28241413044300434,,2020-12-23
10,temp_9,3.476612508948551,0.7549896044963822,4.604848183661595,4.127668705500298e-06,***,2020-12-23
9,temp_1,25.894318339335506,0.41137277275534395,62.94611616101208,0.0,***,2020-12-23
0,ar1,0.9993876046795098,4.87463951983265e-06,205017.745540663,0.0,***,2020-12-23
7,temperature,10.973756821362073,0.48963494727018364,22.412119238103905,0.0,***,2020-12-23
6,pv_capacity,-52.1103041630807,2.8998487949628755,-17.970007351279094,0.0,***,2020-12-23
5,rainfall,2.66201305431826,1.7583722175125567,1.5139075946525244,0.13004927764989072,,2020-12-23
4,intercept,12737.144295019234,0.021860121953924234,582665.7473305046,0.0,***,2020-12-23
3,sma1,-0.94683293215101,0.00561342722914895,-168.67287906296758,0.0,***,2020-12-23
2,sar1,0.9991607815432841,8.155606117324646e-06,122512.14283397094,0.0,***,2020-12-23
1,ma1,0.4297782080006549,0.015136019526590586,28.39440100124284,0.0,***,2020-12-23
8,solar_power,-0.7735523375284257,0.07005107916254934,-11.042689802585963,0.0,***,2020-12-23
11,solar_4,-0.014786946015916638,0.06940956159725234,-0.21303903490584786,0.8312965160237931,,2020-12-24
12,solar_16,0.3607492296405388,0.06891434059706236,5.234748334164814,1.652098113869016e-07,***,2020-12-24
13,Holidays,-0.004670803501850784,0.01928984067461259,-0.24213800314058792,0.8086732319492271,,2020-12-24
10,temp_9,2.26974062628599,0.7081841572557983,3.2050146886668527,0.001350555881892701,**,2020-12-24
15,lag_48*7,0.14247307297706202,0.018984257842313973,7.504800775487999,6.150635556423367e-14,***,2020-12-24
16,sin_336_1,6.942352970661388,0.04611858375143984,150.5326574657585,0.0,***,2020-12-24
17,cos_336_1,-5.150470968747858,0.10834713647950119,-47.536752110862714,0.0,***,2020-12-24
14,Weekends,-251.0070527214879,5.9886509058049695,-41.91378937753403,0.0,***,2020-12-24
9,temp_1,28.158844363338623,1.4039097389371928,20.0574464172147,0.0,***,2020-12-24
0,ar1,0.999937101424318,2.7439242304007212e-06,364418.6272877833,0.0,***,2020-12-24
7,temperature,10.129878139349536,1.6152800870008028,6.271282745866291,3.5808578324747486e-10,***,2020-12-24
6,pv_capacity,11.528185919443862,3.696339393524822,3.1188115300339363,0.0018158207047707098,**,2020-12-24
5,rainfall,-12.215253253775073,1.288930518664893,-9.477045563656871,0.0,***,2020-12-24
4,intercept,12137.495492139737,0.020181540867606255,601415.698224601,0.0,***,2020-12-24
3,sma1,-0.8537261488028223,0.008898652057057494,-95.93881672513925,0.0,***,2020-12-24
2,sar1,0.9840258509035942,0.0005374578503612432,1830.8893436800631,0.0,***,2020-12-24
1,ma1,0.41710568668019227,0.012681497074009212,32.890886954904744,0.0,***,2020-12-24
8,solar_power,-0.7777081244475552,0.06924363123236876,-11.231475163942678,0.0,***,2020-12-24
11,solar_4,0.007417810503064642,0.07347775483855341,0.10095314587881983,0.9195876542525605,,2020-12-25
12,solar_16,0.3544038524376507,0.07119646031776167,4.977829668158884,6.430120285116914e-07,***,2020-12-25
17,cos_336_1,-5.2143950003960695,0.057226756669123656,-91.1181290693251,0.0,***,2020-12-25
16,sin_336_1,9.668521710268706,0.3258783973253404,29.669109059156646,0.0,***,2020-12-25
14,Weekends,-314.79895504760015,5.523622523162459,-56.991395361927665,0.0,***,2020-12-25
15,lag_48*7,0.1266788078630661,0.02009988490148601,6.30246434165902,2.9294988657113663e-10,***,2020-12-25
10,temp_9,1.4917977850079596,0.8868284817667699,1.6821717115309032,0.09253554787981733,.,2020-12-25
13,Holidays,0.004183342183897043,0.019294070523326105,0.2168200939682207,0.8283485517189979,,2020-12-25
9,temp_1,33.84799866001695,1.688082510688957,20.051151792457446,0.0,***,2020-12-25
4,intercept,12576.930147088957,0.019581219511351094,642295.5495595257,0.0,***,2020-12-25
7,temperature,17.662916554918834,1.0715252975132903,16.483900656297624,0.0,***,2020-12-25
6,pv_capacity,26.77232590639264,2.3104483402420115,11.587502494683925,0.0,***,2020-12-25
5,rainfall,-5.843063159774591,1.5590442299969802,-3.7478495140486863,0.00017835720460790405,***,2020-12-25
3,sma1,-0.9054957649235089,0.008433558515966362,-107.36817242795313,0.0,***,2020-12-25
2,sar1,0.9952489767376512,0.00029234300471673067,3404.387861792725,0.0,***,2020-12-25
1,ma1,0.41845586702009824,0.011965685257344198,34.97132491958719,0.0,***,2020-12-25
0,ar1,0.9980164085831716,0.00012389963641009095,8055.039042083005,0.0,***,2020-12-25
8,solar_power,-0.8355017841390711,0.06895122412985208,-12.117287179203899,0.0,***,2020-12-25
17,cos_336_1,-4.666671955363332,0.020875386054834917,-223.54901332627045,0.0,***,2020-12-26
16,sin_336_1,3.817358141668412,0.13175844174381662,28.972398968490072,0.0,***,2020-12-26
15,lag_48*7,0.12359119790163736,0.01938259170265915,6.3764020724164325,1.8129653334142404e-10,***,2020-12-26
14,Weekends,-400.7760461127465,1.6779379628634639,-238.85033593781213,0.0,***,2020-12-26
13,Holidays,0.0006979975043766018,0.019288159535408158,0.036187874903007504,0.9711325540838587,,2020-12-26
12,solar_16,0.4457213245741851,0.0717430043037184,6.212749645766976,5.206537423418922e-10,***,2020-12-26
11,solar_4,0.16159438477184912,0.06368402816356235,2.5374397542319325,0.011166658615960001,*,2020-12-26
10,temp_9,2.8249046045895763,1.5326167800765416,1.8431904448080594,0.06530120950919382,.,2020-12-26
9,temp_1,21.1803824324681,0.04607738337367947,459.66981806885445,0.0,***,2020-12-26
0,ar1,0.9982101983650352,0.0006231636595440924,1601.842763256329,0.0,***,2020-12-26
7,temperature,5.167378060428454,0.09287699698770994,55.63679089572882,0.0,***,2020-12-26
6,pv_capacity,-3.3912593354437264,0.6201563906226325,-5.46839375796632,4.541321385609365e-08,***,2020-12-26
5,rainfall,-6.099072944277041,0.6244591911052303,-9.766968011924513,0.0,***,2020-12-26
4,intercept,14689.801719437186,0.01931370075226661,760589.6926674307,0.0,***,2020-12-26
3,sma1,-0.897198777170144,0.010757846910083456,-83.3994743250333,0.0,***,2020-12-26
2,sar1,0.9933750306491528,0.0014059839352216037,706.5336991155467,0.0,***,2020-12-26
1,ma1,0.4074789160025629,0.015964069963924417,25.524751327411067,0.0,***,2020-12-26
8,solar_power,-0.8339341631030852,0.05203352259226884,-16.02686348256175,0.0,***,2020-12-26
11,solar_4,-0.042360802267100296,0.06860735060426894,-0.6174382466893349,0.5369457013866616,,2020-12-27
12,solar_16,0.30700855180500497,0.0710303026139792,4.322219398014838,1.5446747084979506e-05,***,2020-12-27
13,Holidays,-0.0062992494009173755,0.019297719757076462,-0.32642454550141575,0.7441031690610611,,2020-12-27
10,temp_9,-0.7161074581877132,0.7892126222542561,-0.9073694946011759,0.36421143553370183,,2020-12-27
15,lag_48*7,0.11201049547010869,0.01933567545324934,5.792944536172665,6.916295314240983e-09,***,2020-12-27
16,sin_336_1,-6.867130255835395,0.7978976898591759,-8.606529813424327,0.0,***,2020-12-27
17,cos_336_1,10.307531476228743,0.7477252426220764,13.785185906099588,0.0,***,2020-12-27
14,Weekends,-106.64179763329675,13.209407162176463,-8.073170606675871,6.661338147750939e-16,***,2020-12-27
9,temp_1,39.17852631980049,2.0035114761398476,19.55492982515154,0.0,***,2020-12-27
0,ar1,0.9978844957245901,0.00047338902370154404,2107.958667739882,0.0,***,2020-12-27
7,temperature,6.856334727250696,2.120014320370672,3.2340983083793065,0.0012202744377751706,**,2020-12-27
6,pv_capacity,21.377900399379676,3.50217105950639,6.104185100082679,1.0332648070487949e-09,***,2020-12-27
5,rainfall,-4.5824234842512706,0.256185512823281,-17.887129657531673,0.0,***,2020-12-27
4,intercept,16552.150998642453,0.019633906163205206,843039.1212555505,0.0,***,2020-12-27
3,sma1,-0.8739138743125403,0.013484137180069659,-64.81051495117062,0.0,***,2020-12-27
2,sar1,0.9925659933568032,0.0020010203509820083,496.02993436308515,0.0,***,2020-12-27
1,ma1,0.43728987850584855,0.014570206964887538,30.012605830491292,0.0,***,2020-12-27
8,solar_power,-0.8236000669366863,0.06715364040563164,-12.26441428881371,0.0,***,2020-12-27
11,solar_4,0.012997078918074896,0.019421043460214376,0.6692266017889561,0.5033509393650408,,2020-12-28
12,solar_16,0.3293893112999733,0.020008836255611073,16.46219235801896,0.0,***,2020-12-28
17,cos_336_1,-9.234322775174737,0.019288238155191095,-478.7540832333346,0.0,***,2020-12-28
16,sin_336_1,10.469384370600594,0.01928800698507179,542.7924398152444,0.0,***,2020-12-28
14,Weekends,-344.12571769441223,0.019292670302591696,-17837.122197033754,0.0,***,2020-12-28
15,lag_48*7,0.09771132833601422,0.020357350832026902,4.799805688974584,1.5881964703368112e-06,***,2020-12-28
10,temp_9,17.026273792315067,0.019299633954203768,882.2070839642258,0.0,***,2020-12-28
13,Holidays,0.01160916218617869,0.01928791874952312,0.6018877587021004,0.547248853184189,,2020-12-28
9,temp_1,30.940068298862904,0.019301957747967505,1602.9497475260453,0.0,***,2020-12-28
4,intercept,17351.45768680196,0.019287918506667633,899602.395188664,0.0,***,2020-12-28
7,temperature,1.4493830271725503,0.019296306672198726,75.1119399061354,0.0,***,2020-12-28
6,pv_capacity,-56.92402211793735,0.019297658297757276,-2949.789100812968,0.0,***,2020-12-28
5,rainfall,-10.965191436988805,0.01929036282211338,-568.4284706360696,0.0,***,2020-12-28
3,sma1,-0.8491505156290183,0.011605275164057237,-73.1693564887567,0.0,***,2020-12-28
2,sar1,0.9874271214462454,0.0005330329493158666,1852.4692004754706,0.0,***,2020-12-28
1,ma1,0.38864948415946704,0.018741356351731953,20.737532378415644,0.0,***,2020-12-28
0,ar1,0.9981759286113835,7.036789898782861e-05,14185.103477141416,0.0,***,2020-12-28
8,solar_power,-0.8011954349632764,0.019334891928671327,-41.43780259641377,0.0,***,2020-12-28
17,cos_336_1,-6.93702184046533,0.01930591384679592,-359.32108138028514,0.0,***,2020-12-29
16,sin_336_1,11.707753382401751,0.01937013909017719,604.4227833314259,0.0,***,2020-12-29
15,lag_48*7,0.11783230737050401,0.019797434212612534,5.951897912883857,2.650506925050422e-09,***,2020-12-29
14,Weekends,-369.40943776474495,0.021101924490791027,-17505.95960695229,0.0,***,2020-12-29
12,solar_16,0.3970982628505535,0.020554224687798685,19.319544710741503,0.0,***,2020-12-29
11,solar_4,0.025118838767659094,0.021987064497743923,1.1424371257125534,0.2532723667584844,,2020-12-29
10,temp_9,12.671481523753567,0.02029843977972501,624.2588918784984,0.0,***,2020-12-29
9,temp_1,24.93574426642717,0.02019210688620118,1234.9253303263606,0.0,***,2020-12-29
13,Holidays,-0.01451122188633125,0.019287922632906653,-0.7523475784568945,0.4518420625283708,,2020-12-29
7,temperature,-2.174204693374717,0.02258335641421227,-96.27464817437125,0.0,***,2020-12-29
6,pv_capacity,-46.92984078034599,0.021166058392900377,-2217.221549199138,0.0,***,2020-12-29
5,rainfall,-5.339414308479723,0.01928815514672948,-276.8234840430076,0.0,***,2020-12-29
4,intercept,18748.548135042598,0.019287664947315597,972048.6220729363,0.0,***,2020-12-29
3,sma1,-0.8979573502814572,0.009562269251977345,-93.90630263791955,0.0,***,2020-12-29
2,sar1,0.993905471792859,0.0002017098474179846,4927.4018324612625,0.0,***,2020-12-29
1,ma1,0.40226653056286504,0.01219063267729166,32.9980027461737,0.0,***,2020-12-29
0,ar1,0.9981449834594216,8.238473088458338e-05,12115.655082466308,0.0,***,2020-12-29
8,solar_power,-0.7406868657842497,0.055692075983564786,-13.299681376625873,0.0,***,2020-12-29
10,temp_9,5.7382889095856715,0.8376224509799575,6.850686610503682,7.349676423018536e-12,***,2020-12-30
11,solar_4,0.0018543632350500744,0.06901353796914118,0.02686955762040829,0.9785637742465936,,2020-12-30
15,lag_48*7,0.11386757600009008,0.020200301089619753,5.6369246921078195,1.7311376998563333e-08,***,2020-12-30
13,Holidays,0.005738010588957593,0.019291577389312888,0.29743605062260614,0.7661336239293077,,2020-12-30
14,Weekends,-357.3887383917741,2.877403143482242,-124.20530616341135,0.0,***,2020-12-30
9,temp_1,30.388604828685068,1.0778937257391032,28.192579753489,0.0,***,2020-12-30
12,solar_16,0.3769994255595055,0.06643397314664347,5.67479871672485,1.388518233724767e-08,***,2020-12-30
8,solar_power,-0.8019807528532161,0.0680779066895126,-11.780338025240152,0.0,***,2020-12-30
4,intercept,18844.48567752431,0.019640380408595805,959476.6132572888,0.0,***,2020-12-30
6,pv_capacity,-2.6053526622622245,1.6502478527404556,-1.5787644613114875,0.11439009298549485,,2020-12-30
5,rainfall,-10.930660296676002,1.6068479253814882,-6.80254809681564,1.02784447619797e-11,***,2020-12-30
3,sma1,-0.9040926245549178,0.009087985342228674,-99.48218340030954,0.0,***,2020-12-30
2,sar1,0.9944734637538098,0.0007102410931105902,1400.191390501482,0.0,***,2020-12-30
1,ma1,0.4129252915290382,0.01483140812683349,27.84127359977099,0.0,***,2020-12-30
0,ar1,0.9981486579751916,0.00017700393769975894,5639.1325014943495,0.0,***,2020-12-30
16,sin_336_1,3.0476518047315695,0.1027169859900733,29.67037803295843,0.0,***,2020-12-30
7,temperature,15.731151269667846,0.9234867303077124,17.034517934465732,0.0,***,2020-12-30
17,cos_336_1,-4.062287580966302,0.3305004558040511,-12.291322174075226,0.0,***,2020-12-30
