,model,traing_window size,using_exog,eval_date,model aicc,peak_actual_afternoon,peak_predicted_afternoon_mean,peak_predicted_afternoon_hi,peak_predicted_afternoon_lo,time_of_peak_actual_afternoon,time_of_peak_predicted_afternoon,peak_actual_morning,peak_predicted_morning_mean,peak_predicted_morning_hi,peak_predicted_morning_lo,time_of_peak_actual_morning,time_of_peak_predicted_morning,mse,r2,mae,mape
0,"(1, 1, 1, 1, 48, 0, 0)",2688,True,2020-01-01,30788.47132427151,8492.82,9460.218267557013,10432.741076920982,8487.695458193044,2020-01-01 04:30:00,2020-01-01 04:30:00,7318.64,8026.647493594434,8895.9160532412,7164.750175588159,2020-01-01 00:00:00,2020-01-01 12:00:00,769975.6952339116,-0.17054312235357516,751.7639183459338,0.10673672754987067
1,"(1, 1, 1, 1, 48, 0, 0)",2688,True,2020-01-02,30773.227513453126,9101.15,9136.666041058006,10112.017988114478,8161.314094001535,2020-01-02 04:30:00,2020-01-02 04:30:00,7680.36,7837.51176287968,8708.396201858424,6966.627323900935,2020-01-02 12:00:00,2020-01-02 12:00:00,34834.093633656914,0.9571355885371765,154.67529752566585,0.020118488805480873
2,"(1, 1, 1, 1, 48, 0, 0)",2688,True,2020-01-03,30761.960753311516,10858.09,9472.577400156248,10445.445844642763,8499.708955669732,2020-01-03 04:30:00,2020-01-03 04:30:00,8779.78,7969.887117762512,8838.781757440509,7197.047264320105,2020-01-03 12:00:00,2020-01-03 12:00:00,676049.486836383,0.6913478845867794,650.9732457151381,0.06934823763178449
3,"(1, 1, 1, 1, 48, 0, 0)",2688,True,2020-01-04,30744.67350622529,12334.04,10304.045181699603,11283.766824578992,9324.323538820214,2020-01-04 04:00:00,2020-01-04 04:30:00,10757.67,8776.775942783126,9649.916309491022,7903.635576075229,2020-01-04 12:00:00,2020-01-04 12:00:00,1948925.1642226495,0.5650536126441426,1123.8430054794962,0.10625000166217675
4,"(1, 1, 1, 1, 48, 0, 0)",2688,True,2020-01-05,30884.33229568256,8220.91,10042.465952936856,11056.049007607102,9028.882898266611,2020-01-05 04:30:00,2020-01-05 04:30:00,7957.69,8599.35032277362,9502.29989011202,7931.507835649133,2020-01-05 00:00:00,2020-01-05 12:00:00,1423384.2897980986,-2.715552245003472,1101.885482494457,0.14879275678133558
5,"(1, 1, 1, 1, 48, 0, 0)",2688,True,2020-01-06,30872.582554156583,8795.51,8943.486267410319,9953.204276820532,7933.768258000106,2020-01-06 04:30:00,2020-01-06 04:30:00,8236.51,7610.178623633006,8510.037094842155,6710.320152423857,2020-01-06 11:30:00,2020-01-06 12:00:00,353653.2975264874,0.5841151125621924,434.5504534820996,0.05782270728196379
6,"(1, 1, 1, 1, 48, 0, 0)",2688,True,2020-01-07,30891.794523702996,10506.18,9496.193165003657,10509.429362167475,8482.956967839838,2020-01-07 04:30:00,2020-01-07 04:30:00,8469.66,8360.596011806014,9264.30204338675,7456.889980225277,2020-01-07 12:00:00,2020-01-07 12:00:00,248838.97204455314,0.8457166649214866,397.0973765023069,0.044637571228437804
7,"(1, 1, 1, 1, 48, 0, 0)",2688,True,2020-01-08,30884.2415073662,9715.67,9407.183386845849,10413.926388395075,8400.440385296622,2020-01-08 04:30:00,2020-01-08 04:30:00,8790.26,8031.546944034424,8930.467303184576,7132.626584884272,2020-01-08 12:00:00,2020-01-08 12:00:00,269396.3007109031,0.7322978062417291,434.6689035809197,0.05264671527180483
8,"(1, 1, 1, 1, 48, 0, 0)",2688,True,2020-01-09,30883.900306340245,9179.49,9500.381691305338,10503.754362017946,8497.00902059273,2020-01-09 04:30:00,2020-01-09 04:30:00,8372.84,8376.408900529887,9272.98085676123,7479.836944298543,2020-01-09 12:00:00,2020-01-09 12:00:00,53000.35093278015,0.9295581656771217,177.30821880144185,0.021691628507864852
9,"(1, 1, 1, 1, 48, 0, 0)",2688,True,2020-01-10,30855.148102944277,11920.34,9867.355436996513,10867.74693514227,8866.963938850757,2020-01-10 04:30:00,2020-01-10 04:30:00,9454.39,8427.088280309776,9320.615368549341,7533.5611920702095,2020-01-10 12:00:00,2020-01-10 12:00:00,1460390.0833114411,0.5347663340593585,975.406211199282,0.09558691970781048
10,"(1, 1, 1, 1, 48, 0, 0)",2688,True,2020-01-11,30862.98604202265,7716.93,9966.881859866673,10983.601916200865,8950.161803532481,2020-01-11 05:00:00,2020-01-11 04:30:00,8302.9,8811.20352852692,9716.745274535011,8145.537359626622,2020-01-11 00:00:00,2020-01-11 12:00:00,2114554.620997977,-13.834287226931707,1262.120461175097,0.1729190728970419
11,"(1, 1, 1, 1, 48, 0, 0)",2688,True,2020-01-12,30858.874920157807,7690.59,8756.19973731544,9772.813624824166,7739.585849806716,2020-01-12 05:30:00,2020-01-12 04:30:00,7040.43,7526.97795860092,8432.306252276909,6621.649664924932,2020-01-12 09:30:00,2020-01-12 12:00:00,453850.6139885417,-0.37279590248274586,525.2914456878455,0.07433270931254131
12,"(1, 1, 1, 1, 48, 0, 0)",2688,True,2020-01-13,30847.971449570945,8671.97,9047.02650102268,10064.826838878118,8029.226163167241,2020-01-13 05:30:00,2020-01-13 04:30:00,7640.2,7634.7693787604885,8540.732207631352,6728.806549889625,2020-01-13 11:00:00,2020-01-13 12:00:00,147213.1093456058,0.786666359434522,305.6028893786677,0.04160878291261776
13,"(1, 1, 1, 1, 48, 0, 0)",2688,True,2020-01-14,30849.10363277757,9412.35,9300.396815773842,10320.825535352078,8279.968096195606,2020-01-14 04:30:00,2020-01-14 04:30:00,8267.39,7996.202165639077,8904.837317204048,7087.567014074106,2020-01-14 12:00:00,2020-01-14 12:00:00,86597.25225700763,0.9104573667615532,234.13469882833965,0.03001536836047804
14,"(1, 1, 1, 1, 48, 0, 0)",2688,True,2020-01-15,30797.016071392518,9524.55,9360.121135448819,10377.56366476834,8342.678606129297,2020-01-15 04:30:00,2020-01-15 04:30:00,8450.73,8181.855212833906,9087.612162109932,7276.09826355788,2020-01-15 12:00:00,2020-01-15 12:00:00,103787.40772302698,0.9041403789767081,290.84335065850706,0.03532461835612191
15,"(1, 1, 1, 1, 48, 0, 0)",2688,True,2020-01-16,30797.566150139795,9316.72,9563.230107314701,10581.71383669501,8544.746377934393,2020-01-16 04:30:00,2020-01-16 04:30:00,8814.88,8535.188700311144,9441.803789001422,7628.573611620865,2020-01-16 11:30:00,2020-01-16 12:00:00,81627.50531900997,0.8886087487604178,244.24731001981135,0.029574928005509333
16,"(1, 1, 1, 1, 48, 0, 0)",2688,True,2020-01-17,30814.986004227376,8264.99,9148.039029060259,10163.939417377447,8132.13864074307,2020-01-17 04:30:00,2020-01-17 04:30:00,8401.15,8166.11891893137,9071.584261094516,7260.6535767682235,2020-01-17 11:00:00,2020-01-17 12:00:00,208677.47974414678,0.5557423818093508,384.17397260589115,0.04878609529786861
17,"(1, 1, 1, 1, 48, 0, 0)",2688,True,2020-01-18,30826.11951113593,7744.74,8885.541215589634,9910.732893213511,7860.349537965756,2020-01-18 07:00:00,2020-01-18 04:30:00,7708.16,8018.719387193757,8931.101500862313,7106.337273525202,2020-01-18 09:30:00,2020-01-18 12:00:00,475149.2480187739,-0.6444508317136481,562.7134787606695,0.07730412829907977
18,"(1, 1, 1, 1, 48, 0, 0)",2688,True,2020-01-19,30840.969704128478,8025.98,8592.395652661064,9622.379402219884,7562.411903102243,2020-01-19 07:00:00,2020-01-19 04:30:00,7185.49,7661.698648511421,8577.465863519294,6786.641713635355,2020-01-19 11:00:00,2020-01-19 12:00:00,235995.95602025182,0.45007469176990345,406.29869149113824,0.056707962671773825
19,"(1, 1, 1, 1, 48, 0, 0)",2688,True,2020-01-20,30827.811455365383,9787.26,8642.226298115238,9685.207603338284,7605.079930863499,2020-01-20 03:30:00,2020-01-20 05:30:00,8905.03,7762.503064539839,8673.835642270677,6851.170486809002,2020-01-20 12:00:00,2020-01-20 12:00:00,689974.5285791551,0.509349865648869,723.2401230480331,0.08407842472885317
20,"(1, 1, 1, 1, 48, 0, 0)",2688,True,2020-01-21,30898.49434917318,9925.09,9302.575044568406,10338.95773169761,8266.192357439202,2020-01-21 04:30:00,2020-01-21 04:30:00,8209.52,8312.330333907592,9233.04803639528,7391.612631419904,2020-01-21 12:00:00,2020-01-21 12:00:00,106391.60136479857,0.912132964725396,252.64238701315108,0.028997240698350763
21,"(1, 1, 1, 1, 48, 0, 0)",2688,True,2020-01-22,30867.549414936806,11679.1,9531.097137237835,10561.257791340495,8500.936483135176,2020-01-22 04:30:00,2020-01-22 04:30:00,9196.29,8397.186630355714,9311.506746846497,7492.346576134649,2020-01-22 12:00:00,2020-01-22 12:00:00,1115585.8665779317,0.5773121594705724,787.9950634502352,0.07797390976801694
22,"(1, 1, 1, 1, 48, 0, 0)",2688,True,2020-01-23,30899.50948005731,13330.14,10493.617737555849,11586.522777747208,9400.71269736449,2020-01-23 04:30:00,2020-01-23 04:30:00,11712.42,9139.197312344784,10095.62377191193,8182.770852777638,2020-01-23 12:00:00,2020-01-23 12:00:00,3648563.0796298557,0.3095803808875016,1556.0373735809244,0.13432335841059873
23,"(1, 1, 1, 1, 48, 0, 0)",2688,True,2020-01-24,31009.393514587533,10052.6,10749.927725702655,11892.180557147383,9607.674894257927,2020-01-24 04:30:00,2020-01-24 04:30:00,9493.3,9644.149320128392,10613.182902297574,9063.354687602214,2020-01-24 09:30:00,2020-01-24 11:00:00,299865.74185609666,0.33160496369952674,476.4545009711845,0.052933331546512884
24,"(1, 1, 1, 1, 48, 0, 0)",2688,True,2020-01-25,31018.1418542762,9861.13,9991.66895037682,11212.679296111884,8770.658604641754,2020-01-25 05:30:00,2020-01-25 04:30:00,8455.7,9061.464958922166,10104.778061018193,8018.151856826141,2020-01-25 12:00:00,2020-01-25 12:00:00,198875.68904127853,0.8139681994129725,358.3967330929042,0.04535016639413005
25,"(1, 1, 1, 1, 48, 0, 0)",2688,True,2020-01-26,30968.10518166013,10840.67,10214.160139319209,11377.108111969541,9051.212166668876,2020-01-26 05:30:00,2020-01-26 04:30:00,9536.49,9008.372512537513,10013.399793889273,8003.345231185754,2020-01-26 12:00:00,2020-01-26 12:00:00,252514.3967187885,0.8814840704856013,436.1369184765915,0.04891682746119771
26,"(1, 1, 1, 1, 48, 0, 0)",2688,True,2020-01-27,30981.440727652527,11056.05,9946.352542293145,11050.10134626967,8842.60373831662,2020-01-27 05:30:00,2020-01-27 04:30:00,8791.17,8734.200784343424,9702.470062420063,7765.931506266785,2020-01-27 12:00:00,2020-01-27 12:00:00,284219.3101253931,0.856571590117274,416.0280706258788,0.04582289638183812
27,"(1, 1, 1, 1, 48, 0, 0)",2688,True,2020-01-28,30981.871691994736,12349.85,10102.914216910734,11228.315053644697,8977.513380176772,2020-01-28 04:00:00,2020-01-28 04:30:00,10699.19,8959.282467895715,9941.250543899483,7977.314391891947,2020-01-28 12:00:00,2020-01-28 12:00:00,1932475.1514850773,0.40586892011328446,1130.6755474117863,0.10592087962566406
28,"(1, 1, 1, 1, 48, 0, 0)",2688,True,2020-01-29,31255.40817599426,10778.14,10379.293126568502,11529.184283419683,9237.987201051918,2020-01-29 04:30:00,2020-01-29 04:30:00,9477.21,9193.663452353197,10192.246562811937,8195.080341894458,2020-01-29 12:00:00,2020-01-29 12:00:00,72873.47721422325,0.9445638563594962,228.9248545201326,0.025444141466585635
29,"(1, 1, 1, 1, 48, 0, 0)",2688,True,2020-01-30,31276.701084822995,11979.43,10303.275997024322,11447.28190363403,9159.270090414615,2020-01-30 04:30:00,2020-01-30 04:30:00,9472.85,8912.591738318733,9913.767450677178,7911.416025960289,2020-01-30 12:00:00,2020-01-30 12:00:00,783548.2627050411,0.7200003954625711,734.174151676266,0.07319904813432594
30,"(1, 1, 1, 1, 48, 0, 0)",2688,True,2020-01-31,31302.14419431602,13143.76,11018.213435292733,12204.28401693479,9832.142853650677,2020-01-31 03:00:00,2020-01-31 04:30:00,11311.9,9474.003186452115,10503.194859875723,8444.811513028508,2020-01-31 12:00:00,2020-01-31 12:00:00,2146759.836204033,0.4890623573443641,1210.057540917185,0.10600722056201732
31,"(1, 1, 1, 1, 48, 0, 0)",2688,True,2020-02-01,31432.821431216584,13634.63,12909.20425982412,14228.012514755377,11590.396004892864,2020-02-01 05:00:00,2020-02-01 04:30:00,12047.17,11355.72844795475,12472.28886481052,10239.168031098981,2020-02-01 12:00:00,2020-02-01 12:00:00,778667.9734087627,0.847406081607173,809.8215090151886,0.08363065551122946
32,"(1, 1, 1, 1, 48, 0, 0)",2688,True,2020-02-02,31480.10986162833,10938.26,12203.51359641436,13545.839623399776,10861.187569428943,2020-02-02 02:30:00,2020-02-02 04:30:00,10478.02,10950.700489593328,12085.214709271999,9816.186269914657,2020-02-02 12:00:00,2020-02-02 12:00:00,1664884.7876098535,-0.4274684044304127,1134.7425660723695,0.12480360888542623
33,"(1, 1, 1, 1, 48, 0, 0)",2688,True,2020-02-03,31554.595447023854,10741.33,10464.263558337585,11777.918087657305,9150.609029017865,2020-02-03 04:00:00,2020-02-03 04:30:00,9250.51,9090.586337906167,10214.319961643869,7966.852714168464,2020-02-03 08:30:00,2020-02-03 12:00:00,312454.17275571544,0.7937961024842057,432.72992265334983,0.05057520504207153
34,"(1, 1, 1, 1, 48, 0, 0)",2688,True,2020-02-04,31588.718528838257,8166.43,9947.775947311242,11331.958437337164,8563.59345728532,2020-02-04 05:30:00,2020-02-04 04:30:00,7916.85,8692.738179039,9862.493236881419,7522.983121196583,2020-02-04 07:30:00,2020-02-04 12:00:00,944793.4968528539,-1.7919607367363288,785.1965098441725,0.1016797999298172
35,"(1, 1, 1, 1, 48, 0, 0)",2688,True,2020-02-05,31558.684942103257,8698.81,9808.592738443916,11128.81669175521,8488.368785132623,2020-02-05 04:30:00,2020-02-05 04:30:00,7888.7,8441.016188343485,9568.940272640273,7313.0921040466965,2020-02-05 12:00:00,2020-02-05 12:00:00,390924.1816424411,0.37676495147066935,529.1627828657582,0.06715938219872489
36,"(1, 1, 1, 1, 48, 0, 0)",2688,True,2020-02-06,31565.405872481733,8592.13,9339.193730488176,10667.550905324959,8010.836555651393,2020-02-06 05:00:00,2020-02-06 04:30:00,8540.97,8419.149615441831,9555.205133127696,7283.094097755966,2020-02-06 09:30:00,2020-02-06 12:00:00,206685.4789629653,0.6781379710774105,387.61370468130036,0.04814408022563107
37,"(1, 1, 1, 1, 48, 0, 0)",2688,True,2020-02-07,31579.530781829173,8201.16,9228.275812113567,10615.426588628221,7843.606485755224,2020-02-07 00:00:00,2020-02-07 04:30:00,8552.26,8356.070347381092,9526.680925081298,7185.459769680884,2020-02-07 08:30:00,2020-02-07 12:00:00,302888.0693561386,0.444317643217117,449.089246927718,0.05632341708006338
38,"(1, 1, 1, 1, 48, 0, 0)",2688,True,2020-02-08,31602.621407425588,7873.51,9131.63646941629,10527.390869854351,7735.882068978228,2020-02-08 05:30:00,2020-02-08 04:30:00,7712.86,8227.387721342799,9406.937312958384,7088.306658318459,2020-02-08 09:30:00,2020-02-08 12:00:00,673588.3831726521,-0.8585686655153975,680.5306733819531,0.09249838616604424
39,"(1, 1, 1, 1, 48, 0, 0)",2688,True,2020-02-09,31600.321909978793,7920.61,8360.609358034117,9723.735770577608,6997.482945490624,2020-02-09 05:30:00,2020-02-09 04:30:00,7713.81,7627.043462953463,8786.166394247502,6512.771096503552,2020-02-09 09:30:00,2020-02-09 12:00:00,86896.62734795517,0.8252864305855163,243.88494605445575,0.03456235519078537
40,"(1, 1, 1, 1, 48, 0, 0)",2688,True,2020-02-10,31617.510738436034,9346.36,8827.705312627877,10191.486264398616,7466.1404093965375,2020-02-10 04:30:00,2020-02-10 04:30:00,8325.51,7870.919199984061,9032.335902216913,6709.5024977512085,2020-02-10 10:00:00,2020-02-10 12:00:00,220891.5453617758,0.8057963084748616,400.68402689989017,0.050569689048279236
41,"(1, 1, 1, 1, 48, 0, 0)",2688,True,2020-02-11,31645.002639118222,10020.15,9765.017119216862,11127.754757714807,8402.279480718917,2020-02-11 04:30:00,2020-02-11 04:30:00,8605.99,8730.291412734448,9893.270133091082,7567.3126923778145,2020-02-11 12:00:00,2020-02-11 12:00:00,60184.947729736974,0.9524814766538061,194.3013789947886,0.02258486586461428
42,"(1, 1, 1, 1, 48, 0, 0)",2688,True,2020-02-12,31634.85424483671,9397.17,9393.626233611718,10764.791289991466,8022.46117723197,2020-02-12 04:30:00,2020-02-12 04:30:00,8879.56,8689.522913483503,9857.91341225334,7541.19243834817,2020-02-12 11:00:00,2020-02-12 12:00:00,30067.88739983167,0.9647865361515823,136.24390611408617,0.016326014518094043
43,"(1, 1, 1, 1, 48, 0, 0)",2688,True,2020-02-13,31617.456441159968,9502.26,9553.733195396237,10932.253873575182,8175.212517217291,2020-02-13 04:30:00,2020-02-13 04:30:00,9178.99,8728.177831109013,9899.568260678217,7556.787401539809,2020-02-13 11:30:00,2020-02-13 12:00:00,120523.34306292271,0.8814935961340743,246.5561618441462,0.02838152470193286
44,"(1, 1, 1, 1, 48, 0, 0)",2688,True,2020-02-14,31588.87542905778,9197.97,9658.19843313991,11004.012339003106,8312.384527276716,2020-02-14 04:30:00,2020-02-14 04:30:00,8526.99,8742.898369575669,9891.739699501015,7594.057039650323,2020-02-14 09:00:00,2020-02-14 12:00:00,124475.59207682585,0.7967712763154114,279.6430964911529,0.033224502229276164
45,"(1, 1, 1, 1, 48, 0, 0)",2688,True,2020-02-15,31597.453818426013,8881.07,9584.248217977543,10926.691961265413,8241.804474689674,2020-02-15 05:30:00,2020-02-15 04:30:00,7593.58,8624.553547458996,9770.240776485129,7478.8663184328625,2020-02-15 12:00:00,2020-02-15 12:00:00,501122.03358737164,0.1599785275668516,602.2374468021603,0.07885872046932747
46,"(1, 1, 1, 1, 48, 0, 0)",2688,True,2020-02-16,31554.960281591786,8594.98,9038.74880712907,10368.778322698952,7708.719291559187,2020-02-16 05:00:00,2020-02-16 04:30:00,7416.78,8192.618536925715,9328.961567176042,7056.275506675386,2020-02-16 12:00:00,2020-02-16 12:00:00,299622.5038724613,0.5077849886177079,435.9866495310304,0.059575162277168914
47,"(1, 1, 1, 1, 48, 0, 0)",2688,True,2020-02-17,31559.082173973486,9255.9,8750.619206165458,10123.00708992528,7404.945538944414,2020-02-17 04:30:00,2020-02-17 05:30:00,8960.3,7980.314107585153,9076.653738935112,6921.839737633264,2020-02-17 11:00:00,2020-02-17 11:00:00,394152.8462492802,0.5875320859065373,566.657183578582,0.06772999547277735
48,"(1, 1, 1, 1, 48, 0, 0)",2688,True,2020-02-18,31580.163279170138,11079.33,9686.350758904024,11040.75848144476,8345.513202536564,2020-02-18 04:00:00,2020-02-18 04:30:00,8995.53,8713.907649896024,9858.380876230385,7569.434423561663,2020-02-18 12:00:00,2020-02-18 12:00:00,518386.24223364523,0.7571095718498373,515.0507668458123,0.052265220380251665
49,"(1, 1, 1, 1, 48, 0, 0)",2688,True,2020-02-19,31619.185436500306,9104.13,9560.954592555921,10911.044198413201,8212.317120055,2020-02-19 05:30:00,2020-02-19 04:30:00,8023.3,8391.355160325022,9541.948316140015,7240.762004510028,2020-02-19 07:30:00,2020-02-19 12:00:00,152137.77268453737,0.7836834436488304,310.085025526088,0.03822637287626926
50,"(1, 1, 1, 1, 48, 0, 0)",2688,True,2020-02-20,31606.668191387904,8722.59,8852.315155549688,10181.927017269414,7522.703293829962,2020-02-20 05:30:00,2020-02-20 04:30:00,7923.32,7772.1758483696085,8908.199797459034,6751.1286577088695,2020-02-20 07:00:00,2020-02-20 12:00:00,163906.688947376,0.6430364720498962,323.4441898197544,0.044230885979681195
51,"(1, 1, 1, 1, 48, 0, 0)",2688,True,2020-02-21,31641.79943016721,8413.87,9120.412858462169,10458.239737820617,7795.899459097985,2020-02-21 04:00:00,2020-02-21 05:00:00,8156.79,8214.434267574467,9348.641966153322,7089.631570007021,2020-02-21 07:30:00,2020-02-21 12:00:00,126114.92788834865,0.7036966053620912,268.11760923291956,0.03349832329265139
52,"(1, 1, 1, 1, 48, 0, 0)",2688,True,2020-02-22,31657.790433734383,7801.96,8710.144242573648,10009.79270144306,7410.495783704236,2020-02-22 06:30:00,2020-02-22 04:30:00,7459.01,7950.087374199621,9055.601269814673,6965.824459977617,2020-02-22 09:30:00,2020-02-22 09:30:00,431405.8407198426,-0.655569856943581,557.4445406658425,0.07665972516672166
53,"(1, 1, 1, 1, 48, 0, 0)",2688,True,2020-02-23,31665.78679901716,8139.82,8590.215627511134,9872.600998135247,7307.830256887021,2020-02-23 07:00:00,2020-02-23 04:30:00,7230.13,7791.020400255854,8827.458844177925,6778.451805213901,2020-02-23 12:00:00,2020-02-23 10:00:00,257510.8742925264,0.336998818455135,405.2533192530602,0.056506220328456126
54,"(1, 1, 1, 1, 48, 0, 0)",2688,True,2020-02-24,31681.847386034107,9418.22,8807.780678654703,10089.107162352684,7526.454194956721,2020-02-24 04:30:00,2020-02-24 05:30:00,8379.59,7936.577249224813,9031.662708309312,6841.491790140316,2020-02-24 08:30:00,2020-02-24 12:00:00,224909.4189505053,0.7715616749221489,427.3253660776002,0.051400759005728984
55,"(1, 1, 1, 1, 48, 0, 0)",2688,True,2020-02-25,31684.121774541814,10252.21,9419.333582073143,10633.44538462677,8205.221779519516,2020-02-25 04:30:00,2020-02-25 04:30:00,8575.2,8458.803735757683,9528.390214821491,7389.217256693875,2020-02-25 12:00:00,2020-02-25 12:00:00,166079.64126874533,0.8682372369519499,307.86832461626364,0.03381192606783181
56,"(1, 1, 1, 1, 48, 0, 0)",2688,True,2020-02-26,31620.365881046277,10196.1,9474.472621481607,10691.427425545658,8260.403641455578,2020-02-26 04:30:00,2020-02-26 05:30:00,9456.92,8663.294864874948,9715.34242877371,7611.247300976185,2020-02-26 12:00:00,2020-02-26 12:00:00,174705.44818452818,0.8717390666049627,343.71155391390784,0.03858526468178713
57,"(1, 1, 1, 1, 48, 0, 0)",2688,True,2020-02-27,31634.57559127331,9024.06,9175.66007458913,10368.605927984732,7992.148429337605,2020-02-27 05:30:00,2020-02-27 04:30:00,8296.81,8207.574931667634,9252.86876326216,7259.488587807083,2020-02-27 07:30:00,2020-02-27 12:00:00,65485.711083810085,0.8838013728078912,187.35646813424418,0.02357920564339894
58,"(1, 1, 1, 1, 48, 0, 0)",2688,True,2020-02-28,31646.94038349872,8559.55,9203.733004850052,10396.337031780246,8011.128977919858,2020-02-28 04:30:00,2020-02-28 04:30:00,8030.79,8210.871241012705,9262.452660816676,7159.289821208733,2020-02-28 07:00:00,2020-02-28 12:00:00,237264.46046947187,0.3995386984969641,401.26589293948973,0.05138512705948892
59,"(1, 1, 1, 1, 48, 0, 0)",2688,True,2020-02-29,31712.89800761813,8329.8,9201.438068612413,10591.228770346208,7841.740873844481,2020-02-29 06:00:00,2020-02-29 04:30:00,7253.97,8158.349416681907,9318.75991955965,7085.1553997470955,2020-02-29 08:30:00,2020-02-29 12:00:00,658388.0271564675,-0.643850821243134,700.8853890450391,0.09566148851032664
60,"(1, 1, 1, 1, 48, 0, 0)",2688,True,2020-03-01,31552.8294240011,9781.28,9045.622455989856,10228.165137252252,7883.641703838414,2020-03-01 05:30:00,2020-03-01 05:30:00,7047.34,7903.333031243938,8925.574821413327,6921.379095810982,2020-03-01 12:00:00,2020-03-01 12:00:00,369343.14877382125,0.7313658159650587,482.67341109136197,0.06592316552692043
61,"(1, 1, 1, 1, 48, 0, 0)",2688,True,2020-03-02,31563.45581469526,11344.04,9085.563819906176,10264.753428802316,7906.374211010035,2020-03-02 03:00:00,2020-03-02 05:30:00,9412.32,7928.303526892803,8949.674422881208,6926.966675112269,2020-03-02 12:00:00,2020-03-02 12:00:00,1470604.5832621257,0.3948170349652581,943.4944653886954,0.09828608924923947
62,"(1, 1, 1, 1, 48, 0, 0)",2688,True,2020-03-03,31606.601765977222,8786.32,8911.062005773263,10087.546617451591,7734.577394094935,2020-03-03 04:30:00,2020-03-03 04:30:00,8623.18,8079.959845317688,9067.12675174148,7217.039089512022,2020-03-03 10:00:00,2020-03-03 08:30:00,87737.60257356516,0.8599145424868291,226.29315050111984,0.027266232739663807
63,"(1, 1, 1, 1, 48, 0, 0)",2688,True,2020-03-04,31601.19732895819,8827.24,9053.889016554687,10229.045056328203,7879.116794811756,2020-03-04 04:30:00,2020-03-04 04:30:00,8803.05,8068.733700214418,9104.605400830442,7181.000951276166,2020-03-04 09:30:00,2020-03-04 12:00:00,135579.2859046622,0.8258210385240958,288.4418583305384,0.03456919309982214
64,"(1, 1, 1, 1, 48, 0, 0)",2688,True,2020-03-05,31612.259507635168,8986.57,8803.636181975366,9997.17205326304,7610.100310687691,2020-03-05 04:30:00,2020-03-05 04:30:00,9021.99,8179.059486352382,9156.002709964863,7266.100359464631,2020-03-05 10:00:00,2020-03-05 08:30:00,174568.612213351,0.7910831368557292,319.7248319351176,0.03753729352417969
65,"(1, 1, 1, 1, 48, 0, 0)",2688,True,2020-03-06,31630.95951821037,8680.04,9307.40968673697,10518.595469721511,8096.223903752429,2020-03-06 04:30:00,2020-03-06 04:30:00,8581.29,8406.110174720608,9466.61536001033,7368.709342170282,2020-03-06 12:00:00,2020-03-06 12:00:00,103389.01188524328,0.8382997759303268,261.7148736351389,0.03277909842866002
66,"(1, 1, 1, 1, 48, 0, 0)",2688,True,2020-03-07,31599.552869901137,7680.05,8807.995983969302,9990.038433727093,7625.9535342115105,2020-03-07 06:30:00,2020-03-07 04:30:00,7374.46,8018.6688142555,9051.668161482054,7073.815849063985,2020-03-07 08:30:00,2020-03-07 11:00:00,728156.353012362,-2.4150724304314473,734.6362741171521,0.10411926149551394
67,"(1, 1, 1, 1, 48, 0, 0)",2688,True,2020-03-08,31616.680525261294,7691.79,8278.881054603657,9481.030506007177,7096.370176545567,2020-03-08 07:00:00,2020-03-08 04:30:00,6835.26,7538.559170664146,8556.232796617682,6631.577880323721,2020-03-08 08:30:00,2020-03-08 08:30:00,481127.87117763003,-0.6195665463982569,581.9668900993341,0.08632060741840585
68,"(1, 1, 1, 1, 48, 0, 0)",2688,True,2020-03-09,31620.907641105547,8220.92,8092.864173760019,9279.119440665441,6918.756245855031,2020-03-09 05:30:00,2020-03-09 04:30:00,7824.63,7315.395568412094,8331.238374077431,6403.46878667076,2020-03-09 08:00:00,2020-03-09 09:30:00,103821.31901090464,0.7959363430507748,270.74147735968705,0.037580490995807604
69,"(1, 1, 1, 1, 48, 0, 0)",2688,True,2020-03-10,31626.736413059672,8392.67,8622.271918803948,9794.88631023683,7449.657527371066,2020-03-10 06:30:00,2020-03-10 04:30:00,8018.88,7757.924865315707,8753.625258430613,6843.766982683857,2020-03-10 07:00:00,2020-03-10 09:30:00,79782.91271725645,0.8211281368813235,215.79632245637643,0.028436817884834573
70,"(1, 1, 1, 1, 48, 0, 0)",2688,True,2020-03-11,31634.83397210998,8509.13,8622.90633169747,9813.910821741207,7431.901841653733,2020-03-11 06:30:00,2020-03-11 05:30:00,8022.3,7811.297448057208,8769.389996998798,6880.8249654164665,2020-03-11 07:00:00,2020-03-11 09:30:00,96393.31595613757,0.7827038671749058,250.21337081916076,0.03360682772346985
71,"(1, 1, 1, 1, 48, 0, 0)",2688,True,2020-03-12,31652.388948385273,8631.93,8732.2852665309,9930.679784404048,7533.890748657752,2020-03-12 06:30:00,2020-03-12 05:30:00,8088.63,7886.391545785076,8845.263115710803,6989.099518135068,2020-03-12 07:00:00,2020-03-12 08:30:00,65253.74879478456,0.8610398492628277,188.8285032027111,0.02477043172678577
72,"(1, 1, 1, 1, 48, 0, 0)",2688,True,2020-03-13,31626.17495825716,8295.05,8746.272696763657,9944.473384427989,7548.072009099325,2020-03-13 05:30:00,2020-03-13 05:30:00,7990.7,7765.595290852021,8790.405419724213,6983.302650271088,2020-03-13 07:00:00,2020-03-13 07:30:00,144654.28897958473,0.6197596114305779,307.9280639100434,0.04102170607224142
73,"(1, 1, 1, 1, 48, 0, 0)",2688,True,2020-03-14,31614.519751026066,7705.42,7934.39161045323,9163.425359167211,6705.357861739249,2020-03-14 06:00:00,2020-03-14 06:30:00,7392.01,7847.474457403751,8707.234229004416,6988.8855543707,2020-03-14 08:30:00,2020-03-14 07:30:00,140828.79097368385,0.4741762820754386,299.6337822266591,0.04321157665158364
74,"(1, 1, 1, 1, 48, 0, 0)",2688,True,2020-03-15,31595.465468990285,7939.49,8046.698526625034,9244.67076894245,6855.247448830874,2020-03-15 06:30:00,2020-03-15 05:30:00,6758.86,7459.583603713488,8357.55645714511,6599.526443436137,2020-03-15 08:30:00,2020-03-15 08:30:00,323281.65214871266,0.1137308208042026,467.9347034920433,0.07152170673217835
75,"(1, 1, 1, 1, 48, 0, 0)",2688,True,2020-03-16,31568.077943506538,8476.08,7986.844100084486,9176.847407311107,6796.840792857865,2020-03-16 06:30:00,2020-03-16 06:30:00,8083.1,7302.828073926905,8182.493851496161,6459.733660233578,2020-03-16 07:30:00,2020-03-16 07:30:00,162161.90223559013,0.7022430572622491,347.77540943269076,0.046322591562293264
76,"(1, 1, 1, 1, 48, 0, 0)",2688,True,2020-03-17,31521.710411630953,8458.57,8503.979825727429,9663.167302078074,7344.792349376782,2020-03-17 06:30:00,2020-03-17 05:30:00,8088.07,7806.680326503772,8644.235663154528,7035.005352910541,2020-03-17 07:00:00,2020-03-17 07:30:00,33804.682329325304,0.9187827638398349,152.92639868806165,0.020943142549867604
77,"(1, 1, 1, 1, 48, 0, 0)",2688,True,2020-03-18,31504.745240604865,8498.9,8678.412747069931,9826.593795796767,7530.231698343096,2020-03-18 05:30:00,2020-03-18 05:30:00,7991.83,7756.4556994014165,8611.963135074893,7000.0391031960435,2020-03-18 07:00:00,2020-03-18 07:30:00,130582.33013216131,0.6912199215907684,293.66464073349306,0.04044042737983819
78,"(1, 1, 1, 1, 48, 0, 0)",2688,True,2020-03-19,31494.92376684571,9539.15,8628.162477733153,9775.47553539975,7480.8494200665555,2020-03-19 05:30:00,2020-03-19 05:30:00,7922.25,7709.739869556998,8541.950068017284,6937.192934578675,2020-03-19 07:00:00,2020-03-19 07:30:00,178669.26055167895,0.8130846907530999,291.57302844383895,0.034375567588390846
79,"(1, 1, 1, 1, 48, 0, 0)",2688,True,2020-03-20,31411.612861730046,10226.72,8827.207302828043,9958.467154355489,7695.947451300597,2020-03-20 04:30:00,2020-03-20 05:30:00,7942.66,7842.5603700982165,8661.918667631744,7023.422002113746,2020-03-20 12:00:00,2020-03-20 07:30:00,528522.8437656537,0.6273559136717413,491.28761838731606,0.05443947580059838
80,"(1, 1, 1, 1, 48, 0, 0)",2688,True,2020-03-21,31393.049921898408,8131.27,8768.177506498281,9892.52226758791,7643.832745408652,2020-03-21 06:30:00,2020-03-21 05:30:00,7276.97,7855.6003792909405,8671.02847128959,7131.815886522442,2020-03-21 00:00:00,2020-03-21 07:30:00,414974.29320116155,-0.48297678376058273,575.5058728168573,0.08138721531048648
81,"(1, 1, 1, 1, 48, 0, 0)",2688,True,2020-03-22,31393.811226319052,8287.98,8443.07484193679,9566.913411015239,7319.236272858341,2020-03-22 05:30:00,2020-03-22 05:30:00,6715.46,7343.85122496618,8158.936192267565,6564.404125856929,2020-03-22 00:00:00,2020-03-22 07:30:00,218250.3508779298,0.5806502662802273,378.05292540487693,0.05701454750335988
82,"(1, 1, 1, 1, 48, 0, 0)",2688,True,2020-03-23,31376.30858533164,8224.17,8177.545141096783,9315.072973612063,7040.017308581503,2020-03-23 05:30:00,2020-03-23 05:30:00,7902.6,7220.452735414117,8037.509055133207,6513.582334608723,2020-03-23 07:30:00,2020-03-23 07:30:00,135484.86183933614,0.6962200853814208,278.6483708242334,0.03796371473437716
83,"(1, 1, 1, 1, 48, 0, 0)",2688,True,2020-03-24,31347.861120198966,8389.77,8434.795409355509,9572.466263975077,7297.124554735941,2020-03-24 05:30:00,2020-03-24 05:30:00,7866.73,7578.172766587442,8391.63383686147,6807.075791141658,2020-03-24 08:30:00,2020-03-24 07:30:00,32420.694865755475,0.9245002279863442,137.79232009409492,0.018107064469548056
84,"(1, 1, 1, 1, 48, 0, 0)",2688,True,2020-03-25,31142.467242296156,8347.31,8240.569059603356,9347.184817797845,7146.420300204158,2020-03-25 04:30:00,2020-03-25 05:30:00,7689.16,7554.270982038583,8440.763792477774,6762.56233416495,2020-03-25 10:00:00,2020-03-25 10:00:00,27495.467662082883,0.936891106259817,137.1080767639028,0.01826129333849683
85,"(1, 1, 1, 1, 48, 0, 0)",2688,True,2020-03-26,31140.08947175962,8322.77,8368.209710074823,9463.460576108848,7272.958844040799,2020-03-26 06:00:00,2020-03-26 05:30:00,7895.12,7831.826156523103,8636.400390913217,7041.440948459903,2020-03-26 08:30:00,2020-03-26 07:30:00,20649.673712192827,0.9504094192814759,123.97847564621935,0.017515880019222187
86,"(1, 1, 1, 1, 48, 0, 0)",2688,True,2020-03-27,31095.11366679202,7959.54,8572.790476703254,9653.238215679467,7492.342737727042,2020-03-27 06:00:00,2020-03-27 05:30:00,7607.87,7749.163431643389,8530.548806011628,6967.77805727515,2020-03-27 08:00:00,2020-03-27 07:30:00,156963.71515623244,0.41435477042710156,335.56496062523576,0.04662588573974685
87,"(1, 1, 1, 1, 48, 0, 0)",2688,True,2020-03-28,30941.266360983554,7840.03,8325.841429087111,9377.610612032275,7274.072246141947,2020-03-28 06:00:00,2020-03-28 05:30:00,6877.91,7536.8468395813115,8329.849106658357,6813.800011270336,2020-03-28 00:00:00,2020-03-28 07:30:00,493554.33347669797,-0.7596571214997021,631.3907131329071,0.09496543745507491
88,"(1, 1, 1, 1, 48, 0, 0)",2688,True,2020-03-29,30779.777401337513,7956.25,8110.915529849975,9109.089025810277,7114.837210266873,2020-03-29 06:00:00,2020-03-29 05:30:00,6656.38,7268.296530217419,8010.894192308446,6543.834168054556,2020-03-29 09:30:00,2020-03-29 07:30:00,224025.3685786297,0.4354063639627179,399.1752758578136,0.06140332955949171
89,"(1, 1, 1, 1, 48, 0, 0)",2688,True,2020-03-30,30656.59175647688,8317.5,7948.838435464013,8876.595288697306,7021.081582230719,2020-03-30 05:30:00,2020-03-30 06:00:00,7853.23,7197.562254675555,7916.285098131083,6478.839411220027,2020-03-30 08:30:00,2020-03-30 08:30:00,187843.50215238138,0.651661522986247,385.767533384537,0.05225512397843135
90,"(1, 1, 1, 1, 48, 0, 0)",2688,True,2020-03-31,30589.08052715663,8523.36,8398.612201545116,9292.374941716096,7504.849461374137,2020-03-31 05:30:00,2020-03-31 05:30:00,7533.12,7418.941458102632,8111.990988351475,6873.165959967038,2020-03-31 08:00:00,2020-03-31 07:30:00,10821.802161556376,0.975009894695425,81.5363517598609,0.011472805823441762
91,"(1, 1, 1, 1, 48, 0, 0)",2688,True,2020-04-01,30575.30609358304,8324.82,8271.556229431757,9170.655129689645,7372.45732917387,2020-04-01 05:30:00,2020-04-01 06:00:00,7615.68,7513.889018262897,8213.379869628829,6856.076501650563,2020-04-01 08:00:00,2020-04-01 08:30:00,16665.271388613855,0.9579005612674113,100.33288487089088,0.013597997279882633
92,"(1, 1, 1, 1, 48, 0, 0)",2688,True,2020-04-02,30581.246127728842,8398.97,8353.607158203296,9248.512227034978,7458.702089371614,2020-04-02 05:00:00,2020-04-02 05:30:00,7936.57,7562.515769699644,8252.168855893484,6877.620002656542,2020-04-02 08:00:00,2020-04-02 08:00:00,57804.8511052379,0.8838112003754756,182.9584167567276,0.02388376842197275
93,"(1, 1, 1, 1, 48, 0, 0)",2688,True,2020-04-03,30600.513140805644,8414.49,8328.509093001572,9223.619102330802,7433.399083672342,2020-04-03 05:30:00,2020-04-03 05:30:00,7815.69,7574.869351095042,8261.121228960785,6888.6174732292975,2020-04-03 12:00:00,2020-04-03 08:00:00,30356.192480822134,0.9406458071528998,148.32606353990653,0.020356031665619438
94,"(1, 1, 1, 1, 48, 0, 0)",2688,True,2020-04-04,30588.99978027066,7730.94,8441.129669887021,9334.97478433092,7547.284555443122,2020-04-04 06:00:00,2020-04-04 05:30:00,7098.92,7660.343901807968,8347.363142280534,6975.309028489156,2020-04-04 00:00:00,2020-04-04 08:00:00,685656.9288560973,-1.8051449862936404,738.2354574305109,0.11252372219141911
95,"(1, 1, 1, 1, 48, 0, 0)",2688,True,2020-04-05,30579.43565963832,8088.95,7896.866436562224,8800.477229463917,6997.605948043297,2020-04-05 06:00:00,2020-04-05 05:30:00,6324.7,6839.845800312027,7537.499281252101,6173.422055099111,2020-04-05 00:00:00,2020-04-05 08:00:00,333108.03351162176,0.38866537710576887,447.9028978907125,0.07506131308192325
96,"(1, 1, 1, 1, 48, 0, 0)",2688,True,2020-04-06,30605.495881131592,8725.82,8044.874668053402,8962.179243949493,7127.5700921573125,2020-04-06 06:00:00,2020-04-06 06:00:00,7061.67,6918.304329283693,7620.170711604632,6436.5965201725,2020-04-06 08:30:00,2020-04-06 08:00:00,74165.42389389542,0.8752353292436161,193.77516552596407,0.02630642703683597
97,"(1, 1, 1, 1, 48, 0, 0)",2688,True,2020-04-07,30625.361806364865,8723.16,8344.362485853777,9259.16715995192,7429.557811755634,2020-04-07 06:00:00,2020-04-07 06:00:00,7367.35,7507.077764461824,8214.690725817567,7012.600643370616,2020-04-07 08:30:00,2020-04-07 08:30:00,47352.08919484363,0.8844981301123144,183.25779429501915,0.026012470907217353
98,"(1, 1, 1, 1, 48, 0, 0)",2688,True,2020-04-08,30640.624629709073,8639.7,8355.223422223893,9266.311380768744,7444.135463679042,2020-04-08 06:00:00,2020-04-08 06:00:00,7432.41,7597.416835205682,8305.958507084155,7077.568852347892,2020-04-08 12:00:00,2020-04-08 08:30:00,48605.61478805554,0.8906038340282991,164.9070359979542,0.023885308721574183
99,"(1, 1, 1, 1, 48, 0, 0)",2688,True,2020-04-09,30651.47848266392,8536.62,8495.07848740795,9402.875163537541,7587.28181127836,2020-04-09 06:00:00,2020-04-09 06:00:00,7376.72,7536.349992911555,8244.616809930718,7051.7778908413575,2020-04-09 08:30:00,2020-04-09 08:30:00,25690.2725578742,0.9358368535177082,116.77084634516446,0.01726352480089809
100,"(1, 1, 1, 1, 48, 0, 0)",2688,True,2020-04-10,30649.94365457026,8115.61,8391.501764549754,9288.739759525475,7494.263769574032,2020-04-10 06:00:00,2020-04-10 06:00:00,7201.84,7570.1420001203205,8273.371651894282,7074.3442465591015,2020-04-10 00:00:00,2020-04-10 08:30:00,321665.03499040566,0.10067590548541283,467.936767434724,0.07126135186832964
101,"(1, 1, 1, 1, 48, 0, 0)",2688,True,2020-04-11,30690.690404305857,8093.91,8370.05035980038,9274.919406221496,7465.181313379263,2020-04-11 06:00:00,2020-04-11 06:00:00,6881.91,6903.305360340575,7623.185579125069,6758.715523458984,2020-04-11 00:00:00,2020-04-11 08:30:00,462170.9896845133,0.1671008472537202,570.379802000249,0.094328692651291
102,"(1, 1, 1, 1, 48, 0, 0)",2688,True,2020-04-12,30678.034192013398,8122.55,8250.154807429386,9158.88797192191,7341.421642936863,2020-04-12 06:00:00,2020-04-12 06:00:00,6729.58,6809.974008307504,7364.789532464986,6670.434038299635,2020-04-12 00:00:00,2020-04-12 00:00:00,322558.5043945751,0.43294795051233936,441.68398314025245,0.07465818213270915
103,"(1, 1, 1, 1, 48, 0, 0)",2688,True,2020-04-13,30652.64481420149,8237.26,8226.579844286003,9135.386861622621,7317.7728269493855,2020-04-13 06:00:00,2020-04-13 06:00:00,6776.14,6791.085797693771,7244.79052330627,6652.258835156254,2020-04-13 00:00:00,2020-04-13 00:00:00,95667.16404983691,0.8167699247912237,218.72010606010357,0.03600030430471755
104,"(1, 1, 1, 1, 48, 0, 0)",2688,True,2020-04-14,30643.937072745674,8753.41,8340.56183532935,9245.038637070555,7436.085033588146,2020-04-14 06:00:00,2020-04-14 06:00:00,7078.4,6964.570334293427,7241.7271202239735,6825.909245431332,2020-04-14 08:00:00,2020-04-14 00:00:00,65193.062297221615,0.877494194399874,209.8410150598943,0.029457500302503447
105,"(1, 1, 1, 1, 48, 0, 0)",2688,True,2020-04-15,30549.252687493306,8805.66,8515.885098530547,9388.504823750543,7643.265373310551,2020-04-15 06:00:00,2020-04-15 06:00:00,7188.45,7172.031227755576,7506.790663361407,7035.779180186997,2020-04-15 00:00:00,2020-04-15 00:00:00,43904.76870949912,0.9141505162866743,161.16894867590074,0.02228087874410183
106,"(1, 1, 1, 1, 48, 0, 0)",2688,True,2020-04-16,30522.114473468846,8675.58,8489.745571737702,9364.040422336539,7615.4507211388645,2020-04-16 06:00:00,2020-04-16 06:00:00,7213.45,7145.305462498833,7683.646521172997,7009.735699409826,2020-04-16 09:30:00,2020-04-16 00:00:00,65676.75236552137,0.853628272578416,198.06128871681116,0.027329406008560975
107,"(1, 1, 1, 1, 48, 0, 0)",2688,True,2020-04-17,30502.522582513466,8478.38,8656.149733881459,9525.894237051793,7786.405230711124,2020-04-17 06:00:00,2020-04-17 06:00:00,7254.58,7221.7509718351575,7626.874397319062,7086.700693393142,2020-04-17 00:00:00,2020-04-17 00:00:00,15883.397298442185,0.9589521868089268,108.30308509546556,0.015466197664926254
108,"(1, 1, 1, 1, 48, 0, 0)",2688,True,2020-04-18,30479.13295524033,8132.82,8459.139252422226,9335.545292969375,7582.733211875078,2020-04-18 06:00:00,2020-04-18 06:00:00,7096.27,7079.804121913112,7465.888637090076,6945.3443931952625,2020-04-18 00:00:00,2020-04-18 00:00:00,159916.81860046805,0.6354610592730521,339.17217488946494,0.053068678776175986
109,"(1, 1, 1, 1, 48, 0, 0)",2688,True,2020-04-19,30462.858191554642,8267.96,8302.991791507478,9181.871692871853,7424.111890143105,2020-04-19 06:00:00,2020-04-19 06:00:00,6862.94,6894.926592745471,7310.079725153774,6760.970106705756,2020-04-19 00:00:00,2020-04-19 00:00:00,94490.28817163815,0.8197958842753312,230.58804674644924,0.03756299796815755
110,"(1, 1, 1, 1, 48, 0, 0)",2688,True,2020-04-20,30403.301262210098,8868.11,8216.854093481223,9091.364642364322,7342.343544598123,2020-04-20 06:00:00,2020-04-20 06:00:00,7450.86,6876.774150285533,7332.624123384386,6744.407158698862,2020-04-20 09:00:00,2020-04-20 00:00:00,293291.88447314873,0.5034568369304109,469.28804769342577,0.06345821579609615
111,"(1, 1, 1, 1, 48, 0, 0)",2688,True,2020-04-21,30412.597058644827,8685.43,8732.321960296778,9593.102452856312,7871.541467737245,2020-04-21 06:00:00,2020-04-21 06:00:00,7362.42,7343.315305396096,7757.220093211119,7210.693228057309,2020-04-21 00:00:00,2020-04-21 00:00:00,18403.62706057895,0.9578755462275356,113.02470211138962,0.01654813383314872
112,"(1, 1, 1, 1, 48, 0, 0)",2688,True,2020-04-22,30391.009902324924,8632.97,8633.010951636683,9477.868627857499,7788.153275415867,2020-04-22 06:00:00,2020-04-22 06:00:00,7202.22,7205.463641668379,7570.907892442424,7073.3577357243585,2020-04-22 00:00:00,2020-04-22 00:00:00,8315.772288984728,0.9822398618474105,69.76332187194889,0.010094416681409339
113,"(1, 1, 1, 1, 48, 0, 0)",2688,True,2020-04-23,30340.43909174427,8756.95,8675.503784069211,9503.502082738678,7847.5054853997435,2020-04-23 06:00:00,2020-04-23 06:00:00,7287.59,7274.157310326198,7699.2704168475675,7143.26850940856,2020-04-23 00:00:00,2020-04-23 00:00:00,7436.000591470947,0.9838188991696174,69.13258517385394,0.009842163507786496
114,"(1, 1, 1, 1, 48, 0, 0)",2688,True,2020-04-24,30319.774167563464,8492.38,8620.525562787128,9442.676015318777,7798.37511025548,2020-04-24 06:00:00,2020-04-24 06:00:00,7238.05,7165.96012558574,7611.113384909619,7035.562529383819,2020-04-24 00:00:00,2020-04-24 00:00:00,13550.903806283333,0.9658846417032041,102.73572987791063,0.014451351885751085
115,"(1, 1, 1, 1, 48, 0, 0)",2688,True,2020-04-25,30284.512093881825,8071.34,8549.053436443848,9364.190841417663,7733.916031470032,2020-04-25 06:00:00,2020-04-25 06:00:00,7174.63,7154.145030683883,7600.796200075685,7024.540978958816,2020-04-25 00:00:00,2020-04-25 00:00:00,283422.91166430834,0.3647813960301558,475.2603450353551,0.07499372867300567
116,"(1, 1, 1, 1, 48, 0, 0)",2688,True,2020-04-26,30260.42975920199,8191.68,8160.243841633748,8978.214450935484,7342.2732323320115,2020-04-26 06:00:00,2020-04-26 06:00:00,6679.46,6708.283015303956,7113.462870789317,6579.301423645171,2020-04-26 00:00:00,2020-04-26 00:00:00,54589.688976394595,0.9017834831833809,170.04325558217695,0.02701482057406082
117,"(1, 1, 1, 1, 48, 0, 0)",2688,True,2020-04-27,30191.832676070506,8876.89,8132.598531068694,8938.994225318918,7326.202836818469,2020-04-27 06:00:00,2020-04-27 06:00:00,7311.55,6736.223958829549,7162.9386627706435,6608.911133071875,2020-04-27 08:30:00,2020-04-27 00:00:00,377767.9715174699,0.39864662226369596,553.0539148082648,0.07509869722451919
118,"(1, 1, 1, 1, 48, 0, 0)",2688,True,2020-04-28,29990.90871432285,8769.32,8679.46441033707,9442.261924014172,7916.666896659969,2020-04-28 06:00:00,2020-04-28 06:00:00,7380.54,7283.452938678808,7673.57802598712,7160.950161392878,2020-04-28 09:00:00,2020-04-28 00:00:00,29464.982262392605,0.9354158686960965,142.95987877804276,0.02011490032480835
119,"(1, 1, 1, 1, 48, 0, 0)",2688,True,2020-04-29,29995.157385220107,8852.97,8604.099242614931,9357.030566613985,7851.167918615878,2020-04-29 05:30:00,2020-04-29 06:00:00,7504.21,7161.029018280568,7628.171669168789,7038.439375510858,2020-04-29 09:00:00,2020-04-29 00:00:00,111290.91097561382,0.7995899029874562,250.89385029683208,0.033458360677883686
120,"(1, 1, 1, 1, 48, 0, 0)",2688,True,2020-04-30,29999.00171724153,9471.04,8703.755404953334,9457.43241696753,7950.078392939138,2020-04-30 05:30:00,2020-04-30 06:00:00,8244.03,7479.593095140462,8099.713672900512,7079.8782730471585,2020-04-30 11:30:00,2020-04-30 09:00:00,329193.1100878532,0.6298893143391782,478.690699951858,0.057909312870167894
121,"(1, 1, 1, 1, 48, 0, 0)",2688,True,2020-05-01,30015.160068900015,9826.56,9072.862554812027,9825.1028344345,8320.622275189555,2020-05-01 06:00:00,2020-05-01 06:00:00,8008.42,7548.757733559567,8127.608745911195,7425.646719192785,2020-05-01 08:30:00,2020-05-01 00:00:00,169716.38573901672,0.8109320835904458,311.9427217353404,0.03762336031447888
122,"(1, 1, 1, 1, 48, 0, 0)",2688,True,2020-05-02,30007.07103168392,9186.82,9409.615729075636,10148.494470941401,8670.736987209872,2020-05-02 06:00:00,2020-05-02 06:00:00,7830.59,7838.531123445539,8434.96477558601,7711.865206121812,2020-05-02 00:00:00,2020-05-02 09:00:00,387791.0124553647,0.4780050702834522,522.4095901842492,0.07662882034544863
123,"(1, 1, 1, 1, 48, 0, 0)",2688,True,2020-05-03,30017.829852129787,9080.3,9131.939544334467,9871.794863808087,8392.084224860848,2020-05-03 06:00:00,2020-05-03 06:00:00,7389.51,7401.854200211194,7998.3031938742915,7278.753352089036,2020-05-03 00:00:00,2020-05-03 00:00:00,253772.7964152779,0.7137405596951312,386.0473189302843,0.05922301361291912
124,"(1, 1, 1, 1, 48, 0, 0)",2688,True,2020-05-04,29986.879602993726,9823.34,9077.247176955858,9809.978378962362,8344.515974949354,2020-05-04 06:00:00,2020-05-04 06:00:00,8481.01,7380.331051649488,7840.380914990274,7257.994783177952,2020-05-04 08:30:00,2020-05-04 00:00:00,350610.80961879995,0.6355613563791926,478.58201240156217,0.05945104394029436
125,"(1, 1, 1, 1, 48, 0, 0)",2688,True,2020-05-05,30044.820834816954,9513.53,9425.944704976053,10176.688548557348,8675.200861394758,2020-05-05 06:00:00,2020-05-05 06:00:00,8373.39,7955.117073210392,8558.360006678788,7624.135695162216,2020-05-05 08:30:00,2020-05-05 08:30:00,24278.26604419513,0.9632963098988314,106.54298825863037,0.01376699733123459
126,"(1, 1, 1, 1, 48, 0, 0)",2688,True,2020-05-06,30073.81057630094,9291.21,9394.45395966927,10196.78341157276,8592.12450776578,2020-05-06 06:00:00,2020-05-06 06:00:00,8242.58,7859.931605503569,8474.724001479313,7507.604943203032,2020-05-06 08:30:00,2020-05-06 08:30:00,28359.603390609056,0.9553292572668425,129.14609195619903,0.016840163093378827
127,"(1, 1, 1, 1, 48, 0, 0)",2688,True,2020-05-07,30059.791118674668,9144.39,9275.79378639926,10196.29794326007,8355.289629538449,2020-05-07 05:30:00,2020-05-07 06:00:00,8350.05,8095.974926238368,8753.151034765964,7539.893084193222,2020-05-07 08:30:00,2020-05-07 08:30:00,25728.568495727828,0.9497092713727929,128.3100449215701,0.016440655274188917
128,"(1, 1, 1, 1, 48, 0, 0)",2688,True,2020-05-08,30142.855359723257,8651.19,9199.45282633843,9942.267404918204,8456.638247758658,2020-05-08 05:30:00,2020-05-08 06:00:00,7631.69,7807.132528528427,8394.449945022483,7326.846490137128,2020-05-08 08:00:00,2020-05-08 08:30:00,75177.71572638715,0.8199810093649641,203.27222116723033,0.027127172614408102
129,"(1, 1, 1, 1, 48, 0, 0)",2688,True,2020-05-09,30035.945101856098,8345.99,8667.267665086656,9585.972777270843,7749.68259451324,2020-05-09 06:00:00,2020-05-09 06:00:00,7325.8,7502.9926794168605,8157.472469655715,7122.107994127163,2020-05-09 00:00:00,2020-05-09 08:30:00,105836.26207719602,0.7399988250954467,250.47409193040073,0.03678168295198043
130,"(1, 1, 1, 1, 48, 0, 0)",2688,True,2020-05-10,30056.319483684147,9079.5,8540.006090036102,9472.890098426324,7607.122081645882,2020-05-10 06:00:00,2020-05-10 06:00:00,6940.92,7148.50080433619,7812.831178916966,6862.199445789136,2020-05-10 00:00:00,2020-05-10 08:30:00,209291.34715755144,0.8121980106949702,348.56545711553645,0.0470642468116533
131,"(1, 1, 1, 1, 48, 0, 0)",2688,True,2020-05-11,30032.60941303946,10250.27,9098.034060760612,10023.683200447887,8172.384921073337,2020-05-11 06:00:00,2020-05-11 06:00:00,8989.97,7542.129875990733,8201.30120748637,7418.7165497114365,2020-05-11 08:30:00,2020-05-11 00:00:00,590888.7559306481,0.5136550825809298,647.9276271825016,0.07700535970604278
132,"(1, 1, 1, 1, 48, 0, 0)",2688,True,2020-05-12,30106.044163979375,10008.65,9716.629891172215,10657.128396050237,8776.131386294193,2020-05-12 06:00:00,2020-05-12 06:00:00,9137.69,8366.6296507434,9039.071598613871,7942.779714963583,2020-05-12 08:00:00,2020-05-12 08:30:00,99312.36128695922,0.8828581717559507,204.5263706111091,0.023759378507354583
133,"(1, 1, 1, 1, 48, 0, 0)",2688,True,2020-05-13,30139.044160900445,10195.56,9742.941175574137,10693.481547981622,8792.40080316665,2020-05-13 05:30:00,2020-05-13 06:00:00,8993.15,8615.32947482484,9293.635798263263,7937.023151386418,2020-05-13 08:30:00,2020-05-13 08:30:00,136081.70278948205,0.8572576658907058,329.54058464890824,0.039301068980927494
134,"(1, 1, 1, 1, 48, 0, 0)",2688,True,2020-05-14,30142.184878566968,10376.27,9981.943025368564,10923.706008388976,9040.180042348153,2020-05-14 05:30:00,2020-05-14 06:00:00,9147.15,9013.772215104815,9687.612807381656,8339.931622827973,2020-05-14 08:30:00,2020-05-14 08:30:00,43160.63578132951,0.9538451046077102,177.0365697603197,0.021131991358990816
135,"(1, 1, 1, 1, 48, 0, 0)",2688,True,2020-05-15,30173.839341405033,10242.8,9968.245590531898,10759.329473219577,9177.16170784422,2020-05-15 05:30:00,2020-05-15 06:00:00,8905.39,8819.729526652953,9435.862753868201,8203.596299437704,2020-05-15 08:00:00,2020-05-15 08:30:00,53302.72166271607,0.9424144543889459,192.29441064530045,0.02277362088969252
136,"(1, 1, 1, 1, 48, 0, 0)",2688,True,2020-05-16,30030.008497719,9255.04,10136.567276447931,11052.906783340062,9222.585063393348,2020-05-16 06:00:00,2020-05-16 06:00:00,8127.14,8930.362846052562,9584.34219276985,8276.383499335274,2020-05-16 00:00:00,2020-05-16 08:30:00,516904.1561582047,0.14987041938034695,638.207137054147,0.08424259553603641
137,"(1, 1, 1, 1, 48, 0, 0)",2688,True,2020-05-17,30126.431141319412,9310.81,9538.01807526734,10491.143516073767,8584.892634460914,2020-05-17 06:00:00,2020-05-17 06:00:00,7771.69,8206.419003734449,8882.903559953169,7666.704521317336,2020-05-17 00:00:00,2020-05-17 08:30:00,164326.0280101914,0.7760239314322632,335.1870234661025,0.046620154649473965
138,"(1, 1, 1, 1, 48, 0, 0)",2688,True,2020-05-18,30062.59258310668,10136.43,9018.776949072737,9937.334714373756,8109.6858564946415,2020-05-18 05:30:00,2020-05-18 05:30:00,9000.93,7724.653988966194,8380.850314240997,7334.86137535722,2020-05-18 08:30:00,2020-05-18 08:30:00,844756.598753818,0.1829566287026141,819.084150074941,0.09814939160275256
139,"(1, 1, 1, 1, 48, 0, 0)",2688,True,2020-05-19,30156.115243591947,9721.22,9774.707821201304,10520.98615337616,9032.28195083061,2020-05-19 05:30:00,2020-05-19 05:30:00,8629.44,8335.564395161287,8925.080074313522,7746.0487160090515,2020-05-19 08:30:00,2020-05-19 08:30:00,21700.590854852184,0.9702618450296229,111.65254844333958,0.014000939361650477
140,"(1, 1, 1, 1, 48, 0, 0)",2688,True,2020-05-20,30463.682358453934,9354.23,9692.27732834917,10927.625486573354,8456.929170124986,2020-05-20 05:30:00,2020-05-20 05:30:00,8449.24,8543.782580445553,9398.615567573435,7688.949593317671,2020-05-20 08:30:00,2020-05-20 08:30:00,27834.11851600866,0.9531223423081746,135.1288190777753,0.017158000876791632
141,"(1, 1, 1, 1, 48, 0, 0)",2688,True,2020-05-21,30070.245374147675,10104.44,9510.966028992458,10482.221439939087,8539.710618045829,2020-05-21 05:30:00,2020-05-21 05:30:00,8681.42,8483.40288960491,9159.311257481344,7807.494521728475,2020-05-21 11:30:00,2020-05-21 08:30:00,258758.71500409883,0.7591232068256055,406.0395573956098,0.04685453581989744
142,"(1, 1, 1, 1, 48, 0, 0)",2688,True,2020-05-22,30075.376850868754,10680.81,10120.8824501563,11098.604687625004,9143.160212687595,2020-05-22 05:30:00,2020-05-22 05:30:00,9519.0,8994.828810360115,9673.396280870556,8316.261339849674,2020-05-22 09:00:00,2020-05-22 08:30:00,228461.5630091474,0.8065335190435335,381.91412436356956,0.041774841789283874
143,"(1, 1, 1, 1, 48, 0, 0)",2688,True,2020-05-23,30114.15085439653,10032.05,10471.323171729677,11467.374824884888,9475.271518574466,2020-05-23 05:30:00,2020-05-23 05:30:00,8315.18,9146.844447165706,9838.04234041187,8455.646553919541,2020-05-23 00:00:00,2020-05-23 08:30:00,371274.5901835144,0.591994715808362,534.2061976517614,0.06855424034767228
144,"(1, 1, 1, 1, 48, 0, 0)",2688,True,2020-05-24,30222.8831795442,9935.7,9869.252679159734,10870.43181800727,8868.073540312198,2020-05-24 06:00:00,2020-05-24 05:30:00,7782.88,8505.398391253322,9220.278216330267,7798.4296622913125,2020-05-24 00:00:00,2020-05-24 09:00:00,227391.70364778137,0.7950248727568584,369.6440797479104,0.0508633599958094
145,"(1, 1, 1, 1, 48, 0, 0)",2688,True,2020-05-25,30231.711726339006,11148.12,9833.133580164424,10606.658295893485,9059.608864435362,2020-05-25 05:30:00,2020-05-25 05:30:00,9384.09,8235.575581126806,8862.425083853674,7608.726078399939,2020-05-25 08:30:00,2020-05-25 09:00:00,753178.0292397519,0.577710305894851,762.0587431482394,0.08375966430728414
146,"(1, 1, 1, 1, 48, 0, 0)",2688,True,2020-05-26,30309.429818860055,10493.34,10972.481986714942,12102.875823280998,9842.088150148886,2020-05-26 05:30:00,2020-05-26 05:30:00,9327.59,8940.338349741243,9723.215341488798,8157.461357993689,2020-05-26 08:30:00,2020-05-26 08:30:00,133209.52939602584,0.8639461234043483,298.56864513188964,0.034081255358519996
147,"(1, 1, 1, 1, 48, 0, 0)",2688,True,2020-05-27,30708.629345270212,10162.61,10277.332767992491,11608.869849659444,8945.795686325539,2020-05-27 05:30:00,2020-05-27 05:30:00,9047.63,8689.11353653622,9611.46875239611,7819.7831402066695,2020-05-27 08:00:00,2020-05-27 08:30:00,34361.823849893735,0.9644169128683134,138.2528668627128,0.016901065954078465
148,"(1, 1, 1, 1, 48, 0, 0)",2688,True,2020-05-28,31630.17484633681,9924.68,10450.024926651276,12124.954251422125,8775.095601880428,2020-05-28 06:00:00,2020-05-28 05:30:00,9156.18,9096.313202973339,10261.921371212353,8033.881368694985,2020-05-28 08:00:00,2020-05-28 08:30:00,90090.909655603,0.897778665457116,228.9413698141751,0.028138933125808605
149,"(1, 1, 1, 1, 48, 0, 0)",2688,True,2020-05-29,30727.988059507243,10144.32,10169.018661427399,11504.8749355963,8833.162387258499,2020-05-29 05:30:00,2020-05-29 05:30:00,9263.09,8895.567516413757,9821.281026895007,7969.854005932508,2020-05-29 08:00:00,2020-05-29 08:30:00,42848.63492673209,0.9512682220510464,166.66964604771758,0.02037981909109043
150,"(1, 1, 1, 1, 48, 0, 0)",2688,True,2020-05-30,30691.391286931346,9276.19,10227.296853771077,11504.504843486699,8950.088864055455,2020-05-30 06:00:00,2020-05-30 05:30:00,8238.47,9165.888165550608,10024.607624736878,8307.168706364339,2020-05-30 00:00:00,2020-05-30 08:00:00,676680.4942302018,-0.02014799261320488,734.5672178873933,0.09746532853589136
151,"(1, 1, 1, 1, 48, 0, 0)",2688,True,2020-05-31,30597.437930974676,9239.52,9569.606936913955,10849.706567818066,8289.507306009844,2020-05-31 06:00:00,2020-05-31 05:30:00,7678.66,8381.639192815954,9268.97632229048,7518.094543954945,2020-05-31 09:30:00,2020-05-31 08:30:00,200277.45274225576,0.7676692216372323,356.1796705861528,0.05027132533607893
152,"(1, 1, 1, 1, 48, 0, 0)",2688,True,2020-06-01,30281.053460740844,10238.38,9885.418666423811,10851.059239231128,8920.90796670896,2020-06-01 05:30:00,2020-06-01 05:30:00,8818.94,8461.507126135766,9160.106494705273,7915.928453481411,2020-06-01 08:30:00,2020-06-01 08:30:00,128773.67141719512,0.8999481179813682,292.92293655209755,0.03914249233965162
153,"(1, 1, 1, 1, 48, 0, 0)",2688,True,2020-06-02,30255.457536727172,11588.33,10032.876318383067,11078.67674370829,8987.075893057843,2020-06-02 05:30:00,2020-06-02 05:30:00,10168.95,8871.64465293382,9598.033403908288,8145.255901959355,2020-06-02 08:30:00,2020-06-02 08:30:00,978343.667641848,0.4878359064019483,868.3835999822604,0.09105502421321206
154,"(1, 1, 1, 1, 48, 0, 0)",2688,True,2020-06-03,30723.43400439825,11001.07,11364.969176353057,12618.86100333013,10111.077349375984,2020-06-03 06:00:00,2020-06-03 05:30:00,9980.18,9841.422614957504,10709.63255833501,8978.10237706412,2020-06-03 08:00:00,2020-06-03 08:30:00,229060.2170503178,0.844203632034374,361.03283776810946,0.04347145854735001
155,"(1, 1, 1, 1, 48, 0, 0)",2688,True,2020-06-04,30320.619888914156,11241.11,10967.551587940441,12042.54296529595,9894.429843274425,2020-06-04 06:00:00,2020-06-04 05:30:00,10080.57,9622.592070896724,10366.260230801976,8878.923910991472,2020-06-04 08:00:00,2020-06-04 08:30:00,69384.00513707112,0.9552062963070447,223.77537470802494,0.02474529192685414
156,"(1, 1, 1, 1, 48, 0, 0)",2688,True,2020-06-05,30542.22057139687,10731.79,11205.537047002108,12417.595605156692,9996.282586308538,2020-06-05 06:00:00,2020-06-05 06:00:00,10380.27,9875.646791337182,10705.33808683099,9045.955495843373,2020-06-05 08:00:00,2020-06-05 08:30:00,124174.50790798139,0.9029600373608628,285.34306053676164,0.03276766263525093
157,"(1, 1, 1, 1, 48, 0, 0)",2688,True,2020-06-06,30383.03855056129,10146.86,11123.90315117559,12207.0456793511,10045.636501313817,2020-06-06 06:00:00,2020-06-06 06:00:00,9076.62,9978.498728032617,10721.16865399743,9245.732145830898,2020-06-06 08:30:00,2020-06-06 08:30:00,705149.4553249866,0.32491108850313755,749.5351895736675,0.09295540832189451
158,"(1, 1, 1, 1, 48, 0, 0)",2688,True,2020-06-07,31054.085134742254,10356.92,10026.895658407266,11395.245769352121,8658.54554746241,2020-06-07 05:30:00,2020-06-07 06:00:00,8892.33,9328.928239550385,10263.544431133478,8394.312047967293,2020-06-07 09:30:00,2020-06-07 08:30:00,149179.50026644915,0.8662650917700914,288.810054790699,0.03472792488436874
159,"(1, 1, 1, 1, 48, 0, 0)",2688,True,2020-06-08,30459.184595579423,10470.07,10265.628385564523,11384.383534842025,9150.57307432593,2020-06-08 05:30:00,2020-06-08 06:00:00,8145.39,9071.828874652412,9838.368931793299,8305.288817511526,2020-06-08 08:30:00,2020-06-08 08:30:00,163503.86997855952,0.8769930960796164,297.1433021347624,0.038892511094394434
160,"(1, 1, 1, 1, 48, 0, 0)",2688,True,2020-06-09,30467.324637911228,10836.23,10246.132222212495,11367.485620738982,9138.634180828876,2020-06-09 05:30:00,2020-06-09 06:00:00,9870.27,8843.36214138125,9612.884773128579,8073.839509633924,2020-06-09 08:30:00,2020-06-09 08:30:00,425619.68469060474,0.6722345904309253,571.5419357910965,0.06505416672180614
161,"(1, 1, 1, 1, 48, 0, 0)",2688,True,2020-06-10,30493.95575786605,10755.09,10402.162552481743,11521.01307168368,9283.312033279806,2020-06-10 05:30:00,2020-06-10 05:30:00,9576.2,9140.067979493811,9917.59281770375,8362.543141283873,2020-06-10 08:30:00,2020-06-10 08:30:00,216622.5925308722,0.8176442386803524,366.27225322278633,0.04162712801751244
162,"(1, 1, 1, 1, 48, 0, 0)",2688,True,2020-06-11,30703.85193183876,10366.66,10620.97441436194,11898.285229971716,9343.663598752162,2020-06-11 06:00:00,2020-06-11 05:30:00,9372.92,9322.63960779344,10209.162785896486,8436.116429690395,2020-06-11 08:00:00,2020-06-11 08:30:00,47069.65980929715,0.9530665109271447,192.56932408869133,0.0226057225363115
163,"(1, 1, 1, 1, 48, 0, 0)",2688,True,2020-06-12,30552.85752446664,10462.02,10480.836260700293,11605.292797207663,9356.379724192922,2020-06-12 05:30:00,2020-06-12 05:30:00,9530.2,9184.708635518531,9966.011033343086,8403.406237693976,2020-06-12 08:30:00,2020-06-12 08:30:00,87325.57244706855,0.9126546043349928,244.99765407962218,0.0289262829354011
164,"(1, 1, 1, 1, 48, 0, 0)",2688,True,2020-06-13,30506.303546797844,9499.67,10635.862217946902,11764.36347067959,9507.360965214215,2020-06-13 05:30:00,2020-06-13 05:30:00,8347.48,9455.997231609152,10239.983070741526,8672.011392476777,2020-06-13 00:00:00,2020-06-13 08:30:00,821705.9943598259,-0.27980073515746073,828.8121012385265,0.10601412693828398
165,"(1, 1, 1, 1, 48, 0, 0)",2688,True,2020-06-14,30548.556356388177,9596.16,9683.478045604345,10821.926102753672,8545.029988455017,2020-06-14 06:00:00,2020-06-14 05:30:00,7920.21,8613.260859513197,9405.464017447344,7821.0577015790495,2020-06-14 10:00:00,2020-06-14 08:30:00,188112.52002207306,0.8345490925699204,290.2241912085595,0.04087156097743954
166,"(1, 1, 1, 1, 48, 0, 0)",2688,True,2020-06-15,30623.705480098306,10568.08,9579.356355104886,10755.773091137242,8417.195560274393,2020-06-15 05:30:00,2020-06-15 05:30:00,9770.87,8248.310471206554,9056.697362471343,7501.824291666842,2020-06-15 08:00:00,2020-06-15 08:30:00,648939.3478635248,0.5558613743987371,704.4032883641103,0.08187131866436133
167,"(1, 1, 1, 1, 48, 0, 0)",2688,True,2020-06-16,30661.43036370452,10389.26,10223.44119022671,11419.433095051947,9041.722216301245,2020-06-16 06:00:00,2020-06-16 06:00:00,9737.26,8900.163204259145,9721.242287403342,8079.084121114947,2020-06-16 08:00:00,2020-06-16 08:30:00,73968.41135049338,0.9380244891258519,152.86009452487474,0.0172781392723499
168,"(1, 1, 1, 1, 48, 0, 0)",2688,True,2020-06-17,30743.96798373346,11113.26,10308.508253618671,11508.258864014397,9108.757643222945,2020-06-17 05:30:00,2020-06-17 05:30:00,9935.2,9103.348376287027,9937.056842213582,8269.639910360473,2020-06-17 08:00:00,2020-06-17 08:30:00,382730.5584396326,0.7287136413311344,539.5902195788706,0.05866724220298911
169,"(1, 1, 1, 1, 48, 0, 0)",2688,True,2020-06-18,30693.212987347895,10755.29,10730.831870778886,11931.329355988788,9533.086288214956,2020-06-18 06:00:00,2020-06-18 05:30:00,9621.32,9439.647087840225,10273.942638327973,8605.351537352477,2020-06-18 08:00:00,2020-06-18 08:30:00,31795.967856408475,0.9761832182348303,151.7997656696626,0.018447137968531924
170,"(1, 1, 1, 1, 48, 0, 0)",2688,True,2020-06-19,30700.004934402332,10301.93,10626.211482189574,11838.384728097612,9414.038236281536,2020-06-19 05:30:00,2020-06-19 06:00:00,10080.42,9481.515487503493,10314.751490366025,8648.279484640962,2020-06-19 08:00:00,2020-06-19 08:30:00,62266.45560465633,0.9402057397735101,190.27563184627573,0.021104012134972077
171,"(1, 1, 1, 1, 48, 0, 0)",2688,True,2020-06-20,30733.373964925657,9664.21,10525.019977941192,11729.617174170908,9320.422781711477,2020-06-20 05:30:00,2020-06-20 05:30:00,8750.76,9598.08864157715,10436.638391158545,8759.538891995753,2020-06-20 09:30:00,2020-06-20 08:30:00,496833.98369571735,0.38588196566354604,640.603610893917,0.08184484767725486
172,"(1, 1, 1, 1, 48, 0, 0)",2688,True,2020-06-21,30724.39182554943,10232.98,9975.424539060383,11188.902748806577,8761.946329314189,2020-06-21 06:00:00,2020-06-21 05:30:00,8630.01,9031.336437745358,9876.06584513085,8186.607030359866,2020-06-21 10:00:00,2020-06-21 08:30:00,139549.14279676788,0.892197733827945,228.75699488919864,0.029165832889774247
173,"(1, 1, 1, 1, 48, 0, 0)",2688,True,2020-06-22,30798.929392270893,11785.27,10015.75070181791,11260.46848282167,8781.87968625837,2020-06-22 06:00:00,2020-06-22 06:00:00,10324.87,8856.487928447928,9712.564338131078,8000.411518764778,2020-06-22 08:30:00,2020-06-22 08:30:00,1283771.0762291697,0.43113055201340666,995.4299958811802,0.104464889631056
174,"(1, 1, 1, 1, 48, 0, 0)",2688,True,2020-06-23,30835.12694300037,11980.08,10997.355999870997,12236.621851613521,9762.37948836202,2020-06-23 06:00:00,2020-06-23 05:30:00,10670.7,9739.82801827636,10602.775953775146,8876.880082777572,2020-06-23 08:00:00,2020-06-23 08:30:00,288156.29388278746,0.8541542962638458,434.74775296733173,0.043592035361264325
175,"(1, 1, 1, 1, 48, 0, 0)",2688,True,2020-06-24,30904.21455744019,11394.18,11084.764991248892,12346.79024323497,9832.286004865238,2020-06-24 05:30:00,2020-06-24 05:30:00,10599.77,9816.541203512432,10691.518272477928,8941.564134546936,2020-06-24 08:00:00,2020-06-24 08:30:00,91887.38645389432,0.9385069434215659,232.3874976152036,0.024685989553496056
176,"(1, 1, 1, 1, 48, 0, 0)",2688,True,2020-06-25,30861.654611539718,11233.08,11019.839937514032,12273.74954950103,9776.370526452742,2020-06-25 06:00:00,2020-06-25 06:00:00,10264.25,9844.8263553865,10710.933754564727,8978.718956208273,2020-06-25 08:00:00,2020-06-25 08:30:00,35159.43124469006,0.9773653372670951,144.25768716056112,0.01589726258203091
177,"(1, 1, 1, 1, 48, 0, 0)",2688,True,2020-06-26,30929.56371891632,11015.04,11067.98209777728,12345.359715451523,9796.963509613102,2020-06-26 05:30:00,2020-06-26 06:00:00,10514.41,9809.838861069311,10690.311559709009,8940.86505496266,2020-06-26 08:00:00,2020-06-26 08:30:00,88942.68892558829,0.9394753848796953,238.24031616076422,0.026434400187292467
178,"(1, 1, 1, 1, 48, 0, 0)",2688,True,2020-06-27,30881.390185208318,10651.08,11414.980706317958,12679.059726734675,10156.277588090916,2020-06-27 06:00:00,2020-06-27 05:30:00,9229.24,10292.245799772387,11168.696760727707,9415.794838817066,2020-06-27 09:30:00,2020-06-27 08:30:00,551340.2397829538,0.48787336458688413,657.3256473854091,0.0772606635449292
179,"(1, 1, 1, 1, 48, 0, 0)",2688,True,2020-06-28,30966.25543856849,10961.22,10796.45257464936,12075.166927375461,9521.100989573571,2020-06-28 06:00:00,2020-06-28 05:30:00,8717.54,9738.244422691689,10625.10097118301,8851.387874200367,2020-06-28 09:00:00,2020-06-28 08:30:00,271463.05053735606,0.8248192542546888,388.98228725664234,0.04926019513536489
180,"(1, 1, 1, 1, 48, 0, 0)",2688,True,2020-06-29,30954.192411948326,11575.8,10724.797253847551,12015.607529438605,9433.986978256498,2020-06-29 05:30:00,2020-06-29 06:00:00,10399.98,9464.660885578678,10353.754105742912,8575.567665414444,2020-06-29 08:30:00,2020-06-29 08:30:00,336459.35448720725,0.8193805697132321,513.6327083991797,0.054737027715885456
181,"(1, 1, 1, 1, 48, 0, 0)",2688,True,2020-06-30,30976.71094751352,11366.71,11081.55943826172,12377.872585918225,9785.246290605215,2020-06-30 06:00:00,2020-06-30 06:00:00,10577.65,9881.749825997624,10773.803309215555,8989.696342779693,2020-06-30 08:30:00,2020-06-30 08:30:00,75441.10750344179,0.9537176543033304,194.59145629626246,0.020138053538538116
182,"(1, 1, 1, 1, 48, 0, 0)",2688,True,2020-07-01,31043.477404926114,10759.78,11624.52608971628,12947.338339395388,10301.713840037173,2020-07-01 06:00:00,2020-07-01 06:00:00,10406.42,10461.456989413897,11366.60365822368,9556.310320604114,2020-07-01 08:00:00,2020-07-01 08:30:00,559561.5884003438,0.5924942183946311,702.3953648150455,0.08417368143802513
183,"(1, 1, 1, 1, 48, 0, 0)",2688,True,2020-07-02,30985.611539480273,10107.38,10704.268411816738,11995.975223311696,9412.56160032178,2020-07-02 06:00:00,2020-07-02 06:00:00,9747.29,9784.49038491724,10677.290205155714,8891.690564678767,2020-07-02 08:00:00,2020-07-02 08:30:00,95457.63695422611,0.9056867976753841,252.37524412814568,0.029501264627980417
184,"(1, 1, 1, 1, 48, 0, 0)",2688,True,2020-07-03,30995.23822309889,10551.08,10643.075670145408,11913.610956450884,9372.540383839932,2020-07-03 06:00:00,2020-07-03 06:00:00,9548.05,9531.039896041864,10409.483962010288,8670.902451657006,2020-07-03 08:00:00,2020-07-03 08:00:00,19509.822532215243,0.9853489816026841,120.24141189389074,0.014724517384778013
185,"(1, 1, 1, 1, 48, 0, 0)",2688,True,2020-07-04,31051.332141005634,10619.09,10939.00858497058,12310.770762015936,9572.246147481208,2020-07-04 06:00:00,2020-07-04 06:00:00,9228.98,9924.694367874232,10863.826780624735,8985.561955123729,2020-07-04 09:00:00,2020-07-04 08:30:00,278170.0347337033,0.7921275456849068,416.57740693663555,0.05195356100798263
186,"(1, 1, 1, 1, 48, 0, 0)",2688,True,2020-07-05,31003.374693827198,10738.32,10901.148329855432,12097.722861650604,9704.57379806026,2020-07-05 06:00:00,2020-07-05 06:00:00,8720.33,9715.390735440371,10575.766979009079,8855.014491871663,2020-07-05 09:00:00,2020-07-05 08:30:00,319558.9720821173,0.7916758713982024,459.52408245676094,0.05950236652991373
187,"(1, 1, 1, 1, 48, 0, 0)",2688,True,2020-07-06,30974.391563515284,11452.33,10744.414937050047,12042.65990766491,9446.169966435184,2020-07-06 05:30:00,2020-07-06 06:00:00,10355.87,9436.093395421582,10327.867164497424,8544.31962634574,2020-07-06 08:30:00,2020-07-06 08:30:00,423970.7086378492,0.7651183257154697,586.4037717931827,0.06372712982776292
188,"(1, 1, 1, 1, 48, 0, 0)",2688,True,2020-07-07,30977.86546270407,11444.93,11064.226484085535,12151.924920909965,9976.528047261105,2020-07-07 06:00:00,2020-07-07 06:00:00,10328.11,9960.814727192774,10778.33673137325,9143.292723012297,2020-07-07 08:30:00,2020-07-07 08:30:00,61711.21411279414,0.9564721131988043,217.54146213455297,0.023076625537266374
189,"(1, 1, 1, 1, 48, 0, 0)",2688,True,2020-07-08,30975.73836612461,11346.82,11106.549151229288,12393.514375639425,9822.303542356552,2020-07-08 05:30:00,2020-07-08 06:00:00,9960.82,9880.634404169423,10762.59981477059,8998.668993568255,2020-07-08 08:30:00,2020-07-08 08:30:00,84048.61084350506,0.9385607939668252,224.394720823861,0.024585714637592473
190,"(1, 1, 1, 1, 48, 0, 0)",2688,True,2020-07-09,30973.18188767262,11130.64,11180.536893898061,12449.782672221732,9911.29111557439,2020-07-09 06:00:00,2020-07-09 06:00:00,10327.23,10025.639132959426,10900.486781775087,9150.791484143765,2020-07-09 08:30:00,2020-07-09 08:30:00,17045.654352494206,0.9871444302941179,95.32168353381358,0.01059443854275499
191,"(1, 1, 1, 1, 48, 0, 0)",2688,True,2020-07-10,30957.8671206869,10791.27,11130.623868849094,12403.378839742418,9860.87765874574,2020-07-10 05:30:00,2020-07-10 06:00:00,9978.59,10068.464340954883,10949.626324739522,9187.302357170243,2020-07-10 08:30:00,2020-07-10 08:30:00,60200.3397760842,0.944362950775016,199.5555634336491,0.021663561985298434
192,"(1, 1, 1, 1, 48, 0, 0)",2688,True,2020-07-11,30968.27461629212,10202.43,11042.117835890358,12288.712011421285,9802.862567312783,2020-07-11 05:30:00,2020-07-11 05:30:00,9122.55,9933.921091616934,10809.174152772408,9058.66803046146,2020-07-11 09:30:00,2020-07-11 08:30:00,372903.2607005642,0.6026315193460202,468.16045936567025,0.05485460393581013
193,"(1, 1, 1, 1, 48, 0, 0)",2688,True,2020-07-12,30986.52381272041,10627.94,10637.023413203393,11926.46108096557,9347.585745441216,2020-07-12 06:00:00,2020-07-12 06:00:00,8445.98,9443.24854025787,10333.248840644106,8553.248239871633,2020-07-12 09:30:00,2020-07-12 08:30:00,192344.1430465374,0.8597386924852897,271.7678296233078,0.034974911589667534
194,"(1, 1, 1, 1, 48, 0, 0)",2688,True,2020-07-13,31008.496198793942,11461.61,10657.301275746144,11729.365031976298,9585.23751951599,2020-07-13 06:00:00,2020-07-13 06:00:00,10072.7,9357.311006850165,10173.83386427582,8540.788149424508,2020-07-13 08:30:00,2020-07-13 08:30:00,442676.1141067832,0.809194238311493,616.7131458954287,0.07162106151253879
195,"(1, 1, 1, 1, 48, 0, 0)",2688,True,2020-07-14,31230.63822454697,11668.99,11150.542962405962,12517.330211164961,9783.755713646962,2020-07-14 06:00:00,2020-07-14 06:00:00,10351.93,9749.613862051821,10711.44401642046,8813.065451148883,2020-07-14 09:30:00,2020-07-14 08:30:00,158158.4780111329,0.9062602873953681,331.0186021992428,0.034023550227865365
196,"(1, 1, 1, 1, 48, 0, 0)",2688,True,2020-07-15,31241.510530772368,11517.67,11053.49221413509,12096.310259133203,10015.56150453144,2020-07-15 06:00:00,2020-07-15 06:00:00,10016.27,9832.74407163213,10650.880991854005,9014.607151410257,2020-07-15 08:30:00,2020-07-15 08:30:00,65573.48669702576,0.9556584854399655,215.64430989970177,0.022706863206765345
197,"(1, 1, 1, 1, 48, 0, 0)",2688,True,2020-07-16,31224.196310747076,11402.02,11200.770886300746,12548.423113534333,9854.728915192667,2020-07-16 06:00:00,2020-07-16 06:00:00,10072.25,10022.912741149381,10947.191179496751,9098.634302802011,2020-07-16 08:30:00,2020-07-16 08:30:00,26915.781485253003,0.981463321719109,135.72690648681157,0.014495336952903726
198,"(1, 1, 1, 1, 48, 0, 0)",2688,True,2020-07-17,31207.978114121524,10966.79,11349.94400910502,12667.952691512004,10031.935326698036,2020-07-17 06:00:00,2020-07-17 06:00:00,10006.81,10144.028941203094,11060.649827965137,9227.408054441052,2020-07-17 08:30:00,2020-07-17 08:30:00,33311.18743567907,0.9701367862572433,143.55342844034283,0.0151097407428084
199,"(1, 1, 1, 1, 48, 0, 0)",2688,True,2020-07-18,31198.92275722713,10198.37,11305.115550939146,12628.821766866866,9981.409335011427,2020-07-18 06:00:00,2020-07-18 06:00:00,8806.71,9957.681178497045,10865.919399958144,9049.442957035946,2020-07-18 00:00:00,2020-07-18 08:30:00,929780.0247202433,0.03865127092172582,872.7136155970642,0.10666953387508216
200,"(1, 1, 1, 1, 48, 0, 0)",2688,True,2020-07-19,31152.150789631018,10120.36,10538.690150440158,11861.638734910353,9215.741565969962,2020-07-19 06:00:00,2020-07-19 06:00:00,8276.47,9425.797334633608,10339.388544967069,8512.206124300146,2020-07-19 00:00:00,2020-07-19 08:30:00,461533.81086746714,0.5968780207118969,590.7426261458445,0.0778616151170249
201,"(1, 1, 1, 1, 48, 0, 0)",2688,True,2020-07-20,31144.919783208647,11222.65,10408.44324040009,11536.392695013557,9280.493785786624,2020-07-20 06:30:00,2020-07-20 06:00:00,9649.23,8883.484686283104,9726.967473496532,8040.001899069675,2020-07-20 08:00:00,2020-07-20 08:30:00,310120.18763779436,0.8459526727124604,465.6405444826443,0.05135587027223849
202,"(1, 1, 1, 1, 48, 0, 0)",2688,True,2020-07-21,31180.3471073809,11739.02,11194.787940899312,12549.765759491029,9839.810122307596,2020-07-21 06:00:00,2020-07-21 06:00:00,10841.59,9632.751030890844,10562.068115067186,8703.433946714502,2020-07-21 08:00:00,2020-07-21 08:30:00,225078.0758838354,0.8751365030828093,338.0053747517508,0.035183596421768486
203,"(1, 1, 1, 1, 48, 0, 0)",2688,True,2020-07-22,31200.109527581564,11412.82,11203.387143256188,12506.407618561414,9900.366667950962,2020-07-22 06:00:00,2020-07-22 06:00:00,10726.52,9867.561444795598,10772.565326153861,8962.557563437334,2020-07-22 08:00:00,2020-07-22 08:30:00,125707.23511558822,0.9182308100030535,260.9490997791232,0.027660185089038485
204,"(1, 1, 1, 1, 48, 0, 0)",2688,True,2020-07-23,31212.65132860719,11276.89,11148.315594330574,12470.512063323633,9826.119125337515,2020-07-23 06:00:00,2020-07-23 06:00:00,10792.65,9898.707732273433,10819.080388280177,8978.335076266689,2020-07-23 08:00:00,2020-07-23 08:30:00,119006.94164665691,0.9224774185120567,242.42720032360387,0.02559189044894721
205,"(1, 1, 1, 1, 48, 0, 0)",2688,True,2020-07-24,31258.998676007464,10762.03,11248.668389887142,12616.648141010799,9880.688638763484,2020-07-24 06:00:00,2020-07-24 06:00:00,10838.44,10047.99472259896,10985.052721214437,9110.936723983483,2020-07-24 08:30:00,2020-07-24 08:30:00,104779.16741767497,0.9179277394061739,248.95023585167806,0.0262561026776853
206,"(1, 1, 1, 1, 48, 0, 0)",2688,True,2020-07-25,31293.880332537836,10350.39,11004.311403645563,12184.441775512303,9824.181031778822,2020-07-25 05:30:00,2020-07-25 06:00:00,9381.75,10108.087413064328,10985.02020704463,9231.154619084025,2020-07-25 09:30:00,2020-07-25 08:30:00,317336.95723439066,0.6338788018186909,451.8148210779197,0.05270213300937531
207,"(1, 1, 1, 1, 48, 0, 0)",2688,True,2020-07-26,31324.433717936397,10722.49,10276.466184457971,11642.855375147861,8910.076993768082,2020-07-26 06:00:00,2020-07-26 06:00:00,9288.62,9346.37027442672,10294.958524182279,8397.78202467116,2020-07-26 12:00:00,2020-07-26 08:30:00,527729.0961340866,0.72308649546057,557.9879678340243,0.06464183615082801
208,"(1, 1, 1, 1, 48, 0, 0)",2688,True,2020-07-27,31342.411545137937,11551.78,10959.17424093687,11925.545875544714,9992.802606329027,2020-07-27 05:30:00,2020-07-27 06:00:00,9657.55,9579.447283651763,10374.777164143436,8784.117403160091,2020-07-27 09:00:00,2020-07-27 08:30:00,231545.14238360876,0.8862739076819415,364.6478844946369,0.038165863671326114
209,"(1, 1, 1, 1, 48, 0, 0)",2688,True,2020-07-28,31352.3978390464,10780.31,10837.490206984327,11784.949123914259,9890.031290054394,2020-07-28 06:00:00,2020-07-28 06:00:00,9792.5,9556.087829878921,10342.59798916122,8769.577670596622,2020-07-28 08:30:00,2020-07-28 08:30:00,20783.498588964685,0.982307050459397,111.34876671150943,0.012857041331564354
210,"(1, 1, 1, 1, 48, 0, 0)",2688,True,2020-07-29,31334.346927501316,10551.31,10845.417244802044,11777.975749767586,9912.858739836502,2020-07-29 06:00:00,2020-07-29 06:00:00,9723.19,9573.087995074651,10352.45557979312,8793.720410356182,2020-07-29 08:00:00,2020-07-29 08:30:00,132914.19074798416,0.8910574454019824,305.1961834979104,0.03669121532294275
211,"(1, 1, 1, 1, 48, 0, 0)",2688,True,2020-07-30,31337.220374445667,10878.42,10846.014867417856,11778.283834701151,9913.745900134561,2020-07-30 06:00:00,2020-07-30 06:00:00,9850.92,9580.289835652047,10360.349971543652,8800.229699760443,2020-07-30 08:00:00,2020-07-30 08:30:00,60175.8090793925,0.9554368099478898,214.74503670710556,0.02561425881419785
212,"(1, 1, 1, 1, 48, 0, 0)",2688,True,2020-07-31,31335.68431052248,10722.05,11147.610296211818,12077.78681502361,10217.433777400027,2020-07-31 06:00:00,2020-07-31 06:00:00,10157.27,9812.430708768386,10591.391194733553,9033.47022280322,2020-07-31 08:00:00,2020-07-31 08:30:00,133110.83541681504,0.8969874024865051,297.9039643399001,0.034976191727638196
213,"(1, 1, 1, 1, 48, 0, 0)",2688,True,2020-08-01,31336.970111771694,10056.51,11086.305975340983,12038.861322460236,10133.750628221731,2020-08-01 06:00:00,2020-08-01 06:00:00,8973.87,9945.924971553868,10736.360934309605,9161.143157062628,2020-08-01 08:30:00,2020-08-01 08:30:00,773387.4881659854,0.3110708497617296,808.9461945714617,0.10210225623433374
214,"(1, 1, 1, 1, 48, 0, 0)",2688,True,2020-08-02,31337.30130973452,10337.87,10732.81485531438,11663.0570007875,9802.57270984126,2020-08-02 06:00:00,2020-08-02 06:00:00,8542.46,9445.46465732555,10225.762813553243,8665.166501097858,2020-08-02 08:30:00,2020-08-02 08:30:00,306795.13062425633,0.7664774918535211,468.45692466583796,0.05990573262878393
215,"(1, 1, 1, 1, 48, 0, 0)",2688,True,2020-08-03,31336.078506527647,10864.97,10668.490396190511,11601.19204483622,9735.788747544802,2020-08-03 06:00:00,2020-08-03 06:00:00,10343.93,9300.531566899836,10081.072666283888,8519.990467515783,2020-08-03 08:00:00,2020-08-03 08:30:00,199221.8094590644,0.8675286822366473,313.7133198123875,0.03586065804715725
216,"(1, 1, 1, 1, 48, 0, 0)",2688,True,2020-08-04,31328.443862225275,10702.53,10616.538259891024,11538.796253230103,9694.280266551945,2020-08-04 06:00:00,2020-08-04 06:00:00,9907.17,9470.320238760642,10231.171250641795,8709.469226879488,2020-08-04 08:00:00,2020-08-04 08:00:00,38366.916245369684,0.9728215760451766,146.13062401536368,0.017001815673687443
217,"(1, 1, 1, 1, 48, 0, 0)",2688,True,2020-08-05,31349.131351714877,11544.22,10802.200663910568,11704.593065411524,9899.808262409611,2020-08-05 06:30:00,2020-08-05 06:00:00,10456.54,9533.266791423594,10299.82790289419,8766.705679952996,2020-08-05 08:00:00,2020-08-05 08:30:00,204938.57194475867,0.8920974853627119,358.15669404660247,0.0373832905888122
218,"(1, 1, 1, 1, 48, 0, 0)",2688,True,2020-08-06,31376.020401910337,11908.24,11219.762501009556,12148.714239125991,10290.810762893121,2020-08-06 06:00:00,2020-08-06 06:00:00,10918.13,9922.069338009112,10690.217218156113,9153.921457862112,2020-08-06 08:00:00,2020-08-06 08:00:00,221649.83948159622,0.8898778824089322,369.1770110291606,0.03714847410139153
219,"(1, 1, 1, 1, 48, 0, 0)",2688,True,2020-08-07,31400.509822557924,11880.64,11020.601219828222,11957.485635943942,10083.716803712503,2020-08-07 05:30:00,2020-08-07 06:00:00,10915.28,10031.651479511438,10818.644435262206,9244.65852376067,2020-08-07 09:30:00,2020-08-07 08:30:00,1091887.9023470264,0.516491993146535,765.4806486016901,0.07107413852072408
220,"(1, 1, 1, 1, 48, 0, 0)",2688,True,2020-08-08,31464.175170171595,10366.24,10993.818998548006,11960.630316234927,10027.007680861085,2020-08-08 06:00:00,2020-08-08 06:00:00,8569.32,9767.188487649244,10572.482062007484,8961.894913291004,2020-08-08 12:00:00,2020-08-08 08:30:00,433198.4272803885,0.6005328307703672,535.711716292532,0.06536406738597651
221,"(1, 1, 1, 1, 48, 0, 0)",2688,True,2020-08-09,31458.99568385368,11721.16,11037.059082790945,11996.058549096844,10078.059616485047,2020-08-09 06:00:00,2020-08-09 06:00:00,8410.79,9483.828977889816,10285.41405928383,8682.243896495802,2020-08-09 09:30:00,2020-08-09 08:30:00,457951.8511289033,0.8030759166928256,526.1166286245091,0.061733230594732874
222,"(1, 1, 1, 1, 48, 0, 0)",2688,True,2020-08-10,31437.126161599157,11735.61,10910.55169673637,11849.73337501848,9971.370018454258,2020-08-10 06:00:00,2020-08-10 06:00:00,10253.66,9335.707129477698,10126.48425941487,8544.929999540525,2020-08-10 08:30:00,2020-08-10 08:30:00,290380.9538421351,0.8572558727773035,479.95745714628373,0.051364968631532414
223,"(1, 1, 1, 1, 48, 0, 0)",2688,True,2020-08-11,31437.143085685017,11064.42,11090.626202461075,12023.286674387131,10157.96573053502,2020-08-11 06:30:00,2020-08-11 06:00:00,10038.59,9667.255851687865,10455.06097867551,8879.45072470022,2020-08-11 08:00:00,2020-08-11 08:30:00,46565.415935301025,0.9666748874245334,158.0719672353668,0.017813319855059132
224,"(1, 1, 1, 1, 48, 0, 0)",2688,True,2020-08-12,31475.52973074272,10863.32,10911.526112102261,11842.85794595791,9980.194278246612,2020-08-12 06:00:00,2020-08-12 06:00:00,10024.51,9689.23339339181,10477.433056125159,8901.033730658462,2020-08-12 08:00:00,2020-08-12 08:30:00,47526.388134839886,0.9604086379747862,164.82561031833987,0.01868999258054707
225,"(1, 1, 1, 1, 48, 0, 0)",2688,True,2020-08-13,31480.387482215327,9890.78,10747.782935122732,11679.102091788667,9816.463778456797,2020-08-13 06:30:00,2020-08-13 06:00:00,9382.7,9451.696327181446,10227.170394054343,8676.61052608806,2020-08-13 08:00:00,2020-08-13 08:00:00,221009.01158806207,0.7686758546720156,370.76449661892167,0.04379811284099644
226,"(1, 1, 1, 1, 48, 0, 0)",2688,True,2020-08-14,31508.192844573266,10496.57,10749.167832941464,11689.646873471027,9808.688792411902,2020-08-14 05:30:00,2020-08-14 06:00:00,9505.95,9444.199932001393,10239.18992235852,8649.209941644265,2020-08-14 08:00:00,2020-08-14 08:30:00,38247.065462949635,0.963156069508251,175.73734688819457,0.020612556279859622
227,"(1, 1, 1, 1, 48, 0, 0)",2688,True,2020-08-15,31508.68721311678,9595.14,10802.779249855608,11740.461455714094,9865.097043997122,2020-08-15 06:00:00,2020-08-15 06:00:00,8378.45,9364.783570335923,10145.775647756283,8583.791492915563,2020-08-15 00:00:00,2020-08-15 08:00:00,697362.43228326,-0.0593728883320892,713.1473333820559,0.08921333674944827
228,"(1, 1, 1, 1, 48, 0, 0)",2688,True,2020-08-16,31549.217992594637,9690.76,10447.3625699563,11511.42346794945,9387.50559033914,2020-08-16 06:00:00,2020-08-16 06:00:00,7687.98,8967.055515669708,9815.894853575719,8128.225427505512,2020-08-16 00:00:00,2020-08-16 08:30:00,614250.5566626772,0.4220624735502335,658.1425837003965,0.08880722614240211
229,"(1, 1, 1, 1, 48, 0, 0)",2688,True,2020-08-17,31516.804383820356,10247.62,10330.763357524773,11353.160776386638,9308.365938662908,2020-08-17 06:00:00,2020-08-17 06:00:00,9068.67,8581.061887773492,9399.008348712789,7763.115426834196,2020-08-17 07:30:00,2020-08-17 08:00:00,75500.61829193642,0.942654988020473,193.1967200492198,0.024674586148167466
230,"(1, 1, 1, 1, 48, 0, 0)",2688,True,2020-08-18,31538.060049731732,9933.88,10447.245130515956,11501.998780039714,9392.491480992197,2020-08-18 06:00:00,2020-08-18 06:00:00,9352.1,9052.62241814693,9901.095821156308,8204.149015137551,2020-08-18 08:00:00,2020-08-18 08:30:00,91338.72019321354,0.9012652728160215,254.5792937798558,0.030456766665781686
231,"(1, 1, 1, 1, 48, 0, 0)",2688,True,2020-08-19,31543.632074926634,10533.06,10503.387875726572,11608.847342387055,9397.92840906609,2020-08-19 06:00:00,2020-08-19 06:00:00,8992.73,8818.145677072504,9668.5641476807,7967.7272064643075,2020-08-19 07:30:00,2020-08-19 08:00:00,43586.95893940915,0.9639475024044704,172.41792820403967,0.022275073939236237
232,"(1, 1, 1, 1, 48, 0, 0)",2688,True,2020-08-20,31565.40496266943,10685.63,10605.955423583047,11730.19693728444,9484.998341768129,2020-08-20 06:00:00,2020-08-20 06:00:00,9274.45,9054.31646785883,9911.078362362556,8197.554573355103,2020-08-20 08:00:00,2020-08-20 08:00:00,23820.391020211024,0.9822458792645805,111.67465370258311,0.013136388898653218
233,"(1, 1, 1, 1, 48, 0, 0)",2688,True,2020-08-21,31569.147090830982,10454.05,10635.997872965874,11839.991135425964,9432.004610505785,2020-08-21 06:00:00,2020-08-21 06:00:00,9428.21,9101.193669162865,9989.454043940603,8212.933294385128,2020-08-21 08:00:00,2020-08-21 08:00:00,25374.20523912422,0.9759095514385331,129.1310188993361,0.015033596873736106
234,"(1, 1, 1, 1, 48, 0, 0)",2688,True,2020-08-22,31584.491395135516,10765.92,11105.946720049764,12452.443977874664,9759.449462224864,2020-08-22 06:00:00,2020-08-22 06:00:00,8641.93,9522.086247386576,10473.830214202733,8584.141972610396,2020-08-22 08:30:00,2020-08-22 08:00:00,252658.4142022841,0.8128715558841597,414.294256672973,0.05159361446339214
235,"(1, 1, 1, 1, 48, 0, 0)",2688,True,2020-08-23,31563.686998782392,10662.53,10670.404113896268,11928.27829954427,9417.18160495456,2020-08-23 06:00:00,2020-08-23 06:30:00,8416.79,9086.671027428005,9988.450416689771,8350.214985317125,2020-08-23 00:00:00,2020-08-23 08:00:00,200287.47222516287,0.8615707246783476,349.971188677466,0.046482900100705514
236,"(1, 1, 1, 1, 48, 0, 0)",2688,True,2020-08-24,31566.540957835296,11149.92,10546.676961082867,11976.395396702826,9116.958525462907,2020-08-24 06:30:00,2020-08-24 06:30:00,9885.99,8721.754538076097,9675.416430467616,7840.3897526764795,2020-08-24 08:00:00,2020-08-24 08:00:00,363548.44757505,0.7853192940199627,521.2876035544707,0.060001793664486956
237,"(1, 1, 1, 1, 48, 0, 0)",2688,True,2020-08-25,31582.945449055744,11500.53,10980.567143376798,12350.422395925207,9610.71189082839,2020-08-25 06:30:00,2020-08-25 06:30:00,10238.02,9360.5156130781,10301.644513725209,8489.5352770555,2020-08-25 08:00:00,2020-08-25 08:00:00,108016.72650015065,0.9352258113904796,227.14782828713246,0.023512932806011855
238,"(1, 1, 1, 1, 48, 0, 0)",2688,True,2020-08-26,31578.08848527369,10933.85,10948.804367072295,12115.739819860511,9781.868914284078,2020-08-26 06:30:00,2020-08-26 06:30:00,10284.21,9551.674757140392,10423.509916943385,8710.531683516809,2020-08-26 08:00:00,2020-08-26 08:00:00,102446.08227681543,0.9305193051331455,236.00069357968178,0.02738905912138646
239,"(1, 1, 1, 1, 48, 0, 0)",2688,True,2020-08-27,31577.71129050098,10429.81,10785.525653974848,11906.16220393322,9664.889104016476,2020-08-27 06:30:00,2020-08-27 06:30:00,10167.27,9505.989340518618,10360.964851485049,8651.013829552187,2020-08-27 08:00:00,2020-08-27 08:00:00,80911.41744087398,0.9379213826234376,223.20569262097774,0.025719515172662705
240,"(1, 1, 1, 1, 48, 0, 0)",2688,True,2020-08-28,31584.223678600578,10086.35,10870.285079129037,11944.919669478757,9795.650488779316,2020-08-28 06:30:00,2020-08-28 06:30:00,9207.74,9227.036208633848,10065.309785262007,8388.76263200569,2020-08-28 08:00:00,2020-08-28 08:00:00,181440.125319396,0.8540904049573069,352.2158447490197,0.043831499609636816
241,"(1, 1, 1, 1, 48, 0, 0)",2688,True,2020-08-29,31590.081829824663,9143.53,10503.071487494366,11763.006691002798,9243.136283985934,2020-08-29 06:30:00,2020-08-29 06:30:00,8584.66,9312.880908530953,10217.390955858958,8408.370861202948,2020-08-29 00:00:00,2020-08-29 08:00:00,781203.6688150255,0.15527668029882358,769.7158580957629,0.10386514029057381
242,"(1, 1, 1, 1, 48, 0, 0)",2688,True,2020-08-30,31618.77676799997,8710.85,9872.447597340892,11042.036956432967,8702.858238248817,2020-08-30 06:00:00,2020-08-30 06:30:00,7808.31,8845.543220363748,9721.955151051434,7969.131289676063,2020-08-30 00:00:00,2020-08-30 08:00:00,793704.2392325256,-0.1308592554846013,773.5619863126053,0.1093281506889533
243,"(1, 1, 1, 1, 48, 0, 0)",2688,True,2020-08-31,31647.536856466784,10090.8,9652.233043236472,10853.492530464895,8459.964966565605,2020-08-31 06:00:00,2020-08-31 06:30:00,8170.62,7887.567289117227,8777.062476433108,6998.072101801346,2020-08-31 07:30:00,2020-08-31 08:00:00,205486.1090562474,0.8367997705310807,407.8678911345237,0.05614537060454142
244,"(1, 1, 1, 1, 48, 0, 0)",2688,True,2020-09-01,31645.769337641515,10046.14,9664.419194448297,10845.557710835319,8483.280678061275,2020-09-01 06:30:00,2020-09-01 06:00:00,8651.23,8260.125361725719,9147.820084208712,7372.430639242726,2020-09-01 08:00:00,2020-09-01 08:00:00,244327.51912666566,0.7516098872091986,452.98804404800194,0.05972472616067894
245,"(1, 1, 1, 1, 48, 0, 0)",2688,True,2020-09-02,31651.941984320943,9441.79,9704.68941680378,11107.761632257438,8316.187459670738,2020-09-02 06:00:00,2020-09-02 06:30:00,9002.6,8648.215174495796,9608.745750449754,7868.146936188515,2020-09-02 07:30:00,2020-09-02 08:00:00,53066.353467674344,0.9262181146585196,189.07868717454872,0.023709558001979016
246,"(1, 1, 1, 1, 48, 0, 0)",2688,True,2020-09-03,31645.98184364093,9044.16,9624.262110402797,10970.417990949112,8278.106229856481,2020-09-03 06:00:00,2020-09-03 06:30:00,7983.71,8465.177164918514,9405.849134869635,7603.292382509129,2020-09-03 07:30:00,2020-09-03 08:00:00,187141.43049721525,0.6340742372667751,344.6521133158347,0.045326387416072
247,"(1, 1, 1, 1, 48, 0, 0)",2688,True,2020-09-04,31673.875500978666,9018.9,9532.359503902768,10974.664652846182,8090.054354959352,2020-09-04 06:00:00,2020-09-04 06:00:00,7807.13,8401.979091514917,9384.211223605671,7419.746959424164,2020-09-04 08:30:00,2020-09-04 08:00:00,84648.71437727197,0.8436530077670562,235.81845593668015,0.03040257364219287
248,"(1, 1, 1, 1, 48, 0, 0)",2688,True,2020-09-05,31705.646520596103,8385.24,9568.280523311274,10986.308314261669,8153.228336501327,2020-09-05 06:30:00,2020-09-05 06:30:00,7568.55,8114.19037954996,9089.433649825356,7329.908853344314,2020-09-05 00:00:00,2020-09-05 08:00:00,506929.2842032095,0.196184673532378,591.9365295011687,0.08461053911674522
249,"(1, 1, 1, 1, 48, 0, 0)",2688,True,2020-09-06,31731.57822176282,8678.09,9093.642637525598,10495.884724759111,7691.400550292085,2020-09-06 06:30:00,2020-09-06 06:00:00,7375.86,7820.935216650254,8797.931400908608,7249.735238722789,2020-09-06 00:00:00,2020-09-06 08:00:00,135545.22410043477,0.7685725742411925,277.32826010477953,0.0392995486006441
250,"(1, 1, 1, 1, 48, 0, 0)",2688,True,2020-09-07,31743.33873651498,9284.89,8902.89266633444,10338.887158804167,7466.898173864711,2020-09-07 06:30:00,2020-09-07 06:30:00,8055.33,7433.021872524645,8415.91167120617,7010.6045428638,2020-09-07 07:30:00,2020-09-07 08:00:00,257807.95433164155,0.6817118194338079,443.4153438932652,0.061502270650538364
251,"(1, 1, 1, 1, 48, 0, 0)",2688,True,2020-09-08,31553.69780488175,9031.87,9269.392607989997,10632.323859201319,7906.461356778676,2020-09-08 06:00:00,2020-09-08 06:00:00,7930.65,7947.619844758447,8894.752534423074,7447.289937392398,2020-09-08 07:30:00,2020-09-08 08:00:00,54608.06260770761,0.9075041863193416,180.47437549198466,0.02434534402749491
252,"(1, 1, 1, 1, 48, 0, 0)",2688,True,2020-09-09,31564.74968569011,10255.73,9305.606296311402,10689.749902422926,7921.462690199879,2020-09-09 06:00:00,2020-09-09 06:00:00,8271.91,8111.050166966335,9095.964064096754,7415.371747523984,2020-09-09 11:00:00,2020-09-09 08:30:00,195960.17416610164,0.826273880459404,337.36231284535717,0.03863644977057877
253,"(1, 1, 1, 1, 48, 0, 0)",2688,True,2020-09-10,31546.7608218723,9853.68,9752.618898773791,11145.61628486103,8369.479889632717,2020-09-10 06:30:00,2020-09-10 06:30:00,8281.66,8301.30681531754,9276.24462752854,7690.040118884162,2020-09-10 08:00:00,2020-09-10 08:00:00,20683.954747897977,0.9760812387080983,114.02305491568615,0.014739185992720588
254,"(1, 1, 1, 1, 48, 0, 0)",2688,True,2020-09-11,31550.468658186142,9144.28,9809.716641173896,11188.460961542762,8430.97232080503,2020-09-11 06:30:00,2020-09-11 06:00:00,8211.58,8371.189386433742,9327.267397923111,7813.33900319766,2020-09-11 08:00:00,2020-09-11 08:00:00,185759.93516916622,0.6782619473896959,362.27420092715215,0.04789279354228428
255,"(1, 1, 1, 1, 48, 0, 0)",2688,True,2020-09-12,31544.60426380464,8467.86,9500.06538324223,10893.420143914478,8106.710622569983,2020-09-12 06:30:00,2020-09-12 06:30:00,7899.39,8079.023816103658,9034.619405123682,7758.196490448761,2020-09-12 00:00:00,2020-09-12 08:00:00,501843.9595615683,0.22784267458831886,628.876517574268,0.09142448551735528
256,"(1, 1, 1, 1, 48, 0, 0)",2688,True,2020-09-13,31544.58035288638,8655.85,8790.944823165224,10191.865771875238,7404.536988812047,2020-09-13 06:30:00,2020-09-13 06:30:00,7233.11,7492.452523993932,8451.168971536114,7164.568509628297,2020-09-13 00:00:00,2020-09-13 08:00:00,154701.24315944407,0.7583631317702528,294.6435418195378,0.04449015618427401
257,"(1, 1, 1, 1, 48, 0, 0)",2688,True,2020-09-14,31580.569148247156,9021.34,8812.896103411662,10210.159280722652,7415.632926100672,2020-09-14 06:00:00,2020-09-14 06:30:00,7726.31,7084.795804413228,8019.27470679955,6920.718227484062,2020-09-14 07:30:00,2020-09-14 00:00:00,192605.00333218454,0.7333051212967909,374.70691421248574,0.05392930867280341
258,"(1, 1, 1, 1, 48, 0, 0)",2688,True,2020-09-15,31573.500941083472,9003.34,9022.681917295755,10398.360044024226,7647.003790567283,2020-09-15 06:30:00,2020-09-15 06:30:00,7928.97,7455.710083509664,8403.317383064192,7283.660214689456,2020-09-15 08:00:00,2020-09-15 08:00:00,67611.00167085517,0.8843111386876814,217.90616194748569,0.031032607313275867
259,"(1, 1, 1, 1, 48, 0, 0)",2688,True,2020-09-16,31546.011561218435,8874.04,9117.044829554583,10507.883558113497,7726.20610099567,2020-09-16 06:30:00,2020-09-16 06:30:00,7647.47,7638.883240738251,8593.745581060579,7420.0419817722595,2020-09-16 07:30:00,2020-09-16 08:00:00,63640.07275118257,0.8889207617996733,198.87216594574633,0.02754496342835751
260,"(1, 1, 1, 1, 48, 0, 0)",2688,True,2020-09-17,31529.355943327868,8847.75,8931.265153278837,10291.318357241911,7571.211949315763,2020-09-17 06:00:00,2020-09-17 06:30:00,7500.84,7343.229649201916,8281.517042102829,7101.26928743828,2020-09-17 08:00:00,2020-09-17 08:00:00,244697.89610999895,0.5428845450777797,330.7858360763483,0.04599761146209222
261,"(1, 1, 1, 1, 48, 0, 0)",2688,True,2020-09-18,31568.272426361935,9001.94,8984.264216670792,10344.095525445277,7624.432907896307,2020-09-18 06:00:00,2020-09-18 06:00:00,7884.54,7825.266967377414,8787.009118639031,7090.495393244757,2020-09-18 08:30:00,2020-09-18 08:00:00,10428.096340221271,0.9815875977726422,81.09464432431893,0.010915232806468389
262,"(1, 1, 1, 1, 48, 0, 0)",2688,True,2020-09-19,31480.739659261304,8110.6,9163.84651648936,10469.117525523532,7858.575507455189,2020-09-19 06:00:00,2020-09-19 06:00:00,7500.74,7860.515298889059,8779.738685435495,7437.6835622534945,2020-09-19 00:00:00,2020-09-19 08:00:00,495023.0352799084,-0.517863783848848,623.8080110744231,0.09053403560505031
263,"(1, 1, 1, 1, 48, 0, 0)",2688,True,2020-09-20,31471.084063246966,8369.79,8479.334981377462,9843.162445910837,7115.507516844088,2020-09-20 06:30:00,2020-09-20 06:00:00,7491.4,7458.789065248515,8499.548004850829,6793.826243328366,2020-09-20 10:00:00,2020-09-20 08:30:00,129190.75058567866,0.7492612959159133,275.43291597764215,0.0416072635842858
264,"(1, 1, 1, 1, 48, 0, 0)",2688,True,2020-09-21,31376.959010696944,9072.37,8194.544052525376,9529.51121373995,6859.576891310802,2020-09-21 06:00:00,2020-09-21 06:00:00,7203.59,6786.452424849205,7518.836958039786,6627.770794920006,2020-09-21 08:00:00,2020-09-21 00:00:00,606967.4876993134,0.213999376016358,682.1166002016131,0.0919541095914288
265,"(1, 1, 1, 1, 48, 0, 0)",2688,True,2020-09-22,31393.68725878967,8719.37,8926.952367413494,10246.906890742375,7606.9978440846135,2020-09-22 06:00:00,2020-09-22 06:30:00,7186.36,7242.529963409728,8151.378568381026,7078.899384113325,2020-09-22 08:00:00,2020-09-22 08:00:00,38199.114499044466,0.9271674278510252,162.31481639638778,0.02258006534860632
266,"(1, 1, 1, 1, 48, 0, 0)",2688,True,2020-09-23,31346.626255406107,8869.74,8750.05805918598,10084.691655962075,7415.424462409886,2020-09-23 06:30:00,2020-09-23 06:30:00,7157.96,7133.378123874842,7956.32421925522,6975.7647173942705,2020-09-23 00:00:00,2020-09-23 00:00:00,8763.57853156152,0.9864282069516813,83.36276379266303,0.012231673409313387
267,"(1, 1, 1, 1, 48, 0, 0)",2688,True,2020-09-24,31326.521179331427,8974.41,8779.946083449402,10203.696452198797,7356.195714700007,2020-09-24 06:30:00,2020-09-24 06:30:00,7354.75,7199.540793474211,8004.2375347125735,7042.648668647503,2020-09-24 07:00:00,2020-09-24 00:00:00,29076.345486615883,0.9593416018873347,135.9482263498,0.018606278551886703
268,"(1, 1, 1, 1, 48, 0, 0)",2688,True,2020-09-25,31287.71073470636,9089.91,9216.620172580959,10530.853559539977,7902.386785621941,2020-09-25 06:00:00,2020-09-25 06:00:00,7520.51,7471.413049480769,8304.215352728592,7314.834915173526,2020-09-25 00:00:00,2020-09-25 00:00:00,38718.90389510803,0.9411723147529273,151.16690179241817,0.020321025384697072
269,"(1, 1, 1, 1, 48, 0, 0)",2688,True,2020-09-26,31337.032048401514,8900.59,9315.789486818681,10635.043060343301,7996.53591329406,2020-09-26 06:30:00,2020-09-26 06:30:00,7779.22,7812.346381378109,8548.513844507712,7655.2792468413745,2020-09-26 00:00:00,2020-09-26 00:00:00,419757.83345293085,0.4751029486018875,554.2276460153075,0.08328631404603977
270,"(1, 1, 1, 1, 48, 0, 0)",2688,True,2020-09-27,31342.524221060314,8977.14,9029.646040052765,10353.286427724146,7706.005652381384,2020-09-27 06:30:00,2020-09-27 06:30:00,7461.97,7458.199968851281,8082.601010044069,7300.97319848233,2020-09-27 00:00:00,2020-09-27 00:00:00,217127.92773936855,0.7559799138449433,363.95220808798916,0.057096344804739275
271,"(1, 1, 1, 1, 48, 0, 0)",2688,True,2020-09-28,31371.132847912402,9271.89,8843.630238198837,10163.152700035835,7524.10777636184,2020-09-28 06:30:00,2020-09-28 06:30:00,7531.22,7245.116444557823,7891.126454869104,7087.216480132599,2020-09-28 07:00:00,2020-09-28 00:00:00,82518.43270158739,0.8993704745322149,239.89361757622396,0.032318389225870124
272,"(1, 1, 1, 1, 48, 0, 0)",2688,True,2020-09-29,31359.094618922947,9148.04,9041.437664167304,10344.781699152147,7738.093629182461,2020-09-29 06:30:00,2020-09-29 06:30:00,7635.93,7509.953623320391,8106.803660415817,7352.617916270227,2020-09-29 00:00:00,2020-09-29 00:00:00,17700.53112722529,0.9741502206984985,107.54694181034245,0.015012487320963504
273,"(1, 1, 1, 1, 48, 0, 0)",2688,True,2020-09-30,31348.69118538692,9209.73,8951.743187647704,10261.935665493647,7641.550709801761,2020-09-30 06:30:00,2020-09-30 06:30:00,7627.26,7513.541774985146,8372.424148502887,7356.271553048691,2020-09-30 08:00:00,2020-09-30 00:00:00,86616.69209332608,0.8515757564139688,213.87042542570757,0.027409706783464414
274,"(1, 1, 1, 1, 48, 0, 0)",2688,True,2020-10-01,31265.96054411186,8598.69,8590.011610625774,9898.237157058085,7281.786064193462,2020-10-01 06:30:00,2020-10-01 06:30:00,7454.82,6872.132761382756,7663.790104459012,6716.753933587329,2020-10-01 00:00:00,2020-10-01 00:00:00,109631.30675741016,0.8068216985725828,295.48873079644017,0.04423924613681376
275,"(1, 1, 1, 1, 48, 0, 0)",2688,True,2020-10-02,31154.815729337624,8271.89,8955.015439377024,10211.854801646445,7698.176077107605,2020-10-02 06:30:00,2020-10-02 06:30:00,7449.29,7530.8281556309375,8113.9507477490315,7378.85972569661,2020-10-02 00:00:00,2020-10-02 00:00:00,93279.00095403176,0.7922196837777538,246.6244004815832,0.034625578142783144
276,"(1, 1, 1, 1, 48, 0, 0)",2688,True,2020-10-03,31083.638623160707,7926.56,8612.242738023582,9860.973534390087,7363.511941657077,2020-10-03 06:30:00,2020-10-03 06:30:00,7278.53,7265.778359694901,7793.650315042418,7115.658331522301,2020-10-03 00:00:00,2020-10-03 00:00:00,291597.2955862545,0.42946929929029976,471.2607295095207,0.07405813436967347
277,"(1, 1, 1, 1, 48, 0, 0)",2688,True,2020-10-04,31040.62989512172,7759.37,8066.200547685708,9317.987742852569,6814.413352518847,2020-10-04 06:30:00,2020-10-04 06:30:00,6730.48,6716.424957511052,7106.0987799529585,6567.281546796388,2020-10-04 00:00:00,2020-10-04 00:00:00,52916.10039246144,0.9009311119896315,195.13162002990248,0.030881211431040834
278,"(1, 1, 1, 1, 48, 0, 0)",2688,True,2020-10-05,30954.994290812774,8368.35,7675.196628035352,8984.424485110538,6365.968770960166,2020-10-05 05:30:00,2020-10-05 06:30:00,6408.55,6530.627763529905,6773.528553919576,6383.832330513473,2020-10-05 00:00:00,2020-10-05 00:00:00,388089.21524340176,0.5880072503482653,479.02466369990975,0.07004127342674471
279,"(1, 1, 1, 1, 48, 0, 0)",2688,True,2020-10-06,30942.52455589314,8389.44,8022.108260721674,9319.347279364194,6741.37399562515,2020-10-06 06:00:00,2020-10-06 06:30:00,7558.04,6735.343812718231,7513.380034014983,6589.154323538239,2020-10-06 08:30:00,2020-10-06 00:00:00,336413.63420262927,0.3372702303959384,509.40489678525273,0.0703016645158532
280,"(1, 1, 1, 1, 48, 0, 0)",2688,True,2020-10-07,30896.156240471955,8451.43,8430.426429083807,9594.498325219909,7266.354532947705,2020-10-07 05:30:00,2020-10-07 06:00:00,7635.66,7094.413086525819,7972.232259293501,6897.54496029593,2020-10-07 08:30:00,2020-10-07 08:30:00,169176.5368012628,0.6245987220970133,341.9709822251657,0.04575238323596819
281,"(1, 1, 1, 1, 48, 0, 0)",2688,True,2020-10-08,30872.01824245202,8370.56,8556.931249087756,9734.142668016133,7379.719830159381,2020-10-08 06:30:00,2020-10-08 06:30:00,7561.15,7044.788844599512,7718.235831295493,6900.4011115413105,2020-10-08 08:00:00,2020-10-08 00:00:00,149517.22131251212,0.624649035505083,307.52608917111434,0.04246474739114142
282,"(1, 1, 1, 1, 48, 0, 0)",2688,True,2020-10-09,30934.772333886747,7945.2,8467.88530568079,9683.56370624449,7255.45177409642,2020-10-09 06:30:00,2020-10-09 06:30:00,7189.23,6971.388851547399,7777.00232542674,6821.576853279087,2020-10-09 07:30:00,2020-10-09 07:30:00,79767.98444822158,0.7536301010405775,225.172338432041,0.03213896735227784
283,"(1, 1, 1, 1, 48, 0, 0)",2688,True,2020-10-10,30916.806454210582,7507.26,8291.17579924644,9381.020672825463,7201.330925667418,2020-10-10 06:30:00,2020-10-10 06:30:00,6994.45,7035.273871237987,7654.966778144805,6891.356624321113,2020-10-10 00:00:00,2020-10-10 00:00:00,431015.65583350346,-0.0048759192063627665,563.5930201100055,0.09169707084699898
284,"(1, 1, 1, 1, 48, 0, 0)",2688,True,2020-10-11,30864.258031381916,7788.95,7748.09797522398,8926.182374660264,6570.013575787696,2020-10-11 06:30:00,2020-10-11 06:30:00,6574.99,6496.318116957493,7139.897929641931,6351.8777758783535,2020-10-11 00:00:00,2020-10-11 00:00:00,41256.990969625745,0.9227977458480927,155.14629914153574,0.026619297398556483
285,"(1, 1, 1, 1, 48, 0, 0)",2688,True,2020-10-12,30781.001742932716,8336.96,7661.052595377056,8895.23307485747,6426.872115896642,2020-10-12 05:30:00,2020-10-12 06:30:00,7495.45,6479.334136653495,7144.95863020856,6337.439773673973,2020-10-12 07:00:00,2020-10-12 00:00:00,628366.0431696553,-0.14983833234392785,723.660798336677,0.10199655545738562
286,"(1, 1, 1, 1, 48, 0, 0)",2688,True,2020-10-13,30837.11410785482,8544.86,8309.477644453204,9477.481618308891,7141.473670597516,2020-10-13 05:30:00,2020-10-13 06:30:00,7535.09,7056.241526615788,7811.296929766942,6910.244389842473,2020-10-13 07:00:00,2020-10-13 07:00:00,139133.7760221466,0.6989572946151303,293.8672909261806,0.04047377689908756
287,"(1, 1, 1, 1, 48, 0, 0)",2688,True,2020-10-14,30776.11756402448,8231.45,8193.950119010806,9417.519909850189,6970.380328171423,2020-10-14 06:30:00,2020-10-14 06:00:00,7524.35,7106.831953265049,7896.272517174699,6787.617810253727,2020-10-14 07:00:00,2020-10-14 07:30:00,24531.07645372921,0.9362152145358006,110.34391586721222,0.015629845998682907
288,"(1, 1, 1, 1, 48, 0, 0)",2688,True,2020-10-15,30759.544977895584,8520.02,8302.121829314558,9539.261576025763,7064.982082603352,2020-10-15 06:30:00,2020-10-15 06:30:00,7415.91,7248.4831948156425,8011.82534617316,6830.571434186095,2020-10-15 07:00:00,2020-10-15 07:00:00,58831.656055053405,0.8921051406026473,169.12432190484358,0.02290323531055945
289,"(1, 1, 1, 1, 48, 0, 0)",2688,True,2020-10-16,30796.982884092864,8139.13,8611.905951930501,9742.535540017809,7481.276363843193,2020-10-16 06:00:00,2020-10-16 05:30:00,7793.9,7564.199892633344,8334.923816663404,6942.695051476493,2020-10-16 08:00:00,2020-10-16 07:30:00,63887.61144589994,0.804248559171381,203.23227126264896,0.026882729692272327
290,"(1, 1, 1, 1, 48, 0, 0)",2688,True,2020-10-17,30755.81812565555,7898.85,8472.079244087457,9595.409537708669,7348.748950466246,2020-10-17 06:00:00,2020-10-17 05:30:00,7045.53,7550.589700474535,8298.01050620101,6898.193559923373,2020-10-17 00:00:00,2020-10-17 07:00:00,321570.5474894113,0.16117387796863392,517.5034191057102,0.07783930136738872
291,"(1, 1, 1, 1, 48, 0, 0)",2688,True,2020-10-18,30759.846306063348,7833.12,7943.035453729208,9092.193137994205,6811.513876522064,2020-10-18 06:00:00,2020-10-18 06:00:00,6651.1,7184.363606234147,8026.267053674894,6463.515006349939,2020-10-18 09:00:00,2020-10-18 08:30:00,175722.3149778232,0.5292814559447498,348.12210561086937,0.053727675924637064
292,"(1, 1, 1, 1, 48, 0, 0)",2688,True,2020-10-19,30715.61823990694,8265.48,7667.538545766511,8878.11967747419,6465.680335217545,2020-10-19 05:30:00,2020-10-19 06:30:00,7639.93,6753.070490692553,7547.708285433623,6336.088755333038,2020-10-19 07:30:00,2020-10-19 08:00:00,368290.31420808146,0.2301229162282865,553.4760193343099,0.07709029306315142
293,"(1, 1, 1, 1, 48, 0, 0)",2688,True,2020-10-20,30722.906864373388,8263.87,8168.995299067767,9369.20270315179,6969.97997577924,2020-10-20 05:30:00,2020-10-20 06:00:00,7647.95,7354.94090162437,8152.621370856005,6808.040326266072,2020-10-20 07:00:00,2020-10-20 07:30:00,22944.152393994416,0.938678843483237,119.17201252889829,0.016612005676059225
294,"(1, 1, 1, 1, 48, 0, 0)",2688,True,2020-10-21,30692.01434921403,8268.43,8331.83677772701,9538.7874978476,7125.363000648044,2020-10-21 06:30:00,2020-10-21 06:30:00,7411.0,7283.242082619621,8028.635566022758,6967.898590393725,2020-10-21 07:00:00,2020-10-21 07:00:00,17916.948258541368,0.959744160028112,108.29599316976349,0.015948257669836634
295,"(1, 1, 1, 1, 48, 0, 0)",2688,True,2020-10-22,30669.91542743323,8401.0,8346.116429884958,9482.957653970523,7209.275205799392,2020-10-22 05:30:00,2020-10-22 06:30:00,7616.7,7411.829992533869,8148.712627138424,6938.144141061375,2020-10-22 07:00:00,2020-10-22 07:00:00,36677.514258523435,0.9129023153975289,151.9266760853411,0.021157708974025552
296,"(1, 1, 1, 1, 48, 0, 0)",2688,True,2020-10-23,30584.309293452712,8289.45,8424.10473508395,9524.459609703843,7343.025176543268,2020-10-23 05:30:00,2020-10-23 06:00:00,7511.46,7435.347221205506,8143.922578189187,6963.711388490329,2020-10-23 07:00:00,2020-10-23 07:00:00,48386.01465994077,0.8706402908918184,173.74904548841474,0.02414235055847333
297,"(1, 1, 1, 1, 48, 0, 0)",2688,True,2020-10-24,30565.859787490346,7956.9,8311.847591350928,9453.90205145957,7169.793131242286,2020-10-24 05:30:00,2020-10-24 05:30:00,7377.39,7527.0498354107585,8337.871687226127,6935.766216030756,2020-10-24 09:30:00,2020-10-24 07:30:00,141673.52658426607,0.6314337923569774,310.1979010236677,0.045324017123899135
298,"(1, 1, 1, 1, 48, 0, 0)",2688,True,2020-10-25,30587.631453682905,8445.64,7960.494533535017,9057.096675816632,6863.8923912534,2020-10-25 05:00:00,2020-10-25 05:30:00,7181.91,7383.734839126333,8216.694556176673,6560.610426951572,2020-10-25 10:30:00,2020-10-25 09:30:00,115814.05708319343,0.8308211341716599,265.9470542532656,0.03865832362938374
299,"(1, 1, 1, 1, 48, 0, 0)",2688,True,2020-10-26,30583.447929979728,9324.77,8071.847946996935,9208.25651403681,6935.439379957061,2020-10-26 05:30:00,2020-10-26 05:30:00,8309.25,7147.998906893648,8025.35281053137,6550.794783927539,2020-10-26 09:30:00,2020-10-26 10:00:00,713754.5379115232,0.2984534934867088,735.9064590148314,0.0902510704674095
300,"(1, 1, 1, 1, 48, 0, 0)",2688,True,2020-10-27,30605.657683646456,8538.05,8601.620771299093,9376.251694285738,7826.989848312447,2020-10-27 06:30:00,2020-10-27 05:30:00,8327.14,7695.388383534794,8344.751302978155,7198.870846391034,2020-10-27 07:30:00,2020-10-27 07:30:00,56744.55116546332,0.8680866995620679,169.91320992117747,0.022207129720089216
301,"(1, 1, 1, 1, 48, 0, 0)",2688,True,2020-10-28,30578.979757950856,8384.58,8431.926344798974,9199.531809003609,7664.320880594339,2020-10-28 06:00:00,2020-10-28 05:30:00,7888.75,7736.596635045737,8393.91922462111,7079.2740454703635,2020-10-28 07:30:00,2020-10-28 09:00:00,18723.829034870367,0.9485796286350461,105.32001364697408,0.014268798404653974
302,"(1, 1, 1, 1, 48, 0, 0)",2688,True,2020-10-29,30541.12396445955,8304.85,8477.119672934543,9236.230599657734,7718.0087462113515,2020-10-29 06:30:00,2020-10-29 06:30:00,7946.32,7746.430789293515,8359.971712452667,7132.889866134363,2020-10-29 07:00:00,2020-10-29 07:30:00,23387.769714283273,0.939895168294176,123.87818000522225,0.017065822413136086
303,"(1, 1, 1, 1, 48, 0, 0)",2688,True,2020-10-30,30558.286310166182,7895.61,8448.124157278955,9202.13141650286,7694.116898055051,2020-10-30 06:30:00,2020-10-30 06:00:00,7525.59,7527.882382667301,8128.732760190665,7032.15216320271,2020-10-30 07:00:00,2020-10-30 07:00:00,86871.32011551352,0.6579915584778646,222.78781152151132,0.030939695599771017
304,"(1, 1, 1, 1, 48, 0, 0)",2688,True,2020-10-31,30541.49842136874,7711.74,8280.49763942922,9032.48273479362,7528.512544064821,2020-10-31 05:30:00,2020-10-31 06:00:00,7046.39,7451.152038727546,8049.906391676758,6852.397685778334,2020-10-31 08:30:00,2020-10-31 07:00:00,145819.58084006832,0.501981469323074,320.83290695249667,0.04682503071013908
305,"(1, 1, 1, 1, 48, 0, 0)",2688,True,2020-11-01,30630.481769267662,7780.44,7648.4209291201505,8407.81451509994,6890.046237010329,2020-11-01 06:30:00,2020-11-01 06:30:00,6709.47,6833.187158321676,7452.124994713609,6214.249321929743,2020-11-01 09:00:00,2020-11-01 07:30:00,79156.74163520958,0.7799812277934173,241.17763656933087,0.03781844115569296
306,"(1, 1, 1, 1, 48, 0, 0)",2688,True,2020-11-02,30672.382111859373,8131.95,7863.850974900646,8890.851694142348,6836.850255658944,2020-11-02 05:30:00,2020-11-02 06:30:00,7531.28,6883.192156057012,7596.912496197572,6494.695067542811,2020-11-02 07:00:00,2020-11-02 07:30:00,125472.35379657625,0.6946406904625873,310.2285842568913,0.04417555113049924
307,"(1, 1, 1, 1, 48, 0, 0)",2688,True,2020-11-03,30663.545445346575,8130.29,8235.609872443078,9353.995410986889,7117.224333899268,2020-11-03 06:30:00,2020-11-03 06:30:00,7394.48,7316.481200346874,8048.69095140497,6958.294263099997,2020-11-03 07:00:00,2020-11-03 07:00:00,41870.85284160834,0.907095658835008,159.1510154243032,0.024091811400549945
308,"(1, 1, 1, 1, 48, 0, 0)",2688,True,2020-11-04,30661.493890553156,8379.01,8030.896175453032,8827.481948288007,7234.310402618057,2020-11-04 05:30:00,2020-11-04 06:30:00,7285.73,7219.985828855788,7850.383650517714,6987.597251049177,2020-11-04 07:30:00,2020-11-04 07:00:00,48094.56376142494,0.9072909003644717,180.56322117516655,0.02535143827654236
309,"(1, 1, 1, 1, 48, 0, 0)",2688,True,2020-11-05,30638.686781801214,8880.37,8134.668401230053,8892.157500024876,7377.17930243523,2020-11-05 05:30:00,2020-11-05 05:30:00,7948.89,7588.017953016421,8227.481272924259,6965.7526919539505,2020-11-05 10:30:00,2020-11-05 07:30:00,184566.83182189552,0.7204679279385096,369.89333003379926,0.04639153435508684
310,"(1, 1, 1, 1, 48, 0, 0)",2688,True,2020-11-06,30597.94945244504,7917.11,8332.253221576306,9078.837177700269,7585.669265452343,2020-11-06 07:00:00,2020-11-06 06:30:00,7737.71,7602.117353442706,8214.795492898083,7167.583901972312,2020-11-06 07:00:00,2020-11-06 07:00:00,155832.06068826214,0.5959666312643861,318.2436700952967,0.047449367033243726
311,"(1, 1, 1, 1, 48, 0, 0)",2688,True,2020-11-07,30589.75070501505,7591.23,8176.2333998886115,8910.61351092643,7441.853288850793,2020-11-07 07:00:00,2020-11-07 05:30:00,7074.31,7362.743590650615,7959.971719294806,6957.227799251028,2020-11-07 00:00:00,2020-11-07 07:00:00,415205.3855983967,-0.18966808083850806,559.3149499602397,0.08836408710599501
312,"(1, 1, 1, 1, 48, 0, 0)",2688,True,2020-11-08,30595.633538557533,7617.46,7904.535388237032,8647.290902671684,7161.7798738023785,2020-11-08 06:30:00,2020-11-08 06:30:00,6618.32,6993.551047247211,7605.5535614513055,6485.709438873074,2020-11-08 00:00:00,2020-11-08 07:30:00,384274.07315202645,0.14228160501050457,521.080602683689,0.08669304584415288
313,"(1, 1, 1, 1, 48, 0, 0)",2688,True,2020-11-09,30560.362741868466,8112.92,7819.9517409833115,8579.126186554637,7060.777295411986,2020-11-09 06:30:00,2020-11-09 06:30:00,7494.18,6805.712900519059,7422.579313861608,6431.038406573347,2020-11-09 07:00:00,2020-11-09 07:30:00,138858.82889094704,0.6969205483410841,331.4763096988136,0.04768708075529304
314,"(1, 1, 1, 1, 48, 0, 0)",2688,True,2020-11-10,30563.043982623614,8228.87,8033.501307499765,8791.665691057888,7275.3369239416415,2020-11-10 07:00:00,2020-11-10 06:30:00,7380.43,7140.191309991261,7743.326236104731,6944.82457565094,2020-11-10 07:00:00,2020-11-10 07:00:00,26815.951553321833,0.9428776257020285,131.6434506806927,0.01875137775883103
315,"(1, 1, 1, 1, 48, 0, 0)",2688,True,2020-11-11,30557.399506098587,8594.28,8012.77169411629,8769.991167183929,7255.5522210486515,2020-11-11 05:30:00,2020-11-11 06:30:00,7238.41,7061.7357533807335,7642.618508195511,6925.496073306237,2020-11-11 07:00:00,2020-11-11 00:00:00,174280.33897034626,0.6898992552302884,320.22637999464035,0.04391974560840475
316,"(1, 1, 1, 1, 48, 0, 0)",2688,True,2020-11-12,30540.677257032872,8871.05,8102.780028658557,8857.855163855815,7347.704893461299,2020-11-12 05:30:00,2020-11-12 05:30:00,7443.88,7267.979003223985,7870.279514588261,6955.468451653371,2020-11-12 12:00:00,2020-11-12 07:00:00,437922.4504998115,0.3673567309404103,516.839017682816,0.06594487492394081
317,"(1, 1, 1, 1, 48, 0, 0)",2688,True,2020-11-13,30529.438312025555,8039.33,8422.32798969878,9189.509850341072,7655.14612905649,2020-11-13 02:00:00,2020-11-13 05:30:00,7873.81,7579.791807186247,8185.927402647454,7156.336850827487,2020-11-13 09:00:00,2020-11-13 07:00:00,176629.00347410305,0.4661399292181335,351.9685394658937,0.04714901351553071
318,"(1, 1, 1, 1, 48, 0, 0)",2688,True,2020-11-14,30660.893534604777,7767.03,8023.245100872192,8803.533964755321,7242.956236989063,2020-11-14 07:00:00,2020-11-14 06:30:00,6877.8,6921.0546164438965,7539.007663976153,6578.304241157637,2020-11-14 00:00:00,2020-11-14 07:00:00,127120.6545314698,0.7033624019372176,321.9302580923392,0.050577324132219215
319,"(1, 1, 1, 1, 48, 0, 0)",2688,True,2020-11-15,30643.85100976132,8922.88,7931.6640812227215,8716.325975906459,7147.0021865389845,2020-11-15 05:30:00,2020-11-15 07:00:00,6667.91,6762.446037849236,7379.78843422213,6553.635842953805,2020-11-15 00:00:00,2020-11-15 07:00:00,270779.26638739445,0.7575637841044216,400.30766207658627,0.05732479442543059
320,"(1, 1, 1, 1, 48, 0, 0)",2688,True,2020-11-16,30617.57982529794,11337.12,8180.581924546894,8957.160789623194,7404.003059470592,2020-11-16 04:30:00,2020-11-16 05:30:00,8859.45,6816.98518379541,7341.2987613918895,6679.137204625507,2020-11-16 12:00:00,2020-11-16 00:00:00,4085528.5433270503,-0.4698272422832963,1583.9957191203946,0.16931994472091416
321,"(1, 1, 1, 1, 48, 0, 0)",2688,True,2020-11-17,30850.38739543864,8338.27,8914.958520443712,9795.246203572442,8034.670837314981,2020-11-17 05:00:00,2020-11-17 05:30:00,7623.35,7454.413924346291,8144.352707592659,7235.942521415891,2020-11-17 07:00:00,2020-11-17 07:00:00,97686.04081994969,0.6999786618035783,245.61415549302055,0.032419522028062274
322,"(1, 1, 1, 1, 48, 0, 0)",2688,True,2020-11-18,30857.668212254754,8352.72,8551.654086807142,9430.321482804517,7672.986690809769,2020-11-18 05:30:00,2020-11-18 05:30:00,7437.95,7270.618300608624,7961.0430563885875,6865.215132363127,2020-11-18 07:30:00,2020-11-18 07:30:00,38959.584434893106,0.9077459078116911,152.68699001824368,0.02100982392469085
323,"(1, 1, 1, 1, 48, 0, 0)",2688,True,2020-11-19,30856.464986160787,8998.05,8546.179650862077,9425.060503820809,7667.298797903347,2020-11-19 05:30:00,2020-11-19 05:30:00,7254.94,7067.103794507236,7758.240814526534,6886.48004557211,2020-11-19 07:00:00,2020-11-19 07:30:00,64557.94130281912,0.912412274293644,204.64165347011763,0.02623604369803884
324,"(1, 1, 1, 1, 48, 0, 0)",2688,True,2020-11-20,30873.424725931003,10404.45,8646.81500638729,9527.008409050664,7770.094765154998,2020-11-20 04:30:00,2020-11-20 05:30:00,8375.97,7069.664354438995,7760.448459566441,6829.052631861526,2020-11-20 12:00:00,2020-11-20 07:00:00,1388499.4380363964,0.20396621670842996,914.1561770606364,0.10297159843987587
325,"(1, 1, 1, 1, 48, 0, 0)",2688,True,2020-11-21,30929.29269577019,8169.54,8952.02616650557,9849.452572173406,8054.599760837733,2020-11-21 05:00:00,2020-11-21 05:00:00,7217.01,7644.075140806545,8350.399873610335,7131.387490159571,2020-11-21 00:00:00,2020-11-21 07:30:00,497771.6060891628,-0.13271690113594836,644.5108134864636,0.09327979718757318
326,"(1, 1, 1, 1, 48, 0, 0)",2688,True,2020-11-22,30962.050652043752,8868.73,8657.243710580133,9555.105417201792,7759.382003958473,2020-11-22 05:30:00,2020-11-22 04:30:00,6932.35,7054.004882154228,7876.835256565027,6632.357905234551,2020-11-22 12:00:00,2020-11-22 12:00:00,99682.51212911702,0.8992424162212895,248.1930937294418,0.035393020392152016
327,"(1, 1, 1, 1, 48, 0, 0)",2688,True,2020-11-23,30969.993473106904,8674.59,8636.515176068106,9537.950381096438,7735.079971039772,2020-11-23 05:30:00,2020-11-23 05:00:00,8489.89,7554.319080880926,8376.238773063584,6754.381625395038,2020-11-23 12:00:00,2020-11-23 12:00:00,275403.1620728483,0.6003089054796099,367.40818153975624,0.04625069761251497
328,"(1, 1, 1, 1, 48, 0, 0)",2688,True,2020-11-24,30976.83712105786,8263.56,8692.35910104876,9604.284990170709,7780.433211926811,2020-11-24 05:00:00,2020-11-24 05:30:00,7445.31,7240.38949431015,8007.334172416881,6954.340902137602,2020-11-24 08:30:00,2020-11-24 07:30:00,73752.43553607016,0.8037986042596423,224.1302668900479,0.03046400835593439
329,"(1, 1, 1, 1, 48, 0, 0)",2688,True,2020-11-25,30962.406309371585,8590.29,8569.232441601862,9475.711796582456,7662.753086621266,2020-11-25 05:30:00,2020-11-25 05:30:00,7476.76,7199.55385415443,7907.389204198596,6948.715908654205,2020-11-25 07:00:00,2020-11-25 07:30:00,26190.53462556052,0.9453389221017098,122.24651944352728,0.01690168091116201
330,"(1, 1, 1, 1, 48, 0, 0)",2688,True,2020-11-26,30936.50454335223,10798.3,8654.661895053416,9552.889175605807,7756.434614501023,2020-11-26 05:00:00,2020-11-26 05:30:00,7975.36,7159.4020056677045,7862.017762162639,7011.928620064762,2020-11-26 12:00:00,2020-11-26 07:30:00,1347248.2949249635,0.3191345741690157,854.8095313045128,0.0935060535339084
331,"(1, 1, 1, 1, 48, 0, 0)",2688,True,2020-11-27,30964.101589793612,10117.17,8945.251826890035,9869.282454436498,8021.221199343572,2020-11-27 05:00:00,2020-11-27 05:30:00,7748.86,7595.674446209901,8311.386788493079,7208.429899480592,2020-11-27 08:30:00,2020-11-27 07:30:00,390990.26620908873,0.6999322727765576,481.80220508406114,0.05527236222596748
332,"(1, 1, 1, 1, 48, 0, 0)",2688,True,2020-11-28,30962.892394747334,12401.82,9382.23430300396,10307.740344509462,8456.728261498456,2020-11-28 04:30:00,2020-11-28 05:00:00,9907.26,7707.070393256576,8351.396366300065,7560.19359834934,2020-11-28 12:00:00,2020-11-28 00:00:00,3640889.7233398245,0.132577131296435,1547.9255971444488,0.15030622484972653
333,"(1, 1, 1, 1, 48, 0, 0)",2688,True,2020-11-29,31073.972352388566,11865.01,10229.123654613828,11215.100254331315,9243.14705489634,2020-11-29 03:30:00,2020-11-29 04:30:00,10219.28,8518.659700187174,9408.168213299135,8349.41385345619,2020-11-29 12:00:00,2020-11-29 12:00:00,1178283.9280076986,0.5363668956368699,887.2106313925069,0.09430437088566795
334,"(1, 1, 1, 1, 48, 0, 0)",2688,True,2020-11-30,31211.078038091622,8761.81,9413.879529677146,10423.49598029537,8404.263079058921,2020-11-30 05:30:00,2020-11-30 04:30:00,7968.92,7852.704033323712,8767.010169801959,6938.397896845465,2020-11-30 08:00:00,2020-11-30 12:00:00,176683.10968587265,0.694990065275781,343.6951523086056,0.04414274652573031
335,"(1, 1, 1, 1, 48, 0, 0)",2688,True,2020-12-01,31203.88151793685,11224.11,9546.096257269279,10552.190077111398,8543.686761513627,2020-12-01 04:00:00,2020-12-01 04:30:00,8093.04,7738.152500318202,8647.542791515738,7137.8912476402675,2020-12-01 12:00:00,2020-12-01 12:00:00,591034.6589671358,0.7148793049370439,565.6301767117884,0.060651499390653056
336,"(1, 1, 1, 1, 48, 0, 0)",2688,True,2020-12-02,31264.35630784775,8707.14,9877.917671453146,10897.172382645245,8858.662960261046,2020-12-02 04:30:00,2020-12-02 04:30:00,7949.62,8379.605673288088,9303.850705172727,7455.36064140345,2020-12-02 08:00:00,2020-12-02 12:00:00,364534.018262099,0.11030271939825131,460.1063409857375,0.05718384789155246
337,"(1, 1, 1, 1, 48, 0, 0)",2688,True,2020-12-03,31274.683123572493,8504.07,9431.472535381261,10460.82913935017,8402.115931412352,2020-12-03 05:00:00,2020-12-03 04:30:00,7928.29,8127.304268629552,9059.128634662662,7195.479902596442,2020-12-03 09:00:00,2020-12-03 12:00:00,209950.29355046735,0.5716639443304272,324.47840025642773,0.04051266385692023
338,"(1, 1, 1, 1, 48, 0, 0)",2688,True,2020-12-04,31272.78219318222,9843.4,9442.432267349413,10488.409741269104,8396.454793429722,2020-12-04 04:00:00,2020-12-04 05:00:00,7824.7,7671.514336112657,8608.936257780782,7004.817190219168,2020-12-04 12:00:00,2020-12-04 12:00:00,41264.687174494924,0.9603135898627854,141.91631979113964,0.017184319579896013
339,"(1, 1, 1, 1, 48, 0, 0)",2688,True,2020-12-05,31270.82540168334,8138.07,9448.426773884337,10480.226435045042,8416.627112723632,2020-12-05 05:30:00,2020-12-05 04:30:00,7283.62,8006.833986307016,8940.389286873013,7073.278685741019,2020-12-05 10:30:00,2020-12-05 12:00:00,454164.42618042236,-0.12450011245901882,560.7975813922878,0.0749715723739595
340,"(1, 1, 1, 1, 48, 0, 0)",2688,True,2020-12-06,31288.839506041393,8600.69,9011.210353976065,10047.897792437161,7974.522915514968,2020-12-06 05:30:00,2020-12-06 05:00:00,6796.54,7209.813817391103,8143.1644531230595,6647.8870497884545,2020-12-06 00:00:00,2020-12-06 12:00:00,611488.1672439161,0.28907683644043614,649.5085520555825,0.09968089232415848
341,"(1, 1, 1, 1, 48, 0, 0)",2688,True,2020-12-07,31289.92200754709,9237.17,8864.877639054688,9900.60407587668,7833.174359121302,2020-12-07 05:00:00,2020-12-07 05:30:00,7331.75,6951.073580002791,7878.784096066268,6441.128681794332,2020-12-07 07:30:00,2020-12-07 12:00:00,99285.09768410005,0.8960315722596222,279.82421021006644,0.038647135431261144
342,"(1, 1, 1, 1, 48, 0, 0)",2688,True,2020-12-08,31294.40547331084,7932.34,8912.174326566688,9938.767453662447,7886.581957602891,2020-12-08 05:30:00,2020-12-08 05:00:00,7362.02,7113.73676069313,8027.683955463918,6957.276298396041,2020-12-08 07:00:00,2020-12-08 00:00:00,479871.2283528694,-0.4793470027129234,518.627795296515,0.07449210919322342
343,"(1, 1, 1, 1, 48, 0, 0)",2688,True,2020-12-09,31324.84656879101,8488.24,8861.056352003787,9900.34584115734,7825.699997854553,2020-12-09 05:30:00,2020-12-09 05:00:00,7259.02,7114.043223983028,8020.610843873164,6887.419696739296,2020-12-09 07:00:00,2020-12-09 08:30:00,201056.21854572635,0.614809639443742,349.4522266461624,0.049666770775042605
344,"(1, 1, 1, 1, 48, 0, 0)",2688,True,2020-12-10,31318.669413022344,8552.09,8836.057618881689,9876.095688318825,7796.019549444553,2020-12-10 05:30:00,2020-12-10 05:00:00,7403.88,7200.499430037452,8050.902261766195,6932.036564128285,2020-12-10 07:00:00,2020-12-10 07:30:00,24173.585571203075,0.9521129620201795,124.45365951672778,0.016305892024775146
345,"(1, 1, 1, 1, 48, 0, 0)",2688,True,2020-12-11,31304.66595100636,7741.04,8707.169407169753,9746.108122069516,7668.23069226999,2020-12-11 07:00:00,2020-12-11 05:00:00,7544.77,7397.654279670289,8323.757283472934,6899.280033835107,2020-12-11 07:30:00,2020-12-11 07:30:00,220189.27814150078,0.08730394196468683,335.5114413124275,0.04568339617604055
346,"(1, 1, 1, 1, 48, 0, 0)",2688,True,2020-12-12,31303.91007799165,7544.04,8591.18448479894,9635.833874495936,7546.535095101943,2020-12-12 07:30:00,2020-12-12 05:30:00,7057.86,7392.287801357958,8191.481529079869,6944.38414093742,2020-12-12 00:00:00,2020-12-12 07:30:00,659542.8324978405,-1.6141014996359075,688.122040609845,0.10372822625381291
347,"(1, 1, 1, 1, 48, 0, 0)",2688,True,2020-12-13,31302.288501836538,7679.73,8349.081542923996,9400.590527164255,7297.572558683737,2020-12-13 07:00:00,2020-12-13 05:30:00,6751.07,7228.661655298524,8066.870714306891,6669.5192519065085,2020-12-13 00:00:00,2020-12-13 08:30:00,595464.7981824075,-0.5554216962495255,647.0906274473253,0.10087444407983111
348,"(1, 1, 1, 1, 48, 0, 0)",2688,True,2020-12-14,31300.038719496024,8383.6,8096.902033930378,9160.476553503959,7033.327514356797,2020-12-14 05:30:00,2020-12-14 05:30:00,7885.27,7099.567779981183,7964.130649962897,6549.652113243169,2020-12-14 08:30:00,2020-12-14 08:30:00,207366.89837074932,0.6197706958559539,398.2399418404871,0.0524744064039012
349,"(1, 1, 1, 1, 48, 0, 0)",2688,True,2020-12-15,31308.23052483262,9017.32,8445.417884606666,9496.82250448544,7394.013264727892,2020-12-15 04:30:00,2020-12-15 05:00:00,8130.89,7447.746535976692,8303.54838301817,7033.661987337632,2020-12-15 09:30:00,2020-12-15 08:30:00,252052.49578791927,0.6242206098883643,422.44079040052685,0.051829352030327215
350,"(1, 1, 1, 1, 48, 0, 0)",2688,True,2020-12-16,31320.91517717193,9645.14,8646.028152731444,9704.192452043759,7587.863853419129,2020-12-16 03:00:00,2020-12-16 05:30:00,8748.02,7682.930812216873,8511.192379672259,7302.103474297464,2020-12-16 12:00:00,2020-12-16 07:30:00,729648.2679629632,0.28188010455943224,647.568407225922,0.07403038705689789
351,"(1, 1, 1, 1, 48, 0, 0)",2688,True,2020-12-17,31386.87438662958,10753.58,8836.222615399582,9911.591633380813,7764.253844494531,2020-12-17 04:00:00,2020-12-17 05:30:00,9082.91,7880.223433525214,8737.481334514636,7300.553862964961,2020-12-17 12:00:00,2020-12-17 08:30:00,1695947.524717449,0.19997555938199318,1035.468322212962,0.10752107124622408
352,"(1, 1, 1, 1, 48, 0, 0)",2688,True,2020-12-18,31449.136919189154,9970.53,9212.916540349972,10305.559532678213,8120.273548021731,2020-12-18 02:30:00,2020-12-18 04:30:00,9967.25,8652.26702509409,9637.039462332914,7852.5497300833595,2020-12-18 10:00:00,2020-12-18 12:00:00,349067.40430458187,0.7121892455727754,448.046418667204,0.049838867121992945
353,"(1, 1, 1, 1, 48, 0, 0)",2688,True,2020-12-19,31528.246106122093,7731.91,8764.330579515294,9868.983369420117,7659.6777896104695,2020-12-19 05:30:00,2020-12-19 04:30:00,7412.16,8150.171909855978,9081.320234869141,7241.6157708884075,2020-12-19 09:30:00,2020-12-19 09:30:00,646968.5004741525,-2.0574752029988366,717.8893138671451,0.10033732812794034
354,"(1, 1, 1, 1, 48, 0, 0)",2688,True,2020-12-20,31532.422408485163,7931.83,8430.115481340114,9550.116925614413,7317.746454945085,2020-12-20 05:30:00,2020-12-20 05:00:00,6961.24,7641.159212695386,8564.736797808448,6719.413093609811,2020-12-20 09:30:00,2020-12-20 09:30:00,438421.803753584,-0.13860481898006727,534.8792956802021,0.0782504053321072
355,"(1, 1, 1, 1, 48, 0, 0)",2688,True,2020-12-21,31520.5695680881,8664.85,8303.693394460268,9425.437388273458,7184.981143678777,2020-12-21 05:00:00,2020-12-21 05:00:00,8129.97,7647.15495744862,8618.315132987407,6729.546946562998,2020-12-21 12:00:00,2020-12-21 11:00:00,100175.90811905987,0.8489595008198452,277.01835051357284,0.035379246650488506
356,"(1, 1, 1, 1, 48, 0, 0)",2688,True,2020-12-22,31503.44583698548,8198.66,8810.28857939368,9926.130199381952,7694.839523439049,2020-12-22 05:30:00,2020-12-22 05:30:00,7747.07,7820.761410078957,8734.063245642974,7125.3346470570605,2020-12-22 09:30:00,2020-12-22 09:30:00,166891.1639710629,0.47507023149443306,330.2426065766379,0.043891128812973745
357,"(1, 1, 1, 1, 48, 0, 0)",2688,True,2020-12-23,31514.969434659517,8091.53,8448.463055840431,9559.186440822194,7337.73967085867,2020-12-23 05:30:00,2020-12-23 05:30:00,7112.6,7271.904278551418,8183.608470186302,6829.73795288711,2020-12-23 00:00:00,2020-12-23 09:30:00,245893.527590584,0.3750487021690707,380.6060079512531,0.05535344223505467
358,"(1, 1, 1, 1, 48, 0, 0)",2688,True,2020-12-24,31511.90178452047,8150.75,8587.223558994321,9699.802983257548,7474.644134731094,2020-12-24 05:30:00,2020-12-24 05:30:00,7154.43,7454.4675861848045,8349.427396216757,6972.714249873819,2020-12-24 00:00:00,2020-12-24 09:00:00,300994.10969648085,0.29698286932849915,460.173312893699,0.06696204717690424
359,"(1, 1, 1, 1, 48, 0, 0)",2688,True,2020-12-25,31497.121078513806,6615.29,8144.894182287726,9258.443538650197,7031.344825925255,2020-12-25 10:00:00,2020-12-25 05:30:00,6932.8,7172.741701511988,8065.367915857927,6787.025440588859,2020-12-25 00:00:00,2020-12-25 08:30:00,1423327.587862813,-6.7721738911775144,1035.8890434478137,0.17409443173773376
360,"(1, 1, 1, 1, 48, 0, 0)",2688,True,2020-12-26,31510.49767893466,7264.5,7707.370696221043,8845.901454872674,6577.722864216402,2020-12-26 07:00:00,2020-12-26 05:30:00,6458.33,6865.2489873589275,7787.071542108879,6300.3842552981205,2020-12-26 00:00:00,2020-12-26 09:30:00,375688.93919710186,-0.02053645790974623,528.4462412852116,0.08652818551599965
361,"(1, 1, 1, 1, 48, 0, 0)",2688,True,2020-12-27,31463.325565610136,8598.21,7876.729981215491,9002.591951507731,6750.868010923251,2020-12-27 05:00:00,2020-12-27 05:30:00,6497.69,6427.108089954414,7334.845672260429,6265.071969454474,2020-12-27 00:00:00,2020-12-27 00:00:00,194516.92797412563,0.8336553181767608,363.5852139554379,0.05516558325609927
362,"(1, 1, 1, 1, 48, 0, 0)",2688,True,2020-12-28,31448.8621465071,7766.12,7764.18482022452,8889.208102941639,6639.161537507402,2020-12-28 04:30:00,2020-12-28 05:30:00,6769.06,6791.984349344625,7626.530758946084,6630.411462776368,2020-12-28 00:00:00,2020-12-28 00:00:00,31670.433495212023,0.8890419709966083,148.62412181565688,0.02212721508103041
363,"(1, 1, 1, 1, 48, 0, 0)",2688,True,2020-12-29,31451.519451583332,7690.68,7626.986990311224,8750.023833973291,6503.950146649157,2020-12-29 05:30:00,2020-12-29 05:30:00,7054.28,6884.427516576728,7829.231648501261,6473.060542164378,2020-12-29 08:30:00,2020-12-29 09:30:00,11425.25202834449,0.9665317950752266,87.90362449464065,0.012787255243145437
364,"(1, 1, 1, 1, 48, 0, 0)",2688,True,2020-12-30,31455.7414518127,7757.12,7882.764251198591,9008.489761510704,6757.038740886479,2020-12-30 05:30:00,2020-12-30 05:30:00,7030.01,7030.823344103149,7988.468022646965,6714.298770047898,2020-12-30 10:00:00,2020-12-30 09:30:00,19467.198039510684,0.9405979911934907,122.03507440688257,0.01810573854568999
