,label,value,std_error,z_score,p_value,significance,eval_date
0,ar1,0.9864920663629312,0.0023100182011212213,427.04947774182654,0.0,***,2020-01-01
14,cos_336_1,13.361272092053037,0.480832966362744,27.78776212688627,0.0,***,2020-01-01
13,sin_336_1,12.230681711376763,0.32044898907278474,38.16732811910592,0.0,***,2020-01-01
12,solar_16,0.2244380070174123,0.058579238135601244,3.831357562177156,0.00012743814400750786,***,2020-01-01
11,solar_4,0.08483480511674561,0.053634484391867215,1.5817212765004116,0.11371321336174134,,2020-01-01
9,temp_1,17.911405156280903,0.21883462047933444,81.84904708883738,0.0,***,2020-01-01
8,solar_power,-0.47597371272958355,0.06000913805811685,-7.931687208515124,2.220446049250313e-15,***,2020-01-01
10,temp_9,5.801725359814132,0.3307099084735592,17.54324624439848,0.0,***,2020-01-01
6,pv_capacity,3.433008935022258,0.26859057731766006,12.781568770233008,0.0,***,2020-01-01
5,rainfall,3.0296786328171947,0.5002627117190342,6.056175209234408,1.3939616128055832e-09,***,2020-01-01
4,intercept,4963.431438562258,0.0601337982173233,82539.79601661678,0.0,***,2020-01-01
3,sma1,-0.8781262806069625,0.008953614676685692,-98.07505821012319,0.0,***,2020-01-01
2,sar1,0.9961406256074088,0.0006255318570783884,1592.4698547888306,0.0,***,2020-01-01
1,ma1,0.4399986028853657,0.013667584959400278,32.192856616028855,0.0,***,2020-01-01
7,temperature,9.071986924346334,1.6096953426769594,5.635840946933111,1.7420611175822387e-08,***,2020-01-01
9,temp_1,19.262871442878883,0.19025438186895208,101.24797785812481,0.0,***,2020-01-02
14,cos_336_1,15.094809856374441,0.03857085807141598,391.35271059890874,0.0,***,2020-01-02
13,sin_336_1,13.21533802046508,0.10706677266361059,123.43080576441672,0.0,***,2020-01-02
12,solar_16,0.22368131798952506,0.05577120244758671,4.010695630952888,6.05401139086581e-05,***,2020-01-02
11,solar_4,0.0813516959870007,0.05338233081372295,1.5239442479736702,0.1275226388530799,,2020-01-02
10,temp_9,5.812341930707494,0.2487223321951339,23.368797966028435,0.0,***,2020-01-02
8,solar_power,-0.4649341279678083,0.049457012300997326,-9.400772637420976,0.0,***,2020-01-02
3,sma1,-0.8816070236896025,0.009468222697096254,-93.11219770527542,0.0,***,2020-01-02
6,pv_capacity,-1.5061909209034638,0.152536117963762,-9.874323150542546,0.0,***,2020-01-02
5,rainfall,0.3071989157047028,0.2598583903047351,1.182178167672214,0.23713501352227784,,2020-01-02
4,intercept,7952.848889316323,0.07477842624425571,106352.18322647223,0.0,***,2020-01-02
2,sar1,0.9962147109866858,0.0008366113593292585,1190.7735890478311,0.0,***,2020-01-02
1,ma1,0.4423815771918355,0.011909765395411892,37.14444092763223,0.0,***,2020-01-02
0,ar1,0.9867686729074867,0.0025431105784154955,388.0164241707101,0.0,***,2020-01-02
7,temperature,9.637197059009964,0.32550127400935325,29.607248353605645,0.0,***,2020-01-02
8,solar_power,-0.4705796244429301,0.060845255841460666,-7.734039703425352,1.0436096431476471e-14,***,2020-01-03
14,cos_336_1,15.794379537020506,0.05583025736419638,282.89999514043706,0.0,***,2020-01-03
13,sin_336_1,13.117228563376402,0.0353876699529162,370.6722872918466,0.0,***,2020-01-03
12,solar_16,0.21796869819934647,0.06143794314635491,3.5477863847119773,0.000388483156840147,***,2020-01-03
11,solar_4,0.08224163989722294,0.06460586193756482,1.2729748885124597,0.20302695284928207,,2020-01-03
9,temp_1,19.32505986668866,0.03138548979751821,615.7323014986621,0.0,***,2020-01-03
7,temperature,10.825250741061609,0.05929215232980782,182.5747643777042,0.0,***,2020-01-03
10,temp_9,6.461049447935881,0.019559290943747767,330.33147604981,0.0,***,2020-01-03
5,rainfall,1.5691619682293094,0.02751163183831826,57.036310221474295,0.0,***,2020-01-03
4,intercept,9308.019861136187,0.020701131025441993,449638.227481218,0.0,***,2020-01-03
6,pv_capacity,-3.6120359752869717,0.4396870061202636,-8.215016420792303,2.220446049250313e-16,***,2020-01-03
3,sma1,-0.8829227681773949,0.01030386364934767,-85.6885143499829,0.0,***,2020-01-03
2,sar1,0.9962575514673658,0.0009519164164659877,1046.5809121834411,0.0,***,2020-01-03
1,ma1,0.44320662735757105,0.013581226645402884,32.6337700510721,0.0,***,2020-01-03
0,ar1,0.986698228544916,0.0026605759176856216,370.8588888541184,0.0,***,2020-01-03
13,sin_336_1,12.201607027626851,0.05138170655909525,237.469867093525,0.0,***,2020-01-04
12,solar_16,0.21854073549352016,0.05347819994299916,4.0865387340347334,4.3785641390625685e-05,***,2020-01-04
11,solar_4,0.0866665796288606,0.05039185256922299,1.7198530161161911,0.08545916280247257,.,2020-01-04
10,temp_9,6.433336784331907,0.02780608666661665,231.36433621404277,0.0,***,2020-01-04
9,temp_1,19.35903921105787,0.039037610957087465,495.90737589804127,0.0,***,2020-01-04
8,solar_power,-0.4640859526683734,0.040730044756798825,-11.39419206238182,0.0,***,2020-01-04
7,temperature,10.405607899978577,0.6025035718190904,17.270616120269235,0.0,***,2020-01-04
14,cos_336_1,13.352439272580328,0.2675488456617909,49.906547866250854,0.0,***,2020-01-04
5,rainfall,1.7681136401397453,0.08474002725891831,20.865153072672197,0.0,***,2020-01-04
4,intercept,9004.032419905174,0.11331648921603588,79459.15446373516,0.0,***,2020-01-04
3,sma1,-0.8776129413898095,0.00926186997768151,-94.7554806431756,0.0,***,2020-01-04
2,sar1,0.9960456053712128,0.0006886162117692451,1446.4451872431187,0.0,***,2020-01-04
1,ma1,0.44607810077670157,0.013129888920869925,33.97424787559791,0.0,***,2020-01-04
0,ar1,0.9872618297947654,0.0016168087805675537,610.623743302658,0.0,***,2020-01-04
6,pv_capacity,-2.83267336195604,0.08197263511250023,-34.55632917092936,0.0,***,2020-01-04
14,cos_336_1,17.096503897193386,0.09491758708311444,180.119453334005,0.0,***,2020-01-05
13,sin_336_1,14.144640336220204,0.5919936342632088,23.893230463237202,0.0,***,2020-01-05
12,solar_16,0.23432385119958776,0.07635414474279706,3.068908072887463,0.002148426890887123,**,2020-01-05
11,solar_4,0.08369559207966738,0.06238485125050617,1.341601212505709,0.1797253328515378,,2020-01-05
10,temp_9,6.288776453110855,0.5483033128602509,11.469521167590884,0.0,***,2020-01-05
9,temp_1,22.51856652794307,0.18184241780225668,123.83560887554152,0.0,***,2020-01-05
8,solar_power,-0.4853719894635091,0.11899645211781583,-4.078877822197192,4.525361039386944e-05,***,2020-01-05
7,temperature,12.147698513016394,0.10538976686562145,115.26449743935264,0.0,***,2020-01-05
5,rainfall,2.1085330519526906,0.20450184165286628,10.310582217307566,0.0,***,2020-01-05
4,intercept,9115.04945783986,0.21263206641404492,42867.708580185186,0.0,***,2020-01-05
3,sma1,-0.8716399071269001,0.008757272474724352,-99.53326331259737,0.0,***,2020-01-05
2,sar1,0.995652878367448,0.0006735837322386605,1478.14270255368,0.0,***,2020-01-05
1,ma1,0.45518617752840734,0.013388360719463267,33.998649055420394,0.0,***,2020-01-05
0,ar1,0.9873598567596575,0.0020193718305679827,488.9440576587353,0.0,***,2020-01-05
6,pv_capacity,-2.8107462397324525,1.0093804612543937,-2.7846251712059455,0.005358963249987303,**,2020-01-05
8,solar_power,-0.47721265548808134,0.0582891294464494,-8.18699232635649,2.220446049250313e-16,***,2020-01-06
14,cos_336_1,16.823306978872253,0.7076533432369905,23.773373134814953,0.0,***,2020-01-06
13,sin_336_1,14.278204857426864,0.9180120992389633,15.553395068827054,0.0,***,2020-01-06
12,solar_16,0.23450633531030138,0.06074620567595618,3.860427704098082,0.00011318872722965168,***,2020-01-06
11,solar_4,0.09454084520541811,0.05464483388326973,1.73009667130424,0.08361300486896872,.,2020-01-06
9,temp_1,23.07269802765438,2.747498553056852,8.397710711069827,0.0,***,2020-01-06
7,temperature,12.540831441427827,1.753986850506411,7.149900489736875,8.684164498617974e-13,***,2020-01-06
10,temp_9,6.824736900010683,0.5204824102707036,13.112329572215758,0.0,***,2020-01-06
5,rainfall,1.9000020731418772,0.6603103406597047,2.8774380108050672,0.004009186718306301,**,2020-01-06
0,ar1,0.9872571130085119,0.0038726341139205377,254.93167801722498,0.0,***,2020-01-06
1,ma1,0.4554222050345206,0.011531256505154764,39.49458628649318,0.0,***,2020-01-06
2,sar1,0.9958419706460895,0.0008387543352397704,1187.286823812855,0.0,***,2020-01-06
6,pv_capacity,-6.981902098910268,2.956524240145643,-2.3615237122379655,0.018200007955417208,*,2020-01-06
4,intercept,11835.892611899124,0.11580956708163595,102201.33716203102,0.0,***,2020-01-06
3,sma1,-0.8727882856818141,0.009545451282894489,-91.43499451365452,0.0,***,2020-01-06
14,cos_336_1,15.702231362561259,0.012449195681713897,1261.3048878029615,0.0,***,2020-01-07
13,sin_336_1,14.28124711541843,0.013898499498175815,1027.538772605838,0.0,***,2020-01-07
12,solar_16,0.25396666153484837,0.04224809965519689,6.011315623840331,1.8402372958803426e-09,***,2020-01-07
11,solar_4,0.09859147789323038,0.036115464238718704,2.729896457693387,0.006335422048591832,**,2020-01-07
10,temp_9,7.334790301362334,0.00815329498242727,899.6105644614781,0.0,***,2020-01-07
8,solar_power,-0.4951066387294141,0.006752981178245698,-73.31675087802242,0.0,***,2020-01-07
7,temperature,12.10741111571565,0.019717082865883716,614.0569169420589,0.0,***,2020-01-07
9,temp_1,23.259912280516502,0.023742189919855442,979.6868932071168,0.0,***,2020-01-07
5,rainfall,1.3773221391857078,0.03819799340800025,36.05744742856674,0.0,***,2020-01-07
4,intercept,10647.917393629337,0.017138690839949514,621279.5068809761,0.0,***,2020-01-07
3,sma1,-0.8825181812944677,0.00661119611955215,-133.4884286195174,0.0,***,2020-01-07
2,sar1,0.9962350064800098,0.00016460522342596053,6052.268486656601,0.0,***,2020-01-07
1,ma1,0.46001928603034026,0.012331114138702306,37.30557359667352,0.0,***,2020-01-07
0,ar1,0.9870453955729922,0.00040429526491260996,2441.397367803321,0.0,***,2020-01-07
6,pv_capacity,-4.897776119436685,0.02452901608046869,-199.6727509725331,0.0,***,2020-01-07
9,temp_1,23.629720303394514,0.21003826794555508,112.50197658990254,0.0,***,2020-01-08
14,cos_336_1,14.661782020899773,0.29726869228434755,49.3216487354655,0.0,***,2020-01-08
13,sin_336_1,13.41477077201889,0.09435106227721977,142.17932949820923,0.0,***,2020-01-08
12,solar_16,0.20318762375955063,0.06849513664572758,2.966453294494224,0.003012561137002878,**,2020-01-08
11,solar_4,0.12110196943457124,0.06045880273678487,2.003049414686628,0.045171984790121966,*,2020-01-08
10,temp_9,7.53563317028914,0.08522858551875181,88.41673394463605,0.0,***,2020-01-08
8,solar_power,-0.49194272041204457,0.07224756328745685,-6.8091254296662544,9.81947856359966e-12,***,2020-01-08
2,sar1,0.9963641414772157,0.0007963941262138375,1251.0942869632427,0.0,***,2020-01-08
6,pv_capacity,-3.7843544955162542,0.8175081372788419,-4.629133733289627,3.671985809861056e-06,***,2020-01-08
5,rainfall,2.0191148255962617,0.04579212869433617,44.09305448702578,0.0,***,2020-01-08
4,intercept,9564.703936828988,0.01930711823649688,495397.8019748444,0.0,***,2020-01-08
3,sma1,-0.8839771544897168,0.008876795224425223,-99.58291614719036,0.0,***,2020-01-08
1,ma1,0.4592127149582094,0.01562324022847392,29.392924146508204,0.0,***,2020-01-08
0,ar1,0.9867500546158855,0.0026643495537421943,370.35307669369143,0.0,***,2020-01-08
7,temperature,12.704364007271579,0.21945504883683845,57.8905068468809,0.0,***,2020-01-08
8,solar_power,-0.4947662729994704,0.056931669370057614,-8.690528109820113,0.0,***,2020-01-09
13,sin_336_1,13.117046725207887,0.3196420994305715,41.03666803770635,0.0,***,2020-01-09
12,solar_16,0.20685966884890733,0.05228582920214538,3.956323768896439,7.611198981538614e-05,***,2020-01-09
11,solar_4,0.13489245900118996,0.056313382096090374,2.3953890528367863,0.016602738033332898,*,2020-01-09
10,temp_9,7.616237320966314,0.716700968614716,10.626799257279433,0.0,***,2020-01-09
9,temp_1,23.90683781250017,0.3474385223841338,68.80882882085359,0.0,***,2020-01-09
14,cos_336_1,17.193911686772832,0.13490337582709405,127.45353169523575,0.0,***,2020-01-09
7,temperature,12.325664102383257,0.6217558410045869,19.82396189872276,0.0,***,2020-01-09
5,rainfall,5.763639919546449,0.4466160215671307,12.905134704577808,0.0,***,2020-01-09
4,intercept,6396.742513887023,0.09822898737361103,65120.72133612864,0.0,***,2020-01-09
3,sma1,-0.8885661642341546,0.009979574739766761,-89.03847983555679,0.0,***,2020-01-09
2,sar1,0.9966016749682589,0.0008310483341176629,1199.2102433204038,0.0,***,2020-01-09
1,ma1,0.45885750149023613,0.012593762463427062,36.43529904766602,0.0,***,2020-01-09
0,ar1,0.9865541370000007,0.002429510350632813,406.07118086285726,0.0,***,2020-01-09
6,pv_capacity,0.9224679629789989,0.5144418178208386,1.7931434246277795,0.07294999363384247,.,2020-01-09
13,sin_336_1,14.574035130342983,0.020558923025244574,708.8909819083098,0.0,***,2020-01-10
12,solar_16,0.2072451602937781,0.05487553782762746,3.776640166056634,0.0001589581211087765,***,2020-01-10
11,solar_4,0.16389622846082713,0.05801113020198819,2.8252548759205176,0.004724302001835712,**,2020-01-10
10,temp_9,8.670786683750158,0.040241101068014457,215.470910427998,0.0,***,2020-01-10
9,temp_1,23.846217383923808,0.10232357791902409,233.04714190892554,0.0,***,2020-01-10
8,solar_power,-0.509257243800274,0.05799308458702258,-8.78134431763323,0.0,***,2020-01-10
7,temperature,12.36735074273372,0.2152409813572601,57.45815998769403,0.0,***,2020-01-10
14,cos_336_1,17.15440862801975,0.01816930535803508,944.1422382410173,0.0,***,2020-01-10
5,rainfall,3.5212347922981735,0.019325325043871307,182.20830875053625,0.0,***,2020-01-10
4,intercept,5041.105640064825,0.018744511091829074,268937.69676725764,0.0,***,2020-01-10
3,sma1,-0.893598924544644,0.009087642251857455,-98.3312172485661,0.0,***,2020-01-10
2,sar1,0.9968568465516983,0.00038242087296954286,2606.700933479358,0.0,***,2020-01-10
1,ma1,0.4603238652663585,0.012801243897930251,35.95930746548663,0.0,***,2020-01-10
0,ar1,0.9866662943917184,0.00041817829481098585,2359.4392789747394,0.0,***,2020-01-10
6,pv_capacity,3.320842847944391,0.0728755411183655,45.56868871204168,0.0,***,2020-01-10
14,cos_336_1,15.081602201269542,0.5127001780601487,29.416026845031066,0.0,***,2020-01-11
13,sin_336_1,12.247985232751647,0.9262554828199674,13.22311766021928,0.0,***,2020-01-11
12,solar_16,0.2200751621274552,0.0629594621613351,3.495505751994949,0.0004731642543938097,***,2020-01-11
11,solar_4,0.17521083386875363,0.0551742966169765,3.1755879931751276,0.0014953316307511066,**,2020-01-11
10,temp_9,8.887630136728484,1.0409980953521314,8.537604608894242,0.0,***,2020-01-11
9,temp_1,25.043624586569276,0.21250307256733306,117.85064697657033,0.0,***,2020-01-11
8,solar_power,-0.5200384783970158,0.062148815797458686,-8.367632942384729,0.0,***,2020-01-11
7,temperature,13.785602994703481,0.2562447739119402,53.798572295726004,0.0,***,2020-01-11
5,rainfall,3.6821924952434983,0.19065021019644754,19.31386538440916,0.0,***,2020-01-11
4,intercept,5170.132500896994,0.1284766432765021,40241.808698021865,0.0,***,2020-01-11
3,sma1,-0.8914407184524088,0.006952834971623582,-128.21255244668137,0.0,***,2020-01-11
2,sar1,0.9968249942896177,0.00042080534046564315,2368.8506262458045,0.0,***,2020-01-11
1,ma1,0.46628399828092104,0.012767311253678923,36.52170680389424,0.0,***,2020-01-11
0,ar1,0.9874077383566945,0.002098641361970867,470.4985598060473,0.0,***,2020-01-11
6,pv_capacity,2.646089980097372,0.3063659291341771,8.637024317865585,0.0,***,2020-01-11
9,temp_1,25.707185746578457,0.03834389208344533,670.4375677522139,0.0,***,2020-01-12
14,cos_336_1,13.650335669715208,0.06913655432643895,197.44020804483594,0.0,***,2020-01-12
13,sin_336_1,14.928505493827918,0.11839739902840732,126.08812031627563,0.0,***,2020-01-12
12,solar_16,0.24872124780143656,0.03881616522991517,6.407671812200293,1.4775847212433746e-10,***,2020-01-12
11,solar_4,0.20437050639042265,0.06601823113758573,3.0956677097952374,0.0019637028807839574,**,2020-01-12
10,temp_9,9.828021830888353,0.03624073665180669,271.18714294673157,0.0,***,2020-01-12
8,solar_power,-0.5373209923657196,0.05103595923011885,-10.52828242030219,0.0,***,2020-01-12
3,sma1,-0.8966551028493007,0.005908114362659604,-151.76671401561384,0.0,***,2020-01-12
6,pv_capacity,0.9112451704354498,0.0334736776401153,27.22273842248518,0.0,***,2020-01-12
5,rainfall,3.5714477620194884,0.019446108142063198,183.6587421980964,0.0,***,2020-01-12
4,intercept,6395.576995145356,0.017735304222138492,360612.7594451937,0.0,***,2020-01-12
7,temperature,13.970988095105554,0.026919780598685217,518.9859569579073,0.0,***,2020-01-12
2,sar1,0.9970069514980401,0.0005586979930936317,1784.5185839623243,0.0,***,2020-01-12
1,ma1,0.4666115031984687,0.01485139901304334,31.41869010378511,0.0,***,2020-01-12
0,ar1,0.9874417390226371,0.0008241816607057052,1198.0874922370156,0.0,***,2020-01-12
14,cos_336_1,12.008462248523829,0.13566377540660104,88.51635016446349,0.0,***,2020-01-13
13,sin_336_1,13.24337436993899,0.26243693966616943,50.46307271676429,0.0,***,2020-01-13
12,solar_16,0.23933815182269658,0.04788880629573336,4.99778905209463,5.79913729037429e-07,***,2020-01-13
11,solar_4,0.2217232198553515,0.04829333799885224,4.59117611337243,4.407552165464068e-06,***,2020-01-13
10,temp_9,10.17257427377145,0.07208654035821839,141.11613934059056,0.0,***,2020-01-13
9,temp_1,25.735756253344924,0.02941545214209894,874.9060231684255,0.0,***,2020-01-13
8,solar_power,-0.5327996674655857,0.03345047039671328,-15.928017189197334,0.0,***,2020-01-13
7,temperature,13.585079191765317,0.07711094385806927,176.17576069059757,0.0,***,2020-01-13
6,pv_capacity,-2.328416525689363,0.1055332885802462,-22.06333714237346,0.0,***,2020-01-13
5,rainfall,3.584240006125583,0.05031820134385623,71.23148106253231,0.0,***,2020-01-13
4,intercept,8371.144975972376,0.09632990997247563,86900.78687257432,0.0,***,2020-01-13
3,sma1,-0.892779052489973,0.007275700617787562,-122.70695282696425,0.0,***,2020-01-13
2,sar1,0.9968171023057674,0.00046238116707125276,2155.834132734386,0.0,***,2020-01-13
1,ma1,0.4684689235750609,0.01231362061789996,38.044774815789026,0.0,***,2020-01-13
0,ar1,0.9875614296325623,0.0015496851476056945,637.2658543952438,0.0,***,2020-01-13
13,sin_336_1,14.13811733750118,0.1417467918948707,99.74206222590911,0.0,***,2020-01-14
12,solar_16,0.2375807806842034,0.05697609164472596,4.169832886496265,3.0482307399770647e-05,***,2020-01-14
11,solar_4,0.22096827158500257,0.05990267772651291,3.6887878801318106,0.0002253249757850906,***,2020-01-14
10,temp_9,9.726406396788377,0.10626965411125455,91.52571802488154,0.0,***,2020-01-14
9,temp_1,25.62550813453839,0.4257345612877861,60.19127988346752,0.0,***,2020-01-14
8,solar_power,-0.5306256186576128,0.04625453309892993,-11.47186195832314,0.0,***,2020-01-14
7,temperature,13.575148795662813,0.43360663619894696,31.307520831932738,0.0,***,2020-01-14
14,cos_336_1,13.102904491490442,0.2307643391778175,56.780456365894054,0.0,***,2020-01-14
5,rainfall,3.5684687241446227,0.06373291515565184,55.99098543397117,0.0,***,2020-01-14
4,intercept,8814.70190383469,0.13686661296317315,64403.59495274769,0.0,***,2020-01-14
3,sma1,-0.895693750612208,0.009796122656185489,-91.43349690978472,0.0,***,2020-01-14
2,sar1,0.9969412666057343,0.0007305614679609121,1364.6233894436307,0.0,***,2020-01-14
1,ma1,0.474333966266589,0.013164726153933473,36.03067475314428,0.0,***,2020-01-14
0,ar1,0.9874604976332257,0.0014532843112775252,679.4682155243167,0.0,***,2020-01-14
6,pv_capacity,-2.6056290412811904,0.053493196077976736,-48.70954125610628,0.0,***,2020-01-14
13,sin_336_1,13.621655312416443,0.1056394776305338,128.94474317695102,0.0,***,2020-01-15
12,solar_16,0.23033529788944115,0.05159972214105225,4.463886399616648,8.048624868139953e-06,***,2020-01-15
11,solar_4,0.22202181799333554,0.06052213085740619,3.668440202748849,0.00024403475325063262,***,2020-01-15
10,temp_9,9.697639080266548,0.1706598214331231,56.824383143203896,0.0,***,2020-01-15
9,temp_1,26.482870541290772,0.11908868634770318,222.3793993660216,0.0,***,2020-01-15
8,solar_power,-0.521793764916552,0.042314055833690085,-12.331452389423383,0.0,***,2020-01-15
7,temperature,12.59568510371912,0.25499381520785835,49.39604159987857,0.0,***,2020-01-15
14,cos_336_1,13.452231209769318,0.610187825815305,22.046049823749048,0.0,***,2020-01-15
5,rainfall,3.509314179805642,0.07257069141827403,48.35718264800715,0.0,***,2020-01-15
4,intercept,8674.609523213823,0.029370384565288083,295352.2622058571,0.0,***,2020-01-15
3,sma1,-0.8983203354194794,0.008775941585741173,-102.36170405680882,0.0,***,2020-01-15
2,sar1,0.9970941854291808,0.0005881226902141746,1695.3846570110609,0.0,***,2020-01-15
1,ma1,0.48356030146600004,0.010759450972881592,44.942841664019696,0.0,***,2020-01-15
0,ar1,0.9875151445990108,0.0025022755823037625,394.64683729592974,0.0,***,2020-01-15
6,pv_capacity,-2.2936197755827834,0.0422207683237054,-54.32444426396193,0.0,***,2020-01-15
14,cos_336_1,15.187133134272242,0.06551066639459585,231.8268759898475,0.0,***,2020-01-16
13,sin_336_1,13.485606442388995,0.03526882888832197,382.36615355420207,0.0,***,2020-01-16
12,solar_16,0.2334760529725673,0.04283012068414097,5.451211652994903,5.0027786135942165e-08,***,2020-01-16
11,solar_4,0.22621948049543716,0.03441794884850977,6.572718249165275,4.9404924595819466e-11,***,2020-01-16
10,temp_9,9.285666879142857,0.02564310055995874,362.11170554165614,0.0,***,2020-01-16
9,temp_1,26.4535028314802,0.07756316750239822,341.0575364996829,0.0,***,2020-01-16
8,solar_power,-0.5115323472318956,0.03699361175571916,-13.82758597916067,0.0,***,2020-01-16
7,temperature,12.195773827131461,0.040468499525437504,301.36461618660945,0.0,***,2020-01-16
5,rainfall,3.6400771865173738,0.11853670638132774,30.708438741392005,0.0,***,2020-01-16
4,intercept,6636.947055578623,0.016213113255555193,409356.7318605245,0.0,***,2020-01-16
3,sma1,-0.9001228315254812,0.0072180818268078525,-124.70388298764333,0.0,***,2020-01-16
2,sar1,0.9971659306685934,0.00027671162990522196,3603.6285537045846,0.0,***,2020-01-16
1,ma1,0.48460618966097935,0.012255490076088591,39.54196744906052,0.0,***,2020-01-16
0,ar1,0.9875339634977611,0.0009370941648975554,1053.82575251199,0.0,***,2020-01-16
6,pv_capacity,0.5406575747360876,0.025122027027926683,21.521255993199524,0.0,***,2020-01-16
8,solar_power,-0.47682800666919256,0.05110624144630638,-9.33013254692504,0.0,***,2020-01-17
13,sin_336_1,15.083590583433516,0.03268243728377803,461.5197591435531,0.0,***,2020-01-17
12,solar_16,0.22227963190003375,0.06246557103736916,3.558434321637083,0.0003730720510033425,***,2020-01-17
11,solar_4,0.17921943138192112,0.049029215656578064,3.655359951855072,0.0002568213798661567,***,2020-01-17
10,temp_9,9.145486658658019,0.052277788496722724,174.9401977712073,0.0,***,2020-01-17
9,temp_1,26.592506625979,0.07186924437008681,370.0123308524341,0.0,***,2020-01-17
7,temperature,11.678167958295546,0.027345797020926734,427.05531491214805,0.0,***,2020-01-17
14,cos_336_1,14.97572428644409,0.02172927832080661,689.1956587487889,0.0,***,2020-01-17
5,rainfall,3.3174070902177846,0.031490778337831066,105.34535077630831,0.0,***,2020-01-17
0,ar1,0.9872037781765497,0.00023162110289273998,4262.1495444381335,0.0,***,2020-01-17
1,ma1,0.48222890409552455,0.01357681767580796,35.51855196190716,0.0,***,2020-01-17
6,pv_capacity,5.904337403189174,0.021838301911554055,270.3661405132122,0.0,***,2020-01-17
3,sma1,-0.8939430887435598,0.007871676646910608,-113.56450840678333,0.0,***,2020-01-17
4,intercept,2782.136629318714,0.01999102643452588,139169.2736954103,0.0,***,2020-01-17
2,sar1,0.996744917305143,8.242229892012527e-05,12093.146276726397,0.0,***,2020-01-17
13,sin_336_1,14.811124751228098,0.020632643244125337,717.8491178266856,0.0,***,2020-01-18
12,solar_16,0.2229368256868887,0.0592321393681627,3.7637814211167484,0.00016736318501897607,***,2020-01-18
11,solar_4,0.1870010079246695,0.057350715014868825,3.2606569573925515,0.0011115442845106571,**,2020-01-18
10,temp_9,9.794514131662662,0.027175317546885985,360.41949150231784,0.0,***,2020-01-18
9,temp_1,26.292933060909633,0.07365887573755735,356.95539468440916,0.0,***,2020-01-18
8,solar_power,-0.4818559965996778,0.06211425737713637,-7.757574781487191,8.659739592076221e-15,***,2020-01-18
7,temperature,11.15413907693474,0.03410466161327014,327.05614274720324,0.0,***,2020-01-18
14,cos_336_1,16.01067637403622,0.01927891011696602,830.47621867101,0.0,***,2020-01-18
5,rainfall,2.25031815551921,0.04853746031530776,46.36250312440645,0.0,***,2020-01-18
4,intercept,-1030.597498860668,0.01930806759305623,-53376.52221765074,0.0,***,2020-01-18
3,sma1,-0.8879954359743912,0.009044996405051948,-98.17532215694575,0.0,***,2020-01-18
2,sar1,0.9963734094037723,3.843274482398762e-05,25925.11708354201,0.0,***,2020-01-18
1,ma1,0.4835984970452166,0.012799526516074205,37.782530192651464,0.0,***,2020-01-18
0,ar1,0.987593100490718,5.8797335844764325e-05,16796.5620601951,0.0,***,2020-01-18
6,pv_capacity,11.449833692317384,0.04777188806197276,239.67722769223448,0.0,***,2020-01-18
14,cos_336_1,15.88283929102661,0.022583642195407736,703.2895382241002,0.0,***,2020-01-19
13,sin_336_1,15.294070561045796,0.4265113608036268,35.85853031494617,0.0,***,2020-01-19
12,solar_16,0.22833160275269704,0.05974674094765045,3.8216578700545205,0.00013255751152341233,***,2020-01-19
11,solar_4,0.1965938019828244,0.06093249552400326,3.226419668063321,0.0012534941362709606,**,2020-01-19
10,temp_9,10.01023461471191,0.29370928995924545,34.082117784224366,0.0,***,2020-01-19
9,temp_1,26.600083864022423,0.6994065549641084,38.03236282992439,0.0,***,2020-01-19
8,solar_power,-0.4773303503666715,0.06201472175567436,-7.6970489724562166,1.3988810110276972e-14,***,2020-01-19
7,temperature,10.739109194650098,0.7275552778101207,14.760540569472466,0.0,***,2020-01-19
5,rainfall,1.3203236440884325,0.5439582682628004,2.427251723381379,0.015213695894720214,*,2020-01-19
4,intercept,-1658.0213534501772,0.020379559858523168,-81357.07370327516,0.0,***,2020-01-19
3,sma1,-0.8836858102493341,0.011016898366962027,-80.21185099604541,0.0,***,2020-01-19
2,sar1,0.9960701301299372,0.0009131826693614267,1090.76766735671,0.0,***,2020-01-19
0,ar1,0.9878450365627849,0.0034815361464217527,283.7382681142261,0.0,***,2020-01-19
6,pv_capacity,12.36402872450418,1.0550714841439932,11.718664479436137,0.0,***,2020-01-19
1,ma1,0.48039158654011327,0.012464969020072799,38.539332570062626,0.0,***,2020-01-19
14,cos_336_1,15.125573559032427,1.0615569406388612,14.248480679641759,0.0,***,2020-01-20
8,solar_power,-0.4766803471424656,0.0590129302755939,-8.077557662640034,6.661338147750939e-16,***,2020-01-20
13,sin_336_1,14.329392305949488,0.9461305100495875,15.145259722359523,0.0,***,2020-01-20
12,solar_16,0.2206836690269634,0.059782967082142806,3.6914137888763587,0.00022301098767307792,***,2020-01-20
11,solar_4,0.19775592730909902,0.05787135005022136,3.4171645751738016,0.0006327701518811235,***,2020-01-20
10,temp_9,9.667454683379946,1.2296340591738009,7.8620583182898915,3.774758283725532e-15,***,2020-01-20
9,temp_1,26.908932727417213,0.7426861136407331,36.23190501772884,0.0,***,2020-01-20
7,temperature,10.41283283124254,0.7318103470937215,14.228868001929179,0.0,***,2020-01-20
5,rainfall,0.4963841308107657,1.2652276393080046,0.39232792217711493,0.6948159351127932,,2020-01-20
4,intercept,-63.586831618691505,0.023948324981923248,-2655.1682285374163,0.0,***,2020-01-20
3,sma1,-0.8727857891290861,0.009900976724649745,-88.15148377797662,0.0,***,2020-01-20
2,sar1,0.9953705709889544,0.0005924820248901007,1680.0012982226515,0.0,***,2020-01-20
1,ma1,0.47704955580603614,0.012171391880877996,39.19433048207989,0.0,***,2020-01-20
0,ar1,0.9877752727142113,0.0015287496435634597,646.1327902008488,0.0,***,2020-01-20
6,pv_capacity,10.114872869104781,1.406137253861185,7.1933752137850195,6.321609902215641e-13,***,2020-01-20
13,sin_336_1,15.07353104964966,0.8853443346037302,17.02561417123248,0.0,***,2020-01-21
12,solar_16,0.24733799338105358,0.05689955535929479,4.346923131810552,1.3806057598486632e-05,***,2020-01-21
11,solar_4,0.15949094584692428,0.053324133468839116,2.9909711695573185,0.002780917471775668,**,2020-01-21
10,temp_9,11.188865831314292,0.4626748340633317,24.183000689816513,0.0,***,2020-01-21
9,temp_1,27.932832183070058,0.429958761009638,64.96630541375086,0.0,***,2020-01-21
8,solar_power,-0.3927188831280066,0.04988353791844528,-7.872715118363572,3.552713678800501e-15,***,2020-01-21
7,temperature,9.83366342591205,1.0199101150051217,9.641696146785119,0.0,***,2020-01-21
14,cos_336_1,16.703848559607433,0.03994860599550046,418.13345280405633,0.0,***,2020-01-21
5,rainfall,0.9536956136572599,0.2391542177680782,3.987785047479757,6.669304852313651e-05,***,2020-01-21
4,intercept,-2774.3355430413267,0.021237604457523474,-130633.16762444511,0.0,***,2020-01-21
3,sma1,-0.8776941626368627,0.008735848337388814,-100.47039837910117,0.0,***,2020-01-21
2,sar1,0.9956820229584615,0.0004724537669473116,2107.469751785259,0.0,***,2020-01-21
1,ma1,0.4683634834015484,0.013748082618919565,34.06754937281255,0.0,***,2020-01-21
0,ar1,0.988062989597572,0.001568425260543782,629.9713569105644,0.0,***,2020-01-21
6,pv_capacity,13.75362300348172,0.8044250707780904,17.09745693303461,0.0,***,2020-01-21
14,cos_336_1,15.422953882911097,0.07543160225928189,204.4627638943371,0.0,***,2020-01-22
13,sin_336_1,13.533834866046387,0.07473760627150736,181.0846713083179,0.0,***,2020-01-22
12,solar_16,0.2617988585970217,0.06263194156743201,4.179957575084252,2.9156348544834287e-05,***,2020-01-22
11,solar_4,0.12761918754491214,0.05686486174402447,2.244253896534317,0.02481607005827846,*,2020-01-22
10,temp_9,12.121773554875144,0.06952711595082164,174.34598557847838,0.0,***,2020-01-22
9,temp_1,26.588906771759405,0.24581873798063175,108.16468667191012,0.0,***,2020-01-22
8,solar_power,-0.4208477891461877,0.04476291675398474,-9.401706136781721,0.0,***,2020-01-22
7,temperature,9.753047158439728,0.16987434314121536,57.4133031397925,0.0,***,2020-01-22
5,rainfall,0.4209532167138832,0.1334682770255975,3.153957075756285,0.001610727751819141,**,2020-01-22
4,intercept,-2236.447455499733,0.040156583496986406,-55693.17060221445,0.0,***,2020-01-22
3,sma1,-0.877354183677001,0.00828000281569745,-105.96061416956158,0.0,***,2020-01-22
2,sar1,0.995756202098259,0.00011171601004229962,8913.281110927885,0.0,***,2020-01-22
1,ma1,0.4627572636923738,0.013000764407663661,35.5946196071047,0.0,***,2020-01-22
0,ar1,0.9883121873404913,0.0006660072129732574,1483.9361617847455,0.0,***,2020-01-22
6,pv_capacity,12.799490639778242,0.14181956306352292,90.25193960049909,0.0,***,2020-01-22
8,solar_power,-0.42830870180106473,0.06536493812237401,-6.552575648418725,5.6552984517566074e-11,***,2020-01-23
14,cos_336_1,17.127465732689075,0.07446259738976514,230.01434724385854,0.0,***,2020-01-23
13,sin_336_1,12.734247452719426,0.07570658520091089,168.2052812040743,0.0,***,2020-01-23
12,solar_16,0.2806608633648645,0.05598945049887754,5.012745452297145,5.365886108776863e-07,***,2020-01-23
11,solar_4,0.15929578040942588,0.053851746994629954,2.9580429475261165,0.0030959898562250565,**,2020-01-23
9,temp_1,27.077453369176627,0.43386223211450864,62.41025690853431,0.0,***,2020-01-23
7,temperature,9.31928752774445,0.196915771922391,47.326262577978746,0.0,***,2020-01-23
10,temp_9,12.87848904055979,0.158217105006447,81.39757733549112,0.0,***,2020-01-23
5,rainfall,0.28458706618380347,0.019317718433368526,14.731919153155324,0.0,***,2020-01-23
4,intercept,-5155.776110041393,0.019261597840781356,-267671.25721654284,0.0,***,2020-01-23
6,pv_capacity,12.417041567876254,0.1411240493674917,87.98671540058963,0.0,***,2020-01-23
3,sma1,-0.8913903018533628,0.008878122436977469,-100.4030196903698,0.0,***,2020-01-23
2,sar1,0.9968970858049028,0.00028629892197629207,3482.0148078917814,0.0,***,2020-01-23
1,ma1,0.46633934958149825,0.013945177399608311,33.44090478150509,0.0,***,2020-01-23
0,ar1,0.9917743868399896,0.0017986166805549915,551.4095346507974,0.0,***,2020-01-23
14,cos_336_1,15.938721729862428,0.02252067676045176,707.7372451724981,0.0,***,2020-01-24
13,sin_336_1,14.555703944166074,0.018458605620749774,788.5592359047776,0.0,***,2020-01-24
12,solar_16,0.30496279173680546,0.06176513173902504,4.937458775694975,7.914712998324802e-07,***,2020-01-24
11,solar_4,0.1908473797668655,0.043374382202100555,4.400002261187781,1.0824975016809901e-05,***,2020-01-24
10,temp_9,14.018935100381789,0.040269468267291934,348.1281403402187,0.0,***,2020-01-24
9,temp_1,28.289263876219383,0.01692324003140056,1671.6222084972803,0.0,***,2020-01-24
8,solar_power,-0.4230333090798837,0.048508490433945124,-8.720809600454082,0.0,***,2020-01-24
7,temperature,10.169659372649107,0.019646782071083512,517.6246845847085,0.0,***,2020-01-24
6,pv_capacity,17.83817255743179,0.038304427382143895,465.69479761358565,0.0,***,2020-01-24
5,rainfall,0.331759153692019,0.018856466707807364,17.593919308046026,0.0,***,2020-01-24
4,intercept,-8702.372123623767,0.02100037369255425,-414391.29850861756,0.0,***,2020-01-24
3,sma1,-0.8888653427999539,0.009500068253187702,-93.56410071071852,0.0,***,2020-01-24
2,sar1,0.9966756224481762,2.8786432010811275e-05,34623.10376200344,0.0,***,2020-01-24
1,ma1,0.4706763141728447,0.013125544031432283,35.85956612889315,0.0,***,2020-01-24
0,ar1,0.9930896231353129,0.00015853263305507157,6264.259944451502,0.0,***,2020-01-24
13,sin_336_1,14.29112528693134,0.0249613643844413,572.52981314752,0.0,***,2020-01-25
12,solar_16,0.33044485162663984,0.04996257219432075,6.6138478687893,3.744560217455728e-11,***,2020-01-25
11,solar_4,0.17860030756138917,0.022964264491182825,7.777314515340263,7.327471962526033e-15,***,2020-01-25
10,temp_9,15.73708177516092,0.08019178749038929,196.24306013938093,0.0,***,2020-01-25
9,temp_1,26.380684524717132,0.020347670155508635,1296.496568064094,0.0,***,2020-01-25
8,solar_power,-0.40569468479588267,0.056096964808018464,-7.2320255861310505,4.758415883543421e-13,***,2020-01-25
7,temperature,7.283313206404728,0.12617599128022317,57.723447483993056,0.0,***,2020-01-25
14,cos_336_1,14.577876831692036,0.019297753084144983,755.4183519774231,0.0,***,2020-01-25
5,rainfall,0.39761642905932604,0.022142010399466786,17.957557687214404,0.0,***,2020-01-25
4,intercept,-15904.221687046487,0.03245554430662106,-490030.96471877577,0.0,***,2020-01-25
3,sma1,-0.8930206043782993,0.006867157747520337,-130.04224414398524,0.0,***,2020-01-25
2,sar1,0.9969061745108199,0.00029422945968181233,3388.1929280259737,0.0,***,2020-01-25
1,ma1,0.46787542022738227,0.013270522781691801,35.25674368103039,0.0,***,2020-01-25
0,ar1,0.9971059229226743,0.0005933950641606489,1680.3407765669067,0.0,***,2020-01-25
6,pv_capacity,1.997629098203106,0.02538530531712522,78.69234083450169,0.0,***,2020-01-25
13,sin_336_1,17.006232565749784,0.032611114271512726,521.4857862310303,0.0,***,2020-01-26
12,solar_16,0.33723144391171517,0.05740461664721204,5.8746397695540296,4.2376382403119806e-09,***,2020-01-26
11,solar_4,0.12336918602717806,0.04142154054923236,2.978382367998729,0.0028977423553866455,**,2020-01-26
10,temp_9,13.75216617704746,0.06433855287260691,213.74689922350814,0.0,***,2020-01-26
9,temp_1,27.706667714808557,0.054254440787539146,510.68018235241067,0.0,***,2020-01-26
8,solar_power,-0.35304542783997306,0.05170512758729693,-6.828054475717227,8.607337065313914e-12,***,2020-01-26
7,temperature,11.73261823013172,0.01830736221445827,640.8688533439222,0.0,***,2020-01-26
14,cos_336_1,14.6238091945828,0.05167887410450872,282.97460902514024,0.0,***,2020-01-26
5,rainfall,0.03449599237592338,0.02758347030983544,1.2506037851090528,0.21107906896266826,,2020-01-26
4,intercept,-19971.36291104468,0.030486458724462182,-655089.6282033491,0.0,***,2020-01-26
3,sma1,-0.8953904213635526,0.0064535165541634775,-138.74457651865674,0.0,***,2020-01-26
2,sar1,0.9970687553753456,4.864224725452625e-05,20497.999406936662,0.0,***,2020-01-26
1,ma1,0.4730627402393205,0.01423463310961104,33.233223265860964,0.0,***,2020-01-26
0,ar1,0.994645167644185,0.00045591685200076215,2181.6372070460825,0.0,***,2020-01-26
6,pv_capacity,33.46635602228798,0.01817409220615496,1841.4320584856525,0.0,***,2020-01-26
14,cos_336_1,15.866814954130975,0.15923326531488835,99.64510193742427,0.0,***,2020-01-27
13,sin_336_1,18.862709885804826,0.3787746296385373,49.799295966061436,0.0,***,2020-01-27
12,solar_16,0.32736384951436504,0.06335511118440573,5.167126114916243,2.377208676573872e-07,***,2020-01-27
11,solar_4,0.19330977396359506,0.06550236319909003,2.9511877819742622,0.0031655440035871507,**,2020-01-27
10,temp_9,13.971959209183563,0.08919917016713212,156.63777121473618,0.0,***,2020-01-27
9,temp_1,28.88510093422202,0.0613044169706517,471.1748738765463,0.0,***,2020-01-27
8,solar_power,-0.3705001676428168,0.07361035297176975,-5.0332616634090455,4.822042241059421e-07,***,2020-01-27
7,temperature,11.592550930188736,0.21744315531736275,53.31301835309173,0.0,***,2020-01-27
5,rainfall,0.0583679253804803,0.06879036287956007,0.848489860166494,0.3961652171140404,,2020-01-27
4,intercept,-18746.600607485645,0.16040520480232973,-116870.27631420954,0.0,***,2020-01-27
3,sma1,-0.8929418070790678,0.009282620504940803,-96.19501374679565,0.0,***,2020-01-27
2,sar1,0.9968853568628281,0.0005017114886313016,1986.9693627753868,0.0,***,2020-01-27
1,ma1,0.47145247446393307,0.012821079597096042,36.771667385226785,0.0,***,2020-01-27
0,ar1,0.991190946948544,0.0011816153230437589,838.8440193846718,0.0,***,2020-01-27
6,pv_capacity,39.24004765976815,0.195959999232433,200.24519194463028,0.0,***,2020-01-27
8,solar_power,-0.36931039070856286,0.050574263812396686,-7.302338439932725,2.828848266744899e-13,***,2020-01-28
13,sin_336_1,16.513571833191385,0.019619060220109754,841.710645052447,0.0,***,2020-01-28
12,solar_16,0.339774746683276,0.058040148759690116,5.854132939770399,4.795049690642372e-09,***,2020-01-28
11,solar_4,0.20551470132362468,0.0593600119354278,3.462174191393103,0.0005358302349358635,***,2020-01-28
10,temp_9,13.25304519467727,0.02275081705581437,582.5305158124078,0.0,***,2020-01-28
9,temp_1,29.322958595949345,0.019393804357196683,1511.975580235661,0.0,***,2020-01-28
7,temperature,11.660139745803008,0.021407804788234723,544.6676976525484,0.0,***,2020-01-28
14,cos_336_1,13.067870131372342,0.019751775352570156,661.6048379505245,0.0,***,2020-01-28
5,rainfall,-0.18164989910110307,0.020914342223447475,-8.685422527773875,0.0,***,2020-01-28
0,ar1,0.9924607788143716,0.0013328838759070507,744.5965824584566,0.0,***,2020-01-28
1,ma1,0.47171216274210626,0.011511584923130008,40.97716916410911,0.0,***,2020-01-28
6,pv_capacity,37.96942164998063,0.01996150907669439,1902.1318230048537,0.0,***,2020-01-28
3,sma1,-0.8970416712772462,0.01153467139128173,-77.76915707848067,0.0,***,2020-01-28
4,intercept,-19702.75875802555,0.019300625832163472,-1020835.2272801405,0.0,***,2020-01-28
2,sar1,0.997155518769397,0.0007958635980131872,1252.922638073559,0.0,***,2020-01-28
13,sin_336_1,17.4864439220765,0.028173964522252272,620.6596841656917,0.0,***,2020-01-29
12,solar_16,0.35646570704463415,0.08639551155313427,4.12597484101247,3.6916762752081667e-05,***,2020-01-29
11,solar_4,0.23787517897748017,0.026476807001027086,8.984284961863134,0.0,***,2020-01-29
10,temp_9,14.962870286171363,0.038556180632106564,388.0796811526362,0.0,***,2020-01-29
9,temp_1,29.993546322761574,0.0478902770001315,626.2971985457343,0.0,***,2020-01-29
8,solar_power,-0.39606773260162953,0.05328707211412676,-7.432717109195972,1.0635936575909e-13,***,2020-01-29
7,temperature,12.257633875164174,0.020533545267167108,596.9565272668224,0.0,***,2020-01-29
14,cos_336_1,11.933636054173945,0.018894529574859084,631.5921233653125,0.0,***,2020-01-29
5,rainfall,-0.003914662967872573,0.01896014782658342,-0.2064679560348126,0.8364253928538039,,2020-01-29
4,intercept,-22230.935816934616,0.017000378030578342,-1307673.0280319734,0.0,***,2020-01-29
3,sma1,-0.8939368545159863,0.007594000164493456,-117.7162016266054,0.0,***,2020-01-29
2,sar1,0.996887495709332,7.747904071929326e-05,12866.544118958023,0.0,***,2020-01-29
1,ma1,0.43062216889174554,0.013262452185980888,32.4692721114528,0.0,***,2020-01-29
0,ar1,0.9918540399189927,0.0005838441364916142,1698.833606309993,0.0,***,2020-01-29
6,pv_capacity,43.84622988369574,0.021706019928575113,2020.0032077725093,0.0,***,2020-01-29
14,cos_336_1,11.157329588534196,0.022292288412056337,500.50176017371,0.0,***,2020-01-30
13,sin_336_1,14.96911382001279,0.01899629264482746,788.0018538295556,0.0,***,2020-01-30
12,solar_16,0.33752671525540345,0.04855016893185854,6.952122364993852,3.5982328228101323e-12,***,2020-01-30
11,solar_4,0.2677894529899978,0.07300963697324402,3.667864464086229,0.0002445847691441294,***,2020-01-30
10,temp_9,14.50071254946167,0.1614552907819111,89.81255726731676,0.0,***,2020-01-30
9,temp_1,29.821284370290073,0.08659892350189285,344.3609130965496,0.0,***,2020-01-30
8,solar_power,-0.39917532020420765,0.05938986710082985,-6.7212698005621565,1.8014700842172715e-11,***,2020-01-30
7,temperature,12.71873254397542,0.11286197206450128,112.69280796109597,0.0,***,2020-01-30
5,rainfall,-0.027877849695869372,0.018722128018820026,-1.4890321051028894,0.13647891473859408,,2020-01-30
4,intercept,-24225.92214326167,0.01970778390857623,-1229256.5341514263,0.0,***,2020-01-30
3,sma1,-0.906305707103713,0.006402232223516395,-141.56089242978584,0.0,***,2020-01-30
2,sar1,0.9975718308090876,5.385379846508507e-05,18523.7041627777,0.0,***,2020-01-30
0,ar1,0.9917994255889447,0.0009008601976960075,1100.9471038075815,0.0,***,2020-01-30
6,pv_capacity,47.5181731930943,0.028661843780662884,1657.8896164786545,0.0,***,2020-01-30
1,ma1,0.43096677719038656,0.015114937107559826,28.512641112799336,0.0,***,2020-01-30
14,cos_336_1,12.553529176501556,0.05742222117364754,218.61796565721627,0.0,***,2020-01-31
8,solar_power,-0.39530809579265735,0.033929558530739985,-11.650847016901517,0.0,***,2020-01-31
13,sin_336_1,16.217248366964995,0.1084294236348239,149.56501495002468,0.0,***,2020-01-31
12,solar_16,0.3310946255635785,0.04612249215716836,7.178593568520337,7.043254868221993e-13,***,2020-01-31
11,solar_4,0.28612031503507,0.05974740674309107,4.788832363308483,1.6775454152462288e-06,***,2020-01-31
10,temp_9,14.46317042145786,0.11764021745982849,122.94409797734954,0.0,***,2020-01-31
9,temp_1,30.44638861339531,0.07572086720809727,402.08716217845296,0.0,***,2020-01-31
7,temperature,12.252798111805987,0.05535064302780686,221.36686118805287,0.0,***,2020-01-31
5,rainfall,0.10486752537872235,0.025313993146570322,4.142670212934397,3.4328541180128624e-05,***,2020-01-31
4,intercept,-25733.777092628807,0.06684188006233009,-384994.8126628402,0.0,***,2020-01-31
3,sma1,-0.9000799253410589,0.006929323264538082,-129.89434768433472,0.0,***,2020-01-31
2,sar1,0.9973979911911234,7.257786563663086e-05,13742.45415516498,0.0,***,2020-01-31
1,ma1,0.4319403439457164,0.011353814291439949,38.043632990489535,0.0,***,2020-01-31
0,ar1,0.993767080279538,0.00014062465884160104,7066.805270609848,0.0,***,2020-01-31
6,pv_capacity,45.8576279842855,0.19315922329892452,237.40843021157886,0.0,***,2020-01-31
13,sin_336_1,16.08564287683325,0.019287927163810663,833.9746796127602,0.0,***,2020-02-01
12,solar_16,0.3572799867012968,0.024617906354983645,14.513012664416488,0.0,***,2020-02-01
11,solar_4,0.2912170775706952,0.037741686883344006,7.716058862732334,1.199040866595169e-14,***,2020-02-01
10,temp_9,13.949366068621565,0.01930490618343079,722.5813964635666,0.0,***,2020-02-01
9,temp_1,29.80592884193902,0.019309625917149922,1543.5787813717698,0.0,***,2020-02-01
8,solar_power,-0.3745107303987254,0.04442754813067927,-8.429696126762135,0.0,***,2020-02-01
7,temperature,11.92799347034952,0.01930227719935587,617.95783715859,0.0,***,2020-02-01
14,cos_336_1,9.064424365019956,0.01928860692686332,469.9367040548634,0.0,***,2020-02-01
5,rainfall,0.03748577612077497,0.019285722372000606,1.9437060949916798,0.05193090321535987,.,2020-02-01
4,intercept,-30302.871011523,0.019288092896697667,-1571066.2103204192,0.0,***,2020-02-01
3,sma1,-0.884970482971024,0.008886577616573145,-99.58507325931483,0.0,***,2020-02-01
2,sar1,0.9963428257025749,4.298592172273116e-05,23178.352022534487,0.0,***,2020-02-01
1,ma1,0.4214747265523762,0.010745436110806389,39.22360360306928,0.0,***,2020-02-01
0,ar1,0.9990520292634725,2.884552007455257e-05,34634.56462845449,0.0,***,2020-02-01
6,pv_capacity,54.088835787837525,0.01948153976086566,2776.41482407313,0.0,***,2020-02-01
14,cos_336_1,12.87381843609536,0.1113817444374238,115.5828408068083,0.0,***,2020-02-02
13,sin_336_1,16.128160987642893,0.020996604239874966,768.1318752016891,0.0,***,2020-02-02
12,solar_16,0.36589710685171817,0.057582565917241646,6.354303616438175,2.0937296341116962e-10,***,2020-02-02
11,solar_4,0.3025249689992539,0.03207931550133453,9.430530679080999,0.0,***,2020-02-02
10,temp_9,13.364985144737851,0.10366206048151518,128.92841491532064,0.0,***,2020-02-02
9,temp_1,31.138135294283725,0.05195420205475937,599.3381490387312,0.0,***,2020-02-02
8,solar_power,-0.39970856032326196,0.02553741506279888,-15.65188016642802,0.0,***,2020-02-02
7,temperature,15.610557598555715,0.060418763866858106,258.3726743062129,0.0,***,2020-02-02
5,rainfall,0.07918261607028398,0.0728220735039483,1.087343606962672,0.276884983586529,,2020-02-02
4,intercept,-31456.12267077033,0.03456570044920276,-910038.6296814028,0.0,***,2020-02-02
3,sma1,-0.9026100302432098,0.007127211428609789,-126.64280262824616,0.0,***,2020-02-02
2,sar1,0.9980077037275925,1.5681932815954924e-07,6364060.57493252,0.0,***,2020-02-02
1,ma1,2.3200006195988356,0.064492030684178,35.97344656365438,0.0,***,2020-02-02
0,ar1,0.9993939932452541,4.309417235867868e-08,23190931.361372054,0.0,***,2020-02-02
6,pv_capacity,-4.78931952853236,0.03775656714928574,-126.84732458848451,0.0,***,2020-02-02
8,solar_power,-0.3862194621720789,0.019496725752845712,-19.809452472587964,0.0,***,2020-02-03
13,sin_336_1,19.27288647576647,0.019300489743892646,998.5698151449805,0.0,***,2020-02-03
12,solar_16,0.39853712663101937,0.030812709572707722,12.93417982896326,0.0,***,2020-02-03
11,solar_4,0.3405509320894372,0.025121912863809416,13.55593158592769,0.0,***,2020-02-03
10,temp_9,10.010870807542798,0.02000972863435532,500.30017850191257,0.0,***,2020-02-03
9,temp_1,28.063957076280417,0.019798620723213624,1417.470311119996,0.0,***,2020-02-03
7,temperature,14.917930678238008,0.019291946450914952,773.2724490084048,0.0,***,2020-02-03
14,cos_336_1,9.70120228296689,0.019288973490172105,502.94030876810183,0.0,***,2020-02-03
5,rainfall,-0.8013918279584686,0.019324603780419655,-41.47002634902486,0.0,***,2020-02-03
0,ar1,0.9968937517239234,0.001220238734968891,816.9661584700787,0.0,***,2020-02-03
1,ma1,0.43682336963393387,0.014087891858601955,31.00700757915124,0.0,***,2020-02-03
6,pv_capacity,43.95898906932416,0.02052655868578485,2141.5664331384905,0.0,***,2020-02-03
3,sma1,-0.8867899800643575,0.011247255335213273,-78.84501183928549,0.0,***,2020-02-03
4,intercept,-32208.395501341263,0.01928748681591005,-1669911.4720728097,0.0,***,2020-02-03
2,sar1,0.9971357782946553,0.0004750061034469006,2099.2062440017085,0.0,***,2020-02-03
14,cos_336_1,10.015243429351923,0.5839137528232518,17.15192249014127,0.0,***,2020-02-04
13,sin_336_1,17.63773438085955,0.4172933283210355,42.26699346434397,0.0,***,2020-02-04
12,solar_16,0.3405414304902127,0.14789732125804111,2.302553065826387,0.02130400245714803,*,2020-02-04
11,solar_4,0.35676737758458227,0.07699603074239177,4.633581421596017,3.593933125767279e-06,***,2020-02-04
10,temp_9,13.982458335169504,2.3237044531037316,6.017313568639668,1.7733536861186394e-09,***,2020-02-04
8,solar_power,-0.44903925880147,0.05659354466659144,-7.93446074895798,2.220446049250313e-15,***,2020-02-04
7,temperature,13.693393584154364,2.262890053818193,6.051285417534709,1.4369458956053904e-09,***,2020-02-04
9,temp_1,30.481812891134354,7.798257670319519,3.9087978597000395,9.275653397788908e-05,***,2020-02-04
5,rainfall,-3.521844509483344,5.609895856209302,-0.6277914242534819,0.5301405847252845,,2020-02-04
4,intercept,-32740.414316978648,0.1640167377580655,-199616.29992466207,0.0,***,2020-02-04
3,sma1,-0.8774819831557307,0.03158320586496748,-27.783182837972934,0.0,***,2020-02-04
2,sar1,0.9952781817760983,0.0020173825572478528,493.3512378206905,0.0,***,2020-02-04
1,ma1,0.4386176561491266,0.015553340769311669,28.200864538026718,0.0,***,2020-02-04
0,ar1,0.9994112696191003,0.001164350949937263,858.341954092922,0.0,***,2020-02-04
6,pv_capacity,41.99569039911057,6.186958379620045,6.787776452068136,1.138755756358023e-11,***,2020-02-04
9,temp_1,34.06052816188485,0.01427683607580885,2385.7196357110347,0.0,***,2020-02-05
13,sin_336_1,16.711020915240702,0.019192067323630893,870.7254217821903,0.0,***,2020-02-05
14,cos_336_1,10.242497208154704,0.019138568510136917,535.1757213570949,0.0,***,2020-02-05
12,solar_16,0.30645547294898046,0.05005151676063684,6.122800921589517,9.194454086980386e-10,***,2020-02-05
11,solar_4,0.3902489268719152,,,,,2020-02-05
10,temp_9,12.79837355453747,0.013202072510952303,969.4215468003279,0.0,***,2020-02-05
8,solar_power,-0.46277924822240735,,,,,2020-02-05
1,ma1,0.4349551719229793,0.01069151774912215,40.68226627212887,0.0,***,2020-02-05
6,pv_capacity,40.275532146247315,0.030851621193915334,1305.459181321421,0.0,***,2020-02-05
5,rainfall,-1.7548805295427883,0.0075635291201291265,-232.0187443811717,0.0,***,2020-02-05
4,intercept,-31029.44299998596,0.019342951013359456,-1604173.167711332,0.0,***,2020-02-05
3,sma1,-0.8949867376011835,0.005185458271822723,-172.5954950721433,0.0,***,2020-02-05
2,sar1,0.9970202271089729,,,,,2020-02-05
0,ar1,0.9971635333492744,7.616540332529494e-06,130920.7973455464,0.0,***,2020-02-05
7,temperature,16.876266405010938,0.019297091964332724,874.5497215955515,0.0,***,2020-02-05
14,cos_336_1,12.91326401337669,0.019265093835844484,670.2933358855679,0.0,***,2020-02-06
13,sin_336_1,15.479306393207779,0.01928605217841745,802.6166397356476,0.0,***,2020-02-06
12,solar_16,0.31744378214619917,0.01940749391216557,16.35676319585033,0.0,***,2020-02-06
11,solar_4,0.4050147089895335,0.021556971199911814,18.788108275210313,0.0,***,2020-02-06
10,temp_9,10.423131677447781,0.019424437654342073,536.598889652686,0.0,***,2020-02-06
8,solar_power,-0.4307201670823986,0.020054208815989478,-21.477794064803987,0.0,***,2020-02-06
9,temp_1,28.584403983685704,0.01941206109461586,1472.5074191948574,0.0,***,2020-02-06
7,temperature,16.66889434460245,0.01932971098273931,862.3457618940672,0.0,***,2020-02-06
5,rainfall,-0.2098738436579879,0.019322744708740906,-10.86149234083958,0.0,***,2020-02-06
4,intercept,-29005.858509372476,0.019292025174272177,-1503515.4810006497,0.0,***,2020-02-06
3,sma1,-0.9210408288698793,0.0075784320444046505,-121.53448410874215,0.0,***,2020-02-06
2,sar1,0.9985126826743073,,,,,2020-02-06
1,ma1,0.45257801964212785,0.01356696955547891,33.358814419934916,0.0,***,2020-02-06
0,ar1,0.9969285976940241,,,,,2020-02-06
6,pv_capacity,35.99012186165146,0.0194356398856818,1851.7590402652663,0.0,***,2020-02-06
13,sin_336_1,20.1404091332896,0.17716015173188407,113.684758882857,0.0,***,2020-02-07
12,solar_16,0.35010176426640083,0.06711621457286389,5.216351465804395,1.8248177724444758e-07,***,2020-02-07
11,solar_4,0.41352550125380844,0.04705878136958791,8.787424774264393,0.0,***,2020-02-07
10,temp_9,14.568810858862442,0.6102684424657628,23.872790800058088,0.0,***,2020-02-07
9,temp_1,33.1485533473564,0.14756281551372433,224.6402878120292,0.0,***,2020-02-07
8,solar_power,-0.46078779343072895,0.046651608455160476,-9.877211283585611,0.0,***,2020-02-07
7,temperature,17.29473853586842,0.8163193351037935,21.18624145251861,0.0,***,2020-02-07
14,cos_336_1,10.785774935099004,0.023359297588844127,461.73370128432487,0.0,***,2020-02-07
5,rainfall,0.46495286186473095,0.11864990339274177,3.9186956632041703,8.902944171285121e-05,***,2020-02-07
4,intercept,-30703.070223678475,0.03152073717897623,-974059.3961792516,0.0,***,2020-02-07
3,sma1,-0.9064149709898153,0.0075269063979628995,-120.4233084704135,0.0,***,2020-02-07
2,sar1,0.9971529634403145,0.0002295224631305905,4344.4678566078655,0.0,***,2020-02-07
1,ma1,0.4462934285480837,0.013712426957410586,32.54664035288764,0.0,***,2020-02-07
0,ar1,0.9993283813817256,0.0001826274285369031,5471.9512254414385,0.0,***,2020-02-07
6,pv_capacity,42.04602296169196,1.0077091545576977,41.72436339545485,0.0,***,2020-02-07
14,cos_336_1,11.806969159065735,0.019564504927560806,603.4892885243972,0.0,***,2020-02-08
13,sin_336_1,17.221868327867938,0.01933158634943927,890.8667926451609,0.0,***,2020-02-08
12,solar_16,0.44102015959100854,0.2152600375866577,2.0487786053343324,0.04048376874453097,*,2020-02-08
11,solar_4,0.5115026694357754,0.17595749114217174,2.906967280082931,0.003649513691092343,**,2020-02-08
10,temp_9,10.137540448674653,0.07887512790914906,128.52645336247696,0.0,***,2020-02-08
9,temp_1,28.694687150074742,0.061540819262682886,466.2708019468084,0.0,***,2020-02-08
8,solar_power,-0.47519425407652705,0.02284902903547849,-20.797131175188067,0.0,***,2020-02-08
7,temperature,16.91540551715434,0.02222288758840228,761.1704577033537,0.0,***,2020-02-08
5,rainfall,-0.035149423128132185,0.03137765983777615,-1.1202053725439123,0.2626262550451217,,2020-02-08
4,intercept,-32249.28214323347,0.019306408225459672,-1670392.6368192,0.0,***,2020-02-08
3,sma1,-1.0915180075375375,0.05746011350420618,-18.996099049780618,0.0,***,2020-02-08
2,sar1,0.9976719420423035,0.007607169215281992,131.14890885272894,0.0,***,2020-02-08
1,ma1,0.4510022345610671,0.014926371954101424,30.215127691303582,0.0,***,2020-02-08
0,ar1,0.9993989381553121,0.003069851364977496,325.5528751512171,0.0,***,2020-02-08
6,pv_capacity,42.38217022990921,0.05049414992790628,839.3481282568562,0.0,***,2020-02-08
14,cos_336_1,5.196501587755015,0.9732735945951465,5.339199189839943,9.335802930721115e-08,***,2020-02-09
13,sin_336_1,17.583917718968543,0.4783787962031922,36.757310019860796,0.0,***,2020-02-09
12,solar_16,0.34767804339435726,0.06493003996071847,5.354656236230508,8.57192268277629e-08,***,2020-02-09
11,solar_4,0.432909161335611,0.06502091775457158,6.657998322473285,2.7758240150888014e-11,***,2020-02-09
10,temp_9,16.19822296784524,1.1599292896068993,13.964836574938827,0.0,***,2020-02-09
9,temp_1,35.34894830233806,0.6133990921926582,57.627976226667705,0.0,***,2020-02-09
8,solar_power,-0.45418582994844314,0.06496213987541462,-6.991546627304575,2.7187141427020833e-12,***,2020-02-09
7,temperature,15.161237470230844,0.1753588940379499,86.45833194494121,0.0,***,2020-02-09
5,rainfall,-1.5073181989391742,0.7799264781328109,-1.9326413978760935,0.05328038893689935,.,2020-02-09
0,ar1,0.9981357215657042,6.501042124178627e-05,15353.47260485277,0.0,***,2020-02-09
1,ma1,0.44723138005513885,0.012704410264950259,35.20284458138049,0.0,***,2020-02-09
6,pv_capacity,30.059373514601248,2.648801599583208,11.348291815940886,0.0,***,2020-02-09
3,sma1,-0.9156516199480691,0.008351455005204221,-109.63977167780698,0.0,***,2020-02-09
4,intercept,-31115.760611856153,0.5795257213811507,-53691.76805077733,0.0,***,2020-02-09
2,sar1,0.9976854770079973,0.00024566988725274654,4061.08167413116,0.0,***,2020-02-09
13,sin_336_1,20.478182380029605,0.01933291454936687,1059.2392744372958,0.0,***,2020-02-10
12,solar_16,0.3562690875912931,0.024410612185744213,14.594844442260817,0.0,***,2020-02-10
11,solar_4,0.42129264691170293,0.03308157634450891,12.734962884609692,0.0,***,2020-02-10
10,temp_9,13.466356858267496,0.01956086879831441,688.4334738459016,0.0,***,2020-02-10
9,temp_1,29.35359055543948,0.01963611391873421,1494.877788798838,0.0,***,2020-02-10
8,solar_power,-0.44758703344493256,0.0194835291584738,-22.972585192568538,0.0,***,2020-02-10
7,temperature,17.023965714221504,0.019278072633516267,883.0740519477117,0.0,***,2020-02-10
14,cos_336_1,9.972499810685761,0.019274319035971234,517.3982952172944,0.0,***,2020-02-10
5,rainfall,0.9473851521106553,0.019397363501810073,48.84092376895704,0.0,***,2020-02-10
4,intercept,-30820.423908195702,0.019289849288280404,-1597753.4841042396,0.0,***,2020-02-10
3,sma1,-0.9041747674559528,0.007316607712806686,-123.57841269435873,0.0,***,2020-02-10
2,sar1,0.9967725920921637,6.639219771803128e-05,15013.39956127786,0.0,***,2020-02-10
1,ma1,0.45431038070007107,0.013113856272130279,34.643538199025166,0.0,***,2020-02-10
0,ar1,0.9974785022561534,0.00014223582779505282,7012.849840431323,0.0,***,2020-02-10
6,pv_capacity,38.28609575296559,0.0208696769457732,1834.5322667162702,0.0,***,2020-02-10
14,cos_336_1,9.079592583442546,0.06487055770349712,139.96476837678046,0.0,***,2020-02-11
13,sin_336_1,19.257579469483506,0.27696611937341714,69.53045200275794,0.0,***,2020-02-11
12,solar_16,0.3546717925270938,0.08300637769143963,4.272825804367931,1.930112390136074e-05,***,2020-02-11
11,solar_4,0.40072198041596385,0.07280340878354359,5.50416508116228,3.70921868775298e-08,***,2020-02-11
10,temp_9,14.126029362193968,1.5331677170352433,9.213623014127977,0.0,***,2020-02-11
9,temp_1,30.59537319480907,2.0489982058031004,14.931869197424348,0.0,***,2020-02-11
8,solar_power,-0.46400429698206835,0.07232318871767733,-6.415705739875042,1.4017187410786391e-10,***,2020-02-11
7,temperature,18.617665191144624,0.5285436604607214,35.22446031216411,0.0,***,2020-02-11
5,rainfall,-0.5983028832997661,0.1797651755208772,-3.3282468729894887,0.0008739438412279643,***,2020-02-11
4,intercept,-32111.787259081546,0.023708557511128645,-1354438.6765836969,0.0,***,2020-02-11
3,sma1,-0.9103824251984576,0.016982242099546775,-53.60790523783394,0.0,***,2020-02-11
2,sar1,0.9973463344487343,0.0010085429126340604,988.8982629840872,0.0,***,2020-02-11
0,ar1,0.9973762950414391,0.0022703944446577033,439.2964832116689,0.0,***,2020-02-11
6,pv_capacity,43.96694436497637,1.8892878426131736,23.271702370223995,0.0,***,2020-02-11
1,ma1,0.45523596687634366,0.014164146745580584,32.140020507651386,0.0,***,2020-02-11
14,cos_336_1,8.133283971930803,0.02008559207843325,404.93125321726785,0.0,***,2020-02-12
8,solar_power,-0.44722469502724493,0.0638680399917131,-7.002323777045177,2.517541730640005e-12,***,2020-02-12
13,sin_336_1,16.137615560037727,0.02398958746258969,672.6924998274089,0.0,***,2020-02-12
12,solar_16,0.3437366532607904,0.06778067359164316,5.071307720128212,3.95091322102914e-07,***,2020-02-12
11,solar_4,0.37834914244396206,0.06509248482085186,5.8124857805821675,6.155191467627219e-09,***,2020-02-12
10,temp_9,14.811492965616146,0.05014300346028338,295.3850376622901,0.0,***,2020-02-12
9,temp_1,32.10381547177441,0.16433170285202797,195.35984179925526,0.0,***,2020-02-12
7,temperature,17.364910583083656,0.3035524482598803,57.20563508094996,0.0,***,2020-02-12
5,rainfall,-0.04263079646807455,0.023451772518794333,-1.8178070094237047,0.0690936349378255,.,2020-02-12
4,intercept,-30539.200306674076,0.024913706336063848,-1225799.160298644,0.0,***,2020-02-12
3,sma1,-0.8875006170177794,0.007478560071758692,-118.67266004444498,0.0,***,2020-02-12
2,sar1,0.9952687433227301,0.0002538896032276888,3920.084677237337,0.0,***,2020-02-12
1,ma1,0.4520751638353846,0.01233438881335916,36.651606388939996,0.0,***,2020-02-12
0,ar1,0.9976979985174956,0.00022882786938823523,4360.037093317404,0.0,***,2020-02-12
6,pv_capacity,38.11029145017892,0.360888847379069,105.60118919426951,0.0,***,2020-02-12
13,sin_336_1,16.501551526697178,0.13295972040300122,124.10940303334677,0.0,***,2020-02-13
12,solar_16,0.33300804039343035,0.05464379026522152,6.094160723059798,1.100130875286709e-09,***,2020-02-13
11,solar_4,0.3867864593961402,0.06465245143000219,5.982549011539115,2.1967236918385424e-09,***,2020-02-13
10,temp_9,13.792811653926744,1.222347565009812,11.283870519933524,0.0,***,2020-02-13
9,temp_1,30.093942490017298,0.8808962156269581,34.16286953690522,0.0,***,2020-02-13
8,solar_power,-0.44649918679510847,0.06231267453699404,-7.165463368612578,7.751577157932843e-13,***,2020-02-13
7,temperature,18.144107259985503,0.7591616660203598,23.900188948026916,0.0,***,2020-02-13
14,cos_336_1,10.016116117349886,0.1290289840329932,77.62686959380171,0.0,***,2020-02-13
5,rainfall,0.4769241556950874,0.30275717704221744,1.575269529047642,0.11519424423776714,,2020-02-13
4,intercept,-31745.78581431781,0.07041775034909326,-450820.78960119165,0.0,***,2020-02-13
3,sma1,-0.9212402033464003,0.007232724937851051,-127.3711099568117,0.0,***,2020-02-13
2,sar1,0.9980218226979876,0.00020889368290902036,4777.6543972019335,0.0,***,2020-02-13
1,ma1,0.4569947965063333,0.012145792533166222,37.62577001528955,0.0,***,2020-02-13
0,ar1,0.9982733824389577,0.00019327179344752645,5165.127122960083,0.0,***,2020-02-13
6,pv_capacity,35.24483585207872,1.970953640658086,17.88212321437999,0.0,***,2020-02-13
14,cos_336_1,10.950660503571953,0.019273969661869263,568.1580232657643,0.0,***,2020-02-14
13,sin_336_1,18.870989841721563,0.01930615645898876,977.4596969525444,0.0,***,2020-02-14
12,solar_16,0.33984473232546175,0.023688708693795853,14.3462751270384,0.0,***,2020-02-14
11,solar_4,0.3931606657079331,0.021187814953063162,18.55597977322778,0.0,***,2020-02-14
10,temp_9,11.255282456374065,0.019556895699283077,575.5147764471978,0.0,***,2020-02-14
9,temp_1,28.49296278478957,0.01936256607873515,1471.5488984738356,0.0,***,2020-02-14
8,solar_power,-0.3807692968523497,0.019300966312060425,-19.727991370795863,0.0,***,2020-02-14
7,temperature,16.2412498268568,0.01928571781830485,842.1387256553957,0.0,***,2020-02-14
5,rainfall,0.21630061677569756,0.01929177616323204,11.212063365525786,0.0,***,2020-02-14
4,intercept,-34253.30396950569,0.019280394776436047,-1776587.2725474017,0.0,***,2020-02-14
3,sma1,-0.9027975673941447,0.006138632854808945,-147.06818093655855,0.0,***,2020-02-14
2,sar1,0.9970704858686319,1.6200023655233355e-05,61547.470984496504,0.0,***,2020-02-14
1,ma1,0.4500667591512873,0.01390889676275793,32.35819251720765,0.0,***,2020-02-14
0,ar1,0.997324463648435,4.0859428590030493e-05,24408.673788741562,0.0,***,2020-02-14
6,pv_capacity,44.97701808385773,0.020083813658740745,2239.466012187537,0.0,***,2020-02-14
8,solar_power,-0.38375236399363644,0.031042417042840945,-12.362193429204575,0.0,***,2020-02-15
14,cos_336_1,11.625190092892753,0.03889028180819601,298.9227527387775,0.0,***,2020-02-15
13,sin_336_1,17.89708614391978,0.10222908079742599,175.06844436353776,0.0,***,2020-02-15
12,solar_16,0.3507016731017345,0.06491581051910722,5.402407676917313,6.575230138139432e-08,***,2020-02-15
11,solar_4,0.3693141866170226,0.060532532082449846,6.101086042691705,1.0535017302970573e-09,***,2020-02-15
9,temp_1,31.755715063631683,0.16175173095682843,196.32380362042178,0.0,***,2020-02-15
7,temperature,16.416607145532453,0.2541788700961172,64.58682871367138,0.0,***,2020-02-15
10,temp_9,15.648455041239117,0.8719434030948623,17.946640786198664,0.0,***,2020-02-15
5,rainfall,-0.7758224692834119,0.154323557867495,-5.027245872270177,4.975742191604127e-07,***,2020-02-15
0,ar1,0.9973821771439592,0.00030112847393722357,3312.1483468610277,0.0,***,2020-02-15
1,ma1,0.4417743418690657,0.014392527440492846,30.6947020733933,0.0,***,2020-02-15
2,sar1,0.9965250426628347,0.0001999987150501701,4982.657225636946,0.0,***,2020-02-15
6,pv_capacity,47.76838833446345,1.1480332453094098,41.608889402492224,0.0,***,2020-02-15
4,intercept,-33461.426772059975,0.028921749420558997,-1156964.1339978538,0.0,***,2020-02-15
3,sma1,-0.8956832706208487,0.007522679144294479,-119.06439892497251,0.0,***,2020-02-15
14,cos_336_1,14.035881104232432,0.019306519991514816,727.0021272814147,0.0,***,2020-02-16
13,sin_336_1,16.712837216761052,0.01955531713167464,854.6441412443528,0.0,***,2020-02-16
12,solar_16,0.3271540897971453,0.0392458699886325,8.336013187933021,0.0,***,2020-02-16
11,solar_4,0.37291296398999135,0.02265417527021563,16.461114101128867,0.0,***,2020-02-16
10,temp_9,11.430775140101773,0.019304480467450747,592.1306796821175,0.0,***,2020-02-16
8,solar_power,-0.4420047469759254,0.04087396126094259,-10.813846599162051,0.0,***,2020-02-16
7,temperature,15.815038141886816,0.01957120179183874,808.0770056993507,0.0,***,2020-02-16
9,temp_1,28.817009963674067,0.019370825627168842,1487.6500629511804,0.0,***,2020-02-16
5,rainfall,0.24118998777339584,0.019271892877039946,12.515116668209773,0.0,***,2020-02-16
4,intercept,-30776.599017128192,0.019312334843084134,-1593623.9334701407,0.0,***,2020-02-16
3,sma1,-0.9049807410094459,0.006308494689206438,-143.45430813436823,0.0,***,2020-02-16
2,sar1,0.9975362473088676,0.00016108665043316624,6192.544476072141,0.0,***,2020-02-16
1,ma1,0.4482668436104326,0.012679551618515467,35.3535248798424,0.0,***,2020-02-16
0,ar1,0.9971447287553928,9.029171058800095e-05,11043.591070118739,0.0,***,2020-02-16
6,pv_capacity,39.50787921105439,0.020897469422134232,1890.5580581545598,0.0,***,2020-02-16
9,temp_1,29.149390833538902,0.019253831611372358,1513.9527249382243,0.0,***,2020-02-17
14,cos_336_1,13.686977389221983,0.02033521386186672,673.067786854618,0.0,***,2020-02-17
13,sin_336_1,16.42729626477624,0.019199362823844993,855.616741841769,0.0,***,2020-02-17
12,solar_16,0.314261851080844,0.028854451198604223,10.891278053350943,0.0,***,2020-02-17
11,solar_4,0.3462142434980977,0.037657112529042025,9.193860608167697,0.0,***,2020-02-17
10,temp_9,12.319662184661023,0.01984840398668438,620.6877990253456,0.0,***,2020-02-17
8,solar_power,-0.4273103829441425,0.05773824670379796,-7.400820207379703,1.354472090042691e-13,***,2020-02-17
2,sar1,0.9954731505522694,0.00011363857411119515,8759.993323906023,0.0,***,2020-02-17
6,pv_capacity,38.31838000261541,0.041222002490876465,929.561343146692,0.0,***,2020-02-17
5,rainfall,0.4884412950168553,0.03146919293544602,15.521252674601918,0.0,***,2020-02-17
4,intercept,-28402.398821532614,0.019007059285925516,-1494307.8986744797,0.0,***,2020-02-17
3,sma1,-0.8831898514400831,0.008294969295203987,-106.47295005066852,0.0,***,2020-02-17
1,ma1,0.4438127015436578,0.012445163492181516,35.66146011842081,0.0,***,2020-02-17
0,ar1,0.9974390803344562,4.775995571036853e-05,20884.42222147864,0.0,***,2020-02-17
7,temperature,15.414854751929397,0.020009604711088053,770.3727771987151,0.0,***,2020-02-17
10,temp_9,10.920204028434451,0.020481860599017705,533.1646495513291,0.0,***,2020-02-18
11,solar_4,0.34563708284557454,0.03145703543911793,10.987592378643622,0.0,***,2020-02-18
9,temp_1,25.964214649443534,0.019902151624612487,1304.5933494614846,0.0,***,2020-02-18
13,sin_336_1,14.585123562866823,0.01928754718138388,756.1937982940733,0.0,***,2020-02-18
14,cos_336_1,12.200571111510605,0.019292308754546503,632.4059637826069,0.0,***,2020-02-18
12,solar_16,0.31097872859864084,0.034687925724714894,8.965042506911008,0.0,***,2020-02-18
8,solar_power,-0.44209879632020943,0.03223169777669401,-13.716273941978965,0.0,***,2020-02-18
7,temperature,16.244598925346054,0.01946370171148518,834.6099403979464,0.0,***,2020-02-18
6,pv_capacity,45.11505335489619,0.021924943720777596,2057.704408706967,0.0,***,2020-02-18
5,rainfall,0.24603000415027054,0.019463576782785947,12.640534003383456,0.0,***,2020-02-18
4,intercept,-31847.699625897985,0.019288183474402525,-1651150.8026747713,0.0,***,2020-02-18
3,sma1,-0.8895967143567339,0.008408904620397692,-105.79222318669387,0.0,***,2020-02-18
2,sar1,0.9961919024553354,0.0004558781312411024,2185.215377064171,0.0,***,2020-02-18
1,ma1,0.44512237752836276,0.01336778689412789,33.29813536479199,0.0,***,2020-02-18
0,ar1,0.9973505782097242,0.00021416579502426067,4656.908812617554,0.0,***,2020-02-18
14,cos_336_1,10.376761078679163,0.08847194119957819,117.28872383698344,0.0,***,2020-02-19
13,sin_336_1,13.874586157287364,0.0292149633195185,474.91369424440666,0.0,***,2020-02-19
11,solar_4,0.3709736247476359,0.06264792413099722,5.921562923169292,3.188962427458364e-09,***,2020-02-19
10,temp_9,17.15471788389992,0.7393026055684608,23.203919145813643,0.0,***,2020-02-19
9,temp_1,28.780998842875164,0.2199212085643708,130.86959202686893,0.0,***,2020-02-19
8,solar_power,-0.4515980380334099,0.042603092524358024,-10.600123401258063,0.0,***,2020-02-19
7,temperature,17.351912185853053,0.0767829947566125,225.98639504561285,0.0,***,2020-02-19
12,solar_16,0.3248473254760661,0.062204441997849164,5.22225286559597,1.767593713619675e-07,***,2020-02-19
5,rainfall,-0.570908183618485,0.09871602042900565,-5.783338723921407,7.323239570311557e-09,***,2020-02-19
4,intercept,-31653.43077490217,0.019349836127254372,-1635850.0695681914,0.0,***,2020-02-19
3,sma1,-0.8945848376198934,0.011671499213024319,-76.64695180046957,0.0,***,2020-02-19
2,sar1,0.9963571176904102,0.0008019118118210076,1242.4771689393747,0.0,***,2020-02-19
1,ma1,0.44028612400252504,0.012349963159010303,35.65080464886249,0.0,***,2020-02-19
0,ar1,0.9974528130339809,0.0008137111050252632,1225.8070547077186,0.0,***,2020-02-19
6,pv_capacity,40.02376754256238,1.1189553811789696,35.76886819239564,0.0,***,2020-02-19
14,cos_336_1,10.735250891844448,0.26310322534395303,40.80242983646563,0.0,***,2020-02-20
13,sin_336_1,12.914225799518233,0.020148944237836773,640.9380882233623,0.0,***,2020-02-20
12,solar_16,0.3149409932963566,0.060960499952200195,5.166312506349281,2.3875747134916026e-07,***,2020-02-20
11,solar_4,0.3591376719362059,0.05576545577617131,6.440145910000185,1.1935874510982103e-10,***,2020-02-20
10,temp_9,19.322010607877463,1.0207009623238916,18.930138523516106,0.0,***,2020-02-20
9,temp_1,28.50920136856044,0.28033250362517864,101.69780885158772,0.0,***,2020-02-20
8,solar_power,-0.45769198586548043,0.06091909422860022,-7.5131121311157605,5.773159728050814e-14,***,2020-02-20
4,intercept,-24429.827348520546,0.04787529420968707,-510280.4641057939,0.0,***,2020-02-20
6,pv_capacity,23.37373240380748,2.6453915637882184,8.835641847415639,0.0,***,2020-02-20
5,rainfall,0.07092747911156039,0.18831180542135434,0.3766491375984508,0.7064343659431718,,2020-02-20
3,sma1,-0.8937067012416271,0.007796972520336484,-114.62227151764523,0.0,***,2020-02-20
2,sar1,0.9967782395058054,0.00025345205491142007,3932.8078829511687,0.0,***,2020-02-20
1,ma1,0.43491874785445,0.012540464934674273,34.68122993206604,0.0,***,2020-02-20
0,ar1,0.9971488012973013,0.00013889409338426826,7179.20234763736,0.0,***,2020-02-20
7,temperature,17.846595056849765,0.2401723380811223,74.30745438644884,0.0,***,2020-02-20
10,temp_9,13.921583668636353,1.920166664194092,7.250195479505079,4.1611158962950867e-13,***,2020-02-21
11,solar_4,0.35721566605542676,0.06970969054082064,5.124332977009103,2.9859289929490274e-07,***,2020-02-21
9,temp_1,26.429721763384407,0.15445463333549747,171.11640610984642,0.0,***,2020-02-21
13,sin_336_1,12.371092005995187,0.021816391583131364,567.0549118471375,0.0,***,2020-02-21
14,cos_336_1,12.281456196034393,0.14520052250427462,84.58272728097678,0.0,***,2020-02-21
12,solar_16,0.31476198141998724,0.0716498938272816,4.393055796827122,1.1176842666937858e-05,***,2020-02-21
8,solar_power,-0.45414687980901647,0.06939716718134231,-6.5441702918835505,5.982658812797581e-11,***,2020-02-21
2,sar1,0.995590807213001,0.001307896430300794,761.2153257303654,0.0,***,2020-02-21
6,pv_capacity,26.441754709497218,1.433458263775454,18.4461280650437,0.0,***,2020-02-21
5,rainfall,0.392091771583182,0.09279069639535842,4.225550478817133,2.3835738430788567e-05,***,2020-02-21
4,intercept,-19355.255867398304,0.02417542420948073,-800617.0108819795,0.0,***,2020-02-21
3,sma1,-0.8800901959314388,0.014738968600066259,-59.71178986889777,0.0,***,2020-02-21
7,temperature,17.619539692763055,0.0995207733269016,177.04383822347464,0.0,***,2020-02-21
1,ma1,0.4377190276015316,0.014370125583430909,30.46034810622893,0.0,***,2020-02-21
0,ar1,0.9961455709105997,0.0014138525469357703,704.5611461177737,0.0,***,2020-02-21
14,cos_336_1,14.481730103369337,0.4886263634896409,29.637635595313835,0.0,***,2020-02-22
13,sin_336_1,12.539039801923188,0.019772685039936864,634.1596893187161,0.0,***,2020-02-22
12,solar_16,0.3219896230605936,0.06706007329627006,4.80151015699088,1.5747352002382087e-06,***,2020-02-22
11,solar_4,0.366162247944294,0.06219634534436286,5.887198772161955,3.927961955696446e-09,***,2020-02-22
10,temp_9,14.054533075290012,0.23096278815819307,60.85193717727228,0.0,***,2020-02-22
9,temp_1,26.41970066651269,0.4314681774258165,61.23209554905147,0.0,***,2020-02-22
8,solar_power,-0.45938521635281404,0.07044443785667401,-6.521241851450039,6.972755706158296e-11,***,2020-02-22
7,temperature,17.58539085257962,0.8635549173951713,20.363951959910352,0.0,***,2020-02-22
6,pv_capacity,24.39527708687001,2.7757260442054728,8.788791364261938,0.0,***,2020-02-22
5,rainfall,0.16939148030678552,0.30797206624189666,0.5500222223847308,0.5823041316092656,,2020-02-22
4,intercept,-15997.22990417695,0.13927028227341215,-114864.63330900388,0.0,***,2020-02-22
3,sma1,-0.8811649413423989,0.012887752143087731,-68.37227559617574,0.0,***,2020-02-22
2,sar1,0.9959945616798281,0.001027685817027091,969.1625058727191,0.0,***,2020-02-22
1,ma1,0.4354411016678318,0.014430464358288549,30.175127484218745,0.0,***,2020-02-22
0,ar1,0.9950766230716663,0.0006382109746106568,1559.165640607664,0.0,***,2020-02-22
13,sin_336_1,13.740787302691137,0.07610299765357455,180.55513877705624,0.0,***,2020-02-23
12,solar_16,0.31718660135437926,0.050674604840140046,6.259281199231601,3.8675596059079e-10,***,2020-02-23
11,solar_4,0.37498991678681026,0.07665429318109156,4.891962357554028,9.98355416559349e-07,***,2020-02-23
10,temp_9,13.621595864181735,0.0214834459404709,634.050789706931,0.0,***,2020-02-23
9,temp_1,26.752445899712825,0.04765847813846435,561.3365542640225,0.0,***,2020-02-23
8,solar_power,-0.438412281915177,0.044994787556935055,-9.743623777763663,0.0,***,2020-02-23
7,temperature,17.472169232624083,0.07379382895791145,236.77005895153363,0.0,***,2020-02-23
14,cos_336_1,12.992012781215585,0.0320605107248318,405.23411784432034,0.0,***,2020-02-23
5,rainfall,0.16986372059773203,0.04822331377542465,3.5224398179848273,0.00042759411250159474,***,2020-02-23
4,intercept,-11622.19895316571,0.011517861142347584,-1009058.7835300867,0.0,***,2020-02-23
3,sma1,-0.8766826804811816,0.0082130638076779,-106.74246554149788,0.0,***,2020-02-23
2,sar1,0.9951694750684592,2.7612237241633022e-05,36040.88529153908,0.0,***,2020-02-23
1,ma1,0.43643399925578846,0.013983602507727521,31.210412267840805,0.0,***,2020-02-23
0,ar1,0.9940219506826579,6.641258174788526e-05,14967.374020425128,0.0,***,2020-02-23
6,pv_capacity,19.34837551009332,0.11128270876265198,173.86686328206008,0.0,***,2020-02-23
13,sin_336_1,12.73309014059476,0.15804084599509746,80.56834965936432,0.0,***,2020-02-24
12,solar_16,0.3077545718199432,0.0599402491357349,5.13435590037392,2.831119099155899e-07,***,2020-02-24
11,solar_4,0.37499828285264125,0.063962470145546,5.862786130669066,4.551643284500528e-09,***,2020-02-24
10,temp_9,13.913294294622252,0.5127921348294135,27.13242530377475,0.0,***,2020-02-24
9,temp_1,26.76097464354805,0.5295398228012349,50.53628356406521,0.0,***,2020-02-24
8,solar_power,-0.3959435972334404,0.06330409036710885,-6.254628965321368,3.9846215216243763e-10,***,2020-02-24
7,temperature,16.945541469613886,0.8268227448409675,20.494769375113428,0.0,***,2020-02-24
14,cos_336_1,10.68504075789034,0.9070546824207167,11.779930102311434,0.0,***,2020-02-24
5,rainfall,0.15833605734997036,0.31287798938075856,0.5060632665894642,0.6128122366748239,,2020-02-24
4,intercept,-7137.3985242042145,0.02958669962722127,-241236.72508702,0.0,***,2020-02-24
3,sma1,-0.8760254807632918,0.00977399459070634,-89.6281937373145,0.0,***,2020-02-24
2,sar1,0.9950175588667804,0.0004875501772761219,2040.8515989591294,0.0,***,2020-02-24
1,ma1,0.43724428138660837,0.013804376646767083,31.674322758283246,0.0,***,2020-02-24
0,ar1,0.9923753252121874,0.0016519991792380358,600.7117543907668,0.0,***,2020-02-24
6,pv_capacity,14.650460788943747,0.8909790732860914,16.443103130256706,0.0,***,2020-02-24
14,cos_336_1,14.50558654371997,0.09429729421894009,153.82823721368717,0.0,***,2020-02-25
13,sin_336_1,13.760707438431929,0.0570709993801012,241.1155856371746,0.0,***,2020-02-25
12,solar_16,0.3000205628638348,0.06894985356620796,4.351286440017527,1.3534110453017334e-05,***,2020-02-25
11,solar_4,0.3831566856246278,0.0648446764114349,5.908837962171723,3.445293828008289e-09,***,2020-02-25
10,temp_9,14.958518610113014,1.468322166097936,10.187490835110973,0.0,***,2020-02-25
9,temp_1,26.00392192863735,0.259371058429691,100.25760810042868,0.0,***,2020-02-25
8,solar_power,-0.39263330075461766,0.06591139577132067,-5.956986590253033,2.5693132066351154e-09,***,2020-02-25
7,temperature,16.67677937866108,0.792883341725499,21.033080783824417,0.0,***,2020-02-25
5,rainfall,0.1724249109242919,0.3630256792302518,0.4749661547081084,0.634811097207544,,2020-02-25
4,intercept,-6568.409448647165,0.020289143287904744,-323740.10846297705,0.0,***,2020-02-25
3,sma1,-0.8761079204883226,0.009323579207340366,-93.96690916709017,0.0,***,2020-02-25
2,sar1,0.9947051046381796,0.00076376742000005,1302.366503978547,0.0,***,2020-02-25
1,ma1,0.4368721061107634,0.014186832665057344,30.79419602846197,0.0,***,2020-02-25
0,ar1,0.990201299757673,0.0014118401285011738,701.3551178835542,0.0,***,2020-02-25
6,pv_capacity,18.9655598720135,0.31769963065235,59.69651218375822,0.0,***,2020-02-25
8,solar_power,-0.3837207898224637,0.07034786090884973,-5.454619157782974,4.9077915953432694e-08,***,2020-02-26
13,sin_336_1,11.605448130175708,0.12170395358185217,95.35802074310139,0.0,***,2020-02-26
12,solar_16,0.313704990425074,0.07754334609660733,4.045543637415967,5.220184016030416e-05,***,2020-02-26
11,solar_4,0.38214640232098285,0.0692000907890237,5.5223396091497285,3.345151178280048e-08,***,2020-02-26
10,temp_9,14.911593110157812,0.04469987366285155,333.5936298752964,0.0,***,2020-02-26
9,temp_1,23.319501355147978,0.5310892558133284,43.90881777383293,0.0,***,2020-02-26
7,temperature,13.450592006672366,0.4782441402144452,28.12494890296221,0.0,***,2020-02-26
14,cos_336_1,12.113050249511343,0.19241949288617177,62.95126376139539,0.0,***,2020-02-26
5,rainfall,0.1623487435442712,0.241812591858656,0.6713825045106299,0.5019768874514119,,2020-02-26
4,intercept,-3536.206803754445,0.02211475615029414,-159902.59081863813,0.0,***,2020-02-26
3,sma1,-0.8852642536336668,0.007689050781884478,-115.13310013758304,0.0,***,2020-02-26
2,sar1,0.9955925784736678,8.690670545387319e-05,11455.877578998676,0.0,***,2020-02-26
1,ma1,0.43323457909169427,0.014023457483896707,30.893563843950922,0.0,***,2020-02-26
0,ar1,0.9900795307584054,0.0005343539815241944,1852.8532863819912,0.0,***,2020-02-26
6,pv_capacity,15.262879699146765,0.7117784456134573,21.44330134356937,0.0,***,2020-02-26
14,cos_336_1,11.279589703611075,0.11452537132279289,98.48987672626045,0.0,***,2020-02-27
13,sin_336_1,9.88599931678566,0.4037596646215426,24.48486112661139,0.0,***,2020-02-27
12,solar_16,0.3412838045725056,0.07201541251564929,4.739038389849437,2.1473482292311274e-06,***,2020-02-27
9,temp_1,22.725858653265124,0.05601185014096607,405.73304749031735,0.0,***,2020-02-27
11,solar_4,0.4086845963696514,0.10236555354400566,3.9924035207210893,6.54069475081176e-05,***,2020-02-27
10,temp_9,15.900246241805334,0.2051111656650654,77.52013982393095,0.0,***,2020-02-27
8,solar_power,-0.3610177111010988,0.09211373349105208,-3.919260434017345,8.882109790175896e-05,***,2020-02-27
2,sar1,0.9961991813438293,0.00011577381179884416,8604.70227131085,0.0,***,2020-02-27
6,pv_capacity,11.241422760295677,0.6034887057447788,18.62739543140644,0.0,***,2020-02-27
5,rainfall,0.15371660064280945,0.273650852080318,0.5617252768417941,0.5743032097802439,,2020-02-27
4,intercept,-867.1947340983181,0.01982950908954912,-43732.536704872924,0.0,***,2020-02-27
3,sma1,-0.8912014312626427,0.009648152998645345,-92.37015948936262,0.0,***,2020-02-27
1,ma1,0.42914792782569844,0.014301679246047075,30.006820908412777,0.0,***,2020-02-27
0,ar1,0.9895791067811811,0.0005599921050844748,1767.130460940879,0.0,***,2020-02-27
7,temperature,13.90634067538599,0.020228331827514212,687.4684869698863,0.0,***,2020-02-27
14,cos_336_1,12.56704169814129,0.34726013611407586,36.1891285270158,0.0,***,2020-02-28
13,sin_336_1,10.7389924083777,1.7245798630665201,6.227019483622184,4.753919480293689e-10,***,2020-02-28
12,solar_16,0.3464470820509478,0.06510282726708863,5.321536661220962,1.028943692471529e-07,***,2020-02-28
11,solar_4,0.40881595828185235,0.06388591301547634,6.39915654305225,1.5623768945260963e-10,***,2020-02-28
10,temp_9,15.296868382157268,2.3171200739865214,6.601672720326296,4.065436876032891e-11,***,2020-02-28
9,temp_1,22.7391460892214,1.6219085502923567,14.019992733328005,0.0,***,2020-02-28
8,solar_power,-0.38041377808492793,0.06438240925363214,-5.908660183658268,3.449013297185388e-09,***,2020-02-28
7,temperature,14.289137383503558,1.217390147220124,11.737516864361353,0.0,***,2020-02-28
6,pv_capacity,10.63197322842683,1.8887641120337777,5.629063555733578,1.811906313875511e-08,***,2020-02-28
5,rainfall,0.17053613279935576,0.30329114881487557,0.5622852281239783,0.5739217011507578,,2020-02-28
4,intercept,-706.97180234719,0.28271418976604246,-2500.659068199718,0.0,***,2020-02-28
3,sma1,-0.8883126166017908,0.010102623050314431,-87.92890838128848,0.0,***,2020-02-28
2,sar1,0.9960891777127889,0.0006845501366001847,1455.1004001837782,0.0,***,2020-02-28
1,ma1,0.4279321292886236,0.013941941444516121,30.69386935755243,0.0,***,2020-02-28
0,ar1,0.989989778385928,0.0012924690854311707,765.9678591505074,0.0,***,2020-02-28
13,sin_336_1,9.618045869374441,0.022684869894511846,423.98505762209976,0.0,***,2020-02-29
12,solar_16,0.33105517910838755,0.049695707306689,6.661645382474068,2.7077895481397718e-11,***,2020-02-29
11,solar_4,0.3424292514530759,0.027945046448119706,12.253665496273182,0.0,***,2020-02-29
10,temp_9,12.743787201936902,0.05026772969272662,253.51825673919058,0.0,***,2020-02-29
9,temp_1,24.84139474427324,0.04872872804745319,509.78951718341796,0.0,***,2020-02-29
8,solar_power,-0.3945121125097657,0.03940182345014374,-10.012534394733107,0.0,***,2020-02-29
7,temperature,17.240924356053803,0.06520781300320147,264.39967178790886,0.0,***,2020-02-29
14,cos_336_1,17.992551628831553,0.026584338637419984,676.8102029630832,0.0,***,2020-02-29
5,rainfall,0.159287159657012,0.04610969143526517,3.4545266883999908,0.0005512596528329805,***,2020-02-29
4,intercept,448.7986281900892,0.019287952516887055,23268.33953978036,0.0,***,2020-02-29
3,sma1,-0.879932789552592,0.011473638811521003,-76.69169336836949,0.0,***,2020-02-29
2,sar1,0.9955752579596646,0.0009694668414933705,1026.9306956657501,0.0,***,2020-02-29
1,ma1,0.42635876845306503,0.01083456722718814,39.35171193392618,0.0,***,2020-02-29
0,ar1,0.9973954145418042,0.0015973715950254814,624.3978656236802,0.0,***,2020-02-29
6,pv_capacity,54.04652079666461,0.10145184648181531,532.7307749529443,0.0,***,2020-02-29
13,sin_336_1,10.348235534767701,0.18133320899244906,57.06751450694624,0.0,***,2020-03-01
12,solar_16,0.3107900940467081,0.06760759138229659,4.59697036519615,4.286785629359358e-06,***,2020-03-01
11,solar_4,0.3662574624092847,0.06905791657604148,5.30362745603524,1.1352387563334787e-07,***,2020-03-01
10,temp_9,14.57330602145348,0.16698914320999722,87.27097906674577,0.0,***,2020-03-01
9,temp_1,15.906816713344313,0.30753203982256877,51.724095878015774,0.0,***,2020-03-01
8,solar_power,-0.36474931927800824,0.06921131211953858,-5.2700824201689755,1.363625137251745e-07,***,2020-03-01
7,temperature,8.87841937976063,0.5745111260936384,15.453868474452404,0.0,***,2020-03-01
14,cos_336_1,11.397491453934917,0.12480672738003817,91.3211306248693,0.0,***,2020-03-01
5,rainfall,0.15227282838463907,0.2926175858874855,0.5203816712615131,0.6027975823429839,,2020-03-01
4,intercept,2692.4451800522456,0.02067940155690397,130199.37606237705,0.0,***,2020-03-01
3,sma1,-0.8766064751645248,0.01092299832429696,-80.25328294838368,0.0,***,2020-03-01
2,sar1,0.9952572221369947,0.0007382291432783853,1348.168426021735,0.0,***,2020-03-01
1,ma1,0.4093022494213355,0.013805683101156811,29.64737394175295,0.0,***,2020-03-01
0,ar1,0.9901134199737054,0.001377546140409682,718.7515473559715,0.0,***,2020-03-01
6,pv_capacity,6.023372410924026,1.9794663990972314,3.042927333179833,0.0023428890150614112,**,2020-03-01
14,cos_336_1,11.42980674135583,0.19535871522148274,58.50676653149357,0.0,***,2020-03-02
13,sin_336_1,8.091449156470247,1.4059328634780428,5.755217312762258,8.653040950434843e-09,***,2020-03-02
12,solar_16,0.3305524447852498,0.060262119092612754,5.485244292143896,4.128984198992214e-08,***,2020-03-02
11,solar_4,0.35008352063598025,0.06733745492797005,5.198941970860939,2.0042607884462882e-07,***,2020-03-02
10,temp_9,15.704448291226928,0.35168271260875633,44.65516139457778,0.0,***,2020-03-02
9,temp_1,16.37232641537901,0.1620867720230238,101.00963953464003,0.0,***,2020-03-02
8,solar_power,-0.3727735995247201,0.06255888597145982,-5.958763391259625,2.5415376470050433e-09,***,2020-03-02
7,temperature,9.63881751533063,0.5403620508783199,17.837702517531387,0.0,***,2020-03-02
5,rainfall,0.14743604350223904,0.42716643717933744,0.3451489411850513,0.7299824017426921,,2020-03-02
4,intercept,10634.396579014428,0.04818413056017299,220703.29910247214,0.0,***,2020-03-02
3,sma1,-0.8780648204703089,0.01226442337430798,-71.5944642215887,0.0,***,2020-03-02
2,sar1,0.9953346322759773,0.0010915880737064274,911.8225604063016,0.0,***,2020-03-02
1,ma1,0.41185099151264715,0.012890539167861816,31.949865412880307,0.0,***,2020-03-02
0,ar1,0.9896992726598051,0.0026857764404796544,368.49652031464467,0.0,***,2020-03-02
6,pv_capacity,-5.339515148526971,1.8258800721643598,-2.9243515113222207,0.003451747186231424,**,2020-03-02
8,solar_power,-0.3662131221887108,0.06235075692402136,-5.873435067275389,4.268562614484495e-09,***,2020-03-03
13,sin_336_1,5.462113375374579,0.8139507611229865,6.710618917339231,1.9380053117856733e-11,***,2020-03-03
12,solar_16,0.33931865548862516,0.06826890799654727,4.970324931897056,6.684079032481804e-07,***,2020-03-03
11,solar_4,0.3805656701769021,0.06651979177520054,5.721089318243808,1.05843234177172e-08,***,2020-03-03
10,temp_9,15.241946281330712,0.3392950006076505,44.92240160931812,0.0,***,2020-03-03
9,temp_1,16.109500327560554,0.3258161319434104,49.44353194383433,0.0,***,2020-03-03
7,temperature,9.268280895199268,0.26853248869482554,34.51456075295318,0.0,***,2020-03-03
14,cos_336_1,10.440100269236023,0.11348337563746753,91.99673706030588,0.0,***,2020-03-03
5,rainfall,0.1317010345687777,0.2771419298442004,0.4752115085682468,0.6346362250039377,,2020-03-03
0,ar1,0.989927498698269,0.0026401347787455196,374.953395056839,0.0,***,2020-03-03
1,ma1,0.42070182502415504,0.013054822577433506,32.22577882838315,0.0,***,2020-03-03
6,pv_capacity,-2.9596709607951652,1.4535140627858312,-2.036217630480029,0.04172850665210115,*,2020-03-03
3,sma1,-0.8891913164322532,0.010663427424418464,-83.38700879569646,0.0,***,2020-03-03
4,intercept,9065.453541788393,0.11438850782899924,79251.43630110507,0.0,***,2020-03-03
2,sar1,0.9961935565589006,0.0009206634983181066,1082.0387235713965,0.0,***,2020-03-03
13,sin_336_1,7.686502305932516,0.25602925912298363,30.02196831823938,0.0,***,2020-03-04
12,solar_16,0.38110517322716303,0.06835722350216936,5.575199718506244,2.4724604363868252e-08,***,2020-03-04
11,solar_4,0.37385767237036127,0.07170711559029659,5.2136760667717015,1.8513464494773757e-07,***,2020-03-04
10,temp_9,14.042887969182193,0.026483993702031455,530.2405719914151,0.0,***,2020-03-04
9,temp_1,16.77535608480727,0.22829472705404413,73.4811368675898,0.0,***,2020-03-04
8,solar_power,-0.38230366996880427,0.06556076046230146,-5.831287911747689,5.5001188048464655e-09,***,2020-03-04
7,temperature,10.046801406665736,0.09160725124722885,109.6725561555331,0.0,***,2020-03-04
14,cos_336_1,10.492573677562921,0.02894228576143531,362.5343818401499,0.0,***,2020-03-04
5,rainfall,0.12350148080531653,0.1294520456251127,0.9540326706228441,0.34006710519763805,,2020-03-04
4,intercept,3290.5221367250897,0.019619576887171364,167716.2639973475,0.0,***,2020-03-04
3,sma1,-0.8908018824108281,0.008639602369537513,-103.10681490987572,0.0,***,2020-03-04
2,sar1,0.9962260581415718,0.00015870577937857522,6277.18827910598,0.0,***,2020-03-04
1,ma1,0.41848281787280794,0.012597349835369255,33.21990921438448,0.0,***,2020-03-04
0,ar1,0.9899958612442178,0.00011931529027677174,8297.309246348537,0.0,***,2020-03-04
6,pv_capacity,4.79498335377275,0.25915053920728753,18.502694875496175,0.0,***,2020-03-04
14,cos_336_1,10.334527795576475,0.04919209084042849,210.08515025515138,0.0,***,2020-03-05
13,sin_336_1,8.437731197978541,2.9757977061550385,2.8354518791805727,0.004576090835181956,**,2020-03-05
12,solar_16,0.4029045704365918,0.06675913931662734,6.035197196382106,1.587686870863081e-09,***,2020-03-05
11,solar_4,0.36294407055778655,0.06836186019927827,5.3091602466607295,1.1013147327432193e-07,***,2020-03-05
10,temp_9,14.156232091156948,0.14403508408255486,98.28322162844151,0.0,***,2020-03-05
9,temp_1,16.721863162474754,0.9780870675492107,17.09649755862192,0.0,***,2020-03-05
8,solar_power,-0.39950372999280814,0.06198608828169745,-6.445054706101999,1.1555867374113404e-10,***,2020-03-05
7,temperature,9.950354967652132,0.739149963012539,13.46188928576505,0.0,***,2020-03-05
5,rainfall,0.12606914265502667,0.31074389647081646,0.405701106560162,0.6849622291214574,,2020-03-05
4,intercept,409.2988629053467,0.04797050548239314,8532.302480230768,0.0,***,2020-03-05
3,sma1,-0.8930025579582839,0.009023954513640088,-98.95911560818185,0.0,***,2020-03-05
2,sar1,0.996482291747679,0.00036970460824753984,2695.3472299714294,0.0,***,2020-03-05
0,ar1,0.9909177946759444,0.0008087248804318597,1225.2841709862982,0.0,***,2020-03-05
6,pv_capacity,7.605475002769126,2.5472323749948553,2.9857798124069803,0.0028285622934645094,**,2020-03-05
1,ma1,0.41876347934353014,0.012976607261203862,32.2706444692602,0.0,***,2020-03-05
14,cos_336_1,10.392733202013003,0.32150350060164484,32.3254122663193,0.0,***,2020-03-06
8,solar_power,-0.41014094346134655,0.06361002186153267,-6.447740960601272,1.1352963014132911e-10,***,2020-03-06
13,sin_336_1,9.022533561232807,3.2963123070443663,2.7371598079318065,0.006197217985007608,**,2020-03-06
12,solar_16,0.4028578273678126,0.06973484665289649,5.776994525750199,7.604676000028121e-09,***,2020-03-06
11,solar_4,0.366699298141028,0.06977827946104799,5.255206935071089,1.478581257430278e-07,***,2020-03-06
10,temp_9,14.361766456914404,1.5449302353773524,9.296061484230394,0.0,***,2020-03-06
9,temp_1,16.453024100921283,0.09340220960885473,176.15240763385003,0.0,***,2020-03-06
7,temperature,9.201877282924215,0.060987682477999884,150.880914129564,0.0,***,2020-03-06
5,rainfall,0.13388382283102374,0.2921439072475547,0.45828038685596917,0.6467510131254157,,2020-03-06
4,intercept,-2586.7831824031555,0.021152224005816622,-122293.67378540523,0.0,***,2020-03-06
3,sma1,-0.8910157937439747,0.011538653546544653,-77.22008379485463,0.0,***,2020-03-06
2,sar1,0.996426212886024,0.0008467388655449389,1176.7810046663562,0.0,***,2020-03-06
1,ma1,0.4178384362900823,0.013593601836794563,30.737875164115493,0.0,***,2020-03-06
0,ar1,0.9916920270247325,0.0014948157499184603,663.4209112921293,0.0,***,2020-03-06
6,pv_capacity,10.187190213790359,0.1795909023872304,56.72442244220667,0.0,***,2020-03-06
13,sin_336_1,8.960804644611235,1.8544377610199962,4.832087025494198,1.3510916800907324e-06,***,2020-03-07
12,solar_16,0.3697400182945078,0.06904585087354098,5.354992568223903,8.555993380454652e-08,***,2020-03-07
11,solar_4,0.3425296761003964,0.06538619528732792,5.238562583358936,1.6183209838871448e-07,***,2020-03-07
10,temp_9,14.542025860172588,1.4019558227245543,10.37267053958354,0.0,***,2020-03-07
9,temp_1,16.287747123578338,0.9702126644598351,16.787811291503317,0.0,***,2020-03-07
8,solar_power,-0.40205445238171755,0.07029645897327773,-5.719412588542379,1.0689294782650904e-08,***,2020-03-07
7,temperature,9.422364801235517,1.0632087425208248,8.86219650423065,0.0,***,2020-03-07
14,cos_336_1,10.657953622400129,0.046145549977635036,230.96384434827684,0.0,***,2020-03-07
5,rainfall,0.15124953987356093,0.2643137935743674,0.5722347586487396,0.5671629423321844,,2020-03-07
4,intercept,-1871.696487231862,0.02084894378149513,-89774.16347072322,0.0,***,2020-03-07
3,sma1,-0.8671782523078785,0.012658597058639745,-68.50508380121097,0.0,***,2020-03-07
2,sar1,0.9946515637937597,0.0010400571095869338,956.3432186803597,0.0,***,2020-03-07
1,ma1,0.40869238886846954,0.01423418409594028,28.71203478287402,0.0,***,2020-03-07
0,ar1,0.9907960832372068,0.0011684042190903852,847.9908468736546,0.0,***,2020-03-07
6,pv_capacity,9.930993770562793,0.8994468317099337,11.041223806062035,0.0,***,2020-03-07
14,cos_336_1,11.19841541576967,1.0786962676082317,10.3814352121563,0.0,***,2020-03-08
13,sin_336_1,8.830447476511356,3.6931638488199954,2.391025104215936,0.01680140401128427,*,2020-03-08
12,solar_16,0.3504243722326116,0.07025721913787786,4.987734734346849,6.109137069554293e-07,***,2020-03-08
11,solar_4,0.32507703062768856,0.06723433484846242,4.834985448437477,1.3315537534808186e-06,***,2020-03-08
10,temp_9,14.222157595118476,1.536704280986252,9.254973628361823,0.0,***,2020-03-08
9,temp_1,15.392286596626558,1.0651506294707875,14.450807398268267,0.0,***,2020-03-08
8,solar_power,-0.3882202311737877,0.06478300182855976,-5.992624920363597,2.0648072140971863e-09,***,2020-03-08
7,temperature,9.008960289662305,1.1682500510971734,7.711500017655854,1.2434497875801753e-14,***,2020-03-08
5,rainfall,0.15321908408771634,0.2906136441598151,0.5272260513806353,0.5980366197014493,,2020-03-08
4,intercept,177.4442323168524,0.02681539257542401,6617.252826627567,0.0,***,2020-03-08
3,sma1,-0.8732815768523281,0.010605703589346956,-82.34074896544419,0.0,***,2020-03-08
2,sar1,0.9949348652841709,0.0005763635546743632,1726.2279289090272,0.0,***,2020-03-08
1,ma1,0.41003037431462064,0.012861108897385594,31.88141688139905,0.0,***,2020-03-08
0,ar1,0.990553484656991,0.0007657031092598448,1293.6521644981883,0.0,***,2020-03-08
6,pv_capacity,7.979960474395462,2.6796387805163624,2.977998576680449,0.00290137332024365,**,2020-03-08
8,solar_power,-0.4001470229828996,0.06791896292387829,-5.891536115346364,3.826220229541377e-09,***,2020-03-09
13,sin_336_1,10.07811195854802,1.2217808926700089,8.24870647348552,2.220446049250313e-16,***,2020-03-09
12,solar_16,0.3680652770482866,0.07190863293794898,5.1185130631797096,3.0795391103843883e-07,***,2020-03-09
11,solar_4,0.3277516697509378,0.06748442934678957,4.856700618548387,1.193578460956246e-06,***,2020-03-09
10,temp_9,13.150905416700184,1.1994235921648482,10.964354463767068,0.0,***,2020-03-09
9,temp_1,15.293679334413282,2.243145998075729,6.817959841906361,9.234168985017277e-12,***,2020-03-09
14,cos_336_1,12.637030297748614,0.6575142292121899,19.21940200882018,0.0,***,2020-03-09
7,temperature,8.686131100684861,0.8949630273535369,9.705575353621375,0.0,***,2020-03-09
5,rainfall,0.15449816863207388,0.36750256803409115,0.42040024225828526,0.6741930911644047,,2020-03-09
4,intercept,2035.14619987178,0.020402389520344212,99750.38452444195,0.0,***,2020-03-09
3,sma1,-0.8746733730697994,0.00985093261088015,-88.79092037476136,0.0,***,2020-03-09
2,sar1,0.9950185411067264,0.0002994533390039818,3322.783257038572,0.0,***,2020-03-09
1,ma1,0.4104164520626985,0.01475816662019852,27.80944697432734,0.0,***,2020-03-09
0,ar1,0.9900159068403827,0.0009048336641961293,1094.1413278648633,0.0,***,2020-03-09
6,pv_capacity,5.736075879419843,0.2272452660294369,25.24178382082029,0.0,***,2020-03-09
14,cos_336_1,12.48124918098335,0.2490167212299731,50.12213284045535,0.0,***,2020-03-10
13,sin_336_1,8.559401936687093,1.717584997263027,4.983393514921536,6.247870385500676e-07,***,2020-03-10
12,solar_16,0.3687151242880437,0.07225111022624955,5.103245100780276,3.3387812337082323e-07,***,2020-03-10
11,solar_4,0.3459038371924317,0.0696973902782369,4.962938150360568,6.943469830211768e-07,***,2020-03-10
10,temp_9,13.336197558791696,0.8476521549586412,15.733101698352195,0.0,***,2020-03-10
9,temp_1,15.630881904126735,0.5955046302560741,26.248128242773305,0.0,***,2020-03-10
8,solar_power,-0.40027690709036357,0.06884480420323529,-5.814191960060118,6.092746751562572e-09,***,2020-03-10
7,temperature,9.170154877247626,0.7379141581213973,12.427129600810568,0.0,***,2020-03-10
6,pv_capacity,6.422052747751195,0.9241986898776509,6.948779324282933,3.6846081741259695e-12,***,2020-03-10
5,rainfall,0.10632466092096138,0.30211243510576585,0.35193738676707703,0.7248852200396414,,2020-03-10
4,intercept,2104.528728431675,0.02170822381236985,96946.15029869306,0.0,***,2020-03-10
3,sma1,-0.8775350160917972,0.01077525219247272,-81.43985870742011,0.0,***,2020-03-10
2,sar1,0.9953425298699907,0.0007419218073027277,1341.5733572902775,0.0,***,2020-03-10
1,ma1,0.4080316027075939,0.012386777430255777,32.940900488850424,0.0,***,2020-03-10
0,ar1,0.9899937847528933,0.001736266065063119,570.1855289770372,0.0,***,2020-03-10
13,sin_336_1,10.011910373855864,0.2014628692685735,49.696057691448935,0.0,***,2020-03-11
12,solar_16,0.376446773048405,0.05933731714975584,6.34418256724224,2.2360957530054293e-10,***,2020-03-11
11,solar_4,0.3351227140450554,0.06137598000536817,5.460160701560192,4.757037963543098e-08,***,2020-03-11
10,temp_9,14.008770903683033,0.14888339087248237,94.09223434252281,0.0,***,2020-03-11
9,temp_1,15.757687061280532,1.1423139830124203,13.794532235108953,0.0,***,2020-03-11
8,solar_power,-0.40691280991903156,0.06582030719467856,-6.182177313689743,6.322344869857943e-10,***,2020-03-11
7,temperature,8.91034551844848,0.6183272229239863,14.410404698522981,0.0,***,2020-03-11
14,cos_336_1,11.972622878211814,0.06440457923812046,185.8970747087085,0.0,***,2020-03-11
5,rainfall,0.12724731792752664,0.31764655361375754,0.4005940454252592,0.6887190304002853,,2020-03-11
4,intercept,2230.6770537983703,0.01931619773232654,115482.20227965622,0.0,***,2020-03-11
3,sma1,-0.8761773575996115,0.011828288222343528,-74.07473855299877,0.0,***,2020-03-11
2,sar1,0.9952705925786366,0.0009794475742689252,1016.155043644395,0.0,***,2020-03-11
1,ma1,0.40922586464619776,0.013113019513213645,31.207599762497995,0.0,***,2020-03-11
0,ar1,0.9896077329189022,0.001914072027068906,517.0169768555302,0.0,***,2020-03-11
6,pv_capacity,5.7633931747021165,0.6474482320574355,8.901705015685089,0.0,***,2020-03-11
13,sin_336_1,9.403822241649776,0.44610787463015517,21.07970465539528,0.0,***,2020-03-12
12,solar_16,0.3607984638126263,0.0775870775607391,4.65023912687232,3.315503832590494e-06,***,2020-03-12
11,solar_4,0.32489668368423796,0.07980574311242147,4.071094021724221,4.679285672493094e-05,***,2020-03-12
10,temp_9,13.81923128767199,0.3420408578234138,40.40228227589838,0.0,***,2020-03-12
9,temp_1,15.221344685540025,1.1721433521422093,12.985907105749048,0.0,***,2020-03-12
8,solar_power,-0.4106779971401231,0.09809493429686728,-4.1865362374093396,2.8324372997712288e-05,***,2020-03-12
7,temperature,8.19651722139264,0.9834209583831327,8.334698535272972,0.0,***,2020-03-12
14,cos_336_1,9.627056459755496,0.023927524757015286,402.342346628769,0.0,***,2020-03-12
5,rainfall,0.1425407779397574,0.35781060350568555,0.39836935111257105,0.6903579466155696,,2020-03-12
4,intercept,1903.9521910770952,0.019813206212667616,96095.10801234175,0.0,***,2020-03-12
3,sma1,-0.8686417172092615,0.012368905639244164,-70.22785544205529,0.0,***,2020-03-12
2,sar1,0.9948351691401361,0.0010842233550662373,917.5555613071623,0.0,***,2020-03-12
1,ma1,0.40911618992391935,0.013856066770553425,29.52614163157492,0.0,***,2020-03-12
0,ar1,0.9897842031322629,0.0016609894648611304,595.9003498044555,0.0,***,2020-03-12
6,pv_capacity,6.049997740216497,1.360287733014162,4.447586781372166,8.684037947404022e-06,***,2020-03-12
14,cos_336_1,10.369616746556519,0.2720010045093409,38.1234501882158,0.0,***,2020-03-13
13,sin_336_1,9.860562520210578,0.3888491862282542,25.358321090641127,0.0,***,2020-03-13
12,solar_16,0.37250977746384767,0.06725247228172156,5.538975220173304,3.042466856228998e-08,***,2020-03-13
11,solar_4,0.3597724168235238,0.06769464622685091,5.314636191729162,1.0687062701464356e-07,***,2020-03-13
10,temp_9,13.098283141173788,0.5385637129111162,24.320768048729477,0.0,***,2020-03-13
9,temp_1,14.599952369307019,0.7547593534511948,19.34385086126806,0.0,***,2020-03-13
8,solar_power,-0.4476769321340095,0.06311543147202955,-7.0929869556925,1.31250565971186e-12,***,2020-03-13
7,temperature,7.925966049318987,0.8997245815384629,8.809324777773847,0.0,***,2020-03-13
5,rainfall,0.1291503224315136,0.22393457864493505,0.5767323796665232,0.5641202553786853,,2020-03-13
4,intercept,1173.0798429194115,0.02136443270536272,54908.07357711656,0.0,***,2020-03-13
3,sma1,-0.8640533625589065,0.010491493891231501,-82.35751471780947,0.0,***,2020-03-13
2,sar1,0.9946053277062772,0.000287954922112579,3454.031347717077,0.0,***,2020-03-13
1,ma1,0.4089405743285596,0.0132209629673839,30.93122455129899,0.0,***,2020-03-13
0,ar1,0.9900856460276681,0.0003786678882013371,2614.654363037093,0.0,***,2020-03-13
6,pv_capacity,6.69684672695837,0.8552197765569555,7.830556437690583,4.884981308350689e-15,***,2020-03-13
8,solar_power,-0.46194579797191415,0.06998587791816117,-6.600557308320059,4.0961456448940226e-11,***,2020-03-14
13,sin_336_1,9.340841334068681,3.3814774181514418,2.7623550829965486,0.005738603051655522,**,2020-03-14
12,solar_16,0.36174278985917047,0.07355397266833294,4.918059171192951,8.740649415361901e-07,***,2020-03-14
11,solar_4,0.3397919057732502,0.06755080010668638,5.030168484112694,4.900490175874239e-07,***,2020-03-14
10,temp_9,11.965230679076713,0.6934266257824793,17.25522244776058,0.0,***,2020-03-14
9,temp_1,14.29331375792505,0.9622004673831939,14.854818972180746,0.0,***,2020-03-14
7,temperature,8.150187709669064,1.0448749305663882,7.800156239992424,6.217248937900877e-15,***,2020-03-14
14,cos_336_1,10.479181877868005,0.5006584987051684,20.930797949040837,0.0,***,2020-03-14
5,rainfall,0.14326254457986867,0.31226513394177713,0.45878495229819816,0.6463886017064975,,2020-03-14
0,ar1,0.9908020136374565,0.003063947445377042,323.37435001778584,0.0,***,2020-03-14
1,ma1,0.40575657257737274,0.013426900919165178,30.219674295667684,0.0,***,2020-03-14
6,pv_capacity,7.206368073562933,1.4163156396255039,5.088108802829015,3.616518757798559e-07,***,2020-03-14
3,sma1,-0.8586464314271737,0.013091614136306141,-65.58751445675016,0.0,***,2020-03-14
4,intercept,-21.04687692348447,0.025533617802664263,-824.2810355408534,0.0,***,2020-03-14
2,sar1,0.9944526693970454,0.0010000091497148521,994.4435705219386,0.0,***,2020-03-14
13,sin_336_1,9.47449428556537,1.2975816541504963,7.301655549197907,2.8421709430404007e-13,***,2020-03-15
12,solar_16,0.3464874113254701,0.07297574613887642,4.747980386059878,2.0545795538229328e-06,***,2020-03-15
11,solar_4,0.3136277393407344,0.06889583894755338,4.55220147009868,5.308746023002797e-06,***,2020-03-15
10,temp_9,11.70532304214659,1.153996128677539,10.143294896110874,0.0,***,2020-03-15
9,temp_1,12.860460812994548,0.686823051046684,18.724562015494165,0.0,***,2020-03-15
8,solar_power,-0.4694496865542219,0.06624188640082102,-7.086900933250045,1.3715695246219184e-12,***,2020-03-15
7,temperature,7.329663758360901,0.6949432664121338,10.54713976322503,0.0,***,2020-03-15
14,cos_336_1,10.87809545783423,0.3696681386405057,29.426651422650583,0.0,***,2020-03-15
5,rainfall,0.16862667836002743,0.30752666954960817,0.5483318848638123,0.5834640377301943,,2020-03-15
4,intercept,689.8346250028477,0.022292698749819116,30944.41963911817,0.0,***,2020-03-15
3,sma1,-0.8650297022633734,0.011079802218455018,-78.07266638952643,0.0,***,2020-03-15
2,sar1,0.9950523206461817,0.0008553988824921326,1163.2611884495109,0.0,***,2020-03-15
1,ma1,0.40557867465271674,0.013469823426173125,30.11017010546994,0.0,***,2020-03-15
0,ar1,0.9902790161795314,0.002119573775830701,467.2066749794649,0.0,***,2020-03-15
6,pv_capacity,6.878963387624992,0.41045424738119174,16.75939140967507,0.0,***,2020-03-15
14,cos_336_1,10.698339503699167,0.2773919687571233,38.567589219089236,0.0,***,2020-03-16
13,sin_336_1,9.302319571089505,0.6270805014251369,14.834330759684844,0.0,***,2020-03-16
12,solar_16,0.3272635071019622,0.07033602371099419,4.6528576657484235,3.273662262603949e-06,***,2020-03-16
11,solar_4,0.3102136948397455,0.06789090627099983,4.569296712603405,4.8936356802364855e-06,***,2020-03-16
10,temp_9,10.520048369910558,1.333639342108618,7.888225877677922,3.1086244689504383e-15,***,2020-03-16
9,temp_1,12.13826725685903,0.6409957737434242,18.93657923198367,0.0,***,2020-03-16
8,solar_power,-0.48463447741869814,0.06280976801280615,-7.715909368107952,1.199040866595169e-14,***,2020-03-16
7,temperature,7.113129988109165,0.5711107827496957,12.454904027309674,0.0,***,2020-03-16
5,rainfall,0.18861029339143442,0.20924483279678732,0.9013856680255872,0.3673832989059469,,2020-03-16
4,intercept,3729.0983113517054,0.028534361620736675,130687.98807966571,0.0,***,2020-03-16
3,sma1,-0.85902040574459,0.010898702008977431,-78.81859739233181,0.0,***,2020-03-16
2,sar1,0.9949363831334566,0.0008378256754323003,1187.5219539196987,0.0,***,2020-03-16
0,ar1,0.9894759942161957,0.001649053676851761,600.0265534747315,0.0,***,2020-03-16
6,pv_capacity,4.132609957996692,1.056226130216883,3.9126185574940395,9.130068918117296e-05,***,2020-03-16
1,ma1,0.4046328504246794,0.014064141525387808,28.770533181442936,0.0,***,2020-03-16
14,cos_336_1,12.29464737927654,0.23706391303155971,51.86216333837274,0.0,***,2020-03-17
8,solar_power,-0.5558204848663646,0.07382413808021844,-7.528980348709274,5.10702591327572e-14,***,2020-03-17
13,sin_336_1,10.306299503436126,1.0699433725482064,9.632565393522052,0.0,***,2020-03-17
12,solar_16,0.3409525119420377,0.07406007107466193,4.603729202451269,4.149920034057786e-06,***,2020-03-17
11,solar_4,0.3931570974114205,0.0726194814061899,5.413934247372755,6.165481436504194e-08,***,2020-03-17
10,temp_9,9.55355599344084,4.006576290267391,2.384468758687546,0.017103800189494978,*,2020-03-17
9,temp_1,9.529894686770419,3.0821867767660396,3.0919264071237067,0.0019886214347373254,**,2020-03-17
7,temperature,7.133154637986365,1.1842231239656342,6.023488727444716,1.7069701208072274e-09,***,2020-03-17
5,rainfall,0.14935194504130322,0.30097942314686826,0.49621978632215097,0.6197393525261026,,2020-03-17
4,intercept,4352.615854614953,0.09582005346506724,45424.894865058384,0.0,***,2020-03-17
3,sma1,-0.860413838933246,0.010628452320267701,-80.9538221564487,0.0,***,2020-03-17
2,sar1,0.9952197802158249,0.0008621959112235708,1154.2849684864261,0.0,***,2020-03-17
1,ma1,0.4108341358379402,0.01380089466069215,29.768659636833707,0.0,***,2020-03-17
0,ar1,0.9892160461446903,0.0017927113229824422,551.7988498555261,0.0,***,2020-03-17
6,pv_capacity,3.305309144285502,1.4121225795897392,2.340667299042684,0.019249312027278753,*,2020-03-17
13,sin_336_1,9.947742376564156,1.0242737207152974,9.711996095747912,0.0,***,2020-03-18
12,solar_16,0.34062176150034396,0.07407291800270414,4.598465548338585,4.25614078070069e-06,***,2020-03-18
11,solar_4,0.3971464281109961,0.06263209045766521,6.340941603720516,2.2836510460422232e-10,***,2020-03-18
10,temp_9,9.215874148280523,0.1185241217630428,77.75526206138183,0.0,***,2020-03-18
9,temp_1,10.134284756665018,0.1263536470814111,80.20571618431703,0.0,***,2020-03-18
8,solar_power,-0.5535509797181213,0.0727903821113762,-7.604726938665271,2.864375403532904e-14,***,2020-03-18
7,temperature,6.8665826877845575,1.0413683400927598,6.593807804040708,4.286859756064132e-11,***,2020-03-18
14,cos_336_1,12.060329575248115,0.19656794633919217,61.354507689860824,0.0,***,2020-03-18
5,rainfall,0.15557559643798413,0.2997121153569613,0.5190834419646048,0.6037025544901125,,2020-03-18
4,intercept,5991.860665756855,0.027250130604166076,219883.7412118973,0.0,***,2020-03-18
3,sma1,-0.8549696793741685,0.01131337827933403,-75.57156299952668,0.0,***,2020-03-18
2,sar1,0.9950242745550031,0.0011613671044924255,856.769810946107,0.0,***,2020-03-18
1,ma1,0.4124508762331913,0.015735224721450752,26.211946987380824,0.0,***,2020-03-18
0,ar1,0.9887372099976457,0.002077549187296581,475.9151870114054,0.0,***,2020-03-18
6,pv_capacity,2.038427133725918,0.9180676743365466,2.2203451779292998,0.02639534538558408,*,2020-03-18
14,cos_336_1,10.288265456969507,0.22562448588536793,45.599064377244154,0.0,***,2020-03-19
13,sin_336_1,10.058947958059406,0.34139990549153854,29.463827600001235,0.0,***,2020-03-19
12,solar_16,0.3317338353851524,0.074015283870659,4.481963967940109,7.395923305342222e-06,***,2020-03-19
11,solar_4,0.38682572713308694,0.07039909166210634,5.494754520267529,3.912542689832321e-08,***,2020-03-19
10,temp_9,8.898287668448805,0.573369037336087,15.519302733525475,0.0,***,2020-03-19
9,temp_1,9.07583603685536,0.3757520002693476,24.15379300802017,0.0,***,2020-03-19
8,solar_power,-0.5474224816998188,0.0702979343845492,-7.787177340165728,6.8833827526759706e-15,***,2020-03-19
7,temperature,5.829868706875459,0.22409174222119507,26.0155445671039,0.0,***,2020-03-19
5,rainfall,0.1758704513702014,0.24833645392328962,0.7081942606159918,0.4788246298316654,,2020-03-19
4,intercept,7719.700092318297,0.04237476155830126,182176.83848668166,0.0,***,2020-03-19
3,sma1,-0.853557470600377,0.010436266450668471,-81.78762727409134,0.0,***,2020-03-19
2,sar1,0.995019596515416,0.0009878188628275795,1007.2895284336087,0.0,***,2020-03-19
1,ma1,0.41360458904627145,0.013916848137137556,29.719702692059588,0.0,***,2020-03-19
0,ar1,0.988759282269044,0.0020692839509136455,477.8267776312089,0.0,***,2020-03-19
6,pv_capacity,-1.5053626692288162,1.1047283201992009,-1.3626541853814107,0.1729915231229655,,2020-03-19
8,solar_power,-0.5813739630750234,0.06028692426360062,-9.643450386239708,0.0,***,2020-03-20
13,sin_336_1,11.404792754633108,0.578637053986395,19.70975186615211,0.0,***,2020-03-20
12,solar_16,0.3139678000578251,0.06422543097818728,4.888527726103654,1.015928911662911e-06,***,2020-03-20
11,solar_4,0.3817183699365335,0.06433875667540062,5.9329460135881105,2.975467205956761e-09,***,2020-03-20
10,temp_9,8.053487824912075,0.0507348578730208,158.73677709058225,0.0,***,2020-03-20
9,temp_1,6.497550397978372,0.4064493628371338,15.986125190659905,0.0,***,2020-03-20
7,temperature,5.157496891127835,0.568873819661121,9.066152656137636,0.0,***,2020-03-20
14,cos_336_1,13.089397614398093,0.1275450418268374,102.62568757607234,0.0,***,2020-03-20
5,rainfall,0.16363688558249123,0.22259129904087857,0.7351450226832071,0.4622511770860007,,2020-03-20
0,ar1,0.9889339358851166,0.0024890111107083155,397.32001662446925,0.0,***,2020-03-20
1,ma1,0.41160395708057657,0.011496818033504223,35.801554471948094,0.0,***,2020-03-20
6,pv_capacity,-4.880198060873681,0.03168530549440608,-154.0208618703475,0.0,***,2020-03-20
3,sma1,-0.8517265824495194,0.010357199438554232,-82.23522077589851,0.0,***,2020-03-20
4,intercept,11230.248821950616,0.06061119017012031,185283.4235795427,0.0,***,2020-03-20
2,sar1,0.9949088988572355,0.000763666412764868,1302.805625895147,0.0,***,2020-03-20
14,cos_336_1,13.34402349502425,0.047133986083618656,283.1083174538031,0.0,***,2020-03-21
13,sin_336_1,9.497809970872579,0.5555985867347992,17.094733855768634,0.0,***,2020-03-21
12,solar_16,0.29992462059714176,0.0635063079964825,4.722753220258907,2.326731152191286e-06,***,2020-03-21
11,solar_4,0.39122982042741405,0.06178198160524205,6.332425899304906,2.413362842901279e-10,***,2020-03-21
10,temp_9,8.500654210889751,0.08834360223929513,96.222635204122,0.0,***,2020-03-21
8,solar_power,-0.5985248819401505,0.06468524860867772,-9.25288059973316,0.0,***,2020-03-21
7,temperature,5.992033933809353,0.049364286213948415,121.38398816989758,0.0,***,2020-03-21
9,temp_1,8.186749907031327,0.03211734607505615,254.9011953820663,0.0,***,2020-03-21
5,rainfall,0.14801667316169187,0.25342735022592977,0.5840595856356287,0.5591802240089438,,2020-03-21
4,intercept,12715.201949443841,0.019268779356011772,659886.2187643845,0.0,***,2020-03-21
3,sma1,-0.8425301499855307,0.010567922633546022,-79.7252382706764,0.0,***,2020-03-21
2,sar1,0.9945213547765338,0.0007866094509410262,1264.3140170599033,0.0,***,2020-03-21
1,ma1,0.41111220632382744,0.01531368086585501,26.846073777107787,0.0,***,2020-03-21
0,ar1,0.9887804808213679,0.0019078674724096988,518.2647616359359,0.0,***,2020-03-21
6,pv_capacity,-6.09126042332764,0.09667351352826538,-63.00857598960317,0.0,***,2020-03-21
9,temp_1,8.394272815762463,0.6532314541564195,12.850380615248838,0.0,***,2020-03-22
13,sin_336_1,8.520094672492274,0.31693347490678825,26.88291186343783,0.0,***,2020-03-22
14,cos_336_1,12.526622276978058,0.10805630255747692,115.92680834433459,0.0,***,2020-03-22
12,solar_16,0.31878318844614234,0.0731128434523534,4.360153064678558,1.299714971114696e-05,***,2020-03-22
11,solar_4,0.4115808529378987,0.06822199879594978,6.032963856261765,1.6097942978632318e-09,***,2020-03-22
10,temp_9,7.268185152338241,0.19828330627741833,36.65555758975149,0.0,***,2020-03-22
8,solar_power,-0.6128455536633055,0.06533338592860355,-9.380281535278522,0.0,***,2020-03-22
1,ma1,0.4105620591083407,0.01225271154099322,33.50785315844137,0.0,***,2020-03-22
6,pv_capacity,-9.812806912174892,0.040892298693104685,-239.96711424367888,0.0,***,2020-03-22
5,rainfall,0.15768088864615493,0.3517591752289971,0.44826375472225805,0.653962855617586,,2020-03-22
4,intercept,14806.285985279681,0.03575733147983143,414076.92835330905,0.0,***,2020-03-22
3,sma1,-0.8438530234493213,0.01229539153360315,-68.63165122827375,0.0,***,2020-03-22
2,sar1,0.9946778384824343,0.0010777638654130488,922.9088767985628,0.0,***,2020-03-22
0,ar1,0.9887778754679764,0.0013865321641609615,713.1301393691938,0.0,***,2020-03-22
7,temperature,5.946368479570538,0.23385518356696738,25.42756756070673,0.0,***,2020-03-22
14,cos_336_1,11.103177430916455,0.20947534353111438,53.00469851845473,0.0,***,2020-03-23
13,sin_336_1,6.459710642628061,0.34606679915533717,18.66608024345186,0.0,***,2020-03-23
12,solar_16,0.3261446606856609,0.07062773479420947,4.6177986825708075,3.8783222739979806e-06,***,2020-03-23
11,solar_4,0.35614881461733133,0.07829696599293688,4.548692405903178,5.3980275889209395e-06,***,2020-03-23
10,temp_9,7.802661336898776,0.5658006988762605,13.790476668543675,0.0,***,2020-03-23
8,solar_power,-0.5943737041650081,0.06591364994851465,-9.017460034898313,0.0,***,2020-03-23
9,temp_1,7.21186122972999,0.029771000050222905,242.24450698880682,0.0,***,2020-03-23
7,temperature,5.736280553109282,0.31954508844230806,17.951396408788593,0.0,***,2020-03-23
5,rainfall,0.16357970729177396,0.41693477300454623,0.39233884502598276,0.6948078655223777,,2020-03-23
4,intercept,19252.788158876298,0.031022939491971203,620598.4498618823,0.0,***,2020-03-23
3,sma1,-0.8425768074958312,0.01244009954122936,-67.73071266056492,0.0,***,2020-03-23
2,sar1,0.9947589972362318,0.000892962402155347,1113.9987471310976,0.0,***,2020-03-23
1,ma1,0.40754034237722203,0.013532352364044306,30.11600137312887,0.0,***,2020-03-23
0,ar1,0.9899010230113628,0.001711981273511927,578.2195391545948,0.0,***,2020-03-23
6,pv_capacity,-15.139734184128429,0.176166548467466,-85.93989219766316,0.0,***,2020-03-23
13,sin_336_1,10.67944783621194,1.0669399247696805,10.009418138999068,0.0,***,2020-03-24
12,solar_16,0.3297733378807367,0.06407637389979921,5.146566789132399,2.6529703456290576e-07,***,2020-03-24
11,solar_4,0.35257151330378766,0.06250181893214725,5.640980043901501,1.6908496158762887e-08,***,2020-03-24
10,temp_9,7.8914082950352835,0.12058534816356258,65.44251366535292,0.0,***,2020-03-24
9,temp_1,7.3933199945025265,0.6316296864855399,11.70514963544511,0.0,***,2020-03-24
8,solar_power,-0.6043369874636397,0.059313648308975675,-10.188835195493919,0.0,***,2020-03-24
7,temperature,5.694793598349634,0.7663463062773491,7.431096818373161,1.0769163338864018e-13,***,2020-03-24
14,cos_336_1,13.729308240293232,0.6565451927908535,20.911444316471883,0.0,***,2020-03-24
5,rainfall,0.17612001052202686,0.20368192462872156,0.8646815903918057,0.387213576553584,,2020-03-24
4,intercept,20171.59663873631,0.6753744324474407,29867.279052359027,0.0,***,2020-03-24
3,sma1,-0.8427801781895247,0.012840478207891347,-65.63464105811721,0.0,***,2020-03-24
2,sar1,0.9950803822687222,0.0011221311537977646,886.777253176646,0.0,***,2020-03-24
1,ma1,0.4042124698651532,0.013710224892704447,29.48255575882236,0.0,***,2020-03-24
0,ar1,0.9904211592364188,0.0019486981140899506,508.2476100711727,0.0,***,2020-03-24
6,pv_capacity,-15.415914417534623,1.1868014676222627,-12.98946356075895,0.0,***,2020-03-24
14,cos_336_1,10.609582721608893,0.24597120967768188,43.1334331180937,0.0,***,2020-03-25
13,sin_336_1,5.906295090348654,0.32400509437168695,18.229019212806467,0.0,***,2020-03-25
12,solar_16,0.32139569452733896,0.07291694486627823,4.407695565368843,1.0447625331533317e-05,***,2020-03-25
11,solar_4,0.3456237337367028,0.07643815136962641,4.521612932073609,6.137020356344891e-06,***,2020-03-25
10,temp_9,8.036574702630194,0.3170122218083689,25.350993273338947,0.0,***,2020-03-25
9,temp_1,7.047139327087379,0.4947229662390638,14.244617307056666,0.0,***,2020-03-25
8,solar_power,-0.5867395622794049,0.07363581474079596,-7.96812752523722,1.5543122344752192e-15,***,2020-03-25
7,temperature,6.998848815360589,0.3444256563865108,20.320346889334385,0.0,***,2020-03-25
5,rainfall,0.16705771955685123,0.21323561343170522,0.7834419254284474,0.4333676443384573,,2020-03-25
4,intercept,17333.940914544346,0.019455189499754263,890967.4673054862,0.0,***,2020-03-25
3,sma1,-0.8608783613248739,0.008960773292081085,-96.07188277887344,0.0,***,2020-03-25
2,sar1,0.9958726754918813,2.4126072401809058e-05,41277.861514550015,0.0,***,2020-03-25
1,ma1,0.43188236276912345,0.014729801923037543,29.32031028154259,0.0,***,2020-03-25
0,ar1,0.989177097765749,0.002330388555758102,424.46874162749157,0.0,***,2020-03-25
6,pv_capacity,-14.65283181905761,0.603187426186534,-24.292336316914973,0.0,***,2020-03-25
14,cos_336_1,12.198655416304744,0.46157531123048784,26.428310005977206,0.0,***,2020-03-26
13,sin_336_1,8.679718581157397,0.6319714906022029,13.73435148615095,0.0,***,2020-03-26
12,solar_16,0.3316000708662401,0.07347539778436112,4.513076225043855,6.389404536344401e-06,***,2020-03-26
11,solar_4,0.3383781419296418,0.07152714405562628,4.7307654513157535,2.2367483434315716e-06,***,2020-03-26
10,temp_9,8.928390466767876,1.4397383873560445,6.201397799196072,5.596385577177898e-10,***,2020-03-26
9,temp_1,8.02353539754283,0.6362434404441368,12.61079468566609,0.0,***,2020-03-26
8,solar_power,-0.5858871665371268,0.07282215017967086,-8.045452724090039,8.881784197001252e-16,***,2020-03-26
7,temperature,5.227662925684399,0.06759877107702221,77.33369767518387,0.0,***,2020-03-26
5,rainfall,0.19354585727251106,0.021221608805236495,9.120225476249145,0.0,***,2020-03-26
0,ar1,0.9893295116034467,0.0022666183407963414,436.47820799679096,0.0,***,2020-03-26
1,ma1,0.4304724630270314,0.01400160176090167,30.744515547434766,0.0,***,2020-03-26
6,pv_capacity,-10.780656880419428,1.1452301395823081,-9.413528781517558,0.0,***,2020-03-26
3,sma1,-0.8626923881144816,0.011250380538890228,-76.68117403960987,0.0,***,2020-03-26
4,intercept,15302.037012019073,0.02017147542182651,758597.8066563009,0.0,***,2020-03-26
2,sar1,0.9959187253462263,0.0008154244825400735,1221.3500412005137,0.0,***,2020-03-26
13,sin_336_1,8.612296048256887,0.5764365651492092,14.940579014149833,0.0,***,2020-03-27
12,solar_16,0.3242435899652657,0.06819872010771584,4.754394062720563,1.9904247579027867e-06,***,2020-03-27
11,solar_4,0.32324497282502324,0.07108133506881568,4.547536600319639,5.427748328790116e-06,***,2020-03-27
10,temp_9,8.66697197295634,1.3375192273858283,6.479885892852452,9.179190740837839e-11,***,2020-03-27
9,temp_1,7.578684917090186,0.18767548479503002,40.38185874605442,0.0,***,2020-03-27
8,solar_power,-0.5737822631766463,0.06439376955633823,-8.910524529467763,0.0,***,2020-03-27
7,temperature,5.563695696754735,0.23788764787309816,23.387913355310925,0.0,***,2020-03-27
14,cos_336_1,13.668706459064367,0.26965119113164077,50.6903247921922,0.0,***,2020-03-27
5,rainfall,0.15966231634638461,0.3084540144665761,0.5176211326751448,0.6047226343584924,,2020-03-27
4,intercept,11292.260232342236,0.023442401149314614,481702.3717159788,0.0,***,2020-03-27
3,sma1,-0.8626562876562556,0.012470551474236067,-69.17547226668266,0.0,***,2020-03-27
2,sar1,0.995856518452811,0.000905086387427866,1100.2889141697308,0.0,***,2020-03-27
1,ma1,0.4283077632298746,0.012254608950833901,34.95074913840716,0.0,***,2020-03-27
0,ar1,0.989083165255604,0.0024069394667787236,410.9298048028281,0.0,***,2020-03-27
6,pv_capacity,-5.573558973076615,0.6522942978248587,-8.544546520891277,0.0,***,2020-03-27
14,cos_336_1,16.28335036424337,0.11948941607027636,136.27441575801575,0.0,***,2020-03-28
13,sin_336_1,11.00655602318648,0.1498899731735324,73.43090261577296,0.0,***,2020-03-28
12,solar_16,0.28678142825208547,0.045257240416109026,6.336697191771495,2.3474266974687907e-10,***,2020-03-28
11,solar_4,0.28758808002016567,0.05225001136794463,5.504076888997595,3.711075713397349e-08,***,2020-03-28
10,temp_9,8.448278982794593,0.056398324493058725,149.79663063987604,0.0,***,2020-03-28
9,temp_1,6.152566254057781,0.10989417866924821,55.98627997007324,0.0,***,2020-03-28
8,solar_power,-0.5624362201117741,0.054304417253935026,-10.357098898267223,0.0,***,2020-03-28
7,temperature,4.614881171345246,0.0370029719336504,124.71650059946903,0.0,***,2020-03-28
5,rainfall,0.165282688444222,0.10218079302932577,1.6175514354912675,0.10575930236767506,,2020-03-28
4,intercept,5521.633185714116,0.09991107144906014,55265.47864647144,0.0,***,2020-03-28
3,sma1,-0.8734697436243165,0.007778443811957706,-112.29363671452408,0.0,***,2020-03-28
2,sar1,0.996356437705488,0.0004001593963635767,2489.8988921909977,0.0,***,2020-03-28
0,ar1,0.9890193531264717,0.0021522140365836176,459.53577865165386,0.0,***,2020-03-28
6,pv_capacity,2.872995809730355,0.05887956859435098,48.794443952600496,0.0,***,2020-03-28
1,ma1,0.4327383890070858,0.013080608695694045,33.082435158352936,0.0,***,2020-03-28
14,cos_336_1,12.348900842220546,0.5150159995234344,23.97770332115409,0.0,***,2020-03-29
8,solar_power,-0.5567613851991382,0.06452743794771362,-8.628289033422963,0.0,***,2020-03-29
13,sin_336_1,11.072276008693864,0.4426700463356512,25.012480741239028,0.0,***,2020-03-29
12,solar_16,0.21756876721886947,0.0587825983760518,3.701244470804265,0.00021454464428871667,***,2020-03-29
11,solar_4,0.22754201580353428,0.05379689203407999,4.229649840354864,2.3405533919218513e-05,***,2020-03-29
10,temp_9,8.057802733394837,0.10340604137672973,77.92390682512044,0.0,***,2020-03-29
9,temp_1,4.08095896036793,0.18690278261620188,21.83466133165086,0.0,***,2020-03-29
7,temperature,1.6471215820818088,1.0754782569016745,1.5315247625990793,0.12563975122299653,,2020-03-29
5,rainfall,0.1861065331777354,0.21538095614114747,0.8640807270619255,0.38754354556786064,,2020-03-29
4,intercept,9172.654787469874,0.025646540271255597,357656.61529600155,0.0,***,2020-03-29
3,sma1,-0.8825766308472426,0.008795169286321828,-100.34788440284126,0.0,***,2020-03-29
2,sar1,0.996975551611829,0.0005355327553674131,1861.6518627844414,0.0,***,2020-03-29
1,ma1,0.4118467753982193,0.014294437812316877,28.81168051557434,0.0,***,2020-03-29
0,ar1,0.9884460834674205,0.0011042222225069488,895.1514136559593,0.0,***,2020-03-29
6,pv_capacity,-2.5441024666390604,0.1636794183570248,-15.543203245564763,0.0,***,2020-03-29
13,sin_336_1,8.846928568304074,0.4630242803473748,19.10683509224795,0.0,***,2020-03-30
12,solar_16,0.21121019106394734,0.05614697494714258,3.7617376762111063,0.00016873697093222617,***,2020-03-30
11,solar_4,0.1812448628541814,0.058025827255394256,3.123520532614765,0.0017870139636935178,**,2020-03-30
10,temp_9,7.262578768739076,1.3261230197947864,5.476549807470304,4.3369873914400614e-08,***,2020-03-30
9,temp_1,4.728986769525363,0.865370942453046,5.4646932749096235,4.637079009661704e-08,***,2020-03-30
8,solar_power,-0.5550145813883951,0.05816649460067579,-9.541826187028757,0.0,***,2020-03-30
7,temperature,1.414117662847957,1.2301104533563665,1.1495859245724849,0.25031445817883613,,2020-03-30
14,cos_336_1,12.33610966287044,0.10363443484957457,119.03485246748639,0.0,***,2020-03-30
5,rainfall,0.23488638115873073,0.15868962114816046,1.480162215142156,0.13882996140939108,,2020-03-30
4,intercept,9563.768225331001,0.025528522499265942,374630.6988822405,0.0,***,2020-03-30
3,sma1,-0.8781015976250048,0.00962309236813805,-91.24942004426657,0.0,***,2020-03-30
2,sar1,0.9969430019420363,0.0006652588454177236,1498.579100163703,0.0,***,2020-03-30
1,ma1,0.3936709231447577,0.01404476759700043,28.029721419444122,0.0,***,2020-03-30
0,ar1,0.9856558788595462,0.0017228011775535965,572.123987202744,0.0,***,2020-03-30
6,pv_capacity,-3.3503332151608447,3.161922330461035,-1.0595874487126753,0.28933232614577653,,2020-03-30
14,cos_336_1,12.02712558078047,0.5050962416535297,23.81155231210464,0.0,***,2020-03-31
13,sin_336_1,9.469476521114695,1.0463596528113783,9.049925133936435,0.0,***,2020-03-31
12,solar_16,0.2825598132663854,0.05237588791735956,5.394845309586308,6.858261225595186e-08,***,2020-03-31
11,solar_4,0.10913121268803139,0.05926753341616747,1.8413321155400353,0.06557290415219774,.,2020-03-31
10,temp_9,7.9476586419379585,0.753177876030857,10.552166884960851,0.0,***,2020-03-31
9,temp_1,3.9399298605061794,0.6532930473115725,6.0308767661308424,1.630725110501885e-09,***,2020-03-31
8,solar_power,-0.5332790939555068,0.05756956091480256,-9.26321280693297,0.0,***,2020-03-31
7,temperature,0.9100981636244114,0.561129963403841,1.6219026303705344,0.10482419825948663,,2020-03-31
5,rainfall,0.11379268402856724,0.13566715060751847,0.8387637207607206,0.40160191285308544,,2020-03-31
4,intercept,9051.518389783943,0.06471792015965121,139861.08279522817,0.0,***,2020-03-31
3,sma1,-0.8792513756320703,0.0076487460564153755,-114.95366288106786,0.0,***,2020-03-31
2,sar1,0.9969867980453534,0.00031029886174910944,3212.988898591133,0.0,***,2020-03-31
1,ma1,0.37985778434984474,0.012988867466046175,29.24487337659115,0.0,***,2020-03-31
0,ar1,0.9851640528580977,0.0024660151131157353,399.49635653829097,0.0,***,2020-03-31
6,pv_capacity,-2.9752391129854914,0.33444527268953717,-8.896041762107314,0.0,***,2020-03-31
9,temp_1,3.0994036005099908,0.043138526127851406,71.84769343588981,0.0,***,2020-04-01
14,cos_336_1,12.489189485918937,0.07765982178195834,160.81918808652716,0.0,***,2020-04-01
13,sin_336_1,10.050848448911408,0.10955013918674349,91.74656028303474,0.0,***,2020-04-01
12,solar_16,0.29140288598471203,0.0508468327411886,5.730993854975365,9.984388427142221e-09,***,2020-04-01
11,solar_4,0.10771715368191867,0.05116031090923736,2.1054827808419274,0.035249304650960545,*,2020-04-01
10,temp_9,7.765026742422636,0.06513517996144857,119.21402147070917,0.0,***,2020-04-01
8,solar_power,-0.5319974010069224,0.06964843087425919,-7.638325721470619,2.19824158875781e-14,***,2020-04-01
3,sma1,-0.8812637106935913,0.007669337917598524,-114.90740402393675,0.0,***,2020-04-01
6,pv_capacity,-4.171583458050691,0.0400710766636262,-104.10460125812818,0.0,***,2020-04-01
5,rainfall,0.1325462188963229,0.08462382535944271,1.5662990692435388,0.11727861881014712,,2020-04-01
4,intercept,9694.776677860405,0.022131722971520808,438048.88983725687,0.0,***,2020-04-01
7,temperature,1.257440219109526,0.04036368566139132,31.152760173045667,0.0,***,2020-04-01
2,sar1,0.997078820208325,0.00039212306924072115,2542.7701107690414,0.0,***,2020-04-01
1,ma1,0.38291608795305115,0.012757660082377945,30.0146018533579,0.0,***,2020-04-01
0,ar1,0.9851022299473522,0.001962330779311267,502.00620625901837,0.0,***,2020-04-01
14,cos_336_1,12.805618736528187,0.06830870265624694,187.4668708168928,0.0,***,2020-04-02
13,sin_336_1,10.036809018557312,0.666928154634664,15.049310707321041,0.0,***,2020-04-02
12,solar_16,0.28271541936940603,0.05372398016254358,5.262369216019396,1.4221081934273627e-07,***,2020-04-02
11,solar_4,0.09896119041071139,0.0524996322513122,1.8849882592889573,0.05943142295164372,.,2020-04-02
10,temp_9,7.253445698566846,0.4871843530486661,14.88850299312113,0.0,***,2020-04-02
9,temp_1,2.9211433788538557,0.6982728629710834,4.183383794158452,2.8720192642106568e-05,***,2020-04-02
8,solar_power,-0.5263104319342276,0.043509528449646055,-12.096440726617644,0.0,***,2020-04-02
7,temperature,1.530378712588913,0.536260780636933,2.853795705088178,0.004320030231089733,**,2020-04-02
6,pv_capacity,-2.5315126371920087,0.7082103869440552,-3.57452062813643,0.0003508701508616596,***,2020-04-02
5,rainfall,0.14275958899042962,0.15087977712155115,0.9461810702134072,0.344056239536366,,2020-04-02
4,intercept,9800.81282719193,0.12070529992224499,81196.20955753677,0.0,***,2020-04-02
3,sma1,-0.8797965376175453,0.009019486425546426,-97.54397269512434,0.0,***,2020-04-02
2,sar1,0.9970791392010707,0.0004875566405101502,2045.0529361220197,0.0,***,2020-04-02
1,ma1,0.3817559283772269,0.01262284520796961,30.24325515266558,0.0,***,2020-04-02
0,ar1,0.9852714833115694,0.002026213196119009,486.26249458781035,0.0,***,2020-04-02
13,sin_336_1,10.713314775913677,0.36046642231347825,29.720701049366767,0.0,***,2020-04-03
12,solar_16,0.28080903759119324,0.056088860531777314,5.006502805171092,5.542785432854913e-07,***,2020-04-03
11,solar_4,0.08851871679050882,0.050262249780445474,1.7611371790394275,0.07821518763571667,.,2020-04-03
10,temp_9,6.782646781188686,0.028645654715196357,236.77750949048934,0.0,***,2020-04-03
9,temp_1,3.4170434915247085,0.15748964270871624,21.696941035320496,0.0,***,2020-04-03
8,solar_power,-0.5333290325574289,0.0457447453233906,-11.658804279859494,0.0,***,2020-04-03
7,temperature,1.7273972955280215,0.46564873621486735,3.709657433132036,0.00020753987152044573,***,2020-04-03
14,cos_336_1,12.426484187913898,0.05657865383646409,219.63202277367046,0.0,***,2020-04-03
5,rainfall,0.2295904164170679,0.047308641644802286,4.853033366310837,1.2158722419997048e-06,***,2020-04-03
4,intercept,7415.55473349298,0.2263940954363475,32755.071280460677,0.0,***,2020-04-03
3,sma1,-0.8747626959256639,0.007939647358492181,-110.1765174734146,0.0,***,2020-04-03
2,sar1,0.9967414325122865,0.00019667983568573026,5067.837427447084,0.0,***,2020-04-03
1,ma1,0.3811028598561849,0.015331591780139252,24.85735762609272,0.0,***,2020-04-03
0,ar1,0.9850401897890868,0.0011332344228560745,869.2289696835225,0.0,***,2020-04-03
6,pv_capacity,0.3209809490115276,0.10479577426418958,3.0629188177219473,0.0021918951463384406,**,2020-04-03
13,sin_336_1,9.700097333345335,1.2726674127685902,7.621863525399395,2.5091040356528538e-14,***,2020-04-04
12,solar_16,0.27573943488322705,0.05360620238796964,5.143797221216864,2.692401444015502e-07,***,2020-04-04
11,solar_4,0.08804107603888002,0.055955952666793804,1.5733996445944998,0.1156263092573886,,2020-04-04
10,temp_9,6.45722205160361,0.7329777971569956,8.809573873382341,0.0,***,2020-04-04
9,temp_1,3.6001092474452125,0.5761169437333763,6.248920964059205,4.132980624405036e-10,***,2020-04-04
8,solar_power,-0.5214231101100779,0.058802062416267946,-8.867428941843086,0.0,***,2020-04-04
7,temperature,1.7383637270355052,0.17629152420502572,9.860733434999412,0.0,***,2020-04-04
14,cos_336_1,13.93217389748615,0.19644755618197532,70.92057630169934,0.0,***,2020-04-04
5,rainfall,0.21583185891392986,0.211107841831294,1.0223772695588023,0.3066023744920128,,2020-04-04
4,intercept,5287.673582519789,0.05746077366052491,92022.31793395393,0.0,***,2020-04-04
3,sma1,-0.8706774631354324,0.011346250502865264,-76.73702100227389,0.0,***,2020-04-04
2,sar1,0.9965126591509147,0.000830517344871277,1199.8697743096088,0.0,***,2020-04-04
1,ma1,0.3807081626309246,0.014690430527869901,25.915384978586257,0.0,***,2020-04-04
0,ar1,0.9850888524233412,0.002285299362667328,431.0546217776813,0.0,***,2020-04-04
6,pv_capacity,3.4300125788706737,0.2268810764279557,15.118107833730448,0.0,***,2020-04-04
14,cos_336_1,13.916009749571947,0.012807264979315466,1086.571549198613,0.0,***,2020-04-05
13,sin_336_1,10.858056919270147,0.09209075655641959,117.90604535448611,0.0,***,2020-04-05
12,solar_16,0.2864321001799004,0.03647681659251484,7.852442371264306,3.9968028886505635e-15,***,2020-04-05
11,solar_4,0.07664858750338957,0.0424703534823794,1.80475511076663,0.07111301166045303,.,2020-04-05
10,temp_9,6.071289980037587,0.021069251271998657,288.1587912953708,0.0,***,2020-04-05
9,temp_1,3.7568679481089085,0.08276328520987995,45.392929226792326,0.0,***,2020-04-05
8,solar_power,-0.5588486799537975,0.029713414959321036,-18.80795865163549,0.0,***,2020-04-05
7,temperature,1.812765371306341,0.06808917224075768,26.623401513775974,0.0,***,2020-04-05
5,rainfall,0.05965063301209739,0.08849564996806128,0.6740515837063825,0.5002785192364059,,2020-04-05
4,intercept,10575.525819231581,0.018125428976433947,583463.4773599849,0.0,***,2020-04-05
3,sma1,-0.8703424720876727,0.0072649571804494755,-119.80008284561224,0.0,***,2020-04-05
2,sar1,0.9966355353236493,0.0001380747409529575,7218.08730869324,0.0,***,2020-04-05
1,ma1,0.3801354866100523,0.011551488357456195,32.90792275825517,0.0,***,2020-04-05
0,ar1,0.9856612283055938,0.0005164211293628227,1908.638458542033,0.0,***,2020-04-05
6,pv_capacity,-4.190599183725681,0.025903488782264613,-161.77740453999638,0.0,***,2020-04-05
8,solar_power,-0.5557365837786441,0.07594684444172939,-7.317441400808113,2.5268676040468563e-13,***,2020-04-06
13,sin_336_1,8.95872436005503,0.14943611864597856,59.95019437890169,0.0,***,2020-04-06
12,solar_16,0.2984654745564447,0.050560677770662046,5.90311458857915,3.5670233433648946e-09,***,2020-04-06
11,solar_4,0.07131592905706297,0.042324466313944195,1.684981176799086,0.09199220320588375,.,2020-04-06
10,temp_9,5.284488825264592,0.019826713176520433,266.53378087512203,0.0,***,2020-04-06
9,temp_1,4.130179567662282,0.11931392166062103,34.616074219823645,0.0,***,2020-04-06
7,temperature,0.8307368072673853,0.13377544655308202,6.209934847332013,5.300657690554544e-10,***,2020-04-06
14,cos_336_1,14.084590540429728,0.02041152660462938,690.0312168338899,0.0,***,2020-04-06
5,rainfall,0.21140325659598602,0.04625257472939267,4.570626777705482,4.8626763820003305e-06,***,2020-04-06
0,ar1,0.9863160795597652,0.0015186363060120842,649.4748450666349,0.0,***,2020-04-06
1,ma1,0.3763833894386449,0.013703617216757242,27.46598824859109,0.0,***,2020-04-06
6,pv_capacity,-6.979211925174241,0.1413531087885941,-49.374307965255014,0.0,***,2020-04-06
3,sma1,-0.8642981002810469,0.00876610979400945,-98.59539985133287,0.0,***,2020-04-06
4,intercept,12937.33470153442,0.0631746804061489,204786.70597714977,0.0,***,2020-04-06
2,sar1,0.9964387765407853,0.0004319242904683159,2306.9755476368136,0.0,***,2020-04-06
13,sin_336_1,9.86472870904533,3.044467081694702,3.2402152640632695,0.0011943949361843398,**,2020-04-07
12,solar_16,0.309207882758495,0.06111672297032776,5.059300756498606,4.2079670925510015e-07,***,2020-04-07
11,solar_4,0.08606359149399923,0.06006545846705257,1.4328300106326048,0.15190642266263343,,2020-04-07
10,temp_9,5.372870832734019,0.21453877807231905,25.04382135952538,0.0,***,2020-04-07
9,temp_1,4.406236690701164,1.04084570091059,4.233323620250669,2.302627853523198e-05,***,2020-04-07
8,solar_power,-0.5664659756917478,0.06030925457326444,-9.392687402620734,0.0,***,2020-04-07
7,temperature,1.048233536506359,0.8532220794065679,1.2285588498078077,0.21923725197719923,,2020-04-07
14,cos_336_1,12.510357473750558,0.4200698607658336,29.781611684644073,0.0,***,2020-04-07
5,rainfall,-0.15395418718026121,1.0365656789371664,-0.14852333075325896,0.8819297748658312,,2020-04-07
4,intercept,13902.61969717512,0.19302636096938944,72024.46146399573,0.0,***,2020-04-07
3,sma1,-0.8589810553930501,0.010983519916846509,-78.20635478391095,0.0,***,2020-04-07
2,sar1,0.9961144259834285,0.0008003404309340049,1244.6134013509145,0.0,***,2020-04-07
1,ma1,0.3762047439062154,0.0129878579857066,28.96588061866986,0.0,***,2020-04-07
0,ar1,0.9858829007586266,0.0025742066272611158,382.98514591564805,0.0,***,2020-04-07
6,pv_capacity,-8.000874378798471,1.2871554307767987,-6.215934911582466,5.101994382528119e-10,***,2020-04-07
14,cos_336_1,10.183981030800277,0.026861098296139023,379.13494521049086,0.0,***,2020-04-08
13,sin_336_1,10.144117204811483,0.09781249786913593,103.70982671747504,0.0,***,2020-04-08
12,solar_16,0.323786796203161,0.07982232358997085,4.056343910337417,4.984684776898618e-05,***,2020-04-08
11,solar_4,0.10214119083374074,0.06029779136471995,1.6939458066701798,0.0902755815055174,.,2020-04-08
10,temp_9,5.099719741381573,0.0234871317463325,217.12824692516534,0.0,***,2020-04-08
9,temp_1,4.030173167504586,0.05654441334618437,71.27447132275435,0.0,***,2020-04-08
8,solar_power,-0.577989224487002,0.14769252053611784,-3.913463067655184,9.098182127820209e-05,***,2020-04-08
7,temperature,1.3041759252566862,0.07405154182475367,17.611732222174087,0.0,***,2020-04-08
5,rainfall,-0.26136973043730904,0.10838188443561578,-2.411562889853384,0.01588431214317687,*,2020-04-08
4,intercept,12230.903777955557,0.02814194225843158,434614.77056691307,0.0,***,2020-04-08
3,sma1,-0.8496203299337142,0.009648905062137468,-88.05354850755496,0.0,***,2020-04-08
2,sar1,0.995422767161197,0.0010270760456313735,969.1811734829058,0.0,***,2020-04-08
0,ar1,0.9851576721396357,0.002948135020053585,334.163009983759,0.0,***,2020-04-08
6,pv_capacity,-6.441463261979607,0.04984763959816944,-129.22303470947415,0.0,***,2020-04-08
1,ma1,0.3809457644067897,0.01548608403660594,24.599231381304126,0.0,***,2020-04-08
14,cos_336_1,11.347317357410937,0.40112580659102043,28.288674453150872,0.0,***,2020-04-09
8,solar_power,-0.6098083781183599,0.06535929732669973,-9.330093851380022,0.0,***,2020-04-09
13,sin_336_1,8.960769895366017,1.0647526963001388,8.415822684932747,0.0,***,2020-04-09
12,solar_16,0.31036751014331254,0.05501141117981642,5.64187508531295,1.6820812298590226e-08,***,2020-04-09
11,solar_4,0.08650907031260263,0.06662264213054078,1.2984935383243472,0.19411779531952167,,2020-04-09
10,temp_9,4.513701651882964,0.15666385492589283,28.81137869368843,0.0,***,2020-04-09
9,temp_1,3.9088042328964434,0.14586551771086356,26.797315049088734,0.0,***,2020-04-09
7,temperature,1.261000131904325,0.08616523978087012,14.63467327557167,0.0,***,2020-04-09
5,rainfall,-0.50722773958978,0.7031106067362177,-0.7214053304419483,0.470660167953846,,2020-04-09
4,intercept,9698.401255916244,0.0620727728844495,156242.43618003235,0.0,***,2020-04-09
3,sma1,-0.8404360331954173,0.011925977335181692,-70.47104061787262,0.0,***,2020-04-09
2,sar1,0.9948640228058648,0.0011000590243111033,904.3733116310597,0.0,***,2020-04-09
1,ma1,0.3817656732113381,0.013883925845533156,27.4969542086803,0.0,***,2020-04-09
0,ar1,0.9847196666727248,0.0026918883467958897,365.809996482514,0.0,***,2020-04-09
6,pv_capacity,-2.700551396040737,0.04294269891771379,-62.88732343571364,0.0,***,2020-04-09
13,sin_336_1,9.60321931846566,4.633431447816136,2.0725933741810127,0.03821013819778574,*,2020-04-10
12,solar_16,0.32381332365833204,0.06279174987023178,5.156940590563872,2.5101740197541744e-07,***,2020-04-10
11,solar_4,0.10343130116587018,0.05704306139357283,1.8132144144971156,0.06979875746095554,.,2020-04-10
10,temp_9,4.253271864108348,0.20798454255851181,20.449942153329904,0.0,***,2020-04-10
9,temp_1,3.471799173081674,0.9324171790400507,3.72343973397829,0.00019652678921810995,***,2020-04-10
8,solar_power,-0.6159657396412814,0.05495906345399636,-11.207718999012371,0.0,***,2020-04-10
7,temperature,1.273887035104508,0.5553130017738909,2.29399821548425,0.021790601244048968,*,2020-04-10
14,cos_336_1,12.068898075730285,0.9323595184314912,12.944468133959523,0.0,***,2020-04-10
5,rainfall,-0.5186536572480236,0.8905900878502251,-0.5823707947390137,0.560316949118117,,2020-04-10
4,intercept,7840.916256710492,0.17473794044894328,44872.43146259659,0.0,***,2020-04-10
3,sma1,-0.8304627579243512,0.01165546247778926,-71.2509486008717,0.0,***,2020-04-10
2,sar1,0.9940487647650228,0.001095517822196384,907.3779947934323,0.0,***,2020-04-10
1,ma1,0.37788743659899504,0.014456158649546493,26.140238618012802,0.0,***,2020-04-10
0,ar1,0.9841013431305088,0.002386766985725592,412.31563408412734,0.0,***,2020-04-10
6,pv_capacity,0.056088273929844945,1.2891027350085493,0.04350954536565541,0.9652953556316388,,2020-04-10
14,cos_336_1,11.157585140895362,0.01841988775714759,605.7357834097447,0.0,***,2020-04-11
13,sin_336_1,9.947295057156305,0.03012381723572933,330.21363060714606,0.0,***,2020-04-11
12,solar_16,0.3152537932720826,0.06883193243824558,4.58005146891555,4.64861519322568e-06,***,2020-04-11
11,solar_4,0.1074592431940595,0.08403962043950383,1.2786735902908362,0.2010120234795354,,2020-04-11
10,temp_9,4.209407782953323,0.0372758612533306,112.92583568614964,0.0,***,2020-04-11
9,temp_1,2.6016798242100556,0.027162614482671724,95.78164229624458,0.0,***,2020-04-11
8,solar_power,-0.6335912605355989,0.0784662655568053,-8.074696253728467,6.661338147750939e-16,***,2020-04-11
7,temperature,0.39780618798317846,0.05512127113891181,7.216926964196128,5.3179682879545e-13,***,2020-04-11
5,rainfall,-0.558390931654003,0.02991688778566952,-18.664739984132897,0.0,***,2020-04-11
4,intercept,7495.603178009233,0.019276911494341558,388838.3873220278,0.0,***,2020-04-11
3,sma1,-0.8173627785101083,0.014095178341148082,-57.98882133502203,0.0,***,2020-04-11
2,sar1,0.9929397316585195,0.001420010629140723,699.2480980648485,0.0,***,2020-04-11
1,ma1,0.37987028195954753,0.014266937234219002,26.625916671760162,0.0,***,2020-04-11
0,ar1,0.9840162990942454,0.002691529914249062,365.59738529556205,0.0,***,2020-04-11
6,pv_capacity,0.2982101227462408,0.04335492076547319,6.878345467620555,6.055156376305604e-12,***,2020-04-11
9,temp_1,2.6847285994994685,0.025064510413933712,107.11274847032281,0.0,***,2020-04-12
14,cos_336_1,11.865767417843207,0.03260515880335995,363.9230064605741,0.0,***,2020-04-12
13,sin_336_1,11.07139938633235,0.026873440646820523,411.98295119096485,0.0,***,2020-04-12
12,solar_16,0.3347818123893917,0.028792264085530248,11.627491724683042,0.0,***,2020-04-12
11,solar_4,0.08322307657331562,0.028075087870377685,2.9643033338864506,0.0030336908589883027,**,2020-04-12
10,temp_9,5.130552315244367,0.015145010888853134,338.7618769571503,0.0,***,2020-04-12
8,solar_power,-0.6287009665954115,0.03868486655928276,-16.2518582203704,0.0,***,2020-04-12
7,temperature,0.5074613197976987,0.03380334684069637,15.012162026120981,0.0,***,2020-04-12
6,pv_capacity,-2.615938766690533,0.038535783295462145,-67.88336820958244,0.0,***,2020-04-12
5,rainfall,-0.5964819525629537,0.06304623512198178,-9.461024142185193,0.0,***,2020-04-12
4,intercept,9440.841574827944,0.017713232160402954,532982.4330949873,0.0,***,2020-04-12
3,sma1,-0.8105819745208869,0.0068348286002300526,-118.59580128953104,0.0,***,2020-04-12
2,sar1,0.9926193066890389,0.0005682238251943007,1746.8808287818956,0.0,***,2020-04-12
1,ma1,0.37750077668167287,0.011044910728199256,34.1787078204135,0.0,***,2020-04-12
0,ar1,0.9845662139289915,0.0012342392946273044,797.710961087408,0.0,***,2020-04-12
14,cos_336_1,10.928791068888208,0.07889507024284946,138.52311729044595,0.0,***,2020-04-13
13,sin_336_1,10.063073281321541,0.5341426248802741,18.839674672241593,0.0,***,2020-04-13
12,solar_16,0.33503159939036886,0.06027491223955211,5.558392155907989,2.722711034408576e-08,***,2020-04-13
11,solar_4,0.07094142274031773,0.06008681367905339,1.1806487712802172,0.23774228031092148,,2020-04-13
10,temp_9,5.19742877919783,0.30327699520128226,17.137563552251443,0.0,***,2020-04-13
9,temp_1,2.250070688928105,0.2601778659987973,8.648201799527813,0.0,***,2020-04-13
8,solar_power,-0.6544701717854707,0.06372826584236069,-10.269700001007076,0.0,***,2020-04-13
7,temperature,0.0674786790991675,0.38998307862321624,0.17302976154091623,0.8626280341143113,,2020-04-13
6,pv_capacity,-4.864376416782761,0.09291473355598019,-52.35312238023072,0.0,***,2020-04-13
5,rainfall,-0.3005735233625728,0.3017260849259655,-0.9961801063249952,0.31916264347161993,,2020-04-13
4,intercept,11208.97280259355,0.0612748258735754,182929.49254103695,0.0,***,2020-04-13
3,sma1,-0.8006310685316071,0.01250677168148043,-64.01580591074134,0.0,***,2020-04-13
2,sar1,0.9925452977307211,0.0013320764269994397,745.111374702781,0.0,***,2020-04-13
1,ma1,0.37197603925290884,0.013382872746199315,27.794932097710383,0.0,***,2020-04-13
0,ar1,0.9851700432357648,0.003280637980920608,300.29831056193154,0.0,***,2020-04-13
13,sin_336_1,9.060023333117357,1.8271769558958426,4.958481609503081,7.104626251752677e-07,***,2020-04-14
12,solar_16,0.3411171378499199,0.06163123595187965,5.534809298912274,3.1156716095992465e-08,***,2020-04-14
11,solar_4,0.028150175593165627,0.06555865109629241,0.4293891823951458,0.6676400248602299,,2020-04-14
10,temp_9,5.738866506331824,0.29331387059648634,19.565615818512782,0.0,***,2020-04-14
9,temp_1,2.386505261824663,0.9257214355022876,2.577995032090586,0.009937542665099164,**,2020-04-14
8,solar_power,-0.6625343248091089,0.07048157485490736,-9.400106711193603,0.0,***,2020-04-14
7,temperature,0.4701637410570356,0.5312214841327407,0.8850616082002284,0.3761234043258048,,2020-04-14
14,cos_336_1,11.2525563102646,0.7725013611547548,14.566390269454013,0.0,***,2020-04-14
5,rainfall,-0.3983621944944389,1.0298485768803571,-0.3868162790506227,0.6988922246590152,,2020-04-14
4,intercept,10515.66507456638,0.032774560165582375,320848.3964831119,0.0,***,2020-04-14
3,sma1,-0.7928328429163085,0.013266507440833903,-59.76198682676598,0.0,***,2020-04-14
2,sar1,0.9918177956991086,0.00154589416038819,641.5819537412916,0.0,***,2020-04-14
1,ma1,0.3698050210671135,0.015220424080344313,24.29663057448448,0.0,***,2020-04-14
0,ar1,0.985037693138585,0.00265408288957216,371.1405159984938,0.0,***,2020-04-14
6,pv_capacity,-4.074064907717911,0.25972297380323073,-15.68619382436485,0.0,***,2020-04-14
13,sin_336_1,10.735742341740673,1.5548409444598064,6.904720627530528,5.030198479971659e-12,***,2020-04-15
12,solar_16,0.31372608251533174,0.044737531108019014,7.012592665380626,2.33946195749013e-12,***,2020-04-15
11,solar_4,0.01265804765837375,0.06551740885044298,0.19320128619964747,0.8468013314721645,,2020-04-15
10,temp_9,5.717765829460598,0.08148498914357369,70.16955993435914,0.0,***,2020-04-15
9,temp_1,2.406727410133282,0.34127753401437755,7.052112050340501,1.7621459846850485e-12,***,2020-04-15
8,solar_power,-0.6403658931525111,0.062007579584505236,-10.327219630945391,0.0,***,2020-04-15
7,temperature,-3.2314132972692278,0.21071649449896748,-15.335359981916659,0.0,***,2020-04-15
14,cos_336_1,9.275063818974752,0.9862135468867008,9.404721571970354,0.0,***,2020-04-15
5,rainfall,-0.014420347298255365,1.048915153554668,-0.013747868213540685,0.989031133735933,,2020-04-15
4,intercept,9735.4857240075,0.30364573804351375,32061.987060106087,0.0,***,2020-04-15
3,sma1,-0.7860000834267351,0.01285672277349692,-61.13533730749875,0.0,***,2020-04-15
2,sar1,0.9914438040480655,0.0013230265168411295,749.3756107135675,0.0,***,2020-04-15
1,ma1,0.35804853442881174,0.013671910044708644,26.188625675414322,0.0,***,2020-04-15
0,ar1,0.9843897060332816,0.00239573125618392,410.89320995097046,0.0,***,2020-04-15
6,pv_capacity,-3.109873302887081,0.10418753876538388,-29.848802838985296,0.0,***,2020-04-15
14,cos_336_1,9.783527922772548,0.04030585946913971,242.73214990647529,0.0,***,2020-04-16
13,sin_336_1,9.032234325632897,0.05219758045704065,173.0393295349495,0.0,***,2020-04-16
12,solar_16,0.301269231732484,0.07133757285604678,4.223149452258769,2.4091195230502294e-05,***,2020-04-16
11,solar_4,0.016529938585132575,0.0665518003258806,0.24837703118760607,0.803842703329706,,2020-04-16
10,temp_9,6.351806697339688,0.02422959467195183,262.1507616341819,0.0,***,2020-04-16
9,temp_1,2.5101081893455124,0.07703153740625943,32.58546140793428,0.0,***,2020-04-16
8,solar_power,-0.6455116328621342,0.08947269333010668,-7.214621677706061,5.409006575973763e-13,***,2020-04-16
7,temperature,-3.2405001064228145,0.04573734153265371,-70.85020680769766,0.0,***,2020-04-16
5,rainfall,-0.06851024129991856,0.018957402252383817,-3.6139044995631546,0.0003016201977827926,***,2020-04-16
4,intercept,11041.547962820701,0.01829248961034113,603611.0009092847,0.0,***,2020-04-16
3,sma1,-0.7820416447934104,0.015152960930622017,-51.609823873630766,0.0,***,2020-04-16
2,sar1,0.9912290038019322,0.0015635553448098821,633.9583738383492,0.0,***,2020-04-16
1,ma1,0.3599249209962913,0.014633597257389105,24.595792453871887,0.0,***,2020-04-16
0,ar1,0.9847582394269547,0.0023696002081836152,415.5799092294171,0.0,***,2020-04-16
6,pv_capacity,-4.888760022729002,0.054210275071402504,-90.18142808332594,0.0,***,2020-04-16
8,solar_power,-0.6570749199254413,0.05190430899990693,-12.659352038124995,0.0,***,2020-04-17
13,sin_336_1,10.37864150440932,1.0455404335815168,9.926580714680831,0.0,***,2020-04-17
12,solar_16,0.320373152285425,0.04579938316887651,6.995141203192846,2.6498803151753236e-12,***,2020-04-17
11,solar_4,0.017891145588293522,0.047862006888561855,0.3738068407776937,0.7085480296616473,,2020-04-17
10,temp_9,6.897892213689692,0.3270608800091648,21.090545018702336,0.0,***,2020-04-17
9,temp_1,3.092063375170902,0.20497048780538488,15.085407700774711,0.0,***,2020-04-17
7,temperature,-2.9426018620084733,0.07972372620859314,-36.90998905782832,0.0,***,2020-04-17
14,cos_336_1,7.86307375550058,0.48345107713728547,16.26446630765848,0.0,***,2020-04-17
5,rainfall,-0.128245180788781,0.3201267625071135,-0.4006074961818641,0.688709125758483,,2020-04-17
0,ar1,0.9847695048356384,0.0020487223177563306,480.67495350668804,0.0,***,2020-04-17
1,ma1,0.35779115480027224,0.01246417286232245,28.705567449391502,0.0,***,2020-04-17
6,pv_capacity,-4.548043258418602,0.4132156251079926,-11.006464862576252,0.0,***,2020-04-17
3,sma1,-0.7849453007330748,0.01201753232373819,-65.31667896433072,0.0,***,2020-04-17
4,intercept,10781.601117469942,0.3109789191506971,34669.87777472238,0.0,***,2020-04-17
2,sar1,0.9915601335197708,0.0011756756006441578,843.3960294629663,0.0,***,2020-04-17
13,sin_336_1,10.659306959992218,0.028082057727937343,379.57713296016203,0.0,***,2020-04-18
12,solar_16,0.31598198805035993,0.06468724129573152,4.8847652445987135,1.0355215613877533e-06,***,2020-04-18
11,solar_4,0.03024601414696601,0.06856804710445696,0.44110945876712887,0.6591337561443167,,2020-04-18
10,temp_9,6.589542725916049,0.05361657904753717,122.90121531389894,0.0,***,2020-04-18
9,temp_1,3.102892566126563,0.11732719238040472,26.446491245321827,0.0,***,2020-04-18
8,solar_power,-0.6716612642028501,0.06434465713134072,-10.438493173284783,0.0,***,2020-04-18
7,temperature,-2.7458857537126278,0.032554567788935763,-84.3471727689736,0.0,***,2020-04-18
14,cos_336_1,8.381701674293,0.05833504239362366,143.68210479279887,0.0,***,2020-04-18
5,rainfall,-0.12180283930456426,0.01952501403515372,-6.2382971446404545,4.4235970442230155e-10,***,2020-04-18
4,intercept,12087.715925778979,0.01960493883746656,616564.8373601867,0.0,***,2020-04-18
3,sma1,-0.7807818534991646,0.015505709289551611,-50.35447517549473,0.0,***,2020-04-18
2,sar1,0.9913943016081709,0.00177324115265075,559.0859991751115,0.0,***,2020-04-18
1,ma1,0.3584959142665143,0.013858948039026561,25.867469396450286,0.0,***,2020-04-18
0,ar1,0.9855236635844541,0.00299760303406211,328.77057181549213,0.0,***,2020-04-18
6,pv_capacity,-5.644764217856846,0.1413239823814802,-39.942012125159046,0.0,***,2020-04-18
14,cos_336_1,8.148202128821682,0.6308619171570725,12.9159835254296,0.0,***,2020-04-19
13,sin_336_1,11.204295359438865,0.23515297082029912,47.64683737719411,0.0,***,2020-04-19
12,solar_16,0.3113346972516532,0.06397477492993343,4.8665227442008785,1.1357885802976142e-06,***,2020-04-19
11,solar_4,0.025230556125661774,0.06794049285305215,0.3713625713642188,0.7103674992456617,,2020-04-19
10,temp_9,5.658363094567685,0.4696895041457461,12.0470290364672,0.0,***,2020-04-19
9,temp_1,2.7142989470467143,1.4256801989728265,1.9038624152894255,0.05692810515086011,.,2020-04-19
8,solar_power,-0.686793203304596,0.06827326550926278,-10.05947493768871,0.0,***,2020-04-19
7,temperature,-2.550751885571117,0.44401824548328245,-5.744700609757159,9.208376727798395e-09,***,2020-04-19
5,rainfall,-0.03398186266667835,0.03727220375348976,-0.9117213162770571,0.36191543979547713,,2020-04-19
4,intercept,13774.839604955192,0.029094304609519887,473454.84931947663,0.0,***,2020-04-19
3,sma1,-0.7816166190752833,0.01463857224428722,-53.39432056840881,0.0,***,2020-04-19
2,sar1,0.9921297215051424,0.001389525731393087,714.00600873398,0.0,***,2020-04-19
0,ar1,0.9860580504276836,0.0025528559108461703,386.2568373868169,0.0,***,2020-04-19
6,pv_capacity,-7.502327530874027,1.0360967587586554,-7.240952611281735,4.4564352208453784e-13,***,2020-04-19
1,ma1,0.3562217576479138,0.013123954286458545,27.142867909519293,0.0,***,2020-04-19
14,cos_336_1,6.763573346545813,0.0728422949660332,92.85228245073426,0.0,***,2020-04-20
8,solar_power,-0.737281601977454,0.06998200447573978,-10.535302718187255,0.0,***,2020-04-20
13,sin_336_1,9.05638240494987,0.05855205695808628,154.6723185392575,0.0,***,2020-04-20
12,solar_16,0.3426575820024569,0.05635431950588734,6.080413799809248,1.1987277837022248e-09,***,2020-04-20
11,solar_4,0.03891096536216997,0.059256636720230835,0.6566516008304832,0.5114049615781897,,2020-04-20
10,temp_9,4.684262391489039,0.30084052854739457,15.57058290685418,0.0,***,2020-04-20
9,temp_1,2.033867145202116,0.18493789674270214,10.997568270346271,0.0,***,2020-04-20
7,temperature,-2.170505886133924,0.07726396364645509,-28.09208567225127,0.0,***,2020-04-20
5,rainfall,-0.12738938420261547,0.1566554754204611,-0.8131818173651713,0.416113822648855,,2020-04-20
4,intercept,16065.04744440903,0.022740563185792786,706448.9702016572,0.0,***,2020-04-20
3,sma1,-0.773949166469312,0.01236120616908541,-62.61113647670643,0.0,***,2020-04-20
2,sar1,0.992597256727719,0.001130593393241172,877.9436202808091,0.0,***,2020-04-20
1,ma1,0.3485990870076439,0.013192675035377481,26.423684815463165,0.0,***,2020-04-20
0,ar1,0.986863959886884,0.002413817384562648,408.83952787741265,0.0,***,2020-04-20
6,pv_capacity,-9.942904034741787,0.12852974587256208,-77.35877766848017,0.0,***,2020-04-20
13,sin_336_1,8.985196693969478,0.3757386424817891,23.913421932387383,0.0,***,2020-04-21
12,solar_16,0.3374758792965049,0.05497573604503362,6.138633214843363,8.323450817471212e-10,***,2020-04-21
11,solar_4,0.038662169122432755,0.0600417808798788,0.6439210922104615,0.5196266036137613,,2020-04-21
10,temp_9,4.994287158833853,0.726837406716095,6.871257743046565,6.363798377151397e-12,***,2020-04-21
9,temp_1,1.9284248880467274,1.5414628816769975,1.2510355656107295,0.210921501912543,,2020-04-21
8,solar_power,-0.7516845381308954,0.05778413731811093,-13.008492867043278,0.0,***,2020-04-21
7,temperature,-1.8200705496747105,0.7937139198120322,-2.2931065012766068,0.021841874191062427,*,2020-04-21
14,cos_336_1,6.952721203911333,0.6335208234154781,10.974731921876499,0.0,***,2020-04-21
5,rainfall,-0.22023004905122434,0.18288603236589943,-1.2041928309244025,0.22851505625161384,,2020-04-21
4,intercept,14522.750047190224,0.08552913311200189,169798.86874537158,0.0,***,2020-04-21
3,sma1,-0.7732296808275786,0.013145011345414395,-58.82305161321278,0.0,***,2020-04-21
2,sar1,0.9924173546676611,0.0012961585280870888,765.6604752910137,0.0,***,2020-04-21
1,ma1,0.348653303204597,0.012976535479188003,26.867980576462287,0.0,***,2020-04-21
0,ar1,0.9857156667834659,0.0020891213624435853,471.83264912408083,0.0,***,2020-04-21
6,pv_capacity,-8.614410898101141,0.03806333957330516,-226.31779015372203,0.0,***,2020-04-21
14,cos_336_1,6.072051180920905,0.7899029182431322,7.687085388196942,1.509903313490213e-14,***,2020-04-22
13,sin_336_1,9.13748096780914,0.06050966472846805,151.0086200082715,0.0,***,2020-04-22
12,solar_16,0.3239533655831368,0.04602376242531375,7.038828390200399,1.9386714456004484e-12,***,2020-04-22
11,solar_4,0.018076928310642504,0.04742771313075225,0.38114695222193573,0.7030942093141344,,2020-04-22
10,temp_9,4.99298918004321,0.10417960802228418,47.92674185311968,0.0,***,2020-04-22
9,temp_1,2.4691140952773694,0.36460059037543846,6.772106684563676,1.269206961751479e-11,***,2020-04-22
8,solar_power,-0.7663361089873142,0.04946507725852157,-15.492467645045355,0.0,***,2020-04-22
7,temperature,-2.344636114195964,0.10071685030283595,-23.27948210399849,0.0,***,2020-04-22
5,rainfall,-0.004406572710877299,0.39763783761953575,-0.011081874746269886,0.9911581242110075,,2020-04-22
4,intercept,12936.566938597094,0.04062296929027592,318454.48928554246,0.0,***,2020-04-22
3,sma1,-0.7735498658023416,0.01202101584328229,-64.34979172202196,0.0,***,2020-04-22
2,sar1,0.9923415568490198,0.0010554212539974027,940.2326825336623,0.0,***,2020-04-22
1,ma1,0.34922614454788053,0.015093435478044884,23.13761800988712,0.0,***,2020-04-22
0,ar1,0.9847204861375198,0.0017786472552173804,553.6345013037285,0.0,***,2020-04-22
6,pv_capacity,-7.0403389721777785,0.23393764144763685,-30.094938670883558,0.0,***,2020-04-22
8,solar_power,-0.7914490341879645,0.05991845891007141,-13.208768192383094,0.0,***,2020-04-23
13,sin_336_1,7.965168364818249,1.589553573177122,5.010946783566319,5.416289254878137e-07,***,2020-04-23
12,solar_16,0.2799744174638126,0.059540634608671525,4.702241071226959,2.573214302747928e-06,***,2020-04-23
11,solar_4,0.007676907233131081,0.06168965460869202,0.12444399764963851,0.9009637389821434,,2020-04-23
10,temp_9,4.66546974030312,1.008126535932501,4.6278612594872675,3.694613829097193e-06,***,2020-04-23
9,temp_1,1.0003213870480572,3.926295010410927,0.25477489195172914,0.7988969687875642,,2020-04-23
7,temperature,-3.599498441862579,1.614871286980907,-2.228969250293653,0.02581595081802468,*,2020-04-23
14,cos_336_1,8.033944827151954,3.2443729318347634,2.4762704522406995,0.013276296671727916,*,2020-04-23
5,rainfall,0.10848936815341403,1.0888387991566146,0.09963767661241223,0.9206319810342611,,2020-04-23
4,intercept,11888.129095769165,0.11244330816919137,105725.53662225338,0.0,***,2020-04-23
3,sma1,-0.7712587351615863,0.015079287399352288,-51.146895389414404,0.0,***,2020-04-23
2,sar1,0.9921234393359303,0.0014695713329207505,675.1107735370016,0.0,***,2020-04-23
1,ma1,0.34324219539313017,0.012876444515216525,26.656597245265136,0.0,***,2020-04-23
0,ar1,0.9842893598801805,0.0030850439548403322,319.05197277201285,0.0,***,2020-04-23
6,pv_capacity,-5.646230559241303,2.2667648189258767,-2.490876209167924,0.012742850921068305,*,2020-04-23
14,cos_336_1,6.934471586619219,1.3780942930829325,5.031928237004831,4.855710380446965e-07,***,2020-04-24
13,sin_336_1,8.961487459216158,0.4865992377578489,18.416566989518692,0.0,***,2020-04-24
12,solar_16,0.2777049722588547,0.06350542561055433,4.372933014603737,1.2258834666933893e-05,***,2020-04-24
11,solar_4,-0.006281351387860262,0.06748441388653685,-0.09307854993630452,0.9258411581177615,,2020-04-24
10,temp_9,4.328797234602865,0.6206555100647435,6.974557003693253,3.0684343954590076e-12,***,2020-04-24
9,temp_1,0.6004943250871193,2.344776820828991,0.25609871257376887,0.7978746160612495,,2020-04-24
8,solar_power,-0.7974195644252244,0.06343876715481327,-12.569909539371023,0.0,***,2020-04-24
7,temperature,-3.4492171520168995,0.156954745341227,-21.975870462012086,0.0,***,2020-04-24
6,pv_capacity,-3.3630820513903927,0.6333146777728688,-5.310285975397091,1.0945335171541615e-07,***,2020-04-24
5,rainfall,-0.0014637145659435191,0.0852207659410432,-0.017175562197553295,0.986296557855203,,2020-04-24
4,intercept,10340.297694392915,0.032098143805192825,322146.28226321505,0.0,***,2020-04-24
3,sma1,-0.7700479670112386,0.013120944987630861,-58.68845328878096,0.0,***,2020-04-24
2,sar1,0.9920003780949511,0.0014258035265920699,695.7482988318964,0.0,***,2020-04-24
1,ma1,0.34300131523569993,0.013033801677275521,26.31629080513968,0.0,***,2020-04-24
0,ar1,0.9840799390012032,0.0027885712058935796,352.8975472892259,0.0,***,2020-04-24
13,sin_336_1,9.288734622556754,0.5211428316557654,17.823778930326565,0.0,***,2020-04-25
12,solar_16,0.27553333604983604,0.06287488460296742,4.382247980091435,1.174610030973966e-05,***,2020-04-25
11,solar_4,0.010112488234642947,0.06129363314659067,0.16498431754661672,0.8689563256832786,,2020-04-25
10,temp_9,4.450295651315788,1.01598694886622,4.380268522427427,1.1853314985765806e-05,***,2020-04-25
9,temp_1,1.4313691417170524,0.48406925518002347,2.956951151927077,0.0031069733501214447,**,2020-04-25
8,solar_power,-0.8048731005320899,0.06552073382990614,-12.284250396547229,0.0,***,2020-04-25
7,temperature,-2.8162963952368045,0.4709257150329333,-5.980341071499678,2.2267088173322236e-09,***,2020-04-25
14,cos_336_1,7.111460702984297,1.292574022846714,5.501782162790412,3.7597130964073244e-08,***,2020-04-25
5,rainfall,0.05316076028861971,0.1733565278713423,0.3066556589554754,0.7591054836086999,,2020-04-25
4,intercept,10802.182409180956,0.06098542509716506,177127.27905020543,0.0,***,2020-04-25
3,sma1,-0.7567764021046628,0.015234818858396405,-49.674131943326564,0.0,***,2020-04-25
2,sar1,0.9910028578303403,0.0017422804734081622,568.7963981435147,0.0,***,2020-04-25
1,ma1,0.3424860126120297,0.014005034881640083,24.45449193853934,0.0,***,2020-04-25
0,ar1,0.9839410911935254,0.003089304739591265,318.49920099617856,0.0,***,2020-04-25
6,pv_capacity,-4.50968886020064,0.11206471615376622,-40.241826464030005,0.0,***,2020-04-25
13,sin_336_1,9.718461511220742,0.02173124527671467,447.21144082958784,0.0,***,2020-04-26
12,solar_16,0.27003520484214977,0.07014733205424158,3.8495434813307576,0.00011833817598883023,***,2020-04-26
11,solar_4,0.03766441543506192,0.055322355372263654,0.6808172786863175,0.4959871154638722,,2020-04-26
10,temp_9,4.2804450041877296,0.02534845463232321,168.86414048805557,0.0,***,2020-04-26
9,temp_1,0.9984236227448449,0.023718095047384816,42.09543897813717,0.0,***,2020-04-26
8,solar_power,-0.8072179488022577,0.06145324308604406,-13.135481681121817,0.0,***,2020-04-26
7,temperature,-2.5138161341526484,0.030010369193245425,-83.76491865079903,0.0,***,2020-04-26
14,cos_336_1,6.095286330245387,0.024063222064522164,253.3029996524044,0.0,***,2020-04-26
5,rainfall,-0.10697426038677804,0.08202025108536748,-1.3042420496303795,0.19215106691733208,,2020-04-26
4,intercept,16569.451374221928,0.019294267544615287,858775.8688381093,0.0,***,2020-04-26
3,sma1,-0.754797235440699,0.015131853391837187,-49.881347373341,0.0,***,2020-04-26
2,sar1,0.9912640676937329,0.0016334792978534803,606.8421369014786,0.0,***,2020-04-26
1,ma1,0.34389891250680044,0.015426158736335682,22.293230504413305,0.0,***,2020-04-26
0,ar1,0.9844227337146133,0.00292459311767836,336.60160374585064,0.0,***,2020-04-26
6,pv_capacity,-13.892986340119023,0.04222230274615189,-329.0437857841664,0.0,***,2020-04-26
14,cos_336_1,4.726466582130445,0.5890866660969408,8.02338069107246,1.1102230246251565e-15,***,2020-04-27
13,sin_336_1,8.768927465823117,0.3617670306005971,24.239155932106776,0.0,***,2020-04-27
12,solar_16,0.21249336531782,0.05415320449028616,3.9239296606341445,8.711618064149995e-05,***,2020-04-27
11,solar_4,0.04444009215297891,0.06193753547222564,0.7174985542152701,0.47306652819227324,,2020-04-27
10,temp_9,3.944104636184804,0.5999267698585222,6.574310123075392,4.887934501596192e-11,***,2020-04-27
9,temp_1,-0.14167365244910712,0.5957850893591577,-0.23779321600930808,0.8120414806134555,,2020-04-27
8,solar_power,-0.7569452252937339,0.055688252002487525,-13.592547765010151,0.0,***,2020-04-27
7,temperature,-3.4770475206544234,0.796810523404202,-4.363706826811829,1.2787692586169186e-05,***,2020-04-27
5,rainfall,-0.04606483975749143,0.20777594695466559,-0.22170439087226138,0.8245440117541027,,2020-04-27
4,intercept,18479.73803121839,0.08571046487838758,215606.55466562716,0.0,***,2020-04-27
3,sma1,-0.7414525122761775,0.014600089633341735,-50.78410687171038,0.0,***,2020-04-27
2,sar1,0.9909951136933381,0.0012661384747326772,782.690940580231,0.0,***,2020-04-27
1,ma1,0.3288437464626365,0.01419727203268409,23.162460063144,0.0,***,2020-04-27
0,ar1,0.9850744305045054,0.0026466321291881596,372.19922619418656,0.0,***,2020-04-27
6,pv_capacity,-16.714640069835696,0.29104064519203515,-57.4306040958884,0.0,***,2020-04-27
8,solar_power,-0.796489733337701,0.06023734732119501,-13.222523380564759,0.0,***,2020-04-28
13,sin_336_1,9.82258016407038,0.30231094746105747,32.491645593931686,0.0,***,2020-04-28
12,solar_16,0.1808831635326225,0.059699659774085825,3.029886002987566,0.0024464605991678656,**,2020-04-28
11,solar_4,-0.06806422370405729,0.05915723915651561,-1.150564574590372,0.24991141398840622,,2020-04-28
10,temp_9,1.7974237064449632,1.33758119507066,1.3437866150249005,0.17901739901085856,,2020-04-28
9,temp_1,-4.328089817270346,1.5522833320210914,-2.788208652369617,0.00530003959266212,**,2020-04-28
7,temperature,-5.495960967507244,0.703735820257913,-7.809693366884497,5.773159728050814e-15,***,2020-04-28
14,cos_336_1,5.013053714771555,0.6242198969589995,8.030909843139503,8.881784197001252e-16,***,2020-04-28
5,rainfall,0.16372275624507893,2.360639781450935,0.06935524747636379,0.9447068504376912,,2020-04-28
0,ar1,0.9853817272102134,0.0023006070465660102,428.313791649486,0.0,***,2020-04-28
1,ma1,0.2998312593450384,0.015206002301369077,19.717954357934236,0.0,***,2020-04-28
6,pv_capacity,-13.633375690277717,1.2104684619186368,-11.262892110933908,0.0,***,2020-04-28
3,sma1,-0.7564999728057993,0.013853066267624493,-54.6088467485201,0.0,***,2020-04-28
4,intercept,17328.70196839419,0.05467603233275453,316934.1524807966,0.0,***,2020-04-28
2,sar1,0.9926566148531171,0.0011272295307022703,880.6162257252846,0.0,***,2020-04-28
13,sin_336_1,10.346663453572955,0.02196608597854645,471.0289973224269,0.0,***,2020-04-29
12,solar_16,0.1726104772021304,0.05574692532194331,3.0963228232820015,0.001959369170998926,**,2020-04-29
11,solar_4,-0.0695416211270466,0.05788098346721676,-1.2014588723502653,0.22957325096741066,,2020-04-29
10,temp_9,2.37467918121013,0.09462789171251877,25.094917980677916,0.0,***,2020-04-29
9,temp_1,-4.223915015183167,0.0639552705397784,-66.04483070016894,0.0,***,2020-04-29
8,solar_power,-0.7961098247474467,0.06040052392246136,-13.180511906973617,0.0,***,2020-04-29
7,temperature,-5.7791082233701445,0.0190354492303319,-303.5971546267196,0.0,***,2020-04-29
14,cos_336_1,4.7009251681493165,0.01957014462297661,240.20901524816162,0.0,***,2020-04-29
5,rainfall,0.1566939216213541,0.17107180745432007,0.9159540894147319,0.3596909752853654,,2020-04-29
4,intercept,14619.0170330249,0.0195345979318072,748365.3917044022,0.0,***,2020-04-29
3,sma1,-0.7597700657659843,0.015976550424973434,-47.55532612211235,0.0,***,2020-04-29
2,sar1,0.9928528955598565,0.0013093029380219375,758.3064749398898,0.0,***,2020-04-29
1,ma1,0.3017768986685763,0.013057667701321647,23.111087337444776,0.0,***,2020-04-29
0,ar1,0.9843811314829095,0.002747752860904368,358.2495156274426,0.0,***,2020-04-29
6,pv_capacity,-10.328415336884518,0.023740047483570014,-435.06296034296463,0.0,***,2020-04-29
14,cos_336_1,4.82541246344892,0.07182449630486952,67.18338048577125,0.0,***,2020-04-30
13,sin_336_1,9.457567714603028,0.052523724037601124,180.06277901834352,0.0,***,2020-04-30
12,solar_16,0.17191977006718281,0.04213966827597913,4.07976087854451,4.5082050873279655e-05,***,2020-04-30
11,solar_4,-0.06490440443599821,0.0508689584694085,-1.2759137672344978,0.20198600382426646,,2020-04-30
10,temp_9,1.6392747978952649,0.014671854083925477,111.72921898748017,0.0,***,2020-04-30
9,temp_1,-4.341728494661179,0.05347627291041164,-81.18981107630371,0.0,***,2020-04-30
8,solar_power,-0.7948990315360511,0.07888758540127787,-10.076351399179407,0.0,***,2020-04-30
7,temperature,-6.117356272542224,0.05481452631860923,-111.6010058535417,0.0,***,2020-04-30
5,rainfall,0.02172353651189951,0.19063917239557057,0.11395106388116197,0.9092765860321583,,2020-04-30
4,intercept,13376.192750536768,0.0389800656097981,343154.7007754267,0.0,***,2020-04-30
3,sma1,-0.7574599423973402,0.011971470227198069,-63.27209006262752,0.0,***,2020-04-30
2,sar1,0.9926430405019169,0.0010074872161398157,985.2661399568183,0.0,***,2020-04-30
0,ar1,0.9843458211480394,0.001524560446011866,645.6587692032895,0.0,***,2020-04-30
6,pv_capacity,-8.19087260359629,0.0797294727331163,-102.73330956312901,0.0,***,2020-04-30
1,ma1,0.30264105734899216,0.015123051442918239,20.011904243750468,0.0,***,2020-04-30
14,cos_336_1,5.114612105467753,0.6188742329663166,8.264380439549056,2.220446049250313e-16,***,2020-05-01
8,solar_power,-0.8119329516166793,0.04758110962957927,-17.064186983817905,0.0,***,2020-05-01
13,sin_336_1,11.036836114513285,0.5365748628215781,20.569051737675707,0.0,***,2020-05-01
12,solar_16,0.16959453889960127,0.048719971115973905,3.4810065567546284,0.0004995332627897309,***,2020-05-01
11,solar_4,-0.055781457507531954,0.04630745337838205,-1.2045891846337786,0.22836193397150684,,2020-05-01
10,temp_9,1.6195683774175684,0.15607690226209817,10.376733225380432,0.0,***,2020-05-01
9,temp_1,-4.226499640451362,0.11913441090017456,-35.47673261248458,0.0,***,2020-05-01
7,temperature,-6.303296954769053,0.48702056506975355,-12.942568357182745,0.0,***,2020-05-01
5,rainfall,0.32256890923304127,0.17478788350395585,1.8454878150964096,0.06496660938582499,.,2020-05-01
4,intercept,10079.016955061275,0.04816503980141952,209260.01507766274,0.0,***,2020-05-01
3,sma1,-0.7499424440159059,0.013628324202602422,-55.028221582276366,0.0,***,2020-05-01
2,sar1,0.9920483438490991,0.001083236721873956,915.8186053117691,0.0,***,2020-05-01
1,ma1,0.3027216557140816,0.012701720740551646,23.833121661036785,0.0,***,2020-05-01
0,ar1,0.9839904973877824,0.0024789200648770065,396.9432138331592,0.0,***,2020-05-01
6,pv_capacity,-3.1133231516457727,0.37627767143076646,-8.27400451322983,2.220446049250313e-16,***,2020-05-01
13,sin_336_1,10.905501562722975,0.06029166685977147,180.8790854644537,0.0,***,2020-05-02
12,solar_16,0.19015080678774318,0.08689021539542435,2.188402985565122,0.028640261005010048,*,2020-05-02
11,solar_4,-0.09721416280332315,0.06699675875141131,-1.4510278499297595,0.14677210535999596,,2020-05-02
10,temp_9,1.1043383818468784,0.027989735655166745,39.455120100179435,0.0,***,2020-05-02
9,temp_1,-3.632276622654029,0.05936079212363761,-61.18982737104763,0.0,***,2020-05-02
8,solar_power,-0.812007589542703,0.06741567256157167,-12.044789567308479,0.0,***,2020-05-02
7,temperature,-6.615929771725035,0.040560873783465304,-163.1111254418298,0.0,***,2020-05-02
14,cos_336_1,4.472222119565257,0.26243524583961847,17.041240422021502,0.0,***,2020-05-02
5,rainfall,-0.8736731457262294,0.35797832536975643,-2.440575542733798,0.014663878659793905,*,2020-05-02
4,intercept,2348.427651390065,0.019805455923037157,118574.78366142731,0.0,***,2020-05-02
3,sma1,-0.7480282523877974,0.013874494701952577,-53.91390954818169,0.0,***,2020-05-02
2,sar1,0.9920237234309579,0.0005287591055659485,1876.1354896558457,0.0,***,2020-05-02
1,ma1,0.30271570566302536,0.016872086470950454,17.941806200686955,0.0,***,2020-05-02
0,ar1,0.982890050425208,0.011690197156866403,84.07814147496167,0.0,***,2020-05-02
6,pv_capacity,8.051541894268155,0.3771532966347989,21.348194397633858,0.0,***,2020-05-02
14,cos_336_1,3.2972746253293397,0.10672647077823039,30.894628120710834,0.0,***,2020-05-03
13,sin_336_1,12.045491631232544,0.2765302964766415,43.55939217043448,0.0,***,2020-05-03
12,solar_16,0.2181763226607756,0.060195185302206314,3.6244812864257248,0.00028954198296338163,***,2020-05-03
11,solar_4,-0.10807920012502101,0.05685596620724144,-1.9009297939123853,0.05731120899519504,.,2020-05-03
10,temp_9,1.2797889305952626,0.061876264116188184,20.68303490644067,0.0,***,2020-05-03
9,temp_1,-3.3594443981297295,0.14150793810504983,-23.740324699210955,0.0,***,2020-05-03
8,solar_power,-0.8207050153029498,0.05822797733257374,-14.094685285312723,0.0,***,2020-05-03
7,temperature,-6.5114468961975405,0.417391313279506,-15.600341188311102,0.0,***,2020-05-03
5,rainfall,-0.736984223337231,0.1952105441341978,-3.775329998724813,0.0001597959746770794,***,2020-05-03
4,intercept,1066.6889954214062,0.6803567449841397,1567.837760535868,0.0,***,2020-05-03
3,sma1,-0.7562275715228945,0.012108089650062787,-62.45639018034303,0.0,***,2020-05-03
2,sar1,0.9928022043189036,0.0003831500827505791,2591.157483750806,0.0,***,2020-05-03
1,ma1,0.3058619038006498,0.014605568306843526,20.94145858448633,0.0,***,2020-05-03
0,ar1,0.982720093455606,0.0018977010669082653,517.8476792747203,0.0,***,2020-05-03
6,pv_capacity,9.579106080692696,1.1502569495752473,8.327796745092435,0.0,***,2020-05-03
8,solar_power,-0.8159674371312908,0.06406814955390534,-12.735929519000017,0.0,***,2020-05-04
13,sin_336_1,10.546745763330824,0.020494713509121444,514.6081089953688,0.0,***,2020-05-04
12,solar_16,0.22911369210049004,0.06772184155349432,3.3831580306260616,0.0007165738621970341,***,2020-05-04
11,solar_4,-0.13320124734025315,0.06640593556179464,-2.0058635754977283,0.044870805388563806,*,2020-05-04
10,temp_9,2.025172849496794,0.06520637614297133,31.05789601091166,0.0,***,2020-05-04
9,temp_1,-3.3859595701750185,0.0773933402533712,-43.75001206938511,0.0,***,2020-05-04
7,temperature,-6.656558133646101,0.08250110517473745,-80.68447228128038,0.0,***,2020-05-04
14,cos_336_1,2.289120873146258,0.020568422392498165,111.29297276494864,0.0,***,2020-05-04
5,rainfall,-0.6773110336906427,0.17145395100594912,-3.9503961834460224,7.802193539152569e-05,***,2020-05-04
0,ar1,0.9828442265314108,0.001989362678736747,494.0497964682441,0.0,***,2020-05-04
1,ma1,0.2988873343510339,0.014485390407316626,20.633709271657928,0.0,***,2020-05-04
6,pv_capacity,8.645385346253875,0.4023998904948557,21.484561876053487,0.0,***,2020-05-04
3,sma1,-0.7437240140150958,0.014451599683482086,-51.463092688981604,0.0,***,2020-05-04
4,intercept,1542.4794045208598,0.019612351011790555,78648.3682447633,0.0,***,2020-05-04
2,sar1,0.9927903064959117,0.0011386896943774345,871.8708102813808,0.0,***,2020-05-04
14,cos_336_1,2.5019518055675647,0.09684956008848143,25.83338327279742,0.0,***,2020-05-05
13,sin_336_1,12.09312178804025,0.12159411380191401,99.45482893802621,0.0,***,2020-05-05
12,solar_16,0.23010117262449542,0.06231052503202404,3.692813894702967,0.00022178633108072,***,2020-05-05
11,solar_4,-0.16198098813373862,0.06191094310620499,-2.616354718678226,0.008887417608155923,**,2020-05-05
10,temp_9,2.037197978286361,0.0584229445847209,34.86982713327908,0.0,***,2020-05-05
8,solar_power,-0.8122367226864364,0.07027602500177026,-11.557806843315001,0.0,***,2020-05-05
7,temperature,-6.372044262366813,0.5149183835206667,-12.37486263123691,0.0,***,2020-05-05
9,temp_1,-3.120797916242328,0.06505398881677411,-47.97242986947532,0.0,***,2020-05-05
5,rainfall,-0.9184389577421825,0.4951663411041165,-1.854808942979156,0.06362351452887594,.,2020-05-05
4,intercept,-2495.369152987298,0.04235867923140726,-58910.45703656129,0.0,***,2020-05-05
3,sma1,-0.7383801107183064,0.014882355547785612,-49.614465152875084,0.0,***,2020-05-05
2,sar1,0.9930084777551269,0.0010165770193726273,976.8157835871152,0.0,***,2020-05-05
1,ma1,0.30935567358584765,0.013924401156283076,22.216802727365966,0.0,***,2020-05-05
0,ar1,0.9832545439574208,0.0032211243402994073,305.25196797153944,0.0,***,2020-05-05
6,pv_capacity,14.369137506708398,1.3120876886307211,10.951354571205417,0.0,***,2020-05-05
9,temp_1,-3.3720929862698887,0.45078755214107896,-7.48044831817928,7.416289804496046e-14,***,2020-05-06
13,sin_336_1,11.764986657322279,0.12301949204470873,95.63514254348046,0.0,***,2020-05-06
14,cos_336_1,0.8661875315116029,0.03717332657612435,23.301318749017664,0.0,***,2020-05-06
12,solar_16,0.2301760283840003,0.06872644864260859,3.349162264748498,0.0008105630966086519,***,2020-05-06
11,solar_4,-0.145199733065867,0.07049237914662856,-2.059793339700487,0.03941830157351456,*,2020-05-06
10,temp_9,1.9182670519284324,0.3255729405215322,5.891973236029932,3.816109872545326e-09,***,2020-05-06
8,solar_power,-0.8152017807569472,0.060570701122089406,-13.458681601089356,0.0,***,2020-05-06
1,ma1,0.3111110516715734,0.015769666228183845,19.72844872997691,0.0,***,2020-05-06
6,pv_capacity,16.816754704315827,0.1541746182803873,109.07602620901122,0.0,***,2020-05-06
5,rainfall,-1.0338485568050828,0.535745749967032,-1.9297372995841824,0.053639395862131956,.,2020-05-06
4,intercept,-6625.733480554977,0.03462217664521954,-191372.52832051003,0.0,***,2020-05-06
3,sma1,-0.7325050960660816,0.015532027830939819,-47.16094408528747,0.0,***,2020-05-06
2,sar1,0.9933394737344953,0.00131804401014338,753.6466658851834,0.0,***,2020-05-06
0,ar1,0.9872142169772068,0.0015213960099497556,648.8870816808635,0.0,***,2020-05-06
7,temperature,-6.660916335084323,0.3294635712571106,-20.217459276813944,0.0,***,2020-05-06
14,cos_336_1,2.4137016208719175,0.019292554260645738,125.11052648925549,0.0,***,2020-05-07
13,sin_336_1,9.871730421181958,0.019294777507378007,511.62706682713343,0.0,***,2020-05-07
12,solar_16,0.24287057958372457,0.04821678655969655,5.037054455776098,4.727503182255788e-07,***,2020-05-07
11,solar_4,-0.14780890084227824,0.02176298527189717,-6.791756691263575,1.1077583295104887e-11,***,2020-05-07
10,temp_9,2.309290094002515,0.019315471652432487,119.55649520531875,0.0,***,2020-05-07
8,solar_power,-0.8183678368592808,0.024552449621647477,-33.331412933141294,0.0,***,2020-05-07
9,temp_1,-4.4657933875617335,0.019318427553277256,-231.16754069376304,0.0,***,2020-05-07
7,temperature,-6.181286265158747,0.019299414481464595,-320.2836164327852,0.0,***,2020-05-07
5,rainfall,-0.35922612004924304,0.019293586348420603,-18.618939660155498,0.0,***,2020-05-07
4,intercept,-9215.672757850893,0.01928819789465091,-477788.1691273307,0.0,***,2020-05-07
3,sma1,-0.7193277871606324,0.016354022914827914,-43.984760869353444,0.0,***,2020-05-07
2,sar1,0.9929893255631429,0.0013458471479339462,737.8173123801712,0.0,***,2020-05-07
1,ma1,0.31075011738512587,0.013689717062240824,22.699528118242952,0.0,***,2020-05-07
0,ar1,0.9955408761650472,0.0004644047074815494,2143.6924736698534,0.0,***,2020-05-07
6,pv_capacity,2.963769627758893,0.01936845033392222,153.02048313943314,0.0,***,2020-05-07
13,sin_336_1,10.133203331840878,0.01928914777009786,525.3318317955666,0.0,***,2020-05-08
12,solar_16,0.2193996697263499,0.019917226696222118,11.015573255887348,0.0,***,2020-05-08
11,solar_4,-0.1299811210403375,0.02011143645409239,-6.463045110529049,1.0261658189847367e-10,***,2020-05-08
10,temp_9,1.8408027276994705,0.01928803216613943,95.43756002911695,0.0,***,2020-05-08
9,temp_1,-6.439325463422959,0.019397221529809747,-331.97153796109257,0.0,***,2020-05-08
8,solar_power,-0.8431926688273421,0.02010006315647502,-41.949752210391274,0.0,***,2020-05-08
7,temperature,-7.862408869995193,0.01929026868613889,-407.5842072456337,0.0,***,2020-05-08
14,cos_336_1,1.509898150560527,0.019287982228117444,78.28180950724034,0.0,***,2020-05-08
5,rainfall,-0.7931323444188365,0.019291882337268924,-41.11223210638331,0.0,***,2020-05-08
4,intercept,-11645.575827873163,0.019287979994710356,-603773.7404884758,0.0,***,2020-05-08
3,sma1,-0.7713604468250589,0.01515430756210533,-50.90040859101428,0.0,***,2020-05-08
2,sar1,0.9996671763778291,8.581646992906431e-05,11648.896502083477,0.0,***,2020-05-08
1,ma1,0.30650673467951534,0.01662853850943314,18.432572081162654,0.0,***,2020-05-08
0,ar1,0.9829969940085541,0.0006686303047892055,1470.1651824149023,0.0,***,2020-05-08
6,pv_capacity,6.969807685849446,0.019293709695242474,361.2476706627389,0.0,***,2020-05-08
14,cos_336_1,1.5676637908973163,0.01931299599148812,81.17144494765276,0.0,***,2020-05-09
13,sin_336_1,9.124176247264568,0.019821337069833495,460.32092664176736,0.0,***,2020-05-09
12,solar_16,0.24903539052428164,0.02851609311963404,8.733152521262268,0.0,***,2020-05-09
11,solar_4,-0.16798730931903638,0.03373175930569278,-4.98009332382156,6.355361881205113e-07,***,2020-05-09
10,temp_9,3.1262266462346737,0.02163184261545224,144.5196649129428,0.0,***,2020-05-09
9,temp_1,-3.5673257995174676,0.019598580966253096,-182.0195965034441,0.0,***,2020-05-09
8,solar_power,-0.8179704105986758,0.06894932583298444,-11.863356178130601,0.0,***,2020-05-09
7,temperature,-6.840536567417303,0.019397210053601413,-352.6556937061804,0.0,***,2020-05-09
5,rainfall,-0.6176169579182442,0.01939787873046314,-31.839407107351168,0.0,***,2020-05-09
4,intercept,-10886.667213383345,0.019287889412429537,-564430.1966169372,0.0,***,2020-05-09
3,sma1,-0.7274631804245374,0.019005588925914647,-38.276276692095614,0.0,***,2020-05-09
2,sar1,0.9927631552893424,0.0018143446052611288,547.1745292545786,0.0,***,2020-05-09
1,ma1,0.30756740305388436,0.01557372323667089,19.749124751983928,0.0,***,2020-05-09
0,ar1,0.9957786921022427,0.003179279524635948,313.20891553763806,0.0,***,2020-05-09
6,pv_capacity,3.782500586260994,0.019761112647381836,191.41131644538953,0.0,***,2020-05-09
14,cos_336_1,1.0428063654841675,0.019288175035523037,54.06454283848165,0.0,***,2020-05-10
13,sin_336_1,13.669246838192711,0.01930256932273216,708.156857755448,0.0,***,2020-05-10
12,solar_16,0.20965465778759795,0.04709154269282118,4.452066035618717,8.50480004999099e-06,***,2020-05-10
11,solar_4,-0.1328460309693118,0.023300937823687896,-5.701316915847893,1.1888537709836555e-08,***,2020-05-10
10,temp_9,1.4962980581425764,0.019300160683335933,77.52775133289455,0.0,***,2020-05-10
9,temp_1,-5.411206628606026,0.01988929908609483,-272.06623044796754,0.0,***,2020-05-10
8,solar_power,-0.812337416100597,0.033851280502033634,-23.997243355441025,0.0,***,2020-05-10
7,temperature,-8.01157953566451,0.019316368319646084,-414.7559936262024,0.0,***,2020-05-10
5,rainfall,-0.8622174588278995,0.019342491375472257,-44.57633931900089,0.0,***,2020-05-10
0,ar1,0.9957971515877441,0.001770625281736146,562.3985841946965,0.0,***,2020-05-10
1,ma1,0.3230862240683448,0.017904044006593373,18.045432861389557,0.0,***,2020-05-10
6,pv_capacity,10.07170810186517,0.01975219119960082,509.9033317411747,0.0,***,2020-05-10
3,sma1,-0.7262259276165499,0.01636142189107187,-44.38648012694045,0.0,***,2020-05-10
4,intercept,-10535.991152747474,0.019287775900378935,-546252.258796748,0.0,***,2020-05-10
2,sar1,0.9926093727854061,0.0016185884171358198,613.2561942719708,0.0,***,2020-05-10
13,sin_336_1,11.186122484409264,0.019287926593608284,579.9546379503627,0.0,***,2020-05-11
12,solar_16,0.26326584107006146,0.019756837686436407,13.325302624255523,0.0,***,2020-05-11
11,solar_4,-0.1885994367494741,0.019781700765341862,-9.534035469786604,0.0,***,2020-05-11
10,temp_9,2.4529051001326465,0.019329347569314478,126.90056357756517,0.0,***,2020-05-11
9,temp_1,-2.763219297388403,0.0195150901375861,-141.5939807557659,0.0,***,2020-05-11
8,solar_power,-0.8558635241633894,0.019844518358391558,-43.12846039931598,0.0,***,2020-05-11
7,temperature,-5.907546836464917,0.019398541735777798,-304.5356149410604,0.0,***,2020-05-11
14,cos_336_1,-0.44451341058320687,0.019288466011210655,-23.04555532435037,0.0,***,2020-05-11
5,rainfall,0.28029527330363635,0.019460305507657462,14.40343643080745,0.0,***,2020-05-11
4,intercept,-8921.16111524072,0.01928790747817346,-462526.1255185958,0.0,***,2020-05-11
3,sma1,-0.7263972954528833,0.01662729860772655,-43.687030141825524,0.0,***,2020-05-11
2,sar1,0.9932662846985539,0.0015721164015775693,631.8019986954163,0.0,***,2020-05-11
1,ma1,0.3211869144862988,0.014563059892573359,22.054905827180775,0.0,***,2020-05-11
0,ar1,0.9957397894684824,0.0011584109115739735,859.5739038020074,0.0,***,2020-05-11
6,pv_capacity,9.781899416532042,0.019547936458275437,500.4057301603805,0.0,***,2020-05-11
14,cos_336_1,-1.8168051697565237,0.019291775468246085,-94.17511481755281,0.0,***,2020-05-12
13,sin_336_1,11.500403853280504,0.01929067710546624,596.1638251682587,0.0,***,2020-05-12
12,solar_16,0.2292280668264926,0.03413312669230231,6.7157066767688764,1.871569565992104e-11,***,2020-05-12
11,solar_4,-0.14492587969752696,0.05089350978454901,-2.84762989055091,0.004404611576429351,**,2020-05-12
10,temp_9,1.1918234410688093,0.019298536360077664,61.75719333484278,0.0,***,2020-05-12
9,temp_1,-4.123737113861445,0.020287037261811008,-203.2695588144901,0.0,***,2020-05-12
8,solar_power,-0.8311949248022898,0.02968910299799027,-27.996633137031978,0.0,***,2020-05-12
7,temperature,-7.65297025260918,0.01936682612127374,-395.1587216556189,0.0,***,2020-05-12
5,rainfall,-0.7708292443883238,0.01934927375643886,-39.837631845578436,0.0,***,2020-05-12
4,intercept,-11479.62204147427,0.01928806754059075,-595167.0387567854,0.0,***,2020-05-12
3,sma1,-0.7374966911981548,0.01448504864184417,-50.91433998141272,0.0,***,2020-05-12
2,sar1,0.9941294258691641,0.0014094205831663268,705.3461810780481,0.0,***,2020-05-12
0,ar1,0.9953477168969453,0.0026781517872863253,371.6547066607809,0.0,***,2020-05-12
6,pv_capacity,9.188266565806316,0.020411839179683006,450.1439818785114,0.0,***,2020-05-12
1,ma1,0.33394014339887285,0.01302085960429357,25.646551268301643,0.0,***,2020-05-12
14,cos_336_1,-2.2790716023615594,0.019288668754318894,-118.15598221890022,0.0,***,2020-05-13
8,solar_power,-0.8611604129022723,0.035152477497054954,-24.49785830812123,0.0,***,2020-05-13
13,sin_336_1,9.885864129819733,0.019295240198759393,512.3472953944027,0.0,***,2020-05-13
12,solar_16,0.23354243768584398,0.04775868571142651,4.890051604371679,1.008095459553715e-06,***,2020-05-13
11,solar_4,-0.1824663897537015,0.026322586921145797,-6.931932271714535,4.151345933678385e-12,***,2020-05-13
10,temp_9,0.1383934343657245,0.019295229104796495,7.172417265121875,7.367439991412539e-13,***,2020-05-13
9,temp_1,-3.196852662451085,0.01938441014393279,-164.9187485569006,0.0,***,2020-05-13
7,temperature,-7.326778921190112,0.01936433067182007,-378.3646873915659,0.0,***,2020-05-13
5,rainfall,-1.8116681324650017,0.019548750046601972,-92.67437192384133,0.0,***,2020-05-13
4,intercept,-14344.76838441039,0.01928806753598539,-743712.0570864666,0.0,***,2020-05-13
3,sma1,-0.727557328444349,0.015732092601268732,-46.246697555395414,0.0,***,2020-05-13
2,sar1,0.9937143935712105,0.0014900406728880601,666.9042071483532,0.0,***,2020-05-13
1,ma1,0.33423195553018614,0.014217994137239745,23.50767290406784,0.0,***,2020-05-13
0,ar1,0.995557763208461,0.0019030203007189717,523.1461602550082,0.0,***,2020-05-13
6,pv_capacity,7.850811752865411,0.01957101732955593,401.144795932974,0.0,***,2020-05-13
13,sin_336_1,10.816436009200027,0.35129713000509294,30.7899925315166,0.0,***,2020-05-14
12,solar_16,0.27533165799615456,0.06817812766840148,4.038416240106907,5.3813301790217594e-05,***,2020-05-14
11,solar_4,-0.17436900762016272,0.0703806377280595,-2.477513890878612,0.013230125875628662,*,2020-05-14
10,temp_9,0.6250875379218463,0.18288926304995234,3.4178471032010056,0.0006311855402241218,***,2020-05-14
9,temp_1,-5.439439131957651,0.9678773799236787,-5.619967203269669,1.9099371195707704e-08,***,2020-05-14
8,solar_power,-0.8603650673744951,0.062120853113540424,-13.849859173729895,0.0,***,2020-05-14
7,temperature,-7.888396222766914,0.4576221301433062,-17.2377944665758,0.0,***,2020-05-14
14,cos_336_1,-1.7012060535331728,0.20873805130813863,-8.14995657414592,4.440892098500626e-16,***,2020-05-14
5,rainfall,-1.7615623026617868,1.305750791951221,-1.3490800185764649,0.17731126552563037,,2020-05-14
4,intercept,-17187.004711904898,0.023871218776206016,-719988.5717203637,0.0,***,2020-05-14
3,sma1,-0.7226447523521417,0.015675580594842357,-46.100031062958465,0.0,***,2020-05-14
2,sar1,0.993713056402611,0.0011974646087324439,829.847537168125,0.0,***,2020-05-14
1,ma1,0.3278249510171705,0.016936304590109325,19.35634478424637,0.0,***,2020-05-14
0,ar1,0.9952762757503784,0.0015153555660651988,656.7938891957428,0.0,***,2020-05-14
6,pv_capacity,14.45110208566848,2.7333652760233003,5.286926783050746,1.2438839691597536e-07,***,2020-05-14
14,cos_336_1,-1.2539222693298455,0.019287913998294368,-65.010776667748,0.0,***,2020-05-15
13,sin_336_1,11.497060236501348,0.0192879249209071,596.0755386412324,0.0,***,2020-05-15
12,solar_16,0.2071508708792103,0.019341819966416412,10.709998916280396,0.0,***,2020-05-15
11,solar_4,-0.15102013256724067,0.019564227880651847,-7.719197173970402,1.176836406102666e-14,***,2020-05-15
10,temp_9,0.08920038137194553,0.01928790359643124,4.6246799672127095,3.7517721744873e-06,***,2020-05-15
9,temp_1,-3.4191274216767393,0.019288353874541,-177.26382686236897,0.0,***,2020-05-15
8,solar_power,-0.8836297633743584,0.019298009654519884,-45.78864759596589,0.0,***,2020-05-15
7,temperature,-7.092681968584884,0.01928791738995776,-367.72668739641557,0.0,***,2020-05-15
5,rainfall,-1.2979762545373887,0.019288924704486246,-67.29127073815077,0.0,***,2020-05-15
4,intercept,-20617.178672935483,0.019287918516061188,-1068916.7239983624,0.0,***,2020-05-15
3,sma1,-0.7507445011153211,0.015606062043072041,-48.10595389428156,0.0,***,2020-05-15
2,sar1,0.9994634304344302,2.7622705974906183e-05,36182.67635844192,0.0,***,2020-05-15
1,ma1,0.33584054323838064,0.019170194791081906,17.518890491118835,0.0,***,2020-05-15
0,ar1,0.9850272166733669,0.0005844868432528384,1685.285525318937,0.0,***,2020-05-15
6,pv_capacity,7.942007270336944,0.0192879489281023,411.7600736056253,0.0,***,2020-05-15
8,solar_power,-0.8736647739288088,0.03077861271424752,-28.385450053906638,0.0,***,2020-05-16
13,sin_336_1,11.78376626705255,0.019934148522684225,591.1346679113542,0.0,***,2020-05-16
12,solar_16,0.22455236769715453,0.04952018472449471,4.5345624000889835,5.772303533602141e-06,***,2020-05-16
11,solar_4,-0.22859599600290176,0.03231820423522268,-7.073288922215597,1.5130119379591633e-12,***,2020-05-16
10,temp_9,0.9161832791962716,0.021635969589331307,42.345376545918306,0.0,***,2020-05-16
9,temp_1,-7.710397721531452,0.04327305934615674,-178.18009260341896,0.0,***,2020-05-16
7,temperature,-10.20740169360306,0.026821553304618696,-380.567134858865,0.0,***,2020-05-16
14,cos_336_1,-0.3687632600943563,0.019343031781471155,-19.064398190546196,0.0,***,2020-05-16
5,rainfall,-0.708296601132588,0.02126415255964716,-33.30942059156958,0.0,***,2020-05-16
0,ar1,0.9955800801425911,0.0018180207080141007,547.6175687955197,0.0,***,2020-05-16
1,ma1,0.3092632557385522,0.014595557315622015,21.188862408668662,0.0,***,2020-05-16
6,pv_capacity,8.777482762210639,0.023857114116677066,367.91888236284336,0.0,***,2020-05-16
3,sma1,-0.7295950129900471,0.013877761904716495,-52.57295938634651,0.0,***,2020-05-16
4,intercept,-22604.655758252422,0.019376664069116405,-1166591.7145294875,0.0,***,2020-05-16
2,sar1,0.9936190467327352,0.0011458683645983062,867.1319301855905,0.0,***,2020-05-16
14,cos_336_1,-1.3764463947144814,0.01954827727755827,-70.41266988240767,0.0,***,2020-05-17
13,sin_336_1,15.8858547701207,0.024226666121535106,655.7177405437452,0.0,***,2020-05-17
12,solar_16,0.3025512438281076,0.07466190366255068,4.052284083132251,5.072002559236566e-05,***,2020-05-17
11,solar_4,-0.25600404471686483,0.04350660911163294,-5.8842564369930095,3.998474884525649e-09,***,2020-05-17
10,temp_9,0.4418557365054028,0.019966529058963067,22.129822123843386,0.0,***,2020-05-17
8,solar_power,-0.8810919300778153,0.032836777584272246,-26.83247245612279,0.0,***,2020-05-17
7,temperature,-9.932655247110688,0.035082810260676535,-283.1202852139801,0.0,***,2020-05-17
9,temp_1,-4.052883636847847,0.027750868534460356,-146.0452897830954,0.0,***,2020-05-17
5,rainfall,2.0738393100614303,0.12381625557589124,16.74932988738545,0.0,***,2020-05-17
4,intercept,-23461.321188255624,0.019308674225666962,-1215066.395240568,0.0,***,2020-05-17
3,sma1,-0.7413953505012975,0.014301836352827415,-51.83917171270993,0.0,***,2020-05-17
2,sar1,0.9932848212074434,0.0009010510443365558,1102.3624326841543,0.0,***,2020-05-17
1,ma1,0.3265749871581161,0.01279240365943098,25.528821310868683,0.0,***,2020-05-17
0,ar1,0.9961510662148482,0.0031334693960100505,317.90674818247146,0.0,***,2020-05-17
6,pv_capacity,33.77067526890005,0.1191575174369005,283.41204143316605,0.0,***,2020-05-17
9,temp_1,-9.851813534019714,0.1389027485072376,-70.92597979446303,0.0,***,2020-05-18
14,cos_336_1,-1.1416697755055418,0.02103897979598127,-54.26450267914684,0.0,***,2020-05-18
13,sin_336_1,12.832571935400615,0.020163734503976818,636.4184141022931,0.0,***,2020-05-18
12,solar_16,0.2895493737337351,0.046067789326619986,6.285289091708615,3.2724423171259787e-10,***,2020-05-18
11,solar_4,-0.1694701209342908,0.04824304693149617,-3.512840330647727,0.0004433438145083901,***,2020-05-18
10,temp_9,-0.1094646913578643,0.022907240718421144,-4.778606585726272,1.7651418495745475e-06,***,2020-05-18
8,solar_power,-0.7979323253792785,0.03963453861723132,-20.132247106123074,0.0,***,2020-05-18
1,ma1,0.30550219112041177,0.012715247726261774,24.026444289357787,0.0,***,2020-05-18
6,pv_capacity,11.412043531912786,0.05346515399274404,213.44824955449596,0.0,***,2020-05-18
5,rainfall,-1.133018299860396,0.05146512061218444,-22.015265608687844,0.0,***,2020-05-18
4,intercept,-23102.297498495307,0.02005827732666043,-1151758.8037228363,0.0,***,2020-05-18
3,sma1,-0.7166537361197334,0.011883075191354762,-60.30877736439109,0.0,***,2020-05-18
2,sar1,0.9929736603079089,0.0008508450484010915,1167.0440606946065,0.0,***,2020-05-18
0,ar1,0.9955930446549571,0.0023515567627701915,423.3761482678922,0.0,***,2020-05-18
7,temperature,-11.193416684291833,0.05543094088039575,-201.93445224832197,0.0,***,2020-05-18
8,solar_power,-0.847051826569384,0.02230143187141619,-37.98194804052258,0.0,***,2020-05-19
14,cos_336_1,-2.7665276278267914,0.019288068969273705,-143.43206840632556,0.0,***,2020-05-19
13,sin_336_1,11.577343653469695,0.019290827450782908,600.147592580319,0.0,***,2020-05-19
12,solar_16,0.23331490687602718,0.01992428037327095,11.710079486184428,0.0,***,2020-05-19
11,solar_4,-0.18626935430160985,0.023413499085553756,-7.955639335281541,1.7763568394002505e-15,***,2020-05-19
10,temp_9,1.590158777168611,0.01933673167119712,82.23513695115393,0.0,***,2020-05-19
7,temperature,-10.359848241847203,0.019290327423688514,-537.0488542939563,0.0,***,2020-05-19
9,temp_1,-11.630549608415023,0.01963895200663442,-592.2184444712731,0.0,***,2020-05-19
5,rainfall,-1.383839750615607,0.019331826128056093,-71.58349870565273,0.0,***,2020-05-19
6,pv_capacity,11.39135470412657,0.01931324966049055,589.8207139852835,0.0,***,2020-05-19
4,intercept,-27672.08893570888,0.019288026276377063,-1434677.0654081993,0.0,***,2020-05-19
3,sma1,-0.7738889843961759,0.012909376968182432,-59.947818264473156,0.0,***,2020-05-19
2,sar1,0.9996810204634723,7.894082020340892e-05,12663.676636340584,0.0,***,2020-05-19
1,ma1,0.30138183918731726,0.015724518860950217,19.166363171579103,0.0,***,2020-05-19
0,ar1,0.9833627371000021,0.0008259703255148214,1190.5545595564577,0.0,***,2020-05-19
13,sin_336_1,12.776668211021668,0.019287513132620792,662.4321198471465,0.0,***,2020-05-20
12,solar_16,0.15848817267103854,0.023743676116885867,6.674963552014003,2.4729329695105662e-11,***,2020-05-20
11,solar_4,-0.03596791960556761,0.03188155613669788,-1.1281732752111822,0.2592467480751579,,2020-05-20
10,temp_9,-0.30624577909048867,0.019288918564400022,-15.876772877029065,0.0,***,2020-05-20
9,temp_1,-12.429632706608732,0.019737074642778744,-629.7606373574919,0.0,***,2020-05-20
8,solar_power,-0.789835815993257,0.024916988322428377,-31.69868708740803,0.0,***,2020-05-20
7,temperature,-10.25551343229995,0.019297803873565497,-531.4342243030125,0.0,***,2020-05-20
14,cos_336_1,-3.740244881054968,0.01928738212190837,-193.92185302361258,0.0,***,2020-05-20
5,rainfall,-0.1738311575336411,0.019342044068268307,-8.987217530892751,0.0,***,2020-05-20
4,intercept,-31968.52144371134,0.019287687820400495,-1657457.4278363416,0.0,***,2020-05-20
3,sma1,-2.5782467298743623,3.269765676316088e-05,-78851.11610747495,0.0,***,2020-05-20
2,sar1,0.9998698098051724,1.271375635846185e-07,7864472.006652012,0.0,***,2020-05-20
1,ma1,1.9427879626269646,1.840215952601983e-06,1055739.1157705972,0.0,***,2020-05-20
0,ar1,0.9999673113564852,5.397380622518773e-09,185269000.148786,0.0,***,2020-05-20
6,pv_capacity,19.910949798031652,0.019427253154872735,1024.8978401271102,0.0,***,2020-05-20
14,cos_336_1,-2.9147768604129314,0.01878084595589366,-155.19944454356374,0.0,***,2020-05-21
13,sin_336_1,11.915668509160806,0.0541189295581606,220.1756133471794,0.0,***,2020-05-21
12,solar_16,0.19084550159670977,0.0567110336538413,3.365226999063575,0.0007648070970289744,***,2020-05-21
11,solar_4,-0.32746111231518915,0.057935717686152424,-5.652145608847056,1.5845726508700864e-08,***,2020-05-21
10,temp_9,-1.2783599006941273,0.04924979810441754,-25.95665261375889,0.0,***,2020-05-21
9,temp_1,-5.4721865385435535,0.25465403343320164,-21.48870946502783,0.0,***,2020-05-21
8,solar_power,-0.8864661199226447,0.06185874030655809,-14.330490978793243,0.0,***,2020-05-21
7,temperature,-8.705478377650252,0.0684326957472612,-127.21226721510033,0.0,***,2020-05-21
5,rainfall,-0.543598962996839,0.0706187998379842,-7.697652243368341,1.3766765505351941e-14,***,2020-05-21
4,intercept,-35251.56694764056,0.021497661492034345,-1639786.1209556458,0.0,***,2020-05-21
3,sma1,-0.7774555252864234,0.009975020635612258,-77.94024229993022,0.0,***,2020-05-21
2,sar1,0.9987161738507627,7.05859223224671e-08,14148942.749351552,0.0,***,2020-05-21
1,ma1,3.138470813472346,0.08546790100994135,36.72104704089187,0.0,***,2020-05-21
0,ar1,0.9995869374400724,3.2723219801533026e-08,30546717.086600494,0.0,***,2020-05-21
6,pv_capacity,7.074637976482336,0.14609752637304257,48.42407775213177,0.0,***,2020-05-21
9,temp_1,-5.22552843815777,0.05907248149632384,-88.45960599239363,0.0,***,2020-05-22
14,cos_336_1,-3.5500375196326255,0.022356358257767935,-158.7931933591702,0.0,***,2020-05-22
13,sin_336_1,11.223965387372603,0.020625652894892158,544.1750350677221,0.0,***,2020-05-22
12,solar_16,0.17663886488266978,0.06887484142897321,2.5646355217358665,0.010328423618854776,*,2020-05-22
11,solar_4,-0.4012752661724628,0.059429489023763285,-6.752123781713993,1.4569678796760854e-11,***,2020-05-22
10,temp_9,-1.5726153927540736,0.03408915106773416,-46.1324305093234,0.0,***,2020-05-22
8,solar_power,-0.9832916289651195,0.046831096731386655,-20.996553520945152,0.0,***,2020-05-22
1,ma1,3.0852183679946883,0.0017362437360785826,1776.9500352311427,0.0,***,2020-05-22
6,pv_capacity,6.7208577357332615,0.026911782310757897,249.73662680998353,0.0,***,2020-05-22
5,rainfall,0.1916353739288752,0.08435338710068942,2.271815993590481,0.023097626450314657,*,2020-05-22
4,intercept,-39812.07373746575,0.01866703257545586,-2132747.8578363983,0.0,***,2020-05-22
3,sma1,-1.2740645538979718,0.001316071070984539,-968.0818779375322,0.0,***,2020-05-22
2,sar1,0.9991480516093597,4.998688822376049e-09,199882026.48998466,0.0,***,2020-05-22
7,temperature,-9.783279299582773,0.01987193323619417,-492.3164336001184,0.0,***,2020-05-22
0,ar1,0.9998660726207653,1.290455557909101e-09,774816355.7378358,0.0,***,2020-05-22
14,cos_336_1,-2.7152655381972806,0.019304833392752196,-140.65210939436025,0.0,***,2020-05-23
13,sin_336_1,9.325012981483752,0.01934361561482401,482.07187152424154,0.0,***,2020-05-23
12,solar_16,0.17422091785763613,0.03798988062441205,4.585982240378058,4.518570123845933e-06,***,2020-05-23
11,solar_4,-0.34836679513698976,0.03185519476983411,-10.935949306041676,0.0,***,2020-05-23
10,temp_9,1.0004720363986763,0.02822566690992234,35.445470237834286,0.0,***,2020-05-23
9,temp_1,-15.118539609218374,0.07276265276980692,-207.7788402939022,0.0,***,2020-05-23
8,solar_power,-0.9568843632046118,0.026429418755031176,-36.20527458714758,0.0,***,2020-05-23
7,temperature,-13.09337870102263,0.022335745073099402,-586.2073845386049,0.0,***,2020-05-23
6,pv_capacity,25.709641664094306,0.032684682642189704,786.5960317114431,0.0,***,2020-05-23
5,rainfall,-0.2307344016726347,0.020728920622724557,-11.131037928703668,0.0,***,2020-05-23
4,intercept,-44784.229997841074,0.019313872581310468,-2318759.7313434496,0.0,***,2020-05-23
3,sma1,-0.7356759870133983,0.021508243406913926,-34.20437332306328,0.0,***,2020-05-23
2,sar1,0.9921856677279636,0.00017549935135708603,5653.500483367471,0.0,***,2020-05-23
1,ma1,3.165675256078379,0.12546284362270624,25.231974381182095,0.0,***,2020-05-23
0,ar1,0.9998910859528396,2.8968741088917375e-06,345162.07759382745,0.0,***,2020-05-23
13,sin_336_1,13.309181137309508,0.019310913387474173,689.2051592931059,0.0,***,2020-05-24
12,solar_16,0.10541547955262276,0.021255840233490114,4.959365444727658,7.072381376094228e-07,***,2020-05-24
11,solar_4,-0.42436163408847677,0.11694778229651108,-3.6286419952158155,0.0002849160250482097,***,2020-05-24
10,temp_9,2.7097962074555184,0.02160253621142961,125.43879945086272,0.0,***,2020-05-24
9,temp_1,-15.207241397494073,0.028826843404919245,-527.5375171635679,0.0,***,2020-05-24
8,solar_power,-0.9246391394907008,0.029841056013976158,-30.98546978557471,0.0,***,2020-05-24
7,temperature,-13.271620732603878,0.019517146951806258,-679.997991785148,0.0,***,2020-05-24
14,cos_336_1,-3.3510015214973845,0.01929369464639502,-173.6837647175841,0.0,***,2020-05-24
5,rainfall,-0.06471282157144742,0.01953906999493105,-3.311970405358885,0.0009264134559783255,***,2020-05-24
4,intercept,-47874.913793415726,0.019278341831201123,-2483352.2619633367,0.0,***,2020-05-24
3,sma1,-1.2541797995978412,0.016512369615633647,-75.95395626381836,0.0,***,2020-05-24
2,sar1,0.9993559608763813,5.285524558905471e-08,18907413.062580273,0.0,***,2020-05-24
1,ma1,3.0897318130857983,0.03671136306441109,84.16281922479368,0.0,***,2020-05-24
0,ar1,0.9997760959361165,7.0116145092235805e-09,142588571.37980694,0.0,***,2020-05-24
6,pv_capacity,28.06747210631329,0.021180303583201644,1325.168546147466,0.0,***,2020-05-24
13,sin_336_1,12.20534759975301,0.019287966390694276,632.7959802771968,0.0,***,2020-05-25
12,solar_16,0.09712712634206352,0.019421321400614228,5.00105653670876,5.701698801985344e-07,***,2020-05-25
11,solar_4,-0.35422633916629387,0.019698162264478243,-17.98270998127939,0.0,***,2020-05-25
10,temp_9,0.9822877110969799,0.019299810337518916,50.89623648722642,0.0,***,2020-05-25
9,temp_1,-15.34639084115176,0.019416714913134545,-790.370096579551,0.0,***,2020-05-25
8,solar_power,-0.9784835654650266,0.019397516628191273,-50.44375443622267,0.0,***,2020-05-25
7,temperature,-13.621302529150853,0.019290804234638463,-706.1034036462055,0.0,***,2020-05-25
14,cos_336_1,-4.298034547804187,0.01928769877122369,-222.838120751691,0.0,***,2020-05-25
5,rainfall,-0.11607033085874718,0.019288460812879396,-6.017604617847168,1.7701691223948046e-09,***,2020-05-25
4,intercept,-48498.76835790588,0.019287874769132886,-2514469.268305303,0.0,***,2020-05-25
3,sma1,-0.7850787378087057,0.014116096509247757,-55.61585225025799,0.0,***,2020-05-25
2,sar1,0.9996886112922058,2.5421427831942816e-05,39324.644465330384,0.0,***,2020-05-25
1,ma1,0.33574967157079877,0.018697349551010774,17.957073041544984,0.0,***,2020-05-25
0,ar1,0.9832624336942486,0.0006724534196882278,1462.201551670482,0.0,***,2020-05-25
6,pv_capacity,32.675456654442314,0.019320961133733484,1691.1920907181225,0.0,***,2020-05-25
14,cos_336_1,-4.275090714098889,0.019289149327576253,-221.6318947765681,0.0,***,2020-05-26
13,sin_336_1,13.318967661867529,0.01928801404458753,690.530794465333,0.0,***,2020-05-26
12,solar_16,0.26565053254627846,0.020521159818302548,12.945200704949839,0.0,***,2020-05-26
11,solar_4,-0.3527230197975604,0.01986859825436347,-17.75278835889173,0.0,***,2020-05-26
10,temp_9,1.3155329707333578,0.01930182886787911,68.1558716398416,0.0,***,2020-05-26
9,temp_1,-16.61148313389384,0.019391545648392478,-856.6353314528541,0.0,***,2020-05-26
8,solar_power,-1.0408005416413104,0.020270090231975242,-51.34661610926082,0.0,***,2020-05-26
7,temperature,-13.814849227912418,0.019290425361116994,-716.1505757026232,0.0,***,2020-05-26
5,rainfall,0.21644193114298105,0.019293031974272477,11.218658188697834,0.0,***,2020-05-26
4,intercept,-56670.87414874475,0.01928511451023021,-2938581.158990912,0.0,***,2020-05-26
3,sma1,-1.9105424913432563,0.0015846857872238984,-1205.6285900627681,0.0,***,2020-05-26
2,sar1,0.9998045286225181,9.855599133228994e-09,101445332.252972,0.0,***,2020-05-26
1,ma1,2.316278104948699,0.0010396774138840329,2227.881527497586,0.0,***,2020-05-26
0,ar1,0.9999588451850285,1.6644302141590278e-09,600781478.6577094,0.0,***,2020-05-26
6,pv_capacity,16.15390701522665,0.01929318314920501,837.2857340491418,0.0,***,2020-05-26
8,solar_power,-0.9407691164418708,0.019295190103935617,-48.75666481513355,0.0,***,2020-05-27
13,sin_336_1,6.1558514616175355,0.019287945761025754,319.1553697779665,0.0,***,2020-05-27
12,solar_16,0.058081260880344626,0.019287448846954523,3.0113500930692356,0.0026008879024204123,**,2020-05-27
11,solar_4,-0.32846176101406943,0.019293792140554475,-17.02421994708138,0.0,***,2020-05-27
10,temp_9,-3.7139608678496216,0.019287926703825096,-192.5536593372208,0.0,***,2020-05-27
9,temp_1,-20.987425280711363,0.01929006027854432,-1087.9916898992258,0.0,***,2020-05-27
7,temperature,-12.697832498975004,0.01928799690344311,-658.3282111948238,0.0,***,2020-05-27
14,cos_336_1,2.8721386718592674,0.01928792522342201,148.90863784413307,0.0,***,2020-05-27
5,rainfall,-1.64718533866926,0.019288089326126235,-85.39909323408739,0.0,***,2020-05-27
4,intercept,-64828.02630888486,0.01928788744088324,-3361074.483018459,0.0,***,2020-05-27
3,sma1,-1.1908858665722863,0.02559152857614666,-46.53437808643782,0.0,***,2020-05-27
2,sar1,0.9992342601524474,3.158319742810086e-05,31638.16020930762,0.0,***,2020-05-27
1,ma1,1.649535525067132,0.007345512644155125,224.56370371640142,0.0,***,2020-05-27
0,ar1,0.999780992281626,9.01977090729363e-06,110843.28000760819,0.0,***,2020-05-27
6,pv_capacity,61.183134711985986,0.019287807837965146,3172.114489421457,0.0,***,2020-05-27
14,cos_336_1,-4.041853133561298,0.019287899283832663,-209.55382823619496,0.0,***,2020-05-28
13,sin_336_1,10.184865795232628,0.019287921464865767,528.0437196815136,0.0,***,2020-05-28
12,solar_16,0.02889179979844536,0.01928809608132614,1.4979083304348058,0.13415706903242675,,2020-05-28
11,solar_4,-0.3464447151196435,0.01929716994960631,-17.953135927411545,0.0,***,2020-05-28
10,temp_9,4.405254469077988,0.019288110273811082,228.39222746768166,0.0,***,2020-05-28
9,temp_1,-15.945809908641934,0.01928783288876848,-826.7289539784097,0.0,***,2020-05-28
8,solar_power,-1.0196703249799661,0.019307665040994175,-52.81168503881721,0.0,***,2020-05-28
1,ma1,1.3697504556576277,0.007032961083789154,194.76155766237315,0.0,***,2020-05-28
6,pv_capacity,78.94805512057428,0.019287622612071592,4093.1978351319913,0.0,***,2020-05-28
5,rainfall,-0.6492328721769809,0.01928942064881329,-33.657458354868865,0.0,***,2020-05-28
4,intercept,-66182.40860201021,0.01928787916107611,-3431295.273539953,0.0,***,2020-05-28
3,sma1,-0.49114536527376884,0.026340265527285456,-18.646181252994555,0.0,***,2020-05-28
2,sar1,0.9983451365060301,7.710824830006963e-05,12947.31962553387,0.0,***,2020-05-28
7,temperature,-13.913604171096267,0.019288086650475905,-721.3574069438852,0.0,***,2020-05-28
0,ar1,0.9992037756536672,4.113913141553128e-05,24288.402337936506,0.0,***,2020-05-28
14,cos_336_1,-1.3477762964105138,0.019287974703071593,-69.87650684734056,0.0,***,2020-05-29
13,sin_336_1,10.92990457475621,0.01928797910057765,566.6692460501926,0.0,***,2020-05-29
12,solar_16,0.04881822805613767,0.019298386172114376,2.529653392814713,0.011417525426231423,*,2020-05-29
11,solar_4,-0.35367859644538413,0.01933863619479608,-18.288704171422236,0.0,***,2020-05-29
10,temp_9,3.6491515815170317,0.01928982670676306,189.1749281623992,0.0,***,2020-05-29
9,temp_1,-17.50190707580154,0.019290478843550923,-907.2821477240143,0.0,***,2020-05-29
8,solar_power,-0.9884771796434251,0.019344699503979563,-51.09808914013252,0.0,***,2020-05-29
7,temperature,-13.887562236189297,0.019288471987654817,-719.9928664685176,0.0,***,2020-05-29
6,pv_capacity,72.87834945740724,0.019288484102837986,3778.33473428243,0.0,***,2020-05-29
5,rainfall,-0.32247363722126465,0.019293030492442853,-16.71451446404849,0.0,***,2020-05-29
4,intercept,-67444.20672821818,0.019288368600363138,-3496625.7709814,0.0,***,2020-05-29
3,sma1,-1.2839515854249353,0.04049978102779026,-31.702679689648434,0.0,***,2020-05-29
2,sar1,0.9992421259379968,3.9385513228786445e-05,25370.803730130436,0.0,***,2020-05-29
1,ma1,1.6334272275766062,0.01198514938372469,136.28759853379293,0.0,***,2020-05-29
0,ar1,0.9997345915454467,2.1095900995809327e-05,47389.99257457848,0.0,***,2020-05-29
13,sin_336_1,15.372771294960163,0.01928794601349887,797.0144298517514,0.0,***,2020-05-30
12,solar_16,-0.05846424943550324,0.019296551290088927,-3.029777111806066,0.0024473427590800956,**,2020-05-30
11,solar_4,-0.3187792301232575,0.01936179908158053,-16.46433933024963,0.0,***,2020-05-30
10,temp_9,5.361094667400252,0.01929619488546788,277.8317020128013,0.0,***,2020-05-30
9,temp_1,-19.326655776709202,0.019293963693215153,-1001.6944202867733,0.0,***,2020-05-30
8,solar_power,-1.0052509174297697,0.01949603445191489,-51.56181478387953,0.0,***,2020-05-30
7,temperature,-13.846308395933193,0.019288666530630227,-717.8468441011918,0.0,***,2020-05-30
14,cos_336_1,-5.540166567623122,0.019287909978812037,-287.2351941557717,0.0,***,2020-05-30
5,rainfall,-0.3657818910660353,0.019301361528537984,-18.951092674224526,0.0,***,2020-05-30
4,intercept,-69075.1114568211,0.019288258747867132,-3581199.9600253874,0.0,***,2020-05-30
3,sma1,-1.5575443301191807,0.06481657349053355,-24.030031923033697,0.0,***,2020-05-30
2,sar1,0.9995294222494222,2.649067629338321e-05,37731.366733701805,0.0,***,2020-05-30
1,ma1,1.7775451004147884,0.018853378888710994,94.28257454047905,0.0,***,2020-05-30
0,ar1,0.9998503826467691,1.8619936777381407e-05,53697.83982625218,0.0,***,2020-05-30
6,pv_capacity,68.62412624532408,0.019288223412432637,3557.8251442842025,0.0,***,2020-05-30
13,sin_336_1,14.384913041852137,0.019287923286605356,745.7989555486178,0.0,***,2020-05-31
12,solar_16,-0.025962451091575973,0.01928818343293545,-1.3460288358334414,0.17829321718039104,,2020-05-31
11,solar_4,-0.48427525380720826,0.019311390068029424,-25.077182538451247,0.0,***,2020-05-31
10,temp_9,1.0851611481035945,0.019288113008589236,56.26061749121642,0.0,***,2020-05-31
9,temp_1,-16.366123721091213,0.019288270623504553,-848.5013530009045,0.0,***,2020-05-31
8,solar_power,-1.0012517591510743,0.01930133340231568,-51.874745556747335,0.0,***,2020-05-31
7,temperature,-14.936761518897129,0.019288296659615706,-774.3950532537445,0.0,***,2020-05-31
14,cos_336_1,-7.330793375610511,0.01928792956157436,-380.0715547103098,0.0,***,2020-05-31
5,rainfall,-1.023272773176359,0.019288209713395774,-53.05172374114587,0.0,***,2020-05-31
4,intercept,-68336.35872644781,0.019287921798030506,-3542961.2086785655,0.0,***,2020-05-31
3,sma1,-1.2035856157818634,0.015269364768544902,-78.8235551397178,0.0,***,2020-05-31
2,sar1,0.999338295749964,2.199334013291806e-08,45438223.103466935,0.0,***,2020-05-31
1,ma1,1.7228801045913176,0.004000099673798338,430.7092935400127,0.0,***,2020-05-31
0,ar1,0.9997282303293974,1.6237036866460005e-08,61570854.24831938,0.0,***,2020-05-31
6,pv_capacity,83.59029983663459,0.019287897159813723,4333.8213152025055,0.0,***,2020-05-31
14,cos_336_1,-6.155453076371846,0.019253366563696864,-319.70788360609333,0.0,***,2020-06-01
13,sin_336_1,13.671450348457686,0.019363124378906447,706.0560104314011,0.0,***,2020-06-01
12,solar_16,-0.04990291827333415,0.0353957586574297,-1.409855874437073,0.158582244196096,,2020-06-01
11,solar_4,-0.4670457562153181,0.01978180833838335,-23.609861556948385,0.0,***,2020-06-01
10,temp_9,-0.6973316553549864,0.019281648235729153,-36.16556255096603,0.0,***,2020-06-01
9,temp_1,-17.947588239269805,0.02251838511995717,-797.0193308117621,0.0,***,2020-06-01
8,solar_power,-1.0692625498473731,0.03192668938889837,-33.49118152598621,0.0,***,2020-06-01
6,pv_capacity,78.15016668050885,0.021692689181427343,3602.6039015678502,0.0,***,2020-06-01
5,rainfall,-0.6989988759496555,0.01932361139255434,-36.17330434511789,0.0,***,2020-06-01
4,intercept,-65715.23451640134,0.019369442436875453,-3392727.2161067985,0.0,***,2020-06-01
3,sma1,-0.8229261816272218,0.00702663668349095,-117.11523146780635,0.0,***,2020-06-01
2,sar1,0.9974702777969895,0.00026829354053847733,3717.8318784530607,0.0,***,2020-06-01
1,ma1,0.34528813392716007,0.012651486824366445,27.292296843889037,0.0,***,2020-06-01
0,ar1,0.9951419396609109,0.001153129253099221,862.9925370346007,0.0,***,2020-06-01
7,temperature,-14.770191682178847,0.019310406745991448,-764.8824738114291,0.0,***,2020-06-01
9,temp_1,-19.76106966519987,0.020892720983704705,-945.8351394541924,0.0,***,2020-06-02
13,sin_336_1,11.958811223053196,0.019287977946312963,620.0137337537349,0.0,***,2020-06-02
12,solar_16,0.030024136510799992,0.01978547138426579,1.5174840127729483,0.12914452688524913,,2020-06-02
11,solar_4,-0.40844788423236356,0.01938805795068868,-21.06698284434698,0.0,***,2020-06-02
10,temp_9,3.166178121473777,0.01960215611178238,161.52193174151205,0.0,***,2020-06-02
8,solar_power,-0.9756582227659933,0.020722191683595285,-47.08277182564491,0.0,***,2020-06-02
14,cos_336_1,-8.685607608391168,0.019283813765438463,-450.4092247539749,0.0,***,2020-06-02
7,temperature,-15.91981696793664,0.01930445418229957,-824.6706598176531,0.0,***,2020-06-02
0,ar1,0.9997190674261537,3.566028668374552e-08,28034521.323179387,0.0,***,2020-06-02
1,ma1,2.6736610207286553,0.021424089000054013,124.79695266024682,0.0,***,2020-06-02
2,sar1,0.9994261703935456,4.01539670471872e-08,24889848.84654269,0.0,***,2020-06-02
6,pv_capacity,26.764118865865385,0.019647542518977476,1362.212034406544,0.0,***,2020-06-02
4,intercept,-57731.22382581055,0.01928725178314656,-2993232.2383148856,0.0,***,2020-06-02
5,rainfall,-0.023638388104700425,0.01931271789996564,-1.2239803960861708,0.22095962295834592,,2020-06-02
3,sma1,-1.1802000112409623,0.01240245253179074,-95.15859933475255,0.0,***,2020-06-02
13,sin_336_1,11.027893136967695,0.024133097968052953,456.96135454993225,0.0,***,2020-06-03
12,solar_16,-0.38989673297477134,0.14856777895953008,-2.6243694003191593,0.008680957744097162,**,2020-06-03
11,solar_4,-0.2924931471142669,0.02705835815721528,-10.809715261170485,0.0,***,2020-06-03
10,temp_9,-0.7092676333956689,0.6916353804801756,-1.0254935670052794,0.3051303592457111,,2020-06-03
9,temp_1,-15.084235261003613,2.316012451830019,-6.513019931773106,7.365463794428706e-11,***,2020-06-03
8,solar_power,-0.8013063458818195,0.13549343456765992,-5.913986522215434,3.3392522080788467e-09,***,2020-06-03
7,temperature,-11.835353727768961,0.049928604730190076,-237.04555317990966,0.0,***,2020-06-03
14,cos_336_1,-8.089094048008432,0.08273729844546639,-97.76840916965759,0.0,***,2020-06-03
5,rainfall,1.8660992464883748,1.3546774512998991,1.377522925990784,0.16835063169715525,,2020-06-03
4,intercept,-61232.20635621015,0.32626184992888246,-187678.1069241082,0.0,***,2020-06-03
3,sma1,-3.1278700126112495,0.014467267518241407,-216.20323317222125,0.0,***,2020-06-03
2,sar1,0.999764166105312,1.7044232308240662e-05,58657.03705657304,0.0,***,2020-06-03
1,ma1,2.155054178967923,0.01219847639393548,176.66584820702008,0.0,***,2020-06-03
0,ar1,0.9999494570069071,3.708452751777595e-06,269640.6086143595,0.0,***,2020-06-03
6,pv_capacity,26.62247352027407,1.2359686691362142,21.539764061236127,0.0,***,2020-06-03
14,cos_336_1,-6.984010322382951,0.026465355569994096,-263.8925558325498,0.0,***,2020-06-04
13,sin_336_1,11.44452923679388,0.022470678131970765,509.3094729754002,0.0,***,2020-06-04
12,solar_16,0.0889443965767058,0.20742184238205869,0.42880921100332103,0.6680620750978741,,2020-06-04
11,solar_4,-0.563311224496674,0.24323442246876695,-2.3159190166392145,0.02056269080643558,*,2020-06-04
10,temp_9,-2.919487407326315,0.11093712577996205,-26.31659497936664,0.0,***,2020-06-04
9,temp_1,-4.691748154401324,0.4140149411060764,-11.33231603155895,0.0,***,2020-06-04
8,solar_power,-1.0725941029779662,0.0932086182103803,-11.50745632294456,0.0,***,2020-06-04
7,temperature,-13.36809064425006,0.11826252982310746,-113.03741484513763,0.0,***,2020-06-04
5,rainfall,0.4374551936489297,0.0245840473708961,17.79427069306791,0.0,***,2020-06-04
4,intercept,-61300.69099950309,0.019245679517955257,-3185166.3612247417,0.0,***,2020-06-04
3,sma1,-1.2338907503336989,0.038120315278398764,-32.36832490293948,0.0,***,2020-06-04
2,sar1,0.9974109523124747,2.8745927304648995e-07,3469747.0070870398,0.0,***,2020-06-04
0,ar1,0.9999620845018373,3.409293373190442e-09,293304792.23794854,0.0,***,2020-06-04
6,pv_capacity,20.298912155938524,0.22834547255107449,88.89561912114647,0.0,***,2020-06-04
1,ma1,2.6877408758420738,0.014089025741970029,190.76839840213498,0.0,***,2020-06-04
14,cos_336_1,-6.499008773200802,0.019288615389189908,-336.93495577930906,0.0,***,2020-06-05
8,solar_power,-0.9435670034666757,0.019682551689954912,-47.93926205961546,0.0,***,2020-06-05
13,sin_336_1,10.92946312731367,0.019287922704976854,566.6480156773724,0.0,***,2020-06-05
12,solar_16,0.04836884727972446,0.01934311845312787,2.5005713218854324,0.012399316345934608,*,2020-06-05
11,solar_4,-0.34935302840217686,0.019288346810453,-18.11212914384403,0.0,***,2020-06-05
10,temp_9,2.2125345983276077,0.019335408287797905,114.4291636046746,0.0,***,2020-06-05
9,temp_1,-23.445349262540418,0.019748526013309408,-1187.1948947855428,0.0,***,2020-06-05
6,pv_capacity,29.88868151274619,0.019352007046649473,1544.4745054452112,0.0,***,2020-06-05
5,rainfall,-0.05754391992923047,0.019300239234036114,-2.981513297915569,0.00286827589560934,**,2020-06-05
4,intercept,-62357.674796334046,0.01928789442552235,-3232995.443702782,0.0,***,2020-06-05
3,sma1,-1.222158496127036,0.011702831825971021,-104.43271460287174,0.0,***,2020-06-05
2,sar1,0.9992234610474326,1.0764437836051771e-05,92826.34878533818,0.0,***,2020-06-05
1,ma1,2.0412562930088525,0.019925808631117464,102.44283335237353,0.0,***,2020-06-05
0,ar1,0.9997188763338133,2.7671455856923103e-06,361281.6331395496,0.0,***,2020-06-05
7,temperature,-12.272658978164145,0.0193239386121622,-635.1013230004734,0.0,***,2020-06-05
13,sin_336_1,11.777982462568534,0.024043034761235343,489.8708744354606,0.0,***,2020-06-06
12,solar_16,0.06663142762880842,0.09515543037449704,0.7002377832412867,0.4837788193006749,,2020-06-06
11,solar_4,-0.645434272757849,0.10159547176706336,-6.352982682512577,2.1117951831683968e-10,***,2020-06-06
10,temp_9,-4.647314631441972,0.16559505160695573,-28.064332758399672,0.0,***,2020-06-06
9,temp_1,0.9309121442716446,1.0287634495838074,0.9048845433303943,0.36552655638571707,,2020-06-06
8,solar_power,-1.0427312382072031,0.11866034878596428,-8.787528849152872,0.0,***,2020-06-06
7,temperature,-11.134583362670583,0.18996553044437964,-58.61370395262681,0.0,***,2020-06-06
14,cos_336_1,-8.677646465202931,0.02164122242501061,-400.9776478788109,0.0,***,2020-06-06
5,rainfall,-0.08841415213464643,0.8754962463283394,-0.10098747139743676,0.9195604057053519,,2020-06-06
4,intercept,-62834.13611508059,0.03372210461329747,-1863292.2480853556,0.0,***,2020-06-06
3,sma1,-1.2417922241667536,0.01372171826240975,-90.49830352286182,0.0,***,2020-06-06
2,sar1,0.9991453353073707,7.417165341910246e-07,1347071.6766441218,0.0,***,2020-06-06
1,ma1,2.6977206842864647,0.08224516008957691,32.80096581182717,0.0,***,2020-06-06
0,ar1,0.999678188967371,8.996538097299396e-08,11111809.655621389,0.0,***,2020-06-06
6,pv_capacity,20.615328805692116,1.73761997648707,11.864118210340752,0.0,***,2020-06-06
14,cos_336_1,-4.830831232058398,0.01928793191203514,-250.4587456078737,0.0,***,2020-06-07
13,sin_336_1,12.903125615219928,0.019288167711959257,668.9658555394867,0.0,***,2020-06-07
12,solar_16,0.020255680545595345,0.02111306239979364,0.9593909288021298,0.33736184319057516,,2020-06-07
11,solar_4,-0.5195723165150647,0.02029824138037874,-25.5969128940061,0.0,***,2020-06-07
10,temp_9,-1.3660984621929089,0.01937561050584426,-70.50608608078971,0.0,***,2020-06-07
9,temp_1,2.3223692637172064,0.02068098519996761,112.29490477662755,0.0,***,2020-06-07
8,solar_power,-0.8786525003954324,0.019819959854897592,-44.33169929848843,0.0,***,2020-06-07
7,temperature,-20.319216273140682,0.021792760222361474,-932.3837855239285,0.0,***,2020-06-07
5,rainfall,-3.25546379359821,0.02037422872006515,-159.78341258101867,0.0,***,2020-06-07
4,intercept,-59420.85750711033,0.019289053617333123,-3080548.101837138,0.0,***,2020-06-07
3,sma1,-2.3201467764227597,0.04412799042662775,-52.57766678227737,0.0,***,2020-06-07
2,sar1,0.999733498700481,1.690355864376606e-05,59143.37446743365,0.0,***,2020-06-07
1,ma1,2.066620651917668,0.0041586978786010845,496.9393575214087,0.0,***,2020-06-07
0,ar1,0.999945473807365,2.6829953138254156e-06,372697.43583027076,0.0,***,2020-06-07
6,pv_capacity,76.30132667140788,0.02219988093641746,3437.0151303938087,0.0,***,2020-06-07
14,cos_336_1,-9.669240629942362,0.02158385524168661,-447.984872103265,0.0,***,2020-06-08
13,sin_336_1,13.05431353302355,0.05537299767724207,235.7523356260119,0.0,***,2020-06-08
12,solar_16,0.023773806197200514,0.10067920284678346,0.23613423154909347,0.8133285119542379,,2020-06-08
11,solar_4,-0.6664311626362291,0.08537286337523668,-7.806124057325863,5.995204332975845e-15,***,2020-06-08
10,temp_9,-3.409791484709814,0.019848301391808657,-171.79260922131232,0.0,***,2020-06-08
9,temp_1,-6.667307575493993,0.17402960403759357,-38.311341408636046,0.0,***,2020-06-08
8,solar_power,-0.9834565140995295,0.09757932957575084,-10.078533213697396,0.0,***,2020-06-08
7,temperature,-9.39875004748319,0.1969425604109076,-47.723305860720615,0.0,***,2020-06-08
5,rainfall,0.622696788715075,0.6203145792053102,1.003840324876479,0.3154555840759188,,2020-06-08
4,intercept,-56918.512505859544,0.035029848023757554,-1624857.5348444819,0.0,***,2020-06-08
3,sma1,-1.2142663896864117,0.011961904337928268,-101.51112693956851,0.0,***,2020-06-08
2,sar1,0.9991231879145045,5.232126999045289e-08,19095927.68097593,0.0,***,2020-06-08
1,ma1,2.5420536774484104,0.09312496367845347,27.297231344172552,0.0,***,2020-06-08
0,ar1,0.9997237462192612,4.481669899021196e-08,22306947.382215776,0.0,***,2020-06-08
6,pv_capacity,11.303179330841886,0.2708630801574334,41.73023257459877,0.0,***,2020-06-08
14,cos_336_1,-10.55010248885629,0.20623806999675504,-51.15497099552127,0.0,***,2020-06-09
13,sin_336_1,13.926491488169418,0.03206311503487599,434.3461785612897,0.0,***,2020-06-09
12,solar_16,0.03739721737748775,0.11849650304415757,0.3155976456415066,0.7523079249276308,,2020-06-09
11,solar_4,-0.7269021477286022,0.10438758052555662,-6.963492630721897,3.319344799024293e-12,***,2020-06-09
10,temp_9,-4.7453501763395,0.257073176064214,-18.45914166927383,0.0,***,2020-06-09
9,temp_1,-3.9435063383443207,1.126012535518266,-3.502186888647076,0.00046145581170375927,***,2020-06-09
8,solar_power,-0.9561638817646809,0.10348960664717108,-9.239226167170072,0.0,***,2020-06-09
7,temperature,-7.54290577379561,1.245871244003264,-6.0543220738914885,1.4101022571821886e-09,***,2020-06-09
6,pv_capacity,6.734971393807427,2.3001047010800613,2.928115137821719,0.0034102373406448283,**,2020-06-09
5,rainfall,0.5971927305836289,0.2476088069679737,2.4118396186968876,0.015872261773774987,*,2020-06-09
4,intercept,-51534.095523451615,0.06759774000528936,-762364.178438794,0.0,***,2020-06-09
3,sma1,-1.2225964473106183,0.012535743579059474,-97.52883341941705,0.0,***,2020-06-09
2,sar1,0.9988579613802056,9.737335853442395e-07,1025802.1048201638,0.0,***,2020-06-09
1,ma1,2.5269264015722865,0.07411320962082248,34.0954927535932,0.0,***,2020-06-09
0,ar1,0.9995637385863279,2.0969464763791726e-07,4766758.474027858,0.0,***,2020-06-09
13,sin_336_1,12.649745916452776,0.020482304731285258,617.5938734634287,0.0,***,2020-06-10
12,solar_16,-0.01413526318301525,0.0716826633545973,-0.19719221526537628,0.8436771223332964,,2020-06-10
11,solar_4,-0.6923935358599308,0.10780869175510834,-6.422427770784287,1.3411782795458294e-10,***,2020-06-10
10,temp_9,-4.460052878541617,0.12472649788499132,-35.75866358930541,0.0,***,2020-06-10
9,temp_1,-6.586966938994038,0.677188344217339,-9.726934899635538,0.0,***,2020-06-10
8,solar_power,-0.9498419111438849,0.10898627098610875,-8.715243695831658,0.0,***,2020-06-10
7,temperature,-12.149366743995415,0.25152719767438864,-48.30239773801012,0.0,***,2020-06-10
14,cos_336_1,-11.637585043183043,0.020109331806824688,-578.715650772319,0.0,***,2020-06-10
5,rainfall,-1.0949610648685848,0.046956712911097466,-23.318520334710403,0.0,***,2020-06-10
4,intercept,-51494.43508792633,0.019567555303488568,-2631623.332054451,0.0,***,2020-06-10
3,sma1,-1.2125437375283843,0.011070356223800074,-109.53068835504551,0.0,***,2020-06-10
2,sar1,0.998682975569541,2.2062774295453072e-06,452655.211078944,0.0,***,2020-06-10
1,ma1,2.4975323779807086,0.08032896921197971,31.091303703773207,0.0,***,2020-06-10
0,ar1,0.9996339155436178,1.6422423424321678e-07,6087006.099618378,0.0,***,2020-06-10
6,pv_capacity,12.57635188333552,0.29408537658811806,42.76428848398456,0.0,***,2020-06-10
13,sin_336_1,11.766534989175586,0.019287917753916903,610.0469288234128,0.0,***,2020-06-11
12,solar_16,0.00897098538818071,0.019295717963823095,0.4649210464725964,0.6419879980399599,,2020-06-11
11,solar_4,-0.5713593370113175,0.01930092152667075,-29.60269727130859,0.0,***,2020-06-11
10,temp_9,-2.0792687900088964,0.019288169000174687,-107.80021628751102,0.0,***,2020-06-11
9,temp_1,-18.18027482819329,0.019289373449686596,-942.5020919219476,0.0,***,2020-06-11
8,solar_power,-0.8860665678308663,0.019327114610717618,-45.845776034230624,0.0,***,2020-06-11
7,temperature,-16.896998873387474,0.01928925729420531,-875.9797547240715,0.0,***,2020-06-11
14,cos_336_1,-10.24806873717568,0.019287917999143145,-531.3206297139456,0.0,***,2020-06-11
5,rainfall,0.5253137264053294,0.01929023705797223,27.23210320467414,0.0,***,2020-06-11
4,intercept,-52207.587316165926,0.01928793229663888,-2706748.785366881,0.0,***,2020-06-11
3,sma1,-1.3129376666943857,0.03425104310678108,-38.332779022267154,0.0,***,2020-06-11
2,sar1,0.9989610164534014,4.818788795332912e-05,20730.54161288235,0.0,***,2020-06-11
1,ma1,1.8258228173020885,0.009762082644658934,187.03209998954878,0.0,***,2020-06-11
0,ar1,0.9996216547071921,1.993106109921797e-05,50153.960681321376,0.0,***,2020-06-11
6,pv_capacity,10.675164523658168,0.019287878853341253,553.4649302200953,0.0,***,2020-06-11
14,cos_336_1,-9.790080249578972,0.019288612077091188,-507.5575272316515,0.0,***,2020-06-12
13,sin_336_1,12.051507196977623,0.01928813417815901,624.8145665962958,0.0,***,2020-06-12
12,solar_16,-0.02119457667844884,0.019371257625714025,-1.0941249705085994,0.2739001721896259,,2020-06-12
11,solar_4,-0.5226253101676963,0.02236057285675729,-23.37262616282931,0.0,***,2020-06-12
10,temp_9,-5.399003763190919,0.019307833792173105,-279.6276278999012,0.0,***,2020-06-12
9,temp_1,-21.680912440574787,0.019925287642595095,-1088.1103866338483,0.0,***,2020-06-12
8,solar_power,-0.8367754856519198,0.022004184187761688,-38.0280167858856,0.0,***,2020-06-12
7,temperature,-17.204702340858148,0.019322895520330112,-890.3791009352941,0.0,***,2020-06-12
5,rainfall,-0.023647590819564357,0.019325753964388213,-1.223630957071069,0.22109147594144418,,2020-06-12
4,intercept,-50489.853017319874,0.01928837861197542,-2617630.7523314916,0.0,***,2020-06-12
3,sma1,-1.2111248487993096,0.011226735602068485,-107.87862934762303,0.0,***,2020-06-12
2,sar1,0.9978953820040747,4.0676249551008845e-07,2453263.004871414,0.0,***,2020-06-12
1,ma1,2.594992378241793,0.03909236921711231,66.38104648581545,0.0,***,2020-06-12
0,ar1,0.9996674483497422,1.3754622984637883e-08,72678651.34989451,0.0,***,2020-06-12
6,pv_capacity,19.018087455708155,0.01938651577018435,980.9956405347049,0.0,***,2020-06-12
8,solar_power,-0.9112278832030896,0.09252134295492269,-9.848839782265685,0.0,***,2020-06-13
13,sin_336_1,14.032344730652778,0.030410994018301114,461.4234155650491,0.0,***,2020-06-13
12,solar_16,-0.022925830514927345,0.08177295475463565,-0.2803595710063014,0.7792016513800459,,2020-06-13
11,solar_4,-0.7646922172502898,0.08865142210891581,-8.625831363548803,0.0,***,2020-06-13
10,temp_9,-3.2692838876012758,0.0215602634960389,-151.63469074493992,0.0,***,2020-06-13
9,temp_1,-7.719647175116535,0.09223111195227135,-83.69894942946554,0.0,***,2020-06-13
7,temperature,-10.211591738236166,0.23526029724007957,-43.40550385267681,0.0,***,2020-06-13
14,cos_336_1,-8.99899670538707,0.02311648277777012,-389.2891834756506,0.0,***,2020-06-13
5,rainfall,1.11655594050535,0.15206489379040053,7.342627957537398,2.0938806244430452e-13,***,2020-06-13
0,ar1,0.9996586923863916,5.751911466680326e-08,17379591.083367933,0.0,***,2020-06-13
1,ma1,2.452322195688698,0.07222929668260787,33.95190467470236,0.0,***,2020-06-13
6,pv_capacity,9.80043036569441,0.4367825900101294,22.43777703105595,0.0,***,2020-06-13
3,sma1,-1.2028457356473556,0.01121430103997324,-107.25998270956225,0.0,***,2020-06-13
4,intercept,-50808.750524915755,0.034670361839234984,-1465480.826549022,0.0,***,2020-06-13
2,sar1,0.9986357587807763,8.646379980605307e-07,1154975.5632077423,0.0,***,2020-06-13
13,sin_336_1,14.714316470099686,0.022661453565376775,649.3103554743242,0.0,***,2020-06-14
12,solar_16,-0.03389650609919287,0.09102410461660947,-0.3723904370382311,0.7096021729199666,,2020-06-14
11,solar_4,-0.7617557750827237,0.09634202601010348,-7.906785923339807,2.6645352591003757e-15,***,2020-06-14
10,temp_9,-4.325766477897183,1.79093131757908,-2.415372625090172,0.01571911935070114,*,2020-06-14
9,temp_1,-7.490051614745994,3.956756399078294,-1.892977696703988,0.05836083554232019,.,2020-06-14
8,solar_power,-0.8990959168646313,0.09335890256141387,-9.630532195611266,0.0,***,2020-06-14
7,temperature,-12.057924176998768,1.1998608646115476,-10.049435340907209,0.0,***,2020-06-14
14,cos_336_1,-10.439004986816718,0.0667950052100647,-156.28421547370075,0.0,***,2020-06-14
5,rainfall,-0.23405293208725197,0.5459651768717373,-0.42869571540867274,0.6681446791165886,,2020-06-14
4,intercept,-46463.494303787134,0.14802063917330083,-313898.7546823671,0.0,***,2020-06-14
3,sma1,-1.1934848648321357,0.011730527586007984,-101.74178919758974,0.0,***,2020-06-14
2,sar1,0.9985718817766055,4.415548224585763e-06,226149.0150229952,0.0,***,2020-06-14
1,ma1,2.424426714972476,0.07235188397600745,33.5088263323791,0.0,***,2020-06-14
0,ar1,0.9994782905567526,6.647191047685519e-06,150360.99961422957,0.0,***,2020-06-14
6,pv_capacity,13.529331841182284,0.9852792135902082,13.731469876324141,0.0,***,2020-06-14
14,cos_336_1,-11.54945194782011,0.060980922155949344,-189.39451125852378,0.0,***,2020-06-15
13,sin_336_1,15.939384291986615,0.10722256319383154,148.65699734459994,0.0,***,2020-06-15
12,solar_16,-0.03436359693965571,0.076203495985406,-0.4509451501573734,0.6520290813539746,,2020-06-15
11,solar_4,-0.727470741445958,0.0930211276983136,-7.820489381781022,5.329070518200751e-15,***,2020-06-15
10,temp_9,-2.084910003405817,1.0692849823059885,-1.9498169691952105,0.05119793827070063,.,2020-06-15
9,temp_1,-10.829400887367044,0.9306870812682739,-11.635920499304136,0.0,***,2020-06-15
8,solar_power,-0.8101698487508529,0.09529640057704807,-8.501578693896446,0.0,***,2020-06-15
7,temperature,-12.38542996464389,0.2769185598449319,-44.72589331527453,0.0,***,2020-06-15
5,rainfall,0.06880008229700252,0.7308440303019385,0.09413784534653541,0.9249996576138646,,2020-06-15
4,intercept,-40496.9383641933,0.04451198154855713,-909798.5970365326,0.0,***,2020-06-15
3,sma1,-1.189514306787408,0.012749351484106856,-93.29998535770531,0.0,***,2020-06-15
2,sar1,0.9986357383056591,4.111046299573214e-06,242915.22535499829,0.0,***,2020-06-15
0,ar1,0.999509836179174,3.1967639324589907e-07,3126630.108749815,0.0,***,2020-06-15
6,pv_capacity,8.728640613154312,1.0885185086669993,8.018826086699631,1.1102230246251565e-15,***,2020-06-15
1,ma1,2.3721418667605705,0.07064777508202229,33.57702155526492,0.0,***,2020-06-15
14,cos_336_1,-12.742290248799662,0.15343404060490454,-83.04734854510735,0.0,***,2020-06-16
8,solar_power,-0.7524794675923516,0.10087250492557834,-7.459708353108863,8.681944052568724e-14,***,2020-06-16
13,sin_336_1,18.51911479110566,0.2780646400915359,66.60003510338231,0.0,***,2020-06-16
12,solar_16,0.029542787383484804,0.1287342365950577,0.22948663980051906,0.8184907034737485,,2020-06-16
11,solar_4,-0.8056926457540824,0.10392111888625676,-7.752925049199338,8.881784197001252e-15,***,2020-06-16
10,temp_9,-5.317491181617527,1.1620917591275035,-4.5757928664857666,4.74419768270451e-06,***,2020-06-16
9,temp_1,-7.920001179479385,3.045896383422205,-2.6002201593545013,0.009316396923439774,**,2020-06-16
7,temperature,-9.381058354693096,2.223013033609256,-4.219974517856122,2.4432993410261616e-05,***,2020-06-16
5,rainfall,0.23494437796989587,0.21856477636064464,1.0749416346128158,0.28240086006711773,,2020-06-16
4,intercept,-40925.35059113486,0.10846950083039301,-377298.22925180855,0.0,***,2020-06-16
3,sma1,-1.1864835335094734,0.0128208494069481,-92.54328600618875,0.0,***,2020-06-16
2,sar1,0.9983302669567883,1.62265154967711e-06,615246.2413482704,0.0,***,2020-06-16
1,ma1,2.3165920913548272,0.07290832756757043,31.774039655591356,0.0,***,2020-06-16
0,ar1,0.9994833480008636,9.190252594852004e-07,1087547.2003465197,0.0,***,2020-06-16
6,pv_capacity,5.61137765535932,1.675754860163389,3.348567137565814,0.0008123059724649551,***,2020-06-16
13,sin_336_1,16.822112912206112,0.03322457222411181,506.3154101348498,0.0,***,2020-06-17
12,solar_16,-0.0029972145921066534,0.09160964996673349,-0.0327172365923791,0.9739000784362899,,2020-06-17
11,solar_4,-0.6981207605259288,0.10156004114977055,-6.873970831662134,6.24389429049188e-12,***,2020-06-17
10,temp_9,-4.201834633568495,0.1263221280226483,-33.262855046387024,0.0,***,2020-06-17
9,temp_1,-14.516338685537363,0.8463968219172351,-17.150748100229567,0.0,***,2020-06-17
8,solar_power,-0.798037868848386,0.08957231220296824,-8.909425794882413,0.0,***,2020-06-17
7,temperature,-7.613814497480007,1.0028724173360204,-7.592007084714683,3.1530333899354446e-14,***,2020-06-17
14,cos_336_1,-14.470608578165692,0.033556100713982226,-431.2362959423366,0.0,***,2020-06-17
5,rainfall,0.03116741697067482,0.20099313959078927,0.15506706862796377,0.8767684435372389,,2020-06-17
4,intercept,-40228.73450598172,0.020406348234808424,-1971383.3187145644,0.0,***,2020-06-17
3,sma1,-1.177680327723854,0.01085199846807033,-108.52197696018155,0.0,***,2020-06-17
2,sar1,0.9985249882252843,2.7474186235135536e-06,363441.15151564137,0.0,***,2020-06-17
1,ma1,2.319308547344707,0.07022906240935045,33.0249111660632,0.0,***,2020-06-17
0,ar1,0.9996043616319557,5.244537136787064e-07,1905991.578590172,0.0,***,2020-06-17
6,pv_capacity,28.694624590702006,0.45826321519768304,62.61603296769931,0.0,***,2020-06-17
14,cos_336_1,-12.492162317683707,0.02980191823953485,-419.17309541208533,0.0,***,2020-06-18
13,sin_336_1,16.358242562732787,0.06105460654286124,267.92806454741554,0.0,***,2020-06-18
12,solar_16,0.05857582161329868,0.10274083979022666,0.570131816450957,0.5685882971247374,,2020-06-18
11,solar_4,-0.8069508791017441,0.09702598542805123,-8.316853217637574,0.0,***,2020-06-18
10,temp_9,-5.124553343486227,0.9684876461955109,-5.291294487458771,1.2145361671933586e-07,***,2020-06-18
9,temp_1,-8.41327048212085,1.359350485147875,-6.1891841537877,6.047640166428891e-10,***,2020-06-18
8,solar_power,-0.7461070154444407,0.1030187723848911,-7.242437452631361,4.4075854077618715e-13,***,2020-06-18
7,temperature,-13.622998014015138,0.5555112451844311,-24.523352375148175,0.0,***,2020-06-18
5,rainfall,0.5476911312125594,0.23530699989226744,2.3275598748159356,0.019935486174036843,*,2020-06-18
4,intercept,-40835.98387243323,0.023803550955159493,-1715541.683228649,0.0,***,2020-06-18
3,sma1,-1.2022119264626125,0.012941453621252532,-92.89620483500656,0.0,***,2020-06-18
2,sar1,0.9972358373418391,5.857425306562167e-06,170251.56705363703,0.0,***,2020-06-18
1,ma1,2.2585941128771694,0.06604244638669249,34.199128537011234,0.0,***,2020-06-18
0,ar1,0.9993395559101377,1.260889913843949e-06,792566.8568983561,0.0,***,2020-06-18
6,pv_capacity,11.286266481261919,0.8341661242394299,13.529998585776221,0.0,***,2020-06-18
8,solar_power,-0.7717997199423117,0.10661713228120914,-7.238984049079872,4.5208281562736374e-13,***,2020-06-19
13,sin_336_1,17.752223586275214,0.025192642535752766,704.6590511924942,0.0,***,2020-06-19
12,solar_16,0.055023735379618355,0.11023973588943131,0.49912796811130133,0.6176892356394823,,2020-06-19
11,solar_4,-0.7697191256551711,0.10485735886695395,-7.340630490529644,2.1249668691325496e-13,***,2020-06-19
10,temp_9,-3.7958938470920813,1.0234055788465002,-3.709080667090466,0.00020801315353624616,***,2020-06-19
9,temp_1,-10.014914998348488,1.5215338874613908,-6.582117612285265,4.637934480911099e-11,***,2020-06-19
7,temperature,-13.513668012858261,0.12408328276426982,-108.90804717450276,0.0,***,2020-06-19
14,cos_336_1,-12.49552896063504,0.04693597337833089,-266.22498823906136,0.0,***,2020-06-19
5,rainfall,-0.2954428742068558,0.8068452215534702,-0.3661704454765449,0.7142378941084333,,2020-06-19
0,ar1,0.999340505886322,4.25375944622213e-06,234931.1282220863,0.0,***,2020-06-19
1,ma1,2.2379943033077594,0.06337634457941925,35.312770374492736,0.0,***,2020-06-19
6,pv_capacity,11.793238693136118,0.25532037633408206,46.18996283204941,0.0,***,2020-06-19
3,sma1,-1.1753236142217989,0.011260672658389552,-104.37419236639883,0.0,***,2020-06-19
4,intercept,-40224.14961135531,0.027070023152108536,-1485929.6346121584,0.0,***,2020-06-19
2,sar1,0.9986835815483718,5.17520595039853e-06,192974.6547519458,0.0,***,2020-06-19
14,cos_336_1,-14.52326730233716,0.019288347968900842,-752.9554799484871,0.0,***,2020-06-20
13,sin_336_1,18.896751151548763,0.019288529495566333,979.6885322902597,0.0,***,2020-06-20
12,solar_16,0.0830559381849324,0.036044034680795325,2.304290818729723,0.02120632400439071,*,2020-06-20
11,solar_4,-0.7042971337853146,0.031562268735887966,-22.31452813734177,0.0,***,2020-06-20
10,temp_9,4.394209706390939,0.02767693681292479,158.76792060091336,0.0,***,2020-06-20
8,solar_power,-0.7156231196735661,0.019451809504289798,-36.789539786298356,0.0,***,2020-06-20
7,temperature,-20.5272362042831,0.02263913312978345,-906.7147618509299,0.0,***,2020-06-20
9,temp_1,-18.03273180257885,0.02344016630078473,-769.3090386468441,0.0,***,2020-06-20
5,rainfall,-1.0928105181492356,0.021530551299246168,-50.75627200440043,0.0,***,2020-06-20
4,intercept,-39436.30538160219,0.019289984021135787,-2044392.8485576941,0.0,***,2020-06-20
3,sma1,-1.1840561786081802,0.013128107769833941,-90.19244809438044,0.0,***,2020-06-20
2,sar1,0.9981195626858076,0.00013334398673033325,7485.298641207899,0.0,***,2020-06-20
1,ma1,2.2609024888611415,0.10352894380043692,21.838361388282607,0.0,***,2020-06-20
0,ar1,0.9994057847048865,3.950541579480477e-05,25297.943702096538,0.0,***,2020-06-20
6,pv_capacity,20.37556242215851,0.022669269754276584,898.8186493442134,0.0,***,2020-06-20
9,temp_1,-10.400039231265538,0.20811573110164983,-49.97238400102419,0.0,***,2020-06-21
13,sin_336_1,19.85665435221431,0.08889183550670539,223.37995653961337,0.0,***,2020-06-21
14,cos_336_1,-11.92628637374955,0.3912261932948902,-30.484375990541118,0.0,***,2020-06-21
12,solar_16,0.06888546974184606,0.09754959717795533,0.7061584233523938,0.48008962276734124,,2020-06-21
11,solar_4,-0.8437119393098362,0.10497302685564369,-8.037416511482402,8.881784197001252e-16,***,2020-06-21
10,temp_9,-3.442308918412813,0.28807548021522633,-11.949329793153526,0.0,***,2020-06-21
8,solar_power,-0.7624929455320526,0.0924362413763021,-8.248852767909417,2.220446049250313e-16,***,2020-06-21
1,ma1,2.1953604660101753,0.0556200889905512,39.47063922143536,0.0,***,2020-06-21
6,pv_capacity,8.272794105708272,1.3985508248015255,5.9152616830227105,3.313483487588087e-09,***,2020-06-21
5,rainfall,-0.3163281799938886,0.3941585035029373,-0.8025405444323526,0.42224034503223873,,2020-06-21
4,intercept,-35245.37119512311,0.2441137432953291,-144380.93783389826,0.0,***,2020-06-21
3,sma1,-1.1694571854945595,0.011593184416103406,-100.87454348350879,0.0,***,2020-06-21
2,sar1,0.9982086254185712,2.878240892558741e-06,346812.05037399393,0.0,***,2020-06-21
0,ar1,0.9993923542260545,3.764176076054637e-07,2655009.579874787,0.0,***,2020-06-21
7,temperature,-11.973190008584425,0.8468745825053435,-14.13809111281112,0.0,***,2020-06-21
14,cos_336_1,-13.70605715898252,0.019549572039429176,-701.0924398415998,0.0,***,2020-06-22
13,sin_336_1,20.080659170408197,0.050144383450657255,400.45679672515735,0.0,***,2020-06-22
12,solar_16,0.041547510742742336,0.11144674792322896,0.3728014636314259,0.7092962134364951,,2020-06-22
11,solar_4,-1.0326572364948505,0.08257958972686857,-12.5049935451406,0.0,***,2020-06-22
10,temp_9,-8.403058413514792,1.0562137051535907,-7.955831639481378,1.7763568394002505e-15,***,2020-06-22
8,solar_power,-0.648403661250315,0.11133761909249099,-5.823760796534275,5.753791443297018e-09,***,2020-06-22
9,temp_1,-9.429724797586502,1.122678292806462,-8.399311590869146,0.0,***,2020-06-22
7,temperature,-15.315173537888768,0.2988778176022633,-51.24225565066757,0.0,***,2020-06-22
5,rainfall,-0.19211204556040684,0.03256956037226026,-5.898515158467724,3.66787267225277e-09,***,2020-06-22
4,intercept,-30644.531162136187,0.028299301660263364,-1082872.3454036992,0.0,***,2020-06-22
3,sma1,-0.8716184077603782,0.0077032251188348475,-113.1498034023722,0.0,***,2020-06-22
2,sar1,0.9985031356067473,6.368846368878503e-05,15677.927803156834,0.0,***,2020-06-22
1,ma1,2.18904772001015,0.05686331995863909,38.49665692404888,0.0,***,2020-06-22
0,ar1,0.9992748713648285,2.1108299617678543e-05,47340.37745645412,0.0,***,2020-06-22
6,pv_capacity,17.872953232273176,1.494854536274009,11.956316015083514,0.0,***,2020-06-22
13,sin_336_1,21.68977002491271,0.01947764379727568,1113.5725784217514,0.0,***,2020-06-23
12,solar_16,0.03533842895845865,0.15479222695813255,0.22829588832013392,0.8194162208149067,,2020-06-23
11,solar_4,-0.9671598538029966,0.15743567662748903,-6.143206384480491,8.087208680507274e-10,***,2020-06-23
10,temp_9,-8.91471063068063,0.03804479800003727,-234.32140790107223,0.0,***,2020-06-23
9,temp_1,-8.912660662188244,0.04959013056184971,-179.726501245489,0.0,***,2020-06-23
8,solar_power,-0.6711315745259476,0.11382010741887454,-5.896423661384239,3.7146448139679933e-09,***,2020-06-23
7,temperature,-15.223876422986677,0.04525239421412154,-336.4214576349617,0.0,***,2020-06-23
14,cos_336_1,-14.989720857514627,0.019758380344737297,-758.651296107233,0.0,***,2020-06-23
5,rainfall,-0.3384047092640685,0.01962506598450933,-17.243494087162908,0.0,***,2020-06-23
4,intercept,-31660.909795980468,0.019176284882396873,-1651045.0272379934,0.0,***,2020-06-23
3,sma1,-1.136009105403888,0.009586400923658091,-118.50214845493824,0.0,***,2020-06-23
2,sar1,0.9988122326096769,4.7237074294549627e-07,2114466.7563056997,0.0,***,2020-06-23
1,ma1,2.15378004194097,0.08067586597705573,26.696708065749263,0.0,***,2020-06-23
0,ar1,0.9989801895355652,2.531532934997083e-07,3946147.3154277424,0.0,***,2020-06-23
6,pv_capacity,16.168098738604385,0.12246597907493066,132.02114465366708,0.0,***,2020-06-23
14,cos_336_1,-16.823860333096626,0.019285398272919474,-872.362607969609,0.0,***,2020-06-24
13,sin_336_1,19.603596041119452,0.01928847829818587,1016.3370971033635,0.0,***,2020-06-24
12,solar_16,0.01655758241738492,0.11441391926121497,0.14471650411330464,0.8849347079380379,,2020-06-24
11,solar_4,-0.9398810031917877,0.09997303669738161,-9.401344945005597,0.0,***,2020-06-24
10,temp_9,-0.2080343327678662,0.026582837514384436,-7.825888889976294,5.10702591327572e-15,***,2020-06-24
9,temp_1,-15.318892757151929,0.022478678122723063,-681.4854803079586,0.0,***,2020-06-24
8,solar_power,-0.6907660861948308,0.026875469318069705,-25.702475295208878,0.0,***,2020-06-24
7,temperature,-16.95293939388921,0.019775930742203622,-857.2511511536651,0.0,***,2020-06-24
5,rainfall,-0.3254923208019136,0.01950930653641382,-16.68395133340015,0.0,***,2020-06-24
4,intercept,-32620.848367976756,0.019291859100610546,-1690912.6382197337,0.0,***,2020-06-24
3,sma1,-1.138249635451508,0.007004395647253476,-162.50504579903793,0.0,***,2020-06-24
2,sar1,0.9986137119716572,9.245417188916724e-06,108011.75237054541,0.0,***,2020-06-24
1,ma1,2.1563109195010917,0.013190126607340103,163.47916769056164,0.0,***,2020-06-24
0,ar1,0.9990053251489511,1.4404357740995633e-05,69354.3817164249,0.0,***,2020-06-24
6,pv_capacity,29.82117832289441,0.029756663080386218,1002.1680939940715,0.0,***,2020-06-24
14,cos_336_1,-15.940543010407833,0.060288693450871886,-264.4035240769893,0.0,***,2020-06-25
13,sin_336_1,17.948535882833482,0.1577723087408046,113.76226934930729,0.0,***,2020-06-25
12,solar_16,0.05847481007323005,0.11473017917461839,0.5096724374868435,0.6102809659367026,,2020-06-25
11,solar_4,-0.995128824352951,0.1030056073670282,-9.660918951791832,0.0,***,2020-06-25
10,temp_9,-7.0105275717115205,1.3531786173742593,-5.180785065400249,2.2095397422816632e-07,***,2020-06-25
9,temp_1,-11.687105826896982,1.0805380372498443,-10.816005937785107,0.0,***,2020-06-25
8,solar_power,-0.6978784633053765,0.09773023787582096,-7.140865288715682,9.274803147718558e-13,***,2020-06-25
7,temperature,-15.220504943849392,0.6923488794164341,-21.983865932849383,0.0,***,2020-06-25
5,rainfall,-0.36883121886285153,0.5568960130650156,-0.6622981853163166,0.5077801396062283,,2020-06-25
0,ar1,0.9988297665243975,1.2787006413132576e-06,781128.6975648768,0.0,***,2020-06-25
1,ma1,2.1478168751631816,0.05282157497382811,40.661734835195205,0.0,***,2020-06-25
6,pv_capacity,6.31036432714518,1.0206110543249967,6.182927669070445,6.292355525516768e-10,***,2020-06-25
3,sma1,-1.1334541561735407,0.008883113514912958,-127.59649578615647,0.0,***,2020-06-25
4,intercept,-33601.49305186805,0.01912624362040244,-1756826.573934492,0.0,***,2020-06-25
2,sar1,0.9989601532544191,9.34127070900832e-06,106940.49925039266,0.0,***,2020-06-25
13,sin_336_1,19.563888157636317,0.01928751777281386,1014.3289762880742,0.0,***,2020-06-26
12,solar_16,-0.10256894761851765,0.06680905211444527,-1.5352552441967737,0.12472114311473881,,2020-06-26
11,solar_4,-1.008202630807759,0.07853480588994313,-12.837653564976412,0.0,***,2020-06-26
10,temp_9,-2.362156305328604,0.030133679683018392,-78.38924187741264,0.0,***,2020-06-26
9,temp_1,-14.274652421691101,0.02326987937210539,-613.4390382273638,0.0,***,2020-06-26
8,solar_power,-0.76727693452965,0.020371736914215535,-37.6637955693527,0.0,***,2020-06-26
7,temperature,-16.13534565521013,0.021461924128608117,-751.8126314547067,0.0,***,2020-06-26
14,cos_336_1,-14.519025703697112,0.019271585319785914,-753.3903133952657,0.0,***,2020-06-26
5,rainfall,-0.22524623665412946,0.019552968021349048,-11.519797731382404,0.0,***,2020-06-26
4,intercept,-39821.01111038059,0.019256119394909822,-2067966.5665610128,0.0,***,2020-06-26
3,sma1,-0.8787961587531461,0.00572169834989996,-153.59008899315904,0.0,***,2020-06-26
2,sar1,0.9988113239545698,3.993124616770541e-07,2501327.706527635,0.0,***,2020-06-26
1,ma1,2.13824888449216,0.010917692827229548,195.851716871829,0.0,***,2020-06-26
0,ar1,0.9990409476052029,5.8993309960303795e-06,169348.17664536045,0.0,***,2020-06-26
6,pv_capacity,55.40784765242461,0.04398265461090239,1259.7658814047606,0.0,***,2020-06-26
14,cos_336_1,-17.39521034776894,0.17017653993701812,-102.2186157634117,0.0,***,2020-06-27
13,sin_336_1,20.243718623121087,0.04513593037526615,448.5056241183489,0.0,***,2020-06-27
12,solar_16,0.01393822226054725,0.1260652775411042,0.11056353131021844,0.9119624679257092,,2020-06-27
11,solar_4,-1.0664989382505845,0.11969236699807034,-8.91033375810655,0.0,***,2020-06-27
10,temp_9,-7.891425280119407,1.0963921968619852,-7.197629919937114,6.126210649881614e-13,***,2020-06-27
9,temp_1,-11.201615103982348,1.091231004057895,-10.265118075208253,0.0,***,2020-06-27
8,solar_power,-0.6667285661045055,0.10661464747161813,-6.253630077255521,4.010203280557789e-10,***,2020-06-27
7,temperature,-7.347348062588708,0.6803181566693495,-10.799870605481562,0.0,***,2020-06-27
5,rainfall,-1.88416876764677,0.5965440539062252,-3.158473804757687,0.0015859756192173613,**,2020-06-27
4,intercept,-39868.65648898082,0.08173359311630116,-487787.8846247531,0.0,***,2020-06-27
3,sma1,-1.1584914188066204,0.010136844578806016,-114.28521072807798,0.0,***,2020-06-27
2,sar1,0.9983087135796336,1.3810462647384032e-06,722864.0626088892,0.0,***,2020-06-27
0,ar1,0.999351147454504,2.5817514966928944e-06,387082.62539389526,0.0,***,2020-06-27
6,pv_capacity,15.819822233107516,0.7100125003319133,22.28104748256142,0.0,***,2020-06-27
1,ma1,2.139334681870431,0.05463280604795558,39.1584257999226,0.0,***,2020-06-27
14,cos_336_1,-16.959599305464174,0.019303731248356194,-878.5658631104474,0.0,***,2020-06-28
8,solar_power,-0.6319397917026925,0.019476963205855707,-32.44549907619588,0.0,***,2020-06-28
13,sin_336_1,21.635913937435067,0.019288279394893932,1121.7130099827675,0.0,***,2020-06-28
12,solar_16,0.06479234271590056,0.02100528322833491,3.08457362900489,0.002038441473493746,**,2020-06-28
11,solar_4,-1.0596342857100183,0.026076373066751975,-40.63580019343558,0.0,***,2020-06-28
10,temp_9,0.36342243879389713,0.019905271239580143,18.257597920658263,0.0,***,2020-06-28
9,temp_1,-14.050556847371737,0.0193583390319869,-725.814173631074,0.0,***,2020-06-28
7,temperature,-12.73624562675468,0.019293903134636914,-660.1176308328326,0.0,***,2020-06-28
5,rainfall,-0.0006523011616081931,0.01930313001106726,-0.03379250728945008,0.9730426108517234,,2020-06-28
4,intercept,-38482.11261262746,0.019288015896708102,-1995130.6976678316,0.0,***,2020-06-28
3,sma1,-1.136066209713835,0.006529354646942808,-173.99364426402647,0.0,***,2020-06-28
2,sar1,0.9986540091491438,7.693134662838117e-08,12981106.56990274,0.0,***,2020-06-28
1,ma1,2.1700632397773343,0.017744469631273893,122.29518745111929,0.0,***,2020-06-28
0,ar1,0.9995000227717649,4.774328293142393e-08,20934882.592958614,0.0,***,2020-06-28
6,pv_capacity,54.4635952177332,0.02033949667916193,2677.72580987866,0.0,***,2020-06-28
13,sin_336_1,20.68889877510803,0.01928932811702219,1072.556734459339,0.0,***,2020-06-29
12,solar_16,0.06851191219100378,0.06927598600000519,0.9889705819704774,0.32267753507778574,,2020-06-29
11,solar_4,-1.0402782601821436,0.08507955069283947,-12.227124517122025,0.0,***,2020-06-29
10,temp_9,-8.507079394020153,0.09658315286361373,-88.08036538249176,0.0,***,2020-06-29
9,temp_1,-11.981201118503435,0.026449085611718617,-452.99112772333444,0.0,***,2020-06-29
8,solar_power,-0.6095205717628069,0.10786182859674139,-5.650938610002586,1.5957407839550797e-08,***,2020-06-29
7,temperature,-13.442350788667,0.019514939489108686,-688.8235956954513,0.0,***,2020-06-29
14,cos_336_1,-14.708916639180039,0.019265640841143187,-763.479230224622,0.0,***,2020-06-29
5,rainfall,-0.7984575576842872,0.02021131011443184,-39.505482483005906,0.0,***,2020-06-29
4,intercept,-35599.41175044989,0.01926099800126444,-1848264.131905983,0.0,***,2020-06-29
3,sma1,-0.8807180801781676,0.005369641800766269,-164.01803190158526,0.0,***,2020-06-29
2,sar1,0.9985546212179178,1.160196985067514e-06,860676.7937427541,0.0,***,2020-06-29
1,ma1,2.119492983916201,0.04079426451244791,51.95566115107828,0.0,***,2020-06-29
0,ar1,0.9991098455535601,1.5465015979283082e-06,646045.1427221068,0.0,***,2020-06-29
6,pv_capacity,39.12638522407269,0.0938356855596497,416.9670098397771,0.0,***,2020-06-29
14,cos_336_1,-16.909398926272388,0.37295799669478125,-45.33861473980026,0.0,***,2020-06-30
13,sin_336_1,21.162120449028702,0.18352221328992213,115.31094830246792,0.0,***,2020-06-30
12,solar_16,0.0478478220000112,0.09714932973477351,0.49251829251565704,0.6223529936404069,,2020-06-30
11,solar_4,-0.998983094531985,0.10801150006671673,-9.248858630006355,0.0,***,2020-06-30
10,temp_9,-9.328992058232558,2.5514738345737284,-3.656315001870729,0.0002558669117116441,***,2020-06-30
9,temp_1,-11.16066283327224,1.7369723846046154,-6.4253542152961325,1.315627606857106e-10,***,2020-06-30
8,solar_power,-0.625805920917212,0.18209184491556218,-3.4367597363155085,0.000588717583549947,***,2020-06-30
7,temperature,-14.356147305247532,0.6332387619336417,-22.67098631392994,0.0,***,2020-06-30
5,rainfall,0.6783787208332797,0.3343548677151292,2.0289183329948086,0.04246660913912237,*,2020-06-30
4,intercept,-35290.351098218845,0.0437827830455513,-806032.6147267298,0.0,***,2020-06-30
3,sma1,-0.8871508168462221,0.011328647998627447,-78.31038769619352,0.0,***,2020-06-30
2,sar1,0.9989160147451174,3.4141087589376464e-05,29258.47081262712,0.0,***,2020-06-30
1,ma1,2.117255128973713,0.1268867492211416,16.686179935807992,0.0,***,2020-06-30
0,ar1,0.9992037543910207,2.4839017531246844e-05,40227.18503797697,0.0,***,2020-06-30
6,pv_capacity,39.3206731461687,3.492801288477541,11.25763245561215,0.0,***,2020-06-30
9,temp_1,-11.553286548719612,0.01929060942705082,-598.9072865950352,0.0,***,2020-07-01
14,cos_336_1,-15.641222386958894,0.019287921389987455,-810.9335407743005,0.0,***,2020-07-01
13,sin_336_1,18.094840820225606,0.019288009783152354,938.1393427138888,0.0,***,2020-07-01
12,solar_16,-0.04880100905024137,0.019412764237251533,-2.5138619340256634,0.011941717392117468,*,2020-07-01
11,solar_4,-0.943965567750451,0.019728983020035003,-47.84664099471541,0.0,***,2020-07-01
10,temp_9,-3.0281931692378947,0.019290762568771703,-156.97633302169186,0.0,***,2020-07-01
8,solar_power,-0.643607333050447,0.0193112593398907,-33.32808708756587,0.0,***,2020-07-01
7,temperature,-16.310992539344397,0.019291436606615753,-845.5042966447999,0.0,***,2020-07-01
6,pv_capacity,55.39653659756368,0.01932431581824548,2866.6751836698827,0.0,***,2020-07-01
5,rainfall,0.5298327820682971,0.019290063290818043,27.466617090908894,0.0,***,2020-07-01
4,intercept,-35444.15219755498,0.01928792136319633,-1837634.6279172765,0.0,***,2020-07-01
3,sma1,-1.124049222657319,0.02261318636530913,-49.7076884477334,0.0,***,2020-07-01
2,sar1,0.9988521362093412,2.234007213606024e-05,44711.231464514545,0.0,***,2020-07-01
1,ma1,2.1392516435643,0.013909080786380115,153.80251768032525,0.0,***,2020-07-01
0,ar1,0.9997800273956532,9.700095362219127e-06,103069.09262868625,0.0,***,2020-07-01
14,cos_336_1,-13.703480789061455,0.03552055545304811,-385.790160493831,0.0,***,2020-07-02
13,sin_336_1,20.3804348057802,0.02107479004316477,967.0528040392142,0.0,***,2020-07-02
12,solar_16,0.03547883145926489,0.11086653118287401,0.32001390393231177,0.7489577905472484,,2020-07-02
11,solar_4,-1.0808039015392197,0.12047315709618836,-8.971325460295546,0.0,***,2020-07-02
10,temp_9,-6.786550238722221,1.0186464884010504,-6.662321341111121,2.69535505026397e-11,***,2020-07-02
9,temp_1,-13.17935336139442,0.5894264157543658,-22.35962455894869,0.0,***,2020-07-02
8,solar_power,-0.6489872483060104,0.12864914637775504,-5.04462926166938,4.544015588248129e-07,***,2020-07-02
7,temperature,-12.39240694815976,0.5300727009560279,-23.378693009108144,0.0,***,2020-07-02
6,pv_capacity,9.201411323630964,1.1475743264861953,8.01813975030719,1.1102230246251565e-15,***,2020-07-02
5,rainfall,-1.4766713603971766,0.6484789287375462,-2.2771308287101157,0.022778414220526066,*,2020-07-02
4,intercept,-29168.65748412451,0.024591346612981145,-1186135.0231518887,0.0,***,2020-07-02
3,sma1,-0.8827565916619591,0.006577978925985779,-134.1987564257313,0.0,***,2020-07-02
2,sar1,0.9988737126881421,3.128007341430405e-06,319332.27887865744,0.0,***,2020-07-02
1,ma1,2.0983726113590353,0.04715219211333384,44.50212211375961,0.0,***,2020-07-02
0,ar1,0.9987520600711878,7.850368862210366e-06,127223.5837068651,0.0,***,2020-07-02
13,sin_336_1,20.08458649380023,0.02036238382063311,986.3573278413802,0.0,***,2020-07-03
12,solar_16,0.015573573739956416,0.10479038972630604,0.14861643115014492,0.8818563068179115,,2020-07-03
11,solar_4,-1.075409684217137,0.11023298987585695,-9.755788039753348,0.0,***,2020-07-03
10,temp_9,-9.417286633863444,0.13856664527308593,-67.96214641195894,0.0,***,2020-07-03
9,temp_1,-12.766997977451155,0.039179923627521374,-325.8556116348109,0.0,***,2020-07-03
8,solar_power,-0.7042371914639847,0.11162487672188454,-6.3089627701771605,2.8091173831512606e-10,***,2020-07-03
7,temperature,-13.763015361583484,0.0744969614303833,-184.7459963108011,0.0,***,2020-07-03
14,cos_336_1,-13.968854159314725,0.01928131864245073,-724.476080622421,0.0,***,2020-07-03
5,rainfall,0.04033921279119568,0.02027598988411803,1.989506456737432,0.04664532984792813,*,2020-07-03
4,intercept,-22837.092377595538,0.01928283167527338,-1184322.5498296411,0.0,***,2020-07-03
3,sma1,-1.119238287788385,0.008282066698173808,-135.13997515078896,0.0,***,2020-07-03
2,sar1,0.9992893914180228,4.8049026248642495e-06,207972.87051082647,0.0,***,2020-07-03
1,ma1,2.1044897341628634,0.05530290980143944,38.05386989073199,0.0,***,2020-07-03
0,ar1,0.9979570481940799,6.792672854767967e-06,146916.69531730592,0.0,***,2020-07-03
6,pv_capacity,8.576356476490218,0.1288935003624659,66.53831614761293,0.0,***,2020-07-03
13,sin_336_1,21.672687472715605,0.019287928340547177,1123.639983001968,0.0,***,2020-07-04
12,solar_16,-0.06708962671327562,0.02009948469297541,-3.337877947523841,0.0008442082322381861,***,2020-07-04
11,solar_4,-1.074397336151237,0.019303608557561202,-55.65784930561062,0.0,***,2020-07-04
10,temp_9,-6.4389786539486344,0.019288542652012613,-333.8240099376702,0.0,***,2020-07-04
9,temp_1,-14.697340277060363,0.019290627319909073,-761.8902191890792,0.0,***,2020-07-04
8,solar_power,-0.7586180599337315,0.01975082527403748,-38.409436031563565,0.0,***,2020-07-04
7,temperature,-11.898745263738874,0.0192900605546992,-616.8329658685417,0.0,***,2020-07-04
14,cos_336_1,-13.058154442647703,0.019288051245270985,-677.0074527798282,0.0,***,2020-07-04
5,rainfall,3.84415207761117,0.01984239556682195,193.73427289388866,0.0,***,2020-07-04
4,intercept,-18663.980998657964,0.0192879270924345,-967650.9512511962,0.0,***,2020-07-04
3,sma1,-1.1339908824978853,0.009703391662191493,-116.86541386517376,0.0,***,2020-07-04
2,sar1,0.9987719366023025,0.00011271553104857291,8860.996593024063,0.0,***,2020-07-04
1,ma1,1.9115726727185482,0.018512850070405814,103.25653075829428,0.0,***,2020-07-04
0,ar1,0.9996761906908181,2.6745277346307476e-05,37377.67149492043,0.0,***,2020-07-04
6,pv_capacity,22.28503074300761,0.01932710342214659,1153.0455576427237,0.0,***,2020-07-04
14,cos_336_1,-16.661695357409076,0.02394294086174423,-695.8917642414993,0.0,***,2020-07-05
13,sin_336_1,20.65051219596076,0.021062477922504964,980.4407758640771,0.0,***,2020-07-05
12,solar_16,-0.05377721201672333,0.08130150931872754,-0.6614540427029431,0.5083211779158971,,2020-07-05
11,solar_4,-1.0533494158527001,0.040305458065953655,-26.13416312324392,0.0,***,2020-07-05
10,temp_9,-6.294031613197088,0.03152569887833067,-199.64764738406225,0.0,***,2020-07-05
9,temp_1,-15.83116933469148,0.020416641187711214,-775.4051799774132,0.0,***,2020-07-05
8,solar_power,-0.7540816852066237,0.06110665715409509,-12.34041789104951,0.0,***,2020-07-05
7,temperature,-14.83572690533731,0.0198034824338284,-749.147376220803,0.0,***,2020-07-05
5,rainfall,0.766085186474811,0.023195312080856078,33.027586945341795,0.0,***,2020-07-05
4,intercept,-15180.892848206888,0.019368149726375315,-783807.0782535168,0.0,***,2020-07-05
3,sma1,-0.9010881980659944,0.007362416747273818,-122.39027332969879,0.0,***,2020-07-05
2,sar1,0.9992581917414776,0.00010413862643364451,9595.461606920551,0.0,***,2020-07-05
1,ma1,0.4714732337999398,0.013068571393391043,36.07687631705255,0.0,***,2020-07-05
0,ar1,0.9945623952685443,0.0011638264375731207,854.562470107196,0.0,***,2020-07-05
6,pv_capacity,28.36136926375366,0.17777530475693482,159.53492135778387,0.0,***,2020-07-05
8,solar_power,-0.6269960471320446,0.120032446540452,-5.223554673783487,1.755206082698635e-07,***,2020-07-06
13,sin_336_1,22.15955400159257,0.08248839528791987,268.6384421014159,0.0,***,2020-07-06
12,solar_16,0.05719389263243263,0.128510707380503,0.44505157428702946,0.6562824834098371,,2020-07-06
11,solar_4,-1.1363043177649157,0.15020351399302004,-7.565098096291674,3.885780586188048e-14,***,2020-07-06
10,temp_9,-7.391502501196957,1.8917349943419988,-3.907261071611111,9.334827438634008e-05,***,2020-07-06
9,temp_1,-15.059460675491739,0.4205771419457417,-35.80665512590922,0.0,***,2020-07-06
7,temperature,-14.871519910868415,0.40579093588849213,-36.64823088841733,0.0,***,2020-07-06
14,cos_336_1,-13.505160770371797,0.10961606103623531,-123.20421517342659,0.0,***,2020-07-06
5,rainfall,0.5415065509165515,0.9165991540947453,0.5907779300225909,0.554669224406493,,2020-07-06
0,ar1,0.9993906950361534,1.212863319356179e-06,823992.8432881105,0.0,***,2020-07-06
1,ma1,2.13784953333222,0.06161649146971885,34.69606078403306,0.0,***,2020-07-06
6,pv_capacity,-0.04167520146984316,3.011087147519522,-0.01384058296159725,0.988957165107661,,2020-07-06
3,sma1,-0.8833084885335964,0.0070439827318908655,-125.39901390367034,0.0,***,2020-07-06
4,intercept,-9426.852222554699,0.04075925804917642,-231281.2517632464,0.0,***,2020-07-06
2,sar1,0.9986460285908109,1.2458393805137508e-06,801584.8946587287,0.0,***,2020-07-06
13,sin_336_1,20.26458186324993,0.1235749206166461,163.98620174812558,0.0,***,2020-07-07
12,solar_16,0.0515893599021211,0.11993985063477482,0.43012693136674224,0.6671033103821202,,2020-07-07
11,solar_4,-1.101794150750011,0.1251116479593591,-8.8064873952257,0.0,***,2020-07-07
10,temp_9,-5.242907747276252,0.2312881212522875,-22.668296663438777,0.0,***,2020-07-07
9,temp_1,-15.00680358539017,0.43505403133718334,-34.49411453392401,0.0,***,2020-07-07
8,solar_power,-0.6334667052208649,0.12056318226190474,-5.25423013341467,1.4864492281496666e-07,***,2020-07-07
7,temperature,-14.382575918054272,0.4771639157542805,-30.14179287911766,0.0,***,2020-07-07
14,cos_336_1,-14.78873135249859,0.07566622870916266,-195.4469200433109,0.0,***,2020-07-07
5,rainfall,0.16873620758474317,0.7638106242188349,0.2209136692191382,0.825159653856844,,2020-07-07
4,intercept,-8520.083067934756,0.019408505881604535,-438987.0667999296,0.0,***,2020-07-07
3,sma1,-0.8967425754309014,0.007327252605067484,-122.38455854663992,0.0,***,2020-07-07
2,sar1,0.999279988498303,4.6306845605576534e-05,21579.530530102962,0.0,***,2020-07-07
1,ma1,0.46767360458074514,0.012340487666913879,37.8974978302216,0.0,***,2020-07-07
0,ar1,0.9894188928320303,0.0008929373701422486,1108.049596663663,0.0,***,2020-07-07
6,pv_capacity,10.037240291464514,0.300928584341996,33.35422692866392,0.0,***,2020-07-07
14,cos_336_1,-13.99841145291949,0.019287919112347632,-725.7605847153343,0.0,***,2020-07-08
13,sin_336_1,18.884655707143423,0.019288211338015275,979.077602178877,0.0,***,2020-07-08
12,solar_16,0.07146719034472884,0.01929539911633447,3.703846181871847,0.00021235505082106698,***,2020-07-08
11,solar_4,-0.9223499929958052,0.019935108750498205,-46.2676178264016,0.0,***,2020-07-08
10,temp_9,-1.628829558039465,0.01929255909060394,-84.42786415166427,0.0,***,2020-07-08
9,temp_1,-12.564047324182848,0.01929005807343179,-651.3224209255916,0.0,***,2020-07-08
8,solar_power,-0.5958330944183432,0.019306547360647193,-30.861711485132663,0.0,***,2020-07-08
7,temperature,-15.723593037085607,0.019288034683343266,-815.1993344694763,0.0,***,2020-07-08
5,rainfall,0.8223676534092874,0.019292066563960673,42.62724528151612,0.0,***,2020-07-08
4,intercept,-9560.410407393829,0.019287891229476897,-495669.0336776186,0.0,***,2020-07-08
3,sma1,-1.132173129173759,0.007538048147227276,-150.19446772706098,0.0,***,2020-07-08
2,sar1,0.9984763693723946,5.113391976481408e-05,19526.69331756294,0.0,***,2020-07-08
0,ar1,0.9996474831593292,4.122124506640248e-06,242507.83341187704,0.0,***,2020-07-08
6,pv_capacity,10.269359223003676,0.019295617831539852,532.211993036978,0.0,***,2020-07-08
1,ma1,2.241202227642209,0.008007801323220229,279.8773517449032,0.0,***,2020-07-08
14,cos_336_1,-11.834983930188722,0.019288181891204157,-613.5873249715537,0.0,***,2020-07-09
8,solar_power,-0.6446582588462413,0.01929827355093215,-33.40497050914188,0.0,***,2020-07-09
13,sin_336_1,20.41430369386384,0.019288138846845403,1058.3863925887604,0.0,***,2020-07-09
12,solar_16,0.061680101011414405,0.019492356786025542,3.164322389975649,0.0015544450486477679,**,2020-07-09
11,solar_4,-1.041313542693166,0.019919023642907187,-52.27733855639853,0.0,***,2020-07-09
10,temp_9,-0.009471799731610275,0.01931148322959794,-0.4904749997189872,0.6237978164073852,,2020-07-09
9,temp_1,-12.996464194798133,0.01929054172811446,-673.7220954171961,0.0,***,2020-07-09
7,temperature,-12.928426524522706,0.019291663811234674,-670.1561177420955,0.0,***,2020-07-09
5,rainfall,0.3849292875095216,0.019288163861338838,19.95676158066415,0.0,***,2020-07-09
4,intercept,-11268.62809522817,0.019287918831777495,-584232.4510751636,0.0,***,2020-07-09
3,sma1,-0.8915887624187699,0.008425665354289744,-105.81820247167032,0.0,***,2020-07-09
2,sar1,0.9989627956490407,2.401748417813068e-05,41593.14890102663,0.0,***,2020-07-09
1,ma1,2.2428943889496122,0.013184837797948339,170.11164060726054,0.0,***,2020-07-09
0,ar1,0.9990651946428057,3.202462464988414e-05,31196.78077620873,0.0,***,2020-07-09
6,pv_capacity,11.175978379719709,0.019310592456300225,578.7486015776519,0.0,***,2020-07-09
13,sin_336_1,23.87169578119384,0.032419671902862546,736.333663484301,0.0,***,2020-07-10
12,solar_16,0.06092576243265972,0.1324084878231862,0.4601348707646138,0.6454194158879973,,2020-07-10
11,solar_4,-1.0494659701400106,0.13341792769370583,-7.86600412914014,3.552713678800501e-15,***,2020-07-10
10,temp_9,-5.58689689053465,0.16971505611875468,-32.91927668824699,0.0,***,2020-07-10
9,temp_1,-16.70021767321886,0.2759903812937381,-60.5101438497044,0.0,***,2020-07-10
8,solar_power,-0.6412955269804389,0.16044215758941238,-3.99705125271114,6.413641857228036e-05,***,2020-07-10
7,temperature,-14.933927464252804,0.07555746675212219,-197.64992271704708,0.0,***,2020-07-10
14,cos_336_1,-13.948471640443492,0.07225665644530617,-193.0406460337896,0.0,***,2020-07-10
5,rainfall,-0.0768723128774127,0.799498008941409,-0.09615072460179981,0.9234008654845718,,2020-07-10
4,intercept,-12562.27821203281,0.03398675940335296,-369622.712861335,0.0,***,2020-07-10
3,sma1,-0.8956297872253451,0.005848361360832333,-153.14200542113562,0.0,***,2020-07-10
2,sar1,0.9991042818081364,1.0119848329025761e-06,987271.9919551603,0.0,***,2020-07-10
1,ma1,2.1364678248423954,0.05369841465774418,39.786422717682264,0.0,***,2020-07-10
0,ar1,0.9985905069220196,7.110592503951177e-07,1404370.319867336,0.0,***,2020-07-10
6,pv_capacity,0.671539880262344,0.33467638152732476,2.006535021078313,0.04479919616667094,*,2020-07-10
14,cos_336_1,-14.233581021404744,0.14652003627096558,-97.14426356735261,0.0,***,2020-07-11
13,sin_336_1,20.831225348100062,0.4996079747420107,41.69514179363723,0.0,***,2020-07-11
12,solar_16,0.015772044110466843,0.15142789231017523,0.10415547538732425,0.9170459672174249,,2020-07-11
11,solar_4,-1.091554571662875,0.11092303552543636,-9.84064821605576,0.0,***,2020-07-11
10,temp_9,-1.4152681149120916,1.2836192947513292,-1.102560642940683,0.27021800963330955,,2020-07-11
9,temp_1,-14.331065239191162,0.4637138573942293,-30.904975149378625,0.0,***,2020-07-11
8,solar_power,-0.7507843021946787,0.13754936186187014,-5.458289969739239,4.8074209058057704e-08,***,2020-07-11
7,temperature,-14.03580396755683,0.9505999746663584,-14.765205492965764,0.0,***,2020-07-11
5,rainfall,-0.026061950424491442,0.8892342982497856,-0.0293083054441189,0.9766187029625804,,2020-07-11
4,intercept,-14579.363749235714,0.030967480188439388,-470795.9336865388,0.0,***,2020-07-11
3,sma1,-0.9099615665219429,0.007744724001843271,-117.49438279600008,0.0,***,2020-07-11
2,sar1,0.9995360871206163,4.961540185202399e-05,20145.6815789116,0.0,***,2020-07-11
1,ma1,0.47122289237778187,0.010103635122222203,46.6389459513796,0.0,***,2020-07-11
0,ar1,0.9978152416870358,0.00015256091168872735,6540.438377314468,0.0,***,2020-07-11
6,pv_capacity,4.536929965286163,4.323991085782503,1.0492459108446854,0.29406495327244153,,2020-07-11
9,temp_1,-14.539804309606978,0.019338753309204964,-751.8480678217372,0.0,***,2020-07-12
14,cos_336_1,-16.519247940665874,0.019299650112620952,-855.935099562409,0.0,***,2020-07-12
13,sin_336_1,23.123708658781734,0.01928846345466115,1198.8362221353498,0.0,***,2020-07-12
12,solar_16,0.10727141302326154,0.03806088135856581,2.8184164211194633,0.004826117372293881,**,2020-07-12
11,solar_4,-1.2320297197758645,0.052140103033838994,-23.62921528897393,0.0,***,2020-07-12
10,temp_9,0.5010123484259132,0.020176829107673936,24.83107458323871,0.0,***,2020-07-12
8,solar_power,-0.7429632391148018,0.020319965569625398,-36.563213484248955,0.0,***,2020-07-12
7,temperature,-16.89023706576438,0.019287922550037504,-875.6898013224104,0.0,***,2020-07-12
6,pv_capacity,5.14257462454043,0.019601907708020616,262.35072122272135,0.0,***,2020-07-12
5,rainfall,0.24733450813027957,0.019288832563842728,12.822678993746498,0.0,***,2020-07-12
4,intercept,-12631.595027763555,0.019287894369937147,-654897.5634920339,0.0,***,2020-07-12
3,sma1,-1.110590865184499,0.012974876690350991,-85.59548515866902,0.0,***,2020-07-12
2,sar1,0.9990524527895517,0.00023508839846527675,4249.6884546904375,0.0,***,2020-07-12
1,ma1,2.1281917755446873,0.03063535632796305,69.46848447792124,0.0,***,2020-07-12
0,ar1,0.9988997187685157,0.00013042898324449998,7658.571691048109,0.0,***,2020-07-12
14,cos_336_1,-16.966680458367204,0.23964272506744813,-70.79989786292025,0.0,***,2020-07-13
13,sin_336_1,23.306394360660015,0.16179285719049674,144.0508237840117,0.0,***,2020-07-13
12,solar_16,0.11173604167243367,0.1440178330157959,0.7758486524386077,0.4378383534741701,,2020-07-13
11,solar_4,-1.2087179674880488,0.1205589455725677,-10.02595005909776,0.0,***,2020-07-13
10,temp_9,-5.732124638095357,0.15139076377926058,-37.86310667177317,0.0,***,2020-07-13
9,temp_1,-15.810135252208198,0.7059079872415742,-22.396878258862497,0.0,***,2020-07-13
8,solar_power,-0.7617470034244745,0.1412982311229712,-5.3910583124110705,7.004393909326723e-08,***,2020-07-13
7,temperature,-17.10557382158214,0.5351059132574245,-31.9667067729695,0.0,***,2020-07-13
6,pv_capacity,11.904024876651647,0.8866910536166879,13.425222717762638,0.0,***,2020-07-13
5,rainfall,0.5974316031694116,0.6007571205291848,0.9944644561901423,0.31999680144385256,,2020-07-13
4,intercept,-8036.0662808313045,0.019567000421142483,-410694.8488715826,0.0,***,2020-07-13
3,sma1,-0.9032062020440765,0.006523153627291294,-138.4615867799404,0.0,***,2020-07-13
2,sar1,0.9993156084811118,4.1579177493627024e-05,24034.03984204065,0.0,***,2020-07-13
1,ma1,0.476926240517056,0.012650388230914699,37.70052205603902,0.0,***,2020-07-13
0,ar1,0.987755451100074,0.0007240645172267024,1364.1815440471457,0.0,***,2020-07-13
13,sin_336_1,21.286632896823622,0.03126342213280737,680.8798092031566,0.0,***,2020-07-14
12,solar_16,0.1802783267700565,0.10043689786183536,1.7949412079418652,0.07266306752486096,.,2020-07-14
11,solar_4,-1.246856398368267,0.12030393342227669,-10.364219713346351,0.0,***,2020-07-14
10,temp_9,-8.108105789121064,0.11511088057324143,-70.43735352160851,0.0,***,2020-07-14
9,temp_1,-16.681642202107167,0.07199381781546837,-231.70937044712468,0.0,***,2020-07-14
8,solar_power,-0.8033484867831046,0.08470344340050562,-9.4842482729375,0.0,***,2020-07-14
7,temperature,-15.964251001788824,0.031616354289624934,-504.93649127115117,0.0,***,2020-07-14
14,cos_336_1,-15.088834755200978,0.028940659028247977,-521.3714981567382,0.0,***,2020-07-14
5,rainfall,-0.0135951182652434,0.020736083467294407,-0.655626135315574,0.5120647053035228,,2020-07-14
4,intercept,-7497.061816196382,0.019267273778158376,-389108.59431992634,0.0,***,2020-07-14
3,sma1,-1.1303178272834915,0.008199844107658049,-137.84625810481666,0.0,***,2020-07-14
2,sar1,0.9984401961930561,4.593578121590285e-07,2173556.5821778136,0.0,***,2020-07-14
1,ma1,2.15199308574115,0.05028736427441983,42.79391288033415,0.0,***,2020-07-14
0,ar1,0.9996418831249839,4.690521663231019e-08,21311955.362261146,0.0,***,2020-07-14
6,pv_capacity,2.5430157531802706,0.13129152304303002,19.369230352722866,0.0,***,2020-07-14
13,sin_336_1,19.6838198333343,1.1695525151785156,16.83021461445863,0.0,***,2020-07-15
12,solar_16,0.15929823089563522,0.1331815629668459,1.1960982237105204,0.23165823073146052,,2020-07-15
11,solar_4,-1.1888400460830126,0.12128782178094157,-9.801808859509254,0.0,***,2020-07-15
10,temp_9,-5.56173939945654,0.8279456825977087,-6.717517243409479,1.8484769270799006e-11,***,2020-07-15
9,temp_1,-17.427449784105118,0.8885591359222264,-19.613156940890995,0.0,***,2020-07-15
8,solar_power,-0.8105781262312622,0.11954222257576984,-6.7806847552754075,1.1960654688891736e-11,***,2020-07-15
7,temperature,-17.18750569000531,0.24920356471144414,-68.96974250712238,0.0,***,2020-07-15
14,cos_336_1,-14.137421792947801,0.26543106455615617,-53.26212218825203,0.0,***,2020-07-15
5,rainfall,0.6786373494736608,0.47753699217913625,1.4211199563343706,0.15528188931040066,,2020-07-15
4,intercept,-8484.804938711446,0.02259363261683437,-375539.6523704414,0.0,***,2020-07-15
3,sma1,-0.9127872600708711,0.005787306549029264,-157.72229314930237,0.0,***,2020-07-15
2,sar1,0.9994395043769991,5.835343594568193e-05,17127.346285269705,0.0,***,2020-07-15
1,ma1,0.46183737131502717,0.01206215982408008,38.28811573140047,0.0,***,2020-07-15
0,ar1,0.9838481317244938,0.0037254884819015017,264.0856726585112,0.0,***,2020-07-15
6,pv_capacity,17.58072706943699,2.3682891520938907,7.423387069899479,1.141309269314661e-13,***,2020-07-15
14,cos_336_1,-12.827869593754235,0.019287983176524817,-665.0705507337277,0.0,***,2020-07-16
13,sin_336_1,18.135561345638376,0.019327548295608826,938.3270484316282,0.0,***,2020-07-16
12,solar_16,0.2594522369535091,0.038784314145340025,6.689617766121631,2.2375434838295405e-11,***,2020-07-16
11,solar_4,-1.1801634897143571,0.02201964416585859,-53.595938282426836,0.0,***,2020-07-16
10,temp_9,-3.364990857436908,0.019543007565593917,-172.18387938205996,0.0,***,2020-07-16
9,temp_1,-15.938616101963458,0.019312502337584473,-825.300410239691,0.0,***,2020-07-16
8,solar_power,-0.7389333063293942,0.027043602655823663,-27.323774710551362,0.0,***,2020-07-16
7,temperature,-16.406777770913152,0.019294742972569005,-850.3237277759221,0.0,***,2020-07-16
5,rainfall,-0.0772239026467787,0.019586762799532396,-3.9426577754146437,8.058360357021677e-05,***,2020-07-16
4,intercept,-8523.393456280446,0.019288286068303222,-441894.8073508246,0.0,***,2020-07-16
3,sma1,-0.9129800695439707,0.006337960637082922,-144.04950138096382,0.0,***,2020-07-16
2,sar1,0.9992635289880806,0.00011573799294776238,8633.841865903894,0.0,***,2020-07-16
1,ma1,2.205170896244962,0.08771493366926736,25.140199097221537,0.0,***,2020-07-16
0,ar1,0.9995613116465869,2.9439943513078e-06,339525.5535060913,0.0,***,2020-07-16
6,pv_capacity,10.375664842108563,0.01946477117904639,533.0483850371614,0.0,***,2020-07-16
8,solar_power,-0.7490802175288916,0.9679526301916086,-0.7738810703790426,0.4390011247817869,,2020-07-17
13,sin_336_1,22.07718919999834,0.9390262006655091,23.510727586037255,0.0,***,2020-07-17
12,solar_16,0.1835591874411484,0.6134514169480485,0.29922367504563696,0.7647693862813134,,2020-07-17
11,solar_4,-1.2052417501758854,0.7973188355736286,-1.511618309266177,0.13063099114133903,,2020-07-17
10,temp_9,-2.079361666354238,13.779236788424758,-0.150905430996077,0.8800503162373181,,2020-07-17
9,temp_1,-16.423016008117695,8.183878293630235,-2.0067522290623794,0.044776051724314314,*,2020-07-17
7,temperature,-17.601191336616125,1.1159055534409017,-15.773011687541784,0.0,***,2020-07-17
14,cos_336_1,-15.36149136630477,1.0525588200830123,-14.594425578128977,0.0,***,2020-07-17
5,rainfall,-0.17058920098759245,11.90797438399275,-0.014325627137467338,0.9885701942288345,,2020-07-17
0,ar1,0.9981279732350103,0.00016257767067768332,6139.3915232912805,0.0,***,2020-07-17
1,ma1,0.46648659852731655,0.020327442134935998,22.948612788107948,0.0,***,2020-07-17
6,pv_capacity,6.595621295654837,7.645253682335469,0.8627079714691702,0.3882980484562917,,2020-07-17
3,sma1,-0.9268864456028008,0.007020299872504965,-132.02946632421722,0.0,***,2020-07-17
4,intercept,-10742.22938234628,0.32647873421208246,-32903.305044573186,0.0,***,2020-07-17
2,sar1,0.9995197546853732,2.116167384263946e-05,47232.547014849224,0.0,***,2020-07-17
13,sin_336_1,25.39166788093844,0.01930662995812181,1315.1786684685903,0.0,***,2020-07-18
12,solar_16,0.25232939019084183,0.05037945683477227,5.008577028100912,5.483392979677149e-07,***,2020-07-18
11,solar_4,-1.1470161770388352,0.04103694028350273,-27.95082111665005,0.0,***,2020-07-18
10,temp_9,-3.47724873410316,0.01971019905638035,-176.4187527562055,0.0,***,2020-07-18
9,temp_1,-17.0987550286196,0.019386039000348555,-882.0138568952724,0.0,***,2020-07-18
8,solar_power,-0.6687666757302679,0.02844571869728125,-23.510275231477507,0.0,***,2020-07-18
7,temperature,-16.06907507555121,0.019449049734203885,-826.2138919461698,0.0,***,2020-07-18
14,cos_336_1,-13.787068991704349,0.019287966760620185,-714.8015735828155,0.0,***,2020-07-18
5,rainfall,3.295209967371534,0.019353135787888456,170.2674958460084,0.0,***,2020-07-18
4,intercept,-12661.912699115375,0.01928821334756177,-656458.5568894058,0.0,***,2020-07-18
3,sma1,-0.9537262890827608,0.013391167825374346,-71.22054637203381,0.0,***,2020-07-18
2,sar1,0.9998153645268218,0.0001750610250860566,5711.239060980775,0.0,***,2020-07-18
1,ma1,2.2535276747116066,0.1670156364435574,13.492914332444446,0.0,***,2020-07-18
0,ar1,0.9995367295569839,2.5783551034357243e-05,38766.4495175655,0.0,***,2020-07-18
6,pv_capacity,13.062496725369783,0.020509848934987616,636.8889779137552,0.0,***,2020-07-18
14,cos_336_1,-13.82151737658855,0.8770481983850004,-15.75913091440076,0.0,***,2020-07-19
13,sin_336_1,22.593854472756924,0.10751197105840574,210.15198819564793,0.0,***,2020-07-19
12,solar_16,0.1825533168524559,0.13292153342753363,1.3733915953654012,0.16963064117703075,,2020-07-19
11,solar_4,-1.165004567922549,0.12342650054138883,-9.438852781310816,0.0,***,2020-07-19
10,temp_9,-3.8726917207261504,0.6636929125108209,-5.835065657210872,5.37693889413049e-09,***,2020-07-19
9,temp_1,-18.422442549902865,1.233441119714345,-14.935810275377682,0.0,***,2020-07-19
8,solar_power,-0.6920961814517277,0.14822665724894846,-4.669174858941491,3.0241190340785096e-06,***,2020-07-19
7,temperature,-17.652428681216747,1.436635778873337,-12.287337501130896,0.0,***,2020-07-19
5,rainfall,0.32018459729806636,0.4025810082740612,0.7953296124691938,0.42642179235744915,,2020-07-19
4,intercept,-11509.731587314589,0.02570303346475047,-447796.62303670147,0.0,***,2020-07-19
3,sma1,-1.0715592137391647,0.005825573016808684,-183.9405687041199,0.0,***,2020-07-19
2,sar1,0.999598116626199,5.534764171947937e-07,1806035.6061645795,0.0,***,2020-07-19
0,ar1,0.9988501187503078,1.0204047928147765e-06,978876.3496445266,0.0,***,2020-07-19
6,pv_capacity,-3.6073270379101814,2.042555777485489,-1.7660849596729356,0.07738159636754327,.,2020-07-19
1,ma1,2.1315678043218256,0.05007825057160279,42.56474177894995,0.0,***,2020-07-19
14,cos_336_1,-12.601608553447898,0.11864775341155782,-106.21025844236793,0.0,***,2020-07-20
8,solar_power,-0.6787205305798345,0.187023911278289,-3.629057514308466,0.0002844578655800678,***,2020-07-20
13,sin_336_1,21.382446639154818,0.18590284708199167,115.01946836631383,0.0,***,2020-07-20
12,solar_16,0.22482829010154204,0.12689920326339554,1.7717076570991714,0.07644309794636794,.,2020-07-20
11,solar_4,-1.1511942561085546,0.13052038132963117,-8.82003442206621,0.0,***,2020-07-20
10,temp_9,-4.260754573440927,0.203218266079889,-20.966395667237624,0.0,***,2020-07-20
9,temp_1,-16.096288756023874,1.018942098830632,-15.79705929757584,0.0,***,2020-07-20
7,temperature,-17.59040011210925,0.09680958050003759,-181.70102608906998,0.0,***,2020-07-20
5,rainfall,1.9201941523527921,0.3031702956828874,6.333714680152217,2.3932789083858097e-10,***,2020-07-20
4,intercept,-8668.473692975109,0.025187581874351876,-344156.6457716245,0.0,***,2020-07-20
3,sma1,-0.9331865914440507,0.004960702331562919,-188.11582092047055,0.0,***,2020-07-20
2,sar1,0.9996803964983451,2.242019255931527e-05,44588.394763049975,0.0,***,2020-07-20
1,ma1,0.4651780051243865,0.012652378175683005,36.76605288470008,0.0,***,2020-07-20
0,ar1,0.9900401890889563,0.00018642768889553987,5310.585540990645,0.0,***,2020-07-20
6,pv_capacity,9.405304689329341,0.3714986099631149,25.317200218496563,0.0,***,2020-07-20
13,sin_336_1,24.046191715534082,0.08291848203917634,289.9979729992286,0.0,***,2020-07-21
12,solar_16,0.26967515880991755,0.13611288898802967,1.981261001914623,0.0475620113641162,*,2020-07-21
11,solar_4,-1.2644800083300107,0.12799755285028208,-9.878938934161225,0.0,***,2020-07-21
10,temp_9,-4.624480299368669,0.20026054023004153,-23.092319106182757,0.0,***,2020-07-21
9,temp_1,-13.076961356776687,1.8311079614928687,-7.1415567141739045,9.228173780684301e-13,***,2020-07-21
8,solar_power,-0.7059944271933887,0.11069489974074513,-6.377840612773261,1.7960233300584605e-10,***,2020-07-21
7,temperature,-13.553430147877236,1.382912055020977,-9.80064502197983,0.0,***,2020-07-21
14,cos_336_1,-11.621871254779991,0.12001725026852489,-96.83500687424001,0.0,***,2020-07-21
5,rainfall,0.36662409500161175,0.5544265929914781,0.6612671535530891,0.5084410020819989,,2020-07-21
4,intercept,-9546.451550033025,0.036972855505689406,-258201.62980281605,0.0,***,2020-07-21
3,sma1,-0.9011542436345416,0.007305108646540049,-123.3594580501358,0.0,***,2020-07-21
2,sar1,0.9986953318606072,8.078179976581666e-07,1236287.5483782073,0.0,***,2020-07-21
1,ma1,2.1347032920607476,0.055671525968966254,38.34461611939153,0.0,***,2020-07-21
0,ar1,0.999544901485213,8.187048545568089e-07,1220885.5192709204,0.0,***,2020-07-21
6,pv_capacity,-4.985820276469667,0.7867173985742514,-6.337498427650573,2.33525643267285e-10,***,2020-07-21
14,cos_336_1,-14.308993246040309,0.019287973684900976,-741.8608859489312,0.0,***,2020-07-22
13,sin_336_1,15.944103085816723,0.01928890716780662,826.5944227481996,0.0,***,2020-07-22
12,solar_16,0.33222027391213804,0.021188055352552672,15.679601944786933,0.0,***,2020-07-22
11,solar_4,-1.4270946242440732,0.021620899994195586,-66.00532931687374,0.0,***,2020-07-22
10,temp_9,-3.983979417394684,0.0192880324515165,-206.55188274952573,0.0,***,2020-07-22
9,temp_1,-12.813130854513982,0.01928795476947552,-664.3073880902924,0.0,***,2020-07-22
8,solar_power,-0.7372776553188274,0.019852166308799435,-37.138398089685076,0.0,***,2020-07-22
7,temperature,-10.91166482324104,0.019296065243954764,-565.4865220078761,0.0,***,2020-07-22
5,rainfall,0.7385646963556383,0.019288020204920805,38.29136886569695,0.0,***,2020-07-22
4,intercept,-10690.064028750148,0.019287916942526743,-554236.3159590492,0.0,***,2020-07-22
3,sma1,-0.9358257299796722,0.007853218991623542,-119.16460383670052,0.0,***,2020-07-22
2,sar1,0.9996254993726589,4.528063067051415e-05,22076.227397238865,0.0,***,2020-07-22
1,ma1,2.226992952068627,0.013800502637786528,161.37042327509138,0.0,***,2020-07-22
0,ar1,0.998282700738661,4.516880155956001e-05,22101.155361014306,0.0,***,2020-07-22
6,pv_capacity,0.8530358803789113,0.01928996997068157,44.22173189877553,0.0,***,2020-07-22
8,solar_power,-0.7091106224287635,0.1550473149182774,-4.573511142727772,4.796181592103821e-06,***,2020-07-23
13,sin_336_1,22.570681839234524,0.057456957903221674,392.8276515657464,0.0,***,2020-07-23
12,solar_16,0.26445139366449794,0.14393400639494425,1.837310030395895,0.06616413999125159,.,2020-07-23
11,solar_4,-1.3926877929394437,0.15805017059413917,-8.811681681228679,0.0,***,2020-07-23
10,temp_9,-2.9841416270503505,0.067090846480115,-44.47911725088784,0.0,***,2020-07-23
9,temp_1,-14.368584120201934,0.3540818865664612,-40.57983383316884,0.0,***,2020-07-23
7,temperature,-16.474078464517106,0.5128855409348732,-32.12037998670937,0.0,***,2020-07-23
14,cos_336_1,-12.262506666101999,0.15158660885046554,-80.89439271115629,0.0,***,2020-07-23
5,rainfall,0.9195099631486983,0.1585574181264578,5.799223864854694,6.662254525835465e-09,***,2020-07-23
4,intercept,-11238.107623660917,0.03508861995463455,-320277.8461561174,0.0,***,2020-07-23
3,sma1,-0.9368634062715018,0.004500046601427398,-208.18971207416655,0.0,***,2020-07-23
2,sar1,0.9996364685363583,1.1240374275354547e-07,8893266.754721364,0.0,***,2020-07-23
1,ma1,2.1093736509628953,0.03755363959971898,56.16961960136295,0.0,***,2020-07-23
0,ar1,0.9980271314665315,7.382456551748215e-07,1351890.2881049698,0.0,***,2020-07-23
6,pv_capacity,-2.3382320257360334,0.7446603336865959,-3.139998090350978,0.0016894893600274408,**,2020-07-23
14,cos_336_1,-12.84223192995517,0.019288514360261466,-665.7968410679135,0.0,***,2020-07-24
13,sin_336_1,27.254876500061165,0.019296988114793485,1412.3901791268138,0.0,***,2020-07-24
12,solar_16,0.23263260126318763,0.0271632346271001,8.564245181282487,0.0,***,2020-07-24
11,solar_4,-1.285823023028809,0.03555168347574702,-36.16771126762489,0.0,***,2020-07-24
10,temp_9,-2.375495743746459,0.01930482181949854,-123.05193831662956,0.0,***,2020-07-24
9,temp_1,-14.322684509645342,0.019290643660841954,-742.4679425663196,0.0,***,2020-07-24
8,solar_power,-0.7481041402193931,0.023143339608515945,-32.32481365585271,0.0,***,2020-07-24
7,temperature,-13.863372706393932,0.019317817001934395,-717.6469631638874,0.0,***,2020-07-24
6,pv_capacity,11.503242243823479,0.01949062338585227,590.1936544612206,0.0,***,2020-07-24
5,rainfall,4.879705292822791,0.01934703377687436,252.21981566267465,0.0,***,2020-07-24
4,intercept,-10216.853996002805,0.019287918429960315,-529702.2606717767,0.0,***,2020-07-24
3,sma1,-1.1058642968700323,0.00831927143900391,-132.92802200025832,0.0,***,2020-07-24
2,sar1,0.9987979317978815,0.00028420757688807846,3514.3254896093435,0.0,***,2020-07-24
1,ma1,2.1839341737408478,0.009813680980617967,222.5397562906437,0.0,***,2020-07-24
0,ar1,0.9996816077886866,2.6143550800976813e-05,38238.17259556552,0.0,***,2020-07-24
13,sin_336_1,23.033996185077687,0.10767530308211805,213.92088553037016,0.0,***,2020-07-25
12,solar_16,0.25945834835850956,0.13804997751360837,1.8794523043868898,0.06018276022547853,.,2020-07-25
11,solar_4,-1.3849159833655258,0.1768078871269728,-7.832885771498205,4.6629367034256575e-15,***,2020-07-25
10,temp_9,-3.913007253093401,0.23439859540206456,-16.6938169846172,0.0,***,2020-07-25
9,temp_1,-15.374053293499125,1.2891605175720444,-11.925631512865465,0.0,***,2020-07-25
8,solar_power,-0.6765666055997208,0.16014735316124398,-4.224650562401249,2.3931181427627735e-05,***,2020-07-25
7,temperature,-15.117709213541218,0.417020841797856,-36.25168744172571,0.0,***,2020-07-25
14,cos_336_1,-13.434007983708014,0.09322934379565438,-144.09634817502814,0.0,***,2020-07-25
5,rainfall,2.6489583664165366,0.6168156026074763,4.294570946679275,1.750315033843819e-05,***,2020-07-25
4,intercept,-11559.7553670631,0.028729616534505675,-402363.71944537683,0.0,***,2020-07-25
3,sma1,-0.9324465125178337,0.0055468779536004984,-168.10294373118114,0.0,***,2020-07-25
2,sar1,0.9996702101949093,3.310330214668602e-05,30198.504238798017,0.0,***,2020-07-25
1,ma1,0.47269523757733517,0.01344142325837455,35.16705251304596,0.0,***,2020-07-25
0,ar1,0.9907914745369756,0.0002750569965673307,3602.131510566544,0.0,***,2020-07-25
6,pv_capacity,12.06137286256103,0.8803868264916365,13.700083303865304,0.0,***,2020-07-25
13,sin_336_1,23.3610047079693,0.019345202326997008,1207.5864761242676,0.0,***,2020-07-26
12,solar_16,0.25010405326929075,0.12022280130633627,2.08033792717912,0.037494548352800416,*,2020-07-26
11,solar_4,-1.4714786006319551,0.05657997360997584,-26.00705703355989,0.0,***,2020-07-26
10,temp_9,-1.1500264382126666,0.047276344817105805,-24.325620829226146,0.0,***,2020-07-26
9,temp_1,-12.080584927504539,0.04673125106859766,-258.5119090813817,0.0,***,2020-07-26
8,solar_power,-0.5879522458267594,0.024887937085267053,-23.62398473655779,0.0,***,2020-07-26
7,temperature,-12.661777036710134,0.06347481498209079,-199.4771791029657,0.0,***,2020-07-26
14,cos_336_1,-17.36625574356678,0.02857829008731179,-607.6730164929309,0.0,***,2020-07-26
5,rainfall,2.9457372774763826,0.054495190546916296,54.054995457632586,0.0,***,2020-07-26
4,intercept,-8052.761599290085,0.01928829673089162,-417494.6969989837,0.0,***,2020-07-26
3,sma1,-1.0794025380942813,0.0067989986942728845,-158.75904476985895,0.0,***,2020-07-26
2,sar1,0.9994145884968799,1.6110503359984716e-05,62034.969743976275,0.0,***,2020-07-26
1,ma1,2.079502742756668,0.06769183719883348,30.72014040110147,0.0,***,2020-07-26
0,ar1,0.9982963032027004,7.347340453014001e-05,13587.179055969602,0.0,***,2020-07-26
6,pv_capacity,-5.236540835441701,0.021182340112518145,-247.21257460817836,0.0,***,2020-07-26
14,cos_336_1,-13.301118171315292,0.42764496304993826,-31.103179788328415,0.0,***,2020-07-27
13,sin_336_1,22.44808290087937,0.18886875779933351,118.85545900995271,0.0,***,2020-07-27
12,solar_16,0.2881812052611015,0.2891020102305211,0.9968149478840173,0.3188543412808351,,2020-07-27
11,solar_4,-1.6344038057079677,0.1788385643560344,-9.138989745266423,0.0,***,2020-07-27
10,temp_9,-4.389806767878679,0.15362166432620167,-28.575440756567527,0.0,***,2020-07-27
9,temp_1,-17.691725075453142,0.33216608624648797,-53.26168386234583,0.0,***,2020-07-27
8,solar_power,-0.5932066283071347,0.1856294638104942,-3.195649096485721,0.001395166779035728,**,2020-07-27
7,temperature,-18.487166020679382,0.03769181882738315,-490.48219469972713,0.0,***,2020-07-27
5,rainfall,2.7831137111166413,0.2708956269384995,10.273749128288742,0.0,***,2020-07-27
4,intercept,-3614.3266438683845,0.09905198696196832,-36489.188705079985,0.0,***,2020-07-27
3,sma1,-0.9534654385229241,0.004932723669136624,-193.29390869564148,0.0,***,2020-07-27
2,sar1,0.9998145897712312,2.0677198003677618e-06,483534.8530267039,0.0,***,2020-07-27
1,ma1,0.4793008564080408,0.014369667239630762,33.355042146428765,0.0,***,2020-07-27
0,ar1,0.976614912431425,0.0003817558953616161,2558.2182863380067,0.0,***,2020-07-27
6,pv_capacity,17.183146249197648,0.9778584329598127,17.572222798332024,0.0,***,2020-07-27
8,solar_power,-0.5840014805505886,0.14269387478468148,-4.092687800592843,4.264016495292289e-05,***,2020-07-28
13,sin_336_1,23.025071032213482,0.037957901459151094,606.5949419514728,0.0,***,2020-07-28
12,solar_16,0.2752040329608124,0.14298418879461972,1.9247165388063379,0.05426483026300977,.,2020-07-28
11,solar_4,-1.6830813523361945,0.1482915175798543,-11.34981541631242,0.0,***,2020-07-28
10,temp_9,-4.308715662515095,1.327456221980567,-3.2458438863516594,0.0011710303660070753,**,2020-07-28
9,temp_1,-20.097987940089798,0.5739653383684807,-35.01603075408548,0.0,***,2020-07-28
7,temperature,-18.988222397812436,2.2558707270441283,-8.41724757104887,0.0,***,2020-07-28
14,cos_336_1,-14.420102385174994,0.20716858867857627,-69.60564087998833,0.0,***,2020-07-28
5,rainfall,-0.37865244682222965,0.6191982480961754,-0.6115205396437369,0.5408550248327804,,2020-07-28
0,ar1,0.975174142456775,0.0019082532906621378,511.02971876359396,0.0,***,2020-07-28
1,ma1,0.47518524930730716,0.01338401581489627,35.50393662703468,0.0,***,2020-07-28
6,pv_capacity,15.054019800842127,0.5823305510848671,25.851330954209544,0.0,***,2020-07-28
3,sma1,-0.9518121555713192,0.005341886614058883,-178.17902631372237,0.0,***,2020-07-28
4,intercept,-2331.4312497172573,0.01935225260217184,-120473.37835263727,0.0,***,2020-07-28
2,sar1,0.9997988427371889,3.365190912145674e-05,29710.01850530105,0.0,***,2020-07-28
13,sin_336_1,22.603004527809308,0.21403862699843382,105.60245524269178,0.0,***,2020-07-29
12,solar_16,0.30324183168718216,0.13653035528223553,2.2210579549164775,0.026347036302547977,*,2020-07-29
11,solar_4,-1.6894205102642583,0.139904943668364,-12.075488299176367,0.0,***,2020-07-29
10,temp_9,-3.5152603978479506,1.009583604502323,-3.481891328436151,0.0004978857030215611,***,2020-07-29
9,temp_1,-18.837234062491174,1.0070962858062122,-18.704501573463133,0.0,***,2020-07-29
8,solar_power,-0.5824688678190726,0.1477443322521555,-3.9424109130966323,8.066661731565006e-05,***,2020-07-29
7,temperature,-17.99412360478304,1.6688523709251137,-10.782333966909341,0.0,***,2020-07-29
14,cos_336_1,-12.856587110332217,0.4839698728810671,-26.564850067623222,0.0,***,2020-07-29
5,rainfall,-0.06708889090214143,0.6105779877058336,-0.10987767697656298,0.912506386524331,,2020-07-29
4,intercept,-3911.155400420818,0.026642477034504883,-146801.49279496234,0.0,***,2020-07-29
3,sma1,-0.945024955745773,0.005165969553621325,-182.9327381698009,0.0,***,2020-07-29
2,sar1,0.9997290361107396,4.2374512337923644e-05,23592.697141579105,0.0,***,2020-07-29
1,ma1,0.47746455027439993,0.012496242286077439,38.20865019609633,0.0,***,2020-07-29
0,ar1,0.9740015637137316,0.002936903057788525,331.6423949134877,0.0,***,2020-07-29
6,pv_capacity,18.57424527226908,0.28689114503616936,64.74318079746715,0.0,***,2020-07-29
14,cos_336_1,-10.966426980269958,0.0776619879991037,-141.2071370152992,0.0,***,2020-07-30
13,sin_336_1,24.90483238922015,0.29079236016734433,85.64472730606812,0.0,***,2020-07-30
12,solar_16,0.2738913460010552,0.1462931680640107,1.8722087273495494,0.06117773215083111,.,2020-07-30
11,solar_4,-1.6924014964173473,0.13552137148423632,-12.48807828523345,0.0,***,2020-07-30
10,temp_9,-3.078301265481745,1.0011393631499534,-3.074797953999406,0.0021064520058087233,**,2020-07-30
9,temp_1,-19.301176759064006,1.9028570910661449,-10.1432613356423,0.0,***,2020-07-30
8,solar_power,-0.6003893167851775,0.1365040983455183,-4.398324475690655,1.0908980069945784e-05,***,2020-07-30
7,temperature,-18.578153897775778,1.9903537286318258,-9.334096563100092,0.0,***,2020-07-30
5,rainfall,-0.18185744998510245,0.7285924824594961,-0.24960105184068002,0.8028958850789008,,2020-07-30
4,intercept,-2635.7616266504506,0.019828219203671827,-132929.82085664835,0.0,***,2020-07-30
3,sma1,-0.9432468029516055,0.004849513785858726,-194.50337592649618,0.0,***,2020-07-30
2,sar1,0.9997063535843717,2.2330701924776564e-05,44768.245841621676,0.0,***,2020-07-30
0,ar1,0.9737861240869192,0.001313416877050567,741.4143529765441,0.0,***,2020-07-30
6,pv_capacity,16.89527141651621,0.29266315878720506,57.72940976421544,0.0,***,2020-07-30
1,ma1,0.47977259655675963,0.012674917912512771,37.85212652802466,0.0,***,2020-07-30
14,cos_336_1,-12.484888410922396,0.5665117282676218,-22.038181714438398,0.0,***,2020-07-31
8,solar_power,-0.6340071082223016,0.14255547600295276,-4.447441276890474,8.689920438564869e-06,***,2020-07-31
13,sin_336_1,24.808490605790187,0.4958593059136297,50.03130990973356,0.0,***,2020-07-31
12,solar_16,0.2891580479212781,0.13664301225790762,2.1161568611756385,0.03433146878766169,*,2020-07-31
11,solar_4,-1.7177393602179896,0.13267298638869973,-12.947167369741939,0.0,***,2020-07-31
10,temp_9,-3.6097573137909915,1.1180328218495588,-3.228668464150614,0.0012436798357193801,**,2020-07-31
9,temp_1,-19.22338438094915,1.5518134431703277,-12.387690328082293,0.0,***,2020-07-31
7,temperature,-18.941984581836536,4.0209880405864835,-4.710778642125417,2.4677215288981813e-06,***,2020-07-31
5,rainfall,-0.17187990782792895,0.6694240827047535,-0.256757879300461,0.7973656876315691,,2020-07-31
4,intercept,-2965.974355216027,0.019306584682205787,-153625.01467955974,0.0,***,2020-07-31
3,sma1,-0.937038499365232,0.005573284422702903,-168.13039283410407,0.0,***,2020-07-31
2,sar1,0.9996367128757095,2.760932991312164e-05,36206.48222978498,0.0,***,2020-07-31
1,ma1,0.47834355985108323,0.012430402187859839,38.481744405523564,0.0,***,2020-07-31
0,ar1,0.9736391994965584,0.003432169581876887,283.68038824122505,0.0,***,2020-07-31
6,pv_capacity,17.35504268735957,0.6359724774932973,27.288983881448676,0.0,***,2020-07-31
13,sin_336_1,25.2622221245589,0.21843153959743658,115.65281355941771,0.0,***,2020-08-01
12,solar_16,0.2994304412179602,0.13049219512865945,2.2946233751584546,0.02175471748496749,*,2020-08-01
11,solar_4,-1.699490572740716,0.13893830184538047,-12.23198031189426,0.0,***,2020-08-01
10,temp_9,-4.371033757923663,0.03802401293954109,-114.95456213087479,0.0,***,2020-08-01
9,temp_1,-18.362263950692356,0.6600486737872058,-27.819560405044005,0.0,***,2020-08-01
8,solar_power,-0.6599720126529447,0.1260610174538766,-5.235337822768377,1.6468337160624458e-07,***,2020-08-01
7,temperature,-20.93753739056271,0.29535636841513063,-70.88906700374406,0.0,***,2020-08-01
14,cos_336_1,-11.559214528834898,0.08591767600873562,-134.5382587822746,0.0,***,2020-08-01
5,rainfall,-0.13137113872130612,0.6353550841468937,-0.20676806088315366,0.8361910008248112,,2020-08-01
4,intercept,-3157.796322613946,0.02068980323232876,-152625.73003496454,0.0,***,2020-08-01
3,sma1,-0.9260506355530629,0.005543594888265511,-167.04875702827684,0.0,***,2020-08-01
2,sar1,0.9995037724767153,4.464054922516659e-05,22390.04200945705,0.0,***,2020-08-01
1,ma1,0.48057167037990184,0.013826213090423783,34.75801126721763,0.0,***,2020-08-01
0,ar1,0.9752304123240524,0.003009694579093299,324.02969361025674,0.0,***,2020-08-01
6,pv_capacity,16.385208474093076,1.0008263944891866,16.371679008781488,0.0,***,2020-08-01
14,cos_336_1,-15.178154121579032,2.593780891647805,-5.851748761992186,4.864310509944403e-09,***,2020-08-02
13,sin_336_1,24.932884612473487,0.9075816615570442,27.471780963157308,0.0,***,2020-08-02
12,solar_16,0.2551345174962436,0.12687685151661274,2.010883107883847,0.04433780500147466,*,2020-08-02
11,solar_4,-1.717284004237609,0.13726036213521126,-12.51114289313882,0.0,***,2020-08-02
10,temp_9,-4.729742935747835,0.9047527187746035,-5.2276636893159,1.716653981187477e-07,***,2020-08-02
9,temp_1,-19.451977373086656,0.37816740874530247,-51.43747695663445,0.0,***,2020-08-02
8,solar_power,-0.6471645363470646,0.13272635112233366,-4.875931048165214,1.0829643499743469e-06,***,2020-08-02
7,temperature,-19.671089103771408,0.696313167883853,-28.250347704256832,0.0,***,2020-08-02
5,rainfall,-0.1824648818675314,0.5068639225546673,-0.3599879055267577,0.7188561780873306,,2020-08-02
4,intercept,3223.408006870147,0.022929249255927445,140580.61696184243,0.0,***,2020-08-02
3,sma1,-0.9303589447483986,0.006639139993007287,-140.13244874009354,0.0,***,2020-08-02
2,sar1,0.9995262870621748,8.450540022714569e-05,11827.9575550853,0.0,***,2020-08-02
1,ma1,0.4816725258073928,0.012790954467902894,37.6572778064438,0.0,***,2020-08-02
0,ar1,0.9733401466395843,0.003799635810104602,256.16669472666877,0.0,***,2020-08-02
6,pv_capacity,8.659786207931234,0.46842155531922475,18.487164199840617,0.0,***,2020-08-02
8,solar_power,-0.6472911900882377,0.14635526642780491,-4.4227393102218,9.745730653598628e-06,***,2020-08-03
13,sin_336_1,20.55413160983243,1.249782216246905,16.446170654881353,0.0,***,2020-08-03
12,solar_16,0.28867224437057615,0.15413857616035773,1.8728098543628469,0.0610946467161646,.,2020-08-03
11,solar_4,-1.7033387626890741,0.16045668405147354,-10.61556751442435,0.0,***,2020-08-03
10,temp_9,-3.59496724140776,1.8907870075123658,-1.9013073535646499,0.05726176644850112,.,2020-08-03
9,temp_1,-18.662692716508424,1.5018696355898395,-12.426306700833523,0.0,***,2020-08-03
7,temperature,-19.384407549747664,2.319940695519358,-8.355561668962462,0.0,***,2020-08-03
14,cos_336_1,-12.079212701266323,0.760551145728747,-15.882183294447909,0.0,***,2020-08-03
5,rainfall,-0.3916923741990104,0.752909645270863,-0.5202382206939281,0.6028975491224924,,2020-08-03
0,ar1,0.9737591400416333,0.0029456739452663923,330.5726153454405,0.0,***,2020-08-03
1,ma1,0.479420538866262,0.013290900960602037,36.071334839330994,0.0,***,2020-08-03
6,pv_capacity,1.8737000238784276,1.6557357131917763,1.1316419697600648,0.25778498764875657,,2020-08-03
3,sma1,-1.0676025018997652,0.008191742682167847,-130.326664706372,0.0,***,2020-08-03
4,intercept,8005.498264218402,0.05669508718969752,141202.68017989997,0.0,***,2020-08-03
2,sar1,0.999618986001387,8.539175835001092e-05,11706.27008175736,0.0,***,2020-08-03
14,cos_336_1,-14.113812005051813,0.3777493016912956,-37.36290693817326,0.0,***,2020-08-04
13,sin_336_1,25.574607570490176,0.13729417279849854,186.2759871682614,0.0,***,2020-08-04
12,solar_16,0.30405293119231314,0.13903494474919373,2.186881375331912,0.02875118489327333,*,2020-08-04
11,solar_4,-1.7203207700520362,0.1535746893027872,-11.20185089002693,0.0,***,2020-08-04
10,temp_9,-4.21441396371246,0.5173797553496499,-8.1456878050134,4.440892098500626e-16,***,2020-08-04
8,solar_power,-0.6264409134602316,0.11477175000700288,-5.458145522935817,4.811332621201814e-08,***,2020-08-04
7,temperature,-19.69668847257344,0.24276223903747227,-81.13571760859028,0.0,***,2020-08-04
9,temp_1,-18.66619049621903,0.32384002276179724,-57.64015928923361,0.0,***,2020-08-04
5,rainfall,-0.2913938024159961,0.23931681888479867,-1.2176068684761603,0.22337340307597442,,2020-08-04
4,intercept,10471.488890118502,0.025463221929789608,411239.7448756409,0.0,***,2020-08-04
3,sma1,-0.9370918047541609,0.005910215188807402,-158.55459992874688,0.0,***,2020-08-04
2,sar1,0.9996334376448721,3.471834473166376e-05,28792.65833008416,0.0,***,2020-08-04
1,ma1,0.4776387199510949,0.012222445595485111,39.07881742812023,0.0,***,2020-08-04
0,ar1,0.9731092258304224,0.0025676860602342954,378.98294534559585,0.0,***,2020-08-04
6,pv_capacity,-2.113855218167373,0.8647394367277332,-2.444499612700015,0.014505323653640323,*,2020-08-04
9,temp_1,-20.33735770084068,0.28115019836340527,-72.33627370432546,0.0,***,2020-08-05
13,sin_336_1,24.94098597719369,0.12330092250009131,202.2773672044118,0.0,***,2020-08-05
14,cos_336_1,-13.968505805980593,0.28816617106415987,-48.47378772600799,0.0,***,2020-08-05
12,solar_16,0.31735477035058524,0.1312735640827071,2.4175070782007584,0.0156272300567164,*,2020-08-05
11,solar_4,-1.7226896805609708,0.13285113798309395,-12.967067551805185,0.0,***,2020-08-05
10,temp_9,-3.708783841413897,0.17748733183806184,-20.896048202458555,0.0,***,2020-08-05
8,solar_power,-0.6065848167862296,0.1208398687346942,-5.019740778749073,5.174125390361439e-07,***,2020-08-05
1,ma1,0.4786150469309101,0.01380079417453221,34.680253967857844,0.0,***,2020-08-05
6,pv_capacity,-4.636379539286281,0.44424674907968076,-10.436496269001832,0.0,***,2020-08-05
5,rainfall,-0.3988630153123722,0.6815373508106228,-0.5852401410399052,0.5583862575905827,,2020-08-05
4,intercept,11993.255274704054,0.02845934319751744,421417.14907005464,0.0,***,2020-08-05
3,sma1,-0.9353849479262258,0.005316267480553566,-175.94768347299694,0.0,***,2020-08-05
2,sar1,0.9996127646413506,2.897239979481487e-05,34502.242538439954,0.0,***,2020-08-05
0,ar1,0.9710081874231652,0.002676744920672728,362.75708601293553,0.0,***,2020-08-05
7,temperature,-25.109198547614483,1.0461727268550853,-24.0010066244946,0.0,***,2020-08-05
14,cos_336_1,-11.73602224205187,0.3442202214441043,-34.094517146075354,0.0,***,2020-08-06
13,sin_336_1,26.425526075105736,0.059525965227727635,443.9327606702382,0.0,***,2020-08-06
12,solar_16,0.32996772229243765,0.14954980567021633,2.206406894436724,0.027355522739783922,*,2020-08-06
11,solar_4,-1.7812056881287979,0.1489180163444465,-11.96098183317779,0.0,***,2020-08-06
10,temp_9,-3.812794255044029,1.137856433859207,-3.35085705154593,0.0008056187751173116,***,2020-08-06
8,solar_power,-0.6053020925977055,0.1372011047636894,-4.411787307691564,1.0252079813755088e-05,***,2020-08-06
9,temp_1,-19.456899801124905,1.5574449187258872,-12.49283333695177,0.0,***,2020-08-06
7,temperature,-21.242491471622486,1.4915042935528395,-14.242326732443917,0.0,***,2020-08-06
5,rainfall,-0.41634806600120555,0.6411192230913533,-0.6494081771462965,0.5160745799755639,,2020-08-06
4,intercept,11377.93891989937,0.019556053572245494,581811.6051823086,0.0,***,2020-08-06
3,sma1,-0.9291814868754287,0.008403267720147812,-110.57382887464217,0.0,***,2020-08-06
2,sar1,0.9995319149399526,0.0001213796468326336,8234.75715264005,0.0,***,2020-08-06
1,ma1,0.48129009451661864,0.013335259249858785,36.091543891185715,0.0,***,2020-08-06
0,ar1,0.9727093218865229,0.0038123356099429963,255.14787295997462,0.0,***,2020-08-06
6,pv_capacity,-2.6438479814480615,1.2556628408388317,-2.105539716124647,0.0352443539208096,*,2020-08-06
13,sin_336_1,26.500467207866098,0.1367313795746091,193.81408488901997,0.0,***,2020-08-07
12,solar_16,0.3286120850983404,0.13504572594311087,2.4333393952561737,0.01496027062851435,*,2020-08-07
11,solar_4,-1.8209053252614726,0.13864384947003341,-13.133689898411573,0.0,***,2020-08-07
10,temp_9,-3.7801317039072604,0.33432536060144696,-11.306745312730248,0.0,***,2020-08-07
9,temp_1,-20.951125497791,0.5318300238941059,-39.39440151269578,0.0,***,2020-08-07
8,solar_power,-0.5917678529139057,0.15027048223471956,-3.938017926831271,8.2157457744092e-05,***,2020-08-07
7,temperature,-23.86085096827378,2.029641987348177,-11.7561871093577,0.0,***,2020-08-07
14,cos_336_1,-13.051034855008066,0.5627479696822643,-23.191616066383805,0.0,***,2020-08-07
5,rainfall,-0.32404997625292253,0.5783484006806184,-0.5603023642350707,0.5752732150629003,,2020-08-07
4,intercept,10874.613275585123,0.027368707803328653,397337.47584029246,0.0,***,2020-08-07
3,sma1,-1.0741839690652872,0.008752964261499864,-122.72230720626986,0.0,***,2020-08-07
2,sar1,0.9995839916212692,9.56937881581711e-05,10445.651811474627,0.0,***,2020-08-07
1,ma1,0.4812468938843064,0.013740294328502987,35.02449673774481,0.0,***,2020-08-07
0,ar1,0.9730837646560924,0.0030278781007661852,321.3748150593842,0.0,***,2020-08-07
6,pv_capacity,-2.1015133017713197,0.2942316585650907,-7.142376561448153,9.172662629453043e-13,***,2020-08-07
14,cos_336_1,-10.339414679867263,0.10527348891377057,-98.21480019852167,0.0,***,2020-08-08
13,sin_336_1,27.735606737770958,0.14331606570940256,193.5275476652392,0.0,***,2020-08-08
12,solar_16,0.35501824617758176,0.13282387937472998,2.6728495497107483,0.007520997289309106,**,2020-08-08
11,solar_4,-1.920754643860369,0.1439981498777469,-13.338745292846276,0.0,***,2020-08-08
10,temp_9,-3.9699718045477557,0.10922961641661588,-36.34519587989552,0.0,***,2020-08-08
9,temp_1,-21.496520596565812,0.1358685995109117,-158.2155161232777,0.0,***,2020-08-08
8,solar_power,-0.692469176928177,0.13739556032796657,-5.039967632689412,4.656105860867399e-07,***,2020-08-08
7,temperature,-21.33672802336386,0.3087246927955301,-69.11247633014986,0.0,***,2020-08-08
5,rainfall,-0.21290001690317695,0.30275833156175885,-0.7032011829532362,0.481930382136885,,2020-08-08
4,intercept,4223.591044524329,0.1488375452935065,28377.18827057675,0.0,***,2020-08-08
3,sma1,-0.9351566479955944,0.0053453033434409086,-174.94921951307072,0.0,***,2020-08-08
2,sar1,0.9996058253637063,1.3072705805482669e-05,76465.10525345667,0.0,***,2020-08-08
1,ma1,0.48139200051389,0.013870494719536337,34.70618822527348,0.0,***,2020-08-08
0,ar1,0.9745808654547112,0.00021696903113415414,4491.797102841456,0.0,***,2020-08-08
6,pv_capacity,6.606085938237243,0.22267061294005655,29.667524829671244,0.0,***,2020-08-08
14,cos_336_1,-14.4586790707802,1.920824521023044,-7.527329494460749,5.1736392947532295e-14,***,2020-08-09
13,sin_336_1,26.93042481921107,0.4419054899561779,60.94159369208484,0.0,***,2020-08-09
12,solar_16,0.2991446060121924,0.20027442967776393,1.4936734883904443,0.13526098119233,,2020-08-09
11,solar_4,-1.8731758618122578,0.1337814564022804,-14.001760125705495,0.0,***,2020-08-09
10,temp_9,-3.360155545921616,0.8720950311040497,-3.852969488506025,0.00011669393655155957,***,2020-08-09
9,temp_1,-23.675201245232422,0.8679749186847375,-27.27636563635733,0.0,***,2020-08-09
8,solar_power,-0.7847447693796896,0.295956863849586,-2.651551172601018,0.008012297060102869,**,2020-08-09
7,temperature,-23.134321092354128,0.9253408657888825,-25.000863949341937,0.0,***,2020-08-09
5,rainfall,-0.34884510899701127,2.0205212898548846,-0.1726510434453604,0.8629257274424194,,2020-08-09
0,ar1,0.9739638632343315,0.005198112861872873,187.36874114030175,0.0,***,2020-08-09
1,ma1,0.4854769383781944,0.012072439357741202,40.21365723961101,0.0,***,2020-08-09
6,pv_capacity,2.9176278271758065,0.3849381241492908,7.579472242775987,3.4638958368304884e-14,***,2020-08-09
3,sma1,-1.0560275726957613,0.009553441172507698,-110.53897267245776,0.0,***,2020-08-09
4,intercept,6550.069766203201,0.023268246355438022,281502.51059519075,0.0,***,2020-08-09
2,sar1,0.9997420029549052,8.384228164318706e-05,11924.079156261168,0.0,***,2020-08-09
13,sin_336_1,26.27869047705133,0.0448567130653995,585.8362925241074,0.0,***,2020-08-10
12,solar_16,0.32748031850210263,0.12230148439462542,2.6776479461642078,0.0074141101300870815,**,2020-08-10
11,solar_4,-1.9557559892053167,0.1304169861578799,-14.996175320580727,0.0,***,2020-08-10
10,temp_9,-3.033594541901577,0.6447227999880423,-4.705269523519009,2.535307824569344e-06,***,2020-08-10
9,temp_1,-22.67064895086313,2.0796145818192513,-10.90137045059128,0.0,***,2020-08-10
8,solar_power,-0.8678681072180652,0.13676155358068087,-6.345848555354971,2.2120283382776051e-10,***,2020-08-10
7,temperature,-21.30063847801142,1.8787123685408507,-11.337892289789469,0.0,***,2020-08-10
14,cos_336_1,-12.77490815986861,0.3261274670123851,-39.171518660780166,0.0,***,2020-08-10
5,rainfall,-0.44321757061641165,0.6170898215607363,-0.7182383425081149,0.4726103401325168,,2020-08-10
4,intercept,9368.511228300358,0.053889698919782306,173846.04880138388,0.0,***,2020-08-10
3,sma1,-0.9449377322037436,0.011853014846365657,-79.7212982900699,0.0,***,2020-08-10
2,sar1,0.9997211923617946,0.0001496131127517317,6682.04259623108,0.0,***,2020-08-10
1,ma1,0.4850456694615229,0.013624189422445464,35.60180018213957,0.0,***,2020-08-10
0,ar1,0.972652748487354,0.004010921227454666,242.5010847457107,0.0,***,2020-08-10
6,pv_capacity,-0.0773779752119026,1.0756827560065674,-0.07193382507977117,0.942654571245072,,2020-08-10
14,cos_336_1,-14.443404148434851,0.5836036241863173,-24.748653966247044,0.0,***,2020-08-11
13,sin_336_1,27.318788908598805,0.06696983189285227,407.9267953413297,0.0,***,2020-08-11
12,solar_16,0.30680157073109227,0.13527439532189245,2.267994397617095,0.02332954814322874,*,2020-08-11
11,solar_4,-1.9953904540307081,0.14297801852922315,-13.955924655809048,0.0,***,2020-08-11
10,temp_9,-2.8983806140013915,1.041178389399291,-2.783750261733357,0.005373439055399665,**,2020-08-11
9,temp_1,-23.06894121234583,1.561269063856857,-14.775762708932326,0.0,***,2020-08-11
8,solar_power,-0.8798666988596988,0.1334925766696361,-6.591128292003605,4.364975048076758e-11,***,2020-08-11
7,temperature,-21.76094256409948,2.2324128554925684,-9.747723191326122,0.0,***,2020-08-11
5,rainfall,-0.18379766634541284,0.6063603493537856,-0.30311623532325443,0.7618012818438293,,2020-08-11
4,intercept,10704.268051051653,0.01990098748577643,537876.2264285715,0.0,***,2020-08-11
3,sma1,-0.9494460716152897,0.00972749093814479,-97.60441594370342,0.0,***,2020-08-11
2,sar1,0.9997651451119374,0.00010600538332668937,9431.267674688204,0.0,***,2020-08-11
0,ar1,0.9720612289559736,0.003372911730244292,288.196462492533,0.0,***,2020-08-11
6,pv_capacity,-1.5797554761641095,1.1960472647146936,-1.3208135855241023,0.18656352870243675,,2020-08-11
1,ma1,0.48685801893268615,0.013990851854011555,34.79831135465071,0.0,***,2020-08-11
14,cos_336_1,-14.252627060933829,0.16421527438102007,-86.79233472438263,0.0,***,2020-08-12
8,solar_power,-0.8601803363979155,0.12938070771766827,-6.648443586156462,2.9620750296999176e-11,***,2020-08-12
13,sin_336_1,22.13415196809355,0.1763817177429796,125.49005787746697,0.0,***,2020-08-12
12,solar_16,0.3344946533330013,0.12525533720466697,2.6705021981333834,0.007573787567686896,**,2020-08-12
11,solar_4,-2.0023993565575404,0.13995380747884714,-14.307573281707155,0.0,***,2020-08-12
10,temp_9,-3.6577899878075613,0.3828103086370655,-9.555097930435922,0.0,***,2020-08-12
9,temp_1,-22.550743208133987,0.13727831743579713,-164.27024769356316,0.0,***,2020-08-12
7,temperature,-22.545322057247972,0.10087357961517913,-223.50076346309638,0.0,***,2020-08-12
5,rainfall,0.0899404215181221,0.33994889515974136,0.2645704186679567,0.7913404107618354,,2020-08-12
4,intercept,12116.257836577233,0.022068956711882675,549018.1522742047,0.0,***,2020-08-12
3,sma1,-0.949058797637221,0.0038821434311541547,-244.46773141379464,0.0,***,2020-08-12
2,sar1,0.9997614313733881,1.5007156745837457e-05,66618.97708576226,0.0,***,2020-08-12
1,ma1,0.4805162294015774,0.010921585636855692,43.99692914369871,0.0,***,2020-08-12
0,ar1,0.9717114997495787,0.0020762752375254826,468.00707448963766,0.0,***,2020-08-12
6,pv_capacity,-4.034619144785211,0.39009662087063335,-10.342614954676062,0.0,***,2020-08-12
13,sin_336_1,25.655955539210556,0.3151572713209469,81.40683358399586,0.0,***,2020-08-13
12,solar_16,0.3325474855574034,0.1338518238909369,2.484444932393037,0.012975357470482951,*,2020-08-13
11,solar_4,-2.00853073001495,0.13764108885400736,-14.592522819587334,0.0,***,2020-08-13
10,temp_9,-3.212354665698127,0.8498847773819338,-3.7797531514728044,0.00015698391470486683,***,2020-08-13
9,temp_1,-22.681439585163936,0.9524850437802682,-23.81290890946146,0.0,***,2020-08-13
8,solar_power,-0.823393266653353,0.13356754486165145,-6.164620810438788,7.065223961433276e-10,***,2020-08-13
7,temperature,-22.15702490570925,2.4139403611418118,-9.1787789219568,0.0,***,2020-08-13
14,cos_336_1,-10.689550838213211,0.30303587913087776,-35.27486866859259,0.0,***,2020-08-13
5,rainfall,0.1429346093592585,0.6658507556429457,0.214664634901917,0.8300287970339371,,2020-08-13
4,intercept,10564.588750143996,0.03053868881677903,345941.13760180294,0.0,***,2020-08-13
3,sma1,-0.9445278108173557,0.006303029624285098,-149.85298612244517,0.0,***,2020-08-13
2,sar1,0.9997152701000512,6.145484684820712e-05,16267.476389117663,0.0,***,2020-08-13
1,ma1,0.48028757691214213,0.01501681011191404,31.983328904924452,0.0,***,2020-08-13
0,ar1,0.9715921882964398,0.0031355765603395046,309.8607766704445,0.0,***,2020-08-13
6,pv_capacity,-1.0227302032467378,1.2966055973595298,-0.788775095009211,0.43024346814863845,,2020-08-13
14,cos_336_1,-12.620986802187597,0.48851638493474403,-25.835339799039712,0.0,***,2020-08-14
13,sin_336_1,26.89338253991149,0.10962519039734603,245.32119344499276,0.0,***,2020-08-14
12,solar_16,0.2802677188538313,0.14121329518780698,1.9847119811281828,0.04717652505052117,*,2020-08-14
11,solar_4,-1.991880935541885,0.12444154879657847,-16.00655853936665,0.0,***,2020-08-14
10,temp_9,-3.457143349659326,0.8643633089078806,-3.9996414864339993,6.343851240586673e-05,***,2020-08-14
9,temp_1,-22.986207105424747,2.331400302460121,-9.85939955535282,0.0,***,2020-08-14
8,solar_power,-0.8264717898554093,0.1405481728651916,-5.8803453151122005,4.094114602892773e-09,***,2020-08-14
7,temperature,-23.19678829061081,1.8791761283974802,-12.344126737280618,0.0,***,2020-08-14
5,rainfall,0.1469501856579427,0.5360742961075864,0.27412279739010437,0.7839902548323885,,2020-08-14
4,intercept,13563.879197826485,0.021742188755288643,623850.6780752311,0.0,***,2020-08-14
3,sma1,-0.9394281689992168,0.007628527053232408,-123.14673100636857,0.0,***,2020-08-14
2,sar1,0.9996587039542306,9.628270435447242e-05,10382.536621259698,0.0,***,2020-08-14
1,ma1,0.47960911862563693,0.012990028165298612,36.92133015591593,0.0,***,2020-08-14
0,ar1,0.9719351340437025,0.0035180363072095044,276.2720589471797,0.0,***,2020-08-14
6,pv_capacity,-5.476138222548116,1.0048242517485892,-5.449846789643634,5.041323047905166e-08,***,2020-08-14
8,solar_power,-0.7872821211039085,0.12316297808646869,-6.392197828727262,1.6351808795889156e-10,***,2020-08-15
13,sin_336_1,25.152998743342557,0.18820398315081416,133.64753668994678,0.0,***,2020-08-15
12,solar_16,0.34138188987095064,0.12398202236030789,2.7534789590611,0.005896556037807255,**,2020-08-15
11,solar_4,-2.000181226381546,0.15014046057671765,-13.322066674755591,0.0,***,2020-08-15
10,temp_9,-4.2642577118758105,0.09314996466057217,-45.7784147037981,0.0,***,2020-08-15
9,temp_1,-23.081038668876992,0.6873089422609518,-33.58175232370798,0.0,***,2020-08-15
7,temperature,-24.104036351757998,1.2469046050506734,-19.331098990350128,0.0,***,2020-08-15
14,cos_336_1,-9.5831996346907,0.1357675514183427,-70.58534631122451,0.0,***,2020-08-15
5,rainfall,0.14358287375102918,0.542474182456482,0.2646814878836148,0.791254839562449,,2020-08-15
0,ar1,0.9714486399459341,0.0033435925321324534,290.5403785330177,0.0,***,2020-08-15
1,ma1,0.48340344726675777,0.01474625467526875,32.78143894242405,0.0,***,2020-08-15
6,pv_capacity,-6.044808048183086,0.8908209048270144,-6.7856602998746505,1.155564532950848e-11,***,2020-08-15
3,sma1,-1.0674812672226601,0.007472029878504907,-142.8636240191607,0.0,***,2020-08-15
4,intercept,13619.83611032673,0.02885173509858014,472062.9821322945,0.0,***,2020-08-15
2,sar1,0.999621879004333,7.534666802585319e-05,13266.968602531164,0.0,***,2020-08-15
14,cos_336_1,-16.575424370631087,0.24067089936164823,-68.87174317541292,0.0,***,2020-08-16
13,sin_336_1,25.56810898881369,0.09818751857740991,260.40080612339835,0.0,***,2020-08-16
12,solar_16,0.25526756703294284,0.14251676931561866,1.7911405672382699,0.073270740644926,.,2020-08-16
11,solar_4,-1.9987246305525623,0.12951117775626741,-15.432834950463095,0.0,***,2020-08-16
10,temp_9,-2.61933297187192,0.4507597470941907,-5.810929189567995,6.212703906882666e-09,***,2020-08-16
8,solar_power,-0.8430516676417064,0.11010251932660806,-7.656969820471395,1.9095836023552692e-14,***,2020-08-16
7,temperature,-22.622205885470862,1.5875744678204393,-14.249540002069068,0.0,***,2020-08-16
9,temp_1,-26.267404697325688,0.37541105374123024,-69.96971569044884,0.0,***,2020-08-16
5,rainfall,-0.26702073244655367,0.15076780836047957,-1.7710725873796493,0.07654863182101557,.,2020-08-16
4,intercept,18808.808123020986,0.019598457928224785,959708.5746186906,0.0,***,2020-08-16
3,sma1,-0.9787613979131531,0.0017545973844472478,-557.8267735885706,0.0,***,2020-08-16
2,sar1,0.9999687262605107,1.8070585984891365e-06,553368.179148465,0.0,***,2020-08-16
1,ma1,0.4803347824587191,0.012708909558470545,37.795121623048594,0.0,***,2020-08-16
0,ar1,0.9808804632353796,0.001799550236986027,545.0697863696238,0.0,***,2020-08-16
6,pv_capacity,-6.84329273269077,0.6192721205031217,-11.050542251330485,0.0,***,2020-08-16
9,temp_1,-20.00387467937199,0.7198771633698433,-27.787900071355395,0.0,***,2020-08-17
14,cos_336_1,-10.39932738676703,0.2002651568414188,-51.92779188744152,0.0,***,2020-08-17
13,sin_336_1,23.425067945950733,0.38608010854150704,60.67411251629487,0.0,***,2020-08-17
12,solar_16,0.3844953566522431,0.120193488952723,3.1989699275930064,0.0013791955456381455,**,2020-08-17
11,solar_4,-1.8214731170219272,0.15093579123792164,-12.067867416222839,0.0,***,2020-08-17
10,temp_9,-3.4728281470031845,1.4427892032431948,-2.4070239361347707,0.01608311570344778,*,2020-08-17
8,solar_power,-0.8947928541635228,0.11525584328279721,-7.763535701769294,8.215650382226158e-15,***,2020-08-17
1,ma1,0.4814474638908289,0.011644971280899618,41.34380860865766,0.0,***,2020-08-17
6,pv_capacity,-17.56208619671679,0.4364025380625351,-40.24285989418375,0.0,***,2020-08-17
5,rainfall,0.0327441791991987,0.8800877813974286,0.03720558322853494,0.9703210869235976,,2020-08-17
4,intercept,24765.684435393596,0.04401887012603545,562615.1776382297,0.0,***,2020-08-17
3,sma1,-0.9240121593044637,0.007510082078351953,-123.03622645722578,0.0,***,2020-08-17
2,sar1,0.9995225123103842,7.833240729497438e-05,12760.012705169489,0.0,***,2020-08-17
0,ar1,0.9779959442351122,0.0038916861721014504,251.30390812242948,0.0,***,2020-08-17
7,temperature,-22.00303457332609,0.10780433972217068,-204.10156613390043,0.0,***,2020-08-17
8,solar_power,-0.870534564833811,0.09977506418900602,-8.724971233140366,0.0,***,2020-08-18
14,cos_336_1,-12.010296678383709,0.32939236112237547,-36.46197694888758,0.0,***,2020-08-18
13,sin_336_1,22.610358003530592,0.3576318939581534,63.222431739201184,0.0,***,2020-08-18
12,solar_16,0.36479841809297964,0.1581049918485666,2.307317522538343,0.021037125380714006,*,2020-08-18
11,solar_4,-1.8424169798459595,0.11533084210828673,-15.975058762824888,0.0,***,2020-08-18
10,temp_9,-2.4291096297498314,0.16571367636454182,-14.658474080354145,0.0,***,2020-08-18
7,temperature,-22.484449147387068,0.22833533879612442,-98.47117518442003,0.0,***,2020-08-18
9,temp_1,-21.332602199018666,0.24271855508277837,-87.89028177818236,0.0,***,2020-08-18
5,rainfall,0.0943634574268799,0.3770282100487553,0.2502822200351462,0.8023691053571904,,2020-08-18
6,pv_capacity,-17.948034573003497,0.20848289107330203,-86.08876479314083,0.0,***,2020-08-18
4,intercept,26477.40657440212,0.1641455132258934,161304.4795075483,0.0,***,2020-08-18
3,sma1,-0.924306568146867,0.006262672014094518,-147.58980928055306,0.0,***,2020-08-18
2,sar1,0.9995372085548235,7.733677496623655e-05,12924.47492142255,0.0,***,2020-08-18
1,ma1,0.47607347357837343,0.013588402530984655,35.035278980941094,0.0,***,2020-08-18
0,ar1,0.9802148920405181,0.001336658396393486,733.3323867079963,0.0,***,2020-08-18
13,sin_336_1,23.48720914587709,0.4354076535084869,53.94303236660786,0.0,***,2020-08-19
12,solar_16,0.36526239975043706,0.11821248556119596,3.089880041151397,0.0020023735076764027,**,2020-08-19
11,solar_4,-1.7832305565264772,0.1249353897186542,-14.273222027338997,0.0,***,2020-08-19
10,temp_9,-1.9090754487922794,0.19802291362680596,-9.64067952454292,0.0,***,2020-08-19
9,temp_1,-19.234010157380688,0.39786858621219245,-48.34262071427461,0.0,***,2020-08-19
8,solar_power,-0.8626052456449962,0.13244997061655708,-6.512687331145131,7.381806277351188e-11,***,2020-08-19
7,temperature,-23.19171071334847,2.2503391706307703,-10.305873450555382,0.0,***,2020-08-19
14,cos_336_1,-10.186410501581053,0.2278163020237434,-44.71326420055492,0.0,***,2020-08-19
5,rainfall,0.19728343508859325,0.3751379089548057,0.525895758277953,0.5989606362449553,,2020-08-19
4,intercept,26716.25509573329,0.029104615781922714,917938.7659990046,0.0,***,2020-08-19
3,sma1,-0.9313614252565324,0.006697509674778564,-139.06085552423266,0.0,***,2020-08-19
2,sar1,0.9996651367598625,6.996046997463766e-05,14288.999732595636,0.0,***,2020-08-19
1,ma1,0.4760043860544491,0.015142382252155433,31.435237740527423,0.0,***,2020-08-19
0,ar1,0.9835080275430956,0.0034051285198789688,288.8313970534226,0.0,***,2020-08-19
6,pv_capacity,-15.080235332661687,0.5765289328393186,-26.156944558521612,0.0,***,2020-08-19
14,cos_336_1,-9.730579711797906,0.16009143793423028,-60.78138742057824,0.0,***,2020-08-20
13,sin_336_1,22.00123834928711,0.39799524096628097,55.280154345240284,0.0,***,2020-08-20
12,solar_16,0.3603655732423728,0.13876829595705917,2.596886924041247,0.009407288718404683,**,2020-08-20
11,solar_4,-1.7574739674368538,0.12813614634530568,-13.715676782574315,0.0,***,2020-08-20
10,temp_9,-2.4693123417646348,0.5438082303472155,-4.540777803579777,5.6047075194243234e-06,***,2020-08-20
9,temp_1,-22.639103188288942,2.3462147225699406,-9.649203446942428,0.0,***,2020-08-20
8,solar_power,-0.8758952629905501,0.14904392219835932,-5.87675934765619,4.183757340570082e-09,***,2020-08-20
7,temperature,-25.01539610456757,2.026315605512615,-12.345261536017833,0.0,***,2020-08-20
5,rainfall,0.14565632854692012,0.6505208838300679,0.22390722906440794,0.8228294905557867,,2020-08-20
4,intercept,27109.258281765462,0.08104541427040764,334494.6598868081,0.0,***,2020-08-20
3,sma1,-0.9232723827415112,0.006420885362293928,-143.79206770507776,0.0,***,2020-08-20
2,sar1,0.9995489978338934,0.00010852195361822243,9210.569516194688,0.0,***,2020-08-20
1,ma1,0.4692167705349842,0.014956414172297197,31.372277146756485,0.0,***,2020-08-20
0,ar1,0.9843649388630913,0.0029980367020823193,328.3365204233123,0.0,***,2020-08-20
6,pv_capacity,-15.011657487218145,0.5432035023378279,-27.63542102105617,0.0,***,2020-08-20
9,temp_1,-22.46087555842756,0.5612192300770682,-40.021571526234354,0.0,***,2020-08-21
14,cos_336_1,-11.187354044384394,0.248077123404823,-45.0962744602951,0.0,***,2020-08-21
13,sin_336_1,22.72062957785319,0.3917720916965987,57.99450767271294,0.0,***,2020-08-21
12,solar_16,0.3887913504338756,0.11285306297565648,3.445111193107286,0.0005708245225863884,***,2020-08-21
11,solar_4,-1.774605110364106,0.14974845510494322,-11.850573744620394,0.0,***,2020-08-21
10,temp_9,-3.349777307427537,0.1457291661018557,-22.986320425976015,0.0,***,2020-08-21
8,solar_power,-0.8830895540494517,0.09210875222917891,-9.587466257844929,0.0,***,2020-08-21
1,ma1,0.471520348923733,0.012408759653664284,37.99899120332256,0.0,***,2020-08-21
6,pv_capacity,-11.702531510695735,0.17551245178537211,-66.67636051832004,0.0,***,2020-08-21
5,rainfall,-0.038922960674881324,0.4508649618662607,-0.08632953093930368,0.9312044638059507,,2020-08-21
4,intercept,28462.307390080226,0.01978181725979316,1438811.5619655577,0.0,***,2020-08-21
3,sma1,-0.9140244356425409,0.005988296758920411,-152.63512688828803,0.0,***,2020-08-21
2,sar1,0.9993962195901965,4.8381139332551054e-05,20656.731804531897,0.0,***,2020-08-21
7,temperature,-21.450318758788853,1.4594661514172071,-14.697373240180754,0.0,***,2020-08-21
0,ar1,0.9887249460041895,0.00038238949804985414,2585.648798009835,0.0,***,2020-08-21
14,cos_336_1,-10.109975862451382,0.020904638955496414,-483.6235576215578,0.0,***,2020-08-22
13,sin_336_1,20.266553057876937,0.08026562335658828,252.4935608839751,0.0,***,2020-08-22
12,solar_16,0.4110599041571727,0.06233980462658288,6.593859358710421,4.285372057211134e-11,***,2020-08-22
11,solar_4,-1.5273256810256157,0.15118119243586084,-10.102616975147813,0.0,***,2020-08-22
10,temp_9,-3.7367883800861534,0.02339767728113665,-159.70766393546145,0.0,***,2020-08-22
9,temp_1,-31.79092847417199,0.821387943454727,-38.70391418269489,0.0,***,2020-08-22
8,solar_power,-0.9424916449751848,0.11218674291207174,-8.401096426463495,0.0,***,2020-08-22
7,temperature,-29.58106514914857,0.16085906254408935,-183.89430275985097,0.0,***,2020-08-22
6,pv_capacity,-9.907968750918371,0.03318667979835043,-298.55257624810224,0.0,***,2020-08-22
5,rainfall,-1.7606104175442852,0.2194560505456726,-8.022610509788025,1.1102230246251565e-15,***,2020-08-22
4,intercept,28949.221315996212,0.019341778099260038,1496719.7517948842,0.0,***,2020-08-22
3,sma1,-0.9132769913525862,0.005356421595186173,-170.5013272617208,0.0,***,2020-08-22
2,sar1,0.9992860559660395,5.2858532224444686e-05,18904.914947750192,0.0,***,2020-08-22
1,ma1,0.47129563037734823,0.009225031512159199,51.08878270563624,0.0,***,2020-08-22
0,ar1,0.9950723659706824,0.0002941998703137489,3382.3004915314523,0.0,***,2020-08-22
13,sin_336_1,22.952283167007096,0.17750056542335552,129.30822565135918,0.0,***,2020-08-23
12,solar_16,0.35490362046885915,0.12341624066304076,2.875663839395665,0.00403178843290064,**,2020-08-23
11,solar_4,-1.77226003919907,0.12227350209588193,-14.49422817553173,0.0,***,2020-08-23
10,temp_9,-3.4606741640091485,0.0413109031176934,-83.77144779792884,0.0,***,2020-08-23
9,temp_1,-17.94069591157394,1.3688667375923562,-13.106239942048045,0.0,***,2020-08-23
8,solar_power,-0.8900685840000477,0.12801371629865876,-6.952915747899222,3.5780267637619545e-12,***,2020-08-23
7,temperature,-22.71591432343439,1.0132378504490493,-22.4191331910539,0.0,***,2020-08-23
14,cos_336_1,-15.323107284599674,0.23076236208001952,-66.40210798018357,0.0,***,2020-08-23
5,rainfall,0.07578114856278262,0.4878603438156633,0.15533369236384648,0.876558255299162,,2020-08-23
4,intercept,30569.745514315804,0.023077178206380042,1324674.3272045422,0.0,***,2020-08-23
3,sma1,-0.9135337862938535,0.007040173250225323,-129.76012859692275,0.0,***,2020-08-23
2,sar1,0.9993998497261286,0.00013456430204170872,7426.931471144262,0.0,***,2020-08-23
1,ma1,0.4704037905852253,0.012050752836170998,39.035220204108946,0.0,***,2020-08-23
0,ar1,0.9909741028870265,0.003117030655537222,317.92247571470597,0.0,***,2020-08-23
6,pv_capacity,-10.964504428681721,0.026756643072875768,-409.7862500470718,0.0,***,2020-08-23
13,sin_336_1,22.170007123566354,0.09410233422311146,235.59465667453568,0.0,***,2020-08-24
12,solar_16,0.43560135816550716,0.11000256358820813,3.959920059646701,7.497485673502169e-05,***,2020-08-24
11,solar_4,-1.7279440536385144,0.11908988023044624,-14.509579237923797,0.0,***,2020-08-24
10,temp_9,-4.707221148839139,0.09639056676031303,-48.83487365049135,0.0,***,2020-08-24
9,temp_1,-19.98500534806486,0.2316757927100115,-86.26281198519554,0.0,***,2020-08-24
8,solar_power,-0.9435602728308723,0.11608029403060759,-8.12851380771036,4.440892098500626e-16,***,2020-08-24
7,temperature,-21.01622256655901,0.29682576519755566,-70.80322879845498,0.0,***,2020-08-24
14,cos_336_1,-11.629630072614338,0.06620742611259156,-175.65446590292044,0.0,***,2020-08-24
5,rainfall,0.12530127430591165,0.42830535485538623,0.29255126718697827,0.7698651678294082,,2020-08-24
4,intercept,34919.05078459676,0.019278173568005715,1811325.6767512888,0.0,***,2020-08-24
3,sma1,-0.9128508273561575,0.005645985399752748,-161.68140062780424,0.0,***,2020-08-24
2,sar1,0.9992666824312443,4.199685727732495e-06,237938.4428298093,0.0,***,2020-08-24
1,ma1,0.4645806774489431,0.01454287564082785,31.945585517122456,0.0,***,2020-08-24
0,ar1,0.998216841912474,1.3368513847998776e-05,74669.24545707104,0.0,***,2020-08-24
6,pv_capacity,-20.58046497671512,0.4539194773961821,-45.33946217679581,0.0,***,2020-08-24
14,cos_336_1,-14.806337854533357,0.01930301176122458,-767.0480667828203,0.0,***,2020-08-25
13,sin_336_1,16.125885365342768,0.01939051654522356,831.6377404249725,0.0,***,2020-08-25
12,solar_16,0.38669611378924984,0.019759498724426144,19.57013784520894,0.0,***,2020-08-25
11,solar_4,-1.6958012240940878,0.019346744383542197,-87.65305368569734,0.0,***,2020-08-25
10,temp_9,-4.600817322636416,0.019291813295336954,-238.4854783841644,0.0,***,2020-08-25
9,temp_1,-31.03112031649455,0.0208599472468536,-1487.5934224222506,0.0,***,2020-08-25
8,solar_power,-0.8902653048615008,0.02350324055091993,-37.87840672152144,0.0,***,2020-08-25
7,temperature,-30.88745269312335,0.019688109863560406,-1568.8378878000456,0.0,***,2020-08-25
5,rainfall,0.19024543244267988,0.01929165979647698,9.861537806996902,0.0,***,2020-08-25
4,intercept,35221.35571042291,0.019287891167389812,1826086.3981839514,0.0,***,2020-08-25
3,sma1,-0.9103649584611555,0.006619389285770913,-137.53005287331908,0.0,***,2020-08-25
2,sar1,0.9991549861635384,6.24348674569221e-05,16003.156999619177,0.0,***,2020-08-25
1,ma1,0.47118282139077317,0.013300118334781747,35.42696459764282,0.0,***,2020-08-25
0,ar1,0.9953652671005873,0.0004362275338348215,2281.757087523697,0.0,***,2020-08-25
6,pv_capacity,-14.39420005206739,0.01940234581072137,-741.8793682212089,0.0,***,2020-08-25
8,solar_power,-0.8561446664563093,0.11295731933776476,-7.579364236648243,3.4638958368304884e-14,***,2020-08-26
13,sin_336_1,22.17710532344388,2.5313302102886595,8.761047939658145,0.0,***,2020-08-26
12,solar_16,0.39786081148421226,0.14298620727076133,2.782511817596614,0.005393990084731293,**,2020-08-26
11,solar_4,-1.8428786244087645,0.11071295248927011,-16.645555763562257,0.0,***,2020-08-26
10,temp_9,-4.656235638327686,0.6618810405362796,-7.034852719991856,1.9946266860415562e-12,***,2020-08-26
9,temp_1,-17.32212364564228,0.332963012388429,-52.02416785391941,0.0,***,2020-08-26
7,temperature,-22.24395017220081,2.4062470269370784,-9.244250454416239,0.0,***,2020-08-26
14,cos_336_1,-11.507099917374033,0.9293445721518737,-12.38195203607811,0.0,***,2020-08-26
5,rainfall,0.2820823157894665,0.17325510647581693,1.628132766342675,0.10349673712200258,,2020-08-26
4,intercept,36807.428051434326,0.3552820884133584,103600.57332417546,0.0,***,2020-08-26
3,sma1,-0.9114840217833651,0.006177667366627882,-147.54501459681282,0.0,***,2020-08-26
2,sar1,0.9993496362942617,7.537772795148823e-05,13257.89014146759,0.0,***,2020-08-26
1,ma1,0.4674965070648406,0.015417124484423643,30.323197269190214,0.0,***,2020-08-26
0,ar1,0.9863054872418581,0.0016948821580135115,581.9316007183995,0.0,***,2020-08-26
6,pv_capacity,-29.366082516421557,0.028715284623048506,-1022.6638148260138,0.0,***,2020-08-26
14,cos_336_1,-11.692349688270737,0.06541203415876251,-178.74921394268313,0.0,***,2020-08-27
13,sin_336_1,22.22606857800546,0.37035963809728745,60.01212414017705,0.0,***,2020-08-27
12,solar_16,0.3696545796360713,0.10985144480003305,3.365040672054594,0.0007653237670008917,***,2020-08-27
11,solar_4,-1.8800824381041186,0.11387274877207211,-16.510380739708804,0.0,***,2020-08-27
10,temp_9,-5.50354032540271,0.24079661790204096,-22.855554921629416,0.0,***,2020-08-27
9,temp_1,-17.38497282710594,0.30213478128635024,-57.540455134257506,0.0,***,2020-08-27
8,solar_power,-0.82904859410759,0.10751711641889461,-7.710852204011458,1.2434497875801753e-14,***,2020-08-27
1,ma1,0.46656733364489256,0.012459714285854484,37.44607002542478,0.0,***,2020-08-27
6,pv_capacity,-31.116117113523615,0.05836626944461712,-533.118141858445,0.0,***,2020-08-27
5,rainfall,0.31555902800664626,0.3395051601074272,0.9294675459624713,0.35264683673035035,,2020-08-27
4,intercept,36938.04913831274,0.024420641847425675,1512574.868797177,0.0,***,2020-08-27
3,sma1,-0.9076436747472639,0.0066031173546975235,-137.45684439510336,0.0,***,2020-08-27
2,sar1,0.9993145058453423,6.0754653445628094e-05,16448.361552085407,0.0,***,2020-08-27
7,temperature,-23.303657690327327,0.7132596519078435,-32.672053757694215,0.0,***,2020-08-27
0,ar1,0.9837386389318398,0.0015745131899547761,624.7890746219123,0.0,***,2020-08-27
14,cos_336_1,-11.516753155615666,0.3683685070340777,-31.264217585653306,0.0,***,2020-08-28
13,sin_336_1,23.80120777373501,0.6575570928166016,36.19641249976353,0.0,***,2020-08-28
12,solar_16,0.3971995051848596,0.06554495345997215,6.0599555605364275,1.3615915062104023e-09,***,2020-08-28
11,solar_4,-1.8998483054028128,0.09931755164473664,-19.1290287964272,0.0,***,2020-08-28
10,temp_9,-5.946868029325472,0.6836226119858236,-8.69905109202092,0.0,***,2020-08-28
9,temp_1,-17.542016999397234,0.5958753553209339,-29.43907117949061,0.0,***,2020-08-28
8,solar_power,-0.828860640367381,0.08740917709656892,-9.482535677594388,0.0,***,2020-08-28
7,temperature,-21.68874733286384,0.4202627913942156,-51.607584056898645,0.0,***,2020-08-28
6,pv_capacity,-36.86828676310506,0.039681670422097706,-929.1011787289593,0.0,***,2020-08-28
5,rainfall,0.20936048532757923,0.07412228139869656,2.824528352027503,0.004735025890686861,**,2020-08-28
4,intercept,38360.111787646965,0.13650552418555872,281015.0872392693,0.0,***,2020-08-28
3,sma1,-0.9020749455074577,0.007267958997887587,-124.11668059349859,0.0,***,2020-08-28
2,sar1,0.9992171935068211,8.202998527600169e-05,12181.121210064966,0.0,***,2020-08-28
1,ma1,0.4657471489244734,0.012576955742044517,37.03178722077313,0.0,***,2020-08-28
0,ar1,0.9808451114186189,0.001440618896333534,680.8498166412586,0.0,***,2020-08-28
13,sin_336_1,23.92496919151437,0.1070252859230262,223.54501541552978,0.0,***,2020-08-29
12,solar_16,0.3920693837275178,0.10885897442026897,3.601626653342019,0.0003162322939243012,***,2020-08-29
11,solar_4,-1.9182732825233368,0.1356307346306258,-14.143352446976905,0.0,***,2020-08-29
10,temp_9,-4.369131513558891,0.19344866549435594,-22.58548283284159,0.0,***,2020-08-29
9,temp_1,-17.222428055149535,0.17337913569810345,-99.33391342507383,0.0,***,2020-08-29
8,solar_power,-0.8193608497560589,0.12245090108126026,-6.691341938041916,2.2113422204483868e-11,***,2020-08-29
7,temperature,-19.494275752393833,0.17047799044300987,-114.35068950387875,0.0,***,2020-08-29
14,cos_336_1,-10.284401818502456,0.07266676733028951,-141.52826933606602,0.0,***,2020-08-29
5,rainfall,0.16445718599834436,0.10353502909972485,1.588420725124241,0.11219123405227194,,2020-08-29
4,intercept,39928.285261334764,0.021666571382343344,1842852.0395189694,0.0,***,2020-08-29
3,sma1,-0.8950706876186255,0.007006865103670616,-127.74196083063364,0.0,***,2020-08-29
2,sar1,0.9990900847278527,0.0001099628575768089,9085.7049984354,0.0,***,2020-08-29
1,ma1,0.4664074414970569,0.013036572011922558,35.776846940323374,0.0,***,2020-08-29
0,ar1,0.9908289700515139,3.306525752610885e-05,29965.86278722129,0.0,***,2020-08-29
6,pv_capacity,-27.09593820466489,0.17528601501419805,-154.58128934284994,0.0,***,2020-08-29
13,sin_336_1,23.00305408650504,0.20226040956650218,113.72988977826505,0.0,***,2020-08-30
12,solar_16,0.3532390634310804,0.1502796032678348,2.350545621294478,0.018745909510608394,*,2020-08-30
11,solar_4,-1.9523471745234138,0.19983977134457392,-9.76956269208834,0.0,***,2020-08-30
10,temp_9,-6.122239307437525,0.5961583876221114,-10.269484476863967,0.0,***,2020-08-30
9,temp_1,-16.179926436757256,0.6343118097175856,-25.507843601337076,0.0,***,2020-08-30
8,solar_power,-0.8000071496559897,0.10224184524342836,-7.824654844122256,5.10702591327572e-15,***,2020-08-30
7,temperature,-20.943632819865115,0.39187944216566817,-53.444071227934266,0.0,***,2020-08-30
14,cos_336_1,-15.043965286442072,0.23256474008472072,-64.68721475560622,0.0,***,2020-08-30
5,rainfall,0.19699998012947617,0.613083527104307,0.32132649373232886,0.7479629810030946,,2020-08-30
4,intercept,42702.43135616659,0.019380585208572255,2203361.2967104223,0.0,***,2020-08-30
3,sma1,-0.8999073562933225,0.007217012993996626,-124.69249494796506,0.0,***,2020-08-30
2,sar1,0.9991622493421903,0.0001412003416475659,7076.202774608615,0.0,***,2020-08-30
1,ma1,0.4662825542632928,0.012495854832636794,37.31497848754225,0.0,***,2020-08-30
0,ar1,0.9859525928715139,0.0025077660170277683,393.15972310689324,0.0,***,2020-08-30
6,pv_capacity,-39.15579528204853,0.15552364632412233,-251.7674720694567,0.0,***,2020-08-30
14,cos_336_1,-12.241529920344302,0.32524869740182516,-37.63744487874345,0.0,***,2020-08-31
13,sin_336_1,24.192822638264765,0.42034836452432817,57.554220927305586,0.0,***,2020-08-31
12,solar_16,0.35943234817571834,0.09363647672276144,3.838593257197453,0.0001237412165779883,***,2020-08-31
11,solar_4,-1.9396194729362952,0.13192734405042225,-14.702179346496798,0.0,***,2020-08-31
10,temp_9,-5.816995375408808,0.8430263459215419,-6.900134739027693,5.1953996660358825e-12,***,2020-08-31
9,temp_1,-16.813338799062734,0.10975587295383737,-153.1885114351404,0.0,***,2020-08-31
8,solar_power,-0.8574285210048203,0.10359200366687119,-8.276975931097148,2.220446049250313e-16,***,2020-08-31
6,pv_capacity,-47.393454728578945,1.5614452273401824,-30.35230048338649,0.0,***,2020-08-31
5,rainfall,-0.42276501456308324,0.45809395327169233,-0.9228783998210608,0.3560705782803384,,2020-08-31
4,intercept,47354.7902180541,0.0879614613946359,538358.3840836677,0.0,***,2020-08-31
3,sma1,-0.9029069363825453,0.008743493745558153,-103.26614996908275,0.0,***,2020-08-31
2,sar1,0.9992211046621621,0.00017946313756501755,5567.8348112026915,0.0,***,2020-08-31
1,ma1,0.4653369253250535,0.013479144215156735,34.522735115616726,0.0,***,2020-08-31
0,ar1,0.9873600539922535,0.0024387279847691945,404.86682408152996,0.0,***,2020-08-31
7,temperature,-20.49819905537197,0.5931725190731197,-34.55689263454428,0.0,***,2020-08-31
9,temp_1,-16.771816738627805,0.8916312134685166,-18.810262006625024,0.0,***,2020-09-01
13,sin_336_1,23.359896229171696,0.034855600922312754,670.190603835434,0.0,***,2020-09-01
12,solar_16,0.3587783519735901,0.11055156001328427,3.2453486131763136,0.0011730691850022623,**,2020-09-01
11,solar_4,-1.8662633539059863,0.140878671915532,-13.247309394178277,0.0,***,2020-09-01
10,temp_9,-6.8177126621966835,0.6034764813610725,-11.297395793818028,0.0,***,2020-09-01
8,solar_power,-0.8456433393432121,0.10530904451519377,-8.030111214438039,8.881784197001252e-16,***,2020-09-01
14,cos_336_1,-11.825274664439128,0.05471003107707177,-216.14454299578966,0.0,***,2020-09-01
7,temperature,-22.202408161603216,0.26436775721399797,-83.98304088055268,0.0,***,2020-09-01
0,ar1,0.9864905205372182,0.0023043469105714764,428.0998299394813,0.0,***,2020-09-01
1,ma1,0.47074218340932117,0.013689638710425136,34.38674996227874,0.0,***,2020-09-01
2,sar1,0.9990447992143245,0.0001484290623705442,6730.789666516046,0.0,***,2020-09-01
6,pv_capacity,-49.277306955282256,0.22263290793315868,-221.33882817573777,0.0,***,2020-09-01
4,intercept,48768.414807927904,0.029318344666142016,1663409.5602350838,0.0,***,2020-09-01
5,rainfall,0.07147776814599638,0.15796460398485793,0.45249230740861446,0.6509143617705657,,2020-09-01
3,sma1,-0.8963420556139459,0.008150129207559708,-109.97887674989713,0.0,***,2020-09-01
13,sin_336_1,25.114235236043605,0.14884344480705497,168.72919911655544,0.0,***,2020-09-02
12,solar_16,0.5945979418232376,0.15685037052339074,3.7908609322320124,0.00015012599889430156,***,2020-09-02
11,solar_4,-1.4699727527869297,0.11881668299888958,-12.371770661201404,0.0,***,2020-09-02
10,temp_9,-6.109965349555708,0.7013418398645037,-8.71182211335934,0.0,***,2020-09-02
9,temp_1,-17.99293724918816,0.767094223518098,-23.455967595046886,0.0,***,2020-09-02
8,solar_power,-0.9614866849147674,0.17742232080645803,-5.4191979934904,5.98669880336189e-08,***,2020-09-02
7,temperature,-21.625983076818557,0.8101640312178622,-26.69333893324016,0.0,***,2020-09-02
14,cos_336_1,-9.73118684536828,0.10910233109027005,-89.19320740559434,0.0,***,2020-09-02
5,rainfall,-0.8814511630171182,0.1610262900625677,-5.473958088922159,4.4009319077886744e-08,***,2020-09-02
4,intercept,46232.62739217955,0.0193934598296599,2383928.7985876794,0.0,***,2020-09-02
3,sma1,-0.8821639730403578,0.010101014567347988,-87.33419471465717,0.0,***,2020-09-02
2,sar1,0.998374961192261,0.00037269230701283235,2678.8182702088493,0.0,***,2020-09-02
1,ma1,0.473727176977845,0.014222460077654616,33.30838507482497,0.0,***,2020-09-02
0,ar1,0.995712694338442,0.002976542093350841,334.51994398557923,0.0,***,2020-09-02
6,pv_capacity,-30.346235151968358,1.2362492438176402,-24.547020193320133,0.0,***,2020-09-02
14,cos_336_1,-8.164716543758068,0.019292663512119623,-423.20317972834624,0.0,***,2020-09-03
13,sin_336_1,26.482049919425897,0.01928773291963121,1372.999617413421,0.0,***,2020-09-03
12,solar_16,0.2942566823254464,0.019432658009202373,15.142379502901793,0.0,***,2020-09-03
11,solar_4,-1.938732052965856,0.019764996820688534,-98.08916594089887,0.0,***,2020-09-03
10,temp_9,-9.786249894122967,0.019879256354055273,-492.28450601104197,0.0,***,2020-09-03
9,temp_1,-8.362784439644344,0.021015684661709902,-397.93062059411017,0.0,***,2020-09-03
8,solar_power,-0.9544025158887735,0.037320796454331395,-25.57294073444156,0.0,***,2020-09-03
7,temperature,-18.589048353731414,0.019428807977603445,-956.7776044294604,0.0,***,2020-09-03
5,rainfall,0.2480755742153633,0.01928424547163715,12.86415766591581,0.0,***,2020-09-03
4,intercept,44671.75887682372,0.019286166099721797,2316259.1593291373,0.0,***,2020-09-03
3,sma1,-0.9045124249878578,0.006108434434022575,-148.07598162140067,0.0,***,2020-09-03
2,sar1,0.9994775277991282,0.00014306174250251354,6986.336880256913,0.0,***,2020-09-03
0,ar1,0.99365166290808,0.000722581473203336,1375.1413505013354,0.0,***,2020-09-03
6,pv_capacity,-17.76565997709804,0.01985838249447237,-894.6176750318489,0.0,***,2020-09-03
1,ma1,0.47875575164400014,0.0136761414437102,35.00663938103572,0.0,***,2020-09-03
14,cos_336_1,-11.423946181736069,0.11579877512353824,-98.65342849739643,0.0,***,2020-09-04
8,solar_power,-0.8823570426328473,0.11976960200131874,-7.367120103005202,1.7430501486614958e-13,***,2020-09-04
13,sin_336_1,25.042312713125163,0.0746915191194265,335.2765214626879,0.0,***,2020-09-04
12,solar_16,0.3765503480820863,0.11652512652723736,3.2314948655650584,0.001231445362962047,**,2020-09-04
11,solar_4,-1.8768841817854882,0.12867739743764384,-14.585966293692046,0.0,***,2020-09-04
10,temp_9,-9.256679782934455,1.4547708014620606,-6.362981559453482,1.9787438354512688e-10,***,2020-09-04
9,temp_1,-13.153571281869986,0.24298894856854092,-54.13238486506601,0.0,***,2020-09-04
6,pv_capacity,-23.638199400103986,1.0643547410599652,-22.208948284068594,0.0,***,2020-09-04
5,rainfall,2.1569194391022393,0.47629977244872845,4.5284914330594646,5.940628933887027e-06,***,2020-09-04
4,intercept,45355.88595861874,0.057242481517295093,792346.6061637287,0.0,***,2020-09-04
3,sma1,-0.8832533369374151,0.006849747676463055,-128.94684281180605,0.0,***,2020-09-04
2,sar1,0.9985071693753187,4.856350637562147e-05,20560.85410415427,0.0,***,2020-09-04
1,ma1,0.4835306634581786,0.011980014025231286,40.361443854723994,0.0,***,2020-09-04
0,ar1,0.9973599575573282,0.00038377787033120285,2598.79486197732,0.0,***,2020-09-04
7,temperature,-16.544198526680702,0.49968491688847033,-33.10926139156081,0.0,***,2020-09-04
13,sin_336_1,26.721386618863754,0.019291266435045973,1385.154609150992,0.0,***,2020-09-05
12,solar_16,0.40657625286265847,0.021851391817400038,18.606423620984454,0.0,***,2020-09-05
11,solar_4,-1.7628856828916875,0.020591440961533185,-85.61254582352588,0.0,***,2020-09-05
10,temp_9,-10.364411628311892,0.02222100341154343,-466.42410499463574,0.0,***,2020-09-05
9,temp_1,-11.814618014736624,0.01960560466603045,-602.6143144264844,0.0,***,2020-09-05
8,solar_power,-0.8397966585356684,0.0473453872792906,-17.73766583810383,0.0,***,2020-09-05
7,temperature,-17.09308429024395,0.01932436789785277,-884.5352345078906,0.0,***,2020-09-05
14,cos_336_1,-10.346714922407621,0.019367399146405794,-534.2335769605785,0.0,***,2020-09-05
5,rainfall,0.3018493054578357,0.019495237013569092,15.483233430183091,0.0,***,2020-09-05
4,intercept,42745.321468562826,0.01929229844229131,2215667.645637253,0.0,***,2020-09-05
3,sma1,-0.8857878831934695,0.009551734520683575,-92.73581476488498,0.0,***,2020-09-05
2,sar1,0.9987090755401542,0.0003457153026902954,2888.819406512748,0.0,***,2020-09-05
1,ma1,0.4895976767250936,0.014417991025287003,33.957413058893735,0.0,***,2020-09-05
0,ar1,0.9952422888146878,0.0008310877632408111,1197.5176784383868,0.0,***,2020-09-05
6,pv_capacity,-22.32890309008053,0.021398229330376647,-1043.493026704911,0.0,***,2020-09-05
14,cos_336_1,-13.582727189434982,0.019402911105705623,-700.0355315466472,0.0,***,2020-09-06
13,sin_336_1,25.4857826690213,0.019298157020034512,1320.6329828575374,0.0,***,2020-09-06
12,solar_16,0.3978388467259238,0.038274451929159715,10.394370831547477,0.0,***,2020-09-06
11,solar_4,-1.6606233372626302,0.07286065488907274,-22.791770672262814,0.0,***,2020-09-06
10,temp_9,-7.821640921412808,0.02129356735517102,-367.3241214564908,0.0,***,2020-09-06
9,temp_1,-12.054063235281987,0.019398753996083956,-621.3833753299491,0.0,***,2020-09-06
8,solar_power,-0.8475891982830177,0.04687971601241895,-18.080083890834196,0.0,***,2020-09-06
7,temperature,-17.17457052615555,0.019312067826745393,-889.318051294869,0.0,***,2020-09-06
5,rainfall,-0.24376229023073392,0.022834502158330022,-10.675174284095766,0.0,***,2020-09-06
4,intercept,46688.645577159565,0.019288560942266737,2420535.4519139593,0.0,***,2020-09-06
3,sma1,-0.8752418006126889,0.009697841270819197,-90.25119881537877,0.0,***,2020-09-06
2,sar1,0.9985212855996036,0.00032234849117083607,3097.64529057595,0.0,***,2020-09-06
1,ma1,0.48681353925730686,0.01354501204903871,35.940428660737595,0.0,***,2020-09-06
0,ar1,0.9950317836303413,0.0017882198928508627,556.4370397669694,0.0,***,2020-09-06
6,pv_capacity,-29.358854147785678,0.023072982419431218,-1272.4342962728879,0.0,***,2020-09-06
14,cos_336_1,-8.600053192584472,0.01944968254148666,-442.1693348588257,0.0,***,2020-09-07
13,sin_336_1,22.76433685371722,0.01943589587762211,1171.2522539250365,0.0,***,2020-09-07
12,solar_16,0.45536877221448957,0.0267665339041811,17.012616345643398,0.0,***,2020-09-07
11,solar_4,-1.707765823660882,0.13209935429531625,-12.92788926010241,0.0,***,2020-09-07
10,temp_9,-9.458809895720961,0.029363921528072812,-322.12352449852614,0.0,***,2020-09-07
9,temp_1,-9.547521302450178,0.020079622375962263,-475.4831103736152,0.0,***,2020-09-07
8,solar_power,-0.8186909479700546,0.038103443059108226,-21.486009720960247,0.0,***,2020-09-07
7,temperature,-11.49721888346221,0.02460006232181066,-467.3654372521106,0.0,***,2020-09-07
5,rainfall,0.1976913260141373,0.01929401501881153,10.246251276439333,0.0,***,2020-09-07
4,intercept,50328.13177623625,0.019283946135351972,2609846.1084151776,0.0,***,2020-09-07
3,sma1,-0.8548365030627982,0.007776037033961221,-109.93215430036766,0.0,***,2020-09-07
2,sar1,0.9974589533698864,0.00026226384550437376,3803.2651868259586,0.0,***,2020-09-07
1,ma1,0.47958253386608235,0.013040815855772443,36.77550079459161,0.0,***,2020-09-07
0,ar1,0.9957243972290636,0.0012701425484436895,783.9469659914381,0.0,***,2020-09-07
6,pv_capacity,-35.51498126014667,0.038444653263225,-923.7950728019501,0.0,***,2020-09-07
14,cos_336_1,-9.10901064702184,0.01936268673256977,-470.4414616025198,0.0,***,2020-09-08
13,sin_336_1,24.602131934498594,0.019497084803593055,1261.8364325914379,0.0,***,2020-09-08
12,solar_16,0.3908135663008838,0.021962030740640924,17.794964906304408,0.0,***,2020-09-08
11,solar_4,-1.6716366811993568,0.024484590924240417,-68.27300837378462,0.0,***,2020-09-08
10,temp_9,-7.27458568065984,0.023819530330408116,-305.404245161504,0.0,***,2020-09-08
9,temp_1,-11.221570886420494,0.02056024983509169,-545.7896171703038,0.0,***,2020-09-08
8,solar_power,-0.7902199532763632,0.02065090125834261,-38.26564000237655,0.0,***,2020-09-08
7,temperature,-20.33773595215189,0.02436424577257942,-834.7369396117675,0.0,***,2020-09-08
6,pv_capacity,-35.59045794531448,0.03652180914305808,-974.4987660908188,0.0,***,2020-09-08
5,rainfall,0.3520208028185152,0.020377015101956688,17.27538606892001,0.0,***,2020-09-08
4,intercept,51583.06881289457,0.01929864529364825,2672885.481234896,0.0,***,2020-09-08
3,sma1,-0.8560685596956588,0.00820820778129888,-104.29421166044034,0.0,***,2020-09-08
2,sar1,0.9978259923999009,0.0003170188479760975,3147.5289206625803,0.0,***,2020-09-08
1,ma1,0.48344681564738234,0.01056292672809492,45.76826367274958,0.0,***,2020-09-08
0,ar1,0.9953061828315358,0.001148018187051746,866.9777134695107,0.0,***,2020-09-08
13,sin_336_1,25.358540399899628,0.019297019882163844,1314.1169234809372,0.0,***,2020-09-09
12,solar_16,0.3415214432483089,0.021359084487695263,15.989516940440762,0.0,***,2020-09-09
11,solar_4,-1.6516656650437431,0.019522140536045764,-84.6047420872778,0.0,***,2020-09-09
10,temp_9,-1.125569426669074,0.0193632586173946,-58.129132544763976,0.0,***,2020-09-09
9,temp_1,-8.078610954230754,0.01981880318708595,-407.6235521373372,0.0,***,2020-09-09
8,solar_power,-0.7315370855889043,0.019311292979795495,-37.88131050335559,0.0,***,2020-09-09
7,temperature,-23.596909913746458,0.020618598906792435,-1144.4477881556186,0.0,***,2020-09-09
14,cos_336_1,-10.744944412622376,0.019290231259649883,-557.0148054729643,0.0,***,2020-09-09
5,rainfall,1.0374777469060064,0.021496972885088846,48.26157396447395,0.0,***,2020-09-09
4,intercept,50903.82965127286,0.019285287409694738,2639516.257646409,0.0,***,2020-09-09
3,sma1,-0.8586017696023504,0.01014305736139357,-84.64920773004341,0.0,***,2020-09-09
2,sar1,0.9975017022008816,0.00021113055497207922,4724.57291808282,0.0,***,2020-09-09
1,ma1,0.4921215650776854,0.013664990671682354,36.01331145417447,0.0,***,2020-09-09
0,ar1,0.9956814437221096,0.0002943684215913076,3382.4329333276255,0.0,***,2020-09-09
6,pv_capacity,-38.58000735434871,0.020643234410264517,-1868.8935361391536,0.0,***,2020-09-09
13,sin_336_1,26.3844588106558,0.09105825044001606,289.7536322426529,0.0,***,2020-09-10
12,solar_16,0.4382333563796228,0.10716739841871101,4.08924134434441,4.3278637038346446e-05,***,2020-09-10
11,solar_4,-1.3711983270561015,0.10261459300812796,-13.362605520907643,0.0,***,2020-09-10
10,temp_9,-1.3891457843234463,0.3514308709284968,-3.9528279933212986,7.723295651906881e-05,***,2020-09-10
9,temp_1,-12.141132356683357,0.41533504525937665,-29.23214040149495,0.0,***,2020-09-10
8,solar_power,-0.8934188820999296,0.1092571053432429,-8.177215379202648,2.220446049250313e-16,***,2020-09-10
7,temperature,-18.14199545259089,0.8371638860259363,-21.67078125970287,0.0,***,2020-09-10
14,cos_336_1,-12.471912272896873,0.10722720158805148,-116.31295126783054,0.0,***,2020-09-10
5,rainfall,0.8439873806428295,0.4786369177211458,1.7633144235115963,0.07784747397900027,.,2020-09-10
4,intercept,46607.26885512167,0.022927451987551112,2032815.023685491,0.0,***,2020-09-10
3,sma1,-0.862041676393153,0.010261692401839868,-84.00579969037013,0.0,***,2020-09-10
2,sar1,0.9978292715857406,0.0005267523480792553,1894.304363756926,0.0,***,2020-09-10
1,ma1,0.4974518053060585,0.013854974191854486,35.90420295394824,0.0,***,2020-09-10
0,ar1,0.9954611898165396,0.0008209388523138942,1212.5887171873248,0.0,***,2020-09-10
6,pv_capacity,-31.8036229685531,0.9868687550009853,-32.22680098785917,0.0,***,2020-09-10
14,cos_336_1,-10.755447636469851,0.03730175473859659,-288.33623811646197,0.0,***,2020-09-11
13,sin_336_1,26.235710282997843,0.05471919752575331,479.46080113200014,0.0,***,2020-09-11
12,solar_16,0.28643906995519286,0.11024814916646677,2.598130418703814,0.009373288588692796,**,2020-09-11
11,solar_4,-1.6501870379800394,0.1095294220660549,-15.066153065108352,0.0,***,2020-09-11
10,temp_9,-0.4208158262189059,0.23126379151463083,-1.8196355921643839,0.06881451770831326,.,2020-09-11
9,temp_1,-12.01158733895663,0.1923364569033074,-62.450913011229964,0.0,***,2020-09-11
8,solar_power,-0.7389425609997744,0.1200438978609366,-6.155602860012039,7.479243890884391e-10,***,2020-09-11
7,temperature,-19.15757032030251,0.4213093547492554,-45.4715047371883,0.0,***,2020-09-11
5,rainfall,1.142161677867989,0.34749357477911474,3.2868569687770695,0.0010131227766516648,**,2020-09-11
4,intercept,44643.83659643689,0.02053031955946565,2174531.9875380867,0.0,***,2020-09-11
3,sma1,-0.8616265039542561,0.008703549271339215,-98.99714209599432,0.0,***,2020-09-11
2,sar1,0.9977466915044578,0.00028622449157779997,3485.888597458669,0.0,***,2020-09-11
1,ma1,0.4959584991767473,0.015104852011650564,32.834383203106405,0.0,***,2020-09-11
0,ar1,0.9955135289466889,0.0008515266487350969,1169.0926296029347,0.0,***,2020-09-11
6,pv_capacity,-31.419338622235955,0.4106093419282911,-76.5188109814682,0.0,***,2020-09-11
8,solar_power,-0.791817820219066,0.11438538025428369,-6.922369086493575,4.441558232315401e-12,***,2020-09-12
13,sin_336_1,28.94979401723384,0.04355787063378119,664.6283116232478,0.0,***,2020-09-12
12,solar_16,0.2925423612264519,0.08030246701364441,3.643005901384639,0.0002694726575831474,***,2020-09-12
11,solar_4,-1.471864915926659,0.06585072002536921,-22.351538682638825,0.0,***,2020-09-12
10,temp_9,-1.985704111801219,0.7758035216927172,-2.5595451119745283,0.010480925185434975,*,2020-09-12
9,temp_1,-12.120590800748019,0.5961053571984345,-20.332967409842045,0.0,***,2020-09-12
7,temperature,-14.750682194706314,0.34991258234511524,-42.155335186426264,0.0,***,2020-09-12
14,cos_336_1,-9.962938269386711,0.05683738357848415,-175.28847462919092,0.0,***,2020-09-12
5,rainfall,0.5847017580454121,0.5649711013198379,1.0349233025892495,0.30070473110369345,,2020-09-12
0,ar1,0.9955111752392763,0.0011063761868323318,899.794470531336,0.0,***,2020-09-12
1,ma1,0.4972387631444303,0.01363959166932918,36.45554611891731,0.0,***,2020-09-12
6,pv_capacity,-28.849528881228252,1.27759521679524,-22.581118418394926,0.0,***,2020-09-12
3,sma1,-0.8628945534709028,0.009292400860663269,-92.86023778028357,0.0,***,2020-09-12
4,intercept,42818.3938938253,0.01950183813833503,2195608.1057639685,0.0,***,2020-09-12
2,sar1,0.9978198551150077,0.0004442413292148982,2246.1211721980967,0.0,***,2020-09-12
13,sin_336_1,28.54241874451481,0.06654323533969013,428.93043295552695,0.0,***,2020-09-13
12,solar_16,0.24365849606206091,0.08478201654768319,2.87394079527493,0.0040538494740118836,**,2020-09-13
11,solar_4,-1.5703447110435973,0.0814639069535175,-19.276570075869554,0.0,***,2020-09-13
10,temp_9,-7.459983903370954,2.134034947152276,-3.4957177778769717,0.00047278846776932504,***,2020-09-13
9,temp_1,-12.426585688562113,0.1314968944890218,-94.50098222357308,0.0,***,2020-09-13
8,solar_power,-0.6377926752477663,0.11274767452309453,-5.656814457109932,1.542083127858973e-08,***,2020-09-13
7,temperature,-14.229508831000203,0.2408533681028108,-59.07955094456552,0.0,***,2020-09-13
14,cos_336_1,-11.98098816036834,0.31186463047654367,-38.41727143620241,0.0,***,2020-09-13
5,rainfall,-0.38646923638225417,0.08454715311508919,-4.571049670426818,4.8528722729201945e-06,***,2020-09-13
4,intercept,45862.39771998236,0.08767054526552788,523122.0768740386,0.0,***,2020-09-13
3,sma1,-0.8460652773242339,0.011495157929033639,-73.60188372769576,0.0,***,2020-09-13
2,sar1,0.9969649777689426,0.0006631206255504788,1503.4443800346705,0.0,***,2020-09-13
1,ma1,0.4963237173640567,0.014627361790000707,33.93118489099959,0.0,***,2020-09-13
0,ar1,0.9957241719935953,0.0011597453275396144,858.5714021422376,0.0,***,2020-09-13
6,pv_capacity,-27.339950909970867,2.3853319145774123,-11.4616966900451,0.0,***,2020-09-13
14,cos_336_1,-11.029918230395502,0.01930187905049814,-571.4427181694957,0.0,***,2020-09-14
13,sin_336_1,28.859852434341313,0.019299153342392517,1495.3947420557442,0.0,***,2020-09-14
12,solar_16,0.36438922388271244,0.022661535249574594,16.07963537640517,0.0,***,2020-09-14
11,solar_4,-1.6141178763997033,0.03147563041825931,-51.28151064651396,0.0,***,2020-09-14
10,temp_9,-8.359367456736194,0.030243283602242665,-276.4040957548774,0.0,***,2020-09-14
9,temp_1,-8.658255037518472,0.022141993408237068,-391.033222613891,0.0,***,2020-09-14
8,solar_power,-0.7568901748705201,0.028273127950866103,-26.77065573309988,0.0,***,2020-09-14
7,temperature,-14.83244082215515,0.019291644984689278,-768.8530881595035,0.0,***,2020-09-14
5,rainfall,0.03809912296401308,0.021473585150044598,1.7742320482490066,0.07602477515984019,.,2020-09-14
4,intercept,49645.56912373061,0.019289902347060305,2573655.803462187,0.0,***,2020-09-14
3,sma1,-0.8444476850394329,0.010741646090033093,-78.61436487122538,0.0,***,2020-09-14
2,sar1,0.9976228151312674,0.0005118073192388127,1949.2156083562572,0.0,***,2020-09-14
0,ar1,0.9956981803125631,0.0014420172963951472,690.4897623639307,0.0,***,2020-09-14
6,pv_capacity,-36.095515873990735,0.03803233773526874,-949.0743410315816,0.0,***,2020-09-14
1,ma1,0.48678439010443547,0.014734748472715947,33.036491325644604,0.0,***,2020-09-14
14,cos_336_1,-12.32503287574903,0.019896823298661114,-619.4472700864967,0.0,***,2020-09-15
8,solar_power,-0.7573386681974767,0.03080500419332367,-24.584923392466663,0.0,***,2020-09-15
13,sin_336_1,26.976376426069212,0.01948376423323538,1384.556705939448,0.0,***,2020-09-15
12,solar_16,0.3582361517591881,0.07887898241482066,4.54159195253359,5.5831024547980945e-06,***,2020-09-15
11,solar_4,-1.6274833137742886,0.129904444318981,-12.5283112699208,0.0,***,2020-09-15
10,temp_9,-12.025522101702947,0.05450155909650383,-220.64546961692992,0.0,***,2020-09-15
9,temp_1,-13.467146741512778,0.02388214072067664,-563.9003177739932,0.0,***,2020-09-15
7,temperature,-11.032621566575926,0.03537300953722912,-311.89377751317414,0.0,***,2020-09-15
5,rainfall,-0.19063077980626986,0.04109223659156171,-4.639094768704216,3.4993856974363524e-06,***,2020-09-15
4,intercept,52035.071655344895,0.019286722607345416,2697973.767483292,0.0,***,2020-09-15
3,sma1,-0.8467463394205089,0.009339810384455345,-90.65990684669423,0.0,***,2020-09-15
2,sar1,0.9977816167303221,0.0003844639427755517,2595.2540816365254,0.0,***,2020-09-15
1,ma1,0.4811943787096321,0.011592970542184423,41.50742701869769,0.0,***,2020-09-15
0,ar1,0.9950949263578226,0.0019876039739731882,500.6505015023913,0.0,***,2020-09-15
6,pv_capacity,-31.134621694191082,0.045766392893950555,-680.2944196702573,0.0,***,2020-09-15
13,sin_336_1,26.1793351786525,0.025677114290850168,1019.5590860450116,0.0,***,2020-09-16
12,solar_16,0.3016625506264329,0.16177959818566678,1.8646513776120834,0.06223028627506877,.,2020-09-16
11,solar_4,-1.5671297643592097,0.10822676772551032,-14.480056988617049,0.0,***,2020-09-16
10,temp_9,-9.597428928811247,0.1368308892028483,-70.14080654393251,0.0,***,2020-09-16
9,temp_1,-9.845399365836897,0.05628556082467486,-174.91873975466905,0.0,***,2020-09-16
8,solar_power,-0.7659915556951802,0.1259491617226188,-6.081751916556172,1.1887639761454238e-09,***,2020-09-16
7,temperature,-16.63398078301998,0.027745587388776825,-599.5180620954694,0.0,***,2020-09-16
14,cos_336_1,-8.406982694902897,0.022260411847373148,-377.66519112695426,0.0,***,2020-09-16
5,rainfall,0.1679718977839002,0.03645945484582698,4.607087475503646,4.083482472161393e-06,***,2020-09-16
4,intercept,51608.75965699504,0.01935661654582966,2666207.6781241004,0.0,***,2020-09-16
3,sma1,-0.8558705832205074,0.020329753490320287,-42.09940782744943,0.0,***,2020-09-16
2,sar1,0.9976678478219929,0.000860194338844212,1159.8168027500567,0.0,***,2020-09-16
1,ma1,0.49551351081480216,0.02416720486446852,20.503550724780908,0.0,***,2020-09-16
0,ar1,0.9954103119715578,0.006394027530067012,155.6781398407782,0.0,***,2020-09-16
6,pv_capacity,-31.945249722823064,0.15477063045876016,-206.4038224056671,0.0,***,2020-09-16
14,cos_336_1,-9.36711793864484,0.03414972529542159,-274.29555750776944,0.0,***,2020-09-17
13,sin_336_1,29.079541612251933,0.06762155929911556,430.0335856442203,0.0,***,2020-09-17
12,solar_16,0.4807023756693001,0.1283859511899633,3.744197641672179,0.00018097116081339237,***,2020-09-17
11,solar_4,-1.4680836440626273,0.11849593555245014,-12.389316453920108,0.0,***,2020-09-17
10,temp_9,-5.59349110009903,0.5390804327558909,-10.375986142743011,0.0,***,2020-09-17
9,temp_1,-8.144966386388063,0.6115962823187676,-13.317553788109619,0.0,***,2020-09-17
8,solar_power,-0.8042666036616879,0.11716259506206074,-6.8645338833240235,6.6708860657627156e-12,***,2020-09-17
7,temperature,-17.048662786410205,0.03960000068330287,-430.521780106905,0.0,***,2020-09-17
5,rainfall,-0.8423737520179202,0.4589728398317044,-1.835345534447748,0.06645450829874111,.,2020-09-17
4,intercept,51214.22834875771,0.019376531072451724,2643106.1451226803,0.0,***,2020-09-17
3,sma1,-0.858704807249613,0.009693953864696193,-88.58148277111948,0.0,***,2020-09-17
2,sar1,0.9982905969511267,0.0003374088913575758,2958.6967697693785,0.0,***,2020-09-17
1,ma1,0.4828298742751615,0.014101631513311513,34.239291660641165,0.0,***,2020-09-17
0,ar1,0.9949399987480553,0.0011974878756150725,830.8560103266336,0.0,***,2020-09-17
6,pv_capacity,-30.34732620980685,1.4105990328056257,-21.513786344690185,0.0,***,2020-09-17
8,solar_power,-0.7924509218599809,0.03706322961850791,-21.38105421509901,0.0,***,2020-09-18
13,sin_336_1,28.724392216697986,0.01934795083239541,1484.621935704067,0.0,***,2020-09-18
12,solar_16,0.22007579618587858,0.01993941671362373,11.037223372512718,0.0,***,2020-09-18
11,solar_4,-1.452723201964851,0.06571707540163967,-22.105718994436643,0.0,***,2020-09-18
10,temp_9,-4.196351661674008,0.019601728926387584,-214.08069040404573,0.0,***,2020-09-18
9,temp_1,-2.122627294782859,0.035726125823179286,-59.413867187515976,0.0,***,2020-09-18
7,temperature,-20.744905266296882,0.03395923798927716,-610.8766419566662,0.0,***,2020-09-18
14,cos_336_1,-12.154701620924412,0.019429986225348018,-625.5640884123532,0.0,***,2020-09-18
5,rainfall,-0.9219518223753767,0.05268794061050584,-17.498346143207232,0.0,***,2020-09-18
0,ar1,0.9952562636712657,0.0005130106679380663,1940.0303460968553,0.0,***,2020-09-18
1,ma1,0.4762518841599535,0.012993028860678124,36.654415938478664,0.0,***,2020-09-18
6,pv_capacity,-36.35441837824146,0.03221087176792759,-1128.6381393265985,0.0,***,2020-09-18
3,sma1,-0.8364855712280851,0.01149960774400136,-72.74035687560111,0.0,***,2020-09-18
4,intercept,51344.4980051361,0.01927278052318442,2664093.9507078715,0.0,***,2020-09-18
2,sar1,0.997271768650599,0.0004990011495459973,1998.53601451207,0.0,***,2020-09-18
14,cos_336_1,-6.355221694376936,0.01928786088518325,-329.49333947441295,0.0,***,2020-09-19
13,sin_336_1,28.492657078995485,0.019287907982806787,1477.2290029791618,0.0,***,2020-09-19
12,solar_16,0.2015318034832147,0.01976161725562474,10.198143242848852,0.0,***,2020-09-19
11,solar_4,-1.3943408613112176,0.02128185334206352,-65.51783056202662,0.0,***,2020-09-19
10,temp_9,-2.985339732818204,0.019288802599542753,-154.77060939433184,0.0,***,2020-09-19
8,solar_power,-0.7608695631232081,0.01961541635224187,-38.789365948699185,0.0,***,2020-09-19
7,temperature,-22.274700256182314,0.019616299287780293,-1135.520004533069,0.0,***,2020-09-19
9,temp_1,-3.582292654212665,0.019524668636973334,-183.47520876379818,0.0,***,2020-09-19
5,rainfall,0.09923736157452367,0.019293660931436817,5.143521591220033,2.6963564914161964e-07,***,2020-09-19
4,intercept,50253.90609960042,0.01928785870371661,2605468.386696389,0.0,***,2020-09-19
3,sma1,-0.8515055895628968,0.010109675682989597,-84.22679582052552,0.0,***,2020-09-19
2,sar1,0.9988504228570813,6.275123947862262e-05,15917.62061046393,0.0,***,2020-09-19
1,ma1,0.4833235483967439,0.013663241526123795,35.37400312163411,0.0,***,2020-09-19
0,ar1,0.9939094936370996,0.0009281167427770523,1070.8884430456305,0.0,***,2020-09-19
6,pv_capacity,-26.211999213170202,0.019333860213375458,-1355.756115120577,0.0,***,2020-09-19
9,temp_1,-9.069695650414957,0.031900978645872394,-284.30775591859367,0.0,***,2020-09-20
13,sin_336_1,27.8228571923825,0.03357374388994723,828.7088054160478,0.0,***,2020-09-20
14,cos_336_1,-12.326209875617698,0.17487306121773463,-70.48661348857112,0.0,***,2020-09-20
12,solar_16,0.19881489933399343,0.07799748080133705,2.5489912916595805,0.010803499792813254,*,2020-09-20
11,solar_4,-1.4049019231410322,0.09197961837721373,-15.274056882682947,0.0,***,2020-09-20
10,temp_9,-5.598364638776779,1.092237803256878,-5.125591352069442,2.966053078701236e-07,***,2020-09-20
8,solar_power,-0.6878468883272291,0.10971846878829375,-6.269198758637962,3.6291059046789087e-10,***,2020-09-20
1,ma1,0.4822674975980004,0.01516045814695376,31.810878861527282,0.0,***,2020-09-20
6,pv_capacity,-35.43114440670615,1.9787401579604438,-17.90591061902047,0.0,***,2020-09-20
5,rainfall,2.8169012799753546,0.3878398182190438,7.263053321627817,3.7836400679225335e-13,***,2020-09-20
4,intercept,51354.536243428905,0.034218130562256636,1500799.003323522,0.0,***,2020-09-20
3,sma1,-0.8248715223087177,0.013476003539314463,-61.210396680459745,0.0,***,2020-09-20
2,sar1,0.996077338639036,0.000915959619264961,1087.4686150884772,0.0,***,2020-09-20
0,ar1,0.9960874957659513,0.0015127990138473206,658.4400747543597,0.0,***,2020-09-20
7,temperature,-12.623709228048028,0.22089700971028936,-57.14748807421279,0.0,***,2020-09-20
14,cos_336_1,-7.676157885640346,0.022636636483648154,-339.1032890944426,0.0,***,2020-09-21
13,sin_336_1,25.371335095154986,0.026204947104657598,968.1887543533928,0.0,***,2020-09-21
12,solar_16,0.29363407171234546,0.042502114090789814,6.908693320174768,4.891420601893515e-12,***,2020-09-21
11,solar_4,-1.3450904873294558,0.03983323408407884,-33.76804616191288,0.0,***,2020-09-21
10,temp_9,-10.523080997261289,0.15865799945828846,-66.3255621096359,0.0,***,2020-09-21
8,solar_power,-0.7450526310823591,0.020493254813220736,-36.35599312422086,0.0,***,2020-09-21
9,temp_1,-2.547122233745199,0.14582722521429828,-17.466712611462725,0.0,***,2020-09-21
7,temperature,-17.96745409597679,0.1376513052855388,-130.5287593074818,0.0,***,2020-09-21
5,rainfall,1.5269524233754055,0.051763923667694174,29.498390291622645,0.0,***,2020-09-21
4,intercept,51273.779388688374,0.019497356203339918,2629781.127961601,0.0,***,2020-09-21
3,sma1,-0.8253010908165945,0.011416011712361418,-72.29329398137766,0.0,***,2020-09-21
2,sar1,0.9959568947743641,0.0008283883065646979,1202.282657639831,0.0,***,2020-09-21
1,ma1,0.4720904966457626,0.015322843485401331,30.809588122174684,0.0,***,2020-09-21
0,ar1,0.9961982327740072,0.0033573088486853297,296.72522775618427,0.0,***,2020-09-21
6,pv_capacity,-25.778141724507805,0.13605206733787936,-189.47262051144668,0.0,***,2020-09-21
13,sin_336_1,26.2982146985781,0.02180952387841553,1205.8133338988177,0.0,***,2020-09-22
12,solar_16,0.28833008986515696,0.13274938971551456,2.171988063245006,0.029856563288149562,*,2020-09-22
11,solar_4,-1.2654393920757707,0.03802903790075437,-33.27560890123567,0.0,***,2020-09-22
10,temp_9,0.5340533751870851,0.05847795193834206,9.132559494391662,0.0,***,2020-09-22
9,temp_1,-3.711190165087544,0.0819697990861893,-45.275091636924905,0.0,***,2020-09-22
8,solar_power,-0.7227568140837519,0.13517304159423696,-5.346900576916266,8.947313134832768e-08,***,2020-09-22
7,temperature,-17.601460315074746,0.1110938484902444,-158.43775829424436,0.0,***,2020-09-22
14,cos_336_1,-7.030958607869854,0.020980203055182573,-335.1234775648681,0.0,***,2020-09-22
5,rainfall,0.3988463716414117,0.0608917702115125,6.550086657950434,5.750377951585506e-11,***,2020-09-22
4,intercept,52399.818496150845,0.019350313539092834,2707957.0772995036,0.0,***,2020-09-22
3,sma1,-0.8282088633588045,0.012238649745905375,-67.67158800633986,0.0,***,2020-09-22
2,sar1,0.9973151157998303,0.001169447805810679,852.8085741359585,0.0,***,2020-09-22
1,ma1,0.4680742951031118,0.01462588813307744,32.00313655103994,0.0,***,2020-09-22
0,ar1,0.9951499311819381,0.005091545640610377,195.45144076576304,0.0,***,2020-09-22
6,pv_capacity,-42.66509161694921,0.15601738836855888,-273.46369570141593,0.0,***,2020-09-22
14,cos_336_1,-6.939105747465425,0.047794642009526815,-145.18585045751084,0.0,***,2020-09-23
13,sin_336_1,29.439778445650205,0.052348353001509924,562.382133489492,0.0,***,2020-09-23
12,solar_16,0.12862810106236489,0.11997893592535427,1.0720890302143682,0.2836800455266011,,2020-09-23
11,solar_4,-1.131286583996169,0.11318652399119197,-9.994887590012079,0.0,***,2020-09-23
10,temp_9,-10.077909481655858,0.8681855082083484,-11.608013939847229,0.0,***,2020-09-23
9,temp_1,-7.578666637473333,0.019890418405196023,-381.020976184872,0.0,***,2020-09-23
8,solar_power,-0.6535371251669346,0.08627459382267098,-7.575082028322457,3.597122599785507e-14,***,2020-09-23
7,temperature,-7.596141855089627,0.36638706655012215,-20.732560039890128,0.0,***,2020-09-23
5,rainfall,4.318349572289662,0.23997584987779122,17.994933967267126,0.0,***,2020-09-23
4,intercept,53490.075521930354,0.024589073658826444,2175359.522042412,0.0,***,2020-09-23
3,sma1,-0.8220622487668099,0.010275546138339553,-80.00180600616218,0.0,***,2020-09-23
2,sar1,0.996610715625242,0.0006321551224594014,1576.528735143243,0.0,***,2020-09-23
1,ma1,0.4880362106852074,0.014048800501620625,34.73863911932617,0.0,***,2020-09-23
0,ar1,0.9953356701239011,0.0014635399763663487,680.087791380392,0.0,***,2020-09-23
6,pv_capacity,-26.902892571497432,1.7531195076828696,-15.345726548360346,0.0,***,2020-09-23
14,cos_336_1,-5.231423666574548,0.01928781620147387,-271.22944411792923,0.0,***,2020-09-24
13,sin_336_1,28.045563513350277,0.019288230248105248,1454.0247162440055,0.0,***,2020-09-24
12,solar_16,0.36082728847656564,0.019513238459246324,18.491409779579058,0.0,***,2020-09-24
11,solar_4,-1.281999972814623,0.019516189537536015,-65.68905115155383,0.0,***,2020-09-24
10,temp_9,-12.865599970133196,0.019688546113495183,-653.4560701419537,0.0,***,2020-09-24
9,temp_1,-2.8767415440615025,0.019356689284299233,-148.6174366809158,0.0,***,2020-09-24
8,solar_power,-0.7228252354916052,0.019376225394066714,-37.30474954698581,0.0,***,2020-09-24
7,temperature,-8.916356244820236,0.019288302699441574,-462.2675402682465,0.0,***,2020-09-24
5,rainfall,2.001223891259542,0.019288895313580887,103.75005197164009,0.0,***,2020-09-24
0,ar1,0.9993002984479032,2.6744130450322995e-05,37365.21926948029,0.0,***,2020-09-24
1,ma1,0.4828286594111753,0.011952325237248958,40.39621160127558,0.0,***,2020-09-24
6,pv_capacity,-12.874993315916072,0.01932165900412477,-666.3503021747526,0.0,***,2020-09-24
3,sma1,-0.8150855241950286,0.010009208512296017,-81.4335642217584,0.0,***,2020-09-24
4,intercept,57036.541614396294,0.019288030112165643,2957095.218262923,0.0,***,2020-09-24
2,sar1,0.9957827624836744,2.18062882002513e-07,4566493.634034419,0.0,***,2020-09-24
13,sin_336_1,29.7584826629731,0.020899544796294568,1423.8818573813721,0.0,***,2020-09-25
12,solar_16,0.4028749718274657,0.05759130866137879,6.995412696666797,2.644773289262048e-12,***,2020-09-25
11,solar_4,-1.2429990795216526,0.04132190366791425,-30.08087646472154,0.0,***,2020-09-25
10,temp_9,-10.204539670055851,0.38054382131654624,-26.81567561589037,0.0,***,2020-09-25
9,temp_1,-3.3358165935563306,0.19755444477487144,-16.885555763413734,0.0,***,2020-09-25
8,solar_power,-0.5728821721986108,0.05250110788404956,-10.911811108135852,0.0,***,2020-09-25
7,temperature,-9.847227344128441,0.0808736531504744,-121.76063477442503,0.0,***,2020-09-25
14,cos_336_1,-8.443917571572852,0.05081322642364387,-166.1755839153685,0.0,***,2020-09-25
5,rainfall,1.429174987873921,0.1338600479178673,10.6766358603937,0.0,***,2020-09-25
4,intercept,60377.04512577027,0.019806050917600973,3048414.1122809704,0.0,***,2020-09-25
3,sma1,-0.8237511603661405,0.009434604628943204,-87.31167788834105,0.0,***,2020-09-25
2,sar1,0.9967170687521743,0.00019843217901745135,5022.960860922244,0.0,***,2020-09-25
1,ma1,0.4899536976679557,0.013236401464158531,37.01562686766869,0.0,***,2020-09-25
0,ar1,0.9953866509113705,0.0023954214557826677,415.5371692561478,0.0,***,2020-09-25
6,pv_capacity,-3.809454362934048,0.04424984890397785,-86.08965809579512,0.0,***,2020-09-25
14,cos_336_1,-4.4769612847156095,0.0251364612979018,-178.10626689482788,0.0,***,2020-09-26
13,sin_336_1,29.70195404297136,0.04497211705081079,660.4526535722842,0.0,***,2020-09-26
12,solar_16,0.2553344575708689,0.10646667205582587,2.398257150716462,0.016473295876968885,*,2020-09-26
11,solar_4,-1.355414190342925,0.09878629257217847,-13.720670702897248,0.0,***,2020-09-26
10,temp_9,0.062185461931903774,0.754731425501138,0.08239416013532619,0.9343332797985349,,2020-09-26
9,temp_1,-3.378185056860076,0.8718389713680684,-3.874780971948421,0.0001067206445517499,***,2020-09-26
8,solar_power,-0.6944359351429341,0.109014427332586,-6.370128726396172,1.8886958663699716e-10,***,2020-09-26
7,temperature,-11.254586830038534,0.8717640708775648,-12.910129249429904,0.0,***,2020-09-26
5,rainfall,1.892559959243954,0.6715927767695169,2.8180171447756046,0.004832122955337859,**,2020-09-26
4,intercept,63375.58384011592,0.02043883399290025,3100743.607102559,0.0,***,2020-09-26
3,sma1,-0.8263655212347366,0.00936695339431574,-88.22137641212241,0.0,***,2020-09-26
2,sar1,0.9970176605832822,0.0005178934753263544,1925.1404160961947,0.0,***,2020-09-26
0,ar1,0.995243537644155,0.0022747822090066054,437.5115708676026,0.0,***,2020-09-26
6,pv_capacity,-50.91812773590755,1.976395631081436,-25.76312502170751,0.0,***,2020-09-26
1,ma1,0.4783306472366488,0.013737689380077663,34.81885737861578,0.0,***,2020-09-26
14,cos_336_1,-11.804557374382648,0.022703690760569144,-519.9400176329184,0.0,***,2020-09-27
8,solar_power,-0.7173600457841403,0.020472497645572192,-35.04018211179482,0.0,***,2020-09-27
13,sin_336_1,31.648580102007966,0.019381796164084045,1632.9023292823197,0.0,***,2020-09-27
12,solar_16,0.3235542732100263,0.021545473633490245,15.017273637795277,0.0,***,2020-09-27
11,solar_4,-1.3874810629370282,0.06773816986210167,-20.483001914010963,0.0,***,2020-09-27
10,temp_9,-10.79147667084358,0.07791180324190206,-138.5088808346278,0.0,***,2020-09-27
9,temp_1,-1.2330696122077711,0.056121848421710085,-21.971293656300393,0.0,***,2020-09-27
7,temperature,-11.704502568411954,0.0468915049438867,-249.60816639214912,0.0,***,2020-09-27
5,rainfall,1.796766674880928,0.019293958153906155,93.12587186871056,0.0,***,2020-09-27
4,intercept,65823.66852939148,0.019388548021858937,3394976.6870206525,0.0,***,2020-09-27
3,sma1,-0.8233677623941996,0.010276366664871351,-80.1224585736896,0.0,***,2020-09-27
2,sar1,0.9970561343536548,0.0006701690847528492,1487.7680230823507,0.0,***,2020-09-27
1,ma1,0.482942560806379,0.013695047507108975,35.264029610389294,0.0,***,2020-09-27
0,ar1,0.9952000301418306,0.002493520129342881,399.1144961817879,0.0,***,2020-09-27
6,pv_capacity,-51.641266550932414,0.05496503726658561,-939.5293648299993,0.0,***,2020-09-27
13,sin_336_1,26.610520442066097,0.019869043981688674,1339.2954621566278,0.0,***,2020-09-28
12,solar_16,0.32768409685720173,0.13394813221159785,2.4463506242816377,0.01443105827152591,*,2020-09-28
11,solar_4,-1.3194408839376117,0.02413907974293802,-54.65994967449491,0.0,***,2020-09-28
10,temp_9,-8.223646047687282,0.07616786790386043,-107.96739194626296,0.0,***,2020-09-28
9,temp_1,-8.18734877622208,0.0426386342808083,-192.0171439427931,0.0,***,2020-09-28
8,solar_power,-0.7467587076144042,0.1259241979901524,-5.93022405171723,3.0252158556010045e-09,***,2020-09-28
7,temperature,-4.866879733111091,0.05157071587322909,-94.37293337317313,0.0,***,2020-09-28
14,cos_336_1,-5.257805313301069,0.020199808071433595,-260.28986486939027,0.0,***,2020-09-28
5,rainfall,-0.00855619126741658,0.07948724831153675,-0.1076423130648836,0.9142794310007607,,2020-09-28
4,intercept,68240.5778310383,0.01954247196870063,3491911.2556657586,0.0,***,2020-09-28
3,sma1,-0.8192029654436972,0.012597613403658512,-65.02842555922457,0.0,***,2020-09-28
2,sar1,0.9969681592074586,0.000965371298371393,1032.730267503675,0.0,***,2020-09-28
1,ma1,0.4755387781704378,0.012893026026209675,36.88341101644684,0.0,***,2020-09-28
0,ar1,0.9950633223731178,0.0038223984859837475,260.3243293502468,0.0,***,2020-09-28
6,pv_capacity,-71.96621661581412,0.0937443472489681,-767.6859323014412,0.0,***,2020-09-28
14,cos_336_1,-4.571742488419302,0.020168210892391313,-226.6806169774853,0.0,***,2020-09-29
13,sin_336_1,26.59445491634102,0.01989849495802868,1336.505849936688,0.0,***,2020-09-29
12,solar_16,0.26825452038460834,0.09627800896324606,2.786249147372937,0.0053321870843214825,**,2020-09-29
11,solar_4,-1.3389138288985767,0.04447150425222843,-30.107230493141795,0.0,***,2020-09-29
10,temp_9,-10.437488047143503,0.08752275959364678,-119.2545584211807,0.0,***,2020-09-29
9,temp_1,-4.001207087468941,0.03668516975815329,-109.06879029991873,0.0,***,2020-09-29
8,solar_power,-0.8003131290584733,0.06860551952480258,-11.665433548231356,0.0,***,2020-09-29
7,temperature,-11.010618877515299,0.042314776721046145,-260.2074199776868,0.0,***,2020-09-29
5,rainfall,1.1736116325046169,0.030818532676794803,38.08135983671612,0.0,***,2020-09-29
4,intercept,68242.75941508358,0.01941834092856798,3514345.5182973864,0.0,***,2020-09-29
3,sma1,-0.8275158101852663,0.01221773436884139,-67.7307089189679,0.0,***,2020-09-29
2,sar1,0.9976109509499895,0.0006726621104529778,1483.0788525879475,0.0,***,2020-09-29
1,ma1,0.4702909330155767,0.014413899490401892,32.62759902889152,0.0,***,2020-09-29
0,ar1,0.9947690992333327,0.0028881985239524607,344.42545793978337,0.0,***,2020-09-29
6,pv_capacity,-67.00342050051222,0.08147893185319795,-822.3404379089491,0.0,***,2020-09-29
8,solar_power,-0.8373680630190563,0.08889620566366917,-9.419615345419391,0.0,***,2020-09-30
14,cos_336_1,-1.2197231613941892,0.01928977966137435,-63.23157562222185,0.0,***,2020-09-30
13,sin_336_1,24.296275627612253,0.019761710702924564,1229.4621651361697,0.0,***,2020-09-30
12,solar_16,0.2112691038165182,0.10738830244460083,1.9673381458423471,0.049144240123848215,*,2020-09-30
10,temp_9,-5.3143494832548726,0.02579134238436066,-206.05168215196838,0.0,***,2020-09-30
9,temp_1,-5.467887120241215,0.01952439162701279,-280.0541612101332,0.0,***,2020-09-30
7,temperature,-5.0454136291991745,0.021478608791389783,-234.90411684493037,0.0,***,2020-09-30
11,solar_4,-1.3393180413974486,0.03016038937439699,-44.406523562139064,0.0,***,2020-09-30
5,rainfall,4.63985018423773,0.07542387547143713,61.51699518536186,0.0,***,2020-09-30
4,intercept,68031.5071110733,0.019304406334065306,3524143.9666042593,0.0,***,2020-09-30
3,sma1,-0.8282090073089676,0.01033764659858231,-80.11581740688902,0.0,***,2020-09-30
6,pv_capacity,-71.8290416182499,0.04962470022330429,-1447.4453507029593,0.0,***,2020-09-30
2,sar1,0.9970578005142454,0.0006546722585929951,1522.9877048052967,0.0,***,2020-09-30
1,ma1,0.4655293586809758,0.012348222973381378,37.700109536773084,0.0,***,2020-09-30
0,ar1,0.9952668370351779,0.0014938423746140204,666.246221119772,0.0,***,2020-09-30
14,cos_336_1,0.959335837538383,0.019307980256397822,49.68597568461367,0.0,***,2020-10-01
13,sin_336_1,29.929415381112218,0.019472681181661,1536.9950908095373,0.0,***,2020-10-01
12,solar_16,0.23610679609181415,0.05632570199683937,4.191812755481733,2.7673435682995517e-05,***,2020-10-01
11,solar_4,-1.2071365428301886,0.054341752420882086,-22.21379490084899,0.0,***,2020-10-01
10,temp_9,-11.551311053732675,0.12130738406954591,-95.22347829304663,0.0,***,2020-10-01
9,temp_1,-4.666231447403163,0.02091255737778092,-223.13059866895668,0.0,***,2020-10-01
8,solar_power,-0.8702969296488092,0.1143894462727408,-7.60819252130782,2.7755575615628914e-14,***,2020-10-01
7,temperature,-8.710193031492963,0.032602037963677985,-267.1671335760363,0.0,***,2020-10-01
6,pv_capacity,-54.72432574350023,0.07968626396728944,-686.7472889174993,0.0,***,2020-10-01
5,rainfall,1.5265270978361514,0.02455049837838729,62.179067581781126,0.0,***,2020-10-01
4,intercept,66320.25826213021,0.019762169303955347,3355919.9520093366,0.0,***,2020-10-01
3,sma1,-0.8193880230676569,0.012439366366986004,-65.87055955215752,0.0,***,2020-10-01
2,sar1,0.9959049370654005,0.0008568988980869477,1162.2198829859483,0.0,***,2020-10-01
1,ma1,0.46658760572627733,0.013920393908304903,33.51827604877699,0.0,***,2020-10-01
0,ar1,0.9958180323408411,0.002542501893425812,391.66855093234886,0.0,***,2020-10-01
13,sin_336_1,26.617897772884007,0.035282302483006664,754.4263242373206,0.0,***,2020-10-02
12,solar_16,0.09844025439498527,0.09735129261306819,1.0111858995673049,0.31192746321696374,,2020-10-02
11,solar_4,-1.2030100379900057,0.07998578915483405,-15.040297166553618,0.0,***,2020-10-02
10,temp_9,-7.615830588781236,0.25593783823458466,-29.75656370825795,0.0,***,2020-10-02
9,temp_1,-1.8864705779566862,0.20660528910296888,-9.130795180255518,0.0,***,2020-10-02
8,solar_power,-0.6964424590268532,0.043705998027316964,-15.934711263007088,0.0,***,2020-10-02
7,temperature,-9.243027148719193,0.24697205217567644,-37.42539719491998,0.0,***,2020-10-02
14,cos_336_1,-2.01671153751418,0.02039311711320496,-98.89177443149768,0.0,***,2020-10-02
5,rainfall,-0.07935901860946615,0.5119872910213648,-0.15500193071424223,0.8768197952130474,,2020-10-02
4,intercept,61949.211232049885,0.019330102930910385,3204805.0366554502,0.0,***,2020-10-02
3,sma1,-0.8286936137898795,0.01062346114875314,-78.00599090882372,0.0,***,2020-10-02
2,sar1,0.9972816601361291,0.000665251795810087,1499.1040481472496,0.0,***,2020-10-02
1,ma1,0.45968354169334946,0.013854647207989838,33.179014578462485,0.0,***,2020-10-02
0,ar1,0.9950802792861385,0.00413154680836734,240.8493296677337,0.0,***,2020-10-02
6,pv_capacity,-35.12241612667276,0.3402189706858402,-103.23473748647885,0.0,***,2020-10-02
13,sin_336_1,27.938465822446084,0.019303559297909972,1447.3219882030266,0.0,***,2020-10-03
12,solar_16,0.09915075090702641,0.07563823321825117,1.3108549299523007,0.18990678025640584,,2020-10-03
11,solar_4,-1.2700787548001702,0.06694734419109902,-18.97130902123274,0.0,***,2020-10-03
10,temp_9,-8.865378614119749,0.05256893814782071,-168.64290827390948,0.0,***,2020-10-03
9,temp_1,-2.3778965801687946,0.02508511440423716,-94.79313276590602,0.0,***,2020-10-03
8,solar_power,-0.7082763542210389,0.022880118096758818,-30.955974581327567,0.0,***,2020-10-03
7,temperature,-6.554656285258716,0.02290048275439642,-286.22349823609534,0.0,***,2020-10-03
14,cos_336_1,-1.358269435782229,0.019335582386411348,-70.24714377037813,0.0,***,2020-10-03
5,rainfall,-1.7198122570443957,0.11407667066679521,-15.075933115788143,0.0,***,2020-10-03
4,intercept,56535.84369074017,0.019292827257729992,2930407.3962559397,0.0,***,2020-10-03
3,sma1,-0.8152009482209241,0.012048424732472144,-67.66037605097425,0.0,***,2020-10-03
2,sar1,0.9965026411621102,0.000722030245451706,1380.1397482160776,0.0,***,2020-10-03
1,ma1,0.46057540941415115,0.012896420958205583,35.71342862541267,0.0,***,2020-10-03
0,ar1,0.9953692919905996,0.0011977624895534301,831.023930597217,0.0,***,2020-10-03
6,pv_capacity,-30.516510087185452,0.04716338558086695,-647.0381570649005,0.0,***,2020-10-03
14,cos_336_1,-5.191870680036105,0.02568069185303417,-202.17020280248747,0.0,***,2020-10-04
13,sin_336_1,29.75784635123812,0.019293950879687605,1542.340733466195,0.0,***,2020-10-04
12,solar_16,0.21001540052633239,0.07897451463823577,2.6592806741309527,0.007830769678992766,**,2020-10-04
11,solar_4,-1.0512356524451705,0.025918616083104827,-40.559096561117066,0.0,***,2020-10-04
10,temp_9,-11.826054110773391,0.22077516829714647,-53.56605184354985,0.0,***,2020-10-04
9,temp_1,-3.762907013819216,0.02076974373371984,-181.17252971735553,0.0,***,2020-10-04
8,solar_power,-0.7431123832455597,0.062185292321886715,-11.94997008937456,0.0,***,2020-10-04
7,temperature,-5.509067351548765,0.019554760931305547,-281.72511905932873,0.0,***,2020-10-04
5,rainfall,3.4679325328033883,0.10318773707383373,33.6079909410358,0.0,***,2020-10-04
4,intercept,57025.65475152388,0.019301511805160404,2954465.708550231,0.0,***,2020-10-04
3,sma1,-0.7997764256958236,0.011145798959042,-71.75586323015517,0.0,***,2020-10-04
2,sar1,0.9958463683558764,0.0007152493717542154,1392.3065264824643,0.0,***,2020-10-04
1,ma1,0.4661933709142705,0.0133301765831163,34.97278284405778,0.0,***,2020-10-04
0,ar1,0.9956580508564818,0.0035788612246738408,278.2052693164209,0.0,***,2020-10-04
6,pv_capacity,-22.49852728051701,0.10780688272472093,-208.69286553777636,0.0,***,2020-10-04
8,solar_power,-0.7136488876809182,0.019294615597641455,-36.98694509198481,0.0,***,2020-10-05
13,sin_336_1,26.48063864958805,0.01928826125702827,1372.8888413899422,0.0,***,2020-10-05
12,solar_16,0.27618487030500766,0.02002192847839701,13.794119312882467,0.0,***,2020-10-05
11,solar_4,-1.007550630253586,0.019542861330349704,-51.55594225544027,0.0,***,2020-10-05
10,temp_9,-12.901404420671994,0.019510363159464784,-661.2590609013507,0.0,***,2020-10-05
9,temp_1,-3.3091229987780935,0.019288397989957927,-171.5602820151738,0.0,***,2020-10-05
7,temperature,-5.384712300639876,0.019288308171866955,-279.1697567593705,0.0,***,2020-10-05
14,cos_336_1,-1.811969614561571,0.01928845419631459,-93.94063392118694,0.0,***,2020-10-05
5,rainfall,1.9242655978141556,0.019305524962354503,99.67434719161722,0.0,***,2020-10-05
0,ar1,0.9997140533548186,1.125090849251241e-05,88856.29582892245,0.0,***,2020-10-05
1,ma1,0.4455831309121863,0.013152326280143702,33.87865548810867,0.0,***,2020-10-05
6,pv_capacity,-18.75326270035839,0.019310762006062354,-971.1301239418235,0.0,***,2020-10-05
3,sma1,-0.7872751042653708,0.0163263044255662,-48.221268190524256,0.0,***,2020-10-05
4,intercept,57656.461551731,0.019288071215075777,2989228.9855641993,0.0,***,2020-10-05
2,sar1,0.9931188966687805,0.0008327861175723047,1192.5257586712296,0.0,***,2020-10-05
13,sin_336_1,22.982774986280106,0.01930361020063843,1190.5946477058471,0.0,***,2020-10-06
12,solar_16,0.31694035145530375,0.022845288938059576,13.873335212114148,0.0,***,2020-10-06
11,solar_4,-0.935270490603088,0.02857795368263404,-32.726993016698174,0.0,***,2020-10-06
10,temp_9,-8.719406750762174,0.021355584923541934,-408.29632070391517,0.0,***,2020-10-06
9,temp_1,0.7193870574023293,0.020343722479320796,35.361623622892985,0.0,***,2020-10-06
8,solar_power,-0.7924451522059428,0.0236104455761246,-33.56332897873307,0.0,***,2020-10-06
7,temperature,-7.373039941830029,0.020145908650737114,-365.9820001000679,0.0,***,2020-10-06
14,cos_336_1,-0.9004538295968704,0.019299892160238565,-46.65589953149976,0.0,***,2020-10-06
5,rainfall,7.810445200111644,0.01935199270592584,403.59901529520425,0.0,***,2020-10-06
4,intercept,57936.13722626051,0.019288298845166033,3003693.4667662648,0.0,***,2020-10-06
3,sma1,-0.7849069300788901,0.014393075362464378,-54.533649710877256,0.0,***,2020-10-06
2,sar1,0.9944522187640463,0.0003607529030710822,2756.6021237758437,0.0,***,2020-10-06
1,ma1,0.4438266558223387,0.018612710355487526,23.845353381942395,0.0,***,2020-10-06
0,ar1,0.9995093190354997,2.9430492109665187e-05,33961.692360123794,0.0,***,2020-10-06
6,pv_capacity,-21.900176255028782,0.02014869854091333,-1086.9275854496982,0.0,***,2020-10-06
14,cos_336_1,2.6981879373880937,0.07801804190948314,34.58415350283391,0.0,***,2020-10-07
13,sin_336_1,23.90548978950401,0.09428559679073233,253.54338948039376,0.0,***,2020-10-07
12,solar_16,0.30447108825929337,0.07380252422988967,4.125483395539255,3.6995687489271845e-05,***,2020-10-07
11,solar_4,-1.1651809844167142,0.062152460825360856,-18.74714160861143,0.0,***,2020-10-07
10,temp_9,-1.8729993612684979,0.12891968627202288,-14.528420099599336,0.0,***,2020-10-07
9,temp_1,-2.455803430165261,0.23908801712049513,-10.271545432273127,0.0,***,2020-10-07
8,solar_power,-0.6769701233180854,0.03108278547356052,-21.779583554180697,0.0,***,2020-10-07
7,temperature,-3.662381161948815,0.3205967983384807,-11.423636109060999,0.0,***,2020-10-07
5,rainfall,4.9733470848696015,0.02047737131852033,242.8703864138832,0.0,***,2020-10-07
4,intercept,53292.822423736536,0.06540302796672244,814837.2343074442,0.0,***,2020-10-07
3,sma1,-0.7963178167286732,0.012659937154039281,-62.90061372655392,0.0,***,2020-10-07
2,sar1,0.9969470009127662,0.0005750035423213183,1733.8101899129888,0.0,***,2020-10-07
0,ar1,0.9945664773740072,0.002918876308760394,340.7360820289044,0.0,***,2020-10-07
6,pv_capacity,-21.393621721428644,0.8391358354890476,-25.494825529600295,0.0,***,2020-10-07
1,ma1,0.4472308211998637,0.013618170945666471,32.84074072679929,0.0,***,2020-10-07
14,cos_336_1,-0.09699126403192548,0.02814085353599751,-3.44663547279599,0.0005676138982073642,***,2020-10-08
8,solar_power,-0.7535371752278195,0.06660214027159889,-11.31400841106528,0.0,***,2020-10-08
13,sin_336_1,26.722620330748615,0.021659242287046132,1233.774477269261,0.0,***,2020-10-08
12,solar_16,0.29497832037367355,0.08283171273873495,3.561176156094761,0.00036919727397655144,***,2020-10-08
11,solar_4,-1.0696547790730668,0.07904799768785932,-13.531712508353023,0.0,***,2020-10-08
10,temp_9,-2.1182537792301233,0.04531591372287061,-46.74414803118173,0.0,***,2020-10-08
9,temp_1,-2.7953552945019524,0.21990642040387423,-12.711567444770726,0.0,***,2020-10-08
7,temperature,-3.6481454489344287,0.3116086469885652,-11.707458968775988,0.0,***,2020-10-08
5,rainfall,9.113716429922533,0.2891251614290521,31.521699408229928,0.0,***,2020-10-08
4,intercept,48416.91498164925,0.019824287419645467,2442302.916455351,0.0,***,2020-10-08
3,sma1,-0.7947848123087566,0.012284694910528084,-64.69715512654852,0.0,***,2020-10-08
2,sar1,0.9964450917799125,0.0005801921358194717,1717.4398449446737,0.0,***,2020-10-08
1,ma1,0.4426865685858329,0.013596462561294173,32.5589517560291,0.0,***,2020-10-08
0,ar1,0.9949285335017224,0.0022803903885107095,436.2974596430816,0.0,***,2020-10-08
6,pv_capacity,-9.921100709732855,0.2354387733131885,-42.13877166500301,0.0,***,2020-10-08
13,sin_336_1,23.308069233280776,0.11753489888281764,198.30764696125647,0.0,***,2020-10-09
12,solar_16,0.3617646712428905,0.06315366229866798,5.728324503684734,1.0142740647367532e-08,***,2020-10-09
11,solar_4,-0.9724771362580762,0.09505666966275665,-10.230498708909579,0.0,***,2020-10-09
10,temp_9,-9.097495653691091,1.0640022461292855,-8.55025982020875,0.0,***,2020-10-09
9,temp_1,-5.557185021999388,0.46858114471853124,-11.859600166663759,0.0,***,2020-10-09
8,solar_power,-0.7045799924763969,0.11141214102332758,-6.3240862800479825,2.5473534392972397e-10,***,2020-10-09
7,temperature,-3.173702536444125,0.1403371266139231,-22.61484621368367,0.0,***,2020-10-09
14,cos_336_1,-1.8343409932000618,0.03946455192071359,-46.48072520588481,0.0,***,2020-10-09
5,rainfall,3.4884627003148125,1.0735026196645914,3.2496079994707037,0.0011556418743217112,**,2020-10-09
4,intercept,47061.030972895926,0.019806830703460135,2376000.0616693636,0.0,***,2020-10-09
3,sma1,-0.7628905170382989,0.017689536065001482,-43.12665488993055,0.0,***,2020-10-09
2,sar1,0.9931054451015928,0.00169600039970544,585.5573178367615,0.0,***,2020-10-09
1,ma1,0.44092256995094553,0.013394488905065415,32.91820785966691,0.0,***,2020-10-09
0,ar1,0.9960577382826367,0.0031994238640354615,311.32409477820806,0.0,***,2020-10-09
6,pv_capacity,-30.940769126724263,1.6637957615602568,-18.59649473905917,0.0,***,2020-10-09
14,cos_336_1,-0.26264751784324636,0.019287983147440103,-13.617158198217572,0.0,***,2020-10-10
13,sin_336_1,26.06565849927321,0.019287926627855716,1351.397638646606,0.0,***,2020-10-10
12,solar_16,0.2141952671272408,0.01929584156044806,11.100592138271427,0.0,***,2020-10-10
11,solar_4,-0.8591065851145543,0.019314474814374403,-44.47993504204327,0.0,***,2020-10-10
10,temp_9,-2.24886418298519,0.01928814625046785,-116.5930698462348,0.0,***,2020-10-10
9,temp_1,-2.336601505380294,0.019287995584022468,-121.14278516923017,0.0,***,2020-10-10
8,solar_power,-0.7256113539243074,0.019315989870592517,-37.56532068951894,0.0,***,2020-10-10
7,temperature,-4.863813434393705,0.01928802113079921,-252.1675708156055,0.0,***,2020-10-10
5,rainfall,12.336608063156746,0.01929356995284004,639.4155199536195,0.0,***,2020-10-10
4,intercept,44490.58334597959,0.019287910701302587,2306656.435472556,0.0,***,2020-10-10
3,sma1,-0.7979387467982038,0.01807702034299754,-44.14105486733602,0.0,***,2020-10-10
2,sar1,0.9989871699651295,3.98337361996128e-05,25078.922171876013,0.0,***,2020-10-10
1,ma1,0.4318605896709082,0.015037946725408768,28.718055566802732,0.0,***,2020-10-10
0,ar1,0.9911021432191822,0.0009574822109908041,1035.1128531083498,0.0,***,2020-10-10
6,pv_capacity,-8.464354569898205,0.019291472369103793,-438.7614593614052,0.0,***,2020-10-10
8,solar_power,-0.7121079674620603,0.03847522136119587,-18.508222753989294,0.0,***,2020-10-11
13,sin_336_1,24.48365291563185,0.019297730782060745,1268.732225158409,0.0,***,2020-10-11
12,solar_16,0.26403936882719137,0.07992239177876698,3.3036970359705733,0.0009541888957160793,***,2020-10-11
11,solar_4,-0.9394656553730774,0.03138026201104652,-29.93810743334028,0.0,***,2020-10-11
10,temp_9,-1.7606974024497628,0.019497508110467205,-90.30371432462876,0.0,***,2020-10-11
9,temp_1,-3.483822575667503,0.020727727400359323,-168.0754724517995,0.0,***,2020-10-11
7,temperature,-0.7242215273781767,0.035072736670975393,-20.649130809843808,0.0,***,2020-10-11
14,cos_336_1,-3.3392004176382284,0.019236241409436212,-173.58902638850256,0.0,***,2020-10-11
5,rainfall,6.140148774135923,0.020650306975425678,297.33934616288445,0.0,***,2020-10-11
0,ar1,0.9956292013237041,0.0008874241348953915,1121.9316245450862,0.0,***,2020-10-11
1,ma1,0.4250626692930988,0.014895432537823137,28.536443518089254,0.0,***,2020-10-11
6,pv_capacity,-18.488117571256225,0.03767257378401477,-490.7580160902387,0.0,***,2020-10-11
3,sma1,-0.7663191214866915,0.01620305167991678,-47.2947403134264,0.0,***,2020-10-11
4,intercept,46098.458916481424,0.021844799983646152,2110271.504018919,0.0,***,2020-10-11
2,sar1,0.9939830699074252,0.0012734847475313615,780.5221631701929,0.0,***,2020-10-11
14,cos_336_1,0.1419724093062117,0.4857996667600792,0.29224476470529837,0.7700994874764218,,2020-10-12
13,sin_336_1,23.344093923189693,0.3653160747140206,63.90108604299465,0.0,***,2020-10-12
12,solar_16,0.23872288812687015,0.07698473892732557,3.1009118359448764,0.0019292572334077551,**,2020-10-12
11,solar_4,-0.8806854876541546,0.07598137373842684,-11.590807645647455,0.0,***,2020-10-12
10,temp_9,-0.5994566680240982,0.8027725582893931,-0.7467328844691262,0.4552248155456833,,2020-10-12
8,solar_power,-0.7116682175243056,0.0842792330057516,-8.444170552379589,0.0,***,2020-10-12
7,temperature,-5.980167922337387,0.6327301630993583,-9.451371644816488,0.0,***,2020-10-12
9,temp_1,-2.112495406802438,0.5225723245317764,-4.042493847517143,5.2885700738469765e-05,***,2020-10-12
5,rainfall,5.384201603284964,0.45921705662575807,11.724742201100023,0.0,***,2020-10-12
4,intercept,49528.89418538692,0.2239852582666646,221125.687327246,0.0,***,2020-10-12
3,sma1,-0.7530625616998965,0.0135375692374406,-55.62760555396944,0.0,***,2020-10-12
2,sar1,0.9933350099715634,5.1585185322950096e-05,19256.20706318625,0.0,***,2020-10-12
1,ma1,0.41390483500951,0.013227412903112752,31.291442857439453,0.0,***,2020-10-12
0,ar1,0.9995447087391842,9.182395784532036e-06,108854.45718022098,0.0,***,2020-10-12
6,pv_capacity,-2.824459834895606,1.7047096189054158,-1.6568568649886397,0.09754841701311423,.,2020-10-12
9,temp_1,-1.8455222993921865,0.10498935945099439,-17.578184199262747,0.0,***,2020-10-13
13,sin_336_1,19.193468975976067,0.04864010601136595,394.6017093690347,0.0,***,2020-10-13
14,cos_336_1,0.39423841283625366,0.019727887192624242,19.983813217649047,0.0,***,2020-10-13
12,solar_16,0.11172561219068208,0.07911506920088751,1.4121912970459582,0.1578936423475854,,2020-10-13
11,solar_4,-1.1458873400258656,0.07965850511587161,-14.384996785453767,0.0,***,2020-10-13
10,temp_9,-9.84302395685353,0.6573888047793371,-14.972910833426036,0.0,***,2020-10-13
8,solar_power,-0.8767740318085373,0.05261748957693767,-16.663167301558772,0.0,***,2020-10-13
1,ma1,0.4232036619106553,0.012851146628455287,32.93119860398983,0.0,***,2020-10-13
6,pv_capacity,-22.112853734161035,0.30358874975284905,-72.8381857106466,0.0,***,2020-10-13
5,rainfall,5.550478523868151,0.02999403815919576,185.05272595869022,0.0,***,2020-10-13
4,intercept,49454.08183186466,0.02760542262498884,1791462.587031654,0.0,***,2020-10-13
3,sma1,-0.7712083212821557,0.009806571469689176,-78.64199263380267,0.0,***,2020-10-13
2,sar1,0.9945798281685886,0.0005028933693791159,1977.7151355097812,0.0,***,2020-10-13
0,ar1,0.9955363815270842,0.0032309654882772846,308.12349594544673,0.0,***,2020-10-13
7,temperature,-6.632576600441553,0.13860883496872883,-47.85103779234499,0.0,***,2020-10-13
14,cos_336_1,1.2657278742384857,0.008147339376716868,155.35475027045405,0.0,***,2020-10-14
13,sin_336_1,23.634859627305175,0.012285277441427059,1923.8360501006111,0.0,***,2020-10-14
12,solar_16,0.23124497067522237,0.00893514825598954,25.88037311190789,0.0,***,2020-10-14
11,solar_4,-0.9297260518246233,0.014137592931864892,-65.76268366937504,0.0,***,2020-10-14
10,temp_9,-2.132125293465018,0.014947716140234952,-142.63886693204924,0.0,***,2020-10-14
8,solar_power,-0.6945688000763823,0.010673118592915365,-65.07646233195847,0.0,***,2020-10-14
9,temp_1,-2.6898222901073936,0.00855988586147095,-314.23576594807173,0.0,***,2020-10-14
7,temperature,-4.18844468262796,0.013097652032926739,-319.78591827744793,0.0,***,2020-10-14
5,rainfall,5.776360359999671,0.006613526364668704,873.4160932446862,0.0,***,2020-10-14
4,intercept,48301.99758869619,0.008678333197639347,5565815.057877145,0.0,***,2020-10-14
3,sma1,-0.7462108701909926,0.00931085394745214,-80.14419240194276,0.0,***,2020-10-14
2,sar1,0.9933747152501109,9.466867394372758e-07,1049317.2386048073,0.0,***,2020-10-14
1,ma1,0.4186090211507536,0.016371299500055524,25.569688047630788,0.0,***,2020-10-14
0,ar1,0.9996712900674343,2.7971049361052044e-08,35739498.978519365,0.0,***,2020-10-14
6,pv_capacity,-3.457225167976503,0.01347857411255685,-256.49784161929256,0.0,***,2020-10-14
13,sin_336_1,24.657356014911194,0.019231771772298914,1282.1156733165476,0.0,***,2020-10-15
12,solar_16,0.22422315754491878,0.0649587932946512,3.4517752897263514,0.0005569113217576138,***,2020-10-15
11,solar_4,-0.8983043733554777,0.03292059953457734,-27.286999205830558,0.0,***,2020-10-15
10,temp_9,-2.0065248880518496,0.0191564613880291,-104.74402591418735,0.0,***,2020-10-15
9,temp_1,-2.727620994996954,0.018534644628193594,-147.163382396223,0.0,***,2020-10-15
8,solar_power,-0.6832628273243415,0.02592399931219473,-26.356381941536796,0.0,***,2020-10-15
7,temperature,-4.880484107801294,0.018780481060849803,-259.870026331501,0.0,***,2020-10-15
14,cos_336_1,1.1430235907317277,0.018471848587433434,61.8792204430117,0.0,***,2020-10-15
5,rainfall,9.765062584131556,0.03173815420448796,307.67581886506554,0.0,***,2020-10-15
4,intercept,46944.91529332755,0.018982202288259118,2473101.6233223868,0.0,***,2020-10-15
3,sma1,-0.7371008285577302,0.010398394063076912,-70.8860256772785,0.0,***,2020-10-15
2,sar1,0.9922426825857116,1.29030694333188e-05,76899.7398420181,0.0,***,2020-10-15
1,ma1,0.4223334547799191,0.014336310276635424,29.459006301517924,0.0,***,2020-10-15
0,ar1,0.9995376641497606,3.154976520291031e-06,316813.02783754416,0.0,***,2020-10-15
6,pv_capacity,-5.608222905135335,0.02097124733026675,-267.4243842921669,0.0,***,2020-10-15
14,cos_336_1,-0.9551631530175088,0.01936608809412788,-49.32142972679806,0.0,***,2020-10-16
13,sin_336_1,23.859358855167894,0.020165926401297437,1183.1521339695473,0.0,***,2020-10-16
12,solar_16,0.06301467054824267,0.1070654111485279,0.5885623552206299,0.5561548930701916,,2020-10-16
11,solar_4,-0.9217855996120361,0.034961724976111774,-26.3655640630393,0.0,***,2020-10-16
10,temp_9,-4.4276478195558475,0.0411328950308835,-107.6425040404151,0.0,***,2020-10-16
9,temp_1,-2.0416501361986263,0.029211118421328834,-69.89291223809808,0.0,***,2020-10-16
8,solar_power,-0.7197343500576494,0.026888096253760284,-26.76776902555885,0.0,***,2020-10-16
7,temperature,-6.678029293765121,0.03621828198423054,-184.38282899980564,0.0,***,2020-10-16
5,rainfall,2.0107816035215365,0.023977410523302014,83.86149962137883,0.0,***,2020-10-16
4,intercept,45520.855381872,0.01936668760626063,2350471.918964427,0.0,***,2020-10-16
3,sma1,-0.7340105364831985,0.015849676760799007,-46.31075747226758,0.0,***,2020-10-16
2,sar1,0.99291220094978,0.001457214396040743,681.3768815676857,0.0,***,2020-10-16
1,ma1,0.4201432735691586,0.01406989109011384,29.86116032300853,0.0,***,2020-10-16
0,ar1,0.9955401348579339,0.0020343690561821217,489.36063583578743,0.0,***,2020-10-16
6,pv_capacity,-29.053069665178555,0.08428612786158414,-344.6957453412727,0.0,***,2020-10-16
14,cos_336_1,-0.2328479852239873,0.020512886430922323,-11.351302802173109,0.0,***,2020-10-17
13,sin_336_1,24.764567406680182,0.021573375654479997,1147.9226896759428,0.0,***,2020-10-17
12,solar_16,0.16099391777866057,0.06527553558740312,2.4663745204065273,0.013648854063427862,*,2020-10-17
11,solar_4,-0.9787193150415967,0.05262138311440413,-18.599270051753738,0.0,***,2020-10-17
10,temp_9,-1.6738252034603098,0.039696547392546765,-42.165510942510316,0.0,***,2020-10-17
9,temp_1,-2.681157505461151,0.05801508677932649,-46.21483228422186,0.0,***,2020-10-17
8,solar_power,-0.8093815474813368,0.05490275376552003,-14.74209382899194,0.0,***,2020-10-17
7,temperature,-4.565084014989679,0.030744416241649832,-148.48497948727695,0.0,***,2020-10-17
5,rainfall,9.864571445231377,0.13647479011253627,72.28127214628513,0.0,***,2020-10-17
0,ar1,0.9955998095133374,0.0019854820682529157,501.4398394387893,0.0,***,2020-10-17
1,ma1,0.41648681603074916,0.011727098017459593,35.514908753271555,0.0,***,2020-10-17
6,pv_capacity,-6.896922592444753,0.06668108188647641,-103.43147407516071,0.0,***,2020-10-17
3,sma1,-0.7212031769408551,0.012278737037841398,-58.735941222473045,0.0,***,2020-10-17
4,intercept,42661.467391050086,0.02948967027208084,1446657.9991380766,0.0,***,2020-10-17
2,sar1,0.9917749645369254,0.0002745199911494668,3612.7604419050767,0.0,***,2020-10-17
13,sin_336_1,22.983419009330778,0.022592945112286742,1017.2830011803854,0.0,***,2020-10-18
12,solar_16,0.1475465999626282,0.09375270282802806,1.5737850271183655,0.11553715673423359,,2020-10-18
11,solar_4,-0.9993191009150082,0.041098716175366486,-24.31509287664743,0.0,***,2020-10-18
10,temp_9,-4.395949532605586,0.1549286693387516,-28.374022389580077,0.0,***,2020-10-18
9,temp_1,-0.5165260722096079,0.23093729384222392,-2.2366507531802027,0.025309175021844377,*,2020-10-18
8,solar_power,-0.8812057318716597,0.05034929038256893,-17.501850079236384,0.0,***,2020-10-18
7,temperature,-6.198689656040642,0.18899147304231523,-32.79877952299337,0.0,***,2020-10-18
14,cos_336_1,-2.2508921429551982,0.03588786641819752,-62.720143814786574,0.0,***,2020-10-18
5,rainfall,10.138321347700185,0.11890567975974506,85.26355821004661,0.0,***,2020-10-18
4,intercept,41853.670940920754,0.021436549774791504,1952444.3709751714,0.0,***,2020-10-18
3,sma1,-0.736848816047945,0.01366529528359747,-53.92117775401376,0.0,***,2020-10-18
2,sar1,0.9923743951960964,0.0006207856001869744,1598.5783093183911,0.0,***,2020-10-18
1,ma1,0.41149043798096385,0.013990074588849669,29.41302674032409,0.0,***,2020-10-18
0,ar1,0.9958306147258644,0.0022971846653501403,433.5004624341241,0.0,***,2020-10-18
6,pv_capacity,-9.127011580490944,0.09015998454299064,-101.23129043061166,0.0,***,2020-10-18
14,cos_336_1,2.005171276050776,0.019284877635573704,103.97635463094419,0.0,***,2020-10-19
13,sin_336_1,19.55403182917831,0.019288538036154632,1013.764329495892,0.0,***,2020-10-19
12,solar_16,0.23629981015201978,0.021733599115638876,10.872557687971028,0.0,***,2020-10-19
11,solar_4,-0.8370829304156258,0.01962569636328044,-42.65239382699321,0.0,***,2020-10-19
10,temp_9,-0.7419717709265479,0.019293057325009633,-38.457967466085755,0.0,***,2020-10-19
9,temp_1,-2.05808672854905,0.019284958464256735,-106.71979057479246,0.0,***,2020-10-19
8,solar_power,-0.7128232239574572,0.01928661130449841,-36.95948514248318,0.0,***,2020-10-19
7,temperature,-3.9332660071345344,0.019287903459991117,-203.9239783262761,0.0,***,2020-10-19
5,rainfall,8.870274003486884,0.019311311459593576,459.33048213979595,0.0,***,2020-10-19
4,intercept,41721.12596305181,0.0192861974053901,2163263.4513733434,0.0,***,2020-10-19
3,sma1,-0.7056159357116807,0.012939893680933295,-54.53027305405092,0.0,***,2020-10-19
2,sar1,0.9902348603544313,9.070116596461848e-06,109175.53813373369,0.0,***,2020-10-19
0,ar1,0.9997771220854026,2.5382511154126696e-07,3938842.441611056,0.0,***,2020-10-19
6,pv_capacity,-6.239854650482812,0.019293837157742442,-323.41180240441776,0.0,***,2020-10-19
1,ma1,0.39556650150521006,0.012192838930343435,32.442526614601,0.0,***,2020-10-19
14,cos_336_1,4.684272648331413,0.01644835174971502,284.7867506488954,0.0,***,2020-10-20
8,solar_power,-0.7393476422261926,0.07375202270258695,-10.024777831622224,0.0,***,2020-10-20
13,sin_336_1,20.734493554602086,0.020980619911894385,988.2688710664471,0.0,***,2020-10-20
12,solar_16,0.20958007417492705,0.059374774946992205,3.529783049485797,0.00041590055910822876,***,2020-10-20
11,solar_4,-0.7906855782273394,0.0559227638143193,-14.138885925821866,0.0,***,2020-10-20
10,temp_9,-1.176969323273295,0.01948758123174532,-60.39586489861599,0.0,***,2020-10-20
9,temp_1,-2.2440913605965775,0.015311345272340503,-146.56395768505482,0.0,***,2020-10-20
7,temperature,-4.932693216415828,0.03375589561215014,-146.12834667732378,0.0,***,2020-10-20
5,rainfall,5.739512269205079,0.04170655127085924,137.61656368876825,0.0,***,2020-10-20
4,intercept,39164.73919694207,0.017252113785239425,2270141.484369913,0.0,***,2020-10-20
3,sma1,-0.7300477665660926,0.013426310848929958,-54.374412657388724,0.0,***,2020-10-20
2,sar1,0.992516860317922,6.792993980423792e-06,146108.89736958107,0.0,***,2020-10-20
1,ma1,0.40445367374947355,0.012347829122248367,32.75504299138116,0.0,***,2020-10-20
0,ar1,0.9996218620983105,3.32384488244972e-07,3007426.3314044164,0.0,***,2020-10-20
6,pv_capacity,-3.9790078462337988,0.021504789976124764,-185.028909868518,0.0,***,2020-10-20
13,sin_336_1,22.824946579173233,0.13278530380454412,171.89362019136433,0.0,***,2020-10-21
12,solar_16,0.2099817794224259,0.13513356557433365,1.553883215690924,0.12021227601973927,,2020-10-21
11,solar_4,-0.7857245481742936,0.07667651900377315,-10.247264200082286,0.0,***,2020-10-21
10,temp_9,-1.2471645576315042,0.10550265723534218,-11.821167260740031,0.0,***,2020-10-21
9,temp_1,-2.6055608022963312,0.1945327569242933,-13.393943742391635,0.0,***,2020-10-21
8,solar_power,-0.7386646338033245,0.0873222849496531,-8.459062130923533,0.0,***,2020-10-21
7,temperature,-4.594350297256369,0.23587146457319208,-19.478194641178053,0.0,***,2020-10-21
14,cos_336_1,6.615481951720421,0.04658664849375194,142.00381795242617,0.0,***,2020-10-21
5,rainfall,3.4672450581392695,0.33822940933740037,10.251163743956171,0.0,***,2020-10-21
4,intercept,36357.64890604116,0.15288900566286884,237804.20801618902,0.0,***,2020-10-21
3,sma1,-0.754663285621535,0.011750601493580377,-64.223374950961,0.0,***,2020-10-21
2,sar1,0.9934024687079722,2.1511109824696667e-05,46180.90265000915,0.0,***,2020-10-21
1,ma1,0.4074803767103768,0.01298340980737556,31.38469652855732,0.0,***,2020-10-21
0,ar1,0.9994800735108875,4.0906898759506217e-07,2443304.439642034,0.0,***,2020-10-21
6,pv_capacity,-3.1914584875585206,0.05083002797436501,-62.786872538572304,0.0,***,2020-10-21
14,cos_336_1,3.6985128689041935,0.01974500707567819,187.31382848983654,0.0,***,2020-10-22
13,sin_336_1,24.167377227951008,0.019294007706503413,1252.5846156786251,0.0,***,2020-10-22
12,solar_16,0.21139830015840072,0.058912464003286404,3.588345925347953,0.00033278256208713053,***,2020-10-22
11,solar_4,-0.8128249762605624,0.0475998608868869,-17.076204869423986,0.0,***,2020-10-22
10,temp_9,-3.432237708293789,0.04886941957433689,-70.23283145552607,0.0,***,2020-10-22
9,temp_1,-1.8374589332274454,0.0225151284129432,-81.6099690628969,0.0,***,2020-10-22
8,solar_power,-0.7755304693213105,0.05066777870116448,-15.306186479879901,0.0,***,2020-10-22
7,temperature,-5.384652756379637,0.019462365734319673,-276.67000147286376,0.0,***,2020-10-22
5,rainfall,2.8591093849681783,0.019872390128517152,143.87345289006365,0.0,***,2020-10-22
4,intercept,34106.40212266476,0.019277195047515006,1769261.660661641,0.0,***,2020-10-22
3,sma1,-0.7778160506325393,0.013639096498210825,-57.028414655954165,0.0,***,2020-10-22
2,sar1,0.9933426830298716,0.0011048086382915955,899.1083601282412,0.0,***,2020-10-22
1,ma1,0.4041609479258222,0.013373894684138816,30.220138371894716,0.0,***,2020-10-22
0,ar1,0.9965040336141134,0.0017906193488529153,556.5136075696277,0.0,***,2020-10-22
6,pv_capacity,-20.2363180884131,0.056675274640798176,-357.05725674323975,0.0,***,2020-10-22
9,temp_1,-4.285424801058518,0.1785281149151921,-24.004201260368788,0.0,***,2020-10-23
14,cos_336_1,3.159697236100475,0.1039430982453299,30.398336103498224,0.0,***,2020-10-23
13,sin_336_1,22.44603205606142,0.12803776225877223,175.30790651196014,0.0,***,2020-10-23
12,solar_16,0.22539643248620667,0.07751706735754609,2.9077007189470887,0.003640966031034587,**,2020-10-23
11,solar_4,-0.7793266730666175,0.08146523181204958,-9.566371514962617,0.0,***,2020-10-23
10,temp_9,-0.053753423307096426,1.1307230585098336,-0.04753898216061626,0.9620836621704734,,2020-10-23
8,solar_power,-0.7109511247884228,0.07301885005158422,-9.736542335111698,0.0,***,2020-10-23
7,temperature,-4.7796950137080785,0.45583296005901275,-10.485628360637397,0.0,***,2020-10-23
6,pv_capacity,-5.296032174318498,1.8372721302898514,-2.8825518479306527,0.003944682120467613,**,2020-10-23
5,rainfall,4.610278035919691,0.17012013024301187,27.100132296713138,0.0,***,2020-10-23
4,intercept,31285.09849801025,0.0616852286434347,507173.25988772186,0.0,***,2020-10-23
3,sma1,-0.7935170760640117,0.012100950951829954,-65.57477005094486,0.0,***,2020-10-23
2,sar1,0.994501137099226,0.0009973185251907944,997.1750368408835,0.0,***,2020-10-23
1,ma1,0.3943284192078983,0.016037271295414244,24.588248957330666,0.0,***,2020-10-23
0,ar1,0.9961130714820476,0.0012681223791933258,785.5023204587652,0.0,***,2020-10-23
14,cos_336_1,3.3184236079982377,0.5741344009906229,5.779872451942548,7.475728036610008e-09,***,2020-10-24
13,sin_336_1,21.92401631751835,1.6760072476985974,13.0810987527788,0.0,***,2020-10-24
12,solar_16,0.21676820700038854,0.07223767972269338,3.000763698841383,0.0026930346174431907,**,2020-10-24
11,solar_4,-0.80066085230678,0.06257977715354117,-12.794242624775364,0.0,***,2020-10-24
10,temp_9,0.4073724997420425,1.2143485922790689,0.3354658640296133,0.7372736908863011,,2020-10-24
9,temp_1,-3.9986364885117247,0.5137592165614377,-7.783094413905369,7.105427357601002e-15,***,2020-10-24
8,solar_power,-0.6747580924460834,0.06535125908951286,-10.325097050109692,0.0,***,2020-10-24
7,temperature,-4.687841416233368,0.07913181275622641,-59.24092034482693,0.0,***,2020-10-24
6,pv_capacity,-1.7310779524859754,10.90665762294868,-0.15871754778875768,0.873891412295944,,2020-10-24
5,rainfall,4.099496584272856,0.3992839817258625,10.267120074672714,0.0,***,2020-10-24
4,intercept,29446.18137814627,0.34769839747521275,84688.86135791142,0.0,***,2020-10-24
3,sma1,-0.8001778248528816,0.014592425796961938,-54.83514776682806,0.0,***,2020-10-24
2,sar1,0.9941483672325284,0.0016979549948754787,585.4974779855313,0.0,***,2020-10-24
1,ma1,0.39273282725090775,0.016849277332648446,23.30858585192367,0.0,***,2020-10-24
0,ar1,0.9996969471906506,0.0006413125481004178,1558.8295444269343,0.0,***,2020-10-24
13,sin_336_1,24.00562876093022,0.019287923004787755,1244.593767559701,0.0,***,2020-10-25
12,solar_16,0.16846465547940778,0.019295968867705536,8.730562151836626,0.0,***,2020-10-25
11,solar_4,-0.7077986170111934,0.01929515501757328,-36.68271212988741,0.0,***,2020-10-25
10,temp_9,0.4130726005794627,0.019287920758936535,21.41612907591798,0.0,***,2020-10-25
9,temp_1,-3.4961990083857017,0.01928792224598498,-181.26364072799385,0.0,***,2020-10-25
8,solar_power,-0.7720442362402764,0.01928869675168128,-40.02573352567129,0.0,***,2020-10-25
7,temperature,-5.8256822250114055,0.019287925026226532,-302.037788776657,0.0,***,2020-10-25
14,cos_336_1,1.4077412275523196,0.019287921047813576,72.98563821692422,0.0,***,2020-10-25
5,rainfall,1.9200925881832518,0.019287919648068728,99.54897278802734,0.0,***,2020-10-25
4,intercept,29636.454379878996,0.019287918537131753,1536529.425029713,0.0,***,2020-10-25
3,sma1,-0.7403031553582542,0.011178419565285874,-66.22610209203772,0.0,***,2020-10-25
2,sar1,0.9873228032910646,0.0004903954429809122,2013.3196941829954,0.0,***,2020-10-25
1,ma1,0.3937032899317301,0.01897477666895779,20.74877068649866,0.0,***,2020-10-25
0,ar1,0.9968024334902956,0.00012293952644665347,8108.071198101069,0.0,***,2020-10-25
6,pv_capacity,-3.172280266368034,0.019287916507686322,-164.46982571206516,0.0,***,2020-10-25
13,sin_336_1,20.779254015853905,0.019287926035260517,1077.3192502847155,0.0,***,2020-10-26
12,solar_16,0.21328960223087515,0.020128708766802332,10.59628835122535,0.0,***,2020-10-26
11,solar_4,-0.8008428012339049,0.01965801737160577,-40.73873708091489,0.0,***,2020-10-26
10,temp_9,-0.10117227745369561,0.01928784974961099,-5.245389131867129,1.5595281799285488e-07,***,2020-10-26
9,temp_1,-1.6297893209002474,0.01928824960962928,-84.49648640416842,0.0,***,2020-10-26
8,solar_power,-0.7383303152451504,0.019302109482468455,-38.25127589892464,0.0,***,2020-10-26
7,temperature,-4.063831239336196,0.01928836597274753,-210.68820682259812,0.0,***,2020-10-26
14,cos_336_1,3.9888202250382703,0.01928766202488322,206.8068291476826,0.0,***,2020-10-26
5,rainfall,-1.8066825540054197,0.019290557485039498,-93.65631633023385,0.0,***,2020-10-26
4,intercept,32646.39237126542,0.019287831726882712,1692590.0657752012,0.0,***,2020-10-26
3,sma1,-0.8000653081195616,0.010181493614670235,-78.58034767774832,0.0,***,2020-10-26
2,sar1,0.9945375544316409,3.151010806327126e-07,3156249.2659010952,0.0,***,2020-10-26
1,ma1,0.38823302456876,0.01545954966396951,25.112828834438012,0.0,***,2020-10-26
0,ar1,0.9994411675876183,2.154390717973093e-05,46390.8964724801,0.0,***,2020-10-26
6,pv_capacity,-1.383759146848206,0.019287865036951044,-71.74247352919811,0.0,***,2020-10-26
14,cos_336_1,4.816867919314055,0.040065395979623684,120.22514195950542,0.0,***,2020-10-27
13,sin_336_1,19.68445286160733,0.04917624849998374,400.28374392190244,0.0,***,2020-10-27
12,solar_16,0.13530732021636674,0.06880547428707545,1.9665196936486071,0.04923860972765315,*,2020-10-27
11,solar_4,-0.7266261563469272,0.023693738508781915,-30.667433764309013,0.0,***,2020-10-27
10,temp_9,0.2675174520046326,0.036381969512963235,7.353022818330757,1.9384494009955233e-13,***,2020-10-27
9,temp_1,-3.090920412761484,0.03966593094761962,-77.92380864180808,0.0,***,2020-10-27
8,solar_power,-0.7422858643931534,0.019852736727564213,-37.38959895451283,0.0,***,2020-10-27
7,temperature,-4.789683136691565,0.02865365681045346,-167.15783148991255,0.0,***,2020-10-27
5,rainfall,0.8872324859130458,0.04180319082534734,21.224037409485806,0.0,***,2020-10-27
4,intercept,31533.265472868286,0.014966231391709339,2106960.9741792707,0.0,***,2020-10-27
3,sma1,-0.8075873750707351,0.014691765319933457,-54.968709170368975,0.0,***,2020-10-27
2,sar1,0.9948837973820067,0.0011861238358235266,838.7689104074519,0.0,***,2020-10-27
1,ma1,0.3971423592869816,0.015954458789602093,24.89224890196895,0.0,***,2020-10-27
0,ar1,0.973659255182101,0.00422463590331429,230.47175602002784,0.0,***,2020-10-27
6,pv_capacity,-35.59003741759079,0.04168482109423411,-853.7888968537194,0.0,***,2020-10-27
8,solar_power,-0.7253917754547956,0.039549098972353806,-18.34154997973202,0.0,***,2020-10-28
13,sin_336_1,18.7337444969973,0.0483853482319641,387.178044212597,0.0,***,2020-10-28
12,solar_16,0.14027122177972992,0.026153459134738887,5.36339078731699,8.167404152992219e-08,***,2020-10-28
11,solar_4,-0.7216234625644415,0.02794297519378031,-25.82486143870121,0.0,***,2020-10-28
10,temp_9,0.317877197874175,0.044224399424196474,7.187823961725866,6.583622536027178e-13,***,2020-10-28
9,temp_1,-3.1982753880631627,0.03557362973501424,-89.90579291140425,0.0,***,2020-10-28
7,temperature,-5.652396117679018,0.01384952775426673,-408.129159200944,0.0,***,2020-10-28
14,cos_336_1,6.490850734483282,0.024050521094230854,269.8839958207925,0.0,***,2020-10-28
5,rainfall,0.5995804719177613,0.030748956440561012,19.499213674999826,0.0,***,2020-10-28
0,ar1,0.973488524628904,0.0036282343044350355,268.30916719985345,0.0,***,2020-10-28
1,ma1,0.39421513628463484,0.013147405607980353,29.98425301835595,0.0,***,2020-10-28
6,pv_capacity,-33.26131842268205,0.017432001006399134,-1908.0608365311657,0.0,***,2020-10-28
3,sma1,-0.814998448001736,0.01202764415524344,-67.76043899223924,0.0,***,2020-10-28
4,intercept,29963.68218562771,0.014582421881812448,2054780.9155761118,0.0,***,2020-10-28
2,sar1,0.9950510646990189,0.0009756899127842222,1019.8435503545875,0.0,***,2020-10-28
13,sin_336_1,20.621551411856395,0.012356984245702649,1668.8174882984001,0.0,***,2020-10-29
12,solar_16,0.16251443922998,0.021533023797882654,7.547218670048563,4.440892098500626e-14,***,2020-10-29
11,solar_4,-0.7037483829198907,0.03729971886593014,-18.86739107738155,0.0,***,2020-10-29
10,temp_9,0.619358704578481,0.014822576844211911,41.78481994649501,0.0,***,2020-10-29
9,temp_1,-3.2395262329784593,0.02092636066814834,-154.80600207322658,0.0,***,2020-10-29
8,solar_power,-0.6758429978875284,0.02716991337789558,-24.874683569560766,0.0,***,2020-10-29
7,temperature,-5.33183976084274,0.016161237169486614,-329.9153217619734,0.0,***,2020-10-29
14,cos_336_1,4.35459510849216,0.009716585659852499,448.16103731629784,0.0,***,2020-10-29
5,rainfall,0.46832050995362806,0.01679460220869083,27.88518025817144,0.0,***,2020-10-29
4,intercept,27359.732564743324,0.013392087562206676,2042977.4251143811,0.0,***,2020-10-29
3,sma1,-0.815088044796271,0.011143547076110275,-73.14439820904697,0.0,***,2020-10-29
2,sar1,0.9947350830524753,0.0006925238567306796,1436.3910692528311,0.0,***,2020-10-29
1,ma1,0.3889568647868828,0.013851238107808292,28.081017867104457,0.0,***,2020-10-29
0,ar1,0.9727854294216406,0.004592485157920748,211.8211373517144,0.0,***,2020-10-29
6,pv_capacity,-29.777573103098803,0.02054151456545956,-1449.6288970419748,0.0,***,2020-10-29
14,cos_336_1,3.8959355162966625,0.06022990430266377,64.6844048882933,0.0,***,2020-10-30
13,sin_336_1,20.185795561145838,0.02102399605600516,960.1312475218097,0.0,***,2020-10-30
12,solar_16,0.15163755683377952,0.3370080303205627,0.44995235481344936,0.6527447956928845,,2020-10-30
11,solar_4,-0.6817673507255865,0.10742681487073975,-6.3463424057198035,2.2049428949344474e-10,***,2020-10-30
10,temp_9,-0.07707336192885705,0.07687348093350772,-1.002600129367398,0.3160538333722043,,2020-10-30
9,temp_1,-2.917846183278259,0.06246018625418329,-46.715297508144005,0.0,***,2020-10-30
8,solar_power,-0.6733828828716213,0.09242569243489365,-7.285667709181237,3.2018832030189515e-13,***,2020-10-30
7,temperature,-4.98702300227319,0.022010271530151417,-226.57707768128031,0.0,***,2020-10-30
5,rainfall,0.39301937474647275,0.021837619928827563,17.997353925353966,0.0,***,2020-10-30
4,intercept,26210.707405042285,0.04855355583030034,539830.8518669858,0.0,***,2020-10-30
3,sma1,-0.8118662567927601,0.01598716865730752,-50.782366421190346,0.0,***,2020-10-30
2,sar1,0.9944158801497471,0.0016877464503270764,589.1974354068614,0.0,***,2020-10-30
0,ar1,0.9722683683540001,0.003777547663347597,257.380834075934,0.0,***,2020-10-30
6,pv_capacity,-28.202198781104016,0.14500359929531187,-194.4930947794468,0.0,***,2020-10-30
1,ma1,0.3891675692396087,0.01564054987128289,24.881962107620446,0.0,***,2020-10-30
14,cos_336_1,4.0357545986891585,0.25670349804656634,15.72146320326756,0.0,***,2020-10-31
8,solar_power,-0.666455797840058,0.057469870639537964,-11.596612110373389,0.0,***,2020-10-31
13,sin_336_1,19.604247378118398,0.1216951805727973,161.09304646120526,0.0,***,2020-10-31
12,solar_16,0.133465011414865,0.04767415024394653,2.7995257541441307,0.0051177733877230125,**,2020-10-31
11,solar_4,-0.6819593726112372,0.131666409257204,-5.1794483988627835,2.2254295894974518e-07,***,2020-10-31
10,temp_9,-0.20023342391760934,0.06231800021313984,-3.2130912935712246,0.0013131454255317365,**,2020-10-31
9,temp_1,-3.6663768053906196,0.0859261231338951,-42.66894247838294,0.0,***,2020-10-31
7,temperature,-5.020798559354489,0.0699943771233102,-71.73145566406382,0.0,***,2020-10-31
5,rainfall,-0.3252337702042496,0.23600416892273243,-1.378084852012639,0.16817709187623908,,2020-10-31
4,intercept,24829.956576003122,0.030909496706033213,803311.5780612685,0.0,***,2020-10-31
3,sma1,-0.8142973396580838,0.013187128641817696,-61.74940442120705,0.0,***,2020-10-31
2,sar1,0.9945900038390493,0.0015130628913418583,657.3355341211218,0.0,***,2020-10-31
1,ma1,0.387721421447012,0.014116552662441518,27.465729822167074,0.0,***,2020-10-31
0,ar1,0.9723956693865247,0.005907135509248287,164.61374008842859,0.0,***,2020-10-31
6,pv_capacity,-26.062765289942945,0.05655404893467186,-460.8470265329583,0.0,***,2020-10-31
13,sin_336_1,19.170272725035037,0.02424174379402713,790.7959463608538,0.0,***,2020-11-01
12,solar_16,0.13631634139012147,0.03188362824762631,4.275433784744056,1.907654940880299e-05,***,2020-11-01
11,solar_4,-0.6424563341605952,0.04525496906006862,-14.196371083755217,0.0,***,2020-11-01
10,temp_9,0.24100742808148823,0.018705445820995335,12.884345574430366,0.0,***,2020-11-01
9,temp_1,-3.3892479938596836,0.022557865694208545,-150.24683805657338,0.0,***,2020-11-01
8,solar_power,-0.6347596480533042,0.0357564292465028,-17.752322069894262,0.0,***,2020-11-01
7,temperature,-6.812614891876365,0.02083167662354985,-327.03152103344485,0.0,***,2020-11-01
14,cos_336_1,3.504777845130564,0.019266436240473448,181.91106032199127,0.0,***,2020-11-01
5,rainfall,-0.1566384543393724,0.018773536385659654,-8.343577423112578,0.0,***,2020-11-01
4,intercept,27252.11441663857,0.021259113786358204,1281902.6555154913,0.0,***,2020-11-01
3,sma1,-0.817287915970527,0.015490440201322501,-52.760793453807125,0.0,***,2020-11-01
2,sar1,0.9946755829009339,0.001412745667373098,704.0726479455172,0.0,***,2020-11-01
1,ma1,0.38983297672993666,0.016521184366750076,23.59594615471395,0.0,***,2020-11-01
0,ar1,0.9714528682297393,0.007823411770966439,124.17253452450377,0.0,***,2020-11-01
6,pv_capacity,-29.808194552463647,0.040054566760419005,-744.1896633349537,0.0,***,2020-11-01
14,cos_336_1,9.353513080310513,0.8694162415237069,10.758383192747688,0.0,***,2020-11-02
13,sin_336_1,13.246897077773362,0.9185444152363647,14.421618441133955,0.0,***,2020-11-02
12,solar_16,0.1355209453322033,0.05732628415549296,2.364028077672252,0.0180774424602137,*,2020-11-02
11,solar_4,-0.584156323864401,0.06035868583170587,-9.678082214930347,0.0,***,2020-11-02
10,temp_9,-0.20332674383277194,0.23685597059291683,-0.8584404409303602,0.39064930480110593,,2020-11-02
9,temp_1,-1.9102773173006469,0.24765272831098656,-7.713532293098108,1.2212453270876722e-14,***,2020-11-02
8,solar_power,-0.6308484259020872,0.06215256138116431,-10.149998839682084,0.0,***,2020-11-02
7,temperature,-7.278095843467327,0.0729171493160711,-99.8132251703814,0.0,***,2020-11-02
5,rainfall,1.61156029257927,0.23750174340294436,6.785467211687386,1.1571188451853232e-11,***,2020-11-02
4,intercept,28361.739376240377,0.11234407315522354,252454.25574924218,0.0,***,2020-11-02
3,sma1,-0.8146149416785974,0.011688810905543138,-69.69185730366172,0.0,***,2020-11-02
2,sar1,0.9954351494018634,0.0008562224572318995,1162.5893960081678,0.0,***,2020-11-02
1,ma1,0.3888177693641985,0.015256162749388577,25.485947924866046,0.0,***,2020-11-02
0,ar1,0.9914998387888244,0.002088135018646378,474.8255404631635,0.0,***,2020-11-02
6,pv_capacity,-18.477879652160482,1.0694244948885976,-17.278339649481595,0.0,***,2020-11-02
8,solar_power,-0.6160903843196905,0.06544200624910299,-9.414295490492169,0.0,***,2020-11-03
13,sin_336_1,17.798034007584256,0.04934274691284131,360.7021319470232,0.0,***,2020-11-03
12,solar_16,0.14622420002089778,0.06464253873285242,2.262042965626661,0.023694748844552693,*,2020-11-03
11,solar_4,-0.568721239768778,0.060063689966776176,-9.468636377208298,0.0,***,2020-11-03
10,temp_9,-0.2434024319276169,0.1522737250774354,-1.5984532578016335,0.10994214007310554,,2020-11-03
9,temp_1,-2.4977526188112638,0.0888263151755826,-28.11951181216925,0.0,***,2020-11-03
7,temperature,-7.715570081822079,0.18725480755022886,-41.20358875033139,0.0,***,2020-11-03
14,cos_336_1,4.4714505917702665,0.07331105957615883,60.992851796462205,0.0,***,2020-11-03
5,rainfall,-0.02590164631510561,0.09239513737569069,-0.28033560045250144,0.7792200400997118,,2020-11-03
0,ar1,0.9963157024541799,0.0002524476343622298,3946.623247119026,0.0,***,2020-11-03
1,ma1,0.39151086427651327,0.014816675878866141,26.423663949816657,0.0,***,2020-11-03
6,pv_capacity,-5.223135364870359,0.2151061514629503,-24.28166432873951,0.0,***,2020-11-03
3,sma1,-0.8213608673259088,0.008757323474307875,-93.79131303481104,0.0,***,2020-11-03
4,intercept,26554.02060757947,0.020828306656481797,1274900.597803318,0.0,***,2020-11-03
2,sar1,0.9952586498489683,0.00015604245147470455,6378.127493147632,0.0,***,2020-11-03
14,cos_336_1,4.213608273079321,0.011146420842826773,378.0234330368899,0.0,***,2020-11-04
13,sin_336_1,19.65192008783287,0.049517558826353184,396.867708215336,0.0,***,2020-11-04
12,solar_16,0.14152973625951915,0.02812316737936884,5.0324963170167445,4.841339105166043e-07,***,2020-11-04
11,solar_4,-0.5689683359790354,0.012916810600384951,-44.048670649554836,0.0,***,2020-11-04
10,temp_9,-0.4287347733648055,0.020171297081094997,-21.254695304974987,0.0,***,2020-11-04
8,solar_power,-0.6149508309832044,0.03426088822324617,-17.949062703107547,0.0,***,2020-11-04
7,temperature,-8.33233467758987,0.030044790331867535,-277.3304318503442,0.0,***,2020-11-04
9,temp_1,-3.45697662283027,0.032862974749545124,-105.19366092621058,0.0,***,2020-11-04
5,rainfall,2.403988919144467,0.019027141360830124,126.3452493233374,0.0,***,2020-11-04
4,intercept,25029.619790556357,0.009929353085194211,2520770.44453967,0.0,***,2020-11-04
3,sma1,-0.8225793022894423,0.010146371571710711,-81.07127720247217,0.0,***,2020-11-04
2,sar1,0.995271436269601,0.0005045590537375415,1972.5568868442413,0.0,***,2020-11-04
1,ma1,0.39336420174289166,0.015268836135975598,25.762553100957604,0.0,***,2020-11-04
0,ar1,0.9745530252814442,0.003373480926900973,288.8864785065529,0.0,***,2020-11-04
6,pv_capacity,-24.086282841562934,0.02136654068639688,-1127.2897749375777,0.0,***,2020-11-04
9,temp_1,-3.2271676950144954,0.0894960309987685,-36.05933871032674,0.0,***,2020-11-05
13,sin_336_1,19.98005579394108,0.10759000241863748,185.70550557474473,0.0,***,2020-11-05
14,cos_336_1,4.363295870666607,0.1935780191408281,22.540244445276134,0.0,***,2020-11-05
12,solar_16,0.18584471049896395,0.05621858078568378,3.305752438102988,0.0009472173679485607,***,2020-11-05
11,solar_4,-0.5439905898275882,0.062099536473697675,-8.759978265828055,0.0,***,2020-11-05
10,temp_9,0.15317817066953765,0.2979708058053427,0.5140710689946093,0.6072023036562284,,2020-11-05
8,solar_power,-0.6176470125611857,0.06662520256605992,-9.270471064591199,0.0,***,2020-11-05
1,ma1,0.39606104402869285,0.016449804110527145,24.07694592394759,0.0,***,2020-11-05
6,pv_capacity,-20.499079648488078,1.0696793376941354,-19.16376144338463,0.0,***,2020-11-05
5,rainfall,1.7643303035688405,0.5494678290654436,3.210980170703866,0.001322830624637783,**,2020-11-05
4,intercept,21941.832401833166,0.18786703623119771,116794.47784991162,0.0,***,2020-11-05
3,sma1,-0.8207505615621298,0.012495467425956423,-65.68386228251147,0.0,***,2020-11-05
2,sar1,0.9947498438902435,0.0011454228870432532,868.4564060510867,0.0,***,2020-11-05
0,ar1,0.9713666113502761,0.004957868866835844,195.9242241859073,0.0,***,2020-11-05
7,temperature,-8.059951905971502,0.49113181982401705,-16.410974774266414,0.0,***,2020-11-05
14,cos_336_1,1.9994355638744963,0.09061710968625114,22.064658327740286,0.0,***,2020-11-06
13,sin_336_1,19.950291769849766,0.1663794635554174,119.9083789761394,0.0,***,2020-11-06
12,solar_16,0.14126489092990077,0.06976419187295098,2.0248910958097417,0.042878548124682725,*,2020-11-06
11,solar_4,-0.5420643091625761,0.10674672757669873,-5.0780414675765755,3.8134547608592584e-07,***,2020-11-06
10,temp_9,-0.1130940783494001,0.852282215745633,-0.13269557461134854,0.8944341428635636,,2020-11-06
8,solar_power,-0.632247999918178,0.054062817488520966,-11.694692013645456,0.0,***,2020-11-06
9,temp_1,-3.4542978506666344,0.17214774959776483,-20.065890252633807,0.0,***,2020-11-06
7,temperature,-8.594154678906307,0.8351922493438445,-10.290031649189952,0.0,***,2020-11-06
5,rainfall,0.13946889004455443,0.025702787501461127,5.426216515878911,5.7561129196415095e-08,***,2020-11-06
4,intercept,16017.425846879663,0.16376508040213725,97807.33357531222,0.0,***,2020-11-06
3,sma1,-0.8264306347856736,0.01223408765319078,-67.5514724279527,0.0,***,2020-11-06
2,sar1,0.9948212191817282,0.0010202418101548187,975.0837588500386,0.0,***,2020-11-06
1,ma1,0.39498858904328094,0.01466490599093348,26.934273515798946,0.0,***,2020-11-06
0,ar1,0.9702712044256465,0.006509553222505699,149.05342521374507,0.0,***,2020-11-06
6,pv_capacity,-12.06730053316278,1.1482732853868731,-10.509084106312807,0.0,***,2020-11-06
13,sin_336_1,18.228164511607353,0.019410232413141125,939.100785793091,0.0,***,2020-11-07
12,solar_16,0.14919536426918556,0.05344819898188872,2.7914011531004332,0.005248038452369208,**,2020-11-07
11,solar_4,-0.5426699617312165,0.03716080792007027,-14.603287498443343,0.0,***,2020-11-07
10,temp_9,-0.46467498467308843,0.025541205832519363,-18.193149834823334,0.0,***,2020-11-07
9,temp_1,-3.713340418385629,0.022465006530487962,-165.29442861929013,0.0,***,2020-11-07
8,solar_power,-0.6200670391618672,0.04217780007784655,-14.701265547691545,0.0,***,2020-11-07
7,temperature,-8.813460506621595,0.01976542967334199,-445.90280364653427,0.0,***,2020-11-07
14,cos_336_1,3.3402106311345783,0.058249211612726934,57.3434478966368,0.0,***,2020-11-07
5,rainfall,-0.44171230782603743,0.035026850161888494,-12.610677402750001,0.0,***,2020-11-07
4,intercept,15794.442764192376,0.019103147945563816,826797.908344745,0.0,***,2020-11-07
3,sma1,-0.8258650206875874,0.012453127992704099,-66.31787781924638,0.0,***,2020-11-07
2,sar1,0.9945849873109065,0.0011079818631776538,897.6545739281969,0.0,***,2020-11-07
1,ma1,0.39501059046531806,0.014230592476528784,27.757845719834116,0.0,***,2020-11-07
0,ar1,0.9695802940085224,0.0038325851037747387,252.98336964613682,0.0,***,2020-11-07
6,pv_capacity,-11.941322358053185,0.061055990923001076,-195.5798632948669,0.0,***,2020-11-07
14,cos_336_1,3.247598418073888,1.0399801763876386,3.122750309870704,0.0017916967869362477,**,2020-11-08
13,sin_336_1,19.907576053104027,1.3984810482493366,14.235141819065026,0.0,***,2020-11-08
12,solar_16,0.143288459787356,0.052067275920456076,2.751986871874377,0.005923489547390304,**,2020-11-08
11,solar_4,-0.5134561147622049,0.05398911679364771,-9.510363296452693,0.0,***,2020-11-08
10,temp_9,-0.9613634038406698,0.6782366986375201,-1.417445275037329,0.15635278356724847,,2020-11-08
9,temp_1,-3.9696030566041554,2.423635173808097,-1.6378715326065276,0.10144849552734247,,2020-11-08
8,solar_power,-0.6201582653743714,0.0523038265130462,-11.856843116816407,0.0,***,2020-11-08
7,temperature,-8.671996499279203,0.48818076660385656,-17.763904464340065,0.0,***,2020-11-08
5,rainfall,-0.15970756469732805,0.040886763584226576,-3.9060945571867305,9.379981910795365e-05,***,2020-11-08
4,intercept,17301.469864350147,0.023439007858067212,738148.5585532301,0.0,***,2020-11-08
3,sma1,-0.8267946822026577,0.012111537334603188,-68.26504838823965,0.0,***,2020-11-08
2,sar1,0.9945435027530986,0.0011544940376674573,861.4539965598062,0.0,***,2020-11-08
1,ma1,0.39882151734063365,0.014395379329924823,27.704828625916896,0.0,***,2020-11-08
0,ar1,0.9696357204615426,0.004863860352587039,199.35517267591842,0.0,***,2020-11-08
6,pv_capacity,-14.483355751336603,0.9288511915113659,-15.592762203136365,0.0,***,2020-11-08
14,cos_336_1,4.673086976463568,0.5449319346124256,8.575542521264108,0.0,***,2020-11-09
13,sin_336_1,18.629039035109752,0.25700171762116825,72.48604876084823,0.0,***,2020-11-09
12,solar_16,0.1486405688221719,0.059396427089934804,2.502517004888333,0.01233137014504071,*,2020-11-09
11,solar_4,-0.4922816772231794,0.059987444453065204,-8.206411886879856,2.220446049250313e-16,***,2020-11-09
10,temp_9,-1.102420917719959,0.11188861088736539,-9.852843010355453,0.0,***,2020-11-09
9,temp_1,-5.08415362477027,0.4988620382891968,-10.191502328391081,0.0,***,2020-11-09
8,solar_power,-0.6351452541287372,0.06559799236831339,-9.682388609739515,0.0,***,2020-11-09
7,temperature,-8.833806441319894,0.25625893711774683,-34.472188719259776,0.0,***,2020-11-09
5,rainfall,0.2103464394990624,0.09364569132664273,2.246194528751561,0.02469155053923333,*,2020-11-09
0,ar1,0.9719284190436093,0.003884433256193118,250.2111260359596,0.0,***,2020-11-09
1,ma1,0.3980430706841831,0.0165617091080446,24.03393684114641,0.0,***,2020-11-09
6,pv_capacity,-16.618722632119443,0.4360056219343618,-38.1158448333524,0.0,***,2020-11-09
3,sma1,-0.8177104521376091,0.012378481437519991,-66.05902802092307,0.0,***,2020-11-09
4,intercept,19051.886775133844,0.14975791385875384,127217.89643185657,0.0,***,2020-11-09
2,sar1,0.9941026174584426,0.0011604011337089653,856.6887678582438,0.0,***,2020-11-09
13,sin_336_1,17.297192242625385,0.029213709107315317,592.0916162711446,0.0,***,2020-11-10
12,solar_16,0.14976569408155294,0.06802125678254044,2.2017484116817214,0.027683084975752115,*,2020-11-10
11,solar_4,-0.48567264668210347,0.06952488315085627,-6.985594576668079,2.836619827917275e-12,***,2020-11-10
10,temp_9,-0.7792571962966264,0.013419023646292478,-58.07108004552374,0.0,***,2020-11-10
9,temp_1,-5.436380110073902,0.06513642495429377,-83.46144440516362,0.0,***,2020-11-10
8,solar_power,-0.6355002854857759,0.03132859724933178,-20.284990113923175,0.0,***,2020-11-10
7,temperature,-8.790303374519453,0.013413177297139383,-655.3483324487297,0.0,***,2020-11-10
14,cos_336_1,5.048339940918496,0.019469055085214147,259.3007168977851,0.0,***,2020-11-10
5,rainfall,0.24166182495810062,0.04130095762961843,5.851240233345003,4.879208814756453e-09,***,2020-11-10
4,intercept,18641.640264371483,0.01177350216840335,1583355.5723461974,0.0,***,2020-11-10
3,sma1,-0.8216551204997375,0.01111592269109387,-73.9169516857158,0.0,***,2020-11-10
2,sar1,0.9942743280679797,0.0010308247388267629,964.5425557011921,0.0,***,2020-11-10
1,ma1,0.3951659591052879,0.013104587513291889,30.15478043124012,0.0,***,2020-11-10
0,ar1,0.9719479511296258,0.0035769696553005683,271.7238458227721,0.0,***,2020-11-10
6,pv_capacity,-15.936951833059538,0.09334261264326987,-170.7360805719703,0.0,***,2020-11-10
14,cos_336_1,6.9370514675187565,0.25443834513008745,27.264174603761195,0.0,***,2020-11-11
13,sin_336_1,17.701469191504874,0.6490448637185016,27.273105729686833,0.0,***,2020-11-11
12,solar_16,0.15477070567037016,0.07226994265578363,2.141563975047435,0.03222858526029815,*,2020-11-11
11,solar_4,-0.46988183338061923,0.06287687394610317,-7.473046986772797,7.838174553853605e-14,***,2020-11-11
10,temp_9,-0.2947434703231071,0.12327139586141993,-2.3910126778677334,0.01680197267959538,*,2020-11-11
9,temp_1,-5.347160078557158,0.04414912434331913,-121.11588073583881,0.0,***,2020-11-11
8,solar_power,-0.6346996363976487,0.03961216641674183,-16.022845852969983,0.0,***,2020-11-11
7,temperature,-8.480728480150901,0.04143402006366241,-204.68031987049432,0.0,***,2020-11-11
5,rainfall,0.10737148938687824,0.05209910129972299,2.0609086665272116,0.0393117543343946,*,2020-11-11
4,intercept,18115.729220491317,0.21636193719167418,83728.81781162212,0.0,***,2020-11-11
3,sma1,-0.823741051971195,0.011426581045401125,-72.08989711780212,0.0,***,2020-11-11
2,sar1,0.994386015089514,0.001128189629742914,881.3997123126451,0.0,***,2020-11-11
0,ar1,0.9720306915349037,0.0036516562899832823,266.1889877755592,0.0,***,2020-11-11
6,pv_capacity,-15.210349381466585,0.4050722838716955,-37.549716401442026,0.0,***,2020-11-11
1,ma1,0.3934731736242286,0.014676772421107778,26.809244044579245,0.0,***,2020-11-11
14,cos_336_1,5.701738827043438,0.05542116647444241,102.88016636518842,0.0,***,2020-11-12
8,solar_power,-0.6261356707107666,0.057968509075068037,-10.801307135567928,0.0,***,2020-11-12
13,sin_336_1,20.725951768737996,0.042511027012356845,487.54295591855504,0.0,***,2020-11-12
12,solar_16,0.1607792798736396,0.049127050444250066,3.272724057718339,0.0010651641173671234,**,2020-11-12
11,solar_4,-0.4492633102233221,0.0414581092197671,-10.836560534919782,0.0,***,2020-11-12
10,temp_9,-0.16887754660813137,0.05047527465615786,-3.345747948050615,0.0008206095374163613,***,2020-11-12
9,temp_1,-5.407872414605624,0.04264864613331766,-126.80056472838245,0.0,***,2020-11-12
7,temperature,-8.35742242333481,0.04386262255798772,-190.5363139717887,0.0,***,2020-11-12
5,rainfall,0.10218392869683157,0.07741962453268735,1.319871147833951,0.1868780420444356,,2020-11-12
4,intercept,17697.673810773922,0.017111137684664362,1034278.0320583379,0.0,***,2020-11-12
3,sma1,-0.8184736165425242,0.011064335913374832,-73.97403901603654,0.0,***,2020-11-12
2,sar1,0.9940053952375448,0.001039379251512805,956.3452356690602,0.0,***,2020-11-12
1,ma1,0.3918457613203096,0.013420034891610385,29.198565017537646,0.0,***,2020-11-12
0,ar1,0.9727378755891247,0.0038052302680342885,255.6318033525007,0.0,***,2020-11-12
6,pv_capacity,-14.615885838177746,0.07166896352665351,-203.93605710151135,0.0,***,2020-11-12
13,sin_336_1,20.199462785828846,0.04604852632925896,438.6560091282276,0.0,***,2020-11-13
12,solar_16,0.16375247911614188,0.03789500054968999,4.321215905549881,1.5517174640100606e-05,***,2020-11-13
11,solar_4,-0.4560632047911718,0.028661189311174354,-15.912221919324297,0.0,***,2020-11-13
10,temp_9,0.09446345047095583,0.03263721722607634,2.8943475730976793,0.0037994733034185657,**,2020-11-13
9,temp_1,-6.201147188884145,0.07214234756075341,-85.95710284672893,0.0,***,2020-11-13
8,solar_power,-0.6301432501175483,0.05679590736950537,-11.094870727532074,0.0,***,2020-11-13
7,temperature,-8.525094665701772,0.026758768563807333,-318.5906946866165,0.0,***,2020-11-13
14,cos_336_1,5.466521909947848,0.036618951117085165,149.28122579123664,0.0,***,2020-11-13
5,rainfall,-0.19116772997904263,0.02353460941062953,-8.122834190428533,4.440892098500626e-16,***,2020-11-13
4,intercept,15790.42162064717,0.08623517318683943,183108.82946144516,0.0,***,2020-11-13
3,sma1,-0.8173091161899761,0.014143889619924578,-57.7853149418409,0.0,***,2020-11-13
2,sar1,0.9938660596913668,0.0022923286236349754,433.5617718350436,0.0,***,2020-11-13
1,ma1,0.3906541022891985,0.014470528062760857,26.996533961640715,0.0,***,2020-11-13
0,ar1,0.9742147856777562,0.003911533645921218,249.06210041005946,0.0,***,2020-11-13
6,pv_capacity,-11.658449241486323,0.11513340864461685,-101.26034987353276,0.0,***,2020-11-13
14,cos_336_1,4.700632188816619,0.02019414224344652,232.77206489629862,0.0,***,2020-11-14
13,sin_336_1,17.608779685281764,0.019384611228472914,908.3896229715076,0.0,***,2020-11-14
12,solar_16,0.12310501824639994,0.05022220087672596,2.4512071573400407,0.014237798619991748,*,2020-11-14
11,solar_4,-0.3786586766617491,0.040230928499241904,-9.412128697673095,0.0,***,2020-11-14
10,temp_9,0.40060719764206354,0.019276488610909383,20.782166593107778,0.0,***,2020-11-14
9,temp_1,-3.060982846961843,0.02008460096314779,-152.4044641254404,0.0,***,2020-11-14
8,solar_power,-0.7108759363320942,0.06514131299843819,-10.912827875439632,0.0,***,2020-11-14
7,temperature,-8.075653197735164,0.017240727131537518,-468.40560355269554,0.0,***,2020-11-14
5,rainfall,-0.9063382930071384,0.02016001158829507,-44.9572307554307,0.0,***,2020-11-14
4,intercept,13388.098291177912,0.019048887107347836,702828.3707982943,0.0,***,2020-11-14
3,sma1,-0.8169135613804681,0.015218999535483512,-53.67721836614896,0.0,***,2020-11-14
2,sar1,0.993457589885152,0.0014166130567855003,701.290719527498,0.0,***,2020-11-14
1,ma1,0.3967358972788079,0.013553431889962525,29.271988120781774,0.0,***,2020-11-14
0,ar1,0.9726151490407954,0.004569232581120386,212.86181689668072,0.0,***,2020-11-14
6,pv_capacity,-8.520661714889684,0.05938415009236143,-143.48376968664732,0.0,***,2020-11-14
9,temp_1,-2.343529184264502,0.044859829057598166,-52.24115279742835,0.0,***,2020-11-15
13,sin_336_1,17.328025658574195,0.1707626036886701,101.47435846179879,0.0,***,2020-11-15
12,solar_16,0.12833067126416065,0.05162390051105084,2.4858770839427295,0.0129232593098203,*,2020-11-15
11,solar_4,-0.3823666546086454,0.07326722369317369,-5.218795463165209,1.8009050806178095e-07,***,2020-11-15
14,cos_336_1,4.24663051361979,0.17509325947935317,24.25353509465365,0.0,***,2020-11-15
10,temp_9,0.3623076632971234,0.027036101785528927,13.400883979917865,0.0,***,2020-11-15
8,solar_power,-0.7452392168967634,0.04306424390916452,-17.30528970783042,0.0,***,2020-11-15
3,sma1,-0.8242254442147557,0.012514914854298603,-65.85945280575777,0.0,***,2020-11-15
6,pv_capacity,-10.836234790418075,0.2321914599401166,-46.66939427148956,0.0,***,2020-11-15
5,rainfall,0.031158009358023264,0.10611641494078473,0.293621014010039,0.7690475163787469,,2020-11-15
4,intercept,15060.68595112049,0.06083628381193801,247560.9127881198,0.0,***,2020-11-15
2,sar1,0.9940099715381894,0.001068515045696905,930.2723209572383,0.0,***,2020-11-15
1,ma1,0.39661082182913127,0.01292634616249446,30.682361190348576,0.0,***,2020-11-15
0,ar1,0.9730423783440906,0.0034462160614123476,282.3509498546394,0.0,***,2020-11-15
7,temperature,-8.179632052528405,0.09309592970161813,-87.86240256416099,0.0,***,2020-11-15
14,cos_336_1,5.391595188087518,0.01574350927885415,342.4646368601709,0.0,***,2020-11-16
13,sin_336_1,14.84397731362028,0.021989740302373093,675.0410468475767,0.0,***,2020-11-16
12,solar_16,0.13555510552181965,0.06544392947285697,2.071316722783913,0.038329207517539876,*,2020-11-16
11,solar_4,-0.3236271319954813,0.1821936943639932,-1.7762806398169149,0.07568667260165807,.,2020-11-16
10,temp_9,-0.07007192233138326,0.04503357324947606,-1.5559929464890623,0.11970976964454838,,2020-11-16
9,temp_1,-1.766953300569721,0.0650152357674106,-27.177526616852177,0.0,***,2020-11-16
8,solar_power,-0.7642207107832348,0.20597183067485553,-3.7103166402867185,0.00020700017872332666,***,2020-11-16
7,temperature,-7.240122691666556,0.019109602852802433,-378.8735301008513,0.0,***,2020-11-16
6,pv_capacity,-12.489444946373169,0.22105424492087444,-56.4994576369421,0.0,***,2020-11-16
5,rainfall,0.1855504628442759,0.1935619367693742,0.9586102822754671,0.3377551106824703,,2020-11-16
4,intercept,16172.635953347664,0.22882494324558228,70676.89266720662,0.0,***,2020-11-16
3,sma1,-0.8170408178965943,0.01361778688887075,-59.99806169417498,0.0,***,2020-11-16
2,sar1,0.9937527736529819,0.0012205520373803937,814.1830444081851,0.0,***,2020-11-16
1,ma1,0.3902531580730235,0.014171260548336,27.538351774842454,0.0,***,2020-11-16
0,ar1,0.9738955677584585,0.002733468094529951,356.28569058748434,0.0,***,2020-11-16
13,sin_336_1,12.83418768173297,0.716207847935207,17.919641230870788,0.0,***,2020-11-17
12,solar_16,0.14191875176164354,0.06291911229571082,2.255574603383559,0.0240972852177177,*,2020-11-17
11,solar_4,-0.3017776932837316,0.058653412665601944,-5.145100337200209,2.673778622952483e-07,***,2020-11-17
10,temp_9,0.7288422103059773,0.12590775035804386,5.788700125555168,7.09332015347286e-09,***,2020-11-17
9,temp_1,2.0395541591880777,0.2779948674625187,7.3366612045924375,2.1893598045608087e-13,***,2020-11-17
8,solar_power,-0.7907367671467753,0.047068351218515665,-16.7997549664692,0.0,***,2020-11-17
7,temperature,-3.5401116162602193,0.8185880877543431,-4.3246556714157816,1.527702927783814e-05,***,2020-11-17
14,cos_336_1,4.515828616941236,0.46000877955195757,9.81683136860908,0.0,***,2020-11-17
5,rainfall,-0.679843542258368,0.6401524863142409,-1.0620025022048314,0.28823454925695735,,2020-11-17
4,intercept,15138.378142572366,0.46855747722786945,32308.476287980036,0.0,***,2020-11-17
3,sma1,-0.8072476192258619,0.013416022090979288,-60.17041517609321,0.0,***,2020-11-17
2,sar1,0.9926547818104583,0.0014578598866671032,680.8986178224734,0.0,***,2020-11-17
1,ma1,0.41631046765905017,0.013764011607733108,30.24630315083084,0.0,***,2020-11-17
0,ar1,0.9786613583900658,0.002918605599751487,335.31812536555015,0.0,***,2020-11-17
6,pv_capacity,-10.274898749309614,0.18911512027606922,-54.33145025268404,0.0,***,2020-11-17
13,sin_336_1,13.548326439677568,0.026510548324946467,511.0541763833897,0.0,***,2020-11-18
12,solar_16,0.14829258025577863,0.06133561598685068,2.417723827662708,0.015617925366931296,*,2020-11-18
11,solar_4,-0.3023782997697458,0.03680507025560129,-8.215669680014466,2.220446049250313e-16,***,2020-11-18
10,temp_9,2.067908395182002,0.039134267151800725,52.841372681405865,0.0,***,2020-11-18
9,temp_1,2.4576149981951962,0.03857201647421022,63.714973258875155,0.0,***,2020-11-18
8,solar_power,-0.7825820187632786,0.08673014076812499,-9.023184003073736,0.0,***,2020-11-18
7,temperature,-4.111405727719557,0.03960028915688509,-103.82261885592138,0.0,***,2020-11-18
14,cos_336_1,5.745809337722565,0.021058805671410486,272.845926182941,0.0,***,2020-11-18
5,rainfall,-0.6692496622945328,0.03035129379174177,-22.05011973745342,0.0,***,2020-11-18
4,intercept,15320.188806850461,0.030048797296280797,509843.6604897552,0.0,***,2020-11-18
3,sma1,-0.8127661412424488,0.01629046560363754,-49.89213697249784,0.0,***,2020-11-18
2,sar1,0.9929125440120353,0.0008472555400016756,1171.9162603646967,0.0,***,2020-11-18
1,ma1,0.41760778952372385,0.013566045245356841,30.783310977578793,0.0,***,2020-11-18
0,ar1,0.9783622181658911,0.002520747625611441,388.12382811570683,0.0,***,2020-11-18
6,pv_capacity,-10.761618026153883,0.05766295227393559,-186.6296747178218,0.0,***,2020-11-18
14,cos_336_1,5.328541675373808,0.04207726483969988,126.63707338568098,0.0,***,2020-11-19
13,sin_336_1,14.280632809917666,0.020977258787439907,680.7673468979735,0.0,***,2020-11-19
12,solar_16,0.16462401465606502,0.053336973785036844,3.0864895957454683,0.0020253503437150933,**,2020-11-19
11,solar_4,-0.3026748318488073,0.04682652310235128,-6.4637477180877685,1.0214118439932918e-10,***,2020-11-19
10,temp_9,1.7654722000706151,0.07679888729581787,22.988252333269873,0.0,***,2020-11-19
9,temp_1,2.742121971279072,0.06939857303031788,39.51265640694272,0.0,***,2020-11-19
8,solar_power,-0.7840109025526374,0.04790576248085077,-16.365690930522767,0.0,***,2020-11-19
7,temperature,-4.101339491516001,0.03767549252884495,-108.85961181200088,0.0,***,2020-11-19
5,rainfall,-0.5870700374061926,0.07602114688653933,-7.722456993215161,1.1324274851176597e-14,***,2020-11-19
4,intercept,15383.208500759236,0.01745314718216343,881400.2620960186,0.0,***,2020-11-19
3,sma1,-0.8199118467516344,0.010609339608167328,-77.28208135786758,0.0,***,2020-11-19
2,sar1,0.9932521880706249,0.0011180124217471704,888.4089020392306,0.0,***,2020-11-19
1,ma1,0.4207038392717631,0.013309735363424087,31.608730585874852,0.0,***,2020-11-19
0,ar1,0.9782416841696937,0.003042153404823273,321.56224686720634,0.0,***,2020-11-19
6,pv_capacity,-10.93268486543775,0.17921639955867147,-61.00270339299296,0.0,***,2020-11-19
8,solar_power,-0.769825596656716,0.04336295851834141,-17.753069046963198,0.0,***,2020-11-20
13,sin_336_1,13.928596974250379,0.0217999267008026,638.9286150094061,0.0,***,2020-11-20
12,solar_16,0.16472636166788684,0.04375490975165486,3.764751489669264,0.00016671480290098017,***,2020-11-20
11,solar_4,-0.3079832010503265,0.055196450029323385,-5.579764656725367,2.408442290047219e-08,***,2020-11-20
10,temp_9,1.7786559612147634,0.11038968120246284,16.11252013630311,0.0,***,2020-11-20
9,temp_1,3.1502541965636643,0.03933511641174384,80.08757781693329,0.0,***,2020-11-20
7,temperature,-4.627025193500458,0.28200407568212554,-16.407653620992456,0.0,***,2020-11-20
14,cos_336_1,3.630635127442509,0.09159382610739641,39.6384263191002,0.0,***,2020-11-20
5,rainfall,-0.7093448377063396,0.09919858149624597,-7.150755857664999,8.630873793435967e-13,***,2020-11-20
0,ar1,0.978141973393159,0.002822931053746784,346.4987117184117,0.0,***,2020-11-20
1,ma1,0.42039837790168433,0.014682155525137153,28.633287338628513,0.0,***,2020-11-20
6,pv_capacity,-10.066655729628565,0.04057600459264649,-248.0938138362919,0.0,***,2020-11-20
3,sma1,-0.8251619283061227,0.012553237271482042,-65.73299862503943,0.0,***,2020-11-20
4,intercept,14795.144061222029,0.19660336901962872,75253.7666826294,0.0,***,2020-11-20
2,sar1,0.9935448125281849,0.00113631188071193,874.3592576940254,0.0,***,2020-11-20
13,sin_336_1,10.919827261146407,0.2715732985828655,40.209502620944995,0.0,***,2020-11-21
12,solar_16,0.16786673273089237,0.06942090139095568,2.418100735764322,0.015601756943480316,*,2020-11-21
11,solar_4,-0.29587628994687043,0.07028499585512915,-4.2096650408392735,2.5574956572071983e-05,***,2020-11-21
10,temp_9,2.226136654899266,0.22417221672702964,9.930475272098466,0.0,***,2020-11-21
9,temp_1,3.152651269033041,0.0952996610592646,33.08145311316986,0.0,***,2020-11-21
8,solar_power,-0.7996439191573472,0.06681453085533437,-11.968113955461604,0.0,***,2020-11-21
7,temperature,-5.124207759875162,0.05989224400646827,-85.55711753464699,0.0,***,2020-11-21
14,cos_336_1,2.5869255379876086,0.021677044659560697,119.33940159350277,0.0,***,2020-11-21
5,rainfall,-1.0925739567683195,0.15228422242695802,-7.174570939496798,7.254197242900773e-13,***,2020-11-21
4,intercept,12386.797024832811,0.03603695989620279,343724.8053251575,0.0,***,2020-11-21
3,sma1,-0.8131063831091871,0.014169422851359711,-57.384580278169956,0.0,***,2020-11-21
2,sar1,0.9926210629176265,0.001697699950948576,584.6858052643564,0.0,***,2020-11-21
1,ma1,0.4250033903597908,0.01618545417433228,26.258354308882037,0.0,***,2020-11-21
0,ar1,0.9789623135922885,0.0036559181201994266,267.7746824206465,0.0,***,2020-11-21
6,pv_capacity,-6.725394129642609,1.743804816683117,-3.856735607850281,0.00011491133623042771,***,2020-11-21
14,cos_336_1,4.1178812661441935,0.03095453766981598,133.0299715689042,0.0,***,2020-11-22
13,sin_336_1,12.380699210991216,0.04809437549819567,257.42509561135057,0.0,***,2020-11-22
12,solar_16,0.17064966234529655,0.058700255628300696,2.907136613269237,0.003647538625840774,**,2020-11-22
11,solar_4,-0.28362714958981466,0.06480077803627304,-4.376909632644392,1.2037385164420655e-05,***,2020-11-22
10,temp_9,2.2719905498809707,0.028871661871393693,78.69275277610811,0.0,***,2020-11-22
9,temp_1,4.167841596846574,0.0894386549075453,46.600003110008345,0.0,***,2020-11-22
8,solar_power,-0.7784578206737649,0.050739543408732324,-15.342231490001772,0.0,***,2020-11-22
7,temperature,-4.1344762263297525,0.0789008712872117,-52.40089442459517,0.0,***,2020-11-22
5,rainfall,-0.9787310593328584,0.03413983276773618,-28.668302683011596,0.0,***,2020-11-22
4,intercept,12152.566774136487,0.0347895241972308,349316.8433474527,0.0,***,2020-11-22
3,sma1,-0.8309693792490719,0.011166158974480728,-74.41855172832298,0.0,***,2020-11-22
2,sar1,0.993350947149154,0.0008553056909871477,1161.3987345304365,0.0,***,2020-11-22
0,ar1,0.9792058684336341,0.004301576417171115,227.63884061778407,0.0,***,2020-11-22
6,pv_capacity,-6.4302137878107715,0.05459812516145349,-117.77352736556108,0.0,***,2020-11-22
1,ma1,0.42116222483705523,0.01636316078491004,25.73843955780519,0.0,***,2020-11-22
14,cos_336_1,2.907467249867719,0.009516767415517387,305.50996183084214,0.0,***,2020-11-23
8,solar_power,-0.7444551454154293,0.008847438610437821,-84.14357851968069,0.0,***,2020-11-23
13,sin_336_1,13.909644132892955,0.013754771803360152,1011.2595346361886,0.0,***,2020-11-23
12,solar_16,0.14261142190153323,0.015694658587825604,9.086621483576415,0.0,***,2020-11-23
11,solar_4,-0.2530608346408971,0.014206744468476832,-17.812725160392,0.0,***,2020-11-23
10,temp_9,2.682714240672529,0.01045856068602602,256.50893284550904,0.0,***,2020-11-23
9,temp_1,4.46421959332608,0.007677925596662564,581.4356413230396,0.0,***,2020-11-23
7,temperature,-5.089150868899878,0.007946688507053962,-640.4115203939905,0.0,***,2020-11-23
5,rainfall,-1.0266911507478653,0.016590158096060435,-61.88555556873611,0.0,***,2020-11-23
4,intercept,12228.41992224073,0.0064640828516638665,1891748.6367138862,0.0,***,2020-11-23
3,sma1,-0.8382508472650233,0.011568443958895409,-72.46012084628381,0.0,***,2020-11-23
2,sar1,0.9937973347515344,0.0005050614438789618,1967.6761051467204,0.0,***,2020-11-23
1,ma1,0.42287227383771736,0.01784131265231123,23.70185883060218,0.0,***,2020-11-23
0,ar1,0.9788499132522187,0.0009354988650243923,1046.3400329477643,0.0,***,2020-11-23
6,pv_capacity,-6.893579934086574,0.021144853703533424,-326.0169131808473,0.0,***,2020-11-23
13,sin_336_1,12.059249350718755,0.9347708301342984,12.900754882334319,0.0,***,2020-11-24
12,solar_16,0.17283126792098824,0.055795124166420025,3.097605220941613,0.0019509112539193296,**,2020-11-24
11,solar_4,-0.24488014994063606,0.0513527820797969,-4.76858584915843,1.855236116954373e-06,***,2020-11-24
10,temp_9,2.925010305716903,0.6617114106679431,4.420371567666252,9.853133241755074e-06,***,2020-11-24
9,temp_1,4.836944341381672,1.165034926024924,4.151759087502406,3.299294723380086e-05,***,2020-11-24
8,solar_power,-0.7765354664519926,0.06030599554192107,-12.876588131476781,0.0,***,2020-11-24
7,temperature,-5.211842857784404,2.215372241731539,-2.3525810965794256,0.018643623906611007,*,2020-11-24
14,cos_336_1,2.7839852330561703,1.9644105963857463,1.4172114720712319,0.1564211086898255,,2020-11-24
5,rainfall,-1.3778485212924352,0.3327218373029397,-4.141142440368045,3.455802616536552e-05,***,2020-11-24
4,intercept,9694.759349439684,0.2833169771631014,34218.773073590135,0.0,***,2020-11-24
3,sma1,-0.8554782626911613,0.01174112912985436,-72.86166885908126,0.0,***,2020-11-24
2,sar1,0.9946786177829594,0.0011344835489579014,876.7677756955029,0.0,***,2020-11-24
1,ma1,0.4249579766631262,0.014852344987565614,28.61218056939164,0.0,***,2020-11-24
0,ar1,0.9790886248624942,0.003317117556654076,295.16247408792026,0.0,***,2020-11-24
6,pv_capacity,-3.233375433865376,1.7764541075114713,-1.8201288849475652,0.06873937974998956,.,2020-11-24
14,cos_336_1,6.6942011471645495,0.04938987244356972,135.53793148206637,0.0,***,2020-11-25
13,sin_336_1,12.234032611594504,0.5203406469421858,23.51158358181041,0.0,***,2020-11-25
12,solar_16,0.16536306986962152,0.09275705342109887,1.7827546668489516,0.07462624818305419,.,2020-11-25
11,solar_4,-0.22814274226091624,0.04163398261650517,-5.479724204200259,4.259893304769946e-08,***,2020-11-25
10,temp_9,2.513817923897932,0.2323824783446939,10.81758806345621,0.0,***,2020-11-25
9,temp_1,5.2069186515753545,0.07585003170542014,68.64754746309849,0.0,***,2020-11-25
8,solar_power,-0.774676341552226,0.051014383460950476,-15.185449455548365,0.0,***,2020-11-25
7,temperature,-5.447017889909148,0.21634678286155082,-25.177253933999648,0.0,***,2020-11-25
5,rainfall,-1.605017240663301,0.0764042733811196,-21.006904059634962,0.0,***,2020-11-25
4,intercept,7752.829610314334,0.3673472538266067,21104.906949906814,0.0,***,2020-11-25
3,sma1,-0.8701387162413516,0.012073303064404408,-72.07130572301895,0.0,***,2020-11-25
2,sar1,0.9955495381457506,0.0010001775131606536,995.3728463657635,0.0,***,2020-11-25
1,ma1,0.41746556753369773,0.012037508906425574,34.680395319238876,0.0,***,2020-11-25
0,ar1,0.979265917734552,0.0016226651479522688,603.4922972064458,0.0,***,2020-11-25
6,pv_capacity,-0.635769333200642,0.324741474630267,-1.9577706664185548,0.05025692890612721,.,2020-11-25
8,solar_power,-0.7603907247517547,0.05679993454700346,-13.387176073636338,0.0,***,2020-11-26
13,sin_336_1,14.588305562554286,0.5573081419877142,26.176372572851957,0.0,***,2020-11-26
12,solar_16,0.17792345516614,0.058048367171281694,3.065089749056097,0.002176046870556503,**,2020-11-26
11,solar_4,-0.23562061624981745,0.05826611961142712,-4.0438700538349845,5.2576066742471284e-05,***,2020-11-26
10,temp_9,2.7838848643961196,0.7888201920287473,3.52917546042567,0.0004168566480677871,***,2020-11-26
9,temp_1,5.6928025923115335,0.5846054842042806,9.737853554453277,0.0,***,2020-11-26
7,temperature,-5.340587111586444,1.3018524894444408,-4.102298190377555,4.090666051448366e-05,***,2020-11-26
14,cos_336_1,4.515094880073484,1.8978844486914788,2.3790146355783013,0.017358986732406434,*,2020-11-26
5,rainfall,-2.0683852768053157,0.741168092871902,-2.7907100922149386,0.005259255569985077,**,2020-11-26
0,ar1,0.9790163151471954,0.003272677400898017,299.1484326803965,0.0,***,2020-11-26
1,ma1,0.4172897520744498,0.014685922091241933,28.414269766779157,0.0,***,2020-11-26
6,pv_capacity,5.988163261489035,1.040219355781948,5.756635106051883,8.580711030603538e-09,***,2020-11-26
3,sma1,-0.8841908621107774,0.010569569093395688,-83.65439066605441,0.0,***,2020-11-26
4,intercept,3204.128281487954,0.08548944131252642,37479.81308913369,0.0,***,2020-11-26
2,sar1,0.9964088774196932,0.0006737764700922584,1478.8419032847164,0.0,***,2020-11-26
14,cos_336_1,2.262826784410132,1.540623589124858,1.4687732943875778,0.14189428982604557,,2020-11-27
13,sin_336_1,13.051287740307965,1.6376721214637382,7.969414371322892,1.5543122344752192e-15,***,2020-11-27
12,solar_16,0.20301601881815504,0.057630253102982074,3.522733423630409,0.00042712073496620206,***,2020-11-27
11,solar_4,-0.21449181937683365,0.05839649454913837,-3.6730255991024796,0.00023969546044222412,***,2020-11-27
10,temp_9,4.0570812186584035,0.46003351946784404,8.819099145974276,0.0,***,2020-11-27
8,solar_power,-0.7618684082521616,0.056511613419370235,-13.48162549524766,0.0,***,2020-11-27
7,temperature,-4.461413458158063,0.5754400932934954,-7.753045903742024,8.881784197001252e-15,***,2020-11-27
9,temp_1,7.255975221083327,1.0884780021422544,6.666166157517839,2.6257218621594802e-11,***,2020-11-27
5,rainfall,-2.306040332618693,0.34992258963505246,-6.590144223108744,4.3939962779404595e-11,***,2020-11-27
4,intercept,2111.736998017523,0.04002904640821454,52755.11628436305,0.0,***,2020-11-27
3,sma1,-0.8858601076319021,0.00761151133518904,-116.38425913345905,0.0,***,2020-11-27
2,sar1,0.9965289330876138,0.0005559029557820585,1792.6311107406714,0.0,***,2020-11-27
1,ma1,0.42332459934544125,0.0134408110856544,31.495465314385868,0.0,***,2020-11-27
0,ar1,0.9804001669809435,0.002782293816372915,352.37118424071537,0.0,***,2020-11-27
6,pv_capacity,7.452895131545063,1.2298772616301283,6.0598690325136175,1.3623242534066549e-09,***,2020-11-27
9,temp_1,7.994642410198236,1.125151935255246,7.105389200956771,1.1999290450148692e-12,***,2020-11-28
13,sin_336_1,10.610243237758352,3.274266579793065,3.240494620456018,0.0011932252365860485,**,2020-11-28
14,cos_336_1,4.125579796296373,0.6311627877537794,6.53647502093515,6.298561672224423e-11,***,2020-11-28
12,solar_16,0.194340157286028,0.06128608558691265,3.171032305700536,0.0015189824927903661,**,2020-11-28
11,solar_4,-0.20885200325763384,0.056231988366676214,-3.7141137869028684,0.00020391703242017556,***,2020-11-28
10,temp_9,4.391005856602121,0.3581364802628501,12.260705341660232,0.0,***,2020-11-28
8,solar_power,-0.7682166534387136,0.05710654382959682,-13.452340168423346,0.0,***,2020-11-28
1,ma1,0.42305768065398697,0.014112917972636124,29.976627191787248,0.0,***,2020-11-28
6,pv_capacity,8.908401496516973,1.5786013908679826,5.64322415275382,1.6689482906784292e-08,***,2020-11-28
5,rainfall,-2.4408421582407698,1.1503258236830094,-2.1218702631797846,0.033848634222914065,*,2020-11-28
4,intercept,1145.985961863223,0.0265837609654549,43108.49632421877,0.0,***,2020-11-28
3,sma1,-0.8830607592938542,0.010256392852691185,-86.09857012859517,0.0,***,2020-11-28
2,sar1,0.9964557806055236,0.0007453047431526129,1336.9776453998543,0.0,***,2020-11-28
0,ar1,0.9810052897053072,0.001820400628869346,538.895270715552,0.0,***,2020-11-28
7,temperature,-4.51966153074622,0.5271118554088007,-8.574387929941366,0.0,***,2020-11-28
14,cos_336_1,5.878849566572109,0.11609929916760972,50.636391509004355,0.0,***,2020-11-29
13,sin_336_1,13.045178583035227,0.06874290263883957,189.76764265500674,0.0,***,2020-11-29
12,solar_16,0.20340459443208098,0.060697809002541986,3.351102746123217,0.0008049043201134864,***,2020-11-29
11,solar_4,-0.18839272214246827,0.05133161030761747,-3.6701112825699003,0.00024244489771252375,***,2020-11-29
10,temp_9,5.03763762732738,0.020560305002785193,245.01765059637776,0.0,***,2020-11-29
8,solar_power,-0.779641118942374,0.06443487981912784,-12.099675224519212,0.0,***,2020-11-29
9,temp_1,10.476930206885246,0.03487003556473796,300.4565391805897,0.0,***,2020-11-29
7,temperature,-2.65428572324916,0.053559898679973086,-49.557332793118974,0.0,***,2020-11-29
5,rainfall,-2.43032901902086,0.20388034437389638,-11.92036940335885,0.0,***,2020-11-29
4,intercept,1623.4608476721817,0.04507476763008775,36017.06526798619,0.0,***,2020-11-29
3,sma1,-0.8763649568183022,0.0086364640522754,-101.47265727197826,0.0,***,2020-11-29
2,sar1,0.9959748371786583,0.0005021241363685732,1983.523127132819,0.0,***,2020-11-29
1,ma1,0.4353107540235294,0.015462301970834244,28.153036646460148,0.0,***,2020-11-29
0,ar1,0.9839391751276139,0.0008946347468166293,1099.8222220059702,0.0,***,2020-11-29
6,pv_capacity,8.205538307068252,0.16605168015768346,49.41556929310342,0.0,***,2020-11-29
13,sin_336_1,12.485044260332678,1.9058226823765274,6.550999930782672,5.7153171084678434e-11,***,2020-11-30
12,solar_16,0.22027053646183492,0.06253811080774824,3.5221808528719456,0.00042801204597364695,***,2020-11-30
11,solar_4,-0.22300567638322594,0.06943559079439894,-3.211691206654424,0.001319561267463687,**,2020-11-30
10,temp_9,3.8389440761641125,1.183105878594355,3.2448017929934996,0.0011753240097307494,**,2020-11-30
9,temp_1,12.721580614918683,1.459693361502816,8.715241810664452,0.0,***,2020-11-30
8,solar_power,-0.7983385803009533,0.05474531693755727,-14.582773924051649,0.0,***,2020-11-30
7,temperature,0.05723650927569679,1.5395383751040284,0.03717770872182985,0.9703433121856231,,2020-11-30
14,cos_336_1,3.4633941523385094,2.2667488709373833,1.5279125962049205,0.12653424034092398,,2020-11-30
5,rainfall,-2.1505971628013185,0.647811064415815,-3.319790724384571,0.0009008495154501084,***,2020-11-30
4,intercept,3775.682867460161,0.12756380213440655,29598.3876639389,0.0,***,2020-11-30
3,sma1,-0.8556408947453782,0.010914677311515972,-78.39360434802774,0.0,***,2020-11-30
2,sar1,0.9945110271518341,0.0009048417943746279,1099.0993490073922,0.0,***,2020-11-30
1,ma1,0.4536530824024556,0.014005514814947531,32.39103227524986,0.0,***,2020-11-30
0,ar1,0.9828218725390285,0.003270160368815147,300.5424082290885,0.0,***,2020-11-30
6,pv_capacity,4.910840059341581,0.6346882478958573,7.737405057714847,1.021405182655144e-14,***,2020-11-30
14,cos_336_1,3.8536132110642503,0.03816011150326446,100.98537607088981,0.0,***,2020-12-01
13,sin_336_1,13.889277953069328,0.04272035989077448,325.12080863974035,0.0,***,2020-12-01
12,solar_16,0.2154664385618057,0.10146098265412495,2.1236383970015273,0.033700392224552234,*,2020-12-01
11,solar_4,-0.2222639748323974,0.09386185991933563,-2.3679903106907307,0.017885004283835437,*,2020-12-01
10,temp_9,4.875094928927399,0.08828517624013599,55.2198583787965,0.0,***,2020-12-01
9,temp_1,13.232208120151318,0.045638108859771785,289.9376957272433,0.0,***,2020-12-01
8,solar_power,-0.7726828915761565,0.05687511890530507,-13.585604855835896,0.0,***,2020-12-01
7,temperature,0.6193749109714872,0.07260377308719963,8.530891503773455,0.0,***,2020-12-01
5,rainfall,-1.9701341919640072,0.10122165913630803,-19.463563517675276,0.0,***,2020-12-01
4,intercept,6196.94481323391,0.01943593786671413,318839.505236676,0.0,***,2020-12-01
3,sma1,-0.8681691367098726,0.009815254982854935,-88.45100185643376,0.0,***,2020-12-01
2,sar1,0.9953243051641776,0.0007763768035446829,1282.0119053272224,0.0,***,2020-12-01
1,ma1,0.4565128467502576,0.013377523116702766,34.1253640728357,0.0,***,2020-12-01
0,ar1,0.9822961915255234,0.0030183310235447837,325.44349306389086,0.0,***,2020-12-01
6,pv_capacity,1.641502959625086,0.15196434466693115,10.801895426343995,0.0,***,2020-12-01
14,cos_336_1,4.257265962644166,0.044327279791949184,96.04166965863264,0.0,***,2020-12-02
13,sin_336_1,15.096218387428257,0.0219678610962642,687.1956409991814,0.0,***,2020-12-02
12,solar_16,0.21378347635003506,0.06527859594834418,3.2749398672606986,0.0010568446696399558,**,2020-12-02
11,solar_4,-0.1941406933592475,0.07108285669336879,-2.7311886774150786,0.0063106331857578635,**,2020-12-02
10,temp_9,4.948185667430683,0.0375973779110141,131.60986064352957,0.0,***,2020-12-02
9,temp_1,12.906843885601457,0.04668744999699842,276.45210621765057,0.0,***,2020-12-02
8,solar_power,-0.7786420344971905,0.06094238650166213,-12.776690891091933,0.0,***,2020-12-02
7,temperature,0.679501977064632,0.028710831312796142,23.66709516912471,0.0,***,2020-12-02
5,rainfall,-2.3364020224509545,0.07480457554354487,-31.233410596533624,0.0,***,2020-12-02
0,ar1,0.9824279148890217,0.0009432578863273531,1041.5263197153645,0.0,***,2020-12-02
1,ma1,0.4615735663519626,0.01300029546157516,35.50485200249724,0.0,***,2020-12-02
6,pv_capacity,6.163375646802308,0.14975097408938887,41.157499537353836,0.0,***,2020-12-02
3,sma1,-0.8590399198965288,0.012020958816389453,-71.46184701384288,0.0,***,2020-12-02
4,intercept,2378.163747731999,0.018711028902389102,127099.5710678607,0.0,***,2020-12-02
2,sar1,0.9948665992773436,0.0004958944093822936,2006.2065239182475,0.0,***,2020-12-02
13,sin_336_1,15.604586751623113,0.1361115658287822,114.64556047538586,0.0,***,2020-12-03
12,solar_16,0.22352134254561074,0.06317321996326684,3.538229374339017,0.0004028199679180222,***,2020-12-03
11,solar_4,-0.16568897670615662,0.064036304240123,-2.5874225358924052,0.009669693515629296,**,2020-12-03
10,temp_9,5.063232037095891,0.21874791115395864,23.146424623603828,0.0,***,2020-12-03
9,temp_1,13.60091844986781,0.27706425579639316,49.089401340397906,0.0,***,2020-12-03
8,solar_power,-0.7746680372459521,0.06160792532118618,-12.574162061249506,0.0,***,2020-12-03
7,temperature,1.5112573484440386,0.08128452669153599,18.592189804820542,0.0,***,2020-12-03
14,cos_336_1,5.174276329547803,0.11072826927716765,46.729497022986045,0.0,***,2020-12-03
5,rainfall,-2.4024075355060432,0.11758221442077005,-20.431725557650964,0.0,***,2020-12-03
4,intercept,-121.33979705583073,0.02032449675248964,-5970.125535382186,0.0,***,2020-12-03
3,sma1,-0.8656541832691848,0.00957671318455509,-90.39157449815605,0.0,***,2020-12-03
2,sar1,0.9952197935244196,0.00022534455083250528,4416.4360302821315,0.0,***,2020-12-03
1,ma1,0.46343500150483735,0.012604932424522859,36.76616310954797,0.0,***,2020-12-03
0,ar1,0.9829242552338333,0.0016749673262755164,586.8318980403511,0.0,***,2020-12-03
6,pv_capacity,9.046390616111971,0.9739356226262714,9.288489306631867,0.0,***,2020-12-03
14,cos_336_1,5.137167647565878,1.2439987117316322,4.12956026330204,3.634577282185525e-05,***,2020-12-04
13,sin_336_1,15.513811669089069,1.551772801905434,9.99747620917156,0.0,***,2020-12-04
12,solar_16,0.22503792011366786,0.05976749819252302,3.7652223519340877,0.00016640093681696833,***,2020-12-04
11,solar_4,-0.14858852934721883,0.0629695837816024,-2.359687335119903,0.018290343410750642,*,2020-12-04
10,temp_9,5.95050998007412,0.3478269806234236,17.10767223810181,0.0,***,2020-12-04
9,temp_1,13.818981638969454,0.6186359901712142,22.337823628956507,0.0,***,2020-12-04
8,solar_power,-0.8023713942897626,0.06312429700654709,-12.710975525106326,0.0,***,2020-12-04
7,temperature,2.361373670216466,1.0908960259688554,2.1646184549249443,0.03041691651699785,*,2020-12-04
5,rainfall,-2.5078693633937803,0.7552926197040978,-3.3203943716228714,0.0008989036798083827,***,2020-12-04
4,intercept,-1325.8900218914023,0.14464349161153942,-9166.606856064203,0.0,***,2020-12-04
3,sma1,-0.8700010800025236,0.009837066048507042,-88.44111401839804,0.0,***,2020-12-04
2,sar1,0.9954110502098673,0.0005615142780440323,1772.7261605479782,0.0,***,2020-12-04
0,ar1,0.9836285404243652,0.0027432872157445087,358.55835101007295,0.0,***,2020-12-04
6,pv_capacity,10.292363746112187,0.6871058169085044,14.979299392953221,0.0,***,2020-12-04
1,ma1,0.46199275435194526,0.013048001339357008,35.40716638021987,0.0,***,2020-12-04
14,cos_336_1,5.427104518427433,0.02955373926093028,183.63512212486785,0.0,***,2020-12-05
8,solar_power,-0.7938843082398295,0.061859208793828606,-12.833728780556784,0.0,***,2020-12-05
13,sin_336_1,14.131175553520803,0.020310142648495382,695.7693896141922,0.0,***,2020-12-05
12,solar_16,0.23062301468208846,0.06349032339527183,3.632412033032157,0.00028078430840761115,***,2020-12-05
11,solar_4,-0.14580002288944804,0.061679816925071546,-2.363820616824552,0.018087568214745664,*,2020-12-05
10,temp_9,6.467329975537089,0.5813993872807296,11.123730291126586,0.0,***,2020-12-05
9,temp_1,13.684856368478078,1.3662086490402148,10.016666471912563,0.0,***,2020-12-05
7,temperature,2.8527691403642024,1.0498387631245087,2.717340262683623,0.00658089131968298,**,2020-12-05
5,rainfall,-2.472777072339312,0.24718210242081753,-10.003867788653682,0.0,***,2020-12-05
4,intercept,-810.2938295791716,0.019586612454946844,-41369.77904898107,0.0,***,2020-12-05
3,sma1,-0.8693119793261095,0.009802416806371003,-88.68343353458579,0.0,***,2020-12-05
2,sar1,0.9953489771015236,0.001064392294097361,935.1335805616778,0.0,***,2020-12-05
1,ma1,0.46493512991500024,0.014743285950493887,31.535380340325375,0.0,***,2020-12-05
0,ar1,0.9830727668699883,0.0044180293903537575,222.51385855793785,0.0,***,2020-12-05
6,pv_capacity,9.74037920844853,0.9118054610175855,10.682519051353513,0.0,***,2020-12-05
13,sin_336_1,13.24812450332965,1.2164156549881773,10.891116411567733,0.0,***,2020-12-06
12,solar_16,0.24019894843481324,0.06302128185229164,3.8113942048622245,0.00013818519546604513,***,2020-12-06
11,solar_4,-0.113247533393659,0.061519154659785094,-1.8408499599830914,0.06564354915395376,.,2020-12-06
10,temp_9,6.467896751684814,0.8953237161628544,7.224087371889006,5.044853423896711e-13,***,2020-12-06
9,temp_1,14.695890854479007,2.055831891820981,7.148391321754389,8.779643678735738e-13,***,2020-12-06
8,solar_power,-0.7735377331319029,0.06199746382304543,-12.47692543262337,0.0,***,2020-12-06
7,temperature,2.0768334177125496,1.4597632216138292,1.4227193745959181,0.15481752181981046,,2020-12-06
14,cos_336_1,7.140700119839668,0.6780681635940058,10.53094733424938,0.0,***,2020-12-06
5,rainfall,-2.2275705064051294,1.480369597480854,-1.5047394314202263,0.13239108113897835,,2020-12-06
4,intercept,1579.936959053541,0.059653359723422075,26485.297163123578,0.0,***,2020-12-06
3,sma1,-0.8721529148431693,0.010362402111511685,-84.1651294224808,0.0,***,2020-12-06
2,sar1,0.9952874667481939,0.0009807869087764501,1014.7846161505495,0.0,***,2020-12-06
1,ma1,0.4695663184817911,0.013262084342082744,35.406675630299006,0.0,***,2020-12-06
0,ar1,0.982401697160755,0.0027132113603275157,362.0807842416552,0.0,***,2020-12-06
6,pv_capacity,6.72552599309455,1.1502164066285394,5.847183151219427,4.999669345195912e-09,***,2020-12-06
14,cos_336_1,5.573170504167745,0.48907497564243785,11.395329513326569,0.0,***,2020-12-07
13,sin_336_1,11.224187091005069,0.5563401872597306,20.175042803019718,0.0,***,2020-12-07
12,solar_16,0.2444877833004389,0.06371855683373269,3.8369949893624513,0.00012454901232628046,***,2020-12-07
11,solar_4,-0.12953019132100413,0.057035881954979134,-2.2710298654318675,0.023145170066391385,*,2020-12-07
10,temp_9,6.9965844180936445,0.1980506210218887,35.32725311333599,0.0,***,2020-12-07
9,temp_1,15.714912780750833,0.447889646772831,35.08657298506704,0.0,***,2020-12-07
8,solar_power,-0.7947439916748529,0.05248641743080632,-15.141898239150663,0.0,***,2020-12-07
7,temperature,3.469043116486546,0.9641941239580075,3.597867929588865,0.0003208364535296493,***,2020-12-07
5,rainfall,-1.7328414477481147,0.7071225815516256,-2.4505531190161878,0.014263691498236364,*,2020-12-07
4,intercept,7777.052408378702,0.05457806170160665,142494.11147830784,0.0,***,2020-12-07
3,sma1,-0.8733764309777692,0.009946412050757,-87.80818917624657,0.0,***,2020-12-07
2,sar1,0.995300546294145,0.0009109640703594762,1092.5793658375449,0.0,***,2020-12-07
1,ma1,0.46683261382841673,0.014375555632276871,32.47405705698469,0.0,***,2020-12-07
0,ar1,0.9819674730447596,0.0033141636587402643,296.2942009381673,0.0,***,2020-12-07
6,pv_capacity,-1.373735026878876,0.6434551733927898,-2.134935087452153,0.03276631276995734,*,2020-12-07
9,temp_1,16.059892288046246,0.02722693151540747,589.853185584211,0.0,***,2020-12-08
13,sin_336_1,11.028637083016019,0.11080180629143194,99.53481312397015,0.0,***,2020-12-08
12,solar_16,0.2445717149528443,0.04802768577432013,5.092306885284364,3.537329353875407e-07,***,2020-12-08
11,solar_4,-0.12131304137525739,0.05382945501263052,-2.253655388983458,0.02421785589304104,*,2020-12-08
14,cos_336_1,4.819914474520343,0.3217751926633568,14.979136317581098,0.0,***,2020-12-08
10,temp_9,5.9805184419415065,0.0923273394578879,64.77516277471987,0.0,***,2020-12-08
8,solar_power,-0.8076735681372753,0.046388104438294164,-17.411221646524687,0.0,***,2020-12-08
3,sma1,-0.8761855978670894,0.008597403265118446,-101.91281842297276,0.0,***,2020-12-08
6,pv_capacity,-2.8264867539198804,0.635632386147341,-4.4467318146761246,8.718657343420588e-06,***,2020-12-08
5,rainfall,-1.396776514179919,0.08646410228426511,-16.15440948646855,0.0,***,2020-12-08
4,intercept,8980.778181920414,0.09660194407715793,92966.84727946349,0.0,***,2020-12-08
2,sar1,0.9954581903557816,0.0008138411738364234,1223.1602705270132,0.0,***,2020-12-08
1,ma1,0.4665005113291809,0.014136535812797826,32.999634246097074,0.0,***,2020-12-08
0,ar1,0.981707853366942,0.0022864539446902405,429.3582451755615,0.0,***,2020-12-08
7,temperature,3.4434254990618456,0.07654665206083534,44.98466498998791,0.0,***,2020-12-08
14,cos_336_1,3.9602734220448315,0.7334257127622462,5.399692638439892,6.675516805998427e-08,***,2020-12-09
13,sin_336_1,10.738971090942524,0.402110036980997,26.706548216427706,0.0,***,2020-12-09
12,solar_16,0.23516849172886473,0.07441111650590282,3.1603946126814195,0.001575555911990989,**,2020-12-09
11,solar_4,-0.14253981211235184,0.06456183472094472,-2.2078029958171252,0.027258009150544993,*,2020-12-09
10,temp_9,5.963487299306116,1.4232097547401308,4.190167527621402,2.787485739541573e-05,***,2020-12-09
9,temp_1,16.159253575537118,0.783087581709945,20.63530817364244,0.0,***,2020-12-09
8,solar_power,-0.8079239721496343,0.08500496537901019,-9.504432694576812,0.0,***,2020-12-09
7,temperature,3.7126091630752853,0.21991443905539498,16.882061855611507,0.0,***,2020-12-09
6,pv_capacity,-4.145211780567479,0.4854093939337339,-8.539620024604151,0.0,***,2020-12-09
5,rainfall,-1.3987631722673086,0.7546969388531113,-1.8534104224577406,0.06382355459450895,.,2020-12-09
4,intercept,9950.30601774772,0.0536664339702206,185410.23283322915,0.0,***,2020-12-09
3,sma1,-0.8794169817934524,0.008554821904010091,-102.79781293649418,0.0,***,2020-12-09
2,sar1,0.9955020312816907,0.0008903331109225025,1118.1231148982197,0.0,***,2020-12-09
1,ma1,0.47007980094980567,0.013907677635434856,33.800021345915205,0.0,***,2020-12-09
0,ar1,0.9817974722433944,0.0030006400736792,327.1960142289158,0.0,***,2020-12-09
13,sin_336_1,11.028265327782751,0.04927048715273893,223.83105922202546,0.0,***,2020-12-10
12,solar_16,0.23651314500079965,0.06556744696873439,3.607173314428121,0.0003095509054791279,***,2020-12-10
11,solar_4,-0.15515999735657282,0.06343704541066233,-2.4458894066099415,0.014449531586020248,*,2020-12-10
10,temp_9,5.899267128738158,0.15834874658172277,37.25490258739487,0.0,***,2020-12-10
9,temp_1,15.970723188081214,0.11859903904511945,134.66148896877118,0.0,***,2020-12-10
8,solar_power,-0.8115527648411955,0.05340193274430908,-15.197067280821981,0.0,***,2020-12-10
7,temperature,3.8997814994565942,0.04177533666908121,93.35128835341986,0.0,***,2020-12-10
14,cos_336_1,4.097310674935773,0.08320864781933282,49.241404377007534,0.0,***,2020-12-10
5,rainfall,-1.3842382219020237,0.03108394188373122,-44.532261290403106,0.0,***,2020-12-10
4,intercept,10278.142697472374,0.022818059336231496,450438.9503954132,0.0,***,2020-12-10
3,sma1,-0.880000344332577,0.009973774384050574,-88.23142678461001,0.0,***,2020-12-10
2,sar1,0.9954712917373977,0.0009316514193218578,1068.5018785910227,0.0,***,2020-12-10
1,ma1,0.4727359132028817,0.01338107389826866,35.32869759160718,0.0,***,2020-12-10
0,ar1,0.9820677882679296,0.0015325194039043123,640.8191542410304,0.0,***,2020-12-10
6,pv_capacity,-4.600504040154192,0.1815461801474741,-25.34068211414362,0.0,***,2020-12-10
13,sin_336_1,11.516992524768213,0.09420038910832344,122.26056212490299,0.0,***,2020-12-11
12,solar_16,0.23379679375907012,0.04201380051662841,5.564761837399998,2.62510688742168e-08,***,2020-12-11
11,solar_4,-0.14549782717275817,0.03315632793676499,-4.388237064437545,1.142731782688422e-05,***,2020-12-11
10,temp_9,6.272327919203681,0.04423727492860286,141.7882979755638,0.0,***,2020-12-11
9,temp_1,15.993146839706561,0.08690677489427699,184.02646812244953,0.0,***,2020-12-11
8,solar_power,-0.7932078208495348,0.05040435205243285,-15.736891529215667,0.0,***,2020-12-11
7,temperature,3.9268014848203165,0.055265854520495795,71.05294071521196,0.0,***,2020-12-11
14,cos_336_1,4.448731265584706,0.17625216056699536,25.240719042951504,0.0,***,2020-12-11
5,rainfall,-1.4209715630122446,0.21326619068354857,-6.662901224323593,2.6847413181485535e-11,***,2020-12-11
4,intercept,10371.667973502426,0.0743256822453287,139543.5286993854,0.0,***,2020-12-11
3,sma1,-0.8792081873947442,0.01069298617577932,-82.22288638006832,0.0,***,2020-12-11
2,sar1,0.9953620971380798,0.0010408189320218573,956.3258954221031,0.0,***,2020-12-11
1,ma1,0.47525484820559727,0.013567873084060688,35.0279550273741,0.0,***,2020-12-11
0,ar1,0.9820476229236655,0.002793790100561911,351.51088219768116,0.0,***,2020-12-11
6,pv_capacity,-4.7326106759010145,0.23813275957778798,-19.87383291694929,0.0,***,2020-12-11
14,cos_336_1,5.8123787524950785,1.0218687193330978,5.687989702129655,1.2854357134273187e-08,***,2020-12-12
13,sin_336_1,9.930189413843202,0.7872833582482185,12.613234243816397,0.0,***,2020-12-12
12,solar_16,0.2345993930706282,0.054066508962430544,4.339088977127141,1.4307459043294557e-05,***,2020-12-12
11,solar_4,-0.13815202798869913,0.054408520183428205,-2.5391616519424764,0.011111846768133038,*,2020-12-12
10,temp_9,6.295102233451243,1.8371280585912644,3.426599579714882,0.0006111896151292928,***,2020-12-12
9,temp_1,16.813072965231363,1.2216877418519152,13.762168833539242,0.0,***,2020-12-12
8,solar_power,-0.7981432786729883,0.051240123749768274,-15.576529099943826,0.0,***,2020-12-12
7,temperature,4.274960082146322,1.372661260269192,3.1143590963643577,0.001843449815540188,**,2020-12-12
5,rainfall,-1.8537622265928348,0.041137203164688926,-45.0629134696268,0.0,***,2020-12-12
4,intercept,9223.723540662257,0.43247063313404943,21327.976593044765,0.0,***,2020-12-12
3,sma1,-0.8742972922167243,0.009503214097516526,-92.0001678637551,0.0,***,2020-12-12
2,sar1,0.99484543901409,0.0009637937777316326,1032.218159112357,0.0,***,2020-12-12
1,ma1,0.4735172340782247,0.012799714152816097,36.99436006342728,0.0,***,2020-12-12
0,ar1,0.9820127652326983,0.002523643998101078,389.124918558884,0.0,***,2020-12-12
6,pv_capacity,-3.290960391462704,1.6761674730402312,-1.9633839961669002,0.04960157198464055,*,2020-12-12
8,solar_power,-0.7929296042204399,0.09289931500304172,-8.535365456618036,0.0,***,2020-12-13
13,sin_336_1,11.586990653653372,0.027742454258399996,417.6627830302723,0.0,***,2020-12-13
12,solar_16,0.24605647626944155,0.06838943509422944,3.5978726236064973,0.0003208306647730641,***,2020-12-13
11,solar_4,-0.13385551923235367,0.060833411878336,-2.200361858711106,0.02778123166318691,*,2020-12-13
10,temp_9,6.477670445446951,0.7137681263880635,9.075314805981057,0.0,***,2020-12-13
9,temp_1,16.656065889672107,0.1793604355127848,92.86365659211874,0.0,***,2020-12-13
7,temperature,4.0121284135721,0.5538116962528511,7.244571468458662,4.338751580235112e-13,***,2020-12-13
14,cos_336_1,5.008971651201779,0.33934569344984966,14.760675464243166,0.0,***,2020-12-13
5,rainfall,-1.3582983013470766,0.41811974116695294,-3.2485868702494853,0.0011597978880042437,**,2020-12-13
0,ar1,0.9825175454485094,0.0023647455770775365,415.4855198683787,0.0,***,2020-12-13
1,ma1,0.4726017489254077,0.012940373981538342,36.52149076986917,0.0,***,2020-12-13
6,pv_capacity,-6.553157340722009,0.5445248052654997,-12.034635111850996,0.0,***,2020-12-13
3,sma1,-0.8715713019905704,0.010729578118537152,-81.23071497888479,0.0,***,2020-12-13
4,intercept,11600.28936115603,0.06015681949723928,192834.1534360604,0.0,***,2020-12-13
2,sar1,0.9945802652278416,0.0011370054087260749,874.736617429279,0.0,***,2020-12-13
13,sin_336_1,10.626810524005439,0.04136231930939868,256.9200833375591,0.0,***,2020-12-14
12,solar_16,0.2566911468111269,0.028613806225254956,8.970884362268716,0.0,***,2020-12-14
11,solar_4,-0.13743636018336491,0.02804484449954288,-4.900592698440709,9.554796109867425e-07,***,2020-12-14
10,temp_9,5.668568434802392,0.010789844523090522,525.3614565688617,0.0,***,2020-12-14
9,temp_1,16.30126433564067,0.016207004719823594,1005.8159800312628,0.0,***,2020-12-14
8,solar_power,-0.8059499832032984,0.016213218258387722,-49.70943895030522,0.0,***,2020-12-14
7,temperature,3.7813460342149483,0.02323979384601007,162.70996460943863,0.0,***,2020-12-14
14,cos_336_1,3.9308528370355593,0.03015854439780274,130.33960741560026,0.0,***,2020-12-14
5,rainfall,-1.2207783158446546,0.03502858809748922,-34.85091412896992,0.0,***,2020-12-14
4,intercept,14715.050957960357,0.013972539887921104,1053140.7371884573,0.0,***,2020-12-14
3,sma1,-0.8661645198169039,0.011452237209411886,-75.63277846751697,0.0,***,2020-12-14
2,sar1,0.994247856854924,0.00020243178938583108,4911.520368769288,0.0,***,2020-12-14
1,ma1,0.4718623557070965,0.013763356266749844,34.28395999942569,0.0,***,2020-12-14
0,ar1,0.9833606965350604,0.0019662957342337756,500.10823876310525,0.0,***,2020-12-14
6,pv_capacity,-10.239982699294615,0.03154141366811559,-324.65198950946046,0.0,***,2020-12-14
14,cos_336_1,3.6549799628232136,0.018170840756462234,201.14534114352224,0.0,***,2020-12-15
13,sin_336_1,10.0089937049063,0.03311361085255589,302.2622253270139,0.0,***,2020-12-15
12,solar_16,0.25840250043810875,0.052940498439003295,4.880998631621,1.05549974538377e-06,***,2020-12-15
11,solar_4,-0.1372842964820189,0.01797036882736732,-7.639481292835057,2.1760371282653068e-14,***,2020-12-15
10,temp_9,5.939251739293267,0.025484806390462262,233.05069099979679,0.0,***,2020-12-15
9,temp_1,15.827660721044316,0.024197782690478876,654.0954980669381,0.0,***,2020-12-15
8,solar_power,-0.8163647635002746,0.020124493123049255,-40.565730451380404,0.0,***,2020-12-15
7,temperature,3.763209716504207,0.02200956268908865,170.98066734282898,0.0,***,2020-12-15
5,rainfall,-1.3641364421910112,0.030213187823508954,-45.150364475263125,0.0,***,2020-12-15
4,intercept,14081.424999050483,0.023614226515978748,596311.0834700505,0.0,***,2020-12-15
3,sma1,-0.8662052056481141,0.009165562142577922,-94.50650076597306,0.0,***,2020-12-15
2,sar1,0.9941652232098614,0.0006382217742049675,1557.7112273367552,0.0,***,2020-12-15
0,ar1,0.982940452512275,0.0022146109466448984,443.8434001247103,0.0,***,2020-12-15
6,pv_capacity,-9.571355406424573,0.05747501010848417,-166.53073028362456,0.0,***,2020-12-15
1,ma1,0.47182735876780746,0.013276109308154264,35.53958074735106,0.0,***,2020-12-15
14,cos_336_1,2.1632250063845073,0.171581519100594,12.607564134668035,0.0,***,2020-12-16
8,solar_power,-0.8177222528631845,0.05823076505927631,-14.042787382765448,0.0,***,2020-12-16
13,sin_336_1,7.85941059084705,2.3803765584778205,3.3017509615675715,0.000960833378147008,***,2020-12-16
12,solar_16,0.23866596235510817,0.0597642795762155,3.9934550210840407,6.511743576087525e-05,***,2020-12-16
11,solar_4,-0.13340709407116766,0.05423555468381677,-2.4597719125194955,0.013902533903611625,*,2020-12-16
10,temp_9,7.3293872394374056,1.1777840135709639,6.22303168915936,4.87638818214009e-10,***,2020-12-16
9,temp_1,16.425261604171205,1.5275519398237005,10.752669795350393,0.0,***,2020-12-16
7,temperature,4.332906049012308,0.8030405900785623,5.395625205680345,6.828535470404518e-08,***,2020-12-16
5,rainfall,-1.552257097029269,0.6717524507188997,-2.31075762413381,0.020846246363575016,*,2020-12-16
4,intercept,12901.676413227218,0.16442924800215697,78463.39121527804,0.0,***,2020-12-16
3,sma1,-0.865682220789165,0.01018408613623531,-85.00342683758727,0.0,***,2020-12-16
2,sar1,0.9941290008597983,0.0010895210460955631,912.4458902582797,0.0,***,2020-12-16
1,ma1,0.4665146260871204,0.012554176873774435,37.16011258863696,0.0,***,2020-12-16
0,ar1,0.9829802255880744,0.0030428853724889723,323.0421475863981,0.0,***,2020-12-16
6,pv_capacity,-7.996841701021822,0.5957664474287733,-13.422779573329166,0.0,***,2020-12-16
13,sin_336_1,9.665003775087218,0.18367289589244915,52.620740409878564,0.0,***,2020-12-17
12,solar_16,0.22758797616427112,0.060289474368126185,3.774920557021679,0.0001600586642802604,***,2020-12-17
11,solar_4,-0.11570433910165423,0.06014303931549751,-1.9238192884582044,0.05437723883011247,.,2020-12-17
10,temp_9,6.277077097493413,0.13444259928978775,46.689643986749516,0.0,***,2020-12-17
9,temp_1,16.58500479161277,0.06578403323738326,252.1129212580412,0.0,***,2020-12-17
8,solar_power,-0.7986308514222955,0.04952065430865547,-16.127227367484657,0.0,***,2020-12-17
7,temperature,5.447885297698122,0.034512353967941334,157.8531937508141,0.0,***,2020-12-17
14,cos_336_1,6.153746065704466,0.020544611655042736,299.5309022642933,0.0,***,2020-12-17
5,rainfall,-0.8410903047001739,0.08185361573590395,-10.275542468568572,0.0,***,2020-12-17
4,intercept,12561.84415156928,0.0227380016288384,552460.3417935026,0.0,***,2020-12-17
3,sma1,-0.8733655001927361,0.010829320723504942,-80.64822554355642,0.0,***,2020-12-17
2,sar1,0.9946681780635596,0.0010000703031339488,994.598254689235,0.0,***,2020-12-17
1,ma1,0.4688244167405221,0.01243753649331295,37.694314866339155,0.0,***,2020-12-17
0,ar1,0.9831581121705947,0.002493632839478805,394.26739037334977,0.0,***,2020-12-17
6,pv_capacity,-7.544376111609381,0.23120178558479687,-32.63113255170931,0.0,***,2020-12-17
14,cos_336_1,3.8292069390878924,1.5215540406827643,2.5166420887486973,0.011847911667585587,*,2020-12-18
13,sin_336_1,10.54448705601561,3.8927525881680576,2.708748325815867,0.006753754948236379,**,2020-12-18
12,solar_16,0.24096772370786038,0.06258230258474413,3.850413195991957,0.00011791871818234156,***,2020-12-18
11,solar_4,-0.11188588038450126,0.06040139779609332,-1.8523723699609131,0.06397237007178669,.,2020-12-18
10,temp_9,6.480345686507044,2.712216232866512,2.3893174917171103,0.016879708214113665,*,2020-12-18
9,temp_1,16.67937263910189,1.4817892456944683,11.256238150982657,0.0,***,2020-12-18
8,solar_power,-0.7788856175894523,0.06083488103737256,-12.803273456077957,0.0,***,2020-12-18
7,temperature,5.537860143562739,1.669699753717315,3.316680218244983,0.0009109381560643559,***,2020-12-18
5,rainfall,-0.8773637149233764,2.140173479529429,-0.40994981169296935,0.681842764224796,,2020-12-18
4,intercept,11714.260501238576,0.418403425562299,27997.525320199267,0.0,***,2020-12-18
3,sma1,-0.8803182354900668,0.012020298942499385,-73.23596856460726,0.0,***,2020-12-18
2,sar1,0.9950668882748145,0.0011199684367669484,888.4776174115303,0.0,***,2020-12-18
1,ma1,0.4760183553965966,0.013494423528075691,35.27519011139833,0.0,***,2020-12-18
0,ar1,0.9841760461938013,0.002634230535119156,373.6104464180024,0.0,***,2020-12-18
6,pv_capacity,-6.275140589036255,1.1967039572537557,-5.243686670374768,1.5739940728565216e-07,***,2020-12-18
8,solar_power,-0.7845608998240579,0.027709031602603188,-28.314266304072152,0.0,***,2020-12-19
13,sin_336_1,7.720154234390105,0.21054905565491075,36.66677207540372,0.0,***,2020-12-19
12,solar_16,0.28288352139305123,0.0330480079874408,8.559775266955732,0.0,***,2020-12-19
14,cos_336_1,5.943987635565,0.10588090091905682,56.13843085930127,0.0,***,2020-12-19
10,temp_9,5.000593546056479,0.07748018561542325,64.54028867299279,0.0,***,2020-12-19
9,temp_1,18.06233747743223,0.07287805545779615,247.84329609195146,0.0,***,2020-12-19
7,temperature,5.484947904019691,0.04258664168640166,128.7950325928398,0.0,***,2020-12-19
11,solar_4,-0.0073208231765031495,0.048314193703146574,-0.1515253099634438,0.8795613468755534,,2020-12-19
5,rainfall,-0.5725441042968669,0.16701576648515504,-3.428084164423822,0.0006078569782872467,***,2020-12-19
4,intercept,12048.869492326643,0.055915397915941425,215483.92645689324,0.0,***,2020-12-19
3,sma1,-0.8699061157620465,0.0125571882620834,-69.27554939896376,0.0,***,2020-12-19
2,sar1,0.99418222290411,0.0012577065017931976,790.4723570138476,0.0,***,2020-12-19
1,ma1,0.47173652026591384,0.012477990595354068,37.80548772344448,0.0,***,2020-12-19
0,ar1,0.9840664735315027,0.002434784869103149,404.16978354805644,0.0,***,2020-12-19
6,pv_capacity,-6.739610511554474,0.1816767009661992,-37.09672443253124,0.0,***,2020-12-19
13,sin_336_1,9.650633738207155,0.08237473884876341,117.1552574621853,0.0,***,2020-12-20
12,solar_16,0.28073854263674947,0.05142431145948631,5.459257200904364,4.781306994772194e-08,***,2020-12-20
11,solar_4,0.012259135339674598,0.052214661792275636,0.23478339069675158,0.8143768597550178,,2020-12-20
10,temp_9,5.027901474534858,0.08830197393022196,56.93985367199162,0.0,***,2020-12-20
9,temp_1,17.830680905249363,0.2613717237638067,68.21962471105857,0.0,***,2020-12-20
8,solar_power,-0.7621117690967978,0.04908721972918731,-15.52566581080259,0.0,***,2020-12-20
7,temperature,5.539281575473979,0.06841261583599742,80.9687147287725,0.0,***,2020-12-20
14,cos_336_1,3.999692695978171,0.084400642225177,47.38936328597094,0.0,***,2020-12-20
5,rainfall,-0.3876508947082584,0.03497592942366293,-11.083362217845558,0.0,***,2020-12-20
4,intercept,13245.742743586161,0.05561821403033655,238154.76592544606,0.0,***,2020-12-20
3,sma1,-0.8732912071725154,0.0113564704725349,-76.8981180626965,0.0,***,2020-12-20
2,sar1,0.9944949154944123,0.0013868171281587864,717.1060230664714,0.0,***,2020-12-20
1,ma1,0.4700208888548942,0.013691463469374663,34.32948493097514,0.0,***,2020-12-20
0,ar1,0.9845281614605913,0.002329666906535178,422.6046902665761,0.0,***,2020-12-20
6,pv_capacity,-8.286312625585651,0.725886658781906,-11.415435902198183,0.0,***,2020-12-20
14,cos_336_1,4.088322755186417,0.1823525167672766,22.41988664408756,0.0,***,2020-12-21
13,sin_336_1,7.807044067401592,0.932642511825143,8.370885916537869,0.0,***,2020-12-21
12,solar_16,0.2907361269198381,0.0762168309761953,3.814592173356608,0.00013640801708358907,***,2020-12-21
11,solar_4,0.030799139569555323,0.04801461600081591,0.6414534184555792,0.5212281360628896,,2020-12-21
10,temp_9,5.685060083647452,0.17828983430337028,31.88661936818001,0.0,***,2020-12-21
9,temp_1,18.613685589990066,0.5188384954697851,35.87568338223671,0.0,***,2020-12-21
8,solar_power,-0.7600110927256623,0.05325030117043548,-14.272428061826997,0.0,***,2020-12-21
7,temperature,6.146185815417084,0.16733026169560464,36.73086836257861,0.0,***,2020-12-21
5,rainfall,-0.1536001716908686,0.12091116837712591,-1.270355532516108,0.20395801532734992,,2020-12-21
4,intercept,13913.51724279129,0.03172349466141263,438587.1541358025,0.0,***,2020-12-21
3,sma1,-0.8703634232137334,0.010516222772399511,-82.76388224658544,0.0,***,2020-12-21
2,sar1,0.9943464876120149,0.0010851722256972516,916.3029278353685,0.0,***,2020-12-21
1,ma1,0.4656685830401716,0.012318015380123887,37.80386439454894,0.0,***,2020-12-21
0,ar1,0.9849883581843492,0.0018041687098556119,545.9513585418395,0.0,***,2020-12-21
6,pv_capacity,-9.10698914117529,0.13686152694207807,-66.54163039573211,0.0,***,2020-12-21
9,temp_1,19.85912261932333,1.195243168968903,16.615131660995097,0.0,***,2020-12-22
14,cos_336_1,4.193761647635594,0.3510409704866525,11.946644409687364,0.0,***,2020-12-22
13,sin_336_1,6.612520478669596,1.8897654428503805,3.49912234012268,0.0004667923502150728,***,2020-12-22
12,solar_16,0.3221268237870163,0.055313708812875936,5.823634514849807,5.758142851419734e-09,***,2020-12-22
11,solar_4,0.01730328844583412,0.053460078263408414,0.323667473148419,0.7461897989790045,,2020-12-22
10,temp_9,6.003405215417573,0.3890161684994916,15.43227686030078,0.0,***,2020-12-22
8,solar_power,-0.7602904416239831,0.05431188483063961,-13.998601668765348,0.0,***,2020-12-22
7,temperature,6.153119230458174,0.26671709180163805,23.06983474097847,0.0,***,2020-12-22
6,pv_capacity,-5.91433181599632,0.6054740106428926,-9.768101870659121,0.0,***,2020-12-22
5,rainfall,-0.23311915653175674,0.5961755163965801,-0.3910243713810687,0.6957792214313845,,2020-12-22
4,intercept,10930.619896318,0.4518269588174447,24192.04893157866,0.0,***,2020-12-22
3,sma1,-0.8708023861360363,0.009700603677755463,-89.76785518337181,0.0,***,2020-12-22
2,sar1,0.9939815872460142,0.0010138566490041486,980.3965760074103,0.0,***,2020-12-22
1,ma1,0.4604902114018013,0.012251076570787391,37.58773433020875,0.0,***,2020-12-22
0,ar1,0.9845282171976074,0.0026540690495170656,370.95049104948953,0.0,***,2020-12-22
13,sin_336_1,6.372394555046583,0.5895792847969931,10.808375937497122,0.0,***,2020-12-23
12,solar_16,0.33224085821165034,0.05850084989294123,5.6792484010003905,1.3528788977978934e-08,***,2020-12-23
11,solar_4,0.029689614369285966,0.06902051695098074,0.4301563604684664,0.6670819041570923,,2020-12-23
10,temp_9,6.231981583824713,0.17965622854057195,34.68836919515617,0.0,***,2020-12-23
9,temp_1,19.76511233354022,0.2999942152816533,65.88497819860793,0.0,***,2020-12-23
8,solar_power,-0.7414564141742623,0.05566974936749192,-13.318838733756401,0.0,***,2020-12-23
7,temperature,6.0427870381082585,0.37203845433246535,16.242372173464176,0.0,***,2020-12-23
14,cos_336_1,4.75697099403157,0.32154706390423254,14.794011602134718,0.0,***,2020-12-23
5,rainfall,-1.3846785591210846,0.5395113258778514,-2.566542151581418,0.010271813998752322,*,2020-12-23
4,intercept,9071.127626488043,0.42569929971323667,21308.768026159818,0.0,***,2020-12-23
3,sma1,-0.8712767591179644,0.010697639219613345,-81.44570416251669,0.0,***,2020-12-23
2,sar1,0.9937932428428352,0.001313899070375538,756.369545614177,0.0,***,2020-12-23
1,ma1,0.4601667138515659,0.013754978739617008,33.45455653276995,0.0,***,2020-12-23
0,ar1,0.9840662632889553,0.002715897064066117,362.3356261579576,0.0,***,2020-12-23
6,pv_capacity,-2.9847076120850033,0.2598603117355041,-11.485815560488337,0.0,***,2020-12-23
14,cos_336_1,6.691374412828708,1.1853557494686555,5.64503476346925,1.6514787537502684e-08,***,2020-12-24
13,sin_336_1,8.196966411424915,1.2876541038004181,6.365813914802245,1.9425683284168827e-10,***,2020-12-24
12,solar_16,0.34356290841486203,0.05875051738041647,5.84782779341758,4.980337475757324e-09,***,2020-12-24
11,solar_4,0.03868661780923399,0.06251898933219094,0.6187978760129174,0.5360495216280836,,2020-12-24
10,temp_9,6.4293557195974,0.35429405331594777,18.146947879658345,0.0,***,2020-12-24
9,temp_1,20.27153146880671,0.16297030971925264,124.38788085834948,0.0,***,2020-12-24
8,solar_power,-0.7792019640680579,0.05534448763919939,-14.079125081937965,0.0,***,2020-12-24
7,temperature,5.998806452797794,0.32005440353338394,18.743083633817513,0.0,***,2020-12-24
5,rainfall,-1.3700518860341617,0.31655682108466265,-4.3279809335327615,1.5048249277560544e-05,***,2020-12-24
4,intercept,7299.044291023107,0.07978125910332036,91488.20629128593,0.0,***,2020-12-24
3,sma1,-0.8761808609636633,0.011064035162273852,-79.19180010845093,0.0,***,2020-12-24
2,sar1,0.9940771783963197,0.0012078040270969731,823.045093487262,0.0,***,2020-12-24
1,ma1,0.4600135258620552,0.013151418072605472,34.97824518408914,0.0,***,2020-12-24
0,ar1,0.9842286235692699,0.0025420191624743226,387.1837939298822,0.0,***,2020-12-24
6,pv_capacity,-1.0563191174937856,0.3919626618592702,-2.6949483210547363,0.00703995489224396,**,2020-12-24
9,temp_1,20.343095216914886,0.2467664333245345,82.43866454138313,0.0,***,2020-12-25
13,sin_336_1,9.1429997877115,1.3595793482387597,6.724873983674155,1.7574386390606378e-11,***,2020-12-25
12,solar_16,0.34880907296494573,0.06361177221743149,5.48340442037491,4.172177359151874e-08,***,2020-12-25
11,solar_4,0.03694498810190011,0.06448859259345815,0.5728918342939288,0.5667179338156951,,2020-12-25
14,cos_336_1,4.33827200178729,1.6056980301149149,2.701798171525946,0.006896561199858597,**,2020-12-25
10,temp_9,6.361177163672064,0.8573933347833881,7.41920528840961,1.1790568521519162e-13,***,2020-12-25
8,solar_power,-0.7683611431287467,0.060872490485771806,-12.622469312444865,0.0,***,2020-12-25
3,sma1,-0.8742157640410835,0.011650795146471828,-75.03485839812568,0.0,***,2020-12-25
6,pv_capacity,0.012746853259159252,0.8389497295745076,0.015193822478045385,0.9878775500427734,,2020-12-25
5,rainfall,-1.1121392801574075,0.1051957429387079,-10.572093975374967,0.0,***,2020-12-25
4,intercept,6480.082111146968,0.021670841609096173,299023.0941666337,0.0,***,2020-12-25
2,sar1,0.9937223970406839,0.0014902424011071199,666.8193015461344,0.0,***,2020-12-25
1,ma1,0.46260716918149714,0.01338897999687702,34.551337688860556,0.0,***,2020-12-25
0,ar1,0.984332371270004,0.0028115948363652706,350.0975170883845,0.0,***,2020-12-25
7,temperature,6.235942416082935,0.18756357304376892,33.247086920378436,0.0,***,2020-12-25
13,sin_336_1,6.960725753438197,0.12394560359629707,56.15952120504379,0.0,***,2020-12-26
12,solar_16,0.3487634343854035,0.061787291663204014,5.644582000558887,1.655830472735431e-08,***,2020-12-26
11,solar_4,0.055643509771034716,0.06393215027654457,0.8703525461030709,0.384107771236035,,2020-12-26
10,temp_9,6.896661837866847,0.058869186559866296,117.15232094898019,0.0,***,2020-12-26
9,temp_1,20.758954242088404,0.07695062622522156,269.76978954440773,0.0,***,2020-12-26
8,solar_power,-0.771453793757118,0.05498387326648158,-14.030546557137503,0.0,***,2020-12-26
7,temperature,6.259789921518745,0.15602365752751932,40.120774123082256,0.0,***,2020-12-26
14,cos_336_1,3.955568341204306,0.023237599580422028,170.22276020871462,0.0,***,2020-12-26
5,rainfall,-0.9398410705457536,0.027104544848189475,-34.67466713828744,0.0,***,2020-12-26
4,intercept,7606.009922770576,0.019174877354847828,396665.37532494887,0.0,***,2020-12-26
3,sma1,-0.865375658977127,0.012027425181613446,-71.95020097069848,0.0,***,2020-12-26
2,sar1,0.992497475399411,0.001464272210934076,677.8094045548304,0.0,***,2020-12-26
1,ma1,0.4641003827673034,0.013254850989193972,35.01362506041461,0.0,***,2020-12-26
0,ar1,0.9850076455608417,0.0019948311429600065,493.7799617962901,0.0,***,2020-12-26
6,pv_capacity,-1.484721330106595,0.09722774720511505,-15.270551594437078,0.0,***,2020-12-26
14,cos_336_1,6.939808569801012,0.21240276786673823,32.672872578360455,0.0,***,2020-12-27
13,sin_336_1,10.156492241503644,0.3500120117814667,29.0175533971244,0.0,***,2020-12-27
12,solar_16,0.3387944804216165,0.053841787229196934,6.29240777204174,3.1257907373571925e-10,***,2020-12-27
11,solar_4,0.02364284492137239,0.0600270647374494,0.3938697490004406,0.6936772055998051,,2020-12-27
10,temp_9,6.124799227224256,0.45431467404007975,13.48140303890762,0.0,***,2020-12-27
9,temp_1,21.05818958206199,0.40851394444199735,51.548276059036525,0.0,***,2020-12-27
8,solar_power,-0.7624263104156981,0.05331387339647846,-14.300711275389318,0.0,***,2020-12-27
7,temperature,8.758109755033729,0.42242301981592467,20.733031449967307,0.0,***,2020-12-27
5,rainfall,-1.3669404762031263,0.02419310362562412,-56.501245038909836,0.0,***,2020-12-27
4,intercept,11242.955241498332,0.08551249469515673,131477.33885648305,0.0,***,2020-12-27
3,sma1,-0.8587374918221381,0.011733915034495232,-73.18422617665385,0.0,***,2020-12-27
2,sar1,0.9918442954644195,0.0013700020703851967,723.9728442056643,0.0,***,2020-12-27
1,ma1,0.4619707868571605,0.0139056915930109,33.221705210933216,0.0,***,2020-12-27
0,ar1,0.9854500504465389,0.0028386234898085294,347.15771710640263,0.0,***,2020-12-27
6,pv_capacity,-7.256997926818258,0.25594004286677563,-28.354288940225505,0.0,***,2020-12-27
9,temp_1,20.337493382012532,0.05040580067893191,403.47525697598894,0.0,***,2020-12-28
13,sin_336_1,7.1270623246071505,0.023502340255986572,303.24904868959715,0.0,***,2020-12-28
12,solar_16,0.35860173640655846,0.09718270154931927,3.6899749717759347,0.00022427611633801803,***,2020-12-28
11,solar_4,0.02154669439479242,0.06398677126845437,0.3367367030349755,0.7363153925485748,,2020-12-28
14,cos_336_1,6.935828470744479,0.028010486721383062,247.61542131467866,0.0,***,2020-12-28
10,temp_9,6.67372620131502,0.04479998962528305,148.96713720551122,0.0,***,2020-12-28
8,solar_power,-0.7872360714601179,0.0660285296522476,-11.922665484242241,0.0,***,2020-12-28
3,sma1,-0.8565394751355865,0.010994821804125612,-77.90389788893033,0.0,***,2020-12-28
6,pv_capacity,-10.17866473867798,0.04629669209228377,-219.85727875306344,0.0,***,2020-12-28
5,rainfall,-1.1864002373004041,0.019147581891117416,-61.96083892195163,0.0,***,2020-12-28
4,intercept,13622.810526387662,0.019226192568532172,708554.7737977171,0.0,***,2020-12-28
2,sar1,0.9918801787777952,0.0012919734100325115,767.7249168408468,0.0,***,2020-12-28
1,ma1,0.46031413101575996,0.012851522570825454,35.81786737555362,0.0,***,2020-12-28
0,ar1,0.9856659660056997,0.002601499671410327,378.8837557190041,0.0,***,2020-12-28
7,temperature,8.513119443538017,0.0233336272289927,364.84338075651704,0.0,***,2020-12-28
14,cos_336_1,5.951838635383014,0.0981958833668527,60.6118956448243,0.0,***,2020-12-29
13,sin_336_1,7.652033302476541,0.18978153827564054,40.32021961673982,0.0,***,2020-12-29
12,solar_16,0.35253552618670553,0.02877338038861313,12.252141438557532,0.0,***,2020-12-29
10,temp_9,7.659307226027504,0.09013713754588126,84.97393454644367,0.0,***,2020-12-29
9,temp_1,21.376523203060387,0.163371146949604,130.84638017295993,0.0,***,2020-12-29
8,solar_power,-0.7550351648972651,0.03084154970086502,-24.481103323938626,0.0,***,2020-12-29
7,temperature,8.117456287668574,0.15833604664218423,51.26726642362627,0.0,***,2020-12-29
11,solar_4,0.031813299943423676,0.12539970259360064,0.2536951785804886,0.7997310591654334,,2020-12-29
5,rainfall,-0.49628937836814657,0.1950838591387822,-2.543979704723226,0.01095974523034604,*,2020-12-29
4,intercept,14234.8282143856,0.018980935941001736,749953.967424556,0.0,***,2020-12-29
3,sma1,-0.8586165669961585,0.010024349862791444,-85.65309259438224,0.0,***,2020-12-29
2,sar1,0.9918154361563456,0.0011921810813337866,831.9335474160719,0.0,***,2020-12-29
1,ma1,0.4616657435704781,0.012609998184826091,36.611087234414626,0.0,***,2020-12-29
0,ar1,0.9854412863554707,0.0007979188276163059,1235.0144554169342,0.0,***,2020-12-29
6,pv_capacity,-11.471677962349077,0.020956609564255952,-547.4014261312298,0.0,***,2020-12-29
12,solar_16,0.356027322634713,0.06920673712518435,5.144402661126969,2.6837335775908855e-07,***,2020-12-30
11,solar_4,0.041493162404743385,0.05493698570965676,0.7552864772020021,0.4500771107465402,,2020-12-30
10,temp_9,7.159270021131553,0.4298303216459003,16.65603765159558,0.0,***,2020-12-30
9,temp_1,21.53906369122118,0.5500464434145179,39.158627328836715,0.0,***,2020-12-30
8,solar_power,-0.7662806858323705,0.0509812950085534,-15.030624186847502,0.0,***,2020-12-30
7,temperature,8.22109227370197,0.5299015483068235,15.514376774271653,0.0,***,2020-12-30
3,sma1,-0.8664984080523627,0.009778590865482975,-88.61178670548308,0.0,***,2020-12-30
5,rainfall,-0.41919296262221906,0.07151144779466823,-5.861900095014905,4.576003354017644e-09,***,2020-12-30
4,intercept,13958.339238746128,0.424974969258911,32845.08558959898,0.0,***,2020-12-30
2,sar1,0.9925763015262207,0.001296149604680496,765.7883765438429,0.0,***,2020-12-30
1,ma1,0.46073177341673,0.012310009182613612,37.42741102642373,0.0,***,2020-12-30
0,ar1,0.9856100161302738,0.0024282699026860924,405.88981275928853,0.0,***,2020-12-30
13,sin_336_1,4.696358204408184,1.1182963523042928,4.19956498537365,2.6742827099690558e-05,***,2020-12-30
6,pv_capacity,-10.92778136267816,0.5126280737271907,-21.31717305926106,0.0,***,2020-12-30
14,cos_336_1,5.492391403496525,0.35737984024814273,15.368498121446759,0.0,***,2020-12-30
