,label,value,std_error,z_score,p_value,significance,eval_date
0,ar1,0.9869710798746116,0.0021524423211974415,458.53543677098037,0.0,***,2020-01-01
15,cos_336_1,11.140397119992155,2.6665243798151734,4.177871841083387,2.942493663771195e-05,***,2020-01-01
14,sin_336_1,10.104869404626399,0.30953125101591816,32.645716293463174,0.0,***,2020-01-01
13,lag_48*7,0.19567725622115273,0.018940285388826528,10.331272850650334,0.0,***,2020-01-01
12,solar_16,0.20212983577651228,0.05767779695959164,3.50446526101061,0.0004575252557348364,***,2020-01-01
10,temp_9,6.2503352201909586,1.4244152296378725,4.3880008372137205,1.1439733555995701e-05,***,2020-01-01
9,temp_1,17.450481046966146,1.3886935927301554,12.566113315651371,0.0,***,2020-01-01
8,solar_power,-0.4846170650184831,0.05273459237256334,-9.189737574810929,0.0,***,2020-01-01
11,solar_4,0.07483763628887874,0.05253827866164248,1.4244402023684255,0.15431908353295531,,2020-01-01
6,pv_capacity,-4.8630101000249795,1.7104065920596052,-2.8431895214863103,0.004466450256162879,**,2020-01-01
5,rainfall,0.7491996103319991,0.36469480070309224,2.0543194169141517,0.03994478665400969,*,2020-01-01
4,intercept,8340.93144738929,0.026459501167606637,315233.8887477129,0.0,***,2020-01-01
3,sma1,-0.886410531174584,0.010648205932429461,-83.24505900801482,0.0,***,2020-01-01
2,sar1,0.9951274447589061,0.0008987845251711151,1107.192454798272,0.0,***,2020-01-01
1,ma1,0.42980690860243775,0.01283506882872599,33.48691887343002,0.0,***,2020-01-01
7,temperature,8.759539694695206,1.0578480509217525,8.280527328157016,2.220446049250313e-16,***,2020-01-01
9,temp_1,18.51944365821457,1.2768541673501637,14.503961479522516,0.0,***,2020-01-02
15,cos_336_1,12.288648523533372,0.08177599186219246,150.27208161830671,0.0,***,2020-01-02
14,sin_336_1,10.351016631747843,0.3383280365871119,30.594616799020994,0.0,***,2020-01-02
13,lag_48*7,0.20094834079081048,0.01876359247370852,10.709481197290902,0.0,***,2020-01-02
12,solar_16,0.20167896461727014,0.06493134459999307,3.1060340096097696,0.001896149060619523,**,2020-01-02
11,solar_4,0.0773256836913152,0.0514692685075368,1.5023660901648945,0.1330025888375148,,2020-01-02
10,temp_9,6.2944219008777935,0.0732808594825543,85.89448793755322,0.0,***,2020-01-02
8,solar_power,-0.47219281820434844,0.05480618485239786,-8.61568488074917,0.0,***,2020-01-02
3,sma1,-0.889156267271951,0.010547740274054054,-84.2982709253042,0.0,***,2020-01-02
6,pv_capacity,-6.579158750782966,0.7636910364744995,-8.614948240266077,0.0,***,2020-01-02
5,rainfall,-0.12036776857861753,1.0622019929397548,-0.1133190950296442,0.9097775791041589,,2020-01-02
4,intercept,9164.262057181275,0.0477763212827338,191815.9835485954,0.0,***,2020-01-02
2,sar1,0.9950785029709882,0.001177688714970664,844.941868187788,0.0,***,2020-01-02
1,ma1,0.43148045619455155,0.0145875654107963,29.57864757029378,0.0,***,2020-01-02
0,ar1,0.9869280760412469,0.002752790212833526,358.5191749956759,0.0,***,2020-01-02
7,temperature,9.248127581942185,1.063431378914496,8.696496798300485,0.0,***,2020-01-02
9,temp_1,19.360167537347518,0.06710960122156445,288.48580806536637,0.0,***,2020-01-03
15,cos_336_1,12.45400855381609,0.8399062602762554,14.827855372479085,0.0,***,2020-01-03
14,sin_336_1,10.391586717923483,0.7218819014943776,14.395134019029591,0.0,***,2020-01-03
13,lag_48*7,0.19933556882345693,0.019849417965165546,10.04238860672278,0.0,***,2020-01-03
12,solar_16,0.19513044532693752,0.06454217634375581,3.0233012950734746,0.002500331695524549,**,2020-01-03
10,temp_9,7.07042484304932,0.2356327818020899,30.006117098714363,0.0,***,2020-01-03
8,solar_power,-0.4804755916754857,0.12782741057926253,-3.758783734241061,0.0001707413392493251,***,2020-01-03
11,solar_4,0.07647071485052903,0.05523955726666952,1.3843469903526902,0.1662522320746347,,2020-01-03
6,pv_capacity,-8.020722824719087,0.5033870229687126,-15.9335113118671,0.0,***,2020-01-03
5,rainfall,0.44142396639873027,0.05627079803609998,7.844636681988036,4.440892098500626e-15,***,2020-01-03
4,intercept,10255.056048875986,0.09474403470967917,108239.5960896134,0.0,***,2020-01-03
7,temperature,10.065051332585824,0.17454445128820456,57.664688039647835,0.0,***,2020-01-03
3,sma1,-0.891949775749188,0.009817043676353342,-90.85726876184312,0.0,***,2020-01-03
2,sar1,0.9952597304209039,0.0010695993902421009,930.4976606200473,0.0,***,2020-01-03
1,ma1,0.432322257016632,0.013026960720017541,33.186732217002486,0.0,***,2020-01-03
0,ar1,0.9869125099996711,0.0019562460640247664,504.49303293124814,0.0,***,2020-01-03
14,sin_336_1,9.59407392700759,0.7429519914355845,12.913450717682633,0.0,***,2020-01-04
13,lag_48*7,0.19644813149318613,0.017971703876629528,10.930968640577705,0.0,***,2020-01-04
12,solar_16,0.1955969863357795,0.08233404807990405,2.375651275471787,0.0175180100167871,*,2020-01-04
11,solar_4,0.07941517338630932,0.05607229820164298,1.4162995977215425,0.1566878055786156,,2020-01-04
10,temp_9,7.085277504410918,0.27558075421268047,25.71034949321181,0.0,***,2020-01-04
9,temp_1,19.12254407986562,0.9552645117111657,20.01806185138334,0.0,***,2020-01-04
8,solar_power,-0.47662786385853906,0.06984408940764825,-6.824168915377772,8.843592524954147e-12,***,2020-01-04
15,cos_336_1,10.566800412490826,0.3669484831649944,28.79641393077943,0.0,***,2020-01-04
6,pv_capacity,-7.141393820623534,0.1874760536667088,-38.092298621344796,0.0,***,2020-01-04
5,rainfall,0.6734875327738337,0.34414904070875224,1.9569647248960234,0.05035161581598557,.,2020-01-04
4,intercept,9962.147336710195,0.018930561027478806,526246.809180645,0.0,***,2020-01-04
3,sma1,-0.8875935765018123,0.012155363759589229,-73.02073340270049,0.0,***,2020-01-04
2,sar1,0.9951195787021617,0.0016776278358576042,593.1706409684458,0.0,***,2020-01-04
1,ma1,0.4359609739923689,0.014799123947122154,29.458566300956356,0.0,***,2020-01-04
0,ar1,0.9875609926510223,0.0045398672950321675,217.53080618274436,0.0,***,2020-01-04
7,temperature,10.040971273357343,0.12030711145528934,83.46116162126414,0.0,***,2020-01-04
15,cos_336_1,13.945169356544145,0.08877328522088801,157.08745397723436,0.0,***,2020-01-05
14,sin_336_1,11.142299940083403,0.3672979680798576,30.33586055031171,0.0,***,2020-01-05
13,lag_48*7,0.2036808899497653,0.019029810623373555,10.703253646654382,0.0,***,2020-01-05
12,solar_16,0.21357030107718425,0.05645579711050917,3.7829649390855633,0.00015497125074337426,***,2020-01-05
11,solar_4,0.08264949012575595,0.05326860684690341,1.5515609477697556,0.12076731346047209,,2020-01-05
10,temp_9,6.8811434275266965,0.7518939550934752,9.151747238972328,0.0,***,2020-01-05
9,temp_1,21.967093639550203,1.1200338990284628,19.612882840961195,0.0,***,2020-01-05
8,solar_power,-0.4922852709453309,0.052692528195510215,-9.342601082239915,0.0,***,2020-01-05
7,temperature,11.697376811346203,0.6836821911831593,17.109377664354668,0.0,***,2020-01-05
5,rainfall,0.9509001300176863,0.020165937547137358,47.153777392942025,0.0,***,2020-01-05
4,intercept,9690.07480608009,0.019299000154721205,502102.426467392,0.0,***,2020-01-05
3,sma1,-0.8829345463183808,0.008429065237308589,-104.74880920488674,0.0,***,2020-01-05
2,sar1,0.9946107731772257,0.0004773804406876454,2083.476172053746,0.0,***,2020-01-05
1,ma1,0.44554865624441514,0.012896376980473225,34.548358575360595,0.0,***,2020-01-05
0,ar1,0.9875692345384415,0.001641304917104392,601.6976030759243,0.0,***,2020-01-05
6,pv_capacity,-6.760398977492116,0.46347006439386973,-14.58648464455504,0.0,***,2020-01-05
9,temp_1,22.242173156896023,1.0500366080768166,21.18228353736489,0.0,***,2020-01-06
15,cos_336_1,14.165148889836978,0.2213964467135935,63.98092245880319,0.0,***,2020-01-06
14,sin_336_1,11.906592247386786,0.48344413362172817,24.628682859772013,0.0,***,2020-01-06
13,lag_48*7,0.1987335578556849,0.020893232964168056,9.511862438738582,0.0,***,2020-01-06
12,solar_16,0.2171253118919571,0.06270062002944146,3.462889390726991,0.0005344080320863753,***,2020-01-06
10,temp_9,7.52298843957756,0.6161232050077624,12.21020143119391,0.0,***,2020-01-06
8,solar_power,-0.48047276324848553,0.05841071334836329,-8.225764345368137,2.220446049250313e-16,***,2020-01-06
11,solar_4,0.0952744956192837,0.057505793707664475,1.6567808124450831,0.09756379764086986,.,2020-01-06
6,pv_capacity,-11.260961368019878,1.3965966351401804,-8.063145137743787,6.661338147750939e-16,***,2020-01-06
0,ar1,0.9876578418334507,0.002832980993465012,348.62847442737296,0.0,***,2020-01-06
1,ma1,0.44538228396315804,0.012888682884484784,34.556074344827195,0.0,***,2020-01-06
2,sar1,0.9950593221436734,0.0012920099332156478,770.1638327710824,0.0,***,2020-01-06
7,temperature,11.83912540379913,0.5109836056742665,23.16928620082998,0.0,***,2020-01-06
4,intercept,12510.343422143902,0.019414583485040913,644378.6667781577,0.0,***,2020-01-06
5,rainfall,0.5094301141386097,0.3289544604233097,1.5486341589138441,0.12146968960785487,,2020-01-06
3,sma1,-0.8870045640683585,0.011338568565381808,-78.2289721099808,0.0,***,2020-01-06
15,cos_336_1,13.63753023146697,0.05636755756067301,241.93934989621968,0.0,***,2020-01-07
14,sin_336_1,12.132273907265427,0.1973466073341615,61.47698240751707,0.0,***,2020-01-07
13,lag_48*7,0.19115026508319566,0.015000166052702603,12.743209935916397,0.0,***,2020-01-07
12,solar_16,0.2379509389630259,0.05607975912230667,4.243080617448246,2.2047218879439612e-05,***,2020-01-07
11,solar_4,0.10236268005317806,0.05385908835681409,1.9005646619012524,0.057359057870460806,.,2020-01-07
9,temp_1,22.557698393002635,0.9486015226184339,23.779951702730145,0.0,***,2020-01-07
8,solar_power,-0.4985157027686,0.0560051445589898,-8.901248388771092,0.0,***,2020-01-07
10,temp_9,7.822292581281047,0.4236139984729824,18.46561400113869,0.0,***,2020-01-07
6,pv_capacity,-11.351197896073018,1.5468584165106,-7.338226805320054,2.1649348980190553e-13,***,2020-01-07
5,rainfall,0.697095739577577,0.1576188093179851,4.422668478425276,9.74892734717514e-06,***,2020-01-07
4,intercept,12610.301079500268,0.023748677441699558,530989.6144935733,0.0,***,2020-01-07
3,sma1,-0.8973276683993043,0.00881098191364913,-101.84196008951628,0.0,***,2020-01-07
2,sar1,0.9956728189213073,0.0008164569221747953,1219.504412148451,0.0,***,2020-01-07
1,ma1,0.4512171907656946,0.014979374958660705,30.12256466047083,0.0,***,2020-01-07
0,ar1,0.9873317880784607,0.002285226057179137,432.04994314532473,0.0,***,2020-01-07
7,temperature,11.794991417865106,0.7416316090685711,15.904110981297919,0.0,***,2020-01-07
9,temp_1,22.901091262753404,0.5405667010375325,42.36496850212633,0.0,***,2020-01-08
15,cos_336_1,13.197688577436406,0.1495080500484205,88.27410011141293,0.0,***,2020-01-08
14,sin_336_1,11.257873639628322,0.05836560258200191,192.88541780771217,0.0,***,2020-01-08
13,lag_48*7,0.18437892008273832,0.01756707422000115,10.495710200439184,0.0,***,2020-01-08
12,solar_16,0.18195056010354657,0.056519645230689745,3.219244554011262,0.0012852881908935743,**,2020-01-08
11,solar_4,0.1305541593396975,0.05128429938314668,2.545694509041122,0.010906058513048933,*,2020-01-08
10,temp_9,7.938557979006426,1.1500210486246525,6.902967548724786,5.092815058560518e-12,***,2020-01-08
8,solar_power,-0.49577556840131365,0.05462477590685558,-9.076020178951293,0.0,***,2020-01-08
2,sar1,0.9958965396166313,0.000799294691556548,1245.9691652364418,0.0,***,2020-01-08
6,pv_capacity,-10.440153794666287,0.3452504065857937,-30.239367124603053,0.0,***,2020-01-08
5,rainfall,1.2257437583306228,0.12895693407305706,9.505062811405015,0.0,***,2020-01-08
4,intercept,12203.21986506551,0.02987881361487033,408423.84247117874,0.0,***,2020-01-08
3,sma1,-0.8986718773539056,0.008767744536752406,-102.4974979125904,0.0,***,2020-01-08
1,ma1,0.45032595869817454,0.014825848449750476,30.374380274051276,0.0,***,2020-01-08
0,ar1,0.9873377958603267,0.00197788195234282,499.1894459074343,0.0,***,2020-01-08
7,temperature,11.936096875637588,0.9160368635769065,13.030149058663385,0.0,***,2020-01-08
8,solar_power,-0.5003483089327574,0.051814330398637774,-9.656562288526878,0.0,***,2020-01-09
14,sin_336_1,10.590660656522378,0.07867029549384984,134.62083229813618,0.0,***,2020-01-09
13,lag_48*7,0.17783716398215366,0.01914857045790584,9.287229267223461,0.0,***,2020-01-09
12,solar_16,0.18603767191410162,0.057745332252754675,3.221691947321455,0.001274360698064525,**,2020-01-09
11,solar_4,0.14510170004569045,0.058150457882876205,2.4952804385125766,0.01258576174082826,*,2020-01-09
10,temp_9,8.005304489650758,1.402566356725848,5.707611943821572,1.1457226722910718e-08,***,2020-01-09
9,temp_1,22.985925082933644,1.2502977989991853,18.38436019109446,0.0,***,2020-01-09
15,cos_336_1,14.304551791672935,0.17180383877577493,83.26095559681951,0.0,***,2020-01-09
7,temperature,11.749316456678798,0.9152142517246753,12.837776984501499,0.0,***,2020-01-09
5,rainfall,5.823536236465159,3.3808968298623046,1.7224826812305707,0.08498211742598749,.,2020-01-09
4,intercept,7099.087312171009,0.0336981921167218,210666.7113648593,0.0,***,2020-01-09
3,sma1,-0.9030016799700402,0.010506251773086388,-85.94898537299838,0.0,***,2020-01-09
2,sar1,0.996223871293508,0.00106231461511249,937.7860919178039,0.0,***,2020-01-09
1,ma1,0.4520453804403546,0.012347458833208334,36.61039785972675,0.0,***,2020-01-09
0,ar1,0.9868339974707275,0.002632071774735953,374.9267048653055,0.0,***,2020-01-09
6,pv_capacity,-2.4326952265781188,1.801263411497203,-1.350549403852084,0.17683981778644076,,2020-01-09
15,cos_336_1,14.202421319086143,0.3074651902028771,46.19196504721348,0.0,***,2020-01-10
14,sin_336_1,11.445738641914035,0.6347104441400219,18.033008197024436,0.0,***,2020-01-10
13,lag_48*7,0.18069524656081518,0.016367173902711335,11.040100608381865,0.0,***,2020-01-10
12,solar_16,0.18773992795862612,0.052556709767018615,3.5721400519718274,0.0003540759595841436,***,2020-01-10
11,solar_4,0.17107304760683473,0.05446458479322163,3.140996085003214,0.0016837428314080416,**,2020-01-10
10,temp_9,9.471550221469137,0.47356758281037187,20.000419296566967,0.0,***,2020-01-10
9,temp_1,23.459807565643345,1.3239535852505728,17.719509072671393,0.0,***,2020-01-10
8,solar_power,-0.5160315497669785,0.05121294116789528,-10.076194375855763,0.0,***,2020-01-10
6,pv_capacity,-0.927538884631673,0.3935114340443584,-2.3570824234985674,0.01841915803438443,*,2020-01-10
5,rainfall,3.2110041847539676,0.2301337567491155,13.952773509253154,0.0,***,2020-01-10
4,intercept,6084.744186400889,0.040586012299130836,149922.19835628432,0.0,***,2020-01-10
3,sma1,-0.9087105544101234,0.008476168775423034,-107.20769943196075,0.0,***,2020-01-10
2,sar1,0.9966009607346112,0.0006402389804406343,1556.6077530123462,0.0,***,2020-01-10
1,ma1,0.45294661051325447,0.013795313190913963,32.83336914826839,0.0,***,2020-01-10
0,ar1,0.986829851727508,0.0019267801278971557,512.1652634047622,0.0,***,2020-01-10
7,temperature,11.641523724518862,0.6778938398888436,17.173077906162654,0.0,***,2020-01-10
9,temp_1,24.325712126406422,0.19367571289666977,125.60021988603559,0.0,***,2020-01-11
15,cos_336_1,12.572852790078118,0.02460790306284561,510.92743489636524,0.0,***,2020-01-11
14,sin_336_1,9.619670429849322,0.1390190957192829,69.19675588506226,0.0,***,2020-01-11
13,lag_48*7,0.18919981130246016,0.015507073439951977,12.200871559362788,0.0,***,2020-01-11
12,solar_16,0.1959383908306584,0.054673183273232596,3.583811644027461,0.0003386163129035502,***,2020-01-11
11,solar_4,0.18152519864478744,0.05279061775186849,3.4385882638844945,0.0005847558757150484,***,2020-01-11
10,temp_9,9.283512688668527,0.22818598186475952,40.683974593017055,0.0,***,2020-01-11
8,solar_power,-0.5239141969048546,0.030698994417937223,-17.066168024016285,0.0,***,2020-01-11
0,ar1,0.987394524591095,0.00010667348781641607,9256.231747952128,0.0,***,2020-01-11
6,pv_capacity,-1.6965915283267918,0.3826074100845321,-4.434288211908787,9.237697905950526e-06,***,2020-01-11
5,rainfall,3.197455853354505,0.08139249488957094,39.28440647620699,0.0,***,2020-01-11
4,intercept,6478.9780165730135,0.022281714685861848,290775.5578022926,0.0,***,2020-01-11
3,sma1,-0.9073304798726611,0.0071221739401425635,-127.39515876728213,0.0,***,2020-01-11
2,sar1,0.9965018695790514,0.0002455654386425589,4057.9890846510507,0.0,***,2020-01-11
1,ma1,0.45917649472941713,0.014161385974666922,32.42454485393101,0.0,***,2020-01-11
7,temperature,13.061331409515162,0.21262020340952614,61.43034010910916,0.0,***,2020-01-11
9,temp_1,24.828037339629375,0.19784649601927504,125.49141803962262,0.0,***,2020-01-12
15,cos_336_1,11.392195044537129,0.03577818941395485,318.41172600237115,0.0,***,2020-01-12
14,sin_336_1,12.499789878319467,0.3125286452439497,39.99566141709198,0.0,***,2020-01-12
13,lag_48*7,0.15680395226701171,0.017280337408029797,9.074125612509645,0.0,***,2020-01-12
12,solar_16,0.2332347246954868,0.05341433994821206,4.366518895892373,1.2624237124558846e-05,***,2020-01-12
11,solar_4,0.22395527080710664,0.051435379821967706,4.354109400616438,1.3360897502812108e-05,***,2020-01-12
10,temp_9,10.4131340540123,0.20766021315738295,50.145060990187474,0.0,***,2020-01-12
8,solar_power,-0.5367039097001225,0.0505480160975073,-10.617704731770655,0.0,***,2020-01-12
3,sma1,-0.9113190439260286,0.007100315147052627,-128.34909789945326,0.0,***,2020-01-12
6,pv_capacity,-4.8603332105554955,0.23052706995255814,-21.083568240188622,0.0,***,2020-01-12
5,rainfall,3.5135300842751036,0.19125838113852944,18.37059407990197,0.0,***,2020-01-12
4,intercept,8566.543845736713,0.021289340917471738,402386.5219193479,0.0,***,2020-01-12
7,temperature,13.412577174535272,0.5098591873945788,26.306434219759016,0.0,***,2020-01-12
2,sar1,0.9968781466270479,0.00035526246368820487,2806.0328588554607,0.0,***,2020-01-12
1,ma1,0.46404539896939273,0.01397411277540872,33.207503505053126,0.0,***,2020-01-12
0,ar1,0.9878378531278493,0.0018689811921009302,528.5434959446629,0.0,***,2020-01-12
15,cos_336_1,9.856026042290319,1.1285281056992598,8.733522889253447,0.0,***,2020-01-13
14,sin_336_1,10.770104746307647,0.5362220770297778,20.085157265372263,0.0,***,2020-01-13
13,lag_48*7,0.14755092630503813,0.015320154843655617,9.631164163209613,0.0,***,2020-01-13
12,solar_16,0.22718412412433545,0.04993910110648072,4.5492233358372,5.384427377297385e-06,***,2020-01-13
11,solar_4,0.2388984195278822,0.0497829174651612,4.798803117456239,1.596166011808009e-06,***,2020-01-13
10,temp_9,10.627007082256592,0.5523515379605112,19.239571815976984,0.0,***,2020-01-13
9,temp_1,24.94087141528788,0.1829717247964639,136.3099759978318,0.0,***,2020-01-13
8,solar_power,-0.5318473088678957,0.05321082738082347,-9.995095642124273,0.0,***,2020-01-13
7,temperature,12.977287614690795,0.7984971860107217,16.252139446508387,0.0,***,2020-01-13
6,pv_capacity,-6.4033947503453135,0.3488975976664926,-18.353221097458654,0.0,***,2020-01-13
5,rainfall,3.4526009655520085,0.4651092987566493,7.4232034809487875,1.1435297153639112e-13,***,2020-01-13
4,intercept,9839.198318416333,0.07819166211427551,125834.36714820752,0.0,***,2020-01-13
3,sma1,-0.9072744059420005,0.007607485071981973,-119.26075402808893,0.0,***,2020-01-13
2,sar1,0.9967122704166432,0.00043293012137759563,2302.247455651913,0.0,***,2020-01-13
1,ma1,0.4658280925114765,0.01336027228187382,34.866661598167866,0.0,***,2020-01-13
0,ar1,0.9879830932484672,0.0030862278493942307,320.12642664811347,0.0,***,2020-01-13
14,sin_336_1,11.78394811307653,1.3493943783098759,8.732768049497873,0.0,***,2020-01-14
13,lag_48*7,0.1516195299280298,0.017968516166171705,8.438066255769922,0.0,***,2020-01-14
12,solar_16,0.22564569224292283,0.056446343235964334,3.9975254251572934,6.40081176961349e-05,***,2020-01-14
11,solar_4,0.23715381791338075,0.06364949401002762,3.7259340643936385,0.00019459327083892752,***,2020-01-14
10,temp_9,10.388197973061628,0.2112156561629289,49.182897526537104,0.0,***,2020-01-14
9,temp_1,24.884007469192174,1.0423574404195217,23.872816084257057,0.0,***,2020-01-14
8,solar_power,-0.5308276719457581,0.05432947863061372,-9.770527627457222,0.0,***,2020-01-14
15,cos_336_1,10.71621679810894,2.6786211085993377,4.000646737123824,6.316960144281403e-05,***,2020-01-14
6,pv_capacity,-6.670352928323837,1.2561182835878855,-5.3102904523219925,1.0945066297729511e-07,***,2020-01-14
5,rainfall,3.342400392292504,0.68366447816729,4.888948452101136,1.0137603463356015e-06,***,2020-01-14
4,intercept,9891.435837150106,0.052939777489827075,186843.16984616808,0.0,***,2020-01-14
3,sma1,-0.9106100719721134,0.009031407832245566,-100.82703481963118,0.0,***,2020-01-14
2,sar1,0.9968578687677767,0.0006571280201740064,1516.9918770223956,0.0,***,2020-01-14
1,ma1,0.47157613985582025,0.011127618240264266,42.37889273999941,0.0,***,2020-01-14
0,ar1,0.9878210399171939,0.0010430920217063685,947.0123626305202,0.0,***,2020-01-14
7,temperature,13.020024152752342,1.2322943604542291,10.565676976686888,0.0,***,2020-01-14
14,sin_336_1,11.384572077612583,0.6150308217455167,18.510571625178184,0.0,***,2020-01-15
13,lag_48*7,0.14484154042664382,0.01924888893197189,7.524670173875121,5.284661597215745e-14,***,2020-01-15
12,solar_16,0.21916563755889795,0.1053530388507258,2.0802972553020767,0.03749827640119929,*,2020-01-15
11,solar_4,0.23851483476481405,0.06667687936463786,3.5771745324258624,0.000347328275680292,***,2020-01-15
10,temp_9,10.131362193186114,1.9743672925918347,5.131447543322221,2.8752235881057686e-07,***,2020-01-15
9,temp_1,26.085288791107928,1.1419675640766023,22.842407798334058,0.0,***,2020-01-15
8,solar_power,-0.5219032677481437,0.07476392254309136,-6.9806833295475705,2.937428078553239e-12,***,2020-01-15
15,cos_336_1,11.084124377978268,4.603458227690755,2.4077821128700516,0.016049756602754428,*,2020-01-15
6,pv_capacity,-7.050131709068182,1.8977536456398774,-3.7149878358900716,0.0002032134697951271,***,2020-01-15
5,rainfall,3.265051517521229,0.45511046762039287,7.174195607042387,7.274181257344026e-13,***,2020-01-15
4,intercept,10253.43843874359,1.02710892989264,9982.815006598517,0.0,***,2020-01-15
3,sma1,-0.9122785589284083,0.01926750100950365,-47.34804780746756,0.0,***,2020-01-15
2,sar1,0.9970130786370616,0.001954925994460215,510.0004202012528,0.0,***,2020-01-15
1,ma1,0.4815679637915579,0.013388045965295896,35.96999629668619,0.0,***,2020-01-15
0,ar1,0.9876755537403393,0.007211209542607865,136.9639237224489,0.0,***,2020-01-15
7,temperature,11.513519559325289,1.602552585714662,7.1844878364417655,6.745715097622451e-13,***,2020-01-15
15,cos_336_1,12.652717386648892,0.21376725801161856,59.18922057727474,0.0,***,2020-01-16
14,sin_336_1,11.451219279263077,0.21054143533313355,54.38938544873197,0.0,***,2020-01-16
13,lag_48*7,0.14312560089555443,0.0278517962903716,5.138828368676283,2.7645675704235373e-07,***,2020-01-16
12,solar_16,0.22433012114204742,0.048122684462213065,4.66162940926947,3.1371570989868758e-06,***,2020-01-16
11,solar_4,0.2414572763042876,0.07627026431791738,3.1658114530431036,0.001546510015280722,**,2020-01-16
10,temp_9,10.044376751754715,0.250352343405426,40.120961582087666,0.0,***,2020-01-16
9,temp_1,25.722087039052603,0.08443076610496683,304.6530101014853,0.0,***,2020-01-16
8,solar_power,-0.5129350873936573,0.0357647823711761,-14.341904336793812,0.0,***,2020-01-16
7,temperature,11.877728781967733,0.10155584530890044,116.95760835665811,0.0,***,2020-01-16
5,rainfall,3.348629155509215,0.06526469789232184,51.308429574500025,0.0,***,2020-01-16
4,intercept,8267.826262258473,0.0331569592474733,249354.17631484158,0.0,***,2020-01-16
3,sma1,-0.9146217450695102,0.007115793389723438,-128.53405024243654,0.0,***,2020-01-16
2,sar1,0.9971624723123832,0.000349833492927338,2850.3916648126606,0.0,***,2020-01-16
1,ma1,0.48251597968204435,0.01283242664402906,37.60130434149487,0.0,***,2020-01-16
0,ar1,0.9877286411663945,0.000292542621414119,3376.3580718317976,0.0,***,2020-01-16
6,pv_capacity,-3.8969618127151193,0.04933410616278817,-78.99123174252476,0.0,***,2020-01-16
9,temp_1,26.06122207745345,0.6176697021612125,42.19281273837103,0.0,***,2020-01-17
14,sin_336_1,11.698351090277558,1.7048672571808452,6.861737206227925,6.802780561088184e-12,***,2020-01-17
13,lag_48*7,0.14362222324491078,0.016749815369612318,8.574555604085742,0.0,***,2020-01-17
12,solar_16,0.2144750095282213,0.05641346637119438,3.801840647709882,0.00014362509544896263,***,2020-01-17
11,solar_4,0.19016132139976738,0.05887946898766981,3.2296711344253093,0.001239326848873068,**,2020-01-17
10,temp_9,9.801221207291524,0.3973803741153845,24.664582968170475,0.0,***,2020-01-17
8,solar_power,-0.48072867500502525,0.058267795923387336,-8.25033223561614,2.220446049250313e-16,***,2020-01-17
15,cos_336_1,13.25084172223839,1.4280898075939825,9.278717383021693,0.0,***,2020-01-17
6,pv_capacity,1.8118018834243657,0.9541706140856219,1.8988238127209656,0.05758764516878956,.,2020-01-17
0,ar1,0.9872773597045301,0.0022604746251474314,436.75666549016825,0.0,***,2020-01-17
1,ma1,0.47886298734733956,0.01440975664045699,33.23185805948163,0.0,***,2020-01-17
2,sar1,0.996517254958572,0.0007166380639016727,1390.5446907649891,0.0,***,2020-01-17
7,temperature,11.413027824768477,1.211006548153724,9.424414626137693,0.0,***,2020-01-17
4,intercept,4573.78578799663,0.03084370745772704,148289.10546065998,0.0,***,2020-01-17
5,rainfall,3.4166400196763362,0.8178565482377917,4.177554153033386,2.9466052376081464e-05,***,2020-01-17
3,sma1,-0.9066273875521377,0.009721134741429048,-93.26353472792823,0.0,***,2020-01-17
14,sin_336_1,12.762881780263506,1.1324996733219888,11.269656036920377,0.0,***,2020-01-18
13,lag_48*7,0.13543121118297702,0.019222326949653777,7.045515953281417,1.8478552021861105e-12,***,2020-01-18
12,solar_16,0.22125093457359718,0.05297633444796904,4.176410785666945,2.9614481351636357e-05,***,2020-01-18
11,solar_4,0.1979336713105475,0.05780710032894575,3.4240373619196425,0.0006169813782619382,***,2020-01-18
10,temp_9,10.468042507289331,0.13374473749256444,78.26881792542532,0.0,***,2020-01-18
9,temp_1,25.717607294354426,1.0368330937557926,24.80399926394686,0.0,***,2020-01-18
8,solar_power,-0.48553380652688816,0.05462994620730595,-8.887685971434385,0.0,***,2020-01-18
15,cos_336_1,13.609914894113036,0.3924792842028679,34.676772614266774,0.0,***,2020-01-18
6,pv_capacity,6.846749111315756,1.6862520010966235,4.06033564785281,4.900222069403881e-05,***,2020-01-18
5,rainfall,2.1092729219045774,0.3809794420288576,5.536448136602628,3.086671851448841e-08,***,2020-01-18
4,intercept,1308.0860874569707,0.0334055621083679,39157.73317070761,0.0,***,2020-01-18
3,sma1,-0.8984542304824922,0.007430757568567838,-120.91017937161084,0.0,***,2020-01-18
2,sar1,0.9959229845736141,0.00017185218151435846,5795.230388101902,0.0,***,2020-01-18
1,ma1,0.4811019622450185,0.01410787524646421,34.101659806326595,0.0,***,2020-01-18
0,ar1,0.9872101840522651,0.002685055344605329,367.66846762980714,0.0,***,2020-01-18
7,temperature,10.653949368622463,0.7836661619896113,13.59501007619581,0.0,***,2020-01-18
15,cos_336_1,13.755913846093138,0.20582025152082076,66.83459836653437,0.0,***,2020-01-19
14,sin_336_1,12.027435693810329,1.982906799640573,6.06555774380846,1.3149652478006146e-09,***,2020-01-19
13,lag_48*7,0.13885108904023874,0.01897775491717298,7.316518189124275,2.544631172440859e-13,***,2020-01-19
12,solar_16,0.2268133824973705,0.06012344298630696,3.7724616427743,0.0001616448225230105,***,2020-01-19
11,solar_4,0.20694598625098948,0.059306654294055856,3.4894227083676697,0.0004840650214414932,***,2020-01-19
10,temp_9,10.637301251852467,0.15417984624563227,68.99281268516512,0.0,***,2020-01-19
9,temp_1,26.104144540175113,0.689472869147683,37.861017754686564,0.0,***,2020-01-19
8,solar_power,-0.4821241681058481,0.05622366474463034,-8.575111037241548,0.0,***,2020-01-19
7,temperature,10.466280885581982,0.7453554822234241,14.041998932322418,0.0,***,2020-01-19
5,rainfall,1.3906339147343227,0.4907599757407863,2.8336335142962827,0.004602207834775385,**,2020-01-19
4,intercept,182.95271008362175,0.025289817254607036,7234.244053317282,0.0,***,2020-01-19
3,sma1,-0.8936252306318444,0.010461645581993622,-85.41918416448121,0.0,***,2020-01-19
1,ma1,0.47747017276743603,0.013614389570292986,35.07099384090569,0.0,***,2020-01-19
0,ar1,0.9874971808123478,0.0023685734652759555,416.9164247127532,0.0,***,2020-01-19
6,pv_capacity,8.427030039028217,1.7428584688408744,4.835177491281203,1.330268859733863e-06,***,2020-01-19
2,sar1,0.9954952453190993,0.0009464030884494362,1051.8723548864305,0.0,***,2020-01-19
15,cos_336_1,13.60142562798462,2.4145905218316845,5.633015414003494,1.770856239424745e-08,***,2020-01-20
8,solar_power,-0.47976722897966795,0.059621848557949504,-8.046835859397378,8.881784197001252e-16,***,2020-01-20
14,sin_336_1,11.566653222052883,3.2146263413851544,3.59813303124646,0.00032050967796171115,***,2020-01-20
13,lag_48*7,0.1355244591655415,0.01737134546725046,7.801609807429173,6.217248937900877e-15,***,2020-01-20
12,solar_16,0.2204051165035853,0.05868710588863304,3.7555969606310917,0.00017292879436503483,***,2020-01-20
11,solar_4,0.20891943789487222,0.058016860217746324,3.6010124834533443,0.0003169803548148664,***,2020-01-20
10,temp_9,10.392950946312675,1.4806140269987915,7.019351942368947,2.2291057888423893e-12,***,2020-01-20
9,temp_1,26.431081714433464,1.4973011290469243,17.65248232415187,0.0,***,2020-01-20
7,temperature,10.174387582414873,0.9796500996040705,10.385736281277257,0.0,***,2020-01-20
5,rainfall,0.5321449002030998,1.3968714634385047,0.38095480803450943,0.703236782410591,,2020-01-20
4,intercept,652.2471788641496,0.03378307369687635,19306.922298324134,0.0,***,2020-01-20
3,sma1,-0.8819691883430154,0.01064379430319105,-82.86229169973697,0.0,***,2020-01-20
2,sar1,0.9946129828370681,0.0010643347226078584,934.4926569717124,0.0,***,2020-01-20
1,ma1,0.47455079631905306,0.015357716048213758,30.899828778527755,0.0,***,2020-01-20
0,ar1,0.9876038575735763,0.0019386870413778989,509.4189193484517,0.0,***,2020-01-20
6,pv_capacity,7.65969682216026,1.017367421371655,7.5289385734734395,5.10702591327572e-14,***,2020-01-20
14,sin_336_1,11.795918303483981,3.4497245614030487,3.419379748592573,0.0006276406707099724,***,2020-01-21
13,lag_48*7,0.1370973937015214,0.018599829911584674,7.370895021794365,1.694200335577989e-13,***,2020-01-21
12,solar_16,0.24623194482227023,0.05833423856593016,4.221053550634341,2.4316315675898537e-05,***,2020-01-21
11,solar_4,0.16572569094278222,0.05497696938950089,3.0144566494498575,0.0025743999858174327,**,2020-01-21
10,temp_9,11.619151279592028,1.1153564712481747,10.417432972428314,0.0,***,2020-01-21
9,temp_1,27.45908250400746,1.2817851158564317,21.422531877084968,0.0,***,2020-01-21
8,solar_power,-0.3945699342639841,0.05804528018826613,-6.797623045047279,1.0635936575909e-11,***,2020-01-21
15,cos_336_1,14.542836061868012,1.0238100912577657,14.20462269911984,0.0,***,2020-01-21
6,pv_capacity,12.289162622321683,0.6421028637998828,19.138931338190872,0.0,***,2020-01-21
5,rainfall,1.15062421421095,0.3693436761483016,3.1153212807383843,0.0018374465692443387,**,2020-01-21
4,intercept,-2312.816014497631,0.05575235979774026,-41483.73311709352,0.0,***,2020-01-21
3,sma1,-0.8861649458934426,0.01311809036969734,-67.55289229753097,0.0,***,2020-01-21
2,sar1,0.9948695448241198,0.0015844037150228355,627.9141707325402,0.0,***,2020-01-21
1,ma1,0.4661346577273762,0.015043689558845264,30.985394633678958,0.0,***,2020-01-21
0,ar1,0.987706709007045,0.0025424738537780127,388.48254330692646,0.0,***,2020-01-21
7,temperature,9.715545867253994,1.8393312083983233,5.2821078786099775,1.2770595891886671e-07,***,2020-01-21
15,cos_336_1,12.905262714216136,1.2592590121940916,10.248298871993324,0.0,***,2020-01-22
14,sin_336_1,10.839853783277608,1.4042618614537765,7.719253852024107,1.176836406102666e-14,***,2020-01-22
13,lag_48*7,0.1424676424494976,0.01926706135982609,7.394362834519128,1.4210854715202004e-13,***,2020-01-22
12,solar_16,0.2700668906733759,0.059582272175748886,4.532671897385247,5.824224499129116e-06,***,2020-01-22
11,solar_4,0.13414916559456813,0.06243337758136833,2.1486770505044976,0.03166000913157263,*,2020-01-22
10,temp_9,12.77337814643602,1.6099720893710097,7.933912786914445,2.220446049250313e-15,***,2020-01-22
9,temp_1,26.189533720338154,0.7668307744499409,34.15295081124554,0.0,***,2020-01-22
8,solar_power,-0.42595917567078345,0.05924316888979274,-7.190013357711758,6.479261571712414e-13,***,2020-01-22
7,temperature,9.287789771845667,0.7686699106157238,12.082936568189478,0.0,***,2020-01-22
5,rainfall,0.4104807816966911,0.7313809278224251,0.5612407516816645,0.5746334255911245,,2020-01-22
4,intercept,-1338.61895088879,0.24871466302207618,-5382.147295312351,0.0,***,2020-01-22
3,sma1,-0.8880818764786635,0.008641585262541236,-102.76839833175526,0.0,***,2020-01-22
2,sar1,0.9951006001324711,0.0002832241863912655,3513.473241150988,0.0,***,2020-01-22
1,ma1,0.4603529942425667,0.01268042865437513,36.304213902400775,0.0,***,2020-01-22
0,ar1,0.9876742068931373,0.0007853842570692503,1257.5681241418752,0.0,***,2020-01-22
6,pv_capacity,10.65132715012762,2.3373398970528756,4.557029623101781,5.1882109239898e-06,***,2020-01-22
9,temp_1,27.430044576439734,0.4798853364716093,57.15958061590518,0.0,***,2020-01-23
15,cos_336_1,13.20875023635382,0.4339899397352204,30.43561388637845,0.0,***,2020-01-23
14,sin_336_1,12.698077092214088,1.0993386234974662,11.550651292334363,0.0,***,2020-01-23
13,lag_48*7,0.1439515995033709,0.019695629130248082,7.3088094090019915,2.69562150378988e-13,***,2020-01-23
12,solar_16,0.2929938625741575,0.05878807522753189,4.983899565348269,6.231543401291617e-07,***,2020-01-23
10,temp_9,13.273755538418488,1.0485112443319715,12.659621544521896,0.0,***,2020-01-23
8,solar_power,-0.43590086302845066,0.06036741605504113,-7.2207971040372145,5.169198402654729e-13,***,2020-01-23
11,solar_4,0.1637104489165706,0.06051609967056926,2.7052379417668875,0.006825547928926978,**,2020-01-23
6,pv_capacity,14.027492903292767,2.046222852008036,6.855310451413959,7.115863454032478e-12,***,2020-01-23
5,rainfall,0.8876798032763276,0.6184316363095116,1.435372563689583,0.15118095994913405,,2020-01-23
4,intercept,-4355.795620761616,0.021516609263671296,-202438.75637579913,0.0,***,2020-01-23
7,temperature,9.784231366631502,0.7763993703181646,12.60205989428092,0.0,***,2020-01-23
3,sma1,-0.9053514648100762,0.009083442034984408,-99.67052812393824,0.0,***,2020-01-23
2,sar1,0.996561004900724,0.0002926818355077202,3404.9294626431893,0.0,***,2020-01-23
1,ma1,0.464477654258523,0.012361556618348316,37.5743661254681,0.0,***,2020-01-23
0,ar1,0.989236751304924,0.002736321452567683,361.52066504344856,0.0,***,2020-01-23
15,cos_336_1,12.969638438304035,0.24960885247538211,51.959849619448796,0.0,***,2020-01-24
14,sin_336_1,10.091836452650035,0.40349501384451325,25.011056162738416,0.0,***,2020-01-24
13,lag_48*7,0.1434119041757545,0.01817533378851132,7.89046879933537,3.1086244689504383e-15,***,2020-01-24
12,solar_16,0.31631245209432535,0.057964212657105565,5.45703008105209,4.841643574948762e-08,***,2020-01-24
11,solar_4,0.19509087249915769,0.0635547965179555,3.0696482907319296,0.00214310983849475,**,2020-01-24
10,temp_9,14.375625255087408,0.5575900033877921,25.78171267014173,0.0,***,2020-01-24
9,temp_1,27.4263431053049,0.2745300579852528,99.90287878341607,0.0,***,2020-01-24
8,solar_power,-0.4312123397436949,0.0634877952012351,-6.79205095053145,1.1055156790007459e-11,***,2020-01-24
7,temperature,9.863102315856338,1.6319192512959233,6.043866636185553,1.5046390799966503e-09,***,2020-01-24
6,pv_capacity,7.145714547414826,0.22277231224777752,32.07631359262922,0.0,***,2020-01-24
5,rainfall,0.500769704158337,0.022170577363550364,22.587129597338752,0.0,***,2020-01-24
4,intercept,-6522.29294138957,0.01928874150310787,-338139.890585328,0.0,***,2020-01-24
3,sma1,-0.9051647628481364,0.007822437890997997,-115.71389577791255,0.0,***,2020-01-24
2,sar1,0.9967019489322428,0.00019117395637497397,5213.586452002299,0.0,***,2020-01-24
1,ma1,0.4704408080894277,0.012527878622054988,37.55151389008746,0.0,***,2020-01-24
0,ar1,0.9958899571604747,0.0005300590218656136,1878.8284249088088,0.0,***,2020-01-24
14,sin_336_1,12.52496762646145,0.019288111079577216,649.3620642678293,0.0,***,2020-01-25
13,lag_48*7,0.14662767014204303,0.019677991519668356,7.4513534572614875,9.237055564881302e-14,***,2020-01-25
12,solar_16,0.3870152766050392,0.05535688676543652,6.9912760492644255,2.724043213220284e-12,***,2020-01-25
11,solar_4,0.1942099747431385,0.021723745194766383,8.939985854277419,0.0,***,2020-01-25
10,temp_9,16.850968909705102,0.01941263953512891,868.041096586158,0.0,***,2020-01-25
9,temp_1,26.354518023974606,0.01929233485369892,1366.0616106775512,0.0,***,2020-01-25
8,solar_power,-0.36440299985144975,0.06591768889180619,-5.52815194187954,3.236217138713471e-08,***,2020-01-25
15,cos_336_1,12.25075992505775,0.019289360232738625,635.1045227651097,0.0,***,2020-01-25
6,pv_capacity,5.3574201682658895,0.019388088664601018,276.3253387657302,0.0,***,2020-01-25
5,rainfall,0.35913850320423535,0.01928850433317105,18.619302824149692,0.0,***,2020-01-25
4,intercept,-11372.715656712588,0.019287913943999833,-589629.116436952,0.0,***,2020-01-25
3,sma1,-0.8994124177446654,0.010076229472942521,-89.26081131437488,0.0,***,2020-01-25
2,sar1,0.9958686221727661,0.0005215681582264454,1909.3738880823262,0.0,***,2020-01-25
1,ma1,0.46416096290511566,0.012604793962809844,36.82416105131206,0.0,***,2020-01-25
0,ar1,0.9976524827499613,0.0004304484199966238,2317.7050638443193,0.0,***,2020-01-25
7,temperature,6.488574836223961,0.01961338424746594,330.82382695185754,0.0,***,2020-01-25
14,sin_336_1,14.241147100010672,0.4135831087711233,34.43358009065045,0.0,***,2020-01-26
13,lag_48*7,0.14577956968499914,0.0157078586795706,9.28067744043291,0.0,***,2020-01-26
12,solar_16,0.35392384607347316,0.05962903723113241,5.935427813493004,2.930802489586881e-09,***,2020-01-26
11,solar_4,0.1293123208566982,0.061665916109268984,2.09698207722339,0.035995161945257426,*,2020-01-26
10,temp_9,14.269997117864007,0.8041294418444657,17.745895592545786,0.0,***,2020-01-26
9,temp_1,27.10505016406632,0.7173973517393163,37.782478703539454,0.0,***,2020-01-26
8,solar_power,-0.3534702788500681,0.06054881296140558,-5.837773881304223,5.290288651593755e-09,***,2020-01-26
15,cos_336_1,12.053503179405245,0.5942071581761038,20.285018471340894,0.0,***,2020-01-26
6,pv_capacity,29.93929178290989,1.9509377723312116,15.346102888322715,0.0,***,2020-01-26
5,rainfall,0.08321422069448658,0.43161282861141753,0.19279830250227484,0.8471169329553361,,2020-01-26
4,intercept,-14623.625343694392,0.01977628538389963,-739452.5847407043,0.0,***,2020-01-26
3,sma1,-0.9126793511832834,0.009028279305024284,-101.09117367197231,0.0,***,2020-01-26
2,sar1,0.9971018498625711,0.0005686237311885992,1753.535413969305,0.0,***,2020-01-26
1,ma1,0.4743646450341607,0.012928199429771591,36.692243773852546,0.0,***,2020-01-26
0,ar1,0.9925731157475567,0.0017249560978067188,575.4193495182939,0.0,***,2020-01-26
7,temperature,11.962695113589234,0.4211891398106323,28.4021927036573,0.0,***,2020-01-26
15,cos_336_1,12.459878010721878,0.7024974721734796,17.73654497598669,0.0,***,2020-01-27
14,sin_336_1,15.678393255455548,0.32841112465385913,47.740140569173356,0.0,***,2020-01-27
13,lag_48*7,0.13688454849420562,0.018799052093581396,7.281460140266456,3.3018032752352156e-13,***,2020-01-27
12,solar_16,0.3458270499449929,0.05774137762513042,5.989241410036617,2.1082204870737087e-09,***,2020-01-27
11,solar_4,0.1977802166089333,0.052432214667086,3.772112581257961,0.0001618711848963006,***,2020-01-27
10,temp_9,14.856717647970319,0.36294169121729286,40.93417209288204,0.0,***,2020-01-27
9,temp_1,28.233420299524226,0.7386799504714492,38.22145203955347,0.0,***,2020-01-27
8,solar_power,-0.3752106978344045,0.05816781633406854,-6.45048622213184,1.114919268019321e-10,***,2020-01-27
7,temperature,11.939048812586748,0.9420773005301689,12.673109527071567,0.0,***,2020-01-27
5,rainfall,0.13108338375320727,0.5627512169682317,0.23293309690098307,0.8158133576131674,,2020-01-27
4,intercept,-14204.488031113562,0.03799512110185665,-373850.3160191126,0.0,***,2020-01-27
3,sma1,-0.9055592528939186,0.00828257660517538,-109.33303681466448,0.0,***,2020-01-27
2,sar1,0.9965421087364078,0.00024462790850995994,4073.7057141451787,0.0,***,2020-01-27
1,ma1,0.47295437939134466,0.01318428970420951,35.8725718261742,0.0,***,2020-01-27
0,ar1,0.989463170997938,0.0010599326060713537,933.5151738235405,0.0,***,2020-01-27
6,pv_capacity,33.142696924140296,0.18333233279993405,180.77933345400717,0.0,***,2020-01-27
9,temp_1,29.181269929565445,0.6939959314896378,42.048185883350754,0.0,***,2020-01-28
14,sin_336_1,14.977452002647357,0.16041132816481926,93.36904178773672,0.0,***,2020-01-28
13,lag_48*7,0.13489854079798572,0.0188053053466915,7.173429960908293,7.314149286230531e-13,***,2020-01-28
12,solar_16,0.3590896411816523,0.06806176476968043,5.2759378543416275,1.3207884563826155e-07,***,2020-01-28
11,solar_4,0.20450763111642445,0.07838563607464116,2.6089937054498877,0.009080891272315483,**,2020-01-28
10,temp_9,13.877554920641778,0.15109819355973225,91.84461173028976,0.0,***,2020-01-28
8,solar_power,-0.3730696253321639,0.08244682430608324,-4.524972653247936,6.040331563372803e-06,***,2020-01-28
15,cos_336_1,11.262732351265065,0.12252345674852208,91.92307048912019,0.0,***,2020-01-28
6,pv_capacity,34.504345634326796,0.6065063138078001,56.89033213471396,0.0,***,2020-01-28
0,ar1,0.9890441660873438,0.0037796961594495342,261.6729293476822,0.0,***,2020-01-28
1,ma1,0.47199711190810567,0.013816119346762447,34.16278479229477,0.0,***,2020-01-28
2,sar1,0.9967649645837063,0.0009058147549660601,1100.4070745359563,0.0,***,2020-01-28
7,temperature,12.403795158816024,0.7361337164815501,16.84992125900934,0.0,***,2020-01-28
4,intercept,-14619.584163245629,0.019441856938820515,-751964.3935890704,0.0,***,2020-01-28
5,rainfall,0.312683521202473,0.06840644886186724,4.570965550833856,4.854820945032756e-06,***,2020-01-28
3,sma1,-0.9093724022736208,0.012551803230145257,-72.449542555735,0.0,***,2020-01-28
14,sin_336_1,13.376964570273913,0.43683350661017484,30.622569852937954,0.0,***,2020-01-29
13,lag_48*7,0.14371369350993157,0.020451504613353894,7.027047458214548,2.1094237467877974e-12,***,2020-01-29
12,solar_16,0.3673186690311592,0.06038838017343326,6.0826050968122205,1.1824534684734544e-09,***,2020-01-29
11,solar_4,0.2463583903982709,0.06334155637768314,3.8893643365711377,0.00010050713407827594,***,2020-01-29
10,temp_9,16.752359816887115,1.3303123781143569,12.5928015799061,0.0,***,2020-01-29
9,temp_1,30.35680220115141,1.1070755104008836,27.42071513275449,0.0,***,2020-01-29
8,solar_power,-0.4131412850299512,0.05850657280256663,-7.061450795009258,1.6477930131486573e-12,***,2020-01-29
15,cos_336_1,9.423950989699438,1.0673089357861643,8.829637487067316,0.0,***,2020-01-29
6,pv_capacity,33.19142260351532,2.536725890188471,13.0843552044361,0.0,***,2020-01-29
5,rainfall,0.5959545824606209,0.33143693854322537,1.7980934324340487,0.07216220282758634,.,2020-01-29
4,intercept,-16495.213140639855,0.03967455279767507,-415763.0515650444,0.0,***,2020-01-29
3,sma1,-0.9088915744557249,0.012492203024702084,-72.75670853719576,0.0,***,2020-01-29
2,sar1,0.9969322864401697,0.0008796043622560322,1133.3871558835972,0.0,***,2020-01-29
1,ma1,0.4248831782882335,0.012759765971873052,33.29866544769107,0.0,***,2020-01-29
0,ar1,0.9908670029669706,0.002737447443905617,361.96749828857503,0.0,***,2020-01-29
7,temperature,12.370932549308918,1.3422969837200676,9.216241040059465,0.0,***,2020-01-29
15,cos_336_1,9.195820090594209,0.0943763881757048,97.43772005211657,0.0,***,2020-01-30
14,sin_336_1,11.18750881323037,0.19255820216672437,58.09936262047041,0.0,***,2020-01-30
13,lag_48*7,0.14644634860178607,0.020268451254338436,7.225334918988416,4.998224056862455e-13,***,2020-01-30
12,solar_16,0.3491724019677341,0.07291118623651315,4.789010027008342,1.6760610708210777e-06,***,2020-01-30
11,solar_4,0.26658285587174646,0.06690228235743614,3.9846601114067366,6.757678053603833e-05,***,2020-01-30
10,temp_9,15.02261361373759,0.24561974063123077,61.16207750700414,0.0,***,2020-01-30
9,temp_1,29.668143943721837,1.7693547670672873,16.767775742847153,0.0,***,2020-01-30
8,solar_power,-0.4101510150037484,0.06936181701961504,-5.9132103602153405,3.355032474061659e-09,***,2020-01-30
7,temperature,12.690763530712957,1.86819391465352,6.793065447419904,1.0977663222888623e-11,***,2020-01-30
5,rainfall,0.500167765115691,0.9236853557174899,0.5414914960161693,0.5881688575674111,,2020-01-30
4,intercept,-17210.778881244903,0.02126822732715531,-809224.8882101307,0.0,***,2020-01-30
3,sma1,-1.0886304913286324,0.01694511536081348,-64.2445016247072,0.0,***,2020-01-30
1,ma1,0.42751325437042065,0.012372970097937145,34.55219328798805,0.0,***,2020-01-30
0,ar1,0.9937622089041234,0.0036982021856960465,268.7149482383114,0.0,***,2020-01-30
6,pv_capacity,30.23149773470294,0.3623138248827814,83.44008883592468,0.0,***,2020-01-30
2,sar1,0.9974870791761772,0.0007634356880217292,1306.576434435413,0.0,***,2020-01-30
15,cos_336_1,11.765417343007645,0.019425951177501816,605.6546336137081,0.0,***,2020-01-31
8,solar_power,-0.43003296016718195,0.026422799936690868,-16.275071574456252,0.0,***,2020-01-31
14,sin_336_1,13.808819333275405,0.01932040666155438,714.7271574129718,0.0,***,2020-01-31
13,lag_48*7,0.16779890864827451,0.019507651910407084,8.601696883813881,0.0,***,2020-01-31
12,solar_16,0.2925158993530613,0.020161081795643666,14.50893867293704,0.0,***,2020-01-31
11,solar_4,0.2701673081822342,0.02025132766305345,13.34072080000601,0.0,***,2020-01-31
10,temp_9,15.686461437240723,0.0193180833398476,812.0092020145759,0.0,***,2020-01-31
9,temp_1,29.115720371308413,0.019291110219010702,1509.2817386225863,0.0,***,2020-01-31
7,temperature,9.873933570562485,0.020831562975224933,473.98908964755054,0.0,***,2020-01-31
5,rainfall,1.9479295374618175,0.020180919445447407,96.52332951070022,0.0,***,2020-01-31
4,intercept,-16230.058576655329,0.019288119791296424,-841453.6384193852,0.0,***,2020-01-31
3,sma1,-1.0078277460409362,0.0006847796538555582,-1471.7548051646977,0.0,***,2020-01-31
2,sar1,0.999976805471984,2.5831579841038053e-07,3871140.718553122,0.0,***,2020-01-31
1,ma1,0.43632961263662556,0.012888135482119794,33.85513856848901,0.0,***,2020-01-31
0,ar1,0.993992707313688,0.000289714278103542,3430.941387564066,0.0,***,2020-01-31
6,pv_capacity,24.217223933259106,0.02121082115004195,1141.7391039201334,0.0,***,2020-01-31
14,sin_336_1,10.14796141100447,0.02004880822809236,506.1628250194524,0.0,***,2020-02-01
13,lag_48*7,0.13721020703818,0.02044298604631864,6.71184761009455,1.921751646705161e-11,***,2020-02-01
12,solar_16,0.3776735579015499,0.0707411961791183,5.338806498907256,9.356043340069675e-08,***,2020-02-01
11,solar_4,0.31288773141372417,0.06951378314451902,4.501089097154031,6.760615737899656e-06,***,2020-02-01
10,temp_9,17.466430896550918,0.028604016747750736,610.6286068345413,0.0,***,2020-02-01
9,temp_1,28.852523541093092,0.023102206406069505,1248.9077031842655,0.0,***,2020-02-01
8,solar_power,-0.39134770620194104,0.03925134044278092,-9.970301696382384,0.0,***,2020-02-01
15,cos_336_1,8.913769113824298,0.020236099754642002,440.4884944184736,0.0,***,2020-02-01
6,pv_capacity,23.76786911307522,0.019312997193980438,1230.6670411821578,0.0,***,2020-02-01
5,rainfall,1.1154527045627276,0.021969019525371242,50.77389563401001,0.0,***,2020-02-01
4,intercept,-19245.391740852956,0.0192879396208637,-997794.06816658,0.0,***,2020-02-01
3,sma1,-0.8977880963686443,0.012865389188727695,-69.78320540471965,0.0,***,2020-02-01
2,sar1,0.9963279464520031,0.0005655213521042453,1761.786611141687,0.0,***,2020-02-01
1,ma1,0.41887344089419537,0.014056471119027716,29.799331378924983,0.0,***,2020-02-01
0,ar1,0.9970330615470677,0.0002739580144820046,3639.3644603982175,0.0,***,2020-02-01
7,temperature,10.120600748417814,0.0349822533455864,289.30671356236974,0.0,***,2020-02-01
15,cos_336_1,9.815427563719322,0.019287920626227778,508.8898774485971,0.0,***,2020-02-02
14,sin_336_1,14.826366540654815,0.019287918248129424,768.6867162086143,0.0,***,2020-02-02
13,lag_48*7,0.11047453873518667,0.015264808380764171,7.237204423371622,4.580780199603396e-13,***,2020-02-02
12,solar_16,0.2170948366650999,0.019527154931669472,11.117586633832243,0.0,***,2020-02-02
11,solar_4,0.050695704589458046,0.020512685871077064,2.471431820683176,0.0134573209475648,*,2020-02-02
10,temp_9,17.558300439649486,0.019296703988022326,909.9118922354882,0.0,***,2020-02-02
9,temp_1,28.813824200673707,0.019288801256255955,1493.8110366671176,0.0,***,2020-02-02
8,solar_power,-0.2763749181244748,0.019923483147821077,-13.871817295897902,0.0,***,2020-02-02
7,temperature,12.594308289408104,0.019288191212409756,652.9543465592097,0.0,***,2020-02-02
5,rainfall,1.696401035801955,0.01928794801658719,87.95134839346774,0.0,***,2020-02-02
4,intercept,-22152.038133261027,0.01928791861394951,-1148492.9284821905,0.0,***,2020-02-02
3,sma1,-2.939208866770154,0.07212847306877974,-40.74963383693711,0.0,***,2020-02-02
2,sar1,0.9989763132588763,4.7717601477601846e-05,20935.174491697482,0.0,***,2020-02-02
1,ma1,2.4987770794700785,0.019111335595001375,130.74842765691588,0.0,***,2020-02-02
0,ar1,0.9998023630988117,6.718033747608398e-06,148823.65892471717,0.0,***,2020-02-02
6,pv_capacity,2.5073521552613443,0.01929136274438324,129.97278567017617,0.0,***,2020-02-02
9,temp_1,28.753628010846967,0.01964762713168127,1463.465680518871,0.0,***,2020-02-03
14,sin_336_1,14.472609413134904,0.019286986832309623,750.3820860649079,0.0,***,2020-02-03
13,lag_48*7,0.13654318776839713,0.01889474008442001,7.226518446844698,4.956035581926699e-13,***,2020-02-03
12,solar_16,0.3938900263940774,0.019851643408625528,19.841683546609165,0.0,***,2020-02-03
11,solar_4,0.335541354675442,0.030152185288729698,11.128259907611435,0.0,***,2020-02-03
10,temp_9,16.999004473868258,0.02005092157918734,847.7916791372352,0.0,***,2020-02-03
8,solar_power,-0.39548255054000947,0.0336786145267051,-11.742839071554318,0.0,***,2020-02-03
15,cos_336_1,7.9505138055101074,0.019287484450367834,412.21102865793796,0.0,***,2020-02-03
6,pv_capacity,5.8799745823873195,0.019340816183463293,304.0189476292522,0.0,***,2020-02-03
0,ar1,0.9975056397497277,0.0001022226658780449,9758.16499385553,0.0,***,2020-02-03
1,ma1,0.4310576780291356,0.012629647238763631,34.130619001464176,0.0,***,2020-02-03
2,sar1,0.9956189717296925,4.2344461701024987e-05,23512.377575119644,0.0,***,2020-02-03
7,temperature,12.568080048917182,0.019900155540169988,631.5568751986661,0.0,***,2020-02-03
4,intercept,-22204.25969896015,0.01928788173183865,-1151202.605224783,0.0,***,2020-02-03
5,rainfall,2.2659068850534823,0.01995432444888317,113.55467787737128,0.0,***,2020-02-03
3,sma1,-0.887144015285891,0.00784161737538576,-113.1327853448408,0.0,***,2020-02-03
15,cos_336_1,9.662433952818239,0.18232126665032455,52.99674651421712,0.0,***,2020-02-04
14,sin_336_1,15.156049078136423,0.4159856869590861,36.43406384707434,0.0,***,2020-02-04
13,lag_48*7,0.13034271534771757,0.019124313725421893,6.815549944385894,9.390488386884499e-12,***,2020-02-04
12,solar_16,0.3332068676778598,0.06605429366775029,5.0444391904918895,4.5485345601115057e-07,***,2020-02-04
11,solar_4,0.3539381290570418,0.07107477713574957,4.9797993510558065,6.365022942045329e-07,***,2020-02-04
9,temp_1,31.42482552356407,1.9054210759921748,16.492325984796196,0.0,***,2020-02-04
8,solar_power,-0.4781327344994679,0.07374815374046684,-6.48331802558887,8.972711462718053e-11,***,2020-02-04
10,temp_9,15.13707556408211,0.1971417258948112,76.78270794970514,0.0,***,2020-02-04
6,pv_capacity,18.821074364612684,2.8256393500558765,6.660819741288109,2.7230440124981214e-11,***,2020-02-04
5,rainfall,-1.0325771541241693,1.9860723617912155,-0.5199091301954879,0.6031269114832452,,2020-02-04
4,intercept,-23346.73747882925,0.1699109400248307,-137405.73429478626,0.0,***,2020-02-04
3,sma1,-0.8889950784929738,0.008812803173208428,-100.8754037756777,0.0,***,2020-02-04
2,sar1,0.9960383979156882,5.404850394891523e-05,18428.602554052355,0.0,***,2020-02-04
1,ma1,0.43834893909033246,0.01434812105987952,30.55096463578439,0.0,***,2020-02-04
0,ar1,0.9963411975749378,6.507270332019633e-05,15311.200345747857,0.0,***,2020-02-04
7,temperature,16.312600618316765,1.669853384296384,9.768881969952293,0.0,***,2020-02-04
9,temp_1,34.03274578981005,0.5287403547039856,64.36570518409404,0.0,***,2020-02-05
15,cos_336_1,8.319012898148348,0.08874695310137565,93.73857476149675,0.0,***,2020-02-05
14,sin_336_1,14.325279259460668,0.055438404111361576,258.39992130157367,0.0,***,2020-02-05
13,lag_48*7,0.1289170250104439,0.020276024094011344,6.358101786262938,2.0426216273961018e-10,***,2020-02-05
12,solar_16,0.3340295948490435,0.07335680767042174,4.553491427132097,5.276282272648203e-06,***,2020-02-05
11,solar_4,0.38796917641444395,0.06320972608301328,6.1378082212367815,8.366778381230233e-10,***,2020-02-05
10,temp_9,17.763023249490345,1.375252956521227,12.91618619342788,0.0,***,2020-02-05
8,solar_power,-0.48124384081916105,0.06719690292246765,-7.161696743292236,7.969180870759374e-13,***,2020-02-05
1,ma1,0.4327960815436488,0.013275473425613764,32.60117870513076,0.0,***,2020-02-05
6,pv_capacity,25.60028440656231,1.9340619975394595,13.236537628644452,0.0,***,2020-02-05
5,rainfall,0.5713369498550662,0.15261242594835595,3.7437118655620263,0.00018132157410644112,***,2020-02-05
4,intercept,-19232.26320644027,0.0192913346560141,-996937.928317188,0.0,***,2020-02-05
3,sma1,-0.9010483290444925,0.012319227573628085,-73.1416254516945,0.0,***,2020-02-05
2,sar1,0.9962625040603849,0.0009973306655751762,998.9289795735145,0.0,***,2020-02-05
0,ar1,0.9964059283390138,0.00042155461088634193,2363.646138857348,0.0,***,2020-02-05
7,temperature,17.61286587211748,0.21013810935454139,83.81566735427965,0.0,***,2020-02-05
9,temp_1,33.707586294601924,1.2708592990605132,26.523460401572674,0.0,***,2020-02-06
14,sin_336_1,14.17298002188068,0.18773353736891746,75.49519505419633,0.0,***,2020-02-06
13,lag_48*7,0.12856067332999227,0.019832635702686664,6.482278768049804,9.034750725334106e-11,***,2020-02-06
12,solar_16,0.34205667833861986,0.07356367159836737,4.649804324696204,3.3225009916648673e-06,***,2020-02-06
11,solar_4,0.38727237969597184,0.07213828666419189,5.3684721055096345,7.94064693998564e-08,***,2020-02-06
15,cos_336_1,8.364740274468918,1.0142654099410329,8.247092124491582,2.220446049250313e-16,***,2020-02-06
8,solar_power,-0.4625636972241409,0.07355831103454617,-6.288394754019039,3.207654142300953e-10,***,2020-02-06
10,temp_9,16.95228509423255,1.5249026710024316,11.11696203082165,0.0,***,2020-02-06
6,pv_capacity,20.68011023090969,3.0272640578498144,6.831287207102187,8.415712571263612e-12,***,2020-02-06
0,ar1,0.996807880783081,0.0003261040279397413,3056.71747472949,0.0,***,2020-02-06
1,ma1,0.4428456261850939,0.013446975437940826,32.93273109844455,0.0,***,2020-02-06
2,sar1,0.9967287091314916,0.0006329341395598555,1574.7747622282156,0.0,***,2020-02-06
7,temperature,17.055485042353894,0.27329438334921347,62.40700900376912,0.0,***,2020-02-06
4,intercept,-17192.401816308964,0.019379938192970188,-887123.6659849244,0.0,***,2020-02-06
5,rainfall,1.2681274665299611,0.6787930496692983,1.868209268123445,0.06173290744093518,.,2020-02-06
3,sma1,-0.9103619151040283,0.009914536122705328,-91.82092876934544,0.0,***,2020-02-06
14,sin_336_1,14.746886481632544,1.206787585972582,12.219952088542275,0.0,***,2020-02-07
13,lag_48*7,0.12576733212931135,0.02548728981891879,4.934511790891017,8.035149172691547e-07,***,2020-02-07
12,solar_16,0.35837504854374974,0.08350744326427965,4.291534197850898,1.7744286844312285e-05,***,2020-02-07
11,solar_4,0.4060989712847203,0.0705860793905871,5.753244475267952,8.754673652688894e-09,***,2020-02-07
10,temp_9,16.232182129956485,0.861095098560003,18.850626553444947,0.0,***,2020-02-07
9,temp_1,32.90288860934108,1.3274498024260162,24.786540740906762,0.0,***,2020-02-07
8,solar_power,-0.45675526590525806,0.06794733074247647,-6.722195867213411,1.790056991524125e-11,***,2020-02-07
15,cos_336_1,8.47266150204849,0.43841892427721674,19.325492201361136,0.0,***,2020-02-07
6,pv_capacity,20.14541622007266,3.8639801040974224,5.213643879457392,1.851667872365681e-07,***,2020-02-07
5,rainfall,1.7088885520615236,0.9590763122809264,1.7818066510237895,0.07478076728881522,.,2020-02-07
4,intercept,-17427.947834558694,0.030347970204734474,-574270.6255800866,0.0,***,2020-02-07
3,sma1,-0.9141314734690846,0.0097903289352423,-93.37086419828864,0.0,***,2020-02-07
2,sar1,0.9968542254712103,0.0003295887235769485,3024.539840600695,0.0,***,2020-02-07
1,ma1,0.44727815597197507,0.015550711297067173,28.762552877972254,0.0,***,2020-02-07
0,ar1,0.9969137353490316,7.711744048082545e-05,12927.215025982418,0.0,***,2020-02-07
7,temperature,18.598684131785944,1.5857840045673322,11.728384242884603,0.0,***,2020-02-07
15,cos_336_1,9.901199562958524,0.2121608210080642,46.66836938089612,0.0,***,2020-02-08
14,sin_336_1,15.71901183452611,0.4706914108220468,33.39557823473639,0.0,***,2020-02-08
13,lag_48*7,0.11998934303147812,0.02087983330063786,5.746661925112811,9.102246290026983e-09,***,2020-02-08
12,solar_16,0.37893652137734435,0.06847027509239972,5.534321585037808,3.124352776495698e-08,***,2020-02-08
11,solar_4,0.42861279589849843,0.07045037850770239,6.083896282425763,1.172965058415798e-09,***,2020-02-08
10,temp_9,16.50548955699874,1.5381862717198964,10.730488147279726,0.0,***,2020-02-08
9,temp_1,33.419014511657764,1.3064285465518184,25.58043805753002,0.0,***,2020-02-08
8,solar_power,-0.46507355575181464,0.07565579051244654,-6.147230140636794,7.884768393751074e-10,***,2020-02-08
7,temperature,16.759770744904813,0.3515682922940504,47.671451357413666,0.0,***,2020-02-08
5,rainfall,-0.05608697836828469,0.7972589623934393,-0.07034976213990346,0.9439152761253089,,2020-02-08
4,intercept,-19107.56022999437,0.33430864665174265,-57155.44728311851,0.0,***,2020-02-08
3,sma1,-0.9075471640797731,0.00814547147164568,-111.4173890656836,0.0,***,2020-02-08
1,ma1,0.44696818949951606,0.014744268193406275,30.31470830810056,0.0,***,2020-02-08
0,ar1,0.9945033665202797,2.918520015766617e-05,34075.60548318016,0.0,***,2020-02-08
6,pv_capacity,30.46089180260259,2.2905399824045727,13.298563673455385,0.0,***,2020-02-08
2,sar1,0.9964413584047225,0.0002239964509772525,4448.4694023384955,0.0,***,2020-02-08
15,cos_336_1,8.650766482757838,0.4376744864184292,19.76529761546909,0.0,***,2020-02-09
8,solar_power,-0.43690445619279217,0.06983519416307075,-6.256221686340348,3.944160553714937e-10,***,2020-02-09
14,sin_336_1,16.88799968439567,0.5966590351195732,28.304272105778534,0.0,***,2020-02-09
13,lag_48*7,0.11751080415948939,0.019470632423440645,6.035284401857354,1.5868295566434654e-09,***,2020-02-09
12,solar_16,0.3668283884334458,0.07466062251707944,4.913277924377469,8.956617161270941e-07,***,2020-02-09
11,solar_4,0.43705666569961465,0.06782587915484632,6.443803915933258,1.1651568598836093e-10,***,2020-02-09
10,temp_9,18.251348320783045,1.6930331039425965,10.780266657681295,0.0,***,2020-02-09
9,temp_1,32.423938804549095,0.44356160082543616,73.0990661594928,0.0,***,2020-02-09
7,temperature,16.699469304266586,0.2928752363317473,57.01905532685826,0.0,***,2020-02-09
5,rainfall,0.013447836654222556,0.8416508380710039,0.015977928192935583,0.9872520001985934,,2020-02-09
0,ar1,0.9962857408406851,0.0005973754325342918,1667.7715329103264,0.0,***,2020-02-09
1,ma1,0.4497784200850639,0.012450678695657467,36.12481143232273,0.0,***,2020-02-09
6,pv_capacity,25.80707364682212,2.278246394468187,11.327604296657423,0.0,***,2020-02-09
3,sma1,-0.9115216719344523,0.01163110507672359,-78.36930935811151,0.0,***,2020-02-09
4,intercept,-19410.415466790142,0.019290785099125643,-1006201.425553692,0.0,***,2020-02-09
2,sar1,0.9965743007706898,0.001033449596892489,964.3182442252813,0.0,***,2020-02-09
15,cos_336_1,6.064544457493253,0.17408503322985958,34.836679207716315,0.0,***,2020-02-10
14,sin_336_1,13.86912063428376,0.29625764107091307,46.814389610845545,0.0,***,2020-02-10
13,lag_48*7,0.11890719112932999,0.01598806607934011,7.437246665059928,1.028066520802895e-13,***,2020-02-10
12,solar_16,0.37042904408293675,0.0712440115830376,5.199441129886231,1.9988862232089843e-07,***,2020-02-10
11,solar_4,0.43890067342924155,0.07611347036290274,5.766399447254203,8.09829892034486e-09,***,2020-02-10
9,temp_1,34.937774098712204,0.3067161664931403,113.90913787876123,0.0,***,2020-02-10
8,solar_power,-0.45868404613895564,0.07529271702587251,-6.092010811368914,1.1150114165303648e-09,***,2020-02-10
10,temp_9,17.357380281549013,0.1057970733799194,164.06295303858087,0.0,***,2020-02-10
6,pv_capacity,11.581494217503007,0.8961081742218793,12.92421445386279,0.0,***,2020-02-10
5,rainfall,0.9603827211235512,0.08661179061430978,11.088360075595519,0.0,***,2020-02-10
4,intercept,-18624.65873425023,0.019287723368000716,-965622.4521111423,0.0,***,2020-02-10
3,sma1,-0.9167264523541179,0.006357619360937495,-144.19335293752744,0.0,***,2020-02-10
2,sar1,0.99679514850367,1.6657424828259028e-05,59840.89130107462,0.0,***,2020-02-10
1,ma1,0.44898817344045394,0.013069781617602732,34.35315038743606,0.0,***,2020-02-10
0,ar1,0.9978069467000574,1.2980545742483933e-05,76869.41415986404,0.0,***,2020-02-10
7,temperature,16.08823118565192,0.1148880509450618,140.03398136978697,0.0,***,2020-02-10
9,temp_1,32.76652245417138,0.6756280448625459,48.49787202193126,0.0,***,2020-02-11
14,sin_336_1,15.655695163270789,0.7788731221570202,20.100443471349642,0.0,***,2020-02-11
13,lag_48*7,0.11968734863979481,0.01817378916327785,6.585712399571375,4.527089814132523e-11,***,2020-02-11
15,cos_336_1,8.00752248191914,0.1640873036953713,48.80037822295585,0.0,***,2020-02-11
12,solar_16,0.3665660631809363,0.0680867231947317,5.38381120402193,7.292499382138828e-08,***,2020-02-11
11,solar_4,0.41482509973172554,0.07089398224367993,5.851344311649335,4.8761559234833385e-09,***,2020-02-11
10,temp_9,17.143384499729564,1.2524118976067282,13.688295785507448,0.0,***,2020-02-11
8,solar_power,-0.45258497639736106,0.06424914880094029,-7.044217469706578,1.865174681370263e-12,***,2020-02-11
2,sar1,0.9965930491798993,0.00024452139150674444,4075.688605560758,0.0,***,2020-02-11
6,pv_capacity,23.197133253598622,2.41880012945041,9.590347284655298,0.0,***,2020-02-11
5,rainfall,0.08490052551854887,0.4461842579323417,0.19028131093639566,0.8490886978150542,,2020-02-11
4,intercept,-18035.005396177825,0.019320384736180685,-933470.3031251873,0.0,***,2020-02-11
3,sma1,-0.911290038222873,0.007997249743290354,-113.95042889431333,0.0,***,2020-02-11
1,ma1,0.4528208682633963,0.014134274582744636,32.03707877701822,0.0,***,2020-02-11
7,temperature,16.282543364774483,0.6442257181488806,25.27459383577665,0.0,***,2020-02-11
0,ar1,0.9964016044524875,0.0002208507658875934,4511.651116300076,0.0,***,2020-02-11
8,solar_power,-0.4268391638945559,0.06749307227410709,-6.324192239479779,2.5456059482564797e-10,***,2020-02-12
15,cos_336_1,7.808129186611939,0.4146629916707462,18.830060418827557,0.0,***,2020-02-12
14,sin_336_1,13.245493476175326,0.7106689666259032,18.638063709270938,0.0,***,2020-02-12
13,lag_48*7,0.1270560628494648,0.017477483556916047,7.269700036375501,3.603783937933258e-13,***,2020-02-12
12,solar_16,0.36793738566296635,0.07123822420978343,5.164887105824797,2.405840846542162e-07,***,2020-02-12
11,solar_4,0.39548067362907346,0.06617953478110114,5.975875698389023,2.288574663111831e-09,***,2020-02-12
10,temp_9,17.867228941606598,1.843466704128215,9.69218966721512,0.0,***,2020-02-12
9,temp_1,31.043088180140664,0.51334469733514,60.47220968929968,0.0,***,2020-02-12
7,temperature,16.244757266757233,0.8695330267745943,18.68216245565138,0.0,***,2020-02-12
5,rainfall,0.20892879348417637,0.2985532554221159,0.6998041042586453,0.4840496512652348,,2020-02-12
4,intercept,-17936.328095343775,0.020039546241025805,-895046.618302353,0.0,***,2020-02-12
3,sma1,-0.9204426492872133,0.009343801244439332,-98.50837204344278,0.0,***,2020-02-12
2,sar1,0.9971876313048541,0.0005801949770044331,1718.7112450600118,0.0,***,2020-02-12
1,ma1,0.45160122078980913,0.014670397361495054,30.783162150407264,0.0,***,2020-02-12
0,ar1,0.9977002771099651,0.0009526246235532657,1047.3173298718318,0.0,***,2020-02-12
6,pv_capacity,19.268033838632903,4.615300792295926,4.174816486673198,2.982263582507194e-05,***,2020-02-12
14,sin_336_1,12.024451170320472,0.026242096189215865,458.2122968995859,0.0,***,2020-02-13
13,lag_48*7,0.12438550700400275,0.016648737133667046,7.471167693102116,7.949196856316121e-14,***,2020-02-13
12,solar_16,0.34857581427421724,0.07166155277567507,4.864195663822379,1.1492318510164523e-06,***,2020-02-13
11,solar_4,0.4042510521460514,0.07361369943375276,5.491519313057339,3.984907381848757e-08,***,2020-02-13
10,temp_9,18.06358650550142,0.5749785897770461,31.416102836986962,0.0,***,2020-02-13
9,temp_1,29.103786885991624,0.33754887578695225,86.22095635229076,0.0,***,2020-02-13
8,solar_power,-0.41344593857888867,0.0686864572830005,-6.019322511793225,1.7514858452472026e-09,***,2020-02-13
15,cos_336_1,9.32209157001629,0.022956807106806112,406.07091076060516,0.0,***,2020-02-13
6,pv_capacity,5.329924562587621,0.3221101745029605,16.54689911863878,0.0,***,2020-02-13
5,rainfall,0.17361352716250167,0.31620502524567423,0.5490536623433272,0.5829686237961316,,2020-02-13
4,intercept,-19949.42143431377,0.019482777547378215,-1023951.6098667538,0.0,***,2020-02-13
3,sma1,-0.912357989005256,0.007899926748349911,-115.48942389824359,0.0,***,2020-02-13
2,sar1,0.996628857382538,1.1380424605379609e-05,87573.9607212392,0.0,***,2020-02-13
1,ma1,0.4534769528431192,0.013968328919222468,32.46465310671976,0.0,***,2020-02-13
0,ar1,0.9977445958085118,1.661698037130488e-05,60043.676619578386,0.0,***,2020-02-13
7,temperature,19.01354920481549,0.3081281340887362,61.70663143450536,0.0,***,2020-02-13
15,cos_336_1,9.424107931696863,0.05520065357506784,170.72457156473587,0.0,***,2020-02-14
14,sin_336_1,14.946896235875377,0.2387995350619616,62.591814644853,0.0,***,2020-02-14
13,lag_48*7,0.12752670963040585,0.01870242379305657,6.818726334163768,9.185097127328845e-12,***,2020-02-14
12,solar_16,0.3639779383461049,0.07505166657981843,4.849698280304137,1.2364941279763286e-06,***,2020-02-14
11,solar_4,0.4015824400253507,0.061260092813755544,6.555367802759483,5.5504933982319926e-11,***,2020-02-14
10,temp_9,18.266670569187824,1.325597333961686,13.779954214750848,0.0,***,2020-02-14
9,temp_1,32.24574551525603,0.5153351682181979,62.5723752305662,0.0,***,2020-02-14
8,solar_power,-0.3663331401364758,0.06152212067036264,-5.954494678414934,2.608766092038195e-09,***,2020-02-14
7,temperature,16.199141935598618,0.3206058913244994,50.526650863077094,0.0,***,2020-02-14
5,rainfall,0.1463120223601777,0.28256475539528253,0.5177999717463009,0.6045978380475074,,2020-02-14
4,intercept,-22940.29424196829,0.02046566414255794,-1120916.1883129124,0.0,***,2020-02-14
3,sma1,-0.9037638657561169,0.009025198811438685,-100.13783459381213,0.0,***,2020-02-14
2,sar1,0.9960849877332458,0.0004618590070726728,2156.6862884120683,0.0,***,2020-02-14
1,ma1,0.4420408043981565,0.011467227628907076,38.54818433043408,0.0,***,2020-02-14
0,ar1,0.9974229780906776,6.339275774259409e-05,15734.020945116596,0.0,***,2020-02-14
6,pv_capacity,27.352325499143433,1.503735405330336,18.189586680068064,0.0,***,2020-02-14
9,temp_1,30.442651909906402,0.16403655255146193,185.58456293060573,0.0,***,2020-02-15
15,cos_336_1,10.529166644736502,0.03558882956904893,295.8559405362845,0.0,***,2020-02-15
14,sin_336_1,14.051924929637412,0.1471959421725953,95.46407816841011,0.0,***,2020-02-15
13,lag_48*7,0.12732507366190537,0.017224435587489255,7.392118773075286,1.4455103780619538e-13,***,2020-02-15
12,solar_16,0.3598813385769107,0.06811854487367232,5.283162452226781,1.2697270279637962e-07,***,2020-02-15
10,temp_9,17.716174647514663,0.6505689532738631,27.231816947859905,0.0,***,2020-02-15
8,solar_power,-0.3623463578189785,0.07304054504356229,-4.9608933997257365,7.016969445494681e-07,***,2020-02-15
11,solar_4,0.38832809048410155,0.06616982497616594,5.868658268689323,4.393359009924325e-09,***,2020-02-15
6,pv_capacity,25.439779827766927,2.2827553991309624,11.144330153573076,0.0,***,2020-02-15
0,ar1,0.9961512183552259,0.00022848546037849371,4359.801348869501,0.0,***,2020-02-15
1,ma1,0.4435992802302975,0.013778357829576192,32.19536651008447,0.0,***,2020-02-15
2,sar1,0.9939791010844978,0.0003811969606840165,2607.5210549971607,0.0,***,2020-02-15
7,temperature,16.228478045109114,0.17760488644321312,91.37405152587375,0.0,***,2020-02-15
4,intercept,-23297.83719157158,0.04599810766655294,-506495.55760991375,0.0,***,2020-02-15
5,rainfall,0.2082824891908217,0.27797185763883364,0.7492934391273569,0.45368036134417067,,2020-02-15
3,sma1,-0.8798265857960352,0.010471152176610566,-84.02385630124884,0.0,***,2020-02-15
15,cos_336_1,10.410027915524845,1.0484102771705135,9.92934554554329,0.0,***,2020-02-16
14,sin_336_1,12.720280544093454,0.768149656055172,16.55963840356107,0.0,***,2020-02-16
13,lag_48*7,0.1354630589505696,0.01858533504625071,7.288706854811157,3.128608483393691e-13,***,2020-02-16
12,solar_16,0.3350423925958053,0.06756245672331203,4.95900251182253,7.085605122636451e-07,***,2020-02-16
11,solar_4,0.38114120004479446,0.08678593248514471,4.391739411338756,1.1244742385008166e-05,***,2020-02-16
9,temp_1,28.61328327229745,0.7488322443787605,38.21053845782956,0.0,***,2020-02-16
8,solar_power,-0.39793344299948785,0.06554585122506917,-6.071069877986284,1.2706087293423707e-09,***,2020-02-16
10,temp_9,19.548370973567984,3.229131370744936,6.0537552453489445,1.4150756122432995e-09,***,2020-02-16
6,pv_capacity,18.977409840946393,5.890955487384987,3.2214485208019323,0.001275443732120074,**,2020-02-16
5,rainfall,0.029122816829357134,0.10850264298188535,0.26840652014549754,0.7883864212421836,,2020-02-16
4,intercept,-22312.13284019328,0.04873295783289696,-457844.83093968034,0.0,***,2020-02-16
3,sma1,-0.8814212732683097,0.03275578789252584,-26.908871072200064,0.0,***,2020-02-16
2,sar1,0.9938027304764018,0.001055809358042379,941.2710002107328,0.0,***,2020-02-16
1,ma1,0.43672979574890786,0.014489755472524606,30.140591162979423,0.0,***,2020-02-16
0,ar1,0.9978055916280004,0.0012786544271197807,780.3559511193315,0.0,***,2020-02-16
7,temperature,15.862952340050697,0.31651958204789066,50.1168118491025,0.0,***,2020-02-16
9,temp_1,28.63370784365165,0.20914300808666308,136.9097064520877,0.0,***,2020-02-17
15,cos_336_1,8.724854500824309,0.7238645954488023,12.053158222795554,0.0,***,2020-02-17
14,sin_336_1,11.243604504749053,0.45882809388975265,24.5050480876846,0.0,***,2020-02-17
13,lag_48*7,0.13247911442033794,0.016379980759937397,8.087867523285434,6.661338147750939e-16,***,2020-02-17
12,solar_16,0.30201867686859263,0.06451544123767619,4.681339398361234,2.850066302295673e-06,***,2020-02-17
11,solar_4,0.36170780402226654,0.06459100837005416,5.599971468938429,2.1438708808219076e-08,***,2020-02-17
10,temp_9,17.509204630466137,2.5036627796683324,6.993435686568633,2.682298827494378e-12,***,2020-02-17
8,solar_power,-0.48576225355111546,0.059062204381105904,-8.224587257473098,2.220446049250313e-16,***,2020-02-17
2,sar1,0.9942780017971335,0.00045429743091746663,2188.6058210568367,0.0,***,2020-02-17
6,pv_capacity,11.080129575312583,5.393323639655444,2.054415851079993,0.039935460189389094,*,2020-02-17
5,rainfall,0.04973911047812862,0.3035789710929844,0.1638424107541159,0.8698552038338629,,2020-02-17
4,intercept,-21035.118147643097,0.01949998724293744,-1078724.713282141,0.0,***,2020-02-17
3,sma1,-0.8861037793239576,0.009886544658706508,-89.62724692126052,0.0,***,2020-02-17
1,ma1,0.43974879908306524,0.013700894499734917,32.096356854041424,0.0,***,2020-02-17
0,ar1,0.9976593275662922,0.0002214371241712575,4505.384231754705,0.0,***,2020-02-17
7,temperature,16.39659397992773,0.1842399366861401,88.99587285388598,0.0,***,2020-02-17
11,solar_4,0.3542751329020959,0.06421488841243866,5.517024815595124,3.447867635841817e-08,***,2020-02-18
12,solar_16,0.31561021340701445,0.07003499950883277,4.506464133939344,6.5916821045952645e-06,***,2020-02-18
10,temp_9,18.09760802099224,1.1598761738869459,15.603051798489853,0.0,***,2020-02-18
14,sin_336_1,11.575504705765258,0.019453482502830292,595.0350896854142,0.0,***,2020-02-18
15,cos_336_1,9.484625536683096,0.23903243676807914,39.679240461768536,0.0,***,2020-02-18
9,temp_1,29.03768011283718,1.5650279758983925,18.554096514580397,0.0,***,2020-02-18
13,lag_48*7,0.13827726386195627,0.018860988716974628,7.33138998898338,2.278177646530821e-13,***,2020-02-18
8,solar_power,-0.4115361604442569,0.064342978878709,-6.39597618288751,1.595248377839198e-10,***,2020-02-18
7,temperature,18.49351650399558,1.3049478698264194,14.17184312999073,0.0,***,2020-02-18
6,pv_capacity,3.2656950383126855,5.599044663244449,0.5832593298908122,0.559718736561228,,2020-02-18
5,rainfall,0.1861753428324846,0.32288804548954464,0.5765941026098258,0.5642136839993803,,2020-02-18
4,intercept,-24187.339627692672,0.01960217923973026,-1233910.7469576176,0.0,***,2020-02-18
3,sma1,-0.8899089832736411,0.0116823347317325,-76.17561075838707,0.0,***,2020-02-18
2,sar1,0.9945545578644117,0.000992597061289649,1001.9720958796911,0.0,***,2020-02-18
1,ma1,0.4391292284324302,0.012666203721324766,34.66936408839802,0.0,***,2020-02-18
0,ar1,0.9980640063353439,0.00024147493016504477,4133.199275192588,0.0,***,2020-02-18
15,cos_336_1,8.27702140688447,0.01986849533453923,416.59024840677114,0.0,***,2020-02-19
14,sin_336_1,11.089523899512956,0.019294762919114174,574.7426877438968,0.0,***,2020-02-19
12,solar_16,0.361171007151992,0.071363638233951,5.060994872037874,4.170744343223731e-07,***,2020-02-19
11,solar_4,0.3718746301422513,0.07416967948508935,5.013836283558579,5.335538952877528e-07,***,2020-02-19
10,temp_9,16.10454234693036,0.036403597499439125,442.38875971470907,0.0,***,2020-02-19
9,temp_1,27.459750709852727,0.03683282806649484,745.5238207687783,0.0,***,2020-02-19
8,solar_power,-0.4310486530955586,0.0747793518994329,-5.764273721912634,8.201022527742907e-09,***,2020-02-19
13,lag_48*7,0.14621375675656995,0.01901013459453962,7.691358313610661,1.4654943925052066e-14,***,2020-02-19
6,pv_capacity,44.59541314346603,0.0583769991040274,763.9209590749488,0.0,***,2020-02-19
5,rainfall,0.17934948025921926,0.42290609048336114,0.42408819427081673,0.6715014950046472,,2020-02-19
4,intercept,-24156.859380258695,0.019289772161329002,-1252314.3963663264,0.0,***,2020-02-19
3,sma1,-0.8939034153049363,0.008986753034957959,-99.46900864279934,0.0,***,2020-02-19
2,sar1,0.9947160646601305,2.0550675674645704e-05,48403.08320798214,0.0,***,2020-02-19
1,ma1,0.441331821514742,0.014225810210691121,31.023317124185162,0.0,***,2020-02-19
0,ar1,0.9932207313494728,1.9324470166038667e-05,51397.04855116727,0.0,***,2020-02-19
7,temperature,21.324174808393764,0.034889030030645106,611.1999900731971,0.0,***,2020-02-19
15,cos_336_1,8.867862670091741,0.3418642379656719,25.939720173311027,0.0,***,2020-02-20
14,sin_336_1,10.112733529568846,0.09761014372217411,103.60330539367432,0.0,***,2020-02-20
13,lag_48*7,0.1475019581171877,0.01686212885923547,8.747528817299965,0.0,***,2020-02-20
12,solar_16,0.36142795357180374,0.07262169275953215,4.976859390603555,6.462423050024313e-07,***,2020-02-20
11,solar_4,0.392019859985254,0.06884660299940573,5.6941060692368195,1.2401996984934271e-08,***,2020-02-20
10,temp_9,13.276368757864681,0.8714600974750313,15.234626113498065,0.0,***,2020-02-20
9,temp_1,25.59874914919753,1.9006753022166474,13.468238956618837,0.0,***,2020-02-20
8,solar_power,-0.4321382359595418,0.07177576979076657,-6.020670167930867,1.7369639060405007e-09,***,2020-02-20
4,intercept,-17168.366240722873,0.019325042050185606,-888399.9422168388,0.0,***,2020-02-20
6,pv_capacity,26.02163476824046,3.0690684887029946,8.478675162846349,0.0,***,2020-02-20
5,rainfall,0.12787801594646453,0.3286042376593656,0.38915510298142947,0.6971614134338517,,2020-02-20
3,sma1,-0.8933538366371745,0.013505355663380526,-66.14811626616275,0.0,***,2020-02-20
2,sar1,0.9950780609572639,0.001071748159591761,928.4625796197295,0.0,***,2020-02-20
1,ma1,0.43931705942521704,0.015532016132620107,28.284612613978037,0.0,***,2020-02-20
0,ar1,0.9960316382372774,0.001423590560837876,699.6615920599022,0.0,***,2020-02-20
7,temperature,15.202384814092397,1.5194149492612175,10.005420060849229,0.0,***,2020-02-20
11,solar_4,0.3845638004309535,0.07238064909557385,5.313074768411686,1.077907847424342e-07,***,2020-02-21
12,solar_16,0.3579415544691723,0.0744177981358502,4.809891765619665,1.5101204400291834e-06,***,2020-02-21
10,temp_9,13.951219727816728,0.4657825112780342,29.952218879014517,0.0,***,2020-02-21
14,sin_336_1,9.151554982454954,0.032376389199167736,282.66138407707933,0.0,***,2020-02-21
15,cos_336_1,10.364390587873174,0.028415444118209367,364.74497969332805,0.0,***,2020-02-21
9,temp_1,26.630247169087937,0.05791528778693567,459.81377606302937,0.0,***,2020-02-21
13,lag_48*7,0.1619321884481691,0.019349916529686862,8.368624650123472,0.0,***,2020-02-21
8,solar_power,-0.43943312301706783,0.07033943039206306,-6.247322740143379,4.1754777413416377e-10,***,2020-02-21
1,ma1,0.4355593372216151,0.0143550202760138,30.341952072990328,0.0,***,2020-02-21
6,pv_capacity,22.083367076763523,0.07758514292971429,284.63396783027423,0.0,***,2020-02-21
5,rainfall,0.14611809208098236,0.5756402928043901,0.2538357615119815,0.7996224443561006,,2020-02-21
4,intercept,-10882.89706690815,0.019322229911000105,-563231.9415013554,0.0,***,2020-02-21
3,sma1,-0.8832347981174024,0.010607675952407048,-83.26374241447134,0.0,***,2020-02-21
2,sar1,0.9937955006648995,0.00012914888079328685,7694.960223895002,0.0,***,2020-02-21
7,temperature,18.470337072890743,0.03021851925184042,611.2257493148289,0.0,***,2020-02-21
0,ar1,0.9922487524175991,0.0005273691503448061,1881.5070084566835,0.0,***,2020-02-21
15,cos_336_1,11.519922880070931,0.40135241959035983,28.70276175693356,0.0,***,2020-02-22
14,sin_336_1,9.575514071909124,0.040455692546899916,236.69138924783744,0.0,***,2020-02-22
13,lag_48*7,0.16086838585594568,0.01841667786027458,8.734929669533093,0.0,***,2020-02-22
12,solar_16,0.3641849474759385,0.07284765989671682,4.999267622217086,5.754848162453641e-07,***,2020-02-22
11,solar_4,0.397418884115444,0.07079607374909976,5.613572378658889,1.9819164531753586e-08,***,2020-02-22
10,temp_9,14.833128636159813,1.3259494218654861,11.186798222884699,0.0,***,2020-02-22
9,temp_1,26.423737173852174,0.775292677295074,34.08227363380008,0.0,***,2020-02-22
8,solar_power,-0.4402166561362719,0.07284332686038417,-6.043335403667342,1.509603775318169e-09,***,2020-02-22
7,temperature,18.356299136518487,1.1254824009288746,16.309716723574535,0.0,***,2020-02-22
6,pv_capacity,17.96527115323059,0.1046076190346094,171.73960481106815,0.0,***,2020-02-22
5,rainfall,0.13758767642244152,0.31240193106247177,0.44041877703671356,0.659633827726452,,2020-02-22
4,intercept,-7288.039143146986,0.15220954375132154,-47881.617430337436,0.0,***,2020-02-22
3,sma1,-0.8825615532812988,0.010821214875427344,-81.5584537818768,0.0,***,2020-02-22
2,sar1,0.9937871439558635,0.00033552290771316683,2961.905494707492,0.0,***,2020-02-22
1,ma1,0.43248241202700977,0.014008777047634268,30.872246060911163,0.0,***,2020-02-22
0,ar1,0.9907052426467562,0.0009623640230096047,1029.4495834835138,0.0,***,2020-02-22
14,sin_336_1,10.322658392360731,1.8033123206162291,5.724276529554938,1.0387543714074354e-08,***,2020-02-23
13,lag_48*7,0.16648434282021618,0.019207407569390336,8.667715422748254,0.0,***,2020-02-23
12,solar_16,0.3665074036955474,0.07146447729805054,5.128525633329515,2.9202014140139454e-07,***,2020-02-23
11,solar_4,0.41146522884159076,0.06080431351484324,6.767040117000021,1.3144374477747078e-11,***,2020-02-23
10,temp_9,14.74573029268126,0.2977337482273973,49.52656653964217,0.0,***,2020-02-23
9,temp_1,26.910404742584703,0.7043929082878212,38.203684940548655,0.0,***,2020-02-23
8,solar_power,-0.419555407284804,0.06378586477484664,-6.577560855618465,4.782285678572862e-11,***,2020-02-23
15,cos_336_1,10.851609205505012,0.8584073086131129,12.641561991168775,0.0,***,2020-02-23
6,pv_capacity,12.325902602116301,0.3900501223801428,31.60081716396304,0.0,***,2020-02-23
5,rainfall,0.13260819212959873,0.28058788660439304,0.4726083999362592,0.6364925885004045,,2020-02-23
4,intercept,-2821.2152602257593,0.08965425390877786,-31467.7233619758,0.0,***,2020-02-23
3,sma1,-0.8798472525569079,0.012882691707775996,-68.29684917677817,0.0,***,2020-02-23
2,sar1,0.9928509532934537,0.0013124599463044829,756.4809547819284,0.0,***,2020-02-23
1,ma1,0.43221822874487204,0.01439584964790248,30.023808202793195,0.0,***,2020-02-23
0,ar1,0.9896102503107441,0.0022352311553392817,442.73284574925003,0.0,***,2020-02-23
7,temperature,18.020292535089396,0.8047816073464444,22.391531280773883,0.0,***,2020-02-23
14,sin_336_1,9.777308967842202,0.6542962448678217,14.943244813849384,0.0,***,2020-02-24
13,lag_48*7,0.17027260077241524,0.018385911888489013,9.261036482994292,0.0,***,2020-02-24
12,solar_16,0.35685751559621454,0.07340243034898207,4.861658039108284,1.1640658976741491e-06,***,2020-02-24
11,solar_4,0.40714199174386145,0.06674273624545574,6.100169316501198,1.0595617716546712e-09,***,2020-02-24
10,temp_9,15.117839915299605,1.5951357657381169,9.477462821670311,0.0,***,2020-02-24
9,temp_1,26.760891950220966,1.1040384808169352,24.23909348741105,0.0,***,2020-02-24
8,solar_power,-0.3803422726123493,0.06740118384598759,-5.64296130883154,1.6714992057131894e-08,***,2020-02-24
15,cos_336_1,9.30545238164403,1.8722111746973475,4.970300630295247,6.684916884491798e-07,***,2020-02-24
6,pv_capacity,8.616734308522926,0.4486936867989581,19.204046239196906,0.0,***,2020-02-24
5,rainfall,0.14004735420601122,0.31077280478406843,0.45064224427011595,0.6522474147686961,,2020-02-24
4,intercept,-442.16984710801006,0.021654021689977147,-20419.75635928518,0.0,***,2020-02-24
3,sma1,-0.8786528302032464,0.016738479720939548,-52.49298890054315,0.0,***,2020-02-24
2,sar1,0.9923797892694306,0.0021603538801617584,459.3598291383286,0.0,***,2020-02-24
1,ma1,0.43155285018952294,0.01632857000266164,26.429310718524505,0.0,***,2020-02-24
0,ar1,0.9892004678621129,0.0016168867263696076,611.7933011195921,0.0,***,2020-02-24
7,temperature,17.76714755551961,1.370884641748343,12.960352034333443,0.0,***,2020-02-24
15,cos_336_1,12.211378634385863,0.02876188451740545,424.56809904080046,0.0,***,2020-02-25
14,sin_336_1,9.345103435316476,0.07830967173143744,119.3352395520882,0.0,***,2020-02-25
13,lag_48*7,0.17154265606269764,0.029007682719624436,5.913697337383129,3.3451232894776695e-09,***,2020-02-25
12,solar_16,0.3436075094988211,0.07124013088234919,4.823229621325064,1.412521993371385e-06,***,2020-02-25
11,solar_4,0.4152400377361136,0.07607189466747367,5.458521041854098,4.801169728452237e-08,***,2020-02-25
10,temp_9,10.819569949908086,1.852766015405685,5.839685022255233,5.229960464703254e-09,***,2020-02-25
9,temp_1,23.11720944104145,1.7367597927845408,13.31053927957286,0.0,***,2020-02-25
8,solar_power,-0.38026236465681507,0.07813552995891966,-4.8667023165612475,1.1347575243902952e-06,***,2020-02-25
7,temperature,17.059379207075516,1.2319516136481474,13.847442560311281,0.0,***,2020-02-25
5,rainfall,-0.7193372002983516,0.40132451465590807,-1.7924078246630526,0.07306766231893658,.,2020-02-25
4,intercept,-836.4376980712001,0.019308614119646093,-43319.40619291485,0.0,***,2020-02-25
3,sma1,-0.8888700550256804,0.030135253033948685,-29.49602095672896,0.0,***,2020-02-25
2,sar1,0.9940324826127686,0.001650960769386088,602.0933392514232,0.0,***,2020-02-25
1,ma1,0.43306336455427025,0.0163196583742594,26.536300860153457,0.0,***,2020-02-25
0,ar1,0.9979083900092551,0.0008367750159513082,1192.5647527546678,0.0,***,2020-02-25
6,pv_capacity,23.410583130218416,1.239107842121106,18.89309576973071,0.0,***,2020-02-25
9,temp_1,23.555074940170222,0.5028771721194321,46.8406128695298,0.0,***,2020-02-26
14,sin_336_1,8.668165324001635,1.2014714074008475,7.214624726487287,5.409006575973763e-13,***,2020-02-26
13,lag_48*7,0.17939992767278712,0.018995132321627434,9.444521082305194,0.0,***,2020-02-26
12,solar_16,0.3493596292407038,0.07045331041999464,4.9587397264665025,7.095194780593062e-07,***,2020-02-26
11,solar_4,0.41409141841245756,0.06477552013269709,6.392714679313465,1.6296608507104793e-10,***,2020-02-26
10,temp_9,15.952156551567121,0.7238409227972894,22.038207635346005,0.0,***,2020-02-26
8,solar_power,-0.36449711790251627,0.06168922949439495,-5.908602212897379,3.4502269929959084e-09,***,2020-02-26
15,cos_336_1,9.848707352489834,0.2807868844083972,35.07538243191283,0.0,***,2020-02-26
6,pv_capacity,5.028999385462669,1.672281611983936,3.007268243233531,0.0026360704080889974,**,2020-02-26
5,rainfall,0.13764464303546298,0.2807127134718072,0.4903398970894385,0.6238933992776383,,2020-02-26
4,intercept,2007.2068361871798,0.4419213977498343,4541.999655159111,0.0,***,2020-02-26
3,sma1,-0.8990438566844273,0.011519220905724256,-78.04727976330975,0.0,***,2020-02-26
2,sar1,0.9948845377512946,0.0010770145256527525,923.7429153040615,0.0,***,2020-02-26
1,ma1,0.42383861382830573,0.013702594324683052,30.93126774284105,0.0,***,2020-02-26
0,ar1,0.9899968230227895,0.002176111102060293,454.9385470647536,0.0,***,2020-02-26
7,temperature,13.9657765980173,0.331736360016156,42.09902284252817,0.0,***,2020-02-26
15,cos_336_1,9.17072954420929,0.07494105223903721,122.37257511353978,0.0,***,2020-02-27
14,sin_336_1,7.671359439803256,3.2941153519991375,2.32880716673982,0.019869283576497976,*,2020-02-27
13,lag_48*7,0.18054949654435312,0.016899175217512642,10.683923577361893,0.0,***,2020-02-27
9,temp_1,23.074830836413163,0.8359206963492162,27.604090839226416,0.0,***,2020-02-27
12,solar_16,0.37926503029184194,0.0716797138792305,5.291106922257618,1.2157825857173066e-07,***,2020-02-27
11,solar_4,0.4378597145235492,0.0688353379440846,6.360972831704924,2.004798549393172e-10,***,2020-02-27
10,temp_9,15.84773990549213,1.3693176658212212,11.57345757018899,0.0,***,2020-02-27
8,solar_power,-0.3435018020946643,0.06623520084374533,-5.186091348994552,2.1475350209243516e-07,***,2020-02-27
2,sar1,0.9957196752372448,0.0009639969298865731,1032.9075169922007,0.0,***,2020-02-27
6,pv_capacity,3.6924328690777415,1.7138502905222186,2.154466402052328,0.031203614051471318,*,2020-02-27
5,rainfall,0.12815414519578994,0.3347640633840392,0.3828193023477921,0.7018537485541647,,2020-02-27
4,intercept,2923.1902943997998,0.019618809510519166,148999.37189524423,0.0,***,2020-02-27
3,sma1,-0.9063124647209462,0.012097770139458364,-74.91566249592532,0.0,***,2020-02-27
1,ma1,0.42164466432861347,0.01508610011565135,27.949215575678867,0.0,***,2020-02-27
0,ar1,0.9897153435420258,0.002539975618663643,389.6554503396157,0.0,***,2020-02-27
7,temperature,13.948959755842907,1.3192515965007146,10.573388573371608,0.0,***,2020-02-27
14,sin_336_1,6.1708917858442245,0.9653136529958204,6.392628724034988,1.6305778949288197e-10,***,2020-02-28
13,lag_48*7,0.18179386068130649,0.01726589004417816,10.529075548156007,0.0,***,2020-02-28
12,solar_16,0.38184456807821243,0.07256304437045798,5.262245698082505,1.423064186489853e-07,***,2020-02-28
11,solar_4,0.4404387575596793,0.07490518174233778,5.8799504562277205,4.103893003204462e-09,***,2020-02-28
10,temp_9,16.20416292297535,2.0520699633965864,7.896496324206324,2.886579864025407e-15,***,2020-02-28
9,temp_1,22.77013050069204,0.6037829813317873,37.71244172942253,0.0,***,2020-02-28
8,solar_power,-0.3599838180639381,0.06257404983381261,-5.752925038734135,8.771238402260906e-09,***,2020-02-28
15,cos_336_1,10.208379633856314,0.040717252617599974,250.71386151048307,0.0,***,2020-02-28
6,pv_capacity,5.159516593018147,0.47642612004800466,10.829625782268769,0.0,***,2020-02-28
5,rainfall,0.12364848527384087,0.3408047427640206,0.3628132762209161,0.7167443737044679,,2020-02-28
4,intercept,1897.7044233245838,0.019401811960343626,97810.6801160325,0.0,***,2020-02-28
3,sma1,-0.9040603372225777,0.008919775838210176,-101.35460280849217,0.0,***,2020-02-28
2,sar1,0.9955605837318687,6.77741026218157e-05,14689.395288450625,0.0,***,2020-02-28
1,ma1,0.42088243380818824,0.01611624275059873,26.115419103658773,0.0,***,2020-02-28
0,ar1,0.9896439698573894,0.0003074178246897725,3219.214666085411,0.0,***,2020-02-28
7,temperature,14.829756472604302,0.857987351925099,17.28435324755104,0.0,***,2020-02-28
15,cos_336_1,11.862653382978536,0.31506219328024987,37.6517831589734,0.0,***,2020-02-29
14,sin_336_1,7.747923090695075,0.5442326544682631,14.236417140873517,0.0,***,2020-02-29
13,lag_48*7,0.18184862685428166,0.01815670686545328,10.015507118214513,0.0,***,2020-02-29
12,solar_16,0.37933754057638636,0.07151160079925065,5.304559488764253,1.1294540702699862e-07,***,2020-02-29
11,solar_4,0.4077173359074706,0.06270987038870213,6.501645329200447,7.944622737454665e-11,***,2020-02-29
10,temp_9,15.929997862832245,0.8122911309495758,19.611192657255692,0.0,***,2020-02-29
9,temp_1,21.810838277001203,1.178491771525996,18.507416686294686,0.0,***,2020-02-29
8,solar_power,-0.3569809396207262,0.06929693606220029,-5.151467870098952,2.584555085505258e-07,***,2020-02-29
7,temperature,13.526692788353145,1.7342560751017222,7.79970904098447,6.217248937900877e-15,***,2020-02-29
5,rainfall,0.09580415123546704,0.30691469638790814,0.31215237446427324,0.7549247245634692,,2020-02-29
4,intercept,1839.3738431042916,0.01933001756793631,95156.34616676992,0.0,***,2020-02-29
3,sma1,-0.8925491024857563,0.008696451421721381,-102.63371336225835,0.0,***,2020-02-29
2,sar1,0.9944361069965124,0.00022276990069838696,4463.960812833961,0.0,***,2020-02-29
1,ma1,0.4154024595641279,0.01428559238237577,29.078420302444908,0.0,***,2020-02-29
0,ar1,0.989669960451937,0.0005727711386236462,1727.8628298731803,0.0,***,2020-02-29
6,pv_capacity,5.519249693913849,0.4183497281612148,13.192908522189734,0.0,***,2020-02-29
10,temp_9,15.369929646521356,0.2454070536879737,62.630349924919734,0.0,***,2020-03-01
15,cos_336_1,8.629578968879692,0.09171244342140464,94.09387261909595,0.0,***,2020-03-01
14,sin_336_1,7.600914160672459,0.1662493441781107,45.719964780909116,0.0,***,2020-03-01
13,lag_48*7,0.18320640641684277,0.018610475671123682,9.844262428021054,0.0,***,2020-03-01
12,solar_16,0.3468842758050462,0.06614097351248706,5.244620049923461,1.566047111989377e-07,***,2020-03-01
11,solar_4,0.39099343694773137,0.06604210685580626,5.9203658932536944,3.2122613458085425e-09,***,2020-03-01
9,temp_1,16.51758343747848,0.28998215153865736,56.96068999362717,0.0,***,2020-03-01
8,solar_power,-0.3538273972210675,0.0627056801370821,-5.642668996613363,1.674340532886731e-08,***,2020-03-01
6,pv_capacity,3.8835498043192302,1.6182224259079343,2.3998862839515347,0.0164001657792483,*,2020-03-01
5,rainfall,0.12867730664843258,0.2666220782632389,0.482620597238718,0.6293651515295955,,2020-03-01
4,intercept,2822.0172971880443,0.019374103730536305,145659.24372233794,0.0,***,2020-03-01
3,sma1,-0.8822629641429248,0.009622773453272308,-91.68489400973101,0.0,***,2020-03-01
2,sar1,0.9936144784854266,0.0002789089347531846,3562.5050139204313,0.0,***,2020-03-01
1,ma1,0.39892104969428127,0.012940865967635537,30.826457108199946,0.0,***,2020-03-01
0,ar1,0.9903936608192012,0.00012250504439864415,8084.51330050016,0.0,***,2020-03-01
7,temperature,9.686716346665293,0.3648744532408928,26.54808047158635,0.0,***,2020-03-01
15,cos_336_1,8.84601111186647,0.038796053416400605,228.01316971398222,0.0,***,2020-03-02
14,sin_336_1,6.365024789996717,1.5607928189869784,4.078071549642246,4.5410793013456185e-05,***,2020-03-02
12,solar_16,0.37117892681586134,0.06366363898156743,5.830312761784305,5.5323583492139505e-09,***,2020-03-02
11,solar_4,0.37955568633620373,0.0690664965482558,5.495510925054862,3.895808231568765e-08,***,2020-03-02
10,temp_9,15.817772273180339,2.083078121990643,7.59346090105563,3.108624468950438e-14,***,2020-03-02
9,temp_1,16.15172612009156,1.692936826914105,9.540654951391788,0.0,***,2020-03-02
8,solar_power,-0.3614250690618519,0.06927231298091759,-5.217453460250613,1.8139978208431273e-07,***,2020-03-02
13,lag_48*7,0.18352399410664244,0.01822157428481737,10.07179682929805,0.0,***,2020-03-02
6,pv_capacity,-3.1627596551231534,1.727379254018519,-1.830958457886658,0.06710674385062299,.,2020-03-02
5,rainfall,0.12480621562981753,0.33239104263076086,0.3754800810575978,0.7073034576319928,,2020-03-02
4,intercept,7185.83712058837,0.01934568851071559,371443.8551312418,0.0,***,2020-03-02
3,sma1,-0.8857457266278427,0.009025781162683544,-98.13507669451326,0.0,***,2020-03-02
2,sar1,0.9940425193296287,0.0005089632794303968,1953.0731577376378,0.0,***,2020-03-02
1,ma1,0.40239186944118527,0.013666747345908253,29.443133706694233,0.0,***,2020-03-02
0,ar1,0.9902826303460736,0.002436442049025025,406.44620738767355,0.0,***,2020-03-02
7,temperature,9.812334033909906,1.2656431928586063,7.752843841989604,8.881784197001252e-15,***,2020-03-02
15,cos_336_1,7.790878918839387,0.13752197412989162,56.65188394896646,0.0,***,2020-03-03
14,sin_336_1,3.2693973012534827,1.244780444828911,2.626485108145192,0.008627176740178433,**,2020-03-03
13,lag_48*7,0.1949721294321337,0.018149681060264797,10.742454855528417,0.0,***,2020-03-03
12,solar_16,0.3839143796825212,0.06957262148042478,5.51818188697318,3.4252481961871695e-08,***,2020-03-03
11,solar_4,0.4109950044895685,0.06537193512815058,6.2870252147788275,3.2360691903932093e-10,***,2020-03-03
10,temp_9,15.745200659827004,2.0200138799187375,7.794600233370878,6.439293542825908e-15,***,2020-03-03
9,temp_1,17.078052428379703,1.6035295394321398,10.650288634176068,0.0,***,2020-03-03
8,solar_power,-0.3545526650901252,0.06761277850173288,-5.243870655027706,1.5724245150394722e-07,***,2020-03-03
5,rainfall,0.12337895987256076,0.3456303191794588,0.35696798870384894,0.7211157703580722,,2020-03-03
6,pv_capacity,-1.29669374783073,2.3150858693829615,-0.5601061131163731,0.5754070609857294,,2020-03-03
4,intercept,5730.42118941609,0.01938828148039604,295561.0684325095,0.0,***,2020-03-03
3,sma1,-0.899212966508568,0.015476296948383646,-58.10259195126663,0.0,***,2020-03-03
2,sar1,0.9952492431504427,0.0015983787336017064,622.6617147913361,0.0,***,2020-03-03
1,ma1,0.40973345111168574,0.014901772891336129,27.495617742899856,0.0,***,2020-03-03
0,ar1,0.9901741314125487,0.001884941589821271,525.3075940175082,0.0,***,2020-03-03
7,temperature,9.530254035061375,1.8573310154460443,5.131155381461529,2.8796906437200676e-07,***,2020-03-03
11,solar_4,0.4092397427746626,0.06660263460161224,6.144497814877074,8.021689978932045e-10,***,2020-03-04
10,temp_9,14.65727740080679,1.8494762016272246,7.925096515386831,2.220446049250313e-15,***,2020-03-04
12,solar_16,0.43457869536717153,0.06959001287457968,6.244842864886398,4.2422643176109887e-10,***,2020-03-04
9,temp_1,17.13112477267432,0.3727593169060111,45.95760319250135,0.0,***,2020-03-04
14,sin_336_1,5.554607535487362,3.6274470031497232,1.5312718643895498,0.12570221615601307,,2020-03-04
15,cos_336_1,7.7514677832729735,0.5032359738668103,15.403246559882318,0.0,***,2020-03-04
13,lag_48*7,0.20009949321621515,0.01703722218813448,11.74484261616156,0.0,***,2020-03-04
8,solar_power,-0.36458120661215787,0.0644788423925179,-5.654276551566374,1.565040497197856e-08,***,2020-03-04
0,ar1,0.9904054406725616,0.0014547666098156352,680.8002287034051,0.0,***,2020-03-04
6,pv_capacity,5.491630500352141,1.7650403818690836,3.111334197655465,0.0018624402940348173,**,2020-03-04
5,rainfall,0.09588817045498033,0.3079489564491799,0.3113768319289776,0.7555141645264396,,2020-03-04
4,intercept,1661.195558039104,0.021183602072735515,78418.93707856021,0.0,***,2020-03-04
3,sma1,-0.902191563479355,0.014483549512202386,-62.29077773506135,0.0,***,2020-03-04
2,sar1,0.9952539841782835,0.001470450775773298,676.8359747743937,0.0,***,2020-03-04
1,ma1,0.4076747749711575,0.014660229378393244,27.808212576264513,0.0,***,2020-03-04
7,temperature,10.267368077969792,0.39263328844084794,26.15001931889588,0.0,***,2020-03-04
15,cos_336_1,7.901780351835922,0.28283553550128154,27.937721254973347,0.0,***,2020-03-05
14,sin_336_1,5.395673239203376,2.3675446526987662,2.2790164624995954,0.022666086713751588,*,2020-03-05
13,lag_48*7,0.20316971924626126,0.018797568376760863,10.808297923120566,0.0,***,2020-03-05
12,solar_16,0.460353666991138,0.06326590642844329,7.276488917641915,3.426148253993233e-13,***,2020-03-05
11,solar_4,0.40133371247283733,0.06299229221126787,6.371155872956914,1.8760881737023283e-10,***,2020-03-05
10,temp_9,15.353969368599138,1.3948465514728945,11.0076404837407,0.0,***,2020-03-05
9,temp_1,16.846898420738327,0.665870112906635,25.30057753635883,0.0,***,2020-03-05
8,solar_power,-0.3725317823544856,0.06125066620684215,-6.082085394736017,1.186293507871028e-09,***,2020-03-05
6,pv_capacity,9.166470638870777,2.41031769248562,3.803013464759465,0.00014294658301339247,***,2020-03-05
5,rainfall,0.09888633869879548,0.33010568861397593,0.299559632292289,0.7645130795563437,,2020-03-05
4,intercept,-1375.011641612381,0.02218745761587488,-61972.47406248905,0.0,***,2020-03-05
3,sma1,-0.9049375963144204,0.009435806884649801,-95.90463299822038,0.0,***,2020-03-05
2,sar1,0.9955366793291477,0.0005289433554096058,1882.1234242714308,0.0,***,2020-03-05
1,ma1,0.40727458889789275,0.014707130005235198,27.692322618547465,0.0,***,2020-03-05
0,ar1,0.9908018415581418,0.00179565729556849,551.776691467434,0.0,***,2020-03-05
7,temperature,10.249209980319492,1.200211792832091,8.539501145989282,0.0,***,2020-03-05
9,temp_1,16.686770472442195,0.8189573970309483,20.375627026434447,0.0,***,2020-03-06
15,cos_336_1,7.597343575208754,0.2772311133510854,27.40436844686866,0.0,***,2020-03-06
14,sin_336_1,5.047526210440018,4.545038378673374,1.1105574452626101,0.26675888853684393,,2020-03-06
13,lag_48*7,0.20088687349329154,0.016964291485009726,11.841748514566765,0.0,***,2020-03-06
12,solar_16,0.4585086092599512,0.06794593861131619,6.748138573562776,1.4975354289958887e-11,***,2020-03-06
11,solar_4,0.3994048685166316,0.06844128481382315,5.835730138659867,5.3555517798287156e-09,***,2020-03-06
10,temp_9,15.166798909382411,1.7445467147894091,8.693833636443065,0.0,***,2020-03-06
8,solar_power,-0.3929630108509343,0.06878673456376443,-5.71277315812488,1.1114979825421756e-08,***,2020-03-06
0,ar1,0.9924772431950157,0.0008112829851676232,1223.3428548855306,0.0,***,2020-03-06
6,pv_capacity,10.24471435714392,1.9791431244776403,5.176338300368161,2.2628299123361728e-07,***,2020-03-06
5,rainfall,0.09071776007461096,0.3033772499646039,0.29902624565683594,0.7649200200880175,,2020-03-06
4,intercept,-4058.27417055814,0.021782630229628078,-186307.81167272435,0.0,***,2020-03-06
3,sma1,-0.9064498058208585,0.010601476864990755,-85.50221986657601,0.0,***,2020-03-06
2,sar1,0.996002718927343,0.0008562545510374515,1163.208671674294,0.0,***,2020-03-06
1,ma1,0.40653816964025086,0.015909441962351646,25.55326394239906,0.0,***,2020-03-06
7,temperature,10.027173627533983,0.8793955736948618,11.402347166024372,0.0,***,2020-03-06
9,temp_1,16.612225690453734,1.900170407360524,8.742492581772881,0.0,***,2020-03-07
15,cos_336_1,8.020241626533492,0.14264545065975584,56.225008154404605,0.0,***,2020-03-07
14,sin_336_1,7.51149050843476,3.710897080367091,2.024171068547044,0.04295255327865766,*,2020-03-07
13,lag_48*7,0.18986373443551668,0.017489581126638558,10.855819419616248,0.0,***,2020-03-07
12,solar_16,0.4187038225047961,0.06883226208993437,6.0829589176907914,1.1798457766332149e-09,***,2020-03-07
11,solar_4,0.37102216092675433,0.06896873519152172,5.379570321196261,7.466382623277923e-08,***,2020-03-07
10,temp_9,15.810941526371824,1.031554787435956,15.327292082732392,0.0,***,2020-03-07
8,solar_power,-0.3851542714938603,0.06795822813219748,-5.667514914376947,1.4488344746155235e-08,***,2020-03-07
0,ar1,0.9912195469950201,0.002552598242211018,388.31788356025913,0.0,***,2020-03-07
6,pv_capacity,13.310324902264782,1.136079407397012,11.716016341464574,0.0,***,2020-03-07
5,rainfall,0.12333843190319271,0.3287616787543347,0.3751606098694874,0.7075410230558792,,2020-03-07
4,intercept,-4530.387968857831,0.02194385323671341,-206453.6214304521,0.0,***,2020-03-07
3,sma1,-0.8641739356561186,0.019739089979884345,-43.7798265541511,0.0,***,2020-03-07
2,sar1,0.9915181633928276,0.002578768173010875,384.4929427041778,0.0,***,2020-03-07
1,ma1,0.39622324303019224,0.016097914266521195,24.613327942379282,0.0,***,2020-03-07
7,temperature,9.938231807160946,2.568851395669404,3.868745317037381,0.0001093968357959163,***,2020-03-07
15,cos_336_1,8.785921037948723,0.229427289385503,38.29501303650884,0.0,***,2020-03-08
14,sin_336_1,5.762889799286517,4.223087034115224,1.3646154466465776,0.17237394728388322,,2020-03-08
13,lag_48*7,0.2111410576682936,0.019964286542772228,10.575938048972457,0.0,***,2020-03-08
12,solar_16,0.4065901670045971,0.06988453496072894,5.818027797324218,5.9546001462962295e-09,***,2020-03-08
11,solar_4,0.3519412936786135,0.07124739438035842,4.939707574423762,7.82398159593356e-07,***,2020-03-08
10,temp_9,15.724744888154618,1.4331640702023523,10.972047942797225,0.0,***,2020-03-08
9,temp_1,15.459098981250534,1.7515212459894043,8.82609846534745,0.0,***,2020-03-08
8,solar_power,-0.36968619599888086,0.07339160456877092,-5.037172823391126,4.7245817103025445e-07,***,2020-03-08
6,pv_capacity,9.601151277681332,0.3597887148938193,26.685526477712955,0.0,***,2020-03-08
5,rainfall,0.11932156096959545,0.2912524051445273,0.40968437980927525,0.6820374899182706,,2020-03-08
4,intercept,-1979.3754973979715,0.026293934272333598,-75278.78775755002,0.0,***,2020-03-08
3,sma1,-0.8836227057270104,0.017215226849020646,-51.32797339683495,0.0,***,2020-03-08
2,sar1,0.9934599767502875,0.0018521718716522505,536.3756959898438,0.0,***,2020-03-08
1,ma1,0.394622622773782,0.014500905396564227,27.213654043097332,0.0,***,2020-03-08
0,ar1,0.9908153642236883,0.0019061257546399753,519.8058741989095,0.0,***,2020-03-08
7,temperature,9.6578354829918,1.9697707371512498,4.903025159648424,9.437189156802361e-07,***,2020-03-08
8,solar_power,-0.3861553020350641,0.07105155960366535,-5.43486032099911,5.4839373708759354e-08,***,2020-03-09
14,sin_336_1,5.220655883988355,2.4713388805459986,2.1124807791778615,0.034645232863975695,*,2020-03-09
13,lag_48*7,0.21241872375018395,0.019455880708769954,10.917970094997234,0.0,***,2020-03-09
12,solar_16,0.41901397499693593,0.07120648875606654,5.8844914602145355,3.992797426022321e-09,***,2020-03-09
11,solar_4,0.35057587657689515,0.07054019237749876,4.969874120852603,6.69963824417863e-07,***,2020-03-09
10,temp_9,15.227009262843188,1.639448146005371,9.287887085629913,0.0,***,2020-03-09
9,temp_1,15.968905520938492,1.9520752098186402,8.180476572120446,2.220446049250313e-16,***,2020-03-09
15,cos_336_1,10.8825944879783,0.8866070148906772,12.274428585837633,0.0,***,2020-03-09
7,temperature,9.8432100070345,1.8060193099370487,5.450224121566895,5.030638305925095e-08,***,2020-03-09
5,rainfall,0.11082702835768998,0.3342301340056925,0.33158897741938015,0.7401996438642671,,2020-03-09
4,intercept,-1450.9625175851368,0.021272513054588767,-68208.32657908017,0.0,***,2020-03-09
3,sma1,-0.8784920923411597,0.02155114515413856,-40.763128179871174,0.0,***,2020-03-09
2,sar1,0.9927312818533427,0.002861945462351748,346.87288591362085,0.0,***,2020-03-09
1,ma1,0.39325405554940396,0.014875515120253978,26.436331943487662,0.0,***,2020-03-09
0,ar1,0.9909463630166665,0.002218531086422294,446.667783508372,0.0,***,2020-03-09
6,pv_capacity,8.314059995762062,2.5392604340701586,3.2742053096284915,0.001059595944815861,**,2020-03-09
15,cos_336_1,10.408682896720375,0.5940772342191643,17.52075706183424,0.0,***,2020-03-10
14,sin_336_1,5.523561714928339,3.5351745096537686,1.5624580059187265,0.11818013134536032,,2020-03-10
13,lag_48*7,0.2006930899348391,0.019526009057560155,10.278244230207092,0.0,***,2020-03-10
12,solar_16,0.41785108806097404,0.06993749409877335,5.974636258354341,2.3060411358244437e-09,***,2020-03-10
11,solar_4,0.36383897976129376,0.06756719009519885,5.384846983405149,7.250630407185099e-08,***,2020-03-10
10,temp_9,15.46571509904195,1.5455195662312915,10.006806407993064,0.0,***,2020-03-10
9,temp_1,15.91315709719227,1.838132320296883,8.657242420187728,0.0,***,2020-03-10
8,solar_power,-0.3844316634949365,0.07227504035342358,-5.319010015284294,1.0433339303617117e-07,***,2020-03-10
6,pv_capacity,8.87921901329209,3.049980972178611,2.911237510753923,0.003600002482997855,**,2020-03-10
5,rainfall,0.09875353190741976,0.3392113610219478,0.29112684082839474,0.7709543125525693,,2020-03-10
4,intercept,-1750.0705455709412,0.021328928810574445,-82051.49734023643,0.0,***,2020-03-10
3,sma1,-0.8763998864902098,0.015728756348228966,-55.719592006324845,0.0,***,2020-03-10
2,sar1,0.992800578258827,0.0018124463798701675,547.7682480901559,0.0,***,2020-03-10
1,ma1,0.3924174411829141,0.014691367140510139,26.71075043117382,0.0,***,2020-03-10
0,ar1,0.9907903162911736,0.0030833358266726327,321.3371400287527,0.0,***,2020-03-10
7,temperature,10.047364968066859,1.5776812672572653,6.368437767872971,1.9096324521683528e-10,***,2020-03-10
9,temp_1,16.379942378053208,1.8378575060399087,8.912520325554294,0.0,***,2020-03-11
15,cos_336_1,9.692980862644207,0.44238751709198715,21.910611145541687,0.0,***,2020-03-11
14,sin_336_1,8.504314991373988,0.8001443440468318,10.62847604266292,0.0,***,2020-03-11
13,lag_48*7,0.20252163635950543,0.019789113734616542,10.233992238128382,0.0,***,2020-03-11
12,solar_16,0.43359944209125717,0.06836424667142793,6.342488408820208,2.2608315219940778e-10,***,2020-03-11
11,solar_4,0.3551429208858563,0.06786392455709687,5.233162143268904,1.6663444357689627e-07,***,2020-03-11
10,temp_9,14.66795517606839,0.7925980250508416,18.50617174465897,0.0,***,2020-03-11
8,solar_power,-0.39508127462229936,0.06706842984547182,-5.890719009414436,3.845189056050913e-09,***,2020-03-11
0,ar1,0.99069596316378,0.0019243672427758098,514.8164763679657,0.0,***,2020-03-11
6,pv_capacity,10.136495602717332,2.038471816097447,4.97259541322634,6.606243883044982e-07,***,2020-03-11
5,rainfall,0.10312356264000755,0.31538269429152244,0.3269791415526617,0.7436836614781648,,2020-03-11
4,intercept,-2222.6711372109858,0.02532074856181465,-87780.62511796826,0.0,***,2020-03-11
3,sma1,-0.8801153583466077,0.012118183457098818,-72.62766415960118,0.0,***,2020-03-11
2,sar1,0.9933371675021585,0.0011592104885767127,856.9083676268193,0.0,***,2020-03-11
1,ma1,0.3945011480019217,0.0143371389338775,27.51603020807362,0.0,***,2020-03-11
7,temperature,9.62415383405147,1.8234087791108389,5.278110944899892,1.3052243619249282e-07,***,2020-03-11
9,temp_1,16.161029157395262,1.251373593588028,12.914631761612617,0.0,***,2020-03-12
15,cos_336_1,7.445291250375986,0.4284924942204131,17.375546481675798,0.0,***,2020-03-12
14,sin_336_1,7.339165882680483,4.0771038603292205,1.8000929419756935,0.07184596388599518,.,2020-03-12
13,lag_48*7,0.2046239751542949,0.018928835470353008,10.810172420526555,0.0,***,2020-03-12
12,solar_16,0.4172657793701332,0.0720397907062805,5.7921570187704,6.948813080498439e-09,***,2020-03-12
11,solar_4,0.3430414260698065,0.07084550258885676,4.8421058999412505,1.2847026029660924e-06,***,2020-03-12
10,temp_9,14.08530812713379,1.2987695118817566,10.845117627319352,0.0,***,2020-03-12
8,solar_power,-0.4044146021530537,0.06902424901515124,-5.859022125170565,4.656006691305947e-09,***,2020-03-12
7,temperature,9.181083336405436,1.292772742217883,7.101854051048721,1.2310152897043736e-12,***,2020-03-12
6,pv_capacity,10.491038027927083,2.381437734796719,4.405337949691388,1.056190850046157e-05,***,2020-03-12
5,rainfall,0.11814933144871276,0.3139489281628222,0.3763329664480886,0.7066693739463612,,2020-03-12
4,intercept,-2895.058961510632,0.032114831917344495,-90147.09991202153,0.0,***,2020-03-12
3,sma1,-0.8674267922417375,0.018764536113221483,-46.2269243965242,0.0,***,2020-03-12
2,sar1,0.992090835817787,0.0024882814768127518,398.7052289150822,0.0,***,2020-03-12
1,ma1,0.3945610584449449,0.013706086814135049,28.78728726845909,0.0,***,2020-03-12
0,ar1,0.9910181409019813,0.0026382407734217538,375.63597336745255,0.0,***,2020-03-12
14,sin_336_1,5.3988067037551675,2.100551560201674,2.570185281829896,0.010164413567107067,*,2020-03-13
13,lag_48*7,0.20366753004229016,0.01894667958530296,10.749510441939185,0.0,***,2020-03-13
12,solar_16,0.42976185622241914,0.07063024888280875,6.084671412322069,1.1673044753024442e-09,***,2020-03-13
11,solar_4,0.3828096155873535,0.06963698591278221,5.497216896590105,3.858320285488048e-08,***,2020-03-13
10,temp_9,14.62028192216053,1.843227520769892,7.931892160580278,2.220446049250313e-15,***,2020-03-13
9,temp_1,14.860490460049064,1.5782896631723118,9.415565980569088,0.0,***,2020-03-13
8,solar_power,-0.43777747690612046,0.06831982191212606,-6.407766657664831,1.4766676770250342e-10,***,2020-03-13
15,cos_336_1,7.745851948098387,0.6742614810372379,11.48790516133696,0.0,***,2020-03-13
6,pv_capacity,11.212605071331403,2.4543535768338707,4.568455489528825,4.913313792709317e-06,***,2020-03-13
5,rainfall,0.10097483945144248,0.2911862979079018,0.34677057326158744,0.7287636860774251,,2020-03-13
4,intercept,-3569.7312991208573,0.021464570746154616,-166308.0683670497,0.0,***,2020-03-13
3,sma1,-0.8631483817536257,0.0180325005907239,-47.866261110654726,0.0,***,2020-03-13
2,sar1,0.9918016998940284,0.002460531229101736,403.0843779439063,0.0,***,2020-03-13
1,ma1,0.39459444655734816,0.013503402530751876,29.221853207643136,0.0,***,2020-03-13
0,ar1,0.991150182491572,0.0019165027002387928,517.1660767125851,0.0,***,2020-03-13
7,temperature,8.801566653278883,1.4847851103337055,5.927838710142191,3.0694775610129454e-09,***,2020-03-13
15,cos_336_1,8.234588358080536,0.20403562901326783,40.35858049843376,0.0,***,2020-03-14
14,sin_336_1,7.2281354576286025,2.4198443802739007,2.9870249163751823,0.0028170676179219978,**,2020-03-14
13,lag_48*7,0.21600460447939474,0.01722206801327224,12.542315145482535,0.0,***,2020-03-14
12,solar_16,0.4203767500557791,0.0736723489527569,5.706031584867068,1.1564054824830805e-08,***,2020-03-14
11,solar_4,0.3562592329750274,0.06918735488254506,5.149195739305627,2.6160576527267665e-07,***,2020-03-14
10,temp_9,13.413370029039584,0.7763257084950715,17.278018597428346,0.0,***,2020-03-14
9,temp_1,14.944922009063465,1.4204855986602984,10.520995090100497,0.0,***,2020-03-14
8,solar_power,-0.452788801134858,0.06833776106065498,-6.625748255535814,3.454925234791517e-11,***,2020-03-14
7,temperature,8.981900178640728,1.6264829853812053,5.522283515640715,3.346219612510026e-08,***,2020-03-14
5,rainfall,0.1090518902316795,0.3171364290911839,0.34386428119969975,0.7309483550951359,,2020-03-14
4,intercept,-3556.4004627306304,0.020622943889791162,-172448.72903383747,0.0,***,2020-03-14
3,sma1,-0.8548222556244426,0.01253608389958664,-68.18893862481482,0.0,***,2020-03-14
2,sar1,0.9910209057572182,0.0011949465355543256,829.3433022068155,0.0,***,2020-03-14
1,ma1,0.3885457224782573,0.015060680540757791,25.79868296301485,0.0,***,2020-03-14
0,ar1,0.9912235864848505,0.0015323341842612484,646.871678949542,0.0,***,2020-03-14
6,pv_capacity,11.321696517170231,0.2038275683312407,55.54546232318935,0.0,***,2020-03-14
10,temp_9,11.867093579236846,1.7555146361061287,6.759894412249962,1.3809176024892622e-11,***,2020-03-15
15,cos_336_1,8.570817019273647,0.5855842409864669,14.636351901880712,0.0,***,2020-03-15
14,sin_336_1,6.913865192659371,2.924545213878422,2.3640821690325184,0.0180748031837612,*,2020-03-15
13,lag_48*7,0.20613045428215465,0.017827808736256157,11.562298952812418,0.0,***,2020-03-15
12,solar_16,0.40578042674036335,0.07310493671148395,5.550656973301502,2.8459803402824946e-08,***,2020-03-15
11,solar_4,0.32897608310157267,0.06889096636267343,4.77531526223181,1.7942593963926612e-06,***,2020-03-15
9,temp_1,13.329033071722208,1.1208272743358176,11.89213840252126,0.0,***,2020-03-15
8,solar_power,-0.4639994662243794,0.06499113747119273,-7.139426763072839,9.372502773885572e-13,***,2020-03-15
7,temperature,8.139028160354883,0.8948464742053435,9.095446420105347,0.0,***,2020-03-15
6,pv_capacity,10.696265560037205,1.5176006170533545,7.048142600788857,1.8132162438178057e-12,***,2020-03-15
5,rainfall,0.13834072127729158,0.326446380954407,0.42377777591785554,0.6717278874482606,,2020-03-15
4,intercept,-3658.3345051316483,0.03373167057394955,-108453.99717489602,0.0,***,2020-03-15
3,sma1,-0.8625746961100719,0.015231422945387338,-56.63126151790649,0.0,***,2020-03-15
2,sar1,0.992425988663524,0.002005096376479567,494.9517640673056,0.0,***,2020-03-15
1,ma1,0.38919065075691744,0.014271232262653996,27.270991291717674,0.0,***,2020-03-15
0,ar1,0.9917111970048909,0.0011768965002418225,842.6494571112406,0.0,***,2020-03-15
14,sin_336_1,8.213007637728943,6.788367271558204,1.2098649511996316,0.22633071808950045,,2020-03-16
13,lag_48*7,0.20154917316433263,0.018650658078973967,10.806544858143713,0.0,***,2020-03-16
12,solar_16,0.3844176033531858,0.07446145306370516,5.162639023768433,2.4349241023458035e-07,***,2020-03-16
11,solar_4,0.32572189954144903,0.07582237157147788,4.295854808951609,1.7402145693345972e-05,***,2020-03-16
10,temp_9,11.49638294954565,2.8106637173550255,4.090273368015836,4.308650479711851e-05,***,2020-03-16
9,temp_1,12.65919038420315,1.2464273245362614,10.156380668975672,0.0,***,2020-03-16
8,solar_power,-0.47904232540872727,0.06895254238008006,-6.9474207748301895,3.7203573555188996e-12,***,2020-03-16
15,cos_336_1,8.88563896384334,2.71680142166487,3.270625115617826,0.0010731006133291032,**,2020-03-16
6,pv_capacity,10.370675606633107,0.9802671748825091,10.579437802633853,0.0,***,2020-03-16
5,rainfall,0.12569738027561428,0.6377222395424449,0.19710364870731192,0.8437464281842082,,2020-03-16
4,intercept,-2788.199365674639,0.023074650943406837,-120833.86970892907,0.0,***,2020-03-16
3,sma1,-0.8531015601506358,0.023461776604382242,-36.36133676216539,0.0,***,2020-03-16
2,sar1,0.9920877714563678,0.0037033272170170733,267.890929782723,0.0,***,2020-03-16
1,ma1,0.3875859710813092,0.012588361988344343,30.789229880756363,0.0,***,2020-03-16
0,ar1,0.9909281325862433,0.009141136215045352,108.4031688484501,0.0,***,2020-03-16
7,temperature,7.814294129241972,2.9832530797936423,2.6193869310553106,0.008808796921690565,**,2020-03-16
15,cos_336_1,10.2810918266088,0.6275527351700306,16.382833267108964,0.0,***,2020-03-17
14,sin_336_1,7.819620036255511,4.908691853830752,1.593015057596876,0.11115681314414672,,2020-03-17
13,lag_48*7,0.2032781750371909,0.01941574746656014,10.469757880158781,0.0,***,2020-03-17
12,solar_16,0.4048914950938741,0.07414298711321848,5.460954715455328,4.7358084787063603e-08,***,2020-03-17
11,solar_4,0.41462089003434777,0.07605834256815258,5.451353211685148,4.99879733162345e-08,***,2020-03-17
10,temp_9,11.192235353573967,1.0044662940602525,11.142469806859049,0.0,***,2020-03-17
9,temp_1,9.954629177421154,3.4280374715501205,2.9038857538858176,0.0036856262335185352,**,2020-03-17
8,solar_power,-0.5476864385169335,0.0710518793878272,-7.708261107738759,1.2656542480726785e-14,***,2020-03-17
7,temperature,7.343914246211,2.7264982498708528,2.693533453233965,0.007069905019792433,**,2020-03-17
5,rainfall,0.11661623038918023,0.32787501880166225,0.35567281342566565,0.7220856071359893,,2020-03-17
4,intercept,-3638.174400534247,0.022765605531884933,-159810.13092046735,0.0,***,2020-03-17
3,sma1,-0.8574600175349412,0.012472990215065967,-68.74534516183826,0.0,***,2020-03-17
2,sar1,0.9929735232492761,0.0014272345468941048,695.7325447384584,0.0,***,2020-03-17
1,ma1,0.39261088398706584,0.013637824285880024,28.78838117848146,0.0,***,2020-03-17
0,ar1,0.9920193473256549,0.0019344761090969228,512.8103379828052,0.0,***,2020-03-17
6,pv_capacity,9.968986202224187,2.8802891850845658,3.461106007635652,0.0005379609297757604,***,2020-03-17
9,temp_1,10.468932819558145,1.0793555380530537,9.699244086375886,0.0,***,2020-03-18
15,cos_336_1,10.210466174181525,0.802216128298187,12.727824602382281,0.0,***,2020-03-18
14,sin_336_1,8.875386275475432,4.226185468510858,2.1000938888284924,0.03572058280320545,*,2020-03-18
13,lag_48*7,0.2054098425513156,0.01741945035818523,11.791981855202195,0.0,***,2020-03-18
12,solar_16,0.40608571084771966,0.07427373251933601,5.467420271924554,4.5663248737781714e-08,***,2020-03-18
11,solar_4,0.4173920594893694,0.07545407323756019,5.531736612485439,3.170757767456678e-08,***,2020-03-18
10,temp_9,10.114323266003499,1.795269129219078,5.633875780175152,1.7620396253192894e-08,***,2020-03-18
7,temperature,7.417178123809975,2.034292365307343,3.6460728311731048,0.0002662785359326403,***,2020-03-18
5,rainfall,0.12935466445407684,0.29278829867378486,0.4418027121985485,0.6586319757674057,,2020-03-18
6,pv_capacity,10.392373760242904,1.4818805136141817,7.012963369696238,2.333244708552229e-12,***,2020-03-18
4,intercept,-3469.9559006131853,0.032983238497508366,-105203.61428048718,0.0,***,2020-03-18
3,sma1,-0.8497174589446979,0.01298959463497887,-65.41524064627441,0.0,***,2020-03-18
2,sar1,0.9924985100205247,0.0016205654410779927,612.4396367235372,0.0,***,2020-03-18
1,ma1,0.3938526018451292,0.015813769273769703,24.905675239515002,0.0,***,2020-03-18
0,ar1,0.9915510498662476,0.0015224298011463145,651.2950870507518,0.0,***,2020-03-18
8,solar_power,-0.5465444119953702,0.07089188459134384,-7.70954835163326,1.2656542480726785e-14,***,2020-03-18
15,cos_336_1,9.58065321062123,1.9246837605530172,4.9777804577456575,6.431754859814731e-07,***,2020-03-19
14,sin_336_1,9.134822481927417,3.4647980458341108,2.636466068465561,0.008377457825875734,**,2020-03-19
12,solar_16,0.3999799398378824,0.07271635698315394,5.500549758433924,3.786088842439028e-08,***,2020-03-19
11,solar_4,0.40833512257574345,0.0661836601870506,6.169727111218876,6.84079459745135e-10,***,2020-03-19
10,temp_9,9.84745271853468,0.9455279207712766,10.414766716250975,0.0,***,2020-03-19
9,temp_1,9.915745610295609,1.6511835578022138,6.005235192320975,1.910547497985249e-09,***,2020-03-19
8,solar_power,-0.5424764236668693,0.06681798801937554,-8.11871832341861,4.440892098500626e-16,***,2020-03-19
13,lag_48*7,0.20826059519208093,0.018786260104742044,11.085793235637762,0.0,***,2020-03-19
6,pv_capacity,11.073605720573255,0.5936314861610353,18.65400670066429,0.0,***,2020-03-19
5,rainfall,0.13238112565091953,0.3135190884753067,0.4222426337570387,0.6728479255898236,,2020-03-19
4,intercept,-3197.9114875127143,0.022098425373529313,-144712.18801604505,0.0,***,2020-03-19
3,sma1,-0.8490411554498551,0.013949985296658382,-60.86322941524797,0.0,***,2020-03-19
2,sar1,0.9923005326712508,0.0016989930351242067,584.0521486297368,0.0,***,2020-03-19
1,ma1,0.3945191722514469,0.013843903446514228,28.497683025287447,0.0,***,2020-03-19
0,ar1,0.990968695397364,0.0017964529898822491,551.6251752640176,0.0,***,2020-03-19
7,temperature,6.814689765227797,2.4156974590668483,2.821002994249214,0.004787375602925081,**,2020-03-19
15,cos_336_1,11.20340299317975,1.2896727263614793,8.687012421195899,0.0,***,2020-03-20
14,sin_336_1,8.637489457755171,4.848198756912025,1.781587325693031,0.0748165527868545,.,2020-03-20
13,lag_48*7,0.21032916201483304,0.0190235139700408,11.056272902370726,0.0,***,2020-03-20
12,solar_16,0.38342980330077225,0.07265750216075653,5.277222473908122,1.3115662000906525e-07,***,2020-03-20
11,solar_4,0.40206497917770667,0.07299314227196708,5.508256894594866,3.624042799188487e-08,***,2020-03-20
10,temp_9,8.497025157461,2.1158999331489983,4.015797261648031,5.9245170464850005e-05,***,2020-03-20
9,temp_1,7.990692560227769,2.050776767687752,3.896422412292716,9.762406220636954e-05,***,2020-03-20
8,solar_power,-0.5707768450315243,0.07040780664631176,-8.106726685845764,4.440892098500626e-16,***,2020-03-20
5,rainfall,0.12921204621601712,0.30955272147653623,0.41741531329360726,0.6763746559857431,,2020-03-20
6,pv_capacity,7.804799204115135,2.0563589361025945,3.7954459540548533,0.0001473782994467765,***,2020-03-20
4,intercept,-477.3809502433525,0.03125361381769573,-15274.424040302834,0.0,***,2020-03-20
3,sma1,-0.8493905297536724,0.012431836945077329,-68.32381517761203,0.0,***,2020-03-20
2,sar1,0.992245055808081,0.0012128802252142964,818.0898947649735,0.0,***,2020-03-20
1,ma1,0.3934388143391666,0.014203409203145268,27.70030833527219,0.0,***,2020-03-20
0,ar1,0.9906322498663445,0.003369530911060198,293.9970803101044,0.0,***,2020-03-20
7,temperature,6.361556142454091,1.5557742958227923,4.0889968162699954,4.33242798745237e-05,***,2020-03-20
11,solar_4,0.41690940551969824,0.07397902213794401,5.635508465390548,1.7454256928672862e-08,***,2020-03-21
10,temp_9,8.437820370349524,0.3190996804831532,26.442584829836573,0.0,***,2020-03-21
12,solar_16,0.36880657761926117,0.07290008508904781,5.059069233852911,4.213078885761945e-07,***,2020-03-21
9,temp_1,9.090059975037512,1.873586772991214,4.851688806771983,1.2241459546036282e-06,***,2020-03-21
14,sin_336_1,7.046202432616964,2.079589045558629,3.3882667576392143,0.0007033582172244479,***,2020-03-21
15,cos_336_1,11.612102840904663,0.30803883792050657,37.696879131524696,0.0,***,2020-03-21
13,lag_48*7,0.20171838583850793,0.01757337968282291,11.478633562767522,0.0,***,2020-03-21
8,solar_power,-0.5909858083486981,0.07315908283768667,-8.078092089534257,6.661338147750939e-16,***,2020-03-21
0,ar1,0.9897870715815335,0.004474808748751141,221.19092170313863,0.0,***,2020-03-21
6,pv_capacity,8.590123419653404,2.367401581763457,3.628502863994327,0.0002850695882967713,***,2020-03-21
5,rainfall,0.13384337399806512,0.2835859093845909,0.4719676456722349,0.6369498825716031,,2020-03-21
4,intercept,-560.6004731775342,0.02442255099972338,-22954.214454660523,0.0,***,2020-03-21
3,sma1,-0.8357396299570239,0.02060131099759394,-40.56730321942285,0.0,***,2020-03-21
2,sar1,0.9911580704500969,0.0032108631500013494,308.6889799241927,0.0,***,2020-03-21
1,ma1,0.39527946877269404,0.015521850301212678,25.46600186846358,0.0,***,2020-03-21
7,temperature,7.104786821043209,2.037463276695764,3.4870747867246608,0.0004883347803281701,***,2020-03-21
14,sin_336_1,8.166805321655835,7.17223496702654,1.1386695164340974,0.25484102172485246,,2020-03-22
13,lag_48*7,0.2026602775378832,0.020999491474164595,9.650723103805326,0.0,***,2020-03-22
12,solar_16,0.39158645446608187,0.07472434001173123,5.240413691236421,1.6021701054746984e-07,***,2020-03-22
11,solar_4,0.4353010837898652,0.07238044667803313,6.014070149721465,1.8092216613752043e-09,***,2020-03-22
10,temp_9,8.068908085650303,2.145273411192666,3.7612492857795634,0.00016906682904616055,***,2020-03-22
9,temp_1,9.45375331030494,1.7908376874035798,5.278955975072943,1.299220129258316e-07,***,2020-03-22
8,solar_power,-0.6035501354787449,0.07208596204733715,-8.37264452519074,0.0,***,2020-03-22
15,cos_336_1,11.240040659539279,1.9602777520529568,5.733902069626524,9.814601353852481e-09,***,2020-03-22
6,pv_capacity,7.546891618820122,1.3640053663298317,5.532889976178583,3.149970750904174e-08,***,2020-03-22
5,rainfall,0.129147035061429,0.30937949635339823,0.4174388948965992,0.6763574104583636,,2020-03-22
4,intercept,-314.36735578113627,0.036378722512234035,-8641.51718564102,0.0,***,2020-03-22
3,sma1,-0.8394706657280656,0.021311323644550538,-39.39082713629214,0.0,***,2020-03-22
2,sar1,0.9915669967813775,0.0033328546274804093,297.51282537366114,0.0,***,2020-03-22
1,ma1,0.39497091719552674,0.014562661555609079,27.122165524982375,0.0,***,2020-03-22
0,ar1,0.990015848593691,0.0032397616872013816,305.58292373933864,0.0,***,2020-03-22
7,temperature,7.291087835748167,1.385013286385551,5.264272846635004,1.4074529675056624e-07,***,2020-03-22
15,cos_336_1,11.042191687244383,1.1304058700378332,9.768342486468878,0.0,***,2020-03-23
14,sin_336_1,7.903780275347543,2.2877195291787316,3.4548729311170945,0.000550552229955148,***,2020-03-23
13,lag_48*7,0.20538395806511908,0.016337050276726574,12.571667136123395,0.0,***,2020-03-23
12,solar_16,0.3980180190071113,0.07477636178769367,5.322778609330725,1.0219409185552308e-07,***,2020-03-23
11,solar_4,0.38928676285698405,0.07554294663801675,5.153184780074183,2.5609939080517563e-07,***,2020-03-23
10,temp_9,7.946417853116662,1.1739931253514528,6.768709016705511,1.2993606191002982e-11,***,2020-03-23
9,temp_1,8.697700857705229,1.3165553159241319,6.606407457783145,3.937583592517058e-11,***,2020-03-23
8,solar_power,-0.5842478976910712,0.07134522607083213,-8.189025809674009,2.220446049250313e-16,***,2020-03-23
7,temperature,6.41036897440172,1.4336086688963587,4.471491497980856,7.76759485132672e-06,***,2020-03-23
5,rainfall,0.13024121565594804,0.3286159901859627,0.39633255698313696,0.6918597125090786,,2020-03-23
4,intercept,1539.494039126263,0.019616988851449017,78477.59158065422,0.0,***,2020-03-23
3,sma1,-0.8380107785648775,0.014617537101814564,-57.3291364152481,0.0,***,2020-03-23
2,sar1,0.9912925540978968,0.0014030265526929625,706.5386982129559,0.0,***,2020-03-23
1,ma1,0.3937872158103568,0.015590767635503525,25.257718222521564,0.0,***,2020-03-23
0,ar1,0.9899811538222251,0.001469203275531678,673.821771506716,0.0,***,2020-03-23
6,pv_capacity,4.857015801261063,1.0149583802028204,4.78543346801125,1.7061869934664742e-06,***,2020-03-23
10,temp_9,8.20816554626432,0.28590875686435874,28.709038632763704,0.0,***,2020-03-24
15,cos_336_1,12.43827156729893,0.26956081361534284,46.14272898377604,0.0,***,2020-03-24
14,sin_336_1,10.84208756779432,0.757079553232068,14.320935655319287,0.0,***,2020-03-24
13,lag_48*7,0.21461865701205607,0.016769080291119738,12.79847512720837,0.0,***,2020-03-24
12,solar_16,0.3975804723080818,0.07668098247901814,5.184864088261648,2.1617245038463295e-07,***,2020-03-24
11,solar_4,0.3899468159710251,0.06999453278893868,5.571103919599973,2.5313027895990103e-08,***,2020-03-24
9,temp_1,8.382409068191784,1.4399162281916391,5.821456070898706,5.833713956349129e-09,***,2020-03-24
8,solar_power,-0.5938956246283169,0.07196935078200666,-8.25206310985369,2.220446049250313e-16,***,2020-03-24
6,pv_capacity,-0.5138475181460649,0.7738271327477008,-0.6640339895055091,0.5066685570092733,,2020-03-24
5,rainfall,0.13977659403856535,0.2909122256038539,0.4804768646227484,0.6308883500792359,,2020-03-24
4,intercept,1784.6465539904177,0.01930650529841463,92437.57616439083,0.0,***,2020-03-24
3,sma1,-0.8438730871189384,0.011503742163640206,-73.35639786730981,0.0,***,2020-03-24
2,sar1,0.9921598111259496,4.8590721541922496e-06,204187.0916178815,0.0,***,2020-03-24
1,ma1,0.38654996077725884,0.014378692203500909,26.883527048665947,0.0,***,2020-03-24
0,ar1,0.9996632360311779,1.333328709360038e-07,7497500.2714146115,0.0,***,2020-03-24
7,temperature,5.556819066364767,1.4565563462992435,3.815038862371028,0.00013616150328821242,***,2020-03-24
15,cos_336_1,12.183229215569463,1.8730583384452604,6.504457958144647,7.79740716438937e-11,***,2020-03-25
14,sin_336_1,8.669679335597268,3.1123725712131587,2.785553187232321,0.005343647265448226,**,2020-03-25
12,solar_16,0.398341836729293,0.06720334333784625,5.927411002853526,3.0774804926636534e-09,***,2020-03-25
11,solar_4,0.38169085957285454,0.07087896422468264,5.385107750205186,7.240126254082213e-08,***,2020-03-25
10,temp_9,8.365389795771051,1.4508959712742275,5.765671668675373,8.133326456771783e-09,***,2020-03-25
9,temp_1,8.256427332502202,1.5964684224055048,5.171682205941597,2.3199590071243392e-07,***,2020-03-25
8,solar_power,-0.5691708809293345,0.07001843460228419,-8.128871834429253,4.440892098500626e-16,***,2020-03-25
13,lag_48*7,0.22979754307657366,0.015838396114319583,14.5088897523413,0.0,***,2020-03-25
6,pv_capacity,8.483720835518135,0.4511234195715062,18.80576460334577,0.0,***,2020-03-25
5,rainfall,0.13259556538739758,0.2849601406699417,0.4653126752242093,0.6417075590703738,,2020-03-25
4,intercept,-2207.7152792074758,0.019672730849940298,-112222.10561652531,0.0,***,2020-03-25
3,sma1,-0.8787550512543897,0.0110301155534283,-79.66870763935573,0.0,***,2020-03-25
2,sar1,0.9949884916401632,0.0008374145787522248,1188.1671478931364,0.0,***,2020-03-25
1,ma1,0.41960168392842023,0.014761207595017936,28.42597268735928,0.0,***,2020-03-25
0,ar1,0.9914724665442894,0.0013200419650075167,751.0916264988922,0.0,***,2020-03-25
7,temperature,5.93541952217781,0.9047659384240906,6.560171277574889,5.374611866670875e-11,***,2020-03-25
15,cos_336_1,11.74914942448899,1.4341789910848957,8.192247618688974,2.220446049250313e-16,***,2020-03-26
14,sin_336_1,7.962331880498029,2.727703008054504,2.919061150347541,0.003510873451936014,**,2020-03-26
13,lag_48*7,0.2268611419490476,0.01829228142670061,12.402014634320368,0.0,***,2020-03-26
12,solar_16,0.40613616511316464,0.06939692247826373,5.852365646911406,4.84629714136986e-09,***,2020-03-26
11,solar_4,0.3748207799488963,0.07043300103934848,5.321664197433486,1.0282224383040273e-07,***,2020-03-26
10,temp_9,8.752680300095664,0.16139760949761806,54.23054484722611,0.0,***,2020-03-26
9,temp_1,8.284940137378008,0.8918236353468999,9.289886261149995,0.0,***,2020-03-26
8,solar_power,-0.5730263374092885,0.0731526419687404,-7.833296542511127,4.6629367034256575e-15,***,2020-03-26
5,rainfall,0.14670315114204868,0.29112988978128745,0.5039096166053579,0.6143248924841369,,2020-03-26
6,pv_capacity,9.74001480860504,1.0765660067236025,9.047299234579762,0.0,***,2020-03-26
4,intercept,-3497.546044665499,0.0248184838008339,-140925.04895677717,0.0,***,2020-03-26
3,sma1,-0.8753584766813702,0.011774676682307047,-74.3424639418514,0.0,***,2020-03-26
2,sar1,0.9943916531772659,0.0009070441318909971,1096.2990864669036,0.0,***,2020-03-26
1,ma1,0.41851836891761884,0.01527346499976546,27.401664843180352,0.0,***,2020-03-26
0,ar1,0.9927253554795081,0.0011802619836030071,841.105931794056,0.0,***,2020-03-26
7,temperature,5.341379955578418,1.6305406411406647,3.275833684121967,0.0010535058057146163,**,2020-03-26
11,solar_4,0.355911953914946,0.06738084571827258,5.2820938965808875,1.2771570823133516e-07,***,2020-03-27
10,temp_9,9.527256448636194,1.0039281418903432,9.489978466682762,0.0,***,2020-03-27
12,solar_16,0.3990656180419957,0.07084697240870742,5.632782947164425,1.7732457946451063e-08,***,2020-03-27
9,temp_1,8.025354321233998,1.4970612729925652,5.36073871257897,8.288232455910816e-08,***,2020-03-27
14,sin_336_1,9.581692784024607,5.987297110307146,1.600336947957652,0.10952385444874135,,2020-03-27
15,cos_336_1,13.004850935279864,2.1529478514575766,6.040485804835167,1.536508920096935e-09,***,2020-03-27
13,lag_48*7,0.21831360894053053,0.01689644363206986,12.920684002766476,0.0,***,2020-03-27
8,solar_power,-0.5581433555321382,0.06673064749145333,-8.364123180486501,0.0,***,2020-03-27
0,ar1,0.9932846077283022,0.00315784293978072,314.5452850790849,0.0,***,2020-03-27
6,pv_capacity,10.317575082230775,3.476607610758193,2.96771342566919,0.0030002391105119486,**,2020-03-27
5,rainfall,0.12908835173788447,0.2701521680001953,0.47783570531179725,0.6327671458129613,,2020-03-27
4,intercept,-5030.6137801400055,0.032339098691380026,-155558.25560101072,0.0,***,2020-03-27
3,sma1,-0.8738686229016542,0.014644472694341467,-59.6722491236787,0.0,***,2020-03-27
2,sar1,0.9946853465755194,0.00124278196255582,800.3699575184676,0.0,***,2020-03-27
1,ma1,0.4138524558760977,0.015166915446570615,27.28652752987251,0.0,***,2020-03-27
7,temperature,6.073452804973357,0.7517639362977087,8.078936101782073,6.661338147750939e-16,***,2020-03-27
15,cos_336_1,13.10331410962016,0.16029299762544993,81.74601700467375,0.0,***,2020-03-28
14,sin_336_1,9.651931567635701,0.9163366649513967,10.533171853543205,0.0,***,2020-03-28
13,lag_48*7,0.22654540505272436,0.015071153508896467,15.031723014366161,0.0,***,2020-03-28
12,solar_16,0.35281972544083273,0.06202152886642738,5.6886654019877945,1.2803606175282312e-08,***,2020-03-28
11,solar_4,0.30770496075006193,0.06465999769385578,4.758814904493898,1.9473290315819014e-06,***,2020-03-28
10,temp_9,9.152011043143663,1.6507470226597416,5.544163289416462,2.9536310730549076e-08,***,2020-03-28
9,temp_1,6.858253278939856,1.2695280293528282,5.402207056772124,6.582590317272263e-08,***,2020-03-28
8,solar_power,-0.5506636171603532,0.06593078829762972,-8.352146718988193,0.0,***,2020-03-28
6,pv_capacity,18.350370192154088,2.0796159203561864,8.823922731372015,0.0,***,2020-03-28
5,rainfall,0.1228527657464582,0.26852244860061164,0.4575139485979586,0.647301678800343,,2020-03-28
4,intercept,-10697.842719153983,0.019999953743077746,-534893.3730837578,0.0,***,2020-03-28
3,sma1,-0.8942296889662975,0.008804220695219507,-101.56829547126688,0.0,***,2020-03-28
2,sar1,0.9962572794098417,0.00048086730355816147,2071.7925133151484,0.0,***,2020-03-28
1,ma1,0.414007951725698,0.016276787729118943,25.435482640413355,0.0,***,2020-03-28
0,ar1,0.9944069866911636,0.0010002887328563132,994.1199515980207,0.0,***,2020-03-28
7,temperature,5.456700856192185,1.1242676056315908,4.85356051251403,1.2126431643277868e-06,***,2020-03-28
9,temp_1,5.096093075920521,1.30934666820024,3.8920884741130832,9.938498664929796e-05,***,2020-03-29
15,cos_336_1,9.890094162103974,0.8933513902467988,11.070777154521156,0.0,***,2020-03-29
14,sin_336_1,8.609521348575234,1.9493943860436933,4.4165107944361655,1.0030689402196202e-05,***,2020-03-29
13,lag_48*7,0.23288361425545526,0.01753725384472375,13.279366103577301,0.0,***,2020-03-29
12,solar_16,0.2905509417483894,0.0658399712284931,4.412987070423411,1.019540874813707e-05,***,2020-03-29
11,solar_4,0.24592783942725127,0.06452490030938043,3.8113633379995946,0.00013820245462681235,***,2020-03-29
10,temp_9,9.440383511046743,1.1203490548343187,8.426287745155301,0.0,***,2020-03-29
8,solar_power,-0.5477442771701817,0.06721932492187711,-8.148613182396206,4.440892098500626e-16,***,2020-03-29
0,ar1,0.9921913847775706,0.0008275029612956071,1199.0185306698042,0.0,***,2020-03-29
6,pv_capacity,17.083135466216476,0.7015612468464684,24.350169772069805,0.0,***,2020-03-29
5,rainfall,0.13555119966888185,0.2533769431077903,0.5349784317636841,0.5926647716312812,,2020-03-29
4,intercept,-7332.742284685851,0.021089315943771614,-347699.3897875316,0.0,***,2020-03-29
3,sma1,-0.8926365056887258,0.008146868523868395,-109.56805097240888,0.0,***,2020-03-29
2,sar1,0.9960453975323023,0.00020475393182439467,4864.597171137849,0.0,***,2020-03-29
1,ma1,0.3889357375084942,0.016378938013806642,23.746090081093197,0.0,***,2020-03-29
7,temperature,1.8734218826991196,0.8524772365769385,2.1976210065405515,0.027976124986653694,*,2020-03-29
9,temp_1,5.5588643040349766,1.2951724994459046,4.29198759733792,1.7708084210088515e-05,***,2020-03-30
15,cos_336_1,10.343251050135354,0.6278856780510488,16.473143777129472,0.0,***,2020-03-30
14,sin_336_1,8.23016196240783,1.5064401385397164,5.463318290487019,4.6731559733004246e-08,***,2020-03-30
13,lag_48*7,0.22346984631611824,0.015993928454102208,13.972167435749752,0.0,***,2020-03-30
12,solar_16,0.28243082268715053,0.06311473833934077,4.474879087173611,7.645456616023338e-06,***,2020-03-30
11,solar_4,0.20993583904984803,0.06234844112497352,3.3671385404655885,0.0007595252164060984,***,2020-03-30
10,temp_9,8.683991767609418,0.2534041319841957,34.26933767658935,0.0,***,2020-03-30
8,solar_power,-0.5496100388578498,0.061820219922589015,-8.890457516101833,0.0,***,2020-03-30
0,ar1,0.9876479686856953,0.002379376465867898,415.08688635593535,0.0,***,2020-03-30
6,pv_capacity,18.87460122799969,0.1408062608607543,134.0466049777794,0.0,***,2020-03-30
5,rainfall,0.18424072122842716,0.25925333702727404,0.7106590153902035,0.4772955628037434,,2020-03-30
4,intercept,-6698.362914752412,0.02815116168640189,-237942.68205947542,0.0,***,2020-03-30
3,sma1,-0.880859988766846,0.012858450072627842,-68.50436746198194,0.0,***,2020-03-30
2,sar1,0.9954293040649558,0.0010571383619173832,941.6263186774315,0.0,***,2020-03-30
1,ma1,0.3729847999221873,0.016380391673509943,22.7702003319842,0.0,***,2020-03-30
7,temperature,2.0427663661463953,1.3492740929017326,1.513974348794652,0.13003234546293152,,2020-03-30
15,cos_336_1,9.932114669690668,0.6139559321371882,16.177243593228024,0.0,***,2020-03-31
14,sin_336_1,8.054895309090705,2.2344180966469662,3.6049185786572884,0.0003122508077488817,***,2020-03-31
13,lag_48*7,0.23425337639995225,0.01669448097441563,14.031785519953969,0.0,***,2020-03-31
12,solar_16,0.3507906773533241,0.05957618689830483,5.888102203521613,3.906555301469439e-09,***,2020-03-31
11,solar_4,0.13739252979968342,0.057283817166049196,2.3984527672348066,0.016464499749150985,*,2020-03-31
10,temp_9,8.525614839554942,1.3517808562278626,6.306950420459145,2.845870206158452e-10,***,2020-03-31
9,temp_1,4.621302381825231,0.7105031407355515,6.50426735206407,7.807288149308533e-11,***,2020-03-31
8,solar_power,-0.5273727016190719,0.06048618951337298,-8.71889444287897,0.0,***,2020-03-31
6,pv_capacity,19.26389932864032,1.3030915023782086,14.783228417561407,0.0,***,2020-03-31
5,rainfall,0.09169179919847892,0.23673716318660343,0.387314766994165,0.6985231945700474,,2020-03-31
4,intercept,-6814.634397204518,0.02722669269243562,-250292.40511087948,0.0,***,2020-03-31
3,sma1,-0.8679190311986494,0.013524857743295727,-64.17213753164073,0.0,***,2020-03-31
2,sar1,0.9941416133731824,0.0011362376376529981,874.941632303848,0.0,***,2020-03-31
1,ma1,0.3561329065596233,0.015547241602286398,22.906501080374923,0.0,***,2020-03-31
0,ar1,0.9871976572522351,0.002223649555090661,443.95379433428116,0.0,***,2020-03-31
7,temperature,1.244882822605291,1.2924869612523393,0.963168573398278,0.33546293342296796,,2020-03-31
9,temp_1,4.329256785480162,0.9285302824319824,4.6624831385585885,3.124166910284387e-06,***,2020-04-01
15,cos_336_1,9.444192422198768,0.1551334746216314,60.87785015602232,0.0,***,2020-04-01
14,sin_336_1,7.621475444743769,0.2711278198695311,28.1102671367744,0.0,***,2020-04-01
13,lag_48*7,0.24193811156034484,0.016300454988618884,14.842414627644938,0.0,***,2020-04-01
12,solar_16,0.3656968301678312,0.05801232392789176,6.303778325143216,2.9047586558306193e-10,***,2020-04-01
11,solar_4,0.131163062430371,0.05934571399736373,2.210152235024042,0.027094598673437442,*,2020-04-01
10,temp_9,8.887073784644144,0.48408072998100454,18.35866051720934,0.0,***,2020-04-01
8,solar_power,-0.5280819592169337,0.05851702891479641,-9.024415097797364,0.0,***,2020-04-01
3,sma1,-0.8806781549399888,0.011743512096695281,-74.99274047563834,0.0,***,2020-04-01
6,pv_capacity,16.191192562055903,0.7054403792715953,22.951893650848525,0.0,***,2020-04-01
5,rainfall,0.07891833294142714,0.29145273240717773,0.2707757525195313,0.786563510103526,,2020-04-01
4,intercept,-4917.536184608331,0.023454552067511528,-209662.33635388585,0.0,***,2020-04-01
7,temperature,1.4943247535705382,0.8609755115600879,1.7356181836842506,0.08263136859845899,.,2020-04-01
2,sar1,0.9951490196719268,0.0008776851505667618,1133.833720474037,0.0,***,2020-04-01
1,ma1,0.35538299021934716,0.015115516490322957,23.51113774027275,0.0,***,2020-04-01
0,ar1,0.9869310883260975,0.0022623118407660067,436.248916060983,0.0,***,2020-04-01
15,cos_336_1,9.477597276947998,0.36919814405367857,25.670760889767713,0.0,***,2020-04-02
14,sin_336_1,7.718940773158383,1.922899293139602,4.014219985777482,5.9642701447648605e-05,***,2020-04-02
13,lag_48*7,0.2408687247276959,0.014764118424817655,16.314467128820173,0.0,***,2020-04-02
12,solar_16,0.3648023584719383,0.06091716224332908,5.988498889931254,2.117865882667047e-09,***,2020-04-02
11,solar_4,0.1288447338331533,0.06058408574026516,2.1267092217176273,0.03344425083097624,*,2020-04-02
10,temp_9,8.322807066069023,0.8225635290726444,10.11813285163777,0.0,***,2020-04-02
9,temp_1,4.215811045863148,0.21730248511697917,19.40065730768645,0.0,***,2020-04-02
8,solar_power,-0.5185779258722789,0.05977217030962554,-8.675909259877896,0.0,***,2020-04-02
7,temperature,1.4586194710674931,0.13502714468441745,10.802416613907871,0.0,***,2020-04-02
6,pv_capacity,12.91630636531594,0.7737856602275642,16.69235684920467,0.0,***,2020-04-02
5,rainfall,0.08052618464669337,0.2657498122047248,0.3030150199491342,0.761878415130655,,2020-04-02
4,intercept,-3158.129672966923,0.0208483240263674,-151481.22549192718,0.0,***,2020-04-02
3,sma1,-0.8793534898412299,0.011605830729966009,-75.7682504855734,0.0,***,2020-04-02
2,sar1,0.9950815125105352,0.0009104351013218045,1092.9735805065488,0.0,***,2020-04-02
1,ma1,0.354834604976783,0.015884263779465165,22.338750470481706,0.0,***,2020-04-02
0,ar1,0.9869567785267025,0.0012828907238042568,769.3225620963271,0.0,***,2020-04-02
14,sin_336_1,6.855558606620412,0.2648575920280838,25.88394221258907,0.0,***,2020-04-03
13,lag_48*7,0.2463765924057757,0.016194816206900265,15.21329969158896,0.0,***,2020-04-03
12,solar_16,0.35004802027385296,0.061040492367749374,5.734685398094858,9.769351105859414e-09,***,2020-04-03
11,solar_4,0.10966741156060245,0.05904970929507003,1.8572049358041194,0.06328200304122511,.,2020-04-03
10,temp_9,8.458079343872118,0.7103166387008216,11.907477430547107,0.0,***,2020-04-03
9,temp_1,4.820123281248836,0.2328556103888058,20.700052161940764,0.0,***,2020-04-03
8,solar_power,-0.5255946176095563,0.061957565847433796,-8.483138587203321,0.0,***,2020-04-03
15,cos_336_1,8.981345831847872,0.07106902157984162,126.37497509034776,0.0,***,2020-04-03
6,pv_capacity,13.523058330955223,0.49356855573495656,27.39854104121055,0.0,***,2020-04-03
5,rainfall,0.20897756614366259,0.2892634216840046,0.7224472590660032,0.47001954020118974,,2020-04-03
4,intercept,-3693.3452121317887,0.020933862421865172,-176429.22924123803,0.0,***,2020-04-03
3,sma1,-0.8794881985527722,0.0110955654789405,-79.26483785094595,0.0,***,2020-04-03
2,sar1,0.9950537615408552,0.0006774940173933943,1468.7270086446629,0.0,***,2020-04-03
1,ma1,0.35127250765659934,0.015152392022026352,23.1826438456694,0.0,***,2020-04-03
0,ar1,0.98716110389194,0.0017567261638206314,561.9322602590514,0.0,***,2020-04-03
7,temperature,1.4682289472411725,0.745357311485391,1.969832353713954,0.0488575872682433,*,2020-04-03
14,sin_336_1,6.403579420377389,2.1220182766422564,3.017683443570522,0.002547148248105424,**,2020-04-04
13,lag_48*7,0.26094597770836253,0.016447505335932693,15.865383374479082,0.0,***,2020-04-04
12,solar_16,0.3328583819392084,0.059164221440063135,5.626007979779024,1.8442781746230708e-08,***,2020-04-04
11,solar_4,0.10106000568724838,0.060064381635623526,1.6825280296785874,0.09246649434169751,.,2020-04-04
10,temp_9,8.304971464187652,1.0971637329171218,7.569491421400271,3.752553823233029e-14,***,2020-04-04
9,temp_1,4.9278994857004506,1.210021053670115,4.072573341392398,4.6496552071673136e-05,***,2020-04-04
8,solar_power,-0.5172137637889591,0.05539643616419631,-9.336589131039506,0.0,***,2020-04-04
15,cos_336_1,9.619886719036916,0.3594757169314859,26.760880543345337,0.0,***,2020-04-04
6,pv_capacity,13.994295204776584,0.1678301418527038,83.38368215799211,0.0,***,2020-04-04
5,rainfall,0.20512737641703538,0.27540915629018065,0.744809574162836,0.45638684619569125,,2020-04-04
4,intercept,-4151.132228927874,0.03675952899144134,-112926.697996984,0.0,***,2020-04-04
3,sma1,-0.8807622744654687,0.013814257220509411,-63.75748333090543,0.0,***,2020-04-04
2,sar1,0.9950710758944641,0.0013781004617365482,722.0598958660621,0.0,***,2020-04-04
1,ma1,0.34705013349043007,0.01653715316255513,20.986086908613228,0.0,***,2020-04-04
0,ar1,0.9872923737897377,0.0024715746794533554,399.4588478338432,0.0,***,2020-04-04
7,temperature,1.5218973839736947,1.7580376964221853,0.8656796080487557,0.3866658857663765,,2020-04-04
15,cos_336_1,9.869159599872624,0.8730769266104372,11.303883196395816,0.0,***,2020-04-05
14,sin_336_1,7.154908784382251,3.0430722528014766,2.3512122585309583,0.018712356088424142,*,2020-04-05
13,lag_48*7,0.28681906875152186,0.018449718254635587,15.545986382716553,0.0,***,2020-04-05
12,solar_16,0.35047490602197884,0.059366630714451134,5.903567404856371,3.557241834428737e-09,***,2020-04-05
11,solar_4,0.08739209828300964,0.05679896155576008,1.5386214094286916,0.1238967487261613,,2020-04-05
10,temp_9,7.734340157271442,1.8230591166240784,4.242506502802724,2.21037134573443e-05,***,2020-04-05
9,temp_1,5.051405138039633,0.4045515114439498,12.486432494121333,0.0,***,2020-04-05
8,solar_power,-0.5559250678603931,0.05679974852723351,-9.7874564989288,0.0,***,2020-04-05
7,temperature,1.2484391843677614,0.4730296683591374,2.6392407662259174,0.008309194522381214,**,2020-04-05
5,rainfall,-0.013040213265460565,0.2567135856059518,-0.050796740011558754,0.9594874886193188,,2020-04-05
4,intercept,-740.6323973029542,0.06647510112243248,-11141.500874724097,0.0,***,2020-04-05
3,sma1,-0.8785553147382293,0.012858467983481907,-68.32503808904985,0.0,***,2020-04-05
2,sar1,0.9948130017036828,0.001376872310003504,722.5165285669455,0.0,***,2020-04-05
1,ma1,0.340663099952915,0.014505830227303285,23.484564110760736,0.0,***,2020-04-05
0,ar1,0.9861024177796103,0.0030004243711200832,328.65431545987946,0.0,***,2020-04-05
6,pv_capacity,8.697878051528058,1.5252771206838671,5.7024903432815615,1.1806960298343938e-08,***,2020-04-05
9,temp_1,5.13547045288675,0.5547182302259178,9.25780003803958,0.0,***,2020-04-06
14,sin_336_1,6.832330126354662,3.492395781140578,1.9563447428410583,0.05042455677642965,.,2020-04-06
13,lag_48*7,0.2927486626660627,0.018953431690141638,15.44568115431739,0.0,***,2020-04-06
12,solar_16,0.3647069635067719,0.06189081573352775,5.892747723297519,3.798260594933822e-09,***,2020-04-06
11,solar_4,0.05558467161026659,0.06215104005391722,0.8943482130314443,0.371135611434549,,2020-04-06
10,temp_9,7.028063234177137,0.8053468247476705,8.726753515641107,0.0,***,2020-04-06
8,solar_power,-0.5636093328155454,0.06467102987481309,-8.715020217036157,0.0,***,2020-04-06
15,cos_336_1,10.48820965302086,0.6763342658193681,15.507434981598282,0.0,***,2020-04-06
6,pv_capacity,6.317062734132428,1.079246716577789,5.853214688633349,4.8216106662835045e-09,***,2020-04-06
0,ar1,0.984247391150914,0.0028582018148332667,344.35895535540766,0.0,***,2020-04-06
1,ma1,0.3373094655048263,0.015403411933663427,21.898360373499617,0.0,***,2020-04-06
2,sar1,0.9943138535616919,0.0015154793066869477,656.1051999683208,0.0,***,2020-04-06
7,temperature,0.768393263164274,2.1107071291817308,0.36404541991676564,0.7158240928312112,,2020-04-06
4,intercept,958.3541390342217,0.022301479795322276,42972.67032635368,0.0,***,2020-04-06
5,rainfall,0.018557272769143207,0.33030844645582214,0.0561816476940295,0.9551971010872864,,2020-04-06
3,sma1,-0.872777498134081,0.013748197607941959,-63.48304868922609,0.0,***,2020-04-06
14,sin_336_1,9.269109699834795,1.8039620120253599,5.138195615010817,2.7738905084007115e-07,***,2020-04-07
13,lag_48*7,0.2949093149388856,0.01880886552686566,15.679271804971524,0.0,***,2020-04-07
12,solar_16,0.3745537015387214,0.061780548705966665,6.0626477003521275,1.338987587473639e-09,***,2020-04-07
11,solar_4,0.0789510271470073,0.059772235897592035,1.3208645445734095,0.18654653363612494,,2020-04-07
10,temp_9,7.086544138475533,1.1190310502709035,6.332750227761749,2.4082935645708403e-10,***,2020-04-07
9,temp_1,4.814958936166849,0.3016698567196989,15.961021059657082,0.0,***,2020-04-07
8,solar_power,-0.5876892239217142,0.06180389117942603,-9.508935646390995,0.0,***,2020-04-07
15,cos_336_1,9.048554925585776,0.29445154398302253,30.730200301165674,0.0,***,2020-04-07
6,pv_capacity,7.184251381216253,1.0004826323810838,7.180785701515078,6.932232565759477e-13,***,2020-04-07
5,rainfall,-0.10525498853799209,1.1883767229921305,-0.08857038891924601,0.9294233417908646,,2020-04-07
4,intercept,597.8949088336966,0.019466799433224657,30713.570090687263,0.0,***,2020-04-07
3,sma1,-0.8631489523855334,0.011456929088393804,-75.3385960344232,0.0,***,2020-04-07
2,sar1,0.9933738274539297,0.0009016241115320881,1101.7604950314999,0.0,***,2020-04-07
1,ma1,0.3373468169398027,0.014543099875990954,23.196348771332094,0.0,***,2020-04-07
0,ar1,0.9832912711617627,0.0024675828414902454,398.48359075471785,0.0,***,2020-04-07
7,temperature,1.2484834462372252,0.866409151977328,1.440985986110515,0.14958864193133325,,2020-04-07
15,cos_336_1,6.585621740385966,0.607967844552424,10.832187589187702,0.0,***,2020-04-08
14,sin_336_1,8.632933735933953,3.21573253918381,2.6845932087763402,0.007261813158182973,**,2020-04-08
13,lag_48*7,0.2945736853434053,0.01877035530460942,15.693559368642696,0.0,***,2020-04-08
12,solar_16,0.386539252674542,0.06347327590130857,6.089795227767236,1.1305520963844629e-09,***,2020-04-08
11,solar_4,0.09171177393524488,0.062237976104640394,1.4735661355865803,0.14059844483589568,,2020-04-08
10,temp_9,6.741449274376565,0.7972925956476842,8.455426917517174,0.0,***,2020-04-08
9,temp_1,5.161464843341863,1.4110347763726852,3.657928868776943,0.0002542615839498108,***,2020-04-08
8,solar_power,-0.6092312002990781,0.0602948736610351,-10.104195652254713,0.0,***,2020-04-08
7,temperature,1.0234095920253274,0.31653887494387845,3.233124500764007,0.0012244418756439668,**,2020-04-08
5,rainfall,-0.10669446214947698,0.9903312610745616,-0.10773613470881234,0.9142050049714168,,2020-04-08
4,intercept,-1375.6524193259913,0.02629460292999246,-52316.91168672787,0.0,***,2020-04-08
3,sma1,-0.8503181101425259,0.013238782741282354,-64.22932733014706,0.0,***,2020-04-08
1,ma1,0.3391434309260257,0.01633038717584183,20.767629528571966,0.0,***,2020-04-08
0,ar1,0.9828502680314745,0.0027635374599871186,355.64933794530714,0.0,***,2020-04-08
6,pv_capacity,10.458405813174469,1.1451923568270195,9.132444650741068,0.0,***,2020-04-08
2,sar1,0.99204722916251,0.0012971988208294307,764.7611246888072,0.0,***,2020-04-08
15,cos_336_1,7.5787017711764175,0.6184891657570362,12.253572399930434,0.0,***,2020-04-09
8,solar_power,-0.6360037151731888,0.06154547900053016,-10.333881960163316,0.0,***,2020-04-09
14,sin_336_1,6.680471919863971,2.6807647735579265,2.492002277020975,0.012702522307197928,*,2020-04-09
13,lag_48*7,0.29400310867423507,0.01872784721543233,15.698713540975886,0.0,***,2020-04-09
12,solar_16,0.3658573369176137,0.06471518945838964,5.653345682513244,1.5735438951836045e-08,***,2020-04-09
11,solar_4,0.07176673202831996,0.06213988263828948,1.1549222332148177,0.24812227385815255,,2020-04-09
10,temp_9,5.916435073625212,1.3625741330914585,4.342101416677994,1.4112635770890947e-05,***,2020-04-09
9,temp_1,5.006994036884697,0.1222665422979108,40.95146507606973,0.0,***,2020-04-09
7,temperature,1.2719155487487512,0.07830166037345115,16.24378771385549,0.0,***,2020-04-09
5,rainfall,-0.1350084718207185,1.0776668856714815,-0.12527848226179497,0.9003030866311199,,2020-04-09
4,intercept,-2663.024186540031,0.03205672992305407,-83072.23453334453,0.0,***,2020-04-09
3,sma1,-0.8339974176590332,0.015013520294620044,-55.549757904406235,0.0,***,2020-04-09
2,sar1,0.9905634594746856,0.0016488818993517912,600.7485799098747,0.0,***,2020-04-09
1,ma1,0.33817875387001967,0.014313850759319341,23.625980147224958,0.0,***,2020-04-09
0,ar1,0.9826374041217693,0.00282659753811956,347.6396589432696,0.0,***,2020-04-09
6,pv_capacity,12.615486445231333,1.0944618828464976,11.526656746072081,0.0,***,2020-04-09
14,sin_336_1,7.39216252056965,2.758965924617184,2.679323602590466,0.007377106108003684,**,2020-04-10
13,lag_48*7,0.29057450956879116,0.018813141540459866,15.445294394021149,0.0,***,2020-04-10
12,solar_16,0.3747681206292227,0.060296941229555145,6.215375323972925,5.120210921916168e-10,***,2020-04-10
11,solar_4,0.08691885579329295,0.061809348124899625,1.4062412633385801,0.15965249505222712,,2020-04-10
10,temp_9,6.0986164628447606,0.33643730322827564,18.127051918219653,0.0,***,2020-04-10
9,temp_1,4.7043401425192375,1.6630327049047606,2.8287718748072654,0.004672699340128483,**,2020-04-10
8,solar_power,-0.6363510000990118,0.05854659732024655,-10.86913722104477,0.0,***,2020-04-10
15,cos_336_1,8.023779327358987,1.3736757061595646,5.841101572503863,5.18567744300924e-09,***,2020-04-10
6,pv_capacity,13.72541746968593,0.8920520942928034,15.386340727743145,0.0,***,2020-04-10
5,rainfall,-0.04516541940138552,0.9723121593559754,-0.04645156287184712,0.9629503396081558,,2020-04-10
4,intercept,-3309.5524945240454,0.04096463507958142,-80790.47910703036,0.0,***,2020-04-10
3,sma1,-0.8172606655301725,0.015572039244015007,-52.48257166088766,0.0,***,2020-04-10
2,sar1,0.9886087163497871,0.002281690650872175,433.27903191955136,0.0,***,2020-04-10
1,ma1,0.333646340502928,0.015803927570812823,21.111609060972686,0.0,***,2020-04-10
0,ar1,0.9822792369457707,0.0029538366852372333,332.54351598212355,0.0,***,2020-04-10
7,temperature,1.2693276523641401,0.5886100064168359,2.1564833056290933,0.03104594596985133,*,2020-04-10
15,cos_336_1,7.104692908885257,0.2268264026461753,31.32216014538577,0.0,***,2020-04-11
14,sin_336_1,7.719619188997199,1.3246489301996542,5.827671780049435,5.620598431121948e-09,***,2020-04-11
13,lag_48*7,0.28797856253923715,0.019243015152753583,14.965355494096194,0.0,***,2020-04-11
12,solar_16,0.3673422587114366,0.06289980288088416,5.840117804615177,5.216392207074705e-09,***,2020-04-11
11,solar_4,0.094933643351224,0.06367748749044108,1.4908509599326596,0.13600062901693355,,2020-04-11
10,temp_9,6.141966762050077,0.17374764272514606,35.34992858444787,0.0,***,2020-04-11
9,temp_1,3.6165422106355836,1.6855277632556198,2.145643809301713,0.031901407392899594,*,2020-04-11
8,solar_power,-0.6501940187278592,0.062236963031724504,-10.447071756962675,0.0,***,2020-04-11
7,temperature,0.22622792620329335,0.6562544794711465,0.3447259154491454,0.7303004333413332,,2020-04-11
5,rainfall,-0.12134936073897862,0.7906023468165204,-0.15348975528293093,0.8780120686804938,,2020-04-11
4,intercept,-3263.4889106911137,0.03909949869254177,-83466.25966623005,0.0,***,2020-04-11
3,sma1,-0.7955640459809806,0.01669893876952533,-47.641593095295526,0.0,***,2020-04-11
2,sar1,0.9856540391363925,0.0027596259643685715,357.16943232990616,0.0,***,2020-04-11
1,ma1,0.3362089946643012,0.015649996248385912,21.48300800385027,0.0,***,2020-04-11
0,ar1,0.9821542161816778,0.0027993514872312227,350.8506240326059,0.0,***,2020-04-11
6,pv_capacity,13.69791047207525,0.8269107136149689,16.565162654856294,0.0,***,2020-04-11
9,temp_1,3.4728898017856986,0.0965245705812097,35.979334389929534,0.0,***,2020-04-12
14,sin_336_1,8.219196097462003,1.1820928767987615,6.953088254554496,3.573807916268379e-12,***,2020-04-12
13,lag_48*7,0.2861006103342373,0.019235319439085727,14.873712455894411,0.0,***,2020-04-12
12,solar_16,0.38418613970272425,0.06371910674870844,6.029371083588072,1.6459895668674562e-09,***,2020-04-12
11,solar_4,0.0777116914920537,0.05720377416906581,1.3585063681703364,0.17430306327522582,,2020-04-12
10,temp_9,6.861695119494299,0.07791334564352556,88.06829000628971,0.0,***,2020-04-12
8,solar_power,-0.6454759923333881,0.06560817991730197,-9.838346272476999,0.0,***,2020-04-12
15,cos_336_1,7.4148488566056745,0.168855183942949,43.91247389307826,0.0,***,2020-04-12
6,pv_capacity,14.602647115182023,1.1790150668995618,12.385462684189767,0.0,***,2020-04-12
0,ar1,0.9824505673092783,0.0033327949235763986,294.782784370968,0.0,***,2020-04-12
1,ma1,0.33357684462405873,0.015111105135987785,22.07494697589194,0.0,***,2020-04-12
2,sar1,0.9850211711375735,0.003367364741932976,292.51989214929523,0.0,***,2020-04-12
7,temperature,0.30479441555585396,0.10109359956264473,3.014972430247494,0.002570026157271421,**,2020-04-12
4,intercept,-3882.2291321444095,0.023222404428622657,-167176.01935135483,0.0,***,2020-04-12
5,rainfall,-0.3045749764271264,0.5623483345629439,-0.5416126583958705,0.5880853697311514,,2020-04-12
3,sma1,-0.7880819704509456,0.018662329778474346,-42.22848807226317,0.0,***,2020-04-12
15,cos_336_1,6.9972311476199325,0.11671297389076683,59.952470701061316,0.0,***,2020-04-13
14,sin_336_1,7.633105353100271,3.225979067649188,2.3661360452231985,0.017974837894137563,*,2020-04-13
13,lag_48*7,0.2779504210299233,0.018816476044750684,14.771651204448792,0.0,***,2020-04-13
12,solar_16,0.376321753535778,0.06276195828670986,5.996016756148062,2.0221615493198897e-09,***,2020-04-13
11,solar_4,0.06793834290542922,0.060951272032932546,1.1146337170571516,0.26500741554547247,,2020-04-13
9,temp_1,3.341137556939901,1.1964569357652894,2.792526381070966,0.005229820288666254,**,2020-04-13
8,solar_power,-0.6655870826726868,0.059869202664433636,-11.117353381225014,0.0,***,2020-04-13
10,temp_9,7.251207108290088,0.8550428520964117,8.480518947689497,0.0,***,2020-04-13
6,pv_capacity,15.221211385579053,0.3998015892746824,38.071913153705275,0.0,***,2020-04-13
5,rainfall,-0.01363877979839856,0.9163538585912141,-0.014883747878103088,0.988124925802315,,2020-04-13
4,intercept,-4298.096721520615,0.05320327085768798,-80786.32482986769,0.0,***,2020-04-13
3,sma1,-0.7861841450672639,0.017184522217827364,-45.74954922236185,0.0,***,2020-04-13
2,sar1,0.9860363431347934,0.0025647803955789663,384.4525421492113,0.0,***,2020-04-13
1,ma1,0.33095956475269095,0.01648743515515646,20.073441480628542,0.0,***,2020-04-13
0,ar1,0.9828643296565538,0.0023366934493497093,420.621853469945,0.0,***,2020-04-13
7,temperature,0.03897486229647029,1.046230376004286,0.037252657913949376,0.9702835527792204,,2020-04-13
9,temp_1,3.556079039435759,0.36543589460456344,9.731061157207275,0.0,***,2020-04-14
15,cos_336_1,6.800455333210368,0.253944084995422,26.779341339385653,0.0,***,2020-04-14
14,sin_336_1,7.2901951033567,2.9088412920889772,2.5062196150692237,0.012202979870240993,*,2020-04-14
13,lag_48*7,0.2799007748715667,0.016888767987075753,16.5731908381809,0.0,***,2020-04-14
12,solar_16,0.3942590693493919,0.06696664087532735,5.88739504021695,3.92330168352828e-09,***,2020-04-14
11,solar_4,0.03521135502499462,0.0653528972005812,0.5387879731930457,0.5900331631408633,,2020-04-14
10,temp_9,7.646629608028716,0.31602568801124054,24.19622802231424,0.0,***,2020-04-14
8,solar_power,-0.6625294262530019,0.06581768187644375,-10.066131279079919,0.0,***,2020-04-14
1,ma1,0.3278828079513632,0.017311338442757025,18.94034993513443,0.0,***,2020-04-14
6,pv_capacity,15.405338072983263,0.7215147518886682,21.351383367640903,0.0,***,2020-04-14
5,rainfall,-0.012599076751339311,0.8260014434640044,-0.015253092898364112,0.9878302645691039,,2020-04-14
4,intercept,-4397.310991296034,0.025094986341121277,-175226.67402653611,0.0,***,2020-04-14
3,sma1,-0.7757640486912594,0.018327581936601233,-42.32768138070708,0.0,***,2020-04-14
2,sar1,0.9842881812451851,0.0032114857478297873,306.4899733434388,0.0,***,2020-04-14
0,ar1,0.9828799409834756,0.003337078977894148,294.5330174965528,0.0,***,2020-04-14
7,temperature,-0.31193684928649645,0.9138158598705352,-0.34135635305201434,0.7328353290699468,,2020-04-14
9,temp_1,3.295245065433434,0.9557766626601869,3.447714507133779,0.0005653512786050197,***,2020-04-15
14,sin_336_1,8.345701745868721,2.6563196187605893,3.141828900003659,0.0016789611884198141,**,2020-04-15
13,lag_48*7,0.27596220134298555,0.01810361265630521,15.243487948073843,0.0,***,2020-04-15
12,solar_16,0.3656866406035606,0.06031881702069346,6.0625632044160485,1.3396912468266464e-09,***,2020-04-15
11,solar_4,0.016091623340987127,0.06195511735605199,0.2597303342758537,0.7950717920563697,,2020-04-15
15,cos_336_1,5.7292118042336355,0.6445540405550692,8.888644618998622,0.0,***,2020-04-15
8,solar_power,-0.6442682633964409,0.05527190549415992,-11.65634254213499,0.0,***,2020-04-15
10,temp_9,7.770421628142921,0.3410287849947012,22.78523681883233,0.0,***,2020-04-15
6,pv_capacity,16.558877927033834,1.0510907206851838,15.753994970328966,0.0,***,2020-04-15
0,ar1,0.98195971918531,0.003025813602745874,324.5274984203252,0.0,***,2020-04-15
1,ma1,0.3163522240541721,0.015722546448143488,20.120927936042246,0.0,***,2020-04-15
2,sar1,0.9836138010587921,0.003012979502066164,326.4588426121965,0.0,***,2020-04-15
7,temperature,-3.3618318730681267,0.7318129083254736,-4.593840631700026,4.3516176368996184e-06,***,2020-04-15
4,intercept,-5005.671652495693,0.07163916846328665,-69873.3913286693,0.0,***,2020-04-15
5,rainfall,0.3007887687565045,0.7143550644921574,0.42106339509238094,0.6737087902278347,,2020-04-15
3,sma1,-0.7689137087860815,0.017499552440482197,-43.93904995006228,0.0,***,2020-04-15
14,sin_336_1,8.04450782412978,1.2263184257794564,6.559884981762902,5.384936940799889e-11,***,2020-04-16
13,lag_48*7,0.2728593866311829,0.018543565741787595,14.714504773820234,0.0,***,2020-04-16
12,solar_16,0.35296884079061774,0.053765813781095594,6.564930686768919,5.205702535704404e-11,***,2020-04-16
11,solar_4,0.02207082730649912,0.04955316409375264,0.44539693297368416,0.6560329282745805,,2020-04-16
10,temp_9,8.268913110071095,0.06142826274966356,134.61088984022072,0.0,***,2020-04-16
9,temp_1,3.025555849315803,0.5226896876883161,5.788436084700345,7.104477228736528e-09,***,2020-04-16
8,solar_power,-0.6497160650679916,0.05633162948198411,-11.533770122445734,0.0,***,2020-04-16
15,cos_336_1,5.644542912988491,0.6047820608969785,9.333185089215155,0.0,***,2020-04-16
6,pv_capacity,14.385007222574394,0.544794198404575,26.404479461603596,0.0,***,2020-04-16
5,rainfall,-0.0038609235871369663,0.7381355785869509,-0.005230642850908395,0.9958265698567754,,2020-04-16
4,intercept,-3725.9637734945845,0.12860713653610223,-28971.67197598434,0.0,***,2020-04-16
3,sma1,-0.7615059849366348,0.01729313077604569,-44.03517181466452,0.0,***,2020-04-16
2,sar1,0.9827348165287062,0.0032020414689307784,306.9088348992744,0.0,***,2020-04-16
1,ma1,0.31790602997782796,0.015985905934306377,19.886644603330815,0.0,***,2020-04-16
0,ar1,0.9821577031956792,0.0025427022300298424,386.26532497442776,0.0,***,2020-04-16
7,temperature,-3.1312389873434086,0.49828026482653187,-6.284091922511718,3.297755402087432e-10,***,2020-04-16
15,cos_336_1,3.8163992518318177,0.6543915078546397,5.831981628770702,5.4772950619508265e-09,***,2020-04-17
14,sin_336_1,8.502953483928364,2.901963940594668,2.930068621798914,0.0033888715741485775,**,2020-04-17
13,lag_48*7,0.2765858686621418,0.017193165227206333,16.08696624542841,0.0,***,2020-04-17
12,solar_16,0.36845516821882995,0.0609407262363971,6.046123684012952,1.4837220341235025e-09,***,2020-04-17
11,solar_4,0.02344795118409948,0.06481640701202468,0.36175950295654985,0.7175317572490603,,2020-04-17
10,temp_9,8.800994641333196,0.39817348961692056,22.10341690452712,0.0,***,2020-04-17
9,temp_1,3.8033791007019637,0.44364974379308303,8.572932034591345,0.0,***,2020-04-17
8,solar_power,-0.6484466535160323,0.06221456704992616,-10.422746380211318,0.0,***,2020-04-17
7,temperature,-3.2654958805978254,1.071174337221025,-3.0485195239736465,0.0022997196875218506,**,2020-04-17
5,rainfall,0.019687644357972545,0.8760303275742508,0.022473701809488843,0.9820700896166485,,2020-04-17
4,intercept,-2350.4033898067714,0.07034153603090731,-33414.16071400587,0.0,***,2020-04-17
3,sma1,-0.7678228300416925,0.018175379326325774,-42.24521624863996,0.0,***,2020-04-17
1,ma1,0.31623702963987593,0.015984347461543896,19.784168881507235,0.0,***,2020-04-17
0,ar1,0.9820524127442555,0.0029970473069253255,327.67331048629467,0.0,***,2020-04-17
6,pv_capacity,12.16478592874104,1.1541048746666043,10.540451041986268,0.0,***,2020-04-17
2,sar1,0.9838362472117437,0.0030920600475111645,318.1814816318477,0.0,***,2020-04-17
15,cos_336_1,3.8249188656132818,2.768309668249407,1.3816802756868027,0.16706989329499944,,2020-04-18
8,solar_power,-0.6701431925069414,0.061254372837544105,-10.940332280999153,0.0,***,2020-04-18
14,sin_336_1,8.361137128472047,2.3577137664163694,3.546290159377845,0.0003906957611612416,***,2020-04-18
13,lag_48*7,0.2648817603482241,0.018709745052255915,14.157422220795368,0.0,***,2020-04-18
12,solar_16,0.365976224113858,0.062488310096040584,5.856715016798753,4.721122381923237e-09,***,2020-04-18
11,solar_4,0.03501779163576296,0.061122315432144726,0.5729133686801862,0.566703352354069,,2020-04-18
10,temp_9,8.21857361884802,1.2564603602021622,6.541052849073301,6.108713535013521e-11,***,2020-04-18
9,temp_1,3.345278163060407,0.7948339560632219,4.208776106684501,2.5675764673493973e-05,***,2020-04-18
7,temperature,-2.587577446261996,0.2032660383749158,-12.73000382626298,0.0,***,2020-04-18
5,rainfall,0.007026741441463535,0.9730106990720089,0.007221648691186193,0.994238008089239,,2020-04-18
0,ar1,0.9821076172367168,0.003085165641351919,318.33221661523413,0.0,***,2020-04-18
1,ma1,0.31900168561171455,0.015803994943744532,20.18487646618619,0.0,***,2020-04-18
6,pv_capacity,10.880676603398395,1.2563100654616155,8.660821004725793,0.0,***,2020-04-18
3,sma1,-0.761535918859429,0.018782863865263927,-40.54418561100125,0.0,***,2020-04-18
4,intercept,-1489.1075884020738,0.04120070031839386,-36142.773712447524,0.0,***,2020-04-18
2,sar1,0.9833224427521303,0.0033047294924712124,297.5500551534767,0.0,***,2020-04-18
15,cos_336_1,3.604187540881153,1.7854361592316221,2.0186594307758647,0.043522629367985566,*,2020-04-19
14,sin_336_1,8.107640994099691,2.317507204026093,3.49843184090849,0.0004680026924288594,***,2020-04-19
13,lag_48*7,0.2598023009014301,0.017763865170596766,14.625324973275632,0.0,***,2020-04-19
12,solar_16,0.36025459785681135,0.06353283282398338,5.670368876119384,1.4249039059777147e-08,***,2020-04-19
11,solar_4,0.026961161281032986,0.06244831094647988,0.43173563659935543,0.6659335635695292,,2020-04-19
9,temp_1,3.0714547285393863,0.7548063689249724,4.069195564570929,4.717573754131621e-05,***,2020-04-19
8,solar_power,-0.6779552650814722,0.06647414553261083,-10.198781190032468,0.0,***,2020-04-19
10,temp_9,7.165549135040774,0.05394996144670181,132.818429205362,0.0,***,2020-04-19
6,pv_capacity,9.370052459420094,0.5742785630852658,16.316214920299714,0.0,***,2020-04-19
5,rainfall,-0.0023209563744994166,0.7319373407611908,-0.003170976865431812,0.9974699307564237,,2020-04-19
4,intercept,-514.556040735776,0.044041881148397403,-11683.334755888367,0.0,***,2020-04-19
3,sma1,-0.7679420894971697,0.015464657260884735,-49.65787967636055,0.0,***,2020-04-19
2,sar1,0.9852613520682658,0.002411930944312573,408.4948428525909,0.0,***,2020-04-19
1,ma1,0.3185348486336012,0.01587232919224143,20.06856364781702,0.0,***,2020-04-19
0,ar1,0.9819045849718573,0.0028622648997716055,343.0516109987613,0.0,***,2020-04-19
7,temperature,-2.539083493270004,1.1988310287457915,-2.1179661123105693,0.03417793774882738,*,2020-04-19
9,temp_1,2.7254836563653124,0.4506547677022343,6.047830516166089,1.4680927584720393e-09,***,2020-04-20
14,sin_336_1,7.0445986485621,0.4077787986349754,17.275539268210206,0.0,***,2020-04-20
13,lag_48*7,0.24994736634450365,0.016637232890967316,15.023373657298807,0.0,***,2020-04-20
15,cos_336_1,3.332550967704538,0.24464533403261274,13.621968229568967,0.0,***,2020-04-20
12,solar_16,0.39053812685874456,0.06408657203211326,6.093915066373796,1.1018213008640032e-09,***,2020-04-20
11,solar_4,0.03901996615179559,0.06796333297534324,0.5741326159791463,0.5658780636465024,,2020-04-20
10,temp_9,6.268979758144813,0.08320053684806195,75.34782821886131,0.0,***,2020-04-20
8,solar_power,-0.7283568411608599,0.06467810904301108,-11.261257509499869,0.0,***,2020-04-20
2,sar1,0.9864905787246573,0.0022641597062546146,435.69831933654336,0.0,***,2020-04-20
6,pv_capacity,7.498090608078664,1.0448326001608566,7.176355912826898,7.158718062783009e-13,***,2020-04-20
5,rainfall,-0.03696329268290022,1.1106831135980268,-0.033279782712423406,0.9734514758868058,,2020-04-20
4,intercept,739.7201580469323,0.030726881636023013,24074.039364271604,0.0,***,2020-04-20
3,sma1,-0.7646130028319935,0.015521904119695748,-49.26025808017818,0.0,***,2020-04-20
1,ma1,0.31446527000576935,0.017343046216102984,18.1320666558444,0.0,***,2020-04-20
7,temperature,-2.1904627060909654,1.4622217560787003,-1.4980372826384547,0.13412356421591354,,2020-04-20
0,ar1,0.9815963390708933,0.0029009792869798437,338.3672346357272,0.0,***,2020-04-20
8,solar_power,-0.7480991357517031,0.06397914502918377,-11.69285921858539,0.0,***,2020-04-21
15,cos_336_1,3.282359689727253,0.8277662592855322,3.9653219165520808,7.329695839852768e-05,***,2020-04-21
14,sin_336_1,6.7911422403206645,0.676410529645463,10.039971204883823,0.0,***,2020-04-21
13,lag_48*7,0.2515910686115146,0.016890576469417114,14.89535120764276,0.0,***,2020-04-21
12,solar_16,0.38461161459283477,0.061291678310296784,6.275103328802491,3.4940206283806674e-10,***,2020-04-21
11,solar_4,0.03765365598246628,0.06333683645170904,0.5944985271118678,0.5521787271263341,,2020-04-21
10,temp_9,6.494922395585632,0.6715274835299456,9.671863854989937,0.0,***,2020-04-21
9,temp_1,2.497909433326851,0.4177648910152515,5.979222972175656,2.2420449941051857e-09,***,2020-04-21
7,temperature,-2.239977785782229,0.16649732088676525,-13.453536512492215,0.0,***,2020-04-21
5,rainfall,-0.04294491136873946,0.6263929278861028,-0.06855906166384455,0.9453406062130785,,2020-04-21
4,intercept,-86.85564825393303,0.04378617272986511,-1983.631882827056,0.0,***,2020-04-21
3,sma1,-0.7636695305603495,0.017116576971812916,-44.61578572736467,0.0,***,2020-04-21
2,sar1,0.9867085596984577,0.0025110380938337174,392.9484630764818,0.0,***,2020-04-21
1,ma1,0.3140678920397652,0.015728629163126954,19.967912574100417,0.0,***,2020-04-21
0,ar1,0.9820444333965505,0.0016641093562604504,590.1321506919346,0.0,***,2020-04-21
6,pv_capacity,8.944503508081553,1.1679186967660937,7.658498432166913,1.887379141862766e-14,***,2020-04-21
14,sin_336_1,6.43779619142218,0.6278237036979343,10.254146432355167,0.0,***,2020-04-22
13,lag_48*7,0.25253057677159163,0.017779305039783994,14.203624731479364,0.0,***,2020-04-22
12,solar_16,0.3780769529534088,0.06405180645777649,5.902674317275352,3.576558826878795e-09,***,2020-04-22
11,solar_4,0.024569299515550203,0.06106356424951144,0.40235613196697373,0.6874219497866332,,2020-04-22
10,temp_9,6.435619618217764,0.4098787237489828,15.701277586096552,0.0,***,2020-04-22
9,temp_1,2.9394498932049102,1.2866717462499944,2.2845375300825084,0.02233995954846968,*,2020-04-22
8,solar_power,-0.7609669796263283,0.05745587019609119,-13.24437306456631,0.0,***,2020-04-22
15,cos_336_1,2.3293373116921545,1.2620946573376917,1.8456122115323295,0.06494853212658414,.,2020-04-22
6,pv_capacity,9.016506410070633,1.4713256664113996,6.128151377976107,8.890597147370727e-10,***,2020-04-22
5,rainfall,-0.048088628043265746,0.8431138783117063,-0.057036930929853555,0.9545157763846555,,2020-04-22
4,intercept,-169.07028802670843,0.07613151839548751,-2220.7660058534916,0.0,***,2020-04-22
3,sma1,-0.7619514291028552,0.014987081414003033,-50.840547806121435,0.0,***,2020-04-22
2,sar1,0.9866892271797693,0.0009268991434342051,1064.505490342821,0.0,***,2020-04-22
1,ma1,0.3156634122113047,0.014975456722671273,21.07871686700702,0.0,***,2020-04-22
0,ar1,0.9818102362053892,0.0025054858619395467,391.86420930164434,0.0,***,2020-04-22
7,temperature,-2.3761985185909484,0.9092771942427744,-2.613282873073478,0.008967704479214245,**,2020-04-22
15,cos_336_1,3.7094998064170017,1.592340285899484,2.3295898742658343,0.019827837841442264,*,2020-04-23
14,sin_336_1,6.123851656621468,2.2146824228260926,2.765115031168666,0.005690272582086875,**,2020-04-23
13,lag_48*7,0.25439534175746126,0.016125090642712,15.776366619832888,0.0,***,2020-04-23
12,solar_16,0.3278034962974048,0.06314394376461138,5.191368748195297,2.087537214201518e-07,***,2020-04-23
11,solar_4,0.004032909327825962,0.06424762746841264,0.0627713347050635,0.9499485924310185,,2020-04-23
10,temp_9,6.37248552530104,0.7176569098863321,8.879571056189457,0.0,***,2020-04-23
9,temp_1,1.3544597287106295,0.3289345051800163,4.1177185955890305,3.826415235130831e-05,***,2020-04-23
8,solar_power,-0.7817920862566154,0.06392895557019582,-12.229076469084271,0.0,***,2020-04-23
7,temperature,-3.5724145354958345,0.3940871750686509,-9.065036269890062,0.0,***,2020-04-23
5,rainfall,0.052269860598789464,0.9695265072791094,0.05391277103447147,0.9570046616507764,,2020-04-23
4,intercept,-1614.9492758030926,0.10250191273228679,-15755.308684053505,0.0,***,2020-04-23
3,sma1,-0.757406404728623,0.017071615615572973,-44.36641626570516,0.0,***,2020-04-23
2,sar1,0.9860324126300674,0.0024212406125957765,407.24263730772157,0.0,***,2020-04-23
1,ma1,0.3060827513617372,0.015918200731849762,19.228476667549163,0.0,***,2020-04-23
0,ar1,0.9815262538712423,0.002020789029325298,485.71436187920847,0.0,***,2020-04-23
6,pv_capacity,11.49148424300202,0.7864677062820323,14.611514435000972,0.0,***,2020-04-23
10,temp_9,6.030332083167085,0.16264661682708284,37.07628354531475,0.0,***,2020-04-24
15,cos_336_1,4.219878032998093,1.6923952567140366,2.4934352753927174,0.012651364764881823,*,2020-04-24
14,sin_336_1,6.073158140360477,0.669389975196568,9.07267566798723,0.0,***,2020-04-24
13,lag_48*7,0.24703767928451345,0.018818363824767134,13.1274791785768,0.0,***,2020-04-24
12,solar_16,0.3352640993674703,0.06281398504551292,5.337411710537855,9.428278713308202e-08,***,2020-04-24
11,solar_4,-0.012567485870274453,0.0659689073990475,-0.19050620005351052,0.8489124852147769,,2020-04-24
9,temp_1,1.3447439965270336,0.379489356158546,3.5435618277663,0.0003947607364132022,***,2020-04-24
8,solar_power,-0.7906919651310318,0.060229948342464534,-13.127887153998474,0.0,***,2020-04-24
7,temperature,-3.362243046034237,0.7454007567634688,-4.510651505953792,6.46288222871938e-06,***,2020-04-24
6,pv_capacity,14.569820797402322,0.8684429078872303,16.776947183376908,0.0,***,2020-04-24
5,rainfall,0.05709018000974453,1.128110627149813,0.05060689850425721,0.9596387656597387,,2020-04-24
4,intercept,-3505.9476488060636,0.03135191523007662,-111825.62925032174,0.0,***,2020-04-24
3,sma1,-0.75974466930056,0.016178773170585376,-46.95934984006399,0.0,***,2020-04-24
2,sar1,0.9864589049227442,0.0024562649407935577,401.60932501200136,0.0,***,2020-04-24
1,ma1,0.30630180859856787,0.015537381817696634,19.713862489348035,0.0,***,2020-04-24
0,ar1,0.9816663609540077,0.0029469596811848467,333.11156824491115,0.0,***,2020-04-24
15,cos_336_1,3.6232277536032935,0.12280813863511723,29.503156662674343,0.0,***,2020-04-25
14,sin_336_1,5.769989599902387,0.4867385486519307,11.854392087667863,0.0,***,2020-04-25
13,lag_48*7,0.2453713442995313,0.019102346755235946,12.84508900626438,0.0,***,2020-04-25
12,solar_16,0.3323986323441704,0.0656872188903892,5.060324336441106,4.1854390664397556e-07,***,2020-04-25
11,solar_4,0.007834341003752243,0.06774596423153725,0.115642918255272,0.90793554722178,,2020-04-25
10,temp_9,5.759305440554397,0.9297308851811752,6.194594083461141,5.84354342691995e-10,***,2020-04-25
9,temp_1,1.8720020403140123,1.3907391989597901,1.3460482322740202,0.1782869621352936,,2020-04-25
8,solar_power,-0.7957803230713125,0.07057006239215514,-11.276457694612647,0.0,***,2020-04-25
7,temperature,-2.8850641019365355,1.1821323986374241,-2.440559200696963,0.01466454215399482,*,2020-04-25
6,pv_capacity,16.590436676866275,0.8396290270704274,19.759246217049476,0.0,***,2020-04-25
5,rainfall,-0.02176629187607304,0.968705824499397,-0.0224694549424448,0.9820734772708517,,2020-04-25
4,intercept,-4777.597686444172,0.023356706979585737,-204549.28387892587,0.0,***,2020-04-25
3,sma1,-0.7421433987461867,0.018761679802243643,-39.55634072048476,0.0,***,2020-04-25
2,sar1,0.9845387813404227,0.003346549574380049,294.19518804612636,0.0,***,2020-04-25
1,ma1,0.30678440843989757,0.01628283861407166,18.840965983337448,0.0,***,2020-04-25
0,ar1,0.981922836173581,0.003326273458762053,295.20207774469196,0.0,***,2020-04-25
14,sin_336_1,6.0432071076138625,0.06285986692115628,96.1377648984482,0.0,***,2020-04-26
13,lag_48*7,0.23991643738091786,0.017378201830019504,13.80559621344026,0.0,***,2020-04-26
11,solar_4,0.027975816166163625,0.06070565311860095,0.46084367318323927,0.6449107658369357,,2020-04-26
10,temp_9,5.756605631117391,0.05824275891411791,98.83813436114549,0.0,***,2020-04-26
9,temp_1,1.4968442259303294,0.07663795096431131,19.53137064725776,0.0,***,2020-04-26
8,solar_power,-0.7985342911023281,0.06502786739222398,-12.279878198770774,0.0,***,2020-04-26
7,temperature,-2.634702926319335,0.08372893064314431,-31.467055724723547,0.0,***,2020-04-26
15,cos_336_1,3.529412708449679,0.20455295584159455,17.25427380860167,0.0,***,2020-04-26
5,rainfall,-0.011622521034453825,0.1901487842226236,-0.061123299220500596,0.9512610137453921,,2020-04-26
6,pv_capacity,18.22372732189679,0.13185081135596077,138.21475298091082,0.0,***,2020-04-26
0,ar1,0.9817561293404384,0.002376200282288946,413.1621970832915,0.0,***,2020-04-26
1,ma1,0.31110013776759715,0.015699882338980238,19.815443902734636,0.0,***,2020-04-26
12,solar_16,0.3204725358561104,0.05121086575870363,6.2579011525819395,3.9019298903042454e-10,***,2020-04-26
2,sar1,0.9845459762407555,0.0019402899695128107,507.42208211691474,0.0,***,2020-04-26
3,sma1,-0.7387574739864448,0.015925325688268297,-46.38884556883285,0.0,***,2020-04-26
4,intercept,-5326.020478533692,0.06737955937983989,-79045.04760129449,0.0,***,2020-04-26
14,sin_336_1,6.059562198864735,0.175665999639593,34.49479245441292,0.0,***,2020-04-27
13,lag_48*7,0.2337739299161928,0.01657429911781713,14.104604258341713,0.0,***,2020-04-27
11,solar_4,0.025651662915063156,0.045437112201905765,0.5645531080645405,0.5723777676676329,,2020-04-27
10,temp_9,5.557380066795814,0.05382479455311419,103.24944317830705,0.0,***,2020-04-27
9,temp_1,0.5163669948769694,0.024535508165014545,21.045702065925123,0.0,***,2020-04-27
8,solar_power,-0.7512080046082588,0.05890415923463798,-12.753055376207096,0.0,***,2020-04-27
7,temperature,-3.796143526259982,0.06809259493844595,-55.749726232222514,0.0,***,2020-04-27
15,cos_336_1,2.548571831055753,0.03591849968792899,70.95429522943697,0.0,***,2020-04-27
5,rainfall,0.08083991344024355,0.04540978875909365,1.780230995328177,0.07503816480026493,.,2020-04-27
6,pv_capacity,18.104641620100097,0.07315236762702987,247.49221668951716,0.0,***,2020-04-27
0,ar1,0.9821474435262437,0.0017252443320999492,569.2802029558238,0.0,***,2020-04-27
1,ma1,0.2979793866084068,0.016710272718234193,17.832107927433924,0.0,***,2020-04-27
12,solar_16,0.2576109092365124,0.09237435740095186,2.788770785363622,0.005290849649546736,**,2020-04-27
3,sma1,-0.7273785900384407,0.01849044580686781,-39.33807749341956,0.0,***,2020-04-27
4,intercept,-5174.0281530520115,0.022933831674036637,-225606.7902909361,0.0,***,2020-04-27
2,sar1,0.9843838750478681,0.002238412991264941,439.7686570303484,0.0,***,2020-04-27
15,cos_336_1,3.5948526773139484,0.13613714357327003,26.40611212309719,0.0,***,2020-04-28
14,sin_336_1,7.765867200321358,0.1888971474609456,41.111617113894994,0.0,***,2020-04-28
13,lag_48*7,0.23903569903810806,0.016452852328513824,14.528526377389543,0.0,***,2020-04-28
12,solar_16,0.21816887493952275,0.04847617812938279,4.500537859177566,6.7781730377358684e-06,***,2020-04-28
11,solar_4,-0.08791476060030057,0.09955342526342849,-0.883091268509036,0.3771869613754988,,2020-04-28
10,temp_9,3.68940994130795,0.067537216974735,54.627805328255114,0.0,***,2020-04-28
9,temp_1,-3.52933450243502,0.10927821549350258,-32.29678016333334,0.0,***,2020-04-28
8,solar_power,-0.7867705615556133,0.07053704880536846,-11.154004525005496,0.0,***,2020-04-28
7,temperature,-5.629654058709505,0.01928430865812943,-291.9292653167676,0.0,***,2020-04-28
5,rainfall,0.166528823170907,0.18342719913628455,0.907874208160251,0.36394468577341677,,2020-04-28
3,sma1,-0.7399449647000504,0.016428058486822224,-45.04153459726222,0.0,***,2020-04-28
2,sar1,0.9869111031391413,0.0007671459507499743,1286.4711104507833,0.0,***,2020-04-28
1,ma1,0.26129853786738505,0.014896092435509076,17.541414904522586,0.0,***,2020-04-28
0,ar1,0.9816981136706069,0.001277455847943328,768.4790947969875,0.0,***,2020-04-28
6,pv_capacity,18.64002645282953,0.20583866572942916,90.55648697864898,0.0,***,2020-04-28
4,intercept,-5357.533736493679,0.03630224063516506,-147581.35152968965,0.0,***,2020-04-28
11,solar_4,-0.09068346900925661,0.06534088392084729,-1.3878518864101816,0.16518215127755198,,2020-04-29
10,temp_9,4.1688967837867485,0.08002700424223907,52.093625436329425,0.0,***,2020-04-29
15,cos_336_1,3.2904100975278068,0.9698652929787329,3.392646506013241,0.0006922090422436522,***,2020-04-29
14,sin_336_1,7.811290794937288,0.9712013350248305,8.042916039378774,8.881784197001252e-16,***,2020-04-29
9,temp_1,-3.6753550669129362,0.10420977411972805,-35.26881329471331,0.0,***,2020-04-29
13,lag_48*7,0.24119124752798488,0.016521762237043082,14.598397196832627,0.0,***,2020-04-29
8,solar_power,-0.7862259199916366,0.056762758161335226,-13.851087323081945,0.0,***,2020-04-29
12,solar_16,0.20370200891871,0.05527888052111238,3.684987955588412,0.000228713455818097,***,2020-04-29
6,pv_capacity,19.22567441002623,0.22556997271552023,85.23153227611938,0.0,***,2020-04-29
5,rainfall,0.20765972885816808,0.16181098399515706,1.2833475437265944,0.19937034288797983,,2020-04-29
4,intercept,-5753.821526904477,0.11383025444170877,-50547.3835152582,0.0,***,2020-04-29
3,sma1,-0.7441673463380385,0.01973721251224345,-37.703771283630566,0.0,***,2020-04-29
2,sar1,0.9875710479219504,0.002899758396568066,340.5701140794228,0.0,***,2020-04-29
1,ma1,0.26369247650399535,0.013576981904445288,19.422024597208814,0.0,***,2020-04-29
0,ar1,0.9816153812945112,0.0027144793225204323,361.62197779538343,0.0,***,2020-04-29
7,temperature,-5.997446370764564,0.2640526184232906,-22.71307289651767,0.0,***,2020-04-29
14,sin_336_1,7.877982817684386,0.5359093122735521,14.700216318807147,0.0,***,2020-04-30
13,lag_48*7,0.23917915221205951,0.016041663869737405,14.909871828399979,0.0,***,2020-04-30
12,solar_16,0.194691939820227,0.06216052760273722,3.132083129417547,0.00173570722409222,**,2020-04-30
11,solar_4,-0.0874541641196469,0.06120083118128186,-1.4289702023915414,0.15301279803728152,,2020-04-30
10,temp_9,3.635159420617155,0.3464954194534615,10.491219267345611,0.0,***,2020-04-30
9,temp_1,-3.7241060566230093,0.21934769570553828,-16.978095186476946,0.0,***,2020-04-30
8,solar_power,-0.7904626196525442,0.063810223990988,-12.387711094137238,0.0,***,2020-04-30
15,cos_336_1,3.5183114108675415,1.8884050427479517,1.8631126962824658,0.06244641232818493,.,2020-04-30
6,pv_capacity,19.942176719868854,0.8068351455491621,24.716544426551305,0.0,***,2020-04-30
5,rainfall,0.12908824349219117,1.1192915466621838,0.11533031217571736,0.9081833130181127,,2020-04-30
4,intercept,-6132.786184957042,0.2054367525022484,-29852.429568997988,0.0,***,2020-04-30
3,sma1,-0.7412829100806873,0.016492293023411913,-44.94723135396555,0.0,***,2020-04-30
2,sar1,0.9873946887921817,0.0016593379232882773,595.0534095161769,0.0,***,2020-04-30
1,ma1,0.2661011917421361,0.016828464360556808,15.812565308444551,0.0,***,2020-04-30
0,ar1,0.9817296546225319,0.0029455797493265425,333.28911052127785,0.0,***,2020-04-30
7,temperature,-6.383027813845189,0.660404143753338,-9.665335801147334,0.0,***,2020-04-30
15,cos_336_1,3.388381842029076,0.28155145117923136,12.034680793998408,0.0,***,2020-05-01
14,sin_336_1,8.418533312715812,0.07104909899011734,118.48895246211072,0.0,***,2020-05-01
13,lag_48*7,0.2376666099175358,0.016085614010276514,14.77510337906276,0.0,***,2020-05-01
12,solar_16,0.19286919167414013,0.058760092510884925,3.2823159976886074,0.0010295815560823485,**,2020-05-01
11,solar_4,-0.07002612004120934,0.05827084554998973,-1.201735093772321,0.22946617979331174,,2020-05-01
10,temp_9,3.481404682274686,0.3060428835238494,11.375545290218735,0.0,***,2020-05-01
9,temp_1,-3.926789890625672,0.3793785990561171,-10.350583560578828,0.0,***,2020-05-01
8,solar_power,-0.8063345236344048,0.05179603583525108,-15.567494898627624,0.0,***,2020-05-01
7,temperature,-6.695625195350445,0.9966734562428169,-6.717972825915419,1.8427037673518498e-11,***,2020-05-01
5,rainfall,0.28859676688503555,0.6429122674295982,0.44888981204054906,0.6535111457902809,,2020-05-01
4,intercept,-8583.76598124794,0.24987089321658335,-34352.80464542821,0.0,***,2020-05-01
3,sma1,-0.7329764928291873,0.017559149832035256,-41.74327913598246,0.0,***,2020-05-01
2,sar1,0.9866029624697921,0.002066238534720127,477.48744682250737,0.0,***,2020-05-01
1,ma1,0.26607375612327927,0.015535874396143587,17.126410096964083,0.0,***,2020-05-01
0,ar1,0.9818521911962342,0.002409352445726013,407.5170458925413,0.0,***,2020-05-01
6,pv_capacity,24.16883774412193,0.680066366504572,35.53893992485724,0.0,***,2020-05-01
9,temp_1,-3.0834297478621586,0.019298148806176474,-159.7785248124572,0.0,***,2020-05-02
14,sin_336_1,8.00369358488641,0.01928887271745891,414.9383793508077,0.0,***,2020-05-02
13,lag_48*7,0.21463472451407634,0.016921022600457282,12.68450078828427,0.0,***,2020-05-02
12,solar_16,0.17276257753010832,0.019629189745628845,8.801309670389232,0.0,***,2020-05-02
11,solar_4,-0.12567154792646562,0.020014176141600698,-6.279126706857024,3.4048008856757406e-10,***,2020-05-02
15,cos_336_1,4.024711481103085,0.01929281743644639,208.61190929531807,0.0,***,2020-05-02
10,temp_9,1.3755082810159145,0.019321415397439777,71.19086530266199,0.0,***,2020-05-02
8,solar_power,-0.8415523684238906,0.020992473227647468,-40.08829066008053,0.0,***,2020-05-02
4,intercept,-14756.68372218272,0.019287919808504125,-765073.884000515,0.0,***,2020-05-02
6,pv_capacity,3.3430539306491482,0.01929245326133531,173.28298715379455,0.0,***,2020-05-02
5,rainfall,-0.08764087739353954,0.019305213475988542,-4.539751787906702,5.632048887704855e-06,***,2020-05-02
3,sma1,-0.8050550124303626,0.017635218698674036,-45.65041274429409,0.0,***,2020-05-02
2,sar1,0.9997990590858917,6.415647753262855e-05,15583.758609213173,0.0,***,2020-05-02
1,ma1,0.27960342262314003,0.017421477652243493,16.049351737229557,0.0,***,2020-05-02
0,ar1,0.9816441788475515,0.0007893294662798958,1243.6431436850237,0.0,***,2020-05-02
7,temperature,-7.9293392014758695,0.01929859241967297,-410.8765566442404,0.0,***,2020-05-02
15,cos_336_1,2.9724262672392823,0.019287926197606196,154.10813152158303,0.0,***,2020-05-03
14,sin_336_1,11.489671365042527,0.019287946722115746,595.6917825715663,0.0,***,2020-05-03
12,solar_16,0.1966733596807298,0.01928797024705422,10.196685144242537,0.0,***,2020-05-03
11,solar_4,-0.11055573370676797,0.01929185721488506,-5.730694171915508,1.000204585821507e-08,***,2020-05-03
10,temp_9,2.948039455089149,0.019287918500348382,152.84383615763934,0.0,***,2020-05-03
9,temp_1,-3.6918925456044462,0.019287919536282214,-191.40957834564185,0.0,***,2020-05-03
8,solar_power,-0.8530811269140486,0.01928905983635919,-44.22616416514096,0.0,***,2020-05-03
13,lag_48*7,0.223992626036564,0.019159495255246378,11.690946084564983,0.0,***,2020-05-03
6,pv_capacity,0.8813334607775118,0.019287948638106397,45.693478208268246,0.0,***,2020-05-03
5,rainfall,1.0249781757580791,0.019288259391652424,53.140003716544236,0.0,***,2020-05-03
4,intercept,-16693.144607469636,0.019287918742124606,-865471.533277045,0.0,***,2020-05-03
3,sma1,-0.7823334269461201,0.013408862912023275,-58.34450184770165,0.0,***,2020-05-03
2,sar1,0.9997438459396135,1.0296033135671108e-05,97099.9056399646,0.0,***,2020-05-03
1,ma1,0.27791948942004124,0.019382605365296218,14.338603308595706,0.0,***,2020-05-03
0,ar1,0.9818551675250868,0.0007033649194119743,1395.9399174271234,0.0,***,2020-05-03
7,temperature,-7.848875922208208,0.019287937988348824,-406.93183102047726,0.0,***,2020-05-03
15,cos_336_1,1.0410290033250535,0.02721121453899054,38.25735164571132,0.0,***,2020-05-04
14,sin_336_1,7.930533652550575,0.02955612683848063,268.3211401781308,0.0,***,2020-05-04
13,lag_48*7,0.22147970076176726,0.022833269457430787,9.699868044507731,0.0,***,2020-05-04
12,solar_16,0.23742656059077188,0.06456989173187652,3.6770475251325285,0.0002359490941232778,***,2020-05-04
11,solar_4,-0.152890913353108,0.20055863920176692,-0.7623252429395274,0.4458659116068471,,2020-05-04
10,temp_9,3.295644947755051,0.3021219873854828,10.908325396225067,0.0,***,2020-05-04
9,temp_1,-3.637493956015277,0.4209212005195877,-8.64174565577864,0.0,***,2020-05-04
8,solar_power,-0.8135896703167873,0.09257810786042259,-8.788143213549079,0.0,***,2020-05-04
4,intercept,-16307.00781851959,0.01954530332848109,-834318.4827813489,0.0,***,2020-05-04
6,pv_capacity,-0.03420776338634823,1.677010340977421,-0.020398063476705062,0.9837258286517163,,2020-05-04
5,rainfall,-0.0238719774945082,0.16272461556452092,-0.14670169852109974,0.8833674778856535,,2020-05-04
3,sma1,-0.7367230861449814,0.0215409316946348,-34.20107804939918,0.0,***,2020-05-04
2,sar1,0.9895870651748813,1.6397319853828976e-05,60350.53740467229,0.0,***,2020-05-04
1,ma1,0.26493304269184953,0.028898958532844517,9.167563681948792,0.0,***,2020-05-04
0,ar1,0.999676085095032,5.534611324623177e-07,1806226.3571201991,0.0,***,2020-05-04
7,temperature,-7.0716269046026525,0.12428711720591291,-56.89750525701486,0.0,***,2020-05-04
10,temp_9,3.2925966711378853,0.052224095969239256,63.04746133044164,0.0,***,2020-05-05
11,solar_4,-0.18169732463415045,0.06697809453070964,-2.71278730616682,0.006671991570614377,**,2020-05-05
15,cos_336_1,0.6649419068778326,0.07010540282008636,9.48488818449975,0.0,***,2020-05-05
14,sin_336_1,8.185544452073414,0.13784151388372518,59.38373876957161,0.0,***,2020-05-05
9,temp_1,-3.6618333001280394,0.7001005327999563,-5.230439242037194,1.6910775046952153e-07,***,2020-05-05
12,solar_16,0.24029254484531287,0.06020656036178948,3.9911355739534367,6.57576741140975e-05,***,2020-05-05
8,solar_power,-0.8073713298063012,0.05946297535335075,-13.577714956384295,0.0,***,2020-05-05
13,lag_48*7,0.24824661289828626,0.018589469188458697,13.354152847592365,0.0,***,2020-05-05
6,pv_capacity,0.3217371252556802,0.298105562158029,1.0792724661914355,0.2804662833580034,,2020-05-05
5,rainfall,-0.3142751340803045,0.9505264052796129,-0.33063272344112876,0.740921925370831,,2020-05-05
4,intercept,-17800.30437113565,0.01938921633211883,-918051.7699237232,0.0,***,2020-05-05
3,sma1,-0.7149261055215286,0.015480118860537158,-46.18350233369724,0.0,***,2020-05-05
2,sar1,0.9871650489673267,0.00020478502637546708,4820.494283392526,0.0,***,2020-05-05
7,temperature,-7.468786087546164,0.8474990344409034,-8.812736987332777,0.0,***,2020-05-05
1,ma1,0.2690699416098429,0.014740623135487463,18.253634133150566,0.0,***,2020-05-05
0,ar1,0.9993523926699666,3.732804470429918e-06,267721.6019715247,0.0,***,2020-05-05
14,sin_336_1,8.381816009537108,0.24717870318906285,33.909944106818934,0.0,***,2020-05-06
13,lag_48*7,0.25071086672760434,0.01802176849453133,13.911557392587863,0.0,***,2020-05-06
12,solar_16,0.2400659689882483,0.05940817313012723,4.040958614606942,5.323315302496745e-05,***,2020-05-06
11,solar_4,-0.17057495576054293,0.05587433583446131,-3.0528319167122584,0.0022669287527814497,**,2020-05-06
10,temp_9,3.036978379379003,0.41236744358764066,7.364738479247944,1.7741363933510002e-13,***,2020-05-06
9,temp_1,-3.2985929405561247,1.0977669583604492,-3.004820754928424,0.002657374016855174,**,2020-05-06
8,solar_power,-0.8092650646162838,0.06660673773493674,-12.149897925293615,0.0,***,2020-05-06
15,cos_336_1,-0.29732493329226484,0.025339438191360322,-11.733682927257641,0.0,***,2020-05-06
6,pv_capacity,4.433601498628576,1.1197994970776657,3.9592815590638506,7.517556801928116e-05,***,2020-05-06
5,rainfall,-0.7811622929747273,1.119025027089937,-0.6980740144893512,0.4851309079656212,,2020-05-06
4,intercept,-18748.90467994561,0.020207823244634573,-927804.2693155323,0.0,***,2020-05-06
3,sma1,-0.7056785949260671,0.018150019626473782,-38.88032131363417,0.0,***,2020-05-06
2,sar1,0.9870549916638633,0.0022086531062211114,446.90358521382393,0.0,***,2020-05-06
1,ma1,0.2721125513916128,0.014250526501301538,19.094912133019086,0.0,***,2020-05-06
0,ar1,0.9995399293614079,3.748532194616421e-05,26664.83512658449,0.0,***,2020-05-06
7,temperature,-7.321575141578222,0.42307871583599077,-17.305467913012382,0.0,***,2020-05-06
15,cos_336_1,2.80675136145945,0.019288162917822337,145.51678007997336,0.0,***,2020-05-07
14,sin_336_1,11.155014439772033,0.019288418916206237,578.3270514930349,0.0,***,2020-05-07
13,lag_48*7,0.22550047445070925,0.019216493503575637,11.734735809566407,0.0,***,2020-05-07
12,solar_16,0.2066371023279508,0.01929493083864813,10.709398445422389,0.0,***,2020-05-07
11,solar_4,-0.18679049887775534,0.019288870010030528,-9.683848705529211,0.0,***,2020-05-07
10,temp_9,3.3611021329719035,0.019287921199702115,174.259428902261,0.0,***,2020-05-07
9,temp_1,-3.369596351642511,0.019288019893210093,-174.69892556615937,0.0,***,2020-05-07
8,solar_power,-0.8397366424483153,0.019297887811403843,-43.51443280502872,0.0,***,2020-05-07
7,temperature,-6.982916842827933,0.019287950840777193,-362.03518458089155,0.0,***,2020-05-07
5,rainfall,-0.15086171465941334,0.019287942561765605,-7.821555574230389,5.10702591327572e-15,***,2020-05-07
4,intercept,-18535.482502228348,0.019287918669447,-960989.250311878,0.0,***,2020-05-07
3,sma1,-0.7595349795709475,0.01773206222260961,-42.833990205746495,0.0,***,2020-05-07
2,sar1,0.9997335305917803,1.539650046436458e-05,64932.51715905687,0.0,***,2020-05-07
1,ma1,0.28393329627214253,0.018837886492363017,15.072460298943337,0.0,***,2020-05-07
0,ar1,0.9800031023290698,0.0007704697717958793,1271.9552904000266,0.0,***,2020-05-07
6,pv_capacity,0.8633938607167408,0.019287919858882153,44.763451270726065,0.0,***,2020-05-07
9,temp_1,-3.353843820697981,0.4299533749290769,-7.80048260175005,6.217248937900877e-15,***,2020-05-08
15,cos_336_1,0.525499758041374,0.05788435419722568,9.078442099412081,0.0,***,2020-05-08
14,sin_336_1,8.976636490478898,0.12848556778963513,69.86494004662084,0.0,***,2020-05-08
13,lag_48*7,0.24444206824403125,0.017490309024887036,13.975857596124436,0.0,***,2020-05-08
12,solar_16,0.24390112152548643,0.06315628146775248,3.8618664027903864,0.00011252409680095887,***,2020-05-08
11,solar_4,-0.1869884929009764,0.06496041014836153,-2.8784992655360067,0.003995722112593247,**,2020-05-08
10,temp_9,2.5326845517935666,0.31378244054007576,8.071466801757175,6.661338147750939e-16,***,2020-05-08
8,solar_power,-0.818461431702417,0.06314892409991023,-12.960813558873928,0.0,***,2020-05-08
7,temperature,-7.229412736390998,0.1058287762509574,-68.31235314719606,0.0,***,2020-05-08
6,pv_capacity,3.1411859842382626,0.11384697534020331,27.591299416182213,0.0,***,2020-05-08
5,rainfall,-0.230300171298353,0.677725213108847,-0.33981349202271055,0.7339969867493756,,2020-05-08
4,intercept,-16187.619145060838,0.02040076255503868,-793481.0819639063,0.0,***,2020-05-08
3,sma1,-0.6800866032892458,0.01429579478072805,-47.57249343044994,0.0,***,2020-05-08
2,sar1,0.9837228145263484,9.525887568285772e-05,10326.836291889742,0.0,***,2020-05-08
1,ma1,0.2742270429851698,0.0151647241135023,18.083220039658006,0.0,***,2020-05-08
0,ar1,0.9994880064832812,1.6530923695163744e-06,604617.1556497412,0.0,***,2020-05-08
15,cos_336_1,2.711903899985013,0.019375577909316325,139.9650587289607,0.0,***,2020-05-09
14,sin_336_1,10.392627803093678,0.019350326131883377,537.0776560695703,0.0,***,2020-05-09
13,lag_48*7,0.22735249316669462,0.018904041878328393,12.026660469226513,0.0,***,2020-05-09
12,solar_16,0.16964234187519395,0.04290499241556573,3.9539068142020812,7.688536372318922e-05,***,2020-05-09
11,solar_4,-0.23747845321274852,0.04225383171832746,-5.620282079879233,1.9064592793327506e-08,***,2020-05-09
10,temp_9,3.7339125834137037,0.01934178726915579,193.04899446227222,0.0,***,2020-05-09
9,temp_1,-3.632276982461204,0.019295217154059383,-188.2475306424336,0.0,***,2020-05-09
8,solar_power,-0.8062225897966755,0.02269243373692974,-35.52825576767582,0.0,***,2020-05-09
6,pv_capacity,2.139987516152715,0.020953048036032533,102.13251611281669,0.0,***,2020-05-09
5,rainfall,-0.4555654900116224,0.01929620892746405,-23.609067030945226,0.0,***,2020-05-09
4,intercept,-11484.12150243166,0.019287928409329056,-595404.6105271262,0.0,***,2020-05-09
3,sma1,-0.6821490658664741,0.020513396514038263,-33.25383319138047,0.0,***,2020-05-09
2,sar1,0.9849966736240481,0.002744228954667606,358.9338535141852,0.0,***,2020-05-09
1,ma1,0.279069862532184,0.015184355318350449,18.37877583086621,0.0,***,2020-05-09
0,ar1,0.9967611982626257,0.0024923437722429616,399.92925910280815,0.0,***,2020-05-09
7,temperature,-6.843408542948765,0.01931964147931752,-354.22026595446494,0.0,***,2020-05-09
9,temp_1,-2.7260071709968856,0.019330467334060353,-141.0212760968097,0.0,***,2020-05-10
15,cos_336_1,0.6168315394037185,0.019331846478460337,31.907533514245316,0.0,***,2020-05-10
14,sin_336_1,12.65046358717729,0.020192716577135374,626.4864630201203,0.0,***,2020-05-10
13,lag_48*7,0.2229709270855886,0.018850249859422807,11.828539608143739,0.0,***,2020-05-10
12,solar_16,0.22556025295704193,0.030579270543735614,7.376247011335252,1.6275869541004795e-13,***,2020-05-10
11,solar_4,-0.22704478241067605,0.036023153637012216,-6.302745858913292,2.924180897423412e-10,***,2020-05-10
10,temp_9,3.196223176303253,0.019294119245820012,165.65789480106488,0.0,***,2020-05-10
8,solar_power,-0.8028763391691882,0.026094604134026055,-30.76790646240453,0.0,***,2020-05-10
0,ar1,0.9967858902118305,0.002226203823826027,447.7514051245863,0.0,***,2020-05-10
6,pv_capacity,5.780921799242435,0.023867300911606625,242.2109571858284,0.0,***,2020-05-10
5,rainfall,-0.2540014673413111,0.01928815579723831,-13.168779328176061,0.0,***,2020-05-10
4,intercept,-9756.577367557917,0.019289261613970373,-505803.5689915498,0.0,***,2020-05-10
3,sma1,-0.6726127008974419,0.014731759679599154,-45.657322378730484,0.0,***,2020-05-10
2,sar1,0.9835208631126741,0.0025517896425777385,385.4239576421949,0.0,***,2020-05-10
1,ma1,0.28938371384582545,0.012389006580102127,23.35810478223509,0.0,***,2020-05-10
7,temperature,-7.371663402590016,0.01928908460075989,-382.1676121582053,0.0,***,2020-05-10
9,temp_1,-2.679074875776185,0.019337085053683808,-138.54595293646952,0.0,***,2020-05-11
14,sin_336_1,11.619513212625858,0.01944513809835749,597.5536483131146,0.0,***,2020-05-11
13,lag_48*7,0.20945255516875358,0.01811116150254913,11.564832831912701,0.0,***,2020-05-11
12,solar_16,0.25376465376822754,0.027823571263927274,9.1204918075067,0.0,***,2020-05-11
11,solar_4,-0.19659868218304766,0.02710184931281714,-7.254068898171876,4.04343225568482e-13,***,2020-05-11
10,temp_9,3.3787860941467187,0.01931611986285853,174.92053881087807,0.0,***,2020-05-11
15,cos_336_1,-0.4464724773723553,0.019294742097578914,-23.139592906420773,0.0,***,2020-05-11
8,solar_power,-0.8393155808238362,0.02122264095785928,-39.5481213902842,0.0,***,2020-05-11
5,rainfall,0.27793904517582746,0.019376084053255988,14.344438453709234,0.0,***,2020-05-11
6,pv_capacity,8.726181088657,0.021371407133595494,408.3110220168699,0.0,***,2020-05-11
4,intercept,-8993.11944937579,0.01928792988284649,-466256.3325353917,0.0,***,2020-05-11
3,sma1,-0.701994329861117,0.022128983060895984,-31.722846365299436,0.0,***,2020-05-11
2,sar1,0.9875254406125334,0.002873537167098522,343.66196892092444,0.0,***,2020-05-11
1,ma1,0.2979247702831619,0.015242525835858153,19.54563000197065,0.0,***,2020-05-11
0,ar1,0.9967467162939135,0.002069529716545411,481.6295742579361,0.0,***,2020-05-11
7,temperature,-7.046484121761395,0.019291346128231978,-365.26658507511803,0.0,***,2020-05-11
15,cos_336_1,-1.9123609529927872,0.019288548692904858,-99.14488557121119,0.0,***,2020-05-12
14,sin_336_1,11.11709041883114,0.019427551185585437,572.2332327236194,0.0,***,2020-05-12
13,lag_48*7,0.2240020589153432,0.018284348606685416,12.251027571933298,0.0,***,2020-05-12
12,solar_16,0.2514883175122434,0.027785851515177963,9.05094873104279,0.0,***,2020-05-12
11,solar_4,-0.209281109517935,0.030972922615947654,-6.75690544650695,1.4096945832875463e-11,***,2020-05-12
10,temp_9,2.8516706784741976,0.019301748143589714,147.74157538788856,0.0,***,2020-05-12
9,temp_1,-1.5100771567718252,0.01934417011438647,-78.06368264145715,0.0,***,2020-05-12
8,solar_power,-0.8287263555413347,0.03546043559800102,-23.37045051945306,0.0,***,2020-05-12
6,pv_capacity,2.7576140996836926,0.021430518274611933,128.6769673205035,0.0,***,2020-05-12
5,rainfall,-0.24092852069396997,0.019290554554750147,-12.489455396949344,0.0,***,2020-05-12
4,intercept,-10168.325348800596,0.019287968091825824,-527184.8906215216,0.0,***,2020-05-12
3,sma1,-0.7344880156248448,0.016096367385128617,-45.63066920946623,0.0,***,2020-05-12
2,sar1,0.9901349833223612,0.0012378341408657639,799.8930960409951,0.0,***,2020-05-12
1,ma1,0.3070129439631896,0.013147568085039153,23.35131044596339,0.0,***,2020-05-12
0,ar1,0.9986186178847672,0.0010096638351862486,989.0605002213991,0.0,***,2020-05-12
7,temperature,-7.2403501226790326,0.01929243933772252,-375.29469425475764,0.0,***,2020-05-12
9,temp_1,-3.4728715889011097,0.02657368506317838,-130.68837011669365,0.0,***,2020-05-13
15,cos_336_1,-2.1857498513313565,0.01928792654575063,-113.32217831433542,0.0,***,2020-05-13
14,sin_336_1,9.428227073442402,0.020301393223589828,464.41280997833115,0.0,***,2020-05-13
13,lag_48*7,0.22624138631941756,0.019970676691346508,11.328679033567761,0.0,***,2020-05-13
12,solar_16,0.2610381631176936,0.0456375797575202,5.719807327746812,1.0664491512102359e-08,***,2020-05-13
11,solar_4,-0.23463137714579574,0.07287045051072326,-3.2198425493646226,0.0012826102145064855,**,2020-05-13
10,temp_9,1.422568236043261,0.021508787585396462,66.13893183868362,0.0,***,2020-05-13
8,solar_power,-0.8518902548269125,0.06944025337580706,-12.267960057929606,0.0,***,2020-05-13
0,ar1,0.9977760606597503,0.004049641443584432,246.3862726020987,0.0,***,2020-05-13
6,pv_capacity,4.058463049468784,0.033434640213764695,121.38497748206535,0.0,***,2020-05-13
5,rainfall,0.5952005775802292,0.029151293636367922,20.417638579088035,0.0,***,2020-05-13
4,intercept,-11296.509996024883,0.019287952629344657,-585676.9877606601,0.0,***,2020-05-13
3,sma1,-0.7345599965584492,0.025261814351078084,-29.077879615052304,0.0,***,2020-05-13
2,sar1,0.991696601612843,0.003823004225489341,259.4024340859594,0.0,***,2020-05-13
1,ma1,0.3047919564649177,0.016969131806415898,17.961552773706327,0.0,***,2020-05-13
7,temperature,-7.275866515553702,0.02163868145945558,-336.24352431946926,0.0,***,2020-05-13
9,temp_1,-2.8955488196141506,0.6837320640041091,-4.2349174070572015,2.2863572426645717e-05,***,2020-05-14
14,sin_336_1,8.588218365893495,0.2183569289079301,39.331100729643914,0.0,***,2020-05-14
13,lag_48*7,0.23146869665780634,0.019092955288287163,12.123251385803224,0.0,***,2020-05-14
12,solar_16,0.2658617377242375,0.06685247542935255,3.976842084257467,6.983650824721188e-05,***,2020-05-14
11,solar_4,-0.2079584474014311,0.0763867835593769,-2.7224401619133634,0.00648017677180035,**,2020-05-14
10,temp_9,2.722619522750659,0.13317683476514447,20.4436419258046,0.0,***,2020-05-14
15,cos_336_1,-1.8094985381116804,0.10766263812723027,-16.807116838185838,0.0,***,2020-05-14
8,solar_power,-0.8600170186848572,0.08365334930542913,-10.280724272555121,0.0,***,2020-05-14
5,rainfall,-0.2504438027683591,0.5925397906123152,-0.4226615777305976,0.6725421923529391,,2020-05-14
6,pv_capacity,2.3729043592049095,0.6886697336446526,3.4456347408310917,0.0005697198604603937,***,2020-05-14
4,intercept,-12502.830846254463,0.01973236392725652,-633620.527796174,0.0,***,2020-05-14
3,sma1,-0.7152387885948404,0.01443574342108221,-49.54637719248274,0.0,***,2020-05-14
2,sar1,0.9895742678288197,0.0012576206238256143,786.862308935892,0.0,***,2020-05-14
1,ma1,0.2978433361800562,0.01402271737115748,21.240058420679077,0.0,***,2020-05-14
0,ar1,0.9993038413790649,4.165775743571955e-05,23988.421434376334,0.0,***,2020-05-14
7,temperature,-6.607912546681632,0.18691153013475,-35.353156340423695,0.0,***,2020-05-14
15,cos_336_1,-1.0915597198001368,0.019288168532261684,-56.592191113136394,0.0,***,2020-05-15
14,sin_336_1,12.36498504979299,0.019311495499073933,640.2914290291989,0.0,***,2020-05-15
12,solar_16,0.21808082384520838,0.020544424119000624,10.615085756700044,0.0,***,2020-05-15
11,solar_4,-0.23263715869207857,0.022335120891553786,-10.415755518925902,0.0,***,2020-05-15
10,temp_9,1.96396958921268,0.0192929191903554,101.79742991897646,0.0,***,2020-05-15
9,temp_1,-1.0610040712211166,0.01938119862246389,-54.74398626673965,0.0,***,2020-05-15
8,solar_power,-0.8858363814488257,0.020212478321538593,-43.82621306289149,0.0,***,2020-05-15
13,lag_48*7,0.2065481350729026,0.01879497805433624,10.989538507348739,0.0,***,2020-05-15
6,pv_capacity,2.9332548548008788,0.019336400581672214,151.69601200655364,0.0,***,2020-05-15
5,rainfall,-0.24323994135841076,0.019289687239162568,-12.60984371299587,0.0,***,2020-05-15
4,intercept,-14304.189113508597,0.019287921733489123,-741613.8094687827,0.0,***,2020-05-15
3,sma1,-0.7703028001228568,0.015461472712191763,-49.82079097261243,0.0,***,2020-05-15
2,sar1,0.9974349723675802,0.000687758420747455,1450.2693711602528,0.0,***,2020-05-15
1,ma1,0.3105430190485066,0.014583286417819988,21.294446954634303,0.0,***,2020-05-15
0,ar1,0.994050686393192,0.001057776744295166,939.7547183319513,0.0,***,2020-05-15
7,temperature,-5.394436859287879,0.019392227645230273,-278.17520286869666,0.0,***,2020-05-15
15,cos_336_1,-0.26737092835444,0.02174352632605352,-12.2965762013529,0.0,***,2020-05-16
14,sin_336_1,12.748640467088892,0.0259042709042299,492.1443461667617,0.0,***,2020-05-16
13,lag_48*7,0.2177247384277913,0.017639059666509204,12.343330230986137,0.0,***,2020-05-16
12,solar_16,0.22328552282260833,0.05482228849532394,4.072896789809375,4.643200348741772e-05,***,2020-05-16
11,solar_4,-0.26649817679301435,0.035048509072769386,-7.603695102684629,2.886579864025407e-14,***,2020-05-16
10,temp_9,-0.37219462748285403,0.03976274983240489,-9.36038450689675,0.0,***,2020-05-16
9,temp_1,-4.678267569740637,0.020943780952650395,-223.3726365032772,0.0,***,2020-05-16
8,solar_power,-0.8737677576375518,0.043168155488901114,-20.24102600033964,0.0,***,2020-05-16
5,rainfall,-0.5438293393212632,0.024918583826496095,-21.82424744150211,0.0,***,2020-05-16
6,pv_capacity,2.7507661847292297,0.020692482789731802,132.93553087279784,0.0,***,2020-05-16
4,intercept,-15464.399781587941,0.019288441902223286,-801744.3741687313,0.0,***,2020-05-16
3,sma1,-0.7250475626449756,0.01821680694875411,-39.80102356492082,0.0,***,2020-05-16
2,sar1,0.9910344753346744,0.0017969082348845671,551.5220288354559,0.0,***,2020-05-16
1,ma1,0.2839834668618084,0.012275277699562019,23.13458593869049,0.0,***,2020-05-16
0,ar1,0.996247262523433,0.0023284800160517072,427.8530438980198,0.0,***,2020-05-16
7,temperature,-8.44431074740487,0.02097651796197195,-402.56017527377276,0.0,***,2020-05-16
11,solar_4,-0.24073337696156116,0.021336650077559274,-11.28262290877383,0.0,***,2020-05-17
10,temp_9,0.24927627720757473,0.019294404081958285,12.919615249515104,0.0,***,2020-05-17
12,solar_16,0.19214211981011148,0.02171527581458965,8.848246803341024,0.0,***,2020-05-17
9,temp_1,-6.044717395815846,0.019289320420314334,-313.3711952573466,0.0,***,2020-05-17
14,sin_336_1,16.924167509483695,0.019399654629721298,872.3952994273916,0.0,***,2020-05-17
15,cos_336_1,-0.0399985638546065,0.019291797474164877,-2.0733456230904164,0.03814012563322344,*,2020-05-17
13,lag_48*7,0.211331487070716,0.01899937276462033,11.123077045166818,0.0,***,2020-05-17
8,solar_power,-0.8874970864819716,0.019900330114424738,-44.59710373541341,0.0,***,2020-05-17
0,ar1,0.9797739090781685,0.00119090610497512,822.7129787857101,0.0,***,2020-05-17
6,pv_capacity,6.281448428979672,0.019311168868954048,325.2754129802136,0.0,***,2020-05-17
5,rainfall,-0.03750790305602436,0.019290242427928362,-1.9443977024218482,0.05184751072117644,.,2020-05-17
4,intercept,-16866.543707445962,0.019287921012600472,-874461.467175614,0.0,***,2020-05-17
3,sma1,-0.8092494881500116,0.013699210266273668,-59.07271093884277,0.0,***,2020-05-17
2,sar1,0.9998364038143457,5.583337717961756e-05,17907.50361737646,0.0,***,2020-05-17
1,ma1,0.28750944829032943,0.019261671574601787,14.92650558269491,0.0,***,2020-05-17
7,temperature,-10.541960194950263,0.019305531887990487,-546.0590392491681,0.0,***,2020-05-17
15,cos_336_1,-1.466423791238276,0.01928791874526149,-76.02809875993158,0.0,***,2020-05-18
14,sin_336_1,12.12798800643906,0.019287918745261496,628.7867637050559,0.0,***,2020-05-18
13,lag_48*7,0.21539855691604196,0.019287918745261486,11.167537553472922,0.0,***,2020-05-18
12,solar_16,0.17534462529938455,0.019287918745261493,9.090904395398383,0.0,***,2020-05-18
11,solar_4,-0.2342383399462058,0.019287918745261482,-12.144303542534976,0.0,***,2020-05-18
10,temp_9,1.1474649853657386,0.019287918745261486,59.491384245261784,0.0,***,2020-05-18
9,temp_1,-6.235867501183179,0.0192879187452615,-323.30432243837384,0.0,***,2020-05-18
8,solar_power,-0.8655328178440413,0.01928791874526149,-44.874350067276126,0.0,***,2020-05-18
6,pv_capacity,4.523829086965719,0.019287918745261496,234.54210621231996,0.0,***,2020-05-18
5,rainfall,-0.7316160670510783,0.019287918745261496,-37.931312170776124,0.0,***,2020-05-18
4,intercept,-17835.773354451656,0.019287918745261482,-924712.178126187,0.0,***,2020-05-18
3,sma1,-0.7177480946508361,0.01928791874526149,-37.212314305666965,0.0,***,2020-05-18
2,sar1,0.9996390623023335,1.3907054545039552e-05,71879.99867728213,0.0,***,2020-05-18
1,ma1,0.27729207784853266,0.01928791874526149,14.37646443407253,0.0,***,2020-05-18
0,ar1,0.9801456101180381,0.0007575537162916552,1293.8298486818933,0.0,***,2020-05-18
7,temperature,-10.67651942419198,0.019287918745261493,-553.534031597624,0.0,***,2020-05-18
9,temp_1,-8.635370117070302,0.019293669504497603,-447.5753103916954,0.0,***,2020-05-19
15,cos_336_1,-0.9198629950040622,0.019288598360529468,-47.68946803757348,0.0,***,2020-05-19
14,sin_336_1,14.358180571296042,0.019291649263526583,744.2692107430173,0.0,***,2020-05-19
13,lag_48*7,0.21902947740042816,0.01891424416216021,11.580133761761308,0.0,***,2020-05-19
12,solar_16,0.20187522965371088,0.019290447161440665,10.465036293053679,0.0,***,2020-05-19
11,solar_4,-0.23183530537542651,0.01976482553169307,-11.72969146647293,0.0,***,2020-05-19
10,temp_9,-2.4511193097232367,0.01930617065346648,-126.96040834400948,0.0,***,2020-05-19
8,solar_power,-0.8555430658830119,0.020179518120664448,-42.396605348415605,0.0,***,2020-05-19
0,ar1,0.9806147552389118,0.0008569037242486169,1144.3698136552878,0.0,***,2020-05-19
6,pv_capacity,4.470735052718169,0.01928802189049085,231.7881573393629,0.0,***,2020-05-19
5,rainfall,-0.9026647409830275,0.019291224119454498,-46.79147032835117,0.0,***,2020-05-19
4,intercept,-18973.943515051044,0.01928791884543406,-983721.658469268,0.0,***,2020-05-19
3,sma1,-0.7920702649997691,0.015697497813283515,-50.45837715164416,0.0,***,2020-05-19
2,sar1,0.9997927222896837,1.9247315552543497e-05,51944.52803355027,0.0,***,2020-05-19
1,ma1,0.29799175568775893,0.019454775179998038,15.317152366485942,0.0,***,2020-05-19
7,temperature,-10.77914968217334,0.019289119701782785,-558.8201975426117,0.0,***,2020-05-19
9,temp_1,-5.812757478629852,0.0193052193024765,-301.097718060327,0.0,***,2020-05-20
15,cos_336_1,-2.999799878695057,0.019288771797205933,-155.52052303970913,0.0,***,2020-05-20
14,sin_336_1,13.568642208037396,0.019338352924384374,701.6441504140843,0.0,***,2020-05-20
13,lag_48*7,0.17427443371343065,0.016832481029991728,10.353460871449222,0.0,***,2020-05-20
12,solar_16,0.18412611820180677,0.0202163371738616,9.107788251566648,0.0,***,2020-05-20
11,solar_4,-0.33358469040914684,0.04780458581726673,-6.9780897523989855,2.992273095969722e-12,***,2020-05-20
10,temp_9,0.3338751136388973,0.019294968243626556,17.303739991859366,0.0,***,2020-05-20
8,solar_power,-0.9199688472133403,0.019288752899783237,-47.69457372351318,0.0,***,2020-05-20
7,temperature,-9.619674130127493,0.01928822751112865,-498.732925281873,0.0,***,2020-05-20
6,pv_capacity,1.8150927326199167,0.01928904824754324,94.09965226517058,0.0,***,2020-05-20
5,rainfall,0.005238445705771255,0.019288350446453165,0.27158598763091873,0.7859403748744271,,2020-05-20
4,intercept,-19407.814887822984,0.019287924524796576,-1006215.824977554,0.0,***,2020-05-20
3,sma1,-0.787844098552836,0.018637717718935527,-42.27149002006845,0.0,***,2020-05-20
2,sar1,0.9997520936900417,0.00010567252860375619,9460.851433193631,0.0,***,2020-05-20
1,ma1,0.32848576484160075,0.016128816431296936,20.366389948130053,0.0,***,2020-05-20
0,ar1,0.9819346555632693,0.0009349861916999427,1050.213002373829,0.0,***,2020-05-20
14,sin_336_1,11.22930532129843,0.01931239156149896,581.4559675604905,0.0,***,2020-05-21
13,lag_48*7,0.23451349249333348,0.01800062510725613,13.02807491939822,0.0,***,2020-05-21
12,solar_16,0.12068833196662693,0.07199528154256735,1.6763366901380852,0.09367226208631019,.,2020-05-21
11,solar_4,-0.35060286465868273,0.03527240562949966,-9.939862575334532,0.0,***,2020-05-21
10,temp_9,-0.3687621978097204,0.01929337889243265,-19.113406721844783,0.0,***,2020-05-21
9,temp_1,-5.631044211009929,0.019291885967067143,-291.88666264265663,0.0,***,2020-05-21
8,solar_power,-0.9007216691354643,0.032696535285124013,-27.547924001148427,0.0,***,2020-05-21
15,cos_336_1,-2.1229494986118014,0.019290042843548308,-110.05416192332807,0.0,***,2020-05-21
6,pv_capacity,0.537815664587896,0.019299707144624357,27.86651945326002,0.0,***,2020-05-21
5,rainfall,-0.010790039418850483,0.01928927213665807,-0.559380330289637,0.5759021825062842,,2020-05-21
4,intercept,-19329.056270487366,0.019287912880239372,-1002133.1177978384,0.0,***,2020-05-21
3,sma1,-0.7354418762720834,0.015668902674869093,-46.93639953815258,0.0,***,2020-05-21
2,sar1,0.9919742233114333,0.0014914802590232348,665.093766618858,0.0,***,2020-05-21
1,ma1,0.28309210327754447,0.016323784395255683,17.342308402445077,0.0,***,2020-05-21
0,ar1,0.9961736506243768,0.0004525744078803328,2201.12678330627,0.0,***,2020-05-21
7,temperature,-8.443618393134415,0.01930085476695564,-437.4738059575712,0.0,***,2020-05-21
15,cos_336_1,-1.7075308902747308,0.019808211560204143,-86.20318321444327,0.0,***,2020-05-22
14,sin_336_1,12.95463525253868,0.029278858722206473,442.4569746877897,0.0,***,2020-05-22
13,lag_48*7,0.23009330221790758,0.018146601616244012,12.679691056420092,0.0,***,2020-05-22
12,solar_16,0.1432810272356261,0.05850058985088135,2.4492236334855946,0.01431645289571537,*,2020-05-22
11,solar_4,-0.40003752282168037,0.037183662464721955,-10.758421745066572,0.0,***,2020-05-22
10,temp_9,-2.1320025962279585,0.029019294833295187,-73.46844947389323,0.0,***,2020-05-22
9,temp_1,-7.793158619203719,0.042961453536217734,-181.3988582261041,0.0,***,2020-05-22
8,solar_power,-0.9688264032918141,0.03375891045307038,-28.69839074453006,0.0,***,2020-05-22
7,temperature,-9.99023674913795,0.01958548401010299,-510.0837305825364,0.0,***,2020-05-22
5,rainfall,-0.08743904053702067,0.019482496624674522,-4.488081903542044,7.186730075714465e-06,***,2020-05-22
4,intercept,-18306.94919059619,0.01928784953743329,-949144.1311311872,0.0,***,2020-05-22
3,sma1,-0.7371375251922248,0.019398670962058728,-37.999382877000684,0.0,***,2020-05-22
2,sar1,0.9910995053501365,0.0018103697757633748,547.4569442213658,0.0,***,2020-05-22
1,ma1,0.29603753924574516,0.011961832703113937,24.748510248657787,0.0,***,2020-05-22
0,ar1,0.9963634088495921,0.0014703735230714053,677.6260543432038,0.0,***,2020-05-22
6,pv_capacity,6.2295295308390735,0.02394141474117422,260.19888958882564,0.0,***,2020-05-22
10,temp_9,-2.485101855045725,0.026272903375852554,-94.58801790934854,0.0,***,2020-05-23
15,cos_336_1,-1.4288831436738656,0.02008655146794373,-71.13630958276886,0.0,***,2020-05-23
14,sin_336_1,9.480513440274322,0.02234879089501596,424.2069955734646,0.0,***,2020-05-23
13,lag_48*7,0.24289588570095547,0.017426691554109634,13.938152571689647,0.0,***,2020-05-23
12,solar_16,0.1448048012830343,0.059697955083256676,2.4256241454348797,0.015282087967876778,*,2020-05-23
11,solar_4,-0.4407218364429717,0.026429365355406804,-16.675460440173254,0.0,***,2020-05-23
9,temp_1,-5.840519262803163,0.02077926652699185,-281.0743707058401,0.0,***,2020-05-23
8,solar_power,-0.9958624473315467,0.03286670577050864,-30.30003841228092,0.0,***,2020-05-23
7,temperature,-9.835419293341147,0.019608740839434376,-501.58342006140026,0.0,***,2020-05-23
6,pv_capacity,1.2042522842415337,0.01929894012735556,62.39991814548142,0.0,***,2020-05-23
5,rainfall,0.21864357806757084,0.02060018216217569,10.613672070775454,0.0,***,2020-05-23
4,intercept,-13743.128031391814,0.019288162287175,-712516.1965549116,0.0,***,2020-05-23
3,sma1,-0.7465487524833915,0.0169094712765082,-44.14973953210165,0.0,***,2020-05-23
2,sar1,0.9915942497362715,0.002014697670785734,492.1801737873399,0.0,***,2020-05-23
1,ma1,0.2863953231497546,0.014906241887022357,19.213113896876685,0.0,***,2020-05-23
0,ar1,0.996415592427118,0.0006848366712355715,1454.9682198375865,0.0,***,2020-05-23
14,sin_336_1,12.09955801440731,0.019760170359318957,612.3205313713867,0.0,***,2020-05-24
13,lag_48*7,0.2491440030878727,0.016525540580214153,15.076299736068549,0.0,***,2020-05-24
12,solar_16,0.15298264453582663,0.07199225432651725,2.1249875554942554,0.03358765130470909,*,2020-05-24
11,solar_4,-0.4371392774705569,0.05299706414193714,-8.248367802031584,2.220446049250313e-16,***,2020-05-24
10,temp_9,-1.4178105869237356,0.019339563634326134,-73.31140524842239,0.0,***,2020-05-24
9,temp_1,-4.744190166508405,0.01931229188263833,-245.65650702356112,0.0,***,2020-05-24
8,solar_power,-0.974662752704262,0.048694244244466584,-20.01597453306853,0.0,***,2020-05-24
15,cos_336_1,-1.9801455617990937,0.019296897914644697,-102.61470888003882,0.0,***,2020-05-24
6,pv_capacity,2.5491400399654935,0.01931487280707791,131.97809094716715,0.0,***,2020-05-24
5,rainfall,0.09760118275869445,0.01931912610965558,5.052049570188063,4.3709422059556857e-07,***,2020-05-24
4,intercept,-13298.287922540809,0.019287724552324866,-689468.9877214099,0.0,***,2020-05-24
3,sma1,-0.7344401299504948,0.015327742280054544,-47.915741048581964,0.0,***,2020-05-24
2,sar1,0.9906021398846091,0.0005653133686984481,1752.3062335591437,0.0,***,2020-05-24
1,ma1,0.28401773481862586,0.014513588452207675,19.569091114432396,0.0,***,2020-05-24
0,ar1,0.9964655368240647,0.00028443670501182805,3503.2944738360247,0.0,***,2020-05-24
7,temperature,-9.86164811737774,0.019371411175762143,-509.0825871125389,0.0,***,2020-05-24
15,cos_336_1,-3.1117407130241683,0.0192917642825619,-161.29891841136143,0.0,***,2020-05-25
14,sin_336_1,8.893399000621669,0.019341067258389223,459.8194547285978,0.0,***,2020-05-25
13,lag_48*7,0.247084596723626,0.01867733342435449,13.229115265535585,0.0,***,2020-05-25
12,solar_16,0.1327026263149872,0.04247276353912141,3.1244170441783377,0.0017815774954135222,**,2020-05-25
11,solar_4,-0.3914853910245846,0.055882170454435005,-7.00555092690597,2.460254222569347e-12,***,2020-05-25
10,temp_9,-2.7656321875773155,0.02039285653490962,-135.61769450213868,0.0,***,2020-05-25
9,temp_1,-8.477426179862888,0.02529862822543305,-335.09430251796886,0.0,***,2020-05-25
8,solar_power,-1.036753521209448,0.04081354985263563,-25.40218934527444,0.0,***,2020-05-25
7,temperature,-9.021495684506377,0.019777327496829856,-456.15342547937524,0.0,***,2020-05-25
5,rainfall,0.02630576629985626,0.019409784767191195,1.3552837713234975,0.17532716350748334,,2020-05-25
4,intercept,-13280.839376333768,0.019287936162153494,-688556.7882785322,0.0,***,2020-05-25
3,sma1,-0.7260500817951481,0.01859681387312453,-39.04163835528893,0.0,***,2020-05-25
2,sar1,0.9908107873760613,0.0019507307027775693,507.9177694621223,0.0,***,2020-05-25
1,ma1,0.2800233587476653,0.009405109475289792,29.77353527711459,0.0,***,2020-05-25
0,ar1,0.9965934261066535,0.0018028664403772925,552.782726322252,0.0,***,2020-05-25
6,pv_capacity,13.19534822440832,0.02439745893986375,540.8492850396005,0.0,***,2020-05-25
9,temp_1,-9.12492518253405,0.028442426257463592,-320.8209137973795,0.0,***,2020-05-26
15,cos_336_1,-2.800453335872718,0.019294280380972258,-145.14422308460308,0.0,***,2020-05-26
14,sin_336_1,10.191552754371202,0.019416659477074487,524.887031489866,0.0,***,2020-05-26
13,lag_48*7,0.26339892807906357,0.016114860222011165,16.345095424364214,0.0,***,2020-05-26
12,solar_16,0.13068302234164747,0.06728929297602283,1.9421072292766355,0.052124120527045736,.,2020-05-26
11,solar_4,-0.4284623536544885,0.04868511438302483,-8.800684954411478,0.0,***,2020-05-26
10,temp_9,-1.9096921228498083,0.019445848413858848,-98.20564689215571,0.0,***,2020-05-26
7,temperature,-9.503872881247048,0.019514362878493837,-487.01937851739785,0.0,***,2020-05-26
5,rainfall,-0.011309795417275836,0.01929006555352877,-0.5863015543359267,0.557672886698291,,2020-05-26
6,pv_capacity,8.687800602028005,0.02180347251156934,398.4594929737954,0.0,***,2020-05-26
4,intercept,-15558.814780798593,0.019288064220114108,-806655.0693341972,0.0,***,2020-05-26
3,sma1,-0.7387699521708212,0.017346497827290325,-42.58899747524561,0.0,***,2020-05-26
2,sar1,0.9905380513881455,0.0012510236593418315,791.7820290539281,0.0,***,2020-05-26
1,ma1,0.2983866975342502,0.013681133697212251,21.8100856360355,0.0,***,2020-05-26
0,ar1,0.9964962095644856,0.0009306049219702658,1070.8047916345806,0.0,***,2020-05-26
8,solar_power,-1.0150386398031515,0.06036441230240766,-16.81518300415336,0.0,***,2020-05-26
15,cos_336_1,-4.526545370612867,0.04860697498330566,-93.12542844247218,0.0,***,2020-05-27
14,sin_336_1,9.562001871233113,0.17343626367571927,55.132656046555354,0.0,***,2020-05-27
12,solar_16,0.05099813470082304,0.0618049152816801,0.8251469073033363,0.40928819160905894,,2020-05-27
11,solar_4,-0.38781254489985884,0.06784761520272783,-5.7159348009665445,1.0910256698082321e-08,***,2020-05-27
10,temp_9,-1.2123630077817502,0.19270090612273272,-6.291423492371057,3.1456792726203275e-10,***,2020-05-27
9,temp_1,-8.614361772361402,1.7333046630579618,-4.969906304390608,6.698526311410546e-07,***,2020-05-27
8,solar_power,-0.9980195413797901,0.07336765091228879,-13.602991631460641,0.0,***,2020-05-27
13,lag_48*7,0.26016087021487655,0.01877082425379896,13.859853285996406,0.0,***,2020-05-27
6,pv_capacity,21.145781172054853,0.5887535705380331,35.91618332391727,0.0,***,2020-05-27
5,rainfall,-0.16784397357355374,0.05307518383184745,-3.1623813891124,0.0015648446918763437,**,2020-05-27
4,intercept,-17932.828689243368,0.019324285219877568,-927994.4114464371,0.0,***,2020-05-27
3,sma1,-0.7548140087945899,0.017327772932775952,-43.560936060446565,0.0,***,2020-05-27
2,sar1,0.9921754625519381,0.0012183265599964494,814.3756322236212,0.0,***,2020-05-27
1,ma1,0.3095249006680263,0.015782345004526396,19.612098238839295,0.0,***,2020-05-27
0,ar1,0.9963327121150829,0.0010339990697569616,963.5721551947507,0.0,***,2020-05-27
7,temperature,-10.296653992992447,0.020184039172335497,-510.13842695594707,0.0,***,2020-05-27
15,cos_336_1,-1.3522587362758134,0.019287934442556148,-70.10904875807968,0.0,***,2020-05-28
14,sin_336_1,12.838226889832413,0.019288021591876574,665.6062068719073,0.0,***,2020-05-28
13,lag_48*7,0.24266326362685825,0.019155865120732668,12.667831084497474,0.0,***,2020-05-28
12,solar_16,0.06184909362163871,0.01928888400963973,3.2064630380238315,0.0013437756694127945,**,2020-05-28
11,solar_4,-0.43300368235106745,0.01929874192680008,-22.436886507599603,0.0,***,2020-05-28
10,temp_9,-2.2540380168627365,0.019287939489979398,-116.8625616040412,0.0,***,2020-05-28
9,temp_1,-5.542406890056689,0.019287971879065852,-287.35042361152165,0.0,***,2020-05-28
8,solar_power,-1.0739419014182658,0.0192887102562855,-55.677227100671836,0.0,***,2020-05-28
5,rainfall,-0.07748179491923679,0.019287917952848562,-4.017115538787005,5.891484283493398e-05,***,2020-05-28
6,pv_capacity,8.084995732919282,0.01928794495465031,419.1735175483272,0.0,***,2020-05-28
4,intercept,-18251.57162843566,0.019287918744256796,-946269.6245477641,0.0,***,2020-05-28
3,sma1,-0.7939516686216171,0.023557968861677447,-33.70204253530386,0.0,***,2020-05-28
2,sar1,0.9998344144386204,6.711182495321836e-06,148980.3645088738,0.0,***,2020-05-28
1,ma1,0.30773938422762664,0.018726852230026358,16.4330545490289,0.0,***,2020-05-28
0,ar1,0.9777841576730589,0.0008483928838254329,1152.5133889197612,0.0,***,2020-05-28
7,temperature,-10.523051510399995,0.01928791292893904,-545.5775100794605,0.0,***,2020-05-28
11,solar_4,-0.5003525151873909,0.019287627860004843,-25.94163050112194,0.0,***,2020-05-29
10,temp_9,-3.037440731195204,0.019288011331743554,-157.47817019353818,0.0,***,2020-05-29
12,solar_16,0.08945215385629152,0.0193490939990349,4.623066788592439,3.7810791464476523e-06,***,2020-05-29
9,temp_1,-5.946488818886374,0.019288023933545236,-308.2995354720809,0.0,***,2020-05-29
14,sin_336_1,14.264749705537135,0.019288093704813894,739.5624432277078,0.0,***,2020-05-29
15,cos_336_1,-0.6970868416888008,0.019287961796676623,-36.1410318538121,0.0,***,2020-05-29
13,lag_48*7,0.22692818365021905,0.019258713815144983,11.783143247695158,0.0,***,2020-05-29
8,solar_power,-1.0924945082040267,0.019292819460525884,-56.62700106841965,0.0,***,2020-05-29
0,ar1,0.978737866440411,0.0008131301360439196,1203.6669446322753,0.0,***,2020-05-29
6,pv_capacity,7.667360087459173,0.019287964020915132,397.5204474222878,0.0,***,2020-05-29
5,rainfall,-0.0951150878265139,0.019287917813873894,-4.931330003806692,8.167162499628233e-07,***,2020-05-29
4,intercept,-18615.259320191228,0.019287918628959233,-965125.3553217473,0.0,***,2020-05-29
3,sma1,-0.8174576746753088,0.01825594009883883,-44.7776269120922,0.0,***,2020-05-29
2,sar1,0.9998587680522184,6.02327716754802e-06,165999.1297493695,0.0,***,2020-05-29
1,ma1,0.3116510597462262,0.017935809383551812,17.375912794436168,0.0,***,2020-05-29
7,temperature,-10.268679130197597,0.019287918438502284,-532.389182530936,0.0,***,2020-05-29
14,sin_336_1,15.745961463745381,0.02250030423429819,699.8110469876726,0.0,***,2020-05-30
13,lag_48*7,0.22876828550586553,0.018557009841139824,12.327863565535186,0.0,***,2020-05-30
12,solar_16,-0.02772618453628095,0.07578636429430606,-0.3658466109894133,0.714479536778573,,2020-05-30
11,solar_4,-0.47738610076757126,0.023303448211057017,-20.485642143769144,0.0,***,2020-05-30
10,temp_9,-3.13617956896751,0.02276600682618578,-137.7571215238428,0.0,***,2020-05-30
9,temp_1,-10.392094104026645,0.03336610266730455,-311.456636324801,0.0,***,2020-05-30
8,solar_power,-1.1275666285018815,0.0478995880913565,-23.540215551568625,0.0,***,2020-05-30
15,cos_336_1,-3.6573464280190775,0.01975509162679052,-185.13436926099757,0.0,***,2020-05-30
6,pv_capacity,14.38165522303612,0.023350164443450453,615.9123743160646,0.0,***,2020-05-30
5,rainfall,-0.22364988019447196,0.019400820418198482,-11.527856831491645,0.0,***,2020-05-30
4,intercept,-19253.41504226752,0.01928809903449322,-998201.793128308,0.0,***,2020-05-30
3,sma1,-0.787464551946138,0.02013221174345253,-39.11465674913935,0.0,***,2020-05-30
2,sar1,0.9949033334529884,0.0011221923662396824,886.5711114991607,0.0,***,2020-05-30
1,ma1,0.3179845233864395,0.015905049328438125,19.992677596911644,0.0,***,2020-05-30
0,ar1,0.996071696282558,0.0018437040239979603,540.2557478410428,0.0,***,2020-05-30
7,temperature,-7.598673195764064,0.027243987758567265,-278.9119296008548,0.0,***,2020-05-30
15,cos_336_1,-6.04315500490148,0.019293928199690967,-313.2153775195594,0.0,***,2020-05-31
14,sin_336_1,10.000630167806806,0.019288306262982013,518.4815105823961,0.0,***,2020-05-31
13,lag_48*7,0.23673121598921032,0.01859594205713503,12.730262078783985,0.0,***,2020-05-31
12,solar_16,0.023143950757194526,0.06352141709247726,0.36434877898741697,0.715597578993671,,2020-05-31
11,solar_4,-0.5125350361525278,0.03717845601345407,-13.78580745706741,0.0,***,2020-05-31
10,temp_9,-1.3730497030260373,0.019297664118810388,-71.1510830830379,0.0,***,2020-05-31
9,temp_1,-8.702010277798422,0.019537730659438948,-445.39513976738954,0.0,***,2020-05-31
8,solar_power,-1.0538348164520812,0.045771066742160416,-23.024038797011,0.0,***,2020-05-31
7,temperature,-10.202839448122148,0.019298600301815422,-528.6828727761342,0.0,***,2020-05-31
5,rainfall,-0.3967191175393907,0.01938703370468502,-20.463115893976116,0.0,***,2020-05-31
4,intercept,-18820.62072457261,0.019287916123138977,-975772.6342450355,0.0,***,2020-05-31
3,sma1,-0.8076980934566518,0.011027566660068626,-73.24354668209509,0.0,***,2020-05-31
2,sar1,0.9963846579107709,0.0008561425745495094,1163.8069260076863,0.0,***,2020-05-31
1,ma1,0.32069010444020063,0.012934597868997606,24.793202516859782,0.0,***,2020-05-31
0,ar1,0.9957328414049444,0.001181724561085249,842.609922984509,0.0,***,2020-05-31
6,pv_capacity,25.187876073498558,0.01979270793251409,1272.583628242281,0.0,***,2020-05-31
10,temp_9,0.6311289696674187,0.025828341578576202,24.43552048231081,0.0,***,2020-06-01
15,cos_336_1,-6.526120713025368,0.01929291012948906,-338.26523159148735,0.0,***,2020-06-01
14,sin_336_1,12.663671070151468,0.02335154967096207,542.3053822376035,0.0,***,2020-06-01
13,lag_48*7,0.2475868401583881,0.017767457210512875,13.934849383618765,0.0,***,2020-06-01
12,solar_16,0.1367667935781975,0.0901570118639898,1.516984544524644,0.12927058622693544,,2020-06-01
11,solar_4,-0.42583142976780763,0.1293845103969243,-3.2912087270836894,0.0009975786461491332,***,2020-06-01
9,temp_1,-11.346747264535953,0.058843666795714296,-192.8286913853975,0.0,***,2020-06-01
8,solar_power,-0.9832359920756062,0.0619921165672274,-15.860661750584612,0.0,***,2020-06-01
6,pv_capacity,16.420432206914626,0.03961097868181648,414.5424514454743,0.0,***,2020-06-01
5,rainfall,0.3653208026130983,0.038588286697556935,9.467142334573438,0.0,***,2020-06-01
4,intercept,-16812.414937133908,0.019288109763832738,-871646.581390727,0.0,***,2020-06-01
3,sma1,-0.8170405116960652,0.013163793636331906,-62.06725312382926,0.0,***,2020-06-01
2,sar1,0.9961611054876773,0.000847847038767454,1174.9302172899406,0.0,***,2020-06-01
1,ma1,0.3280946625232722,0.01567602905997159,20.929704918770213,0.0,***,2020-06-01
0,ar1,0.9959912972934867,0.006007627828064357,165.78778276523042,0.0,***,2020-06-01
7,temperature,-11.087976495690384,0.019512133179196686,-568.2605993850067,0.0,***,2020-06-01
15,cos_336_1,-6.727750706125803,1.7954334967165526,-3.7471455881988156,0.00017885828586194918,***,2020-06-02
14,sin_336_1,8.943960028388561,1.3428422085148612,6.660469839029176,2.7295277149619324e-11,***,2020-06-02
12,solar_16,0.06356601888853641,0.0919781640216081,0.6910990186062321,0.48950331698929217,,2020-06-02
11,solar_4,-0.5114981494698565,0.08060669603533611,-6.345603710709437,2.215547745265667e-10,***,2020-06-02
10,temp_9,-1.0068799756002704,0.26011790864981205,-3.8708598759180357,0.00010845212205223831,***,2020-06-02
9,temp_1,-6.38182156702131,0.7811350572225377,-8.169933621610829,2.220446049250313e-16,***,2020-06-02
8,solar_power,-1.0430430740697147,0.08296737089636923,-12.571726243712513,0.0,***,2020-06-02
13,lag_48*7,0.254953986892671,0.018163437072808316,14.036659794657005,0.0,***,2020-06-02
6,pv_capacity,4.223213556971778,1.4169179632959472,2.9805632128115587,0.0028771884952696336,**,2020-06-02
5,rainfall,-0.001447014765275867,0.7300195464560056,-0.0019821589330047762,0.9984184670259264,,2020-06-02
4,intercept,-8010.817687246364,0.4137546863820485,-19361.273602226753,0.0,***,2020-06-02
3,sma1,-0.8142445974884043,0.01285855187325538,-63.323195762188355,0.0,***,2020-06-02
2,sar1,0.9960188295886178,0.0006652100997691225,1497.2996199761708,0.0,***,2020-06-02
1,ma1,0.33217821913400025,0.015556537931757644,21.352965588563276,0.0,***,2020-06-02
0,ar1,0.9947652483998605,0.0006691645253401535,1486.577980047875,0.0,***,2020-06-02
7,temperature,-10.709009943567509,1.1025348851559955,-9.71308036393997,0.0,***,2020-06-02
15,cos_336_1,-5.475903740151073,0.01931494224175363,-283.5060893070477,0.0,***,2020-06-03
14,sin_336_1,8.875925550141602,0.019288883526071304,460.15755853078247,0.0,***,2020-06-03
13,lag_48*7,0.2725711498275316,0.017725840323765587,15.37705095211125,0.0,***,2020-06-03
12,solar_16,-0.009246382781072593,0.07308449865562819,-0.12651633316445463,0.8993232209346638,,2020-06-03
11,solar_4,-0.506122249890641,0.021215081137125048,-23.856719972895092,0.0,***,2020-06-03
10,temp_9,-2.1583485532139495,0.019534657531261344,-110.48816953969839,0.0,***,2020-06-03
9,temp_1,-6.66527217175785,0.019302394864645446,-345.30804174802483,0.0,***,2020-06-03
8,solar_power,-1.0722106647127703,0.046837463957357155,-22.892158842950103,0.0,***,2020-06-03
5,rainfall,0.05560965891476144,0.01932676548812781,2.8773391465282563,0.004010443147974607,**,2020-06-03
6,pv_capacity,-1.3969340911342414,0.019319483514295185,-72.30701017967687,0.0,***,2020-06-03
4,intercept,-9129.176970021075,0.019287913059819455,-473310.7693770644,0.0,***,2020-06-03
3,sma1,-0.8180571837459876,0.011850264741476891,-69.03281923168525,0.0,***,2020-06-03
2,sar1,0.9961345111485377,0.0007724839409039204,1289.5213199939315,0.0,***,2020-06-03
1,ma1,0.33542535556882813,0.01603945726026702,20.912512819230148,0.0,***,2020-06-03
0,ar1,0.9960266554668943,0.0006882514170119409,1447.184314986472,0.0,***,2020-06-03
7,temperature,-11.920873539101564,0.019422193654734823,-613.775856168309,0.0,***,2020-06-03
11,solar_4,-0.5164582198588494,0.08797643772095341,-5.870415229779692,4.347050053254975e-09,***,2020-06-04
10,temp_9,-1.694423999249656,0.02472801217619748,-68.5224508616452,0.0,***,2020-06-04
12,solar_16,0.07252293096453524,0.08301138512711678,0.8736504137773344,0.38230866258466545,,2020-06-04
9,temp_1,-6.759355618222056,0.3743520306711465,-18.05614786195693,0.0,***,2020-06-04
14,sin_336_1,8.004019555685375,0.020433923742720097,391.7025264683652,0.0,***,2020-06-04
15,cos_336_1,-5.433738724563526,0.07696133919688004,-70.60348457117031,0.0,***,2020-06-04
13,lag_48*7,0.28587728469214674,0.01632309713378896,17.513666821254045,0.0,***,2020-06-04
8,solar_power,-1.0674732813140508,0.08379059934896493,-12.739773788564472,0.0,***,2020-06-04
0,ar1,0.9954662846382575,0.0001822381179218154,5462.448229767918,0.0,***,2020-06-04
6,pv_capacity,4.4907996490709365,0.2927913640881732,15.337882874573262,0.0,***,2020-06-04
5,rainfall,-0.01012244507526816,0.7107659784475976,-0.014241600445447396,0.9886372309902496,,2020-06-04
4,intercept,-9840.471013672532,0.019306689155511588,-509692.31101249263,0.0,***,2020-06-04
3,sma1,-0.8032028909321846,0.0115380490827036,-69.61340562645428,0.0,***,2020-06-04
2,sar1,0.9956366280906012,5.8843896215807254e-05,16919.96438235752,0.0,***,2020-06-04
1,ma1,0.33842365206465996,0.015423155211399378,21.94256930089949,0.0,***,2020-06-04
7,temperature,-11.148807521710069,0.11751241460302446,-94.87344430265097,0.0,***,2020-06-04
15,cos_336_1,-5.364382271836994,0.019288278663303907,-278.116174360482,0.0,***,2020-06-05
14,sin_336_1,8.624317764572453,0.019289957834542546,447.08847155325964,0.0,***,2020-06-05
13,lag_48*7,0.29627287754070636,0.01867793165139937,15.862188762132519,0.0,***,2020-06-05
12,solar_16,0.08260643657593814,0.02327118047507738,3.5497312508235987,0.0003856246073705716,***,2020-06-05
11,solar_4,-0.46501361730613056,0.019949785600714465,-23.309203748509304,0.0,***,2020-06-05
10,temp_9,0.6695240369800217,0.01948839342232063,34.35501441659096,0.0,***,2020-06-05
9,temp_1,-10.745980274015583,0.01979988807681004,-542.7293443441963,0.0,***,2020-06-05
8,solar_power,-1.012308888915186,0.023139145176144026,-43.74875913561643,0.0,***,2020-06-05
6,pv_capacity,6.130924470973042,0.019481504051010137,314.70488392066153,0.0,***,2020-06-05
5,rainfall,0.10094764266341372,0.01930794329906052,5.22829599713635,1.7107946281846864e-07,***,2020-06-05
4,intercept,-11230.955709480937,0.01928795414305577,-582278.2253723063,0.0,***,2020-06-05
3,sma1,-0.7803626288683859,0.013660298522530354,-57.12632323380852,0.0,***,2020-06-05
2,sar1,0.9942038923217059,0.00019366819058524263,5133.542526097538,0.0,***,2020-06-05
1,ma1,0.3357817366238041,0.015648374956997068,21.457930139491037,0.0,***,2020-06-05
0,ar1,0.9960815740359084,0.0003523288137164438,2827.1362864961716,0.0,***,2020-06-05
7,temperature,-10.81817579025595,0.019313043444735986,-560.1486798914948,0.0,***,2020-06-05
9,temp_1,-7.550473128087061,0.895391593272671,-8.432593275183606,0.0,***,2020-06-06
15,cos_336_1,-6.304194244872013,0.08106489573678625,-77.76725286049121,0.0,***,2020-06-06
14,sin_336_1,7.812013371106814,0.580998773133718,13.445834539325034,0.0,***,2020-06-06
13,lag_48*7,0.3057082274856617,0.01792541905865026,17.05445359382749,0.0,***,2020-06-06
12,solar_16,0.0936508981951883,0.0924432616397701,1.0130635433453667,0.31102981039118927,,2020-06-06
11,solar_4,-0.5844391121772574,0.08641300752066132,-6.763323357742389,1.3486101124726702e-11,***,2020-06-06
10,temp_9,-2.3934958057224236,0.7439351227839354,-3.217344809269851,0.0012938300146110304,**,2020-06-06
8,solar_power,-1.0063453832505047,0.08839807878959692,-11.384244963578732,0.0,***,2020-06-06
0,ar1,0.9949027035445225,0.0011426634597075478,870.6874233986242,0.0,***,2020-06-06
6,pv_capacity,4.0036220979458506,3.0727686828069016,1.302936377979691,0.1925964831236162,,2020-06-06
5,rainfall,-0.19913370639790173,0.6728122915381033,-0.295972158806234,0.7672513433970465,,2020-06-06
4,intercept,-9540.912741314807,0.021459860386512514,-444593.4209018086,0.0,***,2020-06-06
3,sma1,-0.7698197455939632,0.015371181896422344,-50.08201391287545,0.0,***,2020-06-06
2,sar1,0.9943136554353443,0.0008808004777713863,1128.8750182688032,0.0,***,2020-06-06
1,ma1,0.33484756630076973,0.015216416031585182,22.005678972349095,0.0,***,2020-06-06
7,temperature,-9.555260383324196,1.4043720915742253,-6.803937817229952,1.0179856957392985e-11,***,2020-06-06
9,temp_1,-7.635815812592989,0.5499288229902517,-13.885098386138502,0.0,***,2020-06-07
15,cos_336_1,-5.137877137580601,0.2764021589792266,-18.588411742350917,0.0,***,2020-06-07
14,sin_336_1,8.959342017946486,0.03165026486744296,283.07320824864604,0.0,***,2020-06-07
13,lag_48*7,0.32756046266177796,0.018816894795773212,17.40778519606524,0.0,***,2020-06-07
12,solar_16,0.10375529484184434,0.08433892056659223,1.2302184346777518,0.2186153184230326,,2020-06-07
11,solar_4,-0.5888843005918893,0.09068583004654586,-6.493674924623127,8.376743743099269e-11,***,2020-06-07
10,temp_9,-2.9943412903139954,0.983736819058251,-3.043843873995214,0.0023357632466274314,**,2020-06-07
8,solar_power,-0.9949249212234008,0.08144331263642123,-12.216164704215053,0.0,***,2020-06-07
0,ar1,0.9954185261135419,0.0002513441940520427,3960.380027347809,0.0,***,2020-06-07
6,pv_capacity,3.2679286592543946,2.1937654940358327,1.4896435686215679,0.13631797976948956,,2020-06-07
5,rainfall,-0.16584916868683308,0.2312078579359878,-0.7173163151433637,0.47317894251323134,,2020-06-07
4,intercept,-9245.956615804818,0.019348383590083573,-477867.1341074483,0.0,***,2020-06-07
3,sma1,-0.7817804634661404,0.013101034660396877,-59.67318488435,0.0,***,2020-06-07
2,sar1,0.9944275863021532,3.977988739774302e-05,24998.250406273743,0.0,***,2020-06-07
1,ma1,0.33676711083968397,0.015729623482176405,21.409737570723323,0.0,***,2020-06-07
7,temperature,-9.510024487396535,0.9432061643274862,-10.082657267382537,0.0,***,2020-06-07
15,cos_336_1,-7.22298604214946,0.019288653975002214,-374.468122633665,0.0,***,2020-06-08
14,sin_336_1,8.721536218888168,0.019309925812194116,451.6607833563278,0.0,***,2020-06-08
13,lag_48*7,0.33896041889777345,0.018398844261945848,18.422919074261745,0.0,***,2020-06-08
12,solar_16,0.08390471775833908,0.04026502434086504,2.083811425222064,0.03717732367297022,*,2020-06-08
11,solar_4,-0.5895159788937328,0.025391680911096226,-23.216894578889924,0.0,***,2020-06-08
10,temp_9,0.2709589534761001,0.022645814373580757,11.965078800266438,0.0,***,2020-06-08
9,temp_1,-10.80770593961268,0.0209355625622522,-516.2367100227572,0.0,***,2020-06-08
8,solar_power,-0.9545641064502206,0.04509425448862889,-21.168197972780025,0.0,***,2020-06-08
6,pv_capacity,6.3487901780465705,0.019955735276280754,318.1436359096574,0.0,***,2020-06-08
5,rainfall,0.35879518937736066,0.021833132992884967,16.43351824469194,0.0,***,2020-06-08
4,intercept,-10368.421676395552,0.019287853306127235,-537562.2425074014,0.0,***,2020-06-08
3,sma1,-0.7941850398469451,0.0156760201453769,-50.66241510803126,0.0,***,2020-06-08
2,sar1,0.9942681325954816,0.0004073056414461327,2441.0860823467783,0.0,***,2020-06-08
1,ma1,0.34462960594693504,0.015035639714771357,22.920847565159665,0.0,***,2020-06-08
0,ar1,0.9962827676383662,0.00030732423117990783,3241.796990147326,0.0,***,2020-06-08
7,temperature,-10.561608425280738,0.01933662819288923,-546.1970060097975,0.0,***,2020-06-08
9,temp_1,-8.225772938020064,1.0130276232305693,-8.11998878351202,4.440892098500626e-16,***,2020-06-09
15,cos_336_1,-6.695298779393607,0.24570420781456978,-27.249426613183907,0.0,***,2020-06-09
14,sin_336_1,10.837874078090548,1.031446608421456,10.507450399858332,0.0,***,2020-06-09
13,lag_48*7,0.33286298223373667,0.018321254394502898,18.168132763530032,0.0,***,2020-06-09
12,solar_16,0.051810305946868807,0.10301633652661779,0.5029329103882649,0.6150114417876202,,2020-06-09
11,solar_4,-0.6864867237511456,0.09514404186341228,-7.215236081063891,5.384581669432009e-13,***,2020-06-09
10,temp_9,-4.071532426758411,0.7248112216917173,-5.617369467949751,1.9388654459717714e-08,***,2020-06-09
8,solar_power,-0.9590901907150169,0.1011339465452566,-9.48336561043657,0.0,***,2020-06-09
0,ar1,0.9796159883035843,0.004565663564758576,214.56158002202352,0.0,***,2020-06-09
6,pv_capacity,14.708050888861614,1.6710626733023268,8.801615357607027,0.0,***,2020-06-09
1,ma1,0.35395987548082664,0.01457183964123334,24.29067874719406,0.0,***,2020-06-09
2,sar1,0.9935377989220432,0.0013909469830077925,714.2887623032266,0.0,***,2020-06-09
7,temperature,-9.214391714222927,1.5732577739520268,-5.8568861802451835,4.716261159387614e-09,***,2020-06-09
4,intercept,-5029.768651412973,0.022069605655896548,-227904.7813466083,0.0,***,2020-06-09
5,rainfall,-0.29024350392417375,0.7634988808744266,-0.3801492198544694,0.703834651236741,,2020-06-09
3,sma1,-0.7872349668966364,0.017939817996753604,-43.881992952163436,0.0,***,2020-06-09
15,cos_336_1,-8.120252091604652,0.10165933788941885,-79.87709009513274,0.0,***,2020-06-10
14,sin_336_1,9.088082361796966,0.5390238950630408,16.86025878450914,0.0,***,2020-06-10
13,lag_48*7,0.3277555489053211,0.017386657378617516,18.850981057946303,0.0,***,2020-06-10
12,solar_16,0.024567263902268044,0.10630998021294458,0.23109085198829404,0.8172442218521005,,2020-06-10
11,solar_4,-0.692318866709428,0.10466386343054095,-6.614688623345899,3.7233549576853875e-11,***,2020-06-10
9,temp_1,-8.781716184082018,1.0403594895031443,-8.441040114197447,0.0,***,2020-06-10
8,solar_power,-0.9502835051054035,0.10186273642803023,-9.329059265718959,0.0,***,2020-06-10
10,temp_9,-3.9516312988711153,1.1367828209947235,-3.4761532509906368,0.0005086615294045416,***,2020-06-10
6,pv_capacity,12.21319331577303,0.7725101896482881,15.809750446571464,0.0,***,2020-06-10
5,rainfall,-0.2543629017394231,0.5421081811505043,-0.46921059409137544,0.6389191137106411,,2020-06-10
4,intercept,-2592.9871753248053,0.01962702628410265,-132113.09435220217,0.0,***,2020-06-10
3,sma1,-0.8068416024119888,0.01676525556968266,-48.12581586116919,0.0,***,2020-06-10
2,sar1,0.9943772300514913,0.0015767405259674832,630.6536894783904,0.0,***,2020-06-10
1,ma1,0.36021400447865604,0.014762862910925725,24.400010123515287,0.0,***,2020-06-10
0,ar1,0.9773484720039441,0.003654520102289326,267.4355167431415,0.0,***,2020-06-10
7,temperature,-10.483480116119669,0.7778530665428791,-13.47745553374606,0.0,***,2020-06-10
9,temp_1,-9.513671382485668,1.2473742001863686,-7.626958599163141,2.398081733190338e-14,***,2020-06-11
15,cos_336_1,-8.120469844298274,0.0745826923957255,-108.8787436260973,0.0,***,2020-06-11
14,sin_336_1,8.687332527075139,0.9955947888533253,8.725771392476611,0.0,***,2020-06-11
13,lag_48*7,0.3184201191765775,0.018002575196894712,17.68747613571986,0.0,***,2020-06-11
12,solar_16,0.02883237932080846,0.09931403115586623,0.290315265479035,0.7715750613527019,,2020-06-11
11,solar_4,-0.755261190145446,0.1059082947887112,-7.131275143766639,9.945377854592152e-13,***,2020-06-11
10,temp_9,-3.6870417534111524,0.37618386921373576,-9.801169202489891,0.0,***,2020-06-11
8,solar_power,-0.9388869762872218,0.10800189166969873,-8.693245662387211,0.0,***,2020-06-11
2,sar1,0.994424300456669,0.0011820741633401187,841.253731192958,0.0,***,2020-06-11
6,pv_capacity,12.285755574307245,1.2316091391638895,9.975368957271424,0.0,***,2020-06-11
5,rainfall,-0.28245260176125697,0.7329123997326222,-0.38538384923532476,0.6999530467008024,,2020-06-11
4,intercept,-2422.086821914143,0.034247524333575745,-70722.97542802434,0.0,***,2020-06-11
3,sma1,-0.8109593918918806,0.01632097559606167,-49.68816889154402,0.0,***,2020-06-11
1,ma1,0.36319055867336714,0.013613068970096889,26.67955032558556,0.0,***,2020-06-11
0,ar1,0.9769397564018925,0.004078738430460116,239.5200803037731,0.0,***,2020-06-11
7,temperature,-10.978393105992247,1.6358154258385365,-6.711266401198414,1.929434390035567e-11,***,2020-06-11
9,temp_1,-10.174706257504983,0.7917890407841275,-12.850274168266752,0.0,***,2020-06-12
15,cos_336_1,-7.623901115230331,0.05112714102647881,-149.11651545862702,0.0,***,2020-06-12
14,sin_336_1,8.143103365672411,0.3305771236528163,24.632991163128956,0.0,***,2020-06-12
13,lag_48*7,0.31647118169148664,0.01859870767177543,17.015761916175993,0.0,***,2020-06-12
12,solar_16,-0.006020350021377366,0.09984533791088794,-0.06029675643694585,0.9519192852359839,,2020-06-12
11,solar_4,-0.7383398491794595,0.09198016026080244,-8.027164195908721,8.881784197001252e-16,***,2020-06-12
10,temp_9,-3.518383708509301,0.059538967419856544,-59.09379791050764,0.0,***,2020-06-12
8,solar_power,-0.9431280772629869,0.1034903675030105,-9.113196715970224,0.0,***,2020-06-12
1,ma1,0.3689231119121585,0.014489016520761837,25.462260422128388,0.0,***,2020-06-12
6,pv_capacity,9.229045067106373,1.55775173533736,5.924593025799231,3.130717463051269e-09,***,2020-06-12
5,rainfall,-0.20312616204018097,0.8230335712445372,-0.2468017941637872,0.8050616218952265,,2020-06-12
4,intercept,-398.3285250318203,0.020775561714104347,-19172.93647764039,0.0,***,2020-06-12
3,sma1,-0.8175252329098299,0.012657205557474401,-64.58970972680937,0.0,***,2020-06-12
2,sar1,0.9947276465580469,0.0006597859338527144,1507.652096717937,0.0,***,2020-06-12
0,ar1,0.9769535376242203,0.003721016909754787,262.55014726299675,0.0,***,2020-06-12
7,temperature,-11.142965717081946,0.8923264227323044,-12.487544281118756,0.0,***,2020-06-12
15,cos_336_1,-6.793678183495065,0.6873545872068049,-9.88380424011202,0.0,***,2020-06-13
14,sin_336_1,9.027056028291659,1.5575252767092909,5.795768558802363,6.800900065329074e-09,***,2020-06-13
13,lag_48*7,0.3237219120820977,0.017315353079814636,18.695657581448707,0.0,***,2020-06-13
12,solar_16,0.019335974927272633,0.1045405826127575,0.18496142305708738,0.8532592933876879,,2020-06-13
11,solar_4,-0.7731511015809795,0.10897292529753064,-7.094891684976171,1.2945200467129325e-12,***,2020-06-13
10,temp_9,-3.642322042900326,0.6827687243170618,-5.334635160014911,9.573685399999476e-08,***,2020-06-13
9,temp_1,-10.294824078617056,0.6764749833596435,-15.218336718807945,0.0,***,2020-06-13
8,solar_power,-0.9139328620155744,0.10551572341077159,-8.661579833534795,0.0,***,2020-06-13
7,temperature,-11.631219903170408,0.7897757869106105,-14.727242966853414,0.0,***,2020-06-13
5,rainfall,-0.2339891495119284,0.8652857164515421,-0.2704183659375502,0.7868384122811878,,2020-06-13
4,intercept,-183.55640056015628,0.036169038516156625,-5074.959360010692,0.0,***,2020-06-13
3,sma1,-0.8137976521755935,0.016875468579394207,-48.22370699497383,0.0,***,2020-06-13
2,sar1,0.9942031230947558,0.0013295308339207838,747.7849311421028,0.0,***,2020-06-13
1,ma1,0.3707401338564326,0.014828475779874253,25.001904400694684,0.0,***,2020-06-13
0,ar1,0.9764973293098697,0.0031110201733575045,313.88331637078556,0.0,***,2020-06-13
6,pv_capacity,8.967729346273948,1.2488670669271467,7.180691671483628,6.936673457857978e-13,***,2020-06-13
9,temp_1,-10.047719957941837,0.01928793003419431,-520.9330363667274,0.0,***,2020-06-14
14,sin_336_1,7.616576271833773,0.019288027803040033,394.8862138529946,0.0,***,2020-06-14
13,lag_48*7,0.31106986489675076,0.01932466766157167,16.09703568229186,0.0,***,2020-06-14
12,solar_16,-0.03528871138239317,0.01929215722055108,-1.8291739476807534,0.06737355392353694,.,2020-06-14
11,solar_4,-0.7637501670198281,0.019287573679932595,-39.59804274471589,0.0,***,2020-06-14
10,temp_9,-3.9160085668692157,0.019287932217449785,-203.02894694571793,0.0,***,2020-06-14
8,solar_power,-0.9779907023068404,0.019294165964565714,-50.688415560586975,0.0,***,2020-06-14
15,cos_336_1,-6.25868760379415,0.019287924346110638,-324.48735755520516,0.0,***,2020-06-14
6,pv_capacity,-0.5788630495589668,0.01928792029674486,-30.01168817856734,0.0,***,2020-06-14
5,rainfall,-0.10701221758288426,0.01928791922448718,-5.548147331881491,2.8871254276197078e-08,***,2020-06-14
4,intercept,2319.911145579843,0.01928791874640043,120277.94061569199,0.0,***,2020-06-14
3,sma1,-0.876530433602137,0.014025187791922036,-62.4968768052421,0.0,***,2020-06-14
2,sar1,0.9999273404666218,3.4130444806831475e-06,292972.25574583735,0.0,***,2020-06-14
1,ma1,0.3755461635203819,0.018359559747192722,20.45507456015142,0.0,***,2020-06-14
0,ar1,0.9788645404752645,0.000805017094073726,1215.9549749705277,0.0,***,2020-06-14
7,temperature,-11.25431239963575,0.019288151012504025,-583.4832168381439,0.0,***,2020-06-14
15,cos_336_1,-7.7907108147354895,0.882884651650133,-8.824154775116387,0.0,***,2020-06-15
14,sin_336_1,11.312811560401009,3.3351223783985704,3.3920229235585335,0.000693786354682091,***,2020-06-15
13,lag_48*7,0.3382158962190084,0.01929833463236779,17.525651962306725,0.0,***,2020-06-15
12,solar_16,0.10455007249090958,0.0993856901743533,1.0519630372088413,0.29281650844719964,,2020-06-15
11,solar_4,-0.7140035378441425,0.0937597388625546,-7.615246656038826,2.6423307986078726e-14,***,2020-06-15
10,temp_9,-3.24775395497557,1.5025837353997797,-2.1614462332187214,0.030660886013743394,*,2020-06-15
9,temp_1,-10.806191834459955,0.45316257541563304,-23.846170051771594,0.0,***,2020-06-15
8,solar_power,-0.8052775088756903,0.09863190192922551,-8.164473087556669,2.220446049250313e-16,***,2020-06-15
1,ma1,0.3794579881773718,0.015064883554816066,25.18824568385486,0.0,***,2020-06-15
6,pv_capacity,-2.154334049610071,1.0281185738343102,-2.0954139964377885,0.0361342063876251,*,2020-06-15
5,rainfall,-0.11684053881836576,0.7446053707790113,-0.15691605701974237,0.8753110049556185,,2020-06-15
4,intercept,6662.792999333185,0.02281481914361566,292037.9494306732,0.0,***,2020-06-15
3,sma1,-0.8008493527300922,0.018214455297555474,-43.967790397639426,0.0,***,2020-06-15
2,sar1,0.9924047737508389,0.0015098817808737758,657.2731629204304,0.0,***,2020-06-15
7,temperature,-12.625149522554594,0.4899510281062295,-25.768186611126474,0.0,***,2020-06-15
0,ar1,0.978086780887076,0.0034921009245895834,280.0854849296853,0.0,***,2020-06-15
15,cos_336_1,-8.405514803142255,0.23845699875907753,-35.249604108431626,0.0,***,2020-06-16
14,sin_336_1,13.613252791068787,1.6935917125902038,8.038096012083384,8.881784197001252e-16,***,2020-06-16
13,lag_48*7,0.3188796788566346,0.01812120305016856,17.597047942888562,0.0,***,2020-06-16
12,solar_16,0.08253227846689737,0.09924362322450327,0.8316129115943052,0.4056274717661821,,2020-06-16
11,solar_4,-0.7755264503734365,0.10259135549739502,-7.559374243701542,4.04121180963557e-14,***,2020-06-16
10,temp_9,-4.087038175699604,1.5526914582880562,-2.632228157038895,0.008482687630683605,**,2020-06-16
9,temp_1,-11.200224705749331,0.8920587117203921,-12.555479318338794,0.0,***,2020-06-16
8,solar_power,-0.7305033562446965,0.1043955651695016,-6.997455831180344,2.6065816172149425e-12,***,2020-06-16
7,temperature,-13.181485100693948,0.9990895120553761,-13.193497621225498,0.0,***,2020-06-16
6,pv_capacity,0.3439637567138689,0.8212786284301862,0.4188149366206331,0.6753513878095425,,2020-06-16
5,rainfall,-0.24579867700326474,0.7536241411205439,-0.32615552447376905,0.7443066893291541,,2020-06-16
4,intercept,5483.573295579479,0.022716357183117066,241393.16226524665,0.0,***,2020-06-16
3,sma1,-0.8456531143766718,0.012591862938748869,-67.15869752476007,0.0,***,2020-06-16
2,sar1,0.9956179363879709,0.0007442980146559607,1337.6603413999144,0.0,***,2020-06-16
1,ma1,0.39841825975979667,0.015534043576018059,25.648071463819452,0.0,***,2020-06-16
0,ar1,0.9770268650250963,0.0023218146563799844,420.803125839687,0.0,***,2020-06-16
14,sin_336_1,14.323310496412802,3.1700915302228676,4.518264018517417,6.234871008148346e-06,***,2020-06-17
13,lag_48*7,0.32202709276782826,0.019758414886240076,16.298225066226877,0.0,***,2020-06-17
12,solar_16,0.0858744611912117,0.10594054718539776,0.8105910670909593,0.4176005484742247,,2020-06-17
11,solar_4,-0.7952719863863944,0.10321640445398647,-7.704899144601806,1.3100631690576847e-14,***,2020-06-17
10,temp_9,-3.8021009991880668,0.7514554094551604,-5.0596495165891,4.200278105326305e-07,***,2020-06-17
9,temp_1,-12.047342672089822,0.9200595039402486,-13.094090784884944,0.0,***,2020-06-17
8,solar_power,-0.7253116175652963,0.10147042374683679,-7.1480101371697184,8.804068585277491e-13,***,2020-06-17
15,cos_336_1,-9.138895524538967,1.5565552421966868,-5.871231085664336,4.325708014008001e-09,***,2020-06-17
6,pv_capacity,-1.4246292579154982,1.356226458223639,-1.0504361194821785,0.2935176465006357,,2020-06-17
0,ar1,0.9770254292364652,0.0036688784006545243,266.300847981815,0.0,***,2020-06-17
1,ma1,0.4008841408896393,0.014113993980166622,28.403309612642097,0.0,***,2020-06-17
2,sar1,0.9959307372962788,0.0010881664979801023,915.2374559821175,0.0,***,2020-06-17
7,temperature,-13.804601559015225,1.2571781363444445,-10.980624909016878,0.0,***,2020-06-17
4,intercept,6614.759844584439,0.02222121963342989,297677.6231774924,0.0,***,2020-06-17
5,rainfall,-0.19777038481035447,0.8612156044525099,-0.2296409677064324,0.8183707698475975,,2020-06-17
3,sma1,-0.8506791592023287,0.015537787922182094,-54.749052018394465,0.0,***,2020-06-17
14,sin_336_1,13.213656019071765,2.861952885619897,4.617006829659845,3.893144621569533e-06,***,2020-06-18
13,lag_48*7,0.31966746510642896,0.018407928473040402,17.36574898009858,0.0,***,2020-06-18
12,solar_16,0.09942832278294134,0.10126047967966574,0.9819064959743389,0.3261459152204209,,2020-06-18
11,solar_4,-0.7650121882300702,0.09896935601502424,-7.729788482345343,1.0880185641326534e-14,***,2020-06-18
10,temp_9,-3.8331639466885488,0.9395000877538615,-4.080003819747162,4.503496074348412e-05,***,2020-06-18
9,temp_1,-11.945075927197387,0.6729224000057206,-17.75104518306396,0.0,***,2020-06-18
8,solar_power,-0.745386206193416,0.10348208233643345,-7.203046067144942,5.88862292261183e-13,***,2020-06-18
15,cos_336_1,-8.815188733975097,1.4986587310468276,-5.882052098557223,4.052107316354636e-09,***,2020-06-18
6,pv_capacity,-3.3150389570918932,1.254700535532035,-2.642095753698077,0.008239475794078244,**,2020-06-18
5,rainfall,-0.13385570934710245,0.7526904855152239,-0.1778363243896685,0.8588515192819903,,2020-06-18
4,intercept,7844.698775757643,0.022062788035331952,355562.44130138616,0.0,***,2020-06-18
3,sma1,-0.8512585355731265,0.014855707761932804,-57.30178253468641,0.0,***,2020-06-18
2,sar1,0.9961283451289541,0.0007462444314442153,1334.8553143654763,0.0,***,2020-06-18
1,ma1,0.40846822782700987,0.014562560216833588,28.049204380617162,0.0,***,2020-06-18
0,ar1,0.9778800566001672,0.0030122821437103763,324.6309641485522,0.0,***,2020-06-18
7,temperature,-14.717889328350253,1.2233820220696938,-12.030493388688853,0.0,***,2020-06-18
15,cos_336_1,-8.288654607423645,0.5090306757802279,-16.283212391314194,0.0,***,2020-06-19
14,sin_336_1,12.954389692207355,1.2047170998828773,10.753055379945035,0.0,***,2020-06-19
13,lag_48*7,0.3248888111660704,0.01763680584516865,18.421068645775733,0.0,***,2020-06-19
12,solar_16,0.1080782922230353,0.10527391849590817,1.02663882723465,0.30459056399919815,,2020-06-19
11,solar_4,-0.7549052449702351,0.11035411754537477,-6.840752857815546,7.87769849353026e-12,***,2020-06-19
10,temp_9,-3.6890626751605087,0.10386727458256478,-35.51708360488508,0.0,***,2020-06-19
9,temp_1,-12.058773055481355,0.35446685991382865,-34.01946534130965,0.0,***,2020-06-19
8,solar_power,-0.7416169722998802,0.11212458698913441,-6.614222555591198,3.7351011172859216e-11,***,2020-06-19
7,temperature,-14.971513537538556,0.8443683168967181,-17.73102239620136,0.0,***,2020-06-19
5,rainfall,-0.17040587118894734,0.825412773338836,-0.20644927809833505,0.8364399814337449,,2020-06-19
4,intercept,9337.309873939494,0.01942948980801288,480574.1152342925,0.0,***,2020-06-19
3,sma1,-0.846018278198918,0.016029749440930833,-52.77801011902719,0.0,***,2020-06-19
2,sar1,0.9958756077825692,0.0010088094888156137,987.1790648517498,0.0,***,2020-06-19
0,ar1,0.9775868846999918,0.003712529952999222,263.3209420735404,0.0,***,2020-06-19
6,pv_capacity,-5.511157441838037,0.9220563210751067,-5.977029077152351,2.2724364612258796e-09,***,2020-06-19
1,ma1,0.4104816495791523,0.013612447252608644,30.154875310939328,0.0,***,2020-06-19
15,cos_336_1,-9.335244898581566,0.16118720597647018,-57.91554510811676,0.0,***,2020-06-20
9,temp_1,-12.838297779222565,0.11548115565791048,-111.17223157389782,0.0,***,2020-06-20
14,sin_336_1,13.674672461581155,0.32626257771703454,41.91308901335633,0.0,***,2020-06-20
13,lag_48*7,0.3208723903979441,0.017947594210547948,17.878295365590823,0.0,***,2020-06-20
12,solar_16,0.11495360027123172,0.0984864025889464,1.1672027533690574,0.2431284992541176,,2020-06-20
11,solar_4,-0.790785776033248,0.10466194175641357,-7.5556191941641435,4.1744385725905886e-14,***,2020-06-20
10,temp_9,-3.658659987261988,0.7124578495472673,-5.135265180370867,2.8174646793388547e-07,***,2020-06-20
8,solar_power,-0.7587480190654787,0.10291332466360759,-7.372689800330479,1.6719958750854857e-13,***,2020-06-20
6,pv_capacity,-6.555483400469129,1.047349771207698,-6.259115703925735,3.8716652106529637e-10,***,2020-06-20
5,rainfall,-0.19871857007558447,0.6329569429225582,-0.3139527455975746,0.7535569289513662,,2020-06-20
4,intercept,10100.275687881713,0.01986911000201834,508340.6195272817,0.0,***,2020-06-20
3,sma1,-0.845215438877091,0.017221942368975784,-49.07782297539748,0.0,***,2020-06-20
2,sar1,0.9960648855378992,0.0010133844395274702,982.9091968319083,0.0,***,2020-06-20
1,ma1,0.4110316178571641,0.013432735595915256,30.599248747377576,0.0,***,2020-06-20
0,ar1,0.9776715375811589,0.0029214481210377823,334.65305460699466,0.0,***,2020-06-20
7,temperature,-15.044966522630318,0.6104161222561305,-24.64706611454383,0.0,***,2020-06-20
15,cos_336_1,-7.663335538559329,0.3832491069113716,-19.995703578590508,0.0,***,2020-06-21
14,sin_336_1,14.257645687483446,2.1052870302838027,6.772304907783262,1.2674750138330637e-11,***,2020-06-21
13,lag_48*7,0.33213142627899556,0.018874331325587933,17.59699035423443,0.0,***,2020-06-21
12,solar_16,0.12563000456859208,0.10053228665967351,1.2496483343095588,0.2114280384036249,,2020-06-21
11,solar_4,-0.8114317423492619,0.10249199324299602,-7.917025678537212,2.4424906541753444e-15,***,2020-06-21
10,temp_9,-4.393902396479634,0.541693824003117,-8.111413130038473,4.440892098500626e-16,***,2020-06-21
9,temp_1,-13.664595476139908,1.20470554793867,-11.342684940333283,0.0,***,2020-06-21
8,solar_power,-0.7288115327121432,0.09378427372610132,-7.77114865591059,7.771561172376096e-15,***,2020-06-21
7,temperature,-15.341694050520402,0.9775962787055245,-15.693281965879589,0.0,***,2020-06-21
6,pv_capacity,-8.167215253115138,0.2920302922429698,-27.96701393675968,0.0,***,2020-06-21
5,rainfall,-0.2570859778519434,0.682903483674126,-0.37646019386045776,0.706574803257255,,2020-06-21
4,intercept,11202.70457033684,0.025989054905357342,431054.71172895684,0.0,***,2020-06-21
3,sma1,-0.8741187653897371,0.012012272810821152,-72.7688072986733,0.0,***,2020-06-21
2,sar1,0.9972724383921088,0.00041776394479575224,2387.1673245513857,0.0,***,2020-06-21
1,ma1,0.4178215779557202,0.014125569493815387,29.579096130506844,0.0,***,2020-06-21
0,ar1,0.97725062654442,0.0029866176553873555,327.20982037376774,0.0,***,2020-06-21
14,sin_336_1,14.444451553770904,1.1120967383434213,12.988484774523618,0.0,***,2020-06-22
13,lag_48*7,0.35324744855795287,0.018300788067368824,19.302308034909704,0.0,***,2020-06-22
12,solar_16,0.09244721802176979,0.10535725710669878,0.8774641686822335,0.38023457266621974,,2020-06-22
11,solar_4,-0.9601897497560561,0.10365538614937102,-9.263288531600175,0.0,***,2020-06-22
10,temp_9,-5.5791595364528845,0.6443667832614306,-8.65835993006071,0.0,***,2020-06-22
9,temp_1,-14.061575468269954,0.7648801525911526,-18.38402450453727,0.0,***,2020-06-22
8,solar_power,-0.6616544584780968,0.10049596457345657,-6.583890818764835,4.582934032271169e-11,***,2020-06-22
15,cos_336_1,-8.119111321740068,0.9216190040857655,-8.809617950309223,0.0,***,2020-06-22
6,pv_capacity,-7.562065339478082,0.5384728593559903,-14.043540371788204,0.0,***,2020-06-22
5,rainfall,-0.12065267357354514,0.6672454980811864,-0.18082201216869787,0.8565072846993846,,2020-06-22
4,intercept,10823.668569665217,0.019849982499630724,545273.4565315901,0.0,***,2020-06-22
3,sma1,-0.9045401432422793,0.009343289124754748,-96.81174703731783,0.0,***,2020-06-22
2,sar1,0.998308053271804,0.00031041286331155704,3216.0653480065876,0.0,***,2020-06-22
1,ma1,0.41558212085190344,0.014953232438989427,27.792126053514984,0.0,***,2020-06-22
0,ar1,0.9757748409812648,0.002945518491636219,331.2743898067424,0.0,***,2020-06-22
7,temperature,-16.28102572662425,0.784022219150572,-20.766025922407522,0.0,***,2020-06-22
14,sin_336_1,14.510760898561305,1.1014425858024415,13.174323460527615,0.0,***,2020-06-23
13,lag_48*7,0.36489798832162523,0.01893154918877158,19.274597376217287,0.0,***,2020-06-23
12,solar_16,0.07985904440299839,0.10664095905936291,0.7488590229064233,0.4539421805346624,,2020-06-23
11,solar_4,-0.9255268049760375,0.09969907368459055,-9.283203652463689,0.0,***,2020-06-23
10,temp_9,-5.9960205965350895,0.661387980397805,-9.065814278827176,0.0,***,2020-06-23
9,temp_1,-13.58081167961291,0.31816731674712917,-42.68449637901235,0.0,***,2020-06-23
8,solar_power,-0.6730935263581159,0.10182752610956171,-6.610133350719907,3.839750739587089e-11,***,2020-06-23
15,cos_336_1,-8.828147901113665,0.6130349179807961,-14.400726030731931,0.0,***,2020-06-23
6,pv_capacity,-7.868598870519683,1.4998804201327989,-5.246150803024017,1.5530979302624814e-07,***,2020-06-23
5,rainfall,-0.3411398924258435,0.9371493764089279,-0.36401869436552464,0.7158440496137239,,2020-06-23
4,intercept,10822.94470640897,0.021832988267714667,495715.2256804581,0.0,***,2020-06-23
3,sma1,-0.9096534214675049,0.008192831432729293,-111.03040858787332,0.0,***,2020-06-23
2,sar1,0.9985136760835331,0.0002224318813593205,4489.076251036676,0.0,***,2020-06-23
1,ma1,0.4159995351863892,0.013527082020891857,30.753087365323882,0.0,***,2020-06-23
0,ar1,0.976286087133907,0.0040015402056452895,243.97757787278582,0.0,***,2020-06-23
7,temperature,-16.677998676242794,0.2504306238783737,-66.59728118691575,0.0,***,2020-06-23
15,cos_336_1,-9.784159230372742,0.3867576523927426,-25.297907280803265,0.0,***,2020-06-24
14,sin_336_1,11.855282570737298,0.8648695420671774,13.707596341525988,0.0,***,2020-06-24
13,lag_48*7,0.373250185047129,0.017221448405209464,21.673565211519684,0.0,***,2020-06-24
12,solar_16,0.11668205909196248,0.1085931054720066,1.0744886481033649,0.2826037299242796,,2020-06-24
11,solar_4,-0.9789776297639969,0.10563586287814025,-9.267474161623776,0.0,***,2020-06-24
10,temp_9,-6.039588327870799,0.1359944462820318,-44.41055126137733,0.0,***,2020-06-24
9,temp_1,-13.493425362037724,0.7195736583436206,-18.75197237361093,0.0,***,2020-06-24
8,solar_power,-0.7062771096547067,0.10671607408833696,-6.618282350511393,3.63395979974257e-11,***,2020-06-24
7,temperature,-16.53610834959133,0.5631146364232229,-29.365438722433073,0.0,***,2020-06-24
5,rainfall,-0.38035129559209224,0.855656764618674,-0.444513865044469,0.6566711068196605,,2020-06-24
4,intercept,9774.121529258788,0.01966810366114998,496952.9191858704,0.0,***,2020-06-24
3,sma1,-0.9087020028883744,0.007849115239886817,-115.7712653103406,0.0,***,2020-06-24
2,sar1,0.9985174642535283,0.0001507537067025655,6623.501909797722,0.0,***,2020-06-24
1,ma1,0.41425809777500516,0.01400234796410989,29.58490239185675,0.0,***,2020-06-24
0,ar1,0.9774089006920378,0.0035242424708461107,277.33872137843525,0.0,***,2020-06-24
6,pv_capacity,-6.25221685386569,1.1158760486285657,-5.6029671588970755,2.1071316025356168e-08,***,2020-06-24
9,temp_1,-13.477659469244296,0.8468713642220294,-15.914647771359496,0.0,***,2020-06-25
14,sin_336_1,12.120342899171966,1.3763785582000072,8.805966081760705,0.0,***,2020-06-25
13,lag_48*7,0.3806640287969165,0.018269950589365508,20.83552590549926,0.0,***,2020-06-25
12,solar_16,0.1100080677356068,0.1060030508130342,1.037782091098836,0.2993715163237214,,2020-06-25
11,solar_4,-0.997158355291579,0.10058132141480154,-9.913951629043096,0.0,***,2020-06-25
10,temp_9,-6.087138296507675,0.8763491335574537,-6.94601964378915,3.75743880454138e-12,***,2020-06-25
8,solar_power,-0.6949957714012953,0.1039414544960636,-6.68641568247071,2.28703722626733e-11,***,2020-06-25
15,cos_336_1,-9.804994964549712,0.19823952137857412,-49.46034421574952,0.0,***,2020-06-25
6,pv_capacity,-4.746897998073461,0.5688504647125661,-8.344720260485358,0.0,***,2020-06-25
0,ar1,0.9775871704036502,0.002107480243431903,463.86540203656153,0.0,***,2020-06-25
1,ma1,0.41001474042223235,0.015053798294717667,27.236630410154046,0.0,***,2020-06-25
2,sar1,0.9985741015920492,0.0001844794254995119,5412.929376206732,0.0,***,2020-06-25
7,temperature,-15.735080460290533,0.9484482698014423,-16.590341256655645,0.0,***,2020-06-25
4,intercept,8924.886929733571,0.02224018677510123,401295.5025955689,0.0,***,2020-06-25
5,rainfall,-0.48022029732270255,0.5284855759513573,-0.9086724769322803,0.3635230365441524,,2020-06-25
3,sma1,-0.9094475094602287,0.008046435645409087,-113.02489071407862,0.0,***,2020-06-25
14,sin_336_1,12.43539917100935,3.786914348257054,3.283781471511972,0.0010242430869980002,**,2020-06-26
13,lag_48*7,0.39117920144213214,0.018080870681600903,21.63497589970577,0.0,***,2020-06-26
12,solar_16,0.07509698036925044,0.11291081362772504,0.665099984283618,0.505986544713269,,2020-06-26
11,solar_4,-0.9790018327237755,0.10420533182536357,-9.394930332014802,0.0,***,2020-06-26
10,temp_9,-5.763168160672453,0.2835484262756312,-20.325163628558474,0.0,***,2020-06-26
9,temp_1,-13.128818556017032,0.27428521361281605,-47.865571691187895,0.0,***,2020-06-26
8,solar_power,-0.6168061877933724,0.10815780072314837,-5.702835890424693,1.1783041431456809e-08,***,2020-06-26
15,cos_336_1,-8.360086959754623,0.8955258294650187,-9.335394563380584,0.0,***,2020-06-26
6,pv_capacity,0.45975073120969867,1.5164877212428214,0.3031681198400438,0.7617617430830923,,2020-06-26
5,rainfall,-0.5786822345608726,0.6826112485512713,-0.8477478737554198,0.39657839853141086,,2020-06-26
4,intercept,5191.41661307572,0.01983791883324792,261691.5946029086,0.0,***,2020-06-26
3,sma1,-0.9053897081329975,0.010159360225935877,-89.11877204842328,0.0,***,2020-06-26
2,sar1,0.9984609907676614,0.00033361062921138945,2992.8932214416805,0.0,***,2020-06-26
1,ma1,0.4066832606155189,0.013584361493266259,29.937605887263157,0.0,***,2020-06-26
0,ar1,0.978060845647974,0.002760562829209387,354.2976219556235,0.0,***,2020-06-26
7,temperature,-15.354730906381235,0.10283226624708505,-149.31821953127957,0.0,***,2020-06-26
15,cos_336_1,-8.31300680535934,1.3550123341638063,-6.135004527829182,8.515677052400861e-10,***,2020-06-27
14,sin_336_1,12.45777308955101,2.2138885671161517,5.627100331331813,1.8326414386038437e-08,***,2020-06-27
13,lag_48*7,0.3956717346934874,0.018231057846980918,21.703169284771427,0.0,***,2020-06-27
12,solar_16,0.08472595066844336,0.11788750512106072,0.7187017027923088,0.4723247339266674,,2020-06-27
11,solar_4,-1.0148573399290095,0.10997457059343638,-9.228109138801033,0.0,***,2020-06-27
10,temp_9,-5.726861594296006,0.5598208559212812,-10.229811079245115,0.0,***,2020-06-27
9,temp_1,-13.71105188947638,0.2707724107944365,-50.6368128468061,0.0,***,2020-06-27
8,solar_power,-0.6192717916603669,0.11512734850277768,-5.379015496438934,7.48942627915028e-08,***,2020-06-27
7,temperature,-14.192416730948366,0.3170058588620976,-44.77020324448415,0.0,***,2020-06-27
5,rainfall,-0.5337899786903932,0.6885567495799212,-0.7752301883846916,0.43820365277384576,,2020-06-27
4,intercept,4909.934878875701,0.019905994636961088,246656.0937256068,0.0,***,2020-06-27
3,sma1,-0.8982389247170572,0.009312881334365877,-96.45123699820225,0.0,***,2020-06-27
1,ma1,0.4032471500518268,0.014581126617239122,27.65541789994963,0.0,***,2020-06-27
0,ar1,0.9777606541320739,0.002906027894558929,336.4594868352,0.0,***,2020-06-27
6,pv_capacity,1.0860885423685414,0.8039314937112022,1.3509715079761497,0.17670455982617428,,2020-06-27
2,sar1,0.9982043896446334,0.0001429145751003221,6984.62272965456,0.0,***,2020-06-27
15,cos_336_1,-8.5150958337168,0.6363180348461388,-13.381823816726714,0.0,***,2020-06-28
8,solar_power,-0.6346856842901616,0.10934037955437259,-5.8046778955486085,6.4489857898308856e-09,***,2020-06-28
14,sin_336_1,11.815451524286743,3.455454609272885,3.4193623879704247,0.0006276807203313695,***,2020-06-28
13,lag_48*7,0.4085053079042671,0.018785674322542887,21.745575958061778,0.0,***,2020-06-28
12,solar_16,0.09239503303324523,0.10826547264369234,0.853411810590089,0.39343097419290096,,2020-06-28
11,solar_4,-1.0260981332248549,0.11105322997551736,-9.239696436124072,0.0,***,2020-06-28
10,temp_9,-5.818726700314926,0.5461316884033107,-10.654438890603023,0.0,***,2020-06-28
9,temp_1,-14.139617494508371,1.2289783714432183,-11.505180093530763,0.0,***,2020-06-28
7,temperature,-14.44806292583786,0.5274003994777944,-27.394865343567453,0.0,***,2020-06-28
5,rainfall,-0.5501004369143345,0.871970306557275,-0.6308706073791074,0.5281251317175093,,2020-06-28
4,intercept,4028.2505910739774,0.019450649448939032,207101.0842927769,0.0,***,2020-06-28
3,sma1,-0.9122398340242241,0.010185276479293476,-89.56456271744757,0.0,***,2020-06-28
2,sar1,0.9985769583731007,0.0003325757122704416,3002.5552724700615,0.0,***,2020-06-28
1,ma1,0.40542109396072457,0.0162499189993237,24.94911476036266,0.0,***,2020-06-28
0,ar1,0.9775483080364082,0.002833800334839345,344.9601921554674,0.0,***,2020-06-28
6,pv_capacity,2.315995735280154,1.53178889115073,1.5119549101445058,0.1305453336086746,,2020-06-28
15,cos_336_1,-7.891304531026003,0.9086756096499603,-8.684402274279034,0.0,***,2020-06-29
14,sin_336_1,10.835499075108249,2.972607696486778,3.6451157305130946,0.00026727149965877217,***,2020-06-29
13,lag_48*7,0.4099290942229709,0.01770181513728426,23.15746103118895,0.0,***,2020-06-29
12,solar_16,0.07233768978342234,0.11317778619334992,0.6391509519354138,0.5227247362912366,,2020-06-29
11,solar_4,-1.010569262822326,0.10233694914197404,-9.874920752428759,0.0,***,2020-06-29
10,temp_9,-6.1698377597005525,0.8660991459665601,-7.12370839808999,1.0507150705052481e-12,***,2020-06-29
9,temp_1,-14.004941706688742,1.1005197796138257,-12.725751927514741,0.0,***,2020-06-29
8,solar_power,-0.6290775519041745,0.10582485885009955,-5.944515860826803,2.772751139801244e-09,***,2020-06-29
6,pv_capacity,2.303202775250103,1.1748163588968927,1.96047897852965,0.049939832653973504,*,2020-06-29
5,rainfall,-0.6542297599812059,0.7303768124051849,-0.8957427849150617,0.3703901539058856,,2020-06-29
4,intercept,3927.1306149633238,0.019897667888157288,197366.37665465695,0.0,***,2020-06-29
3,sma1,-0.9161257953681371,0.008669762939499316,-105.66907097243467,0.0,***,2020-06-29
2,sar1,0.9986838037771784,0.00010655630977346706,9372.35726256217,0.0,***,2020-06-29
1,ma1,0.40796940908899726,0.013909845561034986,29.32954268247401,0.0,***,2020-06-29
0,ar1,0.977750541820009,0.0032946388593090943,296.7701722625372,0.0,***,2020-06-29
7,temperature,-14.459332321624558,1.0369852832557453,-13.94362345840403,0.0,***,2020-06-29
9,temp_1,-14.955929542447384,0.3870071360174322,-38.64510018175405,0.0,***,2020-06-30
15,cos_336_1,-8.336987389019308,0.10476984550519704,-79.574302594593,0.0,***,2020-06-30
14,sin_336_1,12.333314971949783,3.124987509576252,3.946676565635995,7.924348901555689e-05,***,2020-06-30
13,lag_48*7,0.4195796832972304,0.017911614032916426,23.42500695504955,0.0,***,2020-06-30
12,solar_16,0.05434007722087347,0.11565187917079055,0.469859008003026,0.6384557527263577,,2020-06-30
11,solar_4,-0.9634453013554016,0.11128327659106181,-8.657592864521972,0.0,***,2020-06-30
10,temp_9,-6.8960080713474845,0.5238897540231773,-13.163090170002446,0.0,***,2020-06-30
8,solar_power,-0.6469219999833626,0.10631632585988572,-6.0848792012991595,1.16579168540909e-09,***,2020-06-30
0,ar1,0.976822704737561,0.0028854588849846125,338.53287940464634,0.0,***,2020-06-30
6,pv_capacity,2.258998066467072,1.2890458958233315,1.7524574367650567,0.07969518253643137,.,2020-06-30
5,rainfall,-0.5725726042410031,0.7630653313987222,-0.7503585612931201,0.45303878133867137,,2020-06-30
4,intercept,4003.043839630143,0.020222017992547397,197954.71654240545,0.0,***,2020-06-30
3,sma1,-0.9150328614211577,0.008192129816468751,-111.69657731517566,0.0,***,2020-06-30
2,sar1,0.9986189990999863,0.00017873206722217772,5587.24024524724,0.0,***,2020-06-30
1,ma1,0.404089153031297,0.013983354473340669,28.897869520628607,0.0,***,2020-06-30
7,temperature,-14.499774357417579,0.19392188972388946,-74.77121008908637,0.0,***,2020-06-30
9,temp_1,-15.290557090259721,0.8896603756132281,-17.186959776330596,0.0,***,2020-07-01
15,cos_336_1,-8.004731399151185,1.0997311151342835,-7.278807782185703,3.368416656712725e-13,***,2020-07-01
14,sin_336_1,11.664448654151686,3.174444008017945,3.674485555483059,0.00023832912598664713,***,2020-07-01
13,lag_48*7,0.42669096819994135,0.017670024025281734,24.147729940233518,0.0,***,2020-07-01
12,solar_16,0.055072192754850036,0.12052330790086217,0.4569422604974492,0.6477125473901832,,2020-07-01
11,solar_4,-1.0204610650913213,0.11535943565229352,-8.845926293945363,0.0,***,2020-07-01
10,temp_9,-7.123820457870211,0.5207081433448597,-13.681023715337169,0.0,***,2020-07-01
8,solar_power,-0.671413981510625,0.10623282938232748,-6.320211797185919,2.612050575834246e-10,***,2020-07-01
7,temperature,-14.107823928676126,0.4062236836749348,-34.72920091967208,0.0,***,2020-07-01
6,pv_capacity,2.462711963476373,1.17231547300845,2.1007246088430858,0.035665147798688235,*,2020-07-01
5,rainfall,-0.6376115816900523,0.8790658594410387,-0.7253285687780924,0.4682504833030725,,2020-07-01
4,intercept,3896.318687432938,0.019421649462614234,200617.2902529813,0.0,***,2020-07-01
3,sma1,-0.9118958667150575,0.01002501126540208,-90.96207900156244,0.0,***,2020-07-01
2,sar1,0.9984927956646458,0.0003470085959525443,2877.4295718057547,0.0,***,2020-07-01
1,ma1,0.4002013532383378,0.0162671936340873,24.601745220498927,0.0,***,2020-07-01
0,ar1,0.9768579640138347,0.0029747240597960477,328.3860769529023,0.0,***,2020-07-01
14,sin_336_1,11.574360466251894,2.498246370580018,4.632994008339007,3.6041497404326606e-06,***,2020-07-02
13,lag_48*7,0.43344540286729827,0.016592910444922657,26.122325212689272,0.0,***,2020-07-02
12,solar_16,0.04338437640043119,0.11592940870030659,0.37423098148102996,0.7082324759799115,,2020-07-02
11,solar_4,-0.9964245494643986,0.10754255137262277,-9.265398084260623,0.0,***,2020-07-02
10,temp_9,-6.965164938233354,0.6286992063160821,-11.078692112634188,0.0,***,2020-07-02
9,temp_1,-15.202757595499163,0.9049053175794106,-16.800384858126368,0.0,***,2020-07-02
8,solar_power,-0.6549328222164377,0.11341811823660744,-5.774499104721066,7.71823405187888e-09,***,2020-07-02
15,cos_336_1,-6.89630568295053,1.7238367305384288,-4.000556178424459,6.319378217622962e-05,***,2020-07-02
6,pv_capacity,-4.3153956032642355,1.0090625321853721,-4.276638429848534,1.8973659161591883e-05,***,2020-07-02
5,rainfall,-0.4868783319330703,0.6209050004496994,-0.7841430356986038,0.4329561857037394,,2020-07-02
4,intercept,7883.693755743802,0.019461321383157613,405095.50202313485,0.0,***,2020-07-02
3,sma1,-0.9065549890070645,0.01033507677283025,-87.71632847375602,0.0,***,2020-07-02
2,sar1,0.9982569709970475,0.00040925897724925197,2439.181609910237,0.0,***,2020-07-02
1,ma1,0.3993336239367067,0.015785682390881947,25.297203760248458,0.0,***,2020-07-02
0,ar1,0.9772975385130266,0.0023439021998063756,416.95320674802855,0.0,***,2020-07-02
7,temperature,-14.7594129331803,0.2887152516267042,-51.12100192151801,0.0,***,2020-07-02
15,cos_336_1,-7.243065240101743,0.8172147637399613,-8.863111095734554,0.0,***,2020-07-03
14,sin_336_1,9.340500428471298,3.2040331490477345,2.9152321446010547,0.003554240565668554,**,2020-07-03
13,lag_48*7,0.44243071346986723,0.01751106050436724,25.265786350262765,0.0,***,2020-07-03
12,solar_16,0.04724969290723363,0.10979671550188964,0.43033794491257293,0.666949828734547,,2020-07-03
11,solar_4,-0.9937947787776187,0.11523918282012294,-8.623757600996138,0.0,***,2020-07-03
10,temp_9,-6.862961324094162,1.615686001309681,-4.2477073630216635,2.1596923825084602e-05,***,2020-07-03
9,temp_1,-14.996026425732868,2.314123950796308,-6.48021745791647,9.159051295171139e-11,***,2020-07-03
8,solar_power,-0.6567018973270251,0.11342297657613394,-5.789848910253392,7.044976824133187e-09,***,2020-07-03
7,temperature,-14.966919799234972,1.8641839444661494,-8.028671121036332,8.881784197001252e-16,***,2020-07-03
5,rainfall,-0.6546078201945988,0.9008884267341881,-0.7266247414983658,0.4674558675231042,,2020-07-03
4,intercept,10995.240996544728,0.019774485264324133,556031.7171128414,0.0,***,2020-07-03
3,sma1,-0.9104026454154436,0.009326771239228131,-97.61176961072191,0.0,***,2020-07-03
2,sar1,0.9983518028749508,0.0003209774268330091,3110.3489510941554,0.0,***,2020-07-03
1,ma1,0.39565459650956747,0.01409006249070995,28.0804004077651,0.0,***,2020-07-03
0,ar1,0.9777107367962713,0.0026607934032167194,367.4508271158088,0.0,***,2020-07-03
6,pv_capacity,-9.368941466158702,1.4678700721580449,-6.382677625128359,1.740179111919815e-10,***,2020-07-03
10,temp_9,-6.286320538783683,0.19668639710164473,-31.961135245845202,0.0,***,2020-07-04
15,cos_336_1,-6.757946484492428,0.3429028833620059,-19.70804799957893,0.0,***,2020-07-04
14,sin_336_1,11.74724064456073,0.5466754542776764,21.48850941201007,0.0,***,2020-07-04
13,lag_48*7,0.44143036252228074,0.01615271406840218,27.3285567151717,0.0,***,2020-07-04
12,solar_16,0.07554045259223491,0.10557451114301389,0.7155179008113607,0.4742890836921507,,2020-07-04
11,solar_4,-1.0148086674529573,0.10546083604206415,-9.62261163042734,0.0,***,2020-07-04
9,temp_1,-15.292881029624525,0.11975101905141736,-127.70564418377299,0.0,***,2020-07-04
8,solar_power,-0.6342484715892169,0.11070221938599738,-5.729320289214025,1.0083385015846602e-08,***,2020-07-04
6,pv_capacity,-11.760242023644707,1.0378578075819578,-11.33126516728162,0.0,***,2020-07-04
5,rainfall,-0.8028404905281832,0.6179538909375598,-1.2991915777245344,0.19387819116285154,,2020-07-04
4,intercept,12865.666144708815,0.019551930593072572,658025.3588495879,0.0,***,2020-07-04
3,sma1,-0.9208375274019477,0.008291826526552982,-111.05364113119616,0.0,***,2020-07-04
2,sar1,0.9987355491400212,0.00021146914164116526,4722.84297079496,0.0,***,2020-07-04
1,ma1,0.3887981147723589,0.016540029574036646,23.506494533883203,0.0,***,2020-07-04
0,ar1,0.978184738778199,0.00201690510754907,484.99294047942726,0.0,***,2020-07-04
7,temperature,-16.328109126843117,1.5783818514147467,-10.344840896521832,0.0,***,2020-07-04
15,cos_336_1,-7.671041294295414,1.555030892504846,-4.933047524180623,8.095644741246133e-07,***,2020-07-05
14,sin_336_1,12.130356671348272,0.8886450697419859,13.65039551152888,0.0,***,2020-07-05
12,solar_16,0.07853746495221953,0.10929336346640538,0.7185931740161002,0.4723916204119547,,2020-07-05
11,solar_4,-1.0258634623497098,0.13605487141406172,-7.540071529138085,4.707345624410664e-14,***,2020-07-05
10,temp_9,-5.436259085947275,1.7666218088603307,-3.077205918483635,0.002089509022347169,**,2020-07-05
9,temp_1,-15.5025615300931,2.2550058867061558,-6.8747321776340895,6.210587599753126e-12,***,2020-07-05
8,solar_power,-0.6309394547812417,0.1171101381147195,-5.387573312937109,7.141534830168439e-08,***,2020-07-05
13,lag_48*7,0.4432772149334635,0.020993209524282807,21.115266554202947,0.0,***,2020-07-05
6,pv_capacity,-13.241893034954245,2.737280178465781,-4.837609660541289,1.314098872606806e-06,***,2020-07-05
5,rainfall,-0.74874992734118,1.2847906188910923,-0.5827797279430861,0.5600415934769749,,2020-07-05
4,intercept,13838.392761994666,0.03700116536990577,373998.83554072795,0.0,***,2020-07-05
3,sma1,-0.9292404118432336,0.011892915412049676,-78.13394610557347,0.0,***,2020-07-05
2,sar1,0.9990299856136347,0.0003157298872832984,3164.192006685842,0.0,***,2020-07-05
1,ma1,0.38637855895709855,0.014100901038706173,27.40098366030024,0.0,***,2020-07-05
0,ar1,0.9779619709628091,0.0021205330943626973,461.18684662958526,0.0,***,2020-07-05
7,temperature,-15.797157738259557,2.416545121028367,-6.53708370714677,6.273004338197552e-11,***,2020-07-05
15,cos_336_1,-6.567587140890816,0.6447238851292763,-10.186666404601905,0.0,***,2020-07-06
14,sin_336_1,12.217150585500427,1.816193543194779,6.726788910398736,1.7344792269113896e-11,***,2020-07-06
13,lag_48*7,0.44432344649186345,0.01780040509053514,24.961423306490918,0.0,***,2020-07-06
12,solar_16,0.09131321080307495,0.1169474708882044,0.7808053488421784,0.43491698764976805,,2020-07-06
11,solar_4,-1.0545874366858463,0.11049627851843738,-9.544099139138682,0.0,***,2020-07-06
10,temp_9,-5.677923449742818,0.23472736054776244,-24.189440193477026,0.0,***,2020-07-06
9,temp_1,-15.121474971104,0.31909510615471764,-47.388614489662984,0.0,***,2020-07-06
8,solar_power,-0.6139263177809653,0.10819869415564774,-5.674064022416112,1.3944897681028579e-08,***,2020-07-06
5,rainfall,-0.8174986350052507,0.8197666924374722,-0.997233289113665,0.3186512861466271,,2020-07-06
6,pv_capacity,-15.390141621513948,0.6190500235980282,-24.860901437437516,0.0,***,2020-07-06
4,intercept,15271.638655858802,0.02552648038787388,598266.5225995454,0.0,***,2020-07-06
3,sma1,-0.9292751848090837,0.007227353738787801,-128.57751514525222,0.0,***,2020-07-06
2,sar1,0.9990453928284428,0.00015255317136595595,6548.833982820705,0.0,***,2020-07-06
1,ma1,0.3832434372463838,0.014869744460679415,25.77337077041289,0.0,***,2020-07-06
0,ar1,0.9768490909207396,0.0031097529760594858,314.1243367048887,0.0,***,2020-07-06
7,temperature,-16.500721000895,0.5906194334534304,-27.937991989889476,0.0,***,2020-07-06
11,solar_4,-1.0417496778609703,0.10818548799528482,-9.629292219917463,0.0,***,2020-07-07
10,temp_9,-5.5915852671772415,0.6732088487235738,-8.305870128978654,0.0,***,2020-07-07
12,solar_16,0.10481395551428901,0.11216629014459088,0.9344514771699755,0.35007105460904175,,2020-07-07
9,temp_1,-15.31572016777756,0.7029075040769462,-21.789097539782375,0.0,***,2020-07-07
14,sin_336_1,11.803955889216741,2.5802689073968255,4.574699890921634,4.769030953921671e-06,***,2020-07-07
15,cos_336_1,-6.628543429416365,1.3223410664670234,-5.0127335507519515,5.366218129854161e-07,***,2020-07-07
13,lag_48*7,0.4439443313354291,0.01776839884395257,24.985049876147084,0.0,***,2020-07-07
8,solar_power,-0.6105771158358948,0.10869776416361858,-5.6172003217731,1.940763727503736e-08,***,2020-07-07
0,ar1,0.977416422243964,0.0035730002606110317,273.55621353266076,0.0,***,2020-07-07
6,pv_capacity,-15.941631527085491,1.2717119703042201,-12.535567722360842,0.0,***,2020-07-07
5,rainfall,-0.8234303398859026,0.8122631386664959,-1.0137482555686819,0.31070289168750675,,2020-07-07
4,intercept,15722.746428438963,0.03185017384879779,493647.11486598145,0.0,***,2020-07-07
3,sma1,-0.9287116564230817,0.011174532324048636,-83.10966665015658,0.0,***,2020-07-07
2,sar1,0.9990273782290301,0.00032093100224580483,3112.9039302468614,0.0,***,2020-07-07
1,ma1,0.38587995918218204,0.014676585265038442,26.29221663034922,0.0,***,2020-07-07
7,temperature,-16.638007346481515,0.8019878037322572,-20.74596056081184,0.0,***,2020-07-07
15,cos_336_1,-6.67389196578469,0.6014555166944343,-11.096235349979038,0.0,***,2020-07-08
14,sin_336_1,12.97420564293584,0.8364749913422057,15.510572075941518,0.0,***,2020-07-08
13,lag_48*7,0.43866288357869876,0.017730273647433764,24.74089753500165,0.0,***,2020-07-08
12,solar_16,0.1013837544129294,0.1170468660782591,0.8661808539593265,0.38639099113039066,,2020-07-08
11,solar_4,-1.0171223978010104,0.11078153854407637,-9.181334824992799,0.0,***,2020-07-08
10,temp_9,-5.2401648455222976,0.1467383785701429,-35.71093599768399,0.0,***,2020-07-08
9,temp_1,-15.181539886935498,0.08761712901276901,-173.2713689434288,0.0,***,2020-07-08
8,solar_power,-0.6286287917010895,0.1156926260709705,-5.433611571021505,5.522472656949162e-08,***,2020-07-08
6,pv_capacity,-14.606129671768826,1.2099659157246365,-12.07152158746667,0.0,***,2020-07-08
5,rainfall,-0.7951026374666981,0.7789561953916032,-1.0207283056102758,0.3073831799794746,,2020-07-08
4,intercept,14859.359060637096,0.020507803168884585,724570.9810196747,0.0,***,2020-07-08
3,sma1,-0.929336669435886,0.01480716807804511,-62.76262041043705,0.0,***,2020-07-08
2,sar1,0.9990562287162594,0.0004597742251664624,2172.927872054047,0.0,***,2020-07-08
1,ma1,0.39041627123502226,0.015475624385520659,25.22782031336354,0.0,***,2020-07-08
0,ar1,0.9774325957686102,0.0019129017633151373,510.9685267238603,0.0,***,2020-07-08
7,temperature,-16.959934011500195,0.06975258164166305,-243.14417634931044,0.0,***,2020-07-08
9,temp_1,-16.639743405986902,0.4031657353792774,-41.272712301141105,0.0,***,2020-07-09
15,cos_336_1,-6.812707787948451,0.21438735795383926,-31.777563066080262,0.0,***,2020-07-09
14,sin_336_1,13.157055174628878,0.18818771794478428,69.91452640118234,0.0,***,2020-07-09
13,lag_48*7,0.43190584620273076,0.016710029709180226,25.84710223258601,0.0,***,2020-07-09
12,solar_16,0.1228267212510866,0.11184326773526675,1.0982039754222641,0.2721154307086395,,2020-07-09
11,solar_4,-1.0185873288865395,0.10800776449630071,-9.4306861514704,0.0,***,2020-07-09
10,temp_9,-4.7529305747962525,0.43533260131454304,-10.917929326781787,0.0,***,2020-07-09
8,solar_power,-0.6484845854838568,0.10548890205847397,-6.147419992336187,7.875340379825957e-10,***,2020-07-09
0,ar1,0.9774195663137446,0.0027340253901351483,357.5020077869243,0.0,***,2020-07-09
6,pv_capacity,-10.407606758778911,0.1281111284500692,-81.23889692248893,0.0,***,2020-07-09
5,rainfall,-0.6700971070852972,0.7876727277325207,-0.8507303648995322,0.39491915149186707,,2020-07-09
4,intercept,12148.482536487756,0.019558764251011725,621127.3054154915,0.0,***,2020-07-09
3,sma1,-0.9310512276060614,0.006478085269689814,-143.723212777445,0.0,***,2020-07-09
2,sar1,0.9990761153676994,2.53111081795592e-05,39471.84407257741,0.0,***,2020-07-09
1,ma1,0.39228902948650957,0.015766006093575553,24.881953435649272,0.0,***,2020-07-09
7,temperature,-17.115016907405163,1.291951187534237,-13.247417605668334,0.0,***,2020-07-09
9,temp_1,-15.890453717801305,0.5528577004589436,-28.74239375631409,0.0,***,2020-07-10
15,cos_336_1,-7.510741914411087,4.398632823242175,-1.707517361923157,0.08772593356526692,.,2020-07-10
14,sin_336_1,13.399508150546373,2.8665140636219673,4.674495869598317,2.946765659928019e-06,***,2020-07-10
13,lag_48*7,0.43165573786816325,0.017550469316199323,24.595110825312183,0.0,***,2020-07-10
12,solar_16,0.12832957688500968,0.1297426158764494,0.9891089062611061,0.32260986056067287,,2020-07-10
11,solar_4,-1.0434159378938697,0.11208929148564403,-9.308792339253088,0.0,***,2020-07-10
10,temp_9,-4.779544638023265,0.09600685332866277,-49.783369335742364,0.0,***,2020-07-10
8,solar_power,-0.6369109835347899,0.11420533416893074,-5.576893480235181,2.4485169447530097e-08,***,2020-07-10
0,ar1,0.9771095575438492,0.0033219075244331716,294.14110728761983,0.0,***,2020-07-10
6,pv_capacity,-6.903012023823692,3.3968819067486025,-2.0321613212721474,0.042137327143671355,*,2020-07-10
5,rainfall,-0.5662243435352678,0.911281025414135,-0.6213498665551004,0.5343694501536087,,2020-07-10
4,intercept,9666.06238981687,0.04218765516795383,229120.63615138558,0.0,***,2020-07-10
3,sma1,-0.924825116696567,0.008248963015149772,-112.1141063425868,0.0,***,2020-07-10
2,sar1,0.9989027502523184,0.00022896802271718297,4362.629935823591,0.0,***,2020-07-10
1,ma1,0.3889757578832183,0.016149446468393263,24.08601178031077,0.0,***,2020-07-10
7,temperature,-17.662107657750028,2.299864588708992,-7.679629376642774,1.5987211554602254e-14,***,2020-07-10
15,cos_336_1,-7.373383004588839,0.7872757876740399,-9.36569258197698,0.0,***,2020-07-11
14,sin_336_1,12.299127862765582,1.2477174643969404,9.857302004432649,0.0,***,2020-07-11
13,lag_48*7,0.42980538508891436,0.01768366043500695,24.305227227619824,0.0,***,2020-07-11
12,solar_16,0.13584808460506065,0.10974581279718057,1.2378429859198297,0.21577428608890648,,2020-07-11
11,solar_4,-1.0595353270475503,0.11297559911717134,-9.378443976638401,0.0,***,2020-07-11
10,temp_9,-5.369296240382797,0.29724293236130356,-18.063663272761456,0.0,***,2020-07-11
9,temp_1,-16.16741088466982,0.3905267647721743,-41.39898297137604,0.0,***,2020-07-11
8,solar_power,-0.6884166867118893,0.1126276767882947,-6.112322533349421,9.819147717138321e-10,***,2020-07-11
6,pv_capacity,-1.3751963969130259,1.25560822700174,-1.0952432194529738,0.2734100957774799,,2020-07-11
5,rainfall,-0.3623330301537351,0.8022157475735711,-0.4516653172786359,0.6515101073874356,,2020-07-11
4,intercept,6075.749662255167,0.019578490223502037,310327.79304717947,0.0,***,2020-07-11
3,sma1,-0.9099678142900067,0.009936323056955814,-91.5799344560354,0.0,***,2020-07-11
2,sar1,0.9983982600589213,0.00022223016972125012,4492.631496935101,0.0,***,2020-07-11
1,ma1,0.38973594589434024,0.015804855440506718,24.659254072990432,0.0,***,2020-07-11
0,ar1,0.9763407379139392,0.002776230953064041,351.67850024738823,0.0,***,2020-07-11
7,temperature,-17.914571669240075,0.10581907132530656,-169.29435729186764,0.0,***,2020-07-11
9,temp_1,-16.364947818301705,0.1460675652247028,-112.0368357829934,0.0,***,2020-07-12
15,cos_336_1,-7.476214492131573,0.5080436955651946,-14.715691893025745,0.0,***,2020-07-12
14,sin_336_1,13.395864793553333,0.9397803878350458,14.254250213087689,0.0,***,2020-07-12
13,lag_48*7,0.4290603907747186,0.016692749056646333,25.7033990817639,0.0,***,2020-07-12
12,solar_16,0.17810078364497298,0.11934218338838196,1.4923539907542132,0.1356063697673986,,2020-07-12
11,solar_4,-1.1891232608558742,0.10945155770946999,-10.864379509447481,0.0,***,2020-07-12
10,temp_9,-5.730954932315464,1.0621834366519927,-5.395447466568921,6.835298993479455e-08,***,2020-07-12
8,solar_power,-0.71356805633053,0.11049063746427733,-6.458176662807592,1.0597189792349582e-10,***,2020-07-12
7,temperature,-18.02061891997232,0.38644828433557,-46.63138549303075,0.0,***,2020-07-12
6,pv_capacity,0.6500718572767425,1.1149691761828362,0.5830402052030734,0.5598662350217438,,2020-07-12
5,rainfall,-0.24082093051794118,0.7422384362077542,-0.32445224980310083,0.7455956676494508,,2020-07-12
4,intercept,4700.3284076430255,0.019920829877755137,235950.43160785738,0.0,***,2020-07-12
3,sma1,-0.9064255641688885,0.022438663672504557,-40.39570169588959,0.0,***,2020-07-12
2,sar1,0.9981956871641303,0.0009510263887318313,1049.59830662028,0.0,***,2020-07-12
1,ma1,0.3951633107531953,0.016081331010418087,24.572798762564723,0.0,***,2020-07-12
0,ar1,0.9759026289457019,0.0035783584215914968,272.723554761086,0.0,***,2020-07-12
15,cos_336_1,-9.178027531332297,1.5456435239450492,-5.937997597212198,2.8852427114145485e-09,***,2020-07-13
14,sin_336_1,14.224819972257908,3.5018602937350285,4.062075234042515,4.8638395467648365e-05,***,2020-07-13
13,lag_48*7,0.43172804875595466,0.01800622787416129,23.976595863005763,0.0,***,2020-07-13
12,solar_16,0.16687484714245937,0.11411188109116538,1.462379250493128,0.14363731221791776,,2020-07-13
11,solar_4,-1.177790368027372,0.11243402201342123,-10.475391228882476,0.0,***,2020-07-13
10,temp_9,-5.752354784267604,0.4515576977675756,-12.73891423555897,0.0,***,2020-07-13
9,temp_1,-15.863555334061349,0.3791570277091124,-41.839011741150685,0.0,***,2020-07-13
8,solar_power,-0.7152461976193081,0.10003864040621176,-7.149699303339351,8.697487174913476e-13,***,2020-07-13
7,temperature,-17.85557235337808,0.4263896025087356,-41.876190808410406,0.0,***,2020-07-13
6,pv_capacity,-0.40914266922585796,0.8892884086622026,-0.46007871601671957,0.645459720695372,,2020-07-13
5,rainfall,-0.20802422779031815,0.7875674034835718,-0.264135141792543,0.7916757859157304,,2020-07-13
4,intercept,5350.236396375585,0.02292253541215355,233405.08805753157,0.0,***,2020-07-13
3,sma1,-0.8851550332723527,0.020539509629239366,-43.095236899535095,0.0,***,2020-07-13
2,sar1,0.9971223376880113,0.0010654123764254812,935.9027168742052,0.0,***,2020-07-13
1,ma1,0.3958479384546184,0.015697409997883556,25.217404559605033,0.0,***,2020-07-13
0,ar1,0.9756084767397887,0.003264159758021402,298.8850267951229,0.0,***,2020-07-13
14,sin_336_1,13.509172399380773,2.950804956285118,4.57813125554323,4.691482940577529e-06,***,2020-07-14
13,lag_48*7,0.43420108192691453,0.0182010061158721,23.855883524387785,0.0,***,2020-07-14
12,solar_16,0.17875636700564826,0.12355292806835343,1.4467999245372358,0.14795296792845836,,2020-07-14
11,solar_4,-1.1776386770017666,0.11913319588307564,-9.88505905740639,0.0,***,2020-07-14
10,temp_9,-5.313660391042667,1.171293684302729,-4.536573928686287,5.717545277894587e-06,***,2020-07-14
9,temp_1,-16.00748798805504,1.1523948938840214,-13.890627312746542,0.0,***,2020-07-14
8,solar_power,-0.7019767221699453,0.12438837422898331,-5.643427100974041,1.6669812641367798e-08,***,2020-07-14
15,cos_336_1,-7.681565844882362,1.2987584790821185,-5.914545289676348,3.327936592967262e-09,***,2020-07-14
6,pv_capacity,-1.7680845589425473,1.0709417632213571,-1.6509623769122683,0.09874625748943533,.,2020-07-14
5,rainfall,-0.17326025330751804,0.9326474228606833,-0.18577251066226264,0.8526231625676042,,2020-07-14
4,intercept,6369.464611836189,0.020281811085432876,314048.1185337027,0.0,***,2020-07-14
3,sma1,-0.9027472130724534,0.02146777961894334,-42.05126142975038,0.0,***,2020-07-14
2,sar1,0.9978461117151791,0.0010414398162206212,958.1409277555343,0.0,***,2020-07-14
1,ma1,0.3812234524381892,0.01588586289048993,23.997654711372878,0.0,***,2020-07-14
0,ar1,0.9740729843032696,0.002758124650792165,353.1649608452267,0.0,***,2020-07-14
7,temperature,-18.376723464094994,1.1186859572818684,-16.427061897465766,0.0,***,2020-07-14
14,sin_336_1,11.315271119879936,2.3767778290344275,4.760760968759455,1.9286436585552735e-06,***,2020-07-15
13,lag_48*7,0.43916570372594743,0.018425932088226477,23.834110623177587,0.0,***,2020-07-15
12,solar_16,0.230704213124435,0.11970307905753097,1.9273039168320418,0.05394176576066467,.,2020-07-15
11,solar_4,-1.2162667987160276,0.1309173125543644,-9.290343461724849,0.0,***,2020-07-15
10,temp_9,-5.617030581121988,0.1515549021301859,-37.06267829130957,0.0,***,2020-07-15
9,temp_1,-18.08571864868687,1.3830774436336322,-13.076432366051698,0.0,***,2020-07-15
8,solar_power,-0.7383429980558276,0.11869255585725862,-6.220634417408363,4.951485887971785e-10,***,2020-07-15
15,cos_336_1,-6.38656784894923,1.554444954701358,-4.108584115271053,3.980922128876685e-05,***,2020-07-15
6,pv_capacity,-1.2223990898670252,1.0751909796059764,-1.136913453566171,0.25557446739746315,,2020-07-15
5,rainfall,-0.18953806978065302,0.8843578623703618,-0.2143228186750445,0.8302953247151312,,2020-07-15
4,intercept,6061.685365110527,0.019433735734231468,311915.6012002982,0.0,***,2020-07-15
3,sma1,-0.9374297415369978,0.007230462039715193,-129.6500467588269,0.0,***,2020-07-15
2,sar1,0.9991216284112286,0.000196200224940026,5092.357201510027,0.0,***,2020-07-15
1,ma1,0.3830149862525298,0.013128488343425683,29.174340276908662,0.0,***,2020-07-15
0,ar1,0.9742102128736698,0.003667241968431831,265.65201349128785,0.0,***,2020-07-15
7,temperature,-19.342901154878803,1.2015506380249035,-16.09828212207058,0.0,***,2020-07-15
15,cos_336_1,-6.374836874047205,1.370660657111681,-4.650922780172704,3.30453054786517e-06,***,2020-07-16
14,sin_336_1,11.390191149248695,2.638730074805897,4.316542740767659,1.5849200378115214e-05,***,2020-07-16
13,lag_48*7,0.4373907527140941,0.01637605225145214,26.709169340572217,0.0,***,2020-07-16
12,solar_16,0.28581751531495736,0.12262718855073466,2.330784214274845,0.019764740912537215,*,2020-07-16
11,solar_4,-1.2484809071042688,0.12332312241769819,-10.123656315444528,0.0,***,2020-07-16
10,temp_9,-5.366886269317864,0.31969657628055054,-16.787437425066884,0.0,***,2020-07-16
9,temp_1,-18.871382490389138,0.9961053544514067,-18.945167201497807,0.0,***,2020-07-16
8,solar_power,-0.7409360288369271,0.117801118773763,-6.2897197968034115,3.180395946600356e-10,***,2020-07-16
7,temperature,-19.68114533293155,0.8696603246196675,-22.63084192272287,0.0,***,2020-07-16
5,rainfall,-0.06050539181947556,0.7923031608945145,-0.07636646526963826,0.9391275485096227,,2020-07-16
4,intercept,6836.696062855574,0.01958767866773984,349030.4379005028,0.0,***,2020-07-16
3,sma1,-0.9512433302556536,0.0046751494378513715,-203.4680052265518,0.0,***,2020-07-16
2,sar1,0.9994691933054487,6.553484846159654e-05,15250.957570934772,0.0,***,2020-07-16
1,ma1,0.384138000564554,0.015126497498285305,25.39503944043218,0.0,***,2020-07-16
0,ar1,0.974220935290814,0.0023727245093452037,410.5916769746134,0.0,***,2020-07-16
6,pv_capacity,-2.2545916702160866,0.970661217070965,-2.322737975479712,0.020193232878395806,*,2020-07-16
9,temp_1,-18.156352562209307,0.2780325565057494,-65.30297311363195,0.0,***,2020-07-17
14,sin_336_1,11.92002608446457,2.266453507863605,5.259329628032201,1.4458151431639976e-07,***,2020-07-17
13,lag_48*7,0.43863361073968876,0.016997165548414638,25.806279846500704,0.0,***,2020-07-17
12,solar_16,0.26440961758072257,0.11619755553110268,2.27551790028791,0.02287488011261396,*,2020-07-17
11,solar_4,-1.199615302247432,0.12061035158338933,-9.946205168119626,0.0,***,2020-07-17
10,temp_9,-5.670251300381147,0.5297155424463083,-10.704332506830081,0.0,***,2020-07-17
8,solar_power,-0.681337906192482,0.11360788981137449,-5.997276309979187,2.0065447081663024e-09,***,2020-07-17
15,cos_336_1,-6.694185642629144,0.48871184235781373,-13.697612913026056,0.0,***,2020-07-17
6,pv_capacity,-1.5650803232040573,0.9789515262338581,-1.598731174387261,0.10988034762656995,,2020-07-17
0,ar1,0.9738591871647951,0.0032166720399585563,302.75364571432726,0.0,***,2020-07-17
1,ma1,0.3822010045077169,0.01577168789614681,24.233360882134413,0.0,***,2020-07-17
2,sar1,0.9996111230495015,1.7755482130651112e-05,56298.73160830045,0.0,***,2020-07-17
7,temperature,-19.78854801608685,0.7462876549841344,-26.51597930627372,0.0,***,2020-07-17
4,intercept,6363.767315303872,0.041152745412392285,154637.7344095142,0.0,***,2020-07-17
5,rainfall,0.10621412975272904,0.45270934036232197,0.23461881671741405,0.8145046035343435,,2020-07-17
3,sma1,-0.9574651675606194,0.0035031139694983488,-273.3183036285085,0.0,***,2020-07-17
14,sin_336_1,16.06244672858303,1.3189220675852906,12.17846537209775,0.0,***,2020-07-18
13,lag_48*7,0.4353522230059841,0.01546939211861062,28.142813865467208,0.0,***,2020-07-18
12,solar_16,0.268525120637331,0.11501307530723323,2.3347355934968497,0.019557237638203384,*,2020-07-18
11,solar_4,-1.1855248318853135,0.11821999445970653,-10.02812457658659,0.0,***,2020-07-18
10,temp_9,-4.8771144710714625,0.8323927885869734,-5.859150316944237,4.65241445368747e-09,***,2020-07-18
9,temp_1,-17.721999731857064,1.2129339020499177,-14.610853651551842,0.0,***,2020-07-18
8,solar_power,-0.6233591336666109,0.11162248523488054,-5.584530145112908,2.343328708853676e-08,***,2020-07-18
15,cos_336_1,-6.646868245293199,0.9528108395785787,-6.976062791469774,3.035571793930103e-12,***,2020-07-18
6,pv_capacity,-0.4364675734914698,1.2001911425275424,-0.363665051361978,0.7161081438852035,,2020-07-18
5,rainfall,1.0123249211548142,0.3086185955413617,3.2801812197319147,0.0010374042751777335,**,2020-07-18
4,intercept,5606.333006778811,0.01941470655240329,288767.33169499383,0.0,***,2020-07-18
3,sma1,-0.9570603210643811,0.004161071881829811,-230.0033136278142,0.0,***,2020-07-18
2,sar1,0.9996086313448476,1.9420647814838953e-05,51471.43601363624,0.0,***,2020-07-18
1,ma1,0.38216154755752135,0.016051387343186455,23.808630331243144,0.0,***,2020-07-18
0,ar1,0.9746133499732313,0.0013408570756705462,726.8584904814252,0.0,***,2020-07-18
7,temperature,-18.979835754531877,0.4629881177051801,-40.99421783998739,0.0,***,2020-07-18
15,cos_336_1,-8.444611189227068,3.576776263919678,-2.360955946395395,0.018227895803120786,*,2020-07-19
14,sin_336_1,13.457527209832115,1.0953627395855319,12.285909245848762,0.0,***,2020-07-19
13,lag_48*7,0.425185774972089,0.015105920337039301,28.14696261369426,0.0,***,2020-07-19
12,solar_16,0.239540933581813,0.11682741433357836,2.0503829083972502,0.040327079726569126,*,2020-07-19
11,solar_4,-1.1994761454022846,0.12113967297523923,-9.901596363459358,0.0,***,2020-07-19
10,temp_9,-3.9663198286183534,1.3447931394878436,-2.9493902907096197,0.0031840159692910763,**,2020-07-19
9,temp_1,-16.837675638903445,1.4845192209203444,-11.342174221540047,0.0,***,2020-07-19
8,solar_power,-0.6012930018250131,0.11343851951085601,-5.300606922743466,1.1541834643580273e-07,***,2020-07-19
7,temperature,-18.45406117108371,0.42794345007284135,-43.12266297788317,0.0,***,2020-07-19
5,rainfall,1.182900690768811,0.5765496057514811,2.051689358501955,0.040199861598217757,*,2020-07-19
4,intercept,5540.106689366346,0.019398500977516685,285594.5774257227,0.0,***,2020-07-19
3,sma1,-0.9600615409885656,0.0041878634336213125,-229.24853119156873,0.0,***,2020-07-19
1,ma1,0.3824719116327148,0.013504145410986537,28.3225557776909,0.0,***,2020-07-19
0,ar1,0.9755028416085395,0.0015321876219309015,636.6732296004234,0.0,***,2020-07-19
6,pv_capacity,-0.2882129305395438,1.148263018072246,-0.2509990533557444,0.8018148410794146,,2020-07-19
2,sar1,0.999678912923105,2.6832371329762257e-05,37256.45045073854,0.0,***,2020-07-19
15,cos_336_1,-4.501379981047411,2.253792738314289,-1.9972466431914195,0.04579839642253303,*,2020-07-20
8,solar_power,-0.5736226272182989,0.11764160417160249,-4.876018405712676,1.0824851279789272e-06,***,2020-07-20
14,sin_336_1,12.592433257197749,2.797923289152214,4.500635634300512,6.775055655605655e-06,***,2020-07-20
13,lag_48*7,0.4209874156993543,0.01763379787450991,23.87389368389563,0.0,***,2020-07-20
12,solar_16,0.2631217158460224,0.1247236668677458,2.1096374285165203,0.03488959785875578,*,2020-07-20
11,solar_4,-1.2191391256922444,0.11906035687478528,-10.239673033857963,0.0,***,2020-07-20
10,temp_9,-4.387228847446857,0.3686656847715938,-11.900290774729841,0.0,***,2020-07-20
9,temp_1,-15.632793607236609,1.528554919017285,-10.227171698408458,0.0,***,2020-07-20
7,temperature,-17.893146528423983,0.27741401818799777,-64.4997922069611,0.0,***,2020-07-20
5,rainfall,0.9758979014035987,0.876282059636272,1.1136801109549992,0.2654164447414675,,2020-07-20
4,intercept,6414.1253886342065,0.020010701547686846,320534.7585315245,0.0,***,2020-07-20
3,sma1,-0.9489437212196322,0.0073708871741007456,-128.74213087319495,0.0,***,2020-07-20
2,sar1,0.999473780755367,0.00014835057735090794,6737.242271671213,0.0,***,2020-07-20
1,ma1,0.3778006163946916,0.015714275134955668,24.041873592647736,0.0,***,2020-07-20
0,ar1,0.9765654131741907,0.0034663140426984605,281.7302186543816,0.0,***,2020-07-20
6,pv_capacity,-1.6884860518222098,1.4869594762689906,-1.1355292990625947,0.256153613005605,,2020-07-20
14,sin_336_1,15.514481683767626,0.3581630547664224,43.316811930492,0.0,***,2020-07-21
13,lag_48*7,0.38765625776951845,0.017746838563231306,21.843679728550754,0.0,***,2020-07-21
12,solar_16,0.29028084963369893,0.13280596486593702,2.1857515957715252,0.028833783827222792,*,2020-07-21
11,solar_4,-1.2947990778191585,0.1321253206989314,-9.799780019225569,0.0,***,2020-07-21
10,temp_9,-3.98770153258371,1.3707590066267614,-2.9091193370283692,0.003624484781845849,**,2020-07-21
9,temp_1,-14.681535471949372,0.5462701777618715,-26.875960046183053,0.0,***,2020-07-21
8,solar_power,-0.6145826383713029,0.12503302750711187,-4.915362369645456,8.861838907137098e-07,***,2020-07-21
15,cos_336_1,-6.047137350177703,0.14963300407952232,-40.41312534876302,0.0,***,2020-07-21
6,pv_capacity,0.3030763066705191,1.3553269124029548,0.22361859998277,0.8230540894530112,,2020-07-21
5,rainfall,0.996080041061056,1.6028398078231851,0.6214470318239919,0.5343055351608408,,2020-07-21
4,intercept,5388.81558125994,0.02083615022304398,258628.17860182814,0.0,***,2020-07-21
3,sma1,-0.9618725550898479,0.003539077744427601,-271.7862179219852,0.0,***,2020-07-21
2,sar1,0.999733244141618,1.3009326470418931e-05,76847.42530021419,0.0,***,2020-07-21
1,ma1,0.3820039621317617,0.015988632069305106,23.892222954153215,0.0,***,2020-07-21
0,ar1,0.9758595386972155,0.0015938946805926148,612.2484443792661,0.0,***,2020-07-21
7,temperature,-15.957636954527942,0.22775159991620575,-70.06597082259385,0.0,***,2020-07-21
15,cos_336_1,-9.311935524424008,0.037361543255256556,-249.23851407326094,0.0,***,2020-07-22
14,sin_336_1,11.468875831051172,0.1326641643970809,86.45044336708256,0.0,***,2020-07-22
13,lag_48*7,0.380317497499426,0.017653479009517567,21.543487110636065,0.0,***,2020-07-22
12,solar_16,0.2928971559027706,0.22236142811450255,1.3172120649987302,0.18776755086604302,,2020-07-22
11,solar_4,-1.445469059137828,0.1369651864666339,-10.55355084330104,0.0,***,2020-07-22
10,temp_9,-3.802015371665544,0.039097049450153125,-97.2455831101253,0.0,***,2020-07-22
9,temp_1,-14.356091379331856,0.0722062420250753,-198.8206417714741,0.0,***,2020-07-22
8,solar_power,-0.6387417381462228,0.14166858454805895,-4.508704171668626,6.522478115611463e-06,***,2020-07-22
7,temperature,-16.211964838907832,0.0985406512294084,-164.520577412924,0.0,***,2020-07-22
5,rainfall,1.0353853027317896,0.02462361761172555,42.04846416388258,0.0,***,2020-07-22
4,intercept,4050.52968146014,0.019326068264084572,209588.915143574,0.0,***,2020-07-22
3,sma1,-1.0188605256354046,0.003957105015960045,-257.47624122333684,0.0,***,2020-07-22
2,sar1,0.9999376034920842,3.5052293136548376e-06,285270.2388390869,0.0,***,2020-07-22
1,ma1,0.3920308163396489,0.015202998893965022,25.786413527614567,0.0,***,2020-07-22
0,ar1,0.9753147645597633,0.004563575114114419,213.71725898479647,0.0,***,2020-07-22
6,pv_capacity,2.570898588583418,0.696125995658392,3.693151246495079,0.0002214921986436469,***,2020-07-22
9,temp_1,-14.462508597453073,0.2444219243429767,-59.17025911783205,0.0,***,2020-07-23
14,sin_336_1,16.224774814974637,0.30701710971162743,52.84648412661468,0.0,***,2020-07-23
13,lag_48*7,0.3802433365557602,0.015757374159805073,24.131135854202753,0.0,***,2020-07-23
12,solar_16,0.302511345981971,0.1416670219910351,2.1353688510591717,0.0327308929549055,*,2020-07-23
11,solar_4,-1.4785180034053305,0.1346435048299316,-10.980982746051128,0.0,***,2020-07-23
10,temp_9,-3.379663643865005,0.16772541813195943,-20.149978944789545,0.0,***,2020-07-23
8,solar_power,-0.614079747623606,0.12778938803481557,-4.805404870209591,1.544386576624035e-06,***,2020-07-23
15,cos_336_1,-7.525943282774331,0.0629824150947288,-119.49277066392143,0.0,***,2020-07-23
6,pv_capacity,4.301828272555447,1.418738312686796,3.03215063277503,0.002428179988889667,**,2020-07-23
5,rainfall,1.1660082687733748,0.6867123290557541,1.6979573824991088,0.08951580568424866,.,2020-07-23
4,intercept,2816.6162356475156,0.019462665178276887,144718.9380204342,0.0,***,2020-07-23
3,sma1,-0.9744168760340703,0.009549657500308185,-102.03684016967352,0.0,***,2020-07-23
2,sar1,0.9998791943681448,8.534043794839091e-05,11716.35883768039,0.0,***,2020-07-23
1,ma1,0.3953269554056108,0.015389252284699846,25.68850962295608,0.0,***,2020-07-23
0,ar1,0.9763504430688048,0.0030723880238853504,317.7822708194616,0.0,***,2020-07-23
7,temperature,-16.358718277007995,0.204371643163825,-80.0439729492941,0.0,***,2020-07-23
15,cos_336_1,-5.188355272890959,0.09832325165367854,-52.768345082460954,0.0,***,2020-07-24
14,sin_336_1,16.785117097564342,0.240023797319831,69.93105385795653,0.0,***,2020-07-24
13,lag_48*7,0.38883705173329236,0.016802480955693443,23.14164513910886,0.0,***,2020-07-24
12,solar_16,0.30006726263070216,0.13300909090974114,2.2559906287482656,0.024071218031179065,*,2020-07-24
11,solar_4,-1.4910778256305068,0.13927186777668085,-10.706238448825967,0.0,***,2020-07-24
10,temp_9,-3.6740494532301193,0.27456025519206545,-13.381577936908533,0.0,***,2020-07-24
9,temp_1,-15.268248905680187,0.21964603750459996,-69.51297223088046,0.0,***,2020-07-24
8,solar_power,-0.5551455915307599,0.1366105808388713,-4.063708595057802,4.829911895742889e-05,***,2020-07-24
7,temperature,-16.710661398364977,0.12783114049650723,-130.7244958736918,0.0,***,2020-07-24
6,pv_capacity,2.8252228908820456,1.2595571510592585,2.2430287410984873,0.024894961181688657,*,2020-07-24
5,rainfall,0.8304792979032101,0.3175753757124951,2.6150620023356383,0.008921125935732688,**,2020-07-24
4,intercept,3851.370003896613,0.019507111951691504,197434.14675808288,0.0,***,2020-07-24
3,sma1,-0.9861575733211803,0.0014732129661164204,-669.3924069381625,0.0,***,2020-07-24
2,sar1,0.999964148907682,2.4675410872311295e-08,40524721.31395223,0.0,***,2020-07-24
1,ma1,0.39757326640301793,0.014227754386708353,27.943500822198132,0.0,***,2020-07-24
0,ar1,0.9752434603974314,1.3736521083506753e-05,70996.39380806487,0.0,***,2020-07-24
14,sin_336_1,13.076350809409643,1.8632710066034612,7.017954319616875,2.2513102493348924e-12,***,2020-07-25
13,lag_48*7,0.3858107287920584,0.01829927959307225,21.083383464894368,0.0,***,2020-07-25
12,solar_16,0.2994721414614695,0.12354610221685308,2.4239707776116153,0.015351840758589974,*,2020-07-25
11,solar_4,-1.4689610889439364,0.1322867258517498,-11.104372562596808,0.0,***,2020-07-25
10,temp_9,-4.363469793938078,0.14076007031103693,-30.999343665402677,0.0,***,2020-07-25
9,temp_1,-14.884041680176527,1.3745909585041693,-10.827978743853626,0.0,***,2020-07-25
8,solar_power,-0.5573695855290453,0.12693271835181816,-4.391063177140739,1.1279775756323218e-05,***,2020-07-25
15,cos_336_1,-6.617916326719557,1.8047775761267961,-3.6668874958664768,0.00024552075021722075,***,2020-07-25
6,pv_capacity,-0.4548595352699891,1.1888621531026988,-0.3826007364124548,0.7020158241550913,,2020-07-25
5,rainfall,1.1627607852789623,0.38013801437507233,3.058785865419122,0.00222235938062032,**,2020-07-25
4,intercept,5954.313473309661,0.02104627221711392,282915.3501334964,0.0,***,2020-07-25
3,sma1,-0.9413645638287614,0.009982131801919234,-94.30496235761665,0.0,***,2020-07-25
2,sar1,0.9993552975968331,0.0002100092032891371,4758.626202780921,0.0,***,2020-07-25
1,ma1,0.3928246359691712,0.014575195430000512,26.95158619695828,0.0,***,2020-07-25
0,ar1,0.9742023612936951,0.0033533203334233153,290.5187290291345,0.0,***,2020-07-25
7,temperature,-17.67313209703474,1.4223526510467706,-12.425281510902602,0.0,***,2020-07-25
14,sin_336_1,13.450932427819012,0.27108731145255954,49.6184508073995,0.0,***,2020-07-26
13,lag_48*7,0.38627243831311964,0.01797062789557115,21.4946545305919,0.0,***,2020-07-26
12,solar_16,0.29990210949771556,0.13238144926742365,2.265439086498317,0.02348574805032566,*,2020-07-26
11,solar_4,-1.5372515773001483,0.12145537812348894,-12.656924716311517,0.0,***,2020-07-26
10,temp_9,-3.9309639728169814,0.19146613767030848,-20.5308574176486,0.0,***,2020-07-26
9,temp_1,-15.841879113144913,1.910895167082722,-8.29029210290484,2.220446049250313e-16,***,2020-07-26
8,solar_power,-0.49562099953550387,0.11813907640957783,-4.195233402851646,2.725907400691341e-05,***,2020-07-26
15,cos_336_1,-7.3773626872302875,0.2013119814016464,-36.64641635269282,0.0,***,2020-07-26
6,pv_capacity,-4.358645293666953,0.822951278317496,-5.2963588592730515,1.1813456946008216e-07,***,2020-07-26
5,rainfall,0.41346705802932604,0.12704201045601593,3.254569543926379,0.001135643517055307,**,2020-07-26
4,intercept,8889.917425708934,0.0194180792715298,457816.5173495332,0.0,***,2020-07-26
3,sma1,-0.9657777167343383,0.02339499046236516,-41.28138963287704,0.0,***,2020-07-26
2,sar1,0.9997748699497002,0.00033703598897324473,2966.374223107273,0.0,***,2020-07-26
1,ma1,0.398950245164155,0.013409402157002806,29.75153108938647,0.0,***,2020-07-26
0,ar1,0.9734228558824967,0.003189084309803326,305.23584870119936,0.0,***,2020-07-26
7,temperature,-18.61714731742586,0.6921558525169775,-26.897334248819647,0.0,***,2020-07-26
15,cos_336_1,-6.504020392579871,0.03357807907635913,-193.6984059686449,0.0,***,2020-07-27
14,sin_336_1,10.347464206116767,0.404423906298906,25.58568879078343,0.0,***,2020-07-27
13,lag_48*7,0.37948887418635746,0.01892068168598226,20.05682884393689,0.0,***,2020-07-27
12,solar_16,0.3073101735270019,0.13559668022154317,2.2663547000185145,0.023429674805424128,*,2020-07-27
11,solar_4,-1.7418568297462365,0.13285872762076262,-13.11059394395424,0.0,***,2020-07-27
10,temp_9,-3.889180097920894,0.3425269323268458,-11.35437751274333,0.0,***,2020-07-27
9,temp_1,-18.832625217258375,0.0906692197234721,-207.70692937134714,0.0,***,2020-07-27
8,solar_power,-0.522743851502014,0.13152601058784424,-3.9744522711945347,7.05414059107845e-05,***,2020-07-27
7,temperature,-19.28251069015431,0.08370896653280248,-230.35179490118543,0.0,***,2020-07-27
5,rainfall,-0.28623051528111887,0.14614682702040482,-1.958513373958887,0.05016980328709986,.,2020-07-27
4,intercept,9631.331407329795,0.019373755557517875,497132.90635549556,0.0,***,2020-07-27
3,sma1,-0.9900312687160744,0.0010310279023641432,-960.2371249564986,0.0,***,2020-07-27
2,sar1,0.9999803902335237,4.5319653554914696e-07,2206504.9306297726,0.0,***,2020-07-27
1,ma1,0.40619729552216177,0.013269080814031614,30.612316046234458,0.0,***,2020-07-27
0,ar1,0.9713785830750828,0.00044559255970233095,2179.9703830871695,0.0,***,2020-07-27
6,pv_capacity,-5.676009367192279,0.9491515009113861,-5.980087859253354,2.230172935213659e-09,***,2020-07-27
9,temp_1,-18.51706381270103,1.4940810490698542,-12.393614003891487,0.0,***,2020-07-28
14,sin_336_1,10.047009772111483,1.1135788011599892,9.02227104327574,0.0,***,2020-07-28
13,lag_48*7,0.37586304108767243,0.01684094960663746,22.318399488561795,0.0,***,2020-07-28
12,solar_16,0.30947693992556125,0.1347093632392878,2.2973676994956107,0.02159780277413681,*,2020-07-28
11,solar_4,-1.826121249982549,0.13938540760251525,-13.101236932850897,0.0,***,2020-07-28
10,temp_9,-4.69845238330717,1.4765777712553039,-3.1819877522013678,0.0014626800381833949,**,2020-07-28
8,solar_power,-0.5349452695613763,0.12119832731699916,-4.4138007627960505,1.0157144198164048e-05,***,2020-07-28
15,cos_336_1,-5.64052693983908,0.18610304766902155,-30.308622080550666,0.0,***,2020-07-28
6,pv_capacity,-7.420549346404897,1.1451161549234545,-6.480171740220471,9.161826852732702e-11,***,2020-07-28
0,ar1,0.9708452977025742,0.0033254427808570306,291.9446707341537,0.0,***,2020-07-28
1,ma1,0.4056637233545376,0.014755140987204766,27.49304284563038,0.0,***,2020-07-28
2,sar1,0.9999443892407659,2.6562917719621797e-05,37644.37324978482,0.0,***,2020-07-28
7,temperature,-19.063909673988917,1.3014835790666304,-14.647829585111444,0.0,***,2020-07-28
4,intercept,10491.509323844544,0.019476606192944834,538672.3549221305,0.0,***,2020-07-28
5,rainfall,-0.30905069405289964,0.47421461400412446,-0.6517106072361821,0.5145878785097924,,2020-07-28
3,sma1,-0.9831720049075034,0.0045161701156795474,-217.7003920853335,0.0,***,2020-07-28
14,sin_336_1,10.723506085343136,0.9233141957611052,11.614146229500511,0.0,***,2020-07-29
13,lag_48*7,0.36984376838381977,0.017697881428825942,20.89762946323202,0.0,***,2020-07-29
12,solar_16,0.3570384512147575,0.11995478960140253,2.9764418111286735,0.0029161441604885763,**,2020-07-29
11,solar_4,-1.8659027833643123,0.12697465478350697,-14.69508057766091,0.0,***,2020-07-29
10,temp_9,-3.870864838701669,1.0757273253374875,-3.5983699098535626,0.00032021795489955984,***,2020-07-29
9,temp_1,-19.38960177928127,1.1301554125050817,-17.156580028495938,0.0,***,2020-07-29
8,solar_power,-0.5148942063480035,0.1280438485673532,-4.021233445487704,5.7894194767316165e-05,***,2020-07-29
15,cos_336_1,-5.240098032898067,0.13682552905900508,-38.297663228024575,0.0,***,2020-07-29
6,pv_capacity,-5.989890153682367,1.0702520278487062,-5.596709931699484,2.1845775410866963e-08,***,2020-07-29
5,rainfall,-0.05271756840738817,0.5728133643634549,-0.09203271377226184,0.9266720480476713,,2020-07-29
4,intercept,9799.999271657147,0.019399606032124622,505164.8603290663,0.0,***,2020-07-29
3,sma1,-0.9659948549982397,0.006170559739881317,-156.54898351520043,0.0,***,2020-07-29
2,sar1,0.9997701565436711,6.86673888827844e-05,14559.606427590892,0.0,***,2020-07-29
1,ma1,0.4057084615712113,0.014897213648633502,27.233848633729323,0.0,***,2020-07-29
0,ar1,0.9704865392036182,0.0026708979159053184,363.355908671884,0.0,***,2020-07-29
7,temperature,-19.331294690026084,0.7861178907728673,-24.590834169949538,0.0,***,2020-07-29
15,cos_336_1,-4.374519622954803,0.7445614658910246,-5.87529683357944,4.220863436543709e-09,***,2020-07-30
14,sin_336_1,12.932394526092908,1.04679994533698,12.35421780799748,0.0,***,2020-07-30
13,lag_48*7,0.3746083127949577,0.0175286247002771,21.3712324383918,0.0,***,2020-07-30
12,solar_16,0.3264991149787414,0.13050543169918918,2.5018047963805166,0.0123562031816693,*,2020-07-30
11,solar_4,-1.857100245390006,0.11978917376268194,-15.503072498597954,0.0,***,2020-07-30
10,temp_9,-4.293426047881139,0.5589084541583618,-7.681805519199814,1.5765166949677223e-14,***,2020-07-30
9,temp_1,-19.300020896243073,0.3154000066996621,-61.192201922244756,0.0,***,2020-07-30
8,solar_power,-0.541141580536987,0.11244919340805584,-4.812320694674007,1.4918770374627854e-06,***,2020-07-30
7,temperature,-20.563334600373707,1.6243059771389603,-12.659766626355585,0.0,***,2020-07-30
5,rainfall,-0.1435798024050996,0.42500090770228166,-0.3378341076524924,0.7354882052798248,,2020-07-30
4,intercept,10664.333158922105,0.019784100771133226,539035.5256622187,0.0,***,2020-07-30
3,sma1,-0.9678973119378586,0.005853063423717156,-165.36593606962276,0.0,***,2020-07-30
1,ma1,0.4059364850809853,0.016167998403021265,25.10740507032269,0.0,***,2020-07-30
0,ar1,0.9707325042618787,0.0030232942611709683,321.0843604373129,0.0,***,2020-07-30
6,pv_capacity,-7.368432915842845,0.7985979659800407,-9.226711348807772,0.0,***,2020-07-30
2,sar1,0.9997898973773237,6.257632373907022e-05,15977.127412377755,0.0,***,2020-07-30
15,cos_336_1,-6.890443324613617,0.3615261746556349,-19.059320756448635,0.0,***,2020-07-31
8,solar_power,-0.5708820054944681,0.13216261469019147,-4.319542306519125,1.5635313401096695e-05,***,2020-07-31
14,sin_336_1,11.985379374797295,1.8933600139541995,6.330216803177519,2.4481705551693267e-10,***,2020-07-31
13,lag_48*7,0.37898731720445766,0.017296831209874557,21.910794677125498,0.0,***,2020-07-31
12,solar_16,0.33728866576577776,0.13387517689178674,2.5194264806717164,0.01175461850401649,*,2020-07-31
11,solar_4,-1.8725406243391394,0.13516966194433017,-13.853261134220697,0.0,***,2020-07-31
10,temp_9,-4.348113331204021,2.0088454647082092,-2.164483733364526,0.030427243684699068,*,2020-07-31
9,temp_1,-19.44997951079781,1.159298714599401,-16.777366580207765,0.0,***,2020-07-31
7,temperature,-20.767582549386816,1.320927647464169,-15.721968261664498,0.0,***,2020-07-31
5,rainfall,-0.35799590184834074,0.5857679988120027,-0.6111564690703367,0.5410959988203459,,2020-07-31
4,intercept,10060.73132493179,0.021514558397062063,467624.34716325114,0.0,***,2020-07-31
3,sma1,-0.9617233431202464,0.01997309317836982,-48.15094660259033,0.0,***,2020-07-31
2,sar1,0.9996964325827046,0.0003448875270895655,2898.6157922814314,0.0,***,2020-07-31
1,ma1,0.4031567259169119,0.014951511697559053,26.964278533971267,0.0,***,2020-07-31
0,ar1,0.9699153735616926,0.0019886672266827827,487.72130427249516,0.0,***,2020-07-31
6,pv_capacity,-6.802211274170745,1.0256058384060074,-6.632383533173636,3.303091133943781e-11,***,2020-07-31
14,sin_336_1,12.280348283511758,0.3079330892361991,39.87992428475965,0.0,***,2020-08-01
13,lag_48*7,0.37707285530173734,0.01894091805490567,19.90784470999155,0.0,***,2020-08-01
12,solar_16,0.32647699933236074,0.13218283208157736,2.469889577875542,0.013515476421672723,*,2020-08-01
11,solar_4,-1.8555292499606484,0.13134669811217003,-14.126957712907462,0.0,***,2020-08-01
10,temp_9,-4.437322869697887,0.10828393039112058,-40.97859076291668,0.0,***,2020-08-01
9,temp_1,-19.3179177947548,0.5098595187300533,-37.888706761563334,0.0,***,2020-08-01
8,solar_power,-0.6017673428943908,0.11644208713550766,-5.167953939146535,2.3667061510579401e-07,***,2020-08-01
15,cos_336_1,-5.013355314175544,0.09202124964918719,-54.48040896301636,0.0,***,2020-08-01
6,pv_capacity,-6.507594491927932,0.8181104797458386,-7.954420158448085,1.7763568394002505e-15,***,2020-08-01
5,rainfall,-0.25548326133133514,0.6324995182825207,-0.4039264125055311,0.6862668330506305,,2020-08-01
4,intercept,10018.572568684225,0.01935333018115143,517666.59664813144,0.0,***,2020-08-01
3,sma1,-0.9522698553746065,0.005813174745162462,-163.81235677923755,0.0,***,2020-08-01
2,sar1,0.9995232328838839,7.851581407452412e-05,12730.21549436112,0.0,***,2020-08-01
1,ma1,0.4034793641663043,0.015250771330390113,26.456325088442814,0.0,***,2020-08-01
0,ar1,0.9694442063821666,0.001191349796609729,813.7359901692618,0.0,***,2020-08-01
7,temperature,-20.900624627187085,0.07428336208267,-281.3634714584777,0.0,***,2020-08-01
15,cos_336_1,-7.839921633754812,1.5546923669058619,-5.042747877741093,4.5889371680374325e-07,***,2020-08-02
14,sin_336_1,13.164805146681251,2.043593260495349,6.441988922732217,1.179178976684625e-10,***,2020-08-02
13,lag_48*7,0.3703258659233136,0.016750401770880986,22.10847661977223,0.0,***,2020-08-02
12,solar_16,0.2949055069512826,0.1300228932303961,2.268104482406188,0.023322839240585758,*,2020-08-02
11,solar_4,-1.8734970279402248,0.132791905780258,-14.108518263458457,0.0,***,2020-08-02
10,temp_9,-4.070362200533808,2.2984326217541136,-1.7709295291098837,0.07657242117819107,.,2020-08-02
9,temp_1,-19.60150314805061,1.4707918743453032,-13.327176665818794,0.0,***,2020-08-02
8,solar_power,-0.602628840884563,0.12380692384304359,-4.867489007711286,1.130251162662077e-06,***,2020-08-02
7,temperature,-22.101287285563444,0.5549365664678763,-39.826691231100966,0.0,***,2020-08-02
5,rainfall,-0.3010763919236865,0.6689832638380006,-0.45005070858782276,0.6526738773667458,,2020-08-02
4,intercept,11707.164781446107,0.3271272568117537,35787.79981694716,0.0,***,2020-08-02
3,sma1,-0.957296876393063,0.004291124960315408,-223.08762509742886,0.0,***,2020-08-02
2,sar1,0.9996290077989239,2.969159833352888e-05,33667.06623772776,0.0,***,2020-08-02
1,ma1,0.40212302331920613,0.014254355840552416,28.210536331301675,0.0,***,2020-08-02
0,ar1,0.9706623564576986,0.001063135833420528,913.0181919790009,0.0,***,2020-08-02
6,pv_capacity,-8.700374013202918,1.1323750525090928,-7.6832971495838,1.554312234475219e-14,***,2020-08-02
9,temp_1,-19.748564979073464,1.3387547334275396,-14.751443625907717,0.0,***,2020-08-03
14,sin_336_1,9.497333218149507,1.1722624242801847,8.101712570017114,4.440892098500626e-16,***,2020-08-03
13,lag_48*7,0.3580834375956211,0.016980137891084338,21.08837041798335,0.0,***,2020-08-03
12,solar_16,0.3297892479486107,0.13026956490282088,2.53159092221294,0.011354637501162834,*,2020-08-03
11,solar_4,-1.9655090648654028,0.12317425317460123,-15.957142131637413,0.0,***,2020-08-03
10,temp_9,-3.2077998345072345,1.1484255652141915,-2.7932152780915773,0.0052186948212269435,**,2020-08-03
8,solar_power,-0.6032264751491994,0.12904274359158452,-4.674625309102143,2.944907811164299e-06,***,2020-08-03
15,cos_336_1,-4.491727323738705,0.19689096766464526,-22.813272630104823,0.0,***,2020-08-03
6,pv_capacity,-9.49399909738591,1.1841023379688278,-8.017887299903165,1.1102230246251565e-15,***,2020-08-03
0,ar1,0.9714967666903528,0.0007497208411754849,1295.8113384805285,0.0,***,2020-08-03
1,ma1,0.4025217287299669,0.015317016616276664,26.27938186749933,0.0,***,2020-08-03
2,sar1,0.999684326241433,4.259494784701987e-06,234695.5159639608,0.0,***,2020-08-03
7,temperature,-20.796691845879195,0.4402152690764519,-47.24209564450034,0.0,***,2020-08-03
4,intercept,12447.926768763651,0.01933226842608388,643893.7477181107,0.0,***,2020-08-03
5,rainfall,-0.32264906727485254,0.5939653527809508,-0.5432119327570318,0.5869838916091683,,2020-08-03
3,sma1,-0.9599238800885761,0.0037111879236417403,-258.6567697026281,0.0,***,2020-08-03
15,cos_336_1,-6.254733658047632,0.0407581003237575,-153.45989161329507,0.0,***,2020-08-04
14,sin_336_1,14.230499516513937,0.9960164378141508,14.28741431993238,0.0,***,2020-08-04
13,lag_48*7,0.3553718920053238,0.017135899815473157,20.738443608571675,0.0,***,2020-08-04
12,solar_16,0.3370060165083421,0.1342639858122602,2.5100254135131497,0.012072247317271634,*,2020-08-04
11,solar_4,-1.9997433391874786,0.1392088561260113,-14.365058336355547,0.0,***,2020-08-04
9,temp_1,-18.987698315536345,0.5542257833332851,-34.25986102872815,0.0,***,2020-08-04
8,solar_power,-0.6009496041265265,0.12975893565807448,-4.631277230186894,3.63416875170941e-06,***,2020-08-04
10,temp_9,-4.21170798275034,0.3783316650033489,-11.13231688580193,0.0,***,2020-08-04
6,pv_capacity,-11.776810873271415,1.025095004340787,-11.488506746596418,0.0,***,2020-08-04
5,rainfall,-0.16119398078976133,0.6318861575536441,-0.25509971830024897,0.7986460817330714,,2020-08-04
4,intercept,13776.987202132455,0.019814336314992846,695303.9952041124,0.0,***,2020-08-04
3,sma1,-0.9522838942409731,0.016352253091800155,-58.23563816526888,0.0,***,2020-08-04
2,sar1,0.9995624627588449,0.0003318844232468481,3011.7787782266387,0.0,***,2020-08-04
1,ma1,0.4006087141610437,0.01536290710518373,26.076361161219996,0.0,***,2020-08-04
0,ar1,0.9706481790550805,0.003890732240574257,249.47699277085604,0.0,***,2020-08-04
7,temperature,-21.65477905901315,0.1346098075831437,-160.8707377851184,0.0,***,2020-08-04
9,temp_1,-20.093293165142782,0.4106953169191825,-48.925060348561956,0.0,***,2020-08-05
15,cos_336_1,-7.3849996830956615,0.03540934475406832,-208.5607552014125,0.0,***,2020-08-05
14,sin_336_1,15.334854032190675,1.6708948966832906,9.177629342593724,0.0,***,2020-08-05
13,lag_48*7,0.360581396289293,0.01806648746883088,19.958577831544968,0.0,***,2020-08-05
12,solar_16,0.3383338240900289,0.1294751714972297,2.6131174044999663,0.008972047553508,**,2020-08-05
11,solar_4,-2.009242834278819,0.13022629182789233,-15.428857000199649,0.0,***,2020-08-05
10,temp_9,-4.723008377540351,1.4670569452493936,-3.2193763117609993,0.0012846977030145368,**,2020-08-05
8,solar_power,-0.6065989860010177,0.1293177304661032,-4.690764242572441,2.7218645581861267e-06,***,2020-08-05
1,ma1,0.4039569736373659,0.015313916414044297,26.37842356687408,0.0,***,2020-08-05
6,pv_capacity,-12.7691348928428,1.1894263068664965,-10.735541007565786,0.0,***,2020-08-05
5,rainfall,-0.35322140071846775,0.5730124573775608,-0.6164288335632613,0.5376115281371194,,2020-08-05
4,intercept,14527.21874767501,0.02222727739205202,653576.166412069,0.0,***,2020-08-05
3,sma1,-0.950563321869791,0.008561415983857594,-111.02875081202247,0.0,***,2020-08-05
2,sar1,0.9995280961243556,0.0001672116880719748,5977.62098839716,0.0,***,2020-08-05
0,ar1,0.9705611407236104,0.0042269665084443825,229.61174137166242,0.0,***,2020-08-05
7,temperature,-23.533091199919568,0.768110896419134,-30.637621871566704,0.0,***,2020-08-05
9,temp_1,-20.440939416153668,0.1774830775536971,-115.17120222331793,0.0,***,2020-08-06
14,sin_336_1,14.455552180770052,1.1033732258658788,13.101235232009522,0.0,***,2020-08-06
13,lag_48*7,0.37342256417954783,0.014961850827218653,24.958313546357257,0.0,***,2020-08-06
12,solar_16,0.3581148134939833,0.12876950807890788,2.7810528970455977,0.005418290775966117,**,2020-08-06
11,solar_4,-2.022672077939877,0.1387163722124696,-14.581350749584072,0.0,***,2020-08-06
15,cos_336_1,-5.278060713325653,0.17926863851297536,-29.442186637366746,0.0,***,2020-08-06
8,solar_power,-0.5516407548998359,0.12212164873223665,-4.5171413965214375,6.268005287246581e-06,***,2020-08-06
10,temp_9,-5.998858772218675,2.1217628694396606,-2.827299345568679,0.004694242391988901,**,2020-08-06
6,pv_capacity,-9.37854349759533,0.12843921593069965,-73.01931446432681,0.0,***,2020-08-06
0,ar1,0.9723403056706751,0.0033783059148506257,287.81890396496783,0.0,***,2020-08-06
1,ma1,0.4063587032129496,0.01348172374840084,30.141450069480214,0.0,***,2020-08-06
2,sar1,0.9998037640195726,0.00010183266720784207,9818.104459337763,0.0,***,2020-08-06
7,temperature,-24.5758169685883,1.7575335155173395,-13.983128487512385,0.0,***,2020-08-06
4,intercept,12336.600024396492,0.019732780158645217,625183.0672218608,0.0,***,2020-08-06
5,rainfall,-0.837219407893727,0.46984688582871786,-1.781898386784103,0.07476580367179864,.,2020-08-06
3,sma1,-0.9675173161298305,0.008133250650819603,-118.9582563808398,0.0,***,2020-08-06
14,sin_336_1,15.415359109810195,1.2352518456925834,12.47952728309188,0.0,***,2020-08-07
13,lag_48*7,0.37514466695317117,0.01603392096984095,23.396938756203213,0.0,***,2020-08-07
12,solar_16,0.3915265680595515,0.12597442138102846,3.1079846509103692,0.0018836785089340058,**,2020-08-07
11,solar_4,-2.042839320329483,0.12770658491838277,-15.996350709989313,0.0,***,2020-08-07
10,temp_9,-4.7002950993012576,0.8862102814550453,-5.303814678818629,1.1340744565657701e-07,***,2020-08-07
9,temp_1,-20.544532218067275,0.19965339930277884,-102.90098886275926,0.0,***,2020-08-07
8,solar_power,-0.5356828937227647,0.12873392193237845,-4.161163473324063,3.166303244150903e-05,***,2020-08-07
15,cos_336_1,-4.299486667646945,0.43773213184381304,-9.82218657226891,0.0,***,2020-08-07
6,pv_capacity,-7.925515524107283,0.085386758474603,-92.81902329697417,0.0,***,2020-08-07
5,rainfall,-0.31888642557913727,0.6050218287179707,-0.5270659841395331,0.5981477675371567,,2020-08-07
4,intercept,11288.766518668044,0.019874140711999774,568012.8103275439,0.0,***,2020-08-07
3,sma1,-0.9461092075223535,0.0056762191377824405,-166.6794717675356,0.0,***,2020-08-07
2,sar1,0.9994277736805107,1.491135528264223e-05,67024.61008650961,0.0,***,2020-08-07
1,ma1,0.40339377060625653,0.01629104627468738,24.76168588588688,0.0,***,2020-08-07
0,ar1,0.9717633539230787,0.0013099438576531762,741.8358796414656,0.0,***,2020-08-07
7,temperature,-24.33741474458651,1.7086612575182292,-14.243557426903772,0.0,***,2020-08-07
15,cos_336_1,-3.2589210549302408,0.5271378886815301,-6.182293333308688,6.317699696722912e-10,***,2020-08-08
14,sin_336_1,14.543195493193489,0.8640880097989385,16.830687763596547,0.0,***,2020-08-08
13,lag_48*7,0.3713458273877205,0.017423547327860053,21.312871621380037,0.0,***,2020-08-08
12,solar_16,0.3714876136955285,0.12542547141866844,2.961819553027695,0.003058269585830997,**,2020-08-08
11,solar_4,-2.12400483823205,0.1289132356815983,-16.476235562639292,0.0,***,2020-08-08
10,temp_9,-3.7695527438490952,0.7073245128898156,-5.32931161744751,9.858571847765063e-08,***,2020-08-08
9,temp_1,-21.58462159756844,1.512005191993554,-14.275494364612248,0.0,***,2020-08-08
8,solar_power,-0.6380875455258206,0.1224006361984934,-5.2131064457136755,1.8570426352226832e-07,***,2020-08-08
7,temperature,-23.66581684094035,0.29948578134672416,-79.02150390753171,0.0,***,2020-08-08
5,rainfall,0.08921822479774733,0.5043264067964981,0.17690571739930322,0.8595824476213241,,2020-08-08
4,intercept,6613.531312637522,0.019407302466938496,340775.40265598835,0.0,***,2020-08-08
3,sma1,-0.9710858345062418,0.0026389120377134476,-367.98719344494094,0.0,***,2020-08-08
1,ma1,0.4100540631205414,0.014371471364971801,28.532503924405653,0.0,***,2020-08-08
0,ar1,0.973214187276907,0.0012401078756418555,784.7818777646182,0.0,***,2020-08-08
6,pv_capacity,-0.46194127173017563,1.211094097452794,-0.38142475692164884,0.7028880936390038,,2020-08-08
2,sar1,0.9998360200667525,1.3041491509088857e-05,76665.77242104159,0.0,***,2020-08-08
15,cos_336_1,-4.824308945353382,0.2421563283737436,-19.922291429475067,0.0,***,2020-08-09
8,solar_power,-0.7980554045576014,0.20101290043421877,-3.97017008775894,7.182134205963031e-05,***,2020-08-09
14,sin_336_1,11.874551540783116,2.6285950803458045,4.51745178615375,6.2588272979891e-06,***,2020-08-09
13,lag_48*7,0.37143099669783003,0.022766133966757203,16.31506681108828,0.0,***,2020-08-09
12,solar_16,0.33018573401915685,0.15050912059199892,2.1937921949210404,0.028250352196302897,*,2020-08-09
11,solar_4,-2.0658100667705694,0.11190181789682271,-18.4609160565677,0.0,***,2020-08-09
10,temp_9,-3.4451313494788245,0.2695803255617662,-12.779609722258742,0.0,***,2020-08-09
9,temp_1,-22.95149714733754,2.803313855108075,-8.187273467619878,2.220446049250313e-16,***,2020-08-09
7,temperature,-24.245301839971802,0.8679462557436753,-27.934104997316794,0.0,***,2020-08-09
5,rainfall,-0.30961231899398456,2.203316432915155,-0.14052104108548039,0.8882483290457388,,2020-08-09
0,ar1,0.9728077073433846,0.004988703244071044,195.00211973914134,0.0,***,2020-08-09
1,ma1,0.41530432977522813,0.01708424550574443,24.309199351858158,0.0,***,2020-08-09
6,pv_capacity,-1.6897603220284054,5.610811538353977,-0.3011614826977639,0.763291359458184,,2020-08-09
3,sma1,-0.9854237823198372,0.0027640858354521266,-356.5098339859079,0.0,***,2020-08-09
4,intercept,7106.490318881221,0.02252084865765524,315551.62182867376,0.0,***,2020-08-09
2,sar1,0.9999596188032919,9.094906512566958e-06,109947.21247784019,0.0,***,2020-08-09
15,cos_336_1,-5.246193733346991,0.01961713508127074,-267.4291486301555,0.0,***,2020-08-10
14,sin_336_1,10.873231609378646,0.14913118023374494,72.91051805756638,0.0,***,2020-08-10
13,lag_48*7,0.35837127738919666,0.014845088880742208,24.140729655993763,0.0,***,2020-08-10
12,solar_16,0.2521202989849224,0.039592994377765735,6.367800742206701,1.9175772081325704e-10,***,2020-08-10
11,solar_4,-2.212092663116919,0.09833569145793652,-22.495318132411263,0.0,***,2020-08-10
9,temp_1,-20.91982840044512,0.23987111028997538,-87.21278846441975,0.0,***,2020-08-10
8,solar_power,-0.9406380215788204,0.09844612713813876,-9.554850443826249,0.0,***,2020-08-10
10,temp_9,-4.771804188316742,0.1470471439748255,-32.450845758239794,0.0,***,2020-08-10
6,pv_capacity,-0.8662144890185743,0.6747194814176553,-1.2838142559609638,0.19920695426433666,,2020-08-10
5,rainfall,-0.283038791499564,0.024995578462107062,-11.323554360970151,0.0,***,2020-08-10
4,intercept,7741.251135602456,0.01930372751666141,401023.6431756942,0.0,***,2020-08-10
3,sma1,-0.9921281034404703,0.0029969558212909145,-331.0452881528027,0.0,***,2020-08-10
2,sar1,0.9999890822861517,6.094180511710851e-06,164089.17989293684,0.0,***,2020-08-10
1,ma1,0.42084330681810095,0.014452635972842288,29.11879242021322,0.0,***,2020-08-10
0,ar1,0.9716793256687167,0.004038474862214715,240.60551540386317,0.0,***,2020-08-10
7,temperature,-20.86392862616148,0.19532442558544574,-106.81679243968615,0.0,***,2020-08-10
9,temp_1,-24.634079907231076,0.0194826502718641,-1264.4111331612014,0.0,***,2020-08-11
14,sin_336_1,13.154176414578906,0.019902103459590505,660.9440274133495,0.0,***,2020-08-11
13,lag_48*7,0.37390180197673617,0.015201018726113001,24.59715422456724,0.0,***,2020-08-11
15,cos_336_1,-5.905986376660426,0.01929494062707259,-306.0898963520924,0.0,***,2020-08-11
12,solar_16,0.29008655780831477,0.09968494224597568,2.91003386542089,0.0036138959544846916,**,2020-08-11
11,solar_4,-2.1996146386919104,0.03850864647282766,-57.120019532340486,0.0,***,2020-08-11
10,temp_9,-2.4213700304262797,0.020237578874083513,-119.6472189431274,0.0,***,2020-08-11
8,solar_power,-0.875705539819819,0.08988599191399245,-9.742402805742403,0.0,***,2020-08-11
2,sar1,0.9999340453416775,2.9791669532669725e-08,33564216.474848576,0.0,***,2020-08-11
6,pv_capacity,-1.4805217246485398,0.02042760202602009,-72.47653066486679,0.0,***,2020-08-11
5,rainfall,-0.021438687816385027,0.019361724814369527,-1.1072715897952468,0.26817652366612,,2020-08-11
4,intercept,7494.849645746563,0.019287905899750622,388577.67580893607,0.0,***,2020-08-11
3,sma1,-0.9810769422402413,0.0026177831874350074,-374.77394879349566,0.0,***,2020-08-11
1,ma1,0.41547961675884026,0.015527257087446896,26.7580818955292,0.0,***,2020-08-11
7,temperature,-25.028271152363175,0.019334702895483027,-1294.4740494673067,0.0,***,2020-08-11
0,ar1,0.9709343300104734,4.164548871590875e-05,23314.273885314557,0.0,***,2020-08-11
8,solar_power,-0.8626258557974325,0.12070561498107064,-7.146526331295455,8.899547765395255e-13,***,2020-08-12
15,cos_336_1,-5.329046285567399,0.05987702378554595,-88.99985250859793,0.0,***,2020-08-12
14,sin_336_1,11.41512113297084,2.6621643146346488,4.2879100550701486,1.803620940177275e-05,***,2020-08-12
13,lag_48*7,0.3743103309876107,0.016012377277302012,23.376312243042506,0.0,***,2020-08-12
12,solar_16,0.3206221929617,0.12124550788605118,2.6444047169403326,0.008183474322762896,**,2020-08-12
11,solar_4,-2.2164877801155196,0.12253595216527641,-18.088469065192577,0.0,***,2020-08-12
10,temp_9,-3.8152768603686367,0.4712286337843617,-8.09644530666305,6.661338147750939e-16,***,2020-08-12
9,temp_1,-22.942336366303046,0.9834583647026521,-23.32822332874218,0.0,***,2020-08-12
7,temperature,-25.52058558929994,0.9220462335487519,-27.678205995242617,0.0,***,2020-08-12
5,rainfall,0.2740747913614996,0.38059386191527167,0.7201240450444114,0.4714486241226541,,2020-08-12
4,intercept,7859.485311283151,0.019312964629976274,406953.8500103806,0.0,***,2020-08-12
3,sma1,-0.9845354795365198,0.0017328727887341159,-568.1521955548362,0.0,***,2020-08-12
2,sar1,0.9999562719378028,3.9477183837811675e-06,253299.7987004417,0.0,***,2020-08-12
1,ma1,0.4077603606945092,0.014563535594928205,27.99872036818539,0.0,***,2020-08-12
0,ar1,0.9711424046834166,0.0009753865224088285,995.6487837099384,0.0,***,2020-08-12
6,pv_capacity,-1.7007928604171525,0.4619190552128956,-3.6820149357840797,0.00023139785063963636,***,2020-08-12
14,sin_336_1,14.054337831729951,1.536497843372417,9.146994831364339,0.0,***,2020-08-13
13,lag_48*7,0.3722455920296972,0.01689724729356716,22.02995467619228,0.0,***,2020-08-13
12,solar_16,0.35169856143675676,0.12059369228658143,2.916392679983401,0.003541045212028582,**,2020-08-13
11,solar_4,-2.2418776307028496,0.1161149825222589,-19.30739325799828,0.0,***,2020-08-13
10,temp_9,-3.8971342157891935,0.4028060426402711,-9.67496463122714,0.0,***,2020-08-13
9,temp_1,-23.444936071062262,1.3366920223859893,-17.53951970867093,0.0,***,2020-08-13
8,solar_power,-0.8429756463025342,0.11729119065291868,-7.187032901703752,6.621370118864434e-13,***,2020-08-13
15,cos_336_1,-3.0539994903447902,0.7324976661963946,-4.16929586438568,3.055421412878623e-05,***,2020-08-13
6,pv_capacity,-1.8540887094910659,0.9536148905968637,-1.9442740751778733,0.051862409191817394,.,2020-08-13
5,rainfall,0.09274708897220307,0.3116576252771588,0.2975928758031272,0.7660139126421395,,2020-08-13
4,intercept,7576.647554299257,0.019362525677905668,391304.71304912836,0.0,***,2020-08-13
3,sma1,-0.9697268353159485,0.007374181263190766,-131.50298327442434,0.0,***,2020-08-13
2,sar1,0.9998291193877327,7.379638126277697e-05,13548.484387432263,0.0,***,2020-08-13
1,ma1,0.4067060626992955,0.01568670575048119,25.926798728077102,0.0,***,2020-08-13
0,ar1,0.9711801906466438,0.0023718101623615,409.4679270956852,0.0,***,2020-08-13
7,temperature,-24.88173876559037,1.8710364839464304,-13.298371773654178,0.0,***,2020-08-13
15,cos_336_1,-5.532491793629285,0.1941413753317991,-28.497231896981926,0.0,***,2020-08-14
14,sin_336_1,15.343522646143512,0.735683703682015,20.856140443713638,0.0,***,2020-08-14
13,lag_48*7,0.3611217259142523,0.016103955116672973,22.424412096154608,0.0,***,2020-08-14
12,solar_16,0.2821986238615125,0.12355583233440978,2.2839765515700496,0.022372909051917134,*,2020-08-14
11,solar_4,-2.1876518702752676,0.11959550316451023,-18.292091361211394,0.0,***,2020-08-14
10,temp_9,-3.6776521627090792,0.5504802413374743,-6.680806841992497,2.3762991574471926e-11,***,2020-08-14
9,temp_1,-23.57248614552188,0.8623651364160425,-27.33469286976078,0.0,***,2020-08-14
8,solar_power,-0.830286035733252,0.11921454658485708,-6.964636946735801,3.2924774018283642e-12,***,2020-08-14
7,temperature,-25.343674099087025,0.8037615337972439,-31.53133489650202,0.0,***,2020-08-14
5,rainfall,0.30569348099466254,0.0797328766957085,3.8339702976139582,0.00012609137398089665,***,2020-08-14
4,intercept,9908.439244188581,0.02079593318436993,476460.42888980283,0.0,***,2020-08-14
3,sma1,-0.9585309470146858,0.004447751907433629,-215.5090857052236,0.0,***,2020-08-14
2,sar1,0.9996818147683965,2.6260090709324254e-05,38068.48292467764,0.0,***,2020-08-14
1,ma1,0.41213298875966886,0.015299647816300407,26.937416711028995,0.0,***,2020-08-14
0,ar1,0.9712096752307614,0.007871774185077103,123.37875203177573,0.0,***,2020-08-14
6,pv_capacity,-5.3439363534024835,1.1459191509659534,-4.663449728454061,3.1095217332133274e-06,***,2020-08-14
9,temp_1,-23.104005808940272,0.06064943053304953,-380.9434912393822,0.0,***,2020-08-15
14,sin_336_1,14.927186113131036,1.3818496475908748,10.80232291490987,0.0,***,2020-08-15
13,lag_48*7,0.34759121133692017,0.01630135704521909,21.322838974247407,0.0,***,2020-08-15
12,solar_16,0.30674991147278013,0.12467643935885621,2.4603679175490556,0.013879464993357349,*,2020-08-15
11,solar_4,-2.1308892448047914,0.11114191068588272,-19.172688607336113,0.0,***,2020-08-15
10,temp_9,-3.67823782840266,0.035916690794316634,-102.41026517355812,0.0,***,2020-08-15
8,solar_power,-0.7469528855859835,0.12262124676011622,-6.091545350596919,1.1182590409219983e-09,***,2020-08-15
15,cos_336_1,-3.021870366053568,0.8595451556484595,-3.5156621454911274,0.0004386588091975785,***,2020-08-15
6,pv_capacity,-9.268250890884815,1.232490832749074,-7.519934951736685,5.484501741648273e-14,***,2020-08-15
0,ar1,0.970532299390619,0.003824484675131007,253.76812350735165,0.0,***,2020-08-15
1,ma1,0.42053282381608525,0.014578945267539601,28.845215898602245,0.0,***,2020-08-15
2,sar1,0.9996117366000803,0.0001391154741498823,7185.482008443602,0.0,***,2020-08-15
7,temperature,-25.68384774879604,0.20748307743544653,-123.78767495766957,0.0,***,2020-08-15
4,intercept,12535.259380389505,0.01991144237914103,629550.5439385588,0.0,***,2020-08-15
5,rainfall,0.2506136883827992,0.5374822138189647,0.46627345415231014,0.6410197774559916,,2020-08-15
3,sma1,-0.9547564570207735,0.008123784848011482,-117.52606388320046,0.0,***,2020-08-15
15,cos_336_1,-5.72348098241732,0.025235219941492384,-226.80527436206842,0.0,***,2020-08-16
14,sin_336_1,11.874621504270698,0.42045139871219195,28.242554408527802,0.0,***,2020-08-16
13,lag_48*7,0.34771358474488817,0.01677841356504493,20.723865423682984,0.0,***,2020-08-16
12,solar_16,0.3269112872576792,0.12706504190048115,2.572786994504122,0.010088327513889883,*,2020-08-16
11,solar_4,-2.090197892066345,0.11876948197878635,-17.598779225455235,0.0,***,2020-08-16
9,temp_1,-22.163905163315977,0.5259907478583945,-42.13744301312857,0.0,***,2020-08-16
8,solar_power,-0.7413339092686329,0.12886509928178722,-5.752790425028658,8.778228144379341e-09,***,2020-08-16
10,temp_9,-3.31569030215746,0.3366353473130321,-9.849501333186648,0.0,***,2020-08-16
6,pv_capacity,-12.494137893493559,1.2518049484609308,-9.980898309161384,0.0,***,2020-08-16
5,rainfall,0.2538573714973893,0.6127278921938258,0.4143068639954878,0.6786493876046364,,2020-08-16
4,intercept,14469.734366120034,0.019612282843288226,737789.3987018401,0.0,***,2020-08-16
3,sma1,-0.9573023711443451,0.009477311633828657,-101.00990746440327,0.0,***,2020-08-16
2,sar1,0.9996551416454551,0.00016686822658840353,5990.685956717214,0.0,***,2020-08-16
1,ma1,0.42151892866239504,0.015373281272936457,27.41893036228046,0.0,***,2020-08-16
0,ar1,0.9719866513347978,0.0027146846771094945,358.0477171181946,0.0,***,2020-08-16
7,temperature,-25.17823884931738,0.29292952341028755,-85.95323051153106,0.0,***,2020-08-16
9,temp_1,-22.258054454923762,0.8083621833479439,-27.534754734244185,0.0,***,2020-08-17
15,cos_336_1,-4.502755058325052,0.6735031986459186,-6.685573383137397,2.3002266757998768e-11,***,2020-08-17
14,sin_336_1,15.202505546072082,1.613646296590987,9.421213049098256,0.0,***,2020-08-17
13,lag_48*7,0.33782224560911545,0.016447197968971372,20.539805397030996,0.0,***,2020-08-17
12,solar_16,0.3553503410846672,0.11816473859987389,3.007245184097978,0.0026362703905129514,**,2020-08-17
11,solar_4,-1.9878775687961063,0.11811360608981361,-16.830216556799762,0.0,***,2020-08-17
10,temp_9,-3.0140543154620807,1.9680679139833293,-1.5314788143472633,0.12565109847483846,,2020-08-17
8,solar_power,-0.7867216028409985,0.11917710359035645,-6.601281447023338,4.076183834911262e-11,***,2020-08-17
1,ma1,0.4244725142636915,0.015066331502566727,28.173581219248867,0.0,***,2020-08-17
6,pv_capacity,-15.481158531627244,1.4281354329849083,-10.840119343072724,0.0,***,2020-08-17
5,rainfall,0.20804499497211282,0.48839601060673565,0.42597603267409573,0.6701253104569012,,2020-08-17
4,intercept,16785.49888541977,0.020324890835258857,825859.2393667826,0.0,***,2020-08-17
3,sma1,-0.9422947021836213,0.010468608778912886,-90.01145444289628,0.0,***,2020-08-17
2,sar1,0.9993886532929028,0.0002476196676684593,4035.982532013553,0.0,***,2020-08-17
0,ar1,0.9741616555506568,0.0037119453098092814,262.4396574422345,0.0,***,2020-08-17
7,temperature,-25.20298840539249,0.48052532603160336,-52.44882431802342,0.0,***,2020-08-17
9,temp_1,-23.59651454711971,0.1426921541983267,-165.36658710977972,0.0,***,2020-08-18
15,cos_336_1,-4.843739052473826,0.08245248561237216,-58.7458221119657,0.0,***,2020-08-18
14,sin_336_1,16.788967860417824,0.49687234214533443,33.789298450238704,0.0,***,2020-08-18
13,lag_48*7,0.3330496454041024,0.016404737648805987,20.302040333351098,0.0,***,2020-08-18
12,solar_16,0.32760164819378923,0.11384993847085417,2.8774863877300727,0.004008572044016834,**,2020-08-18
11,solar_4,-2.0047633964448046,0.11393723133860223,-17.59533185852995,0.0,***,2020-08-18
8,solar_power,-0.7866822131329627,0.12266564454977617,-6.413223653781373,1.4247425461633156e-10,***,2020-08-18
10,temp_9,-2.2397698529222483,0.0932547063148905,-24.017767482525564,0.0,***,2020-08-18
6,pv_capacity,-15.630578380285385,0.14448612424064514,-108.180480737737,0.0,***,2020-08-18
5,rainfall,0.2448535466638191,0.11753784124543909,2.0831890739980756,0.037233992635249624,*,2020-08-18
7,temperature,-25.83853609929406,0.15840393341137685,-163.11802076398624,0.0,***,2020-08-18
4,intercept,17292.562391265972,0.019581533579123594,883105.6220081783,0.0,***,2020-08-18
3,sma1,-0.9382644852733845,0.005931062441305998,-158.19501051598812,0.0,***,2020-08-18
2,sar1,0.9993115177985636,2.3803155577738872e-05,41982.31257762888,0.0,***,2020-08-18
1,ma1,0.41979977797194756,0.013986348348926654,30.014966558741833,0.0,***,2020-08-18
0,ar1,0.9743262560981402,0.0005446029357726768,1789.0580312714922,0.0,***,2020-08-18
14,sin_336_1,15.524423079358481,1.5175983807895947,10.22959913233516,0.0,***,2020-08-19
13,lag_48*7,0.32626671084314207,0.016836012112775915,19.379096941582524,0.0,***,2020-08-19
12,solar_16,0.3202344337251166,0.12382754588493115,2.5861324427983083,0.009705962748881358,**,2020-08-19
11,solar_4,-1.9184344555678638,0.1263257640079914,-15.186406910996425,0.0,***,2020-08-19
10,temp_9,-1.4219439734293364,0.7037679586306371,-2.0204727367754804,0.04333437530241602,*,2020-08-19
9,temp_1,-24.16725602716425,0.6108419933035824,-39.56384186434505,0.0,***,2020-08-19
8,solar_power,-0.7656758788236857,0.11733974614690877,-6.525290057003049,6.787015394138507e-11,***,2020-08-19
15,cos_336_1,-3.645827700008648,0.6610944014541722,-5.514836749470462,3.491038569336524e-08,***,2020-08-19
6,pv_capacity,-14.088672145974527,0.6597675610607517,-21.353993402348006,0.0,***,2020-08-19
5,rainfall,0.32360814020273665,0.5036152153085324,0.6425702210058982,0.5205030110699347,,2020-08-19
4,intercept,15973.312054476368,0.029786145324503324,536266.5051303586,0.0,***,2020-08-19
3,sma1,-0.9385550610616411,0.005758537833161522,-162.9849604628473,0.0,***,2020-08-19
2,sar1,0.9992940529447646,7.856218720470412e-05,12719.784014426335,0.0,***,2020-08-19
1,ma1,0.4222613909421793,0.015512101840113344,27.221416884347498,0.0,***,2020-08-19
0,ar1,0.9726041886435303,0.00354900225768497,274.0500337911772,0.0,***,2020-08-19
7,temperature,-25.68360558831796,0.47613162520703756,-53.94223829839047,0.0,***,2020-08-19
15,cos_336_1,-5.126461864321865,0.6418728692401021,-7.986724645942677,1.3322676295501878e-15,***,2020-08-20
14,sin_336_1,16.305270108433348,1.1980407423524877,13.60994624975451,0.0,***,2020-08-20
13,lag_48*7,0.32633320136509286,0.017834446680541252,18.297915669071326,0.0,***,2020-08-20
12,solar_16,0.31851422572817556,0.119830518101737,2.658039293944758,0.007859672860466071,**,2020-08-20
11,solar_4,-1.935488860896573,0.12372235044404796,-15.643809335580608,0.0,***,2020-08-20
10,temp_9,-2.93629975105941,0.1991575098084694,-14.743605470279588,0.0,***,2020-08-20
9,temp_1,-24.215686104882487,0.20974375521568195,-115.45366907339489,0.0,***,2020-08-20
8,solar_power,-0.8066347996336845,0.11377189765495001,-7.0899300816803175,1.3418155475619642e-12,***,2020-08-20
7,temperature,-25.408037469364672,0.2631586386742016,-96.55026943964624,0.0,***,2020-08-20
5,rainfall,0.2636411375576415,0.31090651220422577,0.8479756042693086,0.39645155721149394,,2020-08-20
4,intercept,16337.953985875574,0.021250677435571817,768820.3839811354,0.0,***,2020-08-20
3,sma1,-0.9330393592248583,0.005782565231288875,-161.35388394345762,0.0,***,2020-08-20
2,sar1,0.9991459637300563,3.2324779119183975e-05,30909.599104950645,0.0,***,2020-08-20
1,ma1,0.4154665573211957,0.014766407121048543,28.135927305497045,0.0,***,2020-08-20
0,ar1,0.9728690567750843,0.002219453551829285,438.3372006020313,0.0,***,2020-08-20
6,pv_capacity,-14.653119083561222,0.505696638166806,-28.97610539132719,0.0,***,2020-08-20
9,temp_1,-23.381318149689566,1.26632936332174,-18.463852159565697,0.0,***,2020-08-21
15,cos_336_1,-5.925326812190325,0.6733179063926427,-8.800191938954605,0.0,***,2020-08-21
14,sin_336_1,16.414739721165194,2.3951842855929604,6.853226208897535,7.220224418347243e-12,***,2020-08-21
13,lag_48*7,0.32474061917605807,0.018323349439369988,17.722776081446803,0.0,***,2020-08-21
12,solar_16,0.33893649158307126,0.12552180959126857,2.700219927411308,0.006929365268323995,**,2020-08-21
11,solar_4,-1.9256323106716735,0.11735733154185633,-16.408283022223312,0.0,***,2020-08-21
10,temp_9,-2.8812900552329763,1.3292315718016408,-2.1676358855422575,0.030186401145349873,*,2020-08-21
8,solar_power,-0.7971314533771192,0.1213964722037421,-6.566347760413315,5.1564308378715396e-11,***,2020-08-21
1,ma1,0.41711046802026863,0.014298057598572457,29.17252676768582,0.0,***,2020-08-21
6,pv_capacity,-13.157348541265634,1.1980423986035744,-10.982373041723482,0.0,***,2020-08-21
5,rainfall,0.26586329710232803,0.5119294733902835,0.5193357892477503,0.603526599965378,,2020-08-21
4,intercept,15316.432905994403,0.039830044852136634,384544.7064610265,0.0,***,2020-08-21
3,sma1,-0.9251917178099353,0.008380535106236498,-110.39769013334724,0.0,***,2020-08-21
2,sar1,0.9988985143608226,0.0002673238509322354,3736.660649161589,0.0,***,2020-08-21
7,temperature,-24.7218580494158,1.0375104638616912,-23.828056593664805,0.0,***,2020-08-21
0,ar1,0.9730444976541018,0.003932012156298588,247.467316726223,0.0,***,2020-08-21
15,cos_336_1,-5.62287015692092,1.9237172021888762,-2.9229193098252755,0.0034676636707324793,**,2020-08-22
14,sin_336_1,17.94634143641301,0.5438791536592492,32.996928298628525,0.0,***,2020-08-22
13,lag_48*7,0.3191741882261922,0.01420636129602036,22.466990777969496,0.0,***,2020-08-22
12,solar_16,0.3328037079632946,0.10505304581430945,3.167958676339138,0.0015351333918749432,**,2020-08-22
11,solar_4,-1.9208706866423757,0.11765013926332317,-16.326973335264018,0.0,***,2020-08-22
10,temp_9,-3.5127914991979186,0.16196630050212196,-21.688409800728248,0.0,***,2020-08-22
9,temp_1,-22.219882907440343,0.8620531832546463,-25.77553605631394,0.0,***,2020-08-22
8,solar_power,-0.8092375683614819,0.12398866949519625,-6.526705800265358,6.723199774683053e-11,***,2020-08-22
7,temperature,-23.76183949173503,0.42822182613338833,-55.48955714446319,0.0,***,2020-08-22
6,pv_capacity,-12.198617302259393,0.6698608062539142,-18.210674797467465,0.0,***,2020-08-22
5,rainfall,0.2827130442688883,0.5514200875167581,0.5126999372511913,0.6081612335992914,,2020-08-22
4,intercept,14694.609345642224,0.022275181599171776,659685.2770972961,0.0,***,2020-08-22
3,sma1,-0.9224380954991508,0.009983535609343624,-92.39593382487041,0.0,***,2020-08-22
2,sar1,0.9988574747530092,0.0003433683334974387,2908.997066150423,0.0,***,2020-08-22
1,ma1,0.41827109327098205,0.015571770153337128,26.86085712492641,0.0,***,2020-08-22
0,ar1,0.9730852579852477,0.003425974808560265,284.0316442356381,0.0,***,2020-08-22
14,sin_336_1,16.51129388106516,0.5725946191324164,28.835922185372148,0.0,***,2020-08-23
13,lag_48*7,0.3171623785108322,0.017468467156039176,18.156279865757035,0.0,***,2020-08-23
12,solar_16,0.33137046636251744,0.11545242874000813,2.870190518977679,0.00410224547186866,**,2020-08-23
11,solar_4,-1.9436105814298834,0.1132896998246476,-17.15611025925789,0.0,***,2020-08-23
10,temp_9,-3.3896935755237707,0.039539698721036486,-85.72886706696976,0.0,***,2020-08-23
9,temp_1,-21.963472714682347,0.21257065529800195,-103.32316416812961,0.0,***,2020-08-23
8,solar_power,-0.7910444906264047,0.1174639169195981,-6.7343615926570894,1.646505154440092e-11,***,2020-08-23
15,cos_336_1,-6.245012929282437,0.023302327611461098,-267.9995334977124,0.0,***,2020-08-23
6,pv_capacity,-8.998129669365397,1.1190323238231066,-8.040991737060668,8.881784197001252e-16,***,2020-08-23
5,rainfall,0.31968445951329727,1.0496203828841815,0.3045715048281149,0.7606925253308949,,2020-08-23
4,intercept,12605.913589430806,0.01929274786135796,653401.6657461004,0.0,***,2020-08-23
3,sma1,-0.9284610226699087,0.005901110793483433,-157.3366532442,0.0,***,2020-08-23
2,sar1,0.9990387354793754,5.214624936678121e-05,19158.40060619574,0.0,***,2020-08-23
1,ma1,0.4180729545491478,0.01454093543678935,28.751448375969037,0.0,***,2020-08-23
0,ar1,0.9727556655948111,0.0007854140369712804,1238.525949123546,0.0,***,2020-08-23
7,temperature,-24.568175240252856,0.253037502559176,-97.09301977681066,0.0,***,2020-08-23
14,sin_336_1,15.944595269069007,1.6778174870588582,9.503176234632765,0.0,***,2020-08-24
13,lag_48*7,0.3235650229334097,0.018027267335152735,17.94864506737889,0.0,***,2020-08-24
12,solar_16,0.36110841857548215,0.11421637004003868,3.1616170120701192,0.0015689576831696694,**,2020-08-24
11,solar_4,-1.9259122237520216,0.12603096695491953,-15.281261980961458,0.0,***,2020-08-24
10,temp_9,-2.9945881205967826,1.7711279312783068,-1.6907802467072193,0.09087878123068949,.,2020-08-24
9,temp_1,-21.922844804039894,1.0004831984857157,-21.912256834718747,0.0,***,2020-08-24
8,solar_power,-0.7898898836328954,0.11623987358368149,-6.795343622464032,1.0805356609466799e-11,***,2020-08-24
15,cos_336_1,-5.276764359525215,0.6894541098905768,-7.653539639299112,1.9539925233402755e-14,***,2020-08-24
6,pv_capacity,-8.057669260956033,1.0534771171137385,-7.648641940160991,2.020605904817785e-14,***,2020-08-24
5,rainfall,0.30749985043951256,0.5182203545550881,0.5933766355115728,0.5529291216926775,,2020-08-24
4,intercept,11762.472429167707,0.021560169414400584,545564.9351860498,0.0,***,2020-08-24
3,sma1,-0.9299661850586644,0.006758316376559719,-137.6032332969973,0.0,***,2020-08-24
2,sar1,0.9990565006979883,0.00013981474267030304,7145.5733609857025,0.0,***,2020-08-24
1,ma1,0.4170519730380636,0.014749441019130881,28.275781604002685,0.0,***,2020-08-24
0,ar1,0.9726997051135774,0.002302155979199808,422.51685546157995,0.0,***,2020-08-24
7,temperature,-24.54516748233118,0.43902206577138936,-55.90873305924562,0.0,***,2020-08-24
15,cos_336_1,-7.271209508007117,0.0970767078526681,-74.90169031115606,0.0,***,2020-08-25
14,sin_336_1,17.675346087612375,3.6354597379226625,4.861928713784145,1.16247489545529e-06,***,2020-08-25
13,lag_48*7,0.3232753302160439,0.018188910428985534,17.773210301859418,0.0,***,2020-08-25
12,solar_16,0.36972161117992325,0.11316186892828854,3.267192515300524,0.0010861978902976244,**,2020-08-25
11,solar_4,-1.96556651232779,0.12200855406775694,-16.11007135808052,0.0,***,2020-08-25
10,temp_9,-3.3732214536711145,0.18417392874879074,-18.315412374528403,0.0,***,2020-08-25
9,temp_1,-20.962847009706216,2.042017499928373,-10.265752869621108,0.0,***,2020-08-25
8,solar_power,-0.7516706298690679,0.12471702777159974,-6.027008847946876,1.6702186300676658e-09,***,2020-08-25
7,temperature,-24.999579199160394,1.5533816452596814,-16.093649152769004,0.0,***,2020-08-25
5,rainfall,0.39295692366559365,0.4729699959089832,0.8308284395723339,0.4060705541149745,,2020-08-25
4,intercept,11144.827159130433,0.022764706228479464,489566.04347425554,0.0,***,2020-08-25
3,sma1,-0.9324930558905027,0.007455879517359784,-125.06814973596967,0.0,***,2020-08-25
2,sar1,0.9991461575176862,0.00017054200209980447,5858.651506465642,0.0,***,2020-08-25
1,ma1,0.41832843807093056,0.015009761731857639,27.87042496371176,0.0,***,2020-08-25
0,ar1,0.9735660448657586,0.0028490012182291317,341.721877350022,0.0,***,2020-08-25
6,pv_capacity,-6.803773742769906,1.144567763009603,-5.944404484081929,2.774636964630872e-09,***,2020-08-25
9,temp_1,-21.195501116897887,0.3555237003360281,-59.61768820718469,0.0,***,2020-08-26
14,sin_336_1,16.910269573294094,1.8410202039308659,9.185271045471433,0.0,***,2020-08-26
13,lag_48*7,0.32106861973785705,0.01773243462003047,18.106290908027912,0.0,***,2020-08-26
12,solar_16,0.39485683273810845,0.12344127474721305,3.198742345675778,0.001380284674998622,**,2020-08-26
11,solar_4,-1.9833182933046185,0.12284748934575591,-16.14455699393695,0.0,***,2020-08-26
10,temp_9,-4.720832267864724,1.1404415827644516,-4.139477496446016,3.480977431835619e-05,***,2020-08-26
8,solar_power,-0.7173759855819526,0.12241909405893882,-5.860000771093528,4.628650129845369e-09,***,2020-08-26
15,cos_336_1,-7.138684860268211,0.8745653136602848,-8.162552011571265,2.220446049250313e-16,***,2020-08-26
6,pv_capacity,-10.126395540444697,1.3807520427479614,-7.333971072960521,2.233768725545815e-13,***,2020-08-26
5,rainfall,0.37038424652448043,0.49084051838515463,0.7545918330928131,0.45049392542882183,,2020-08-26
4,intercept,13364.04778311069,0.019951913544944494,669812.8353957775,0.0,***,2020-08-26
3,sma1,-0.9286361707812422,0.008704335992001478,-106.6866182135636,0.0,***,2020-08-26
2,sar1,0.9990199787146377,0.00022028416199634758,4535.142107634601,0.0,***,2020-08-26
1,ma1,0.4214303935166401,0.014595564042133736,28.873868272584474,0.0,***,2020-08-26
0,ar1,0.973700006013868,0.0023613385535101966,412.3508696228397,0.0,***,2020-08-26
7,temperature,-24.91318783380501,0.26352358241444246,-94.53874148775097,0.0,***,2020-08-26
15,cos_336_1,-7.041247939173163,0.1510915785338362,-46.60251754267237,0.0,***,2020-08-27
14,sin_336_1,19.101366433923513,0.05783053385699571,330.2989815234576,0.0,***,2020-08-27
13,lag_48*7,0.3143992816442222,0.018271022251235437,17.207536465178535,0.0,***,2020-08-27
12,solar_16,0.3926799432413438,0.09526416243026826,4.1220111868277725,3.7557895716355816e-05,***,2020-08-27
11,solar_4,-2.017991603196778,0.11052555337806345,-18.258145211850156,0.0,***,2020-08-27
10,temp_9,-4.104900717828654,0.17157982211301154,-23.924146017152,0.0,***,2020-08-27
9,temp_1,-20.802971646118003,0.4641646736291748,-44.81808467556426,0.0,***,2020-08-27
8,solar_power,-0.6917592457512001,0.09665978263218869,-7.156639782478026,8.268941087408166e-13,***,2020-08-27
2,sar1,0.9988729054851693,0.00015462248952488657,6460.075171176184,0.0,***,2020-08-27
6,pv_capacity,-10.701667100450564,1.2055694113817352,-8.876856860680546,0.0,***,2020-08-27
5,rainfall,0.35662388030971215,0.5067083295792084,0.7038050481740993,0.48155418949724926,,2020-08-27
4,intercept,13722.428793795361,0.01953810647867454,702341.7959551568,0.0,***,2020-08-27
3,sma1,-0.9227431482452428,0.007327031992707372,-125.93682532895356,0.0,***,2020-08-27
7,temperature,-24.254471092022584,0.3436224226872642,-70.5846577250197,0.0,***,2020-08-27
1,ma1,0.42088970130899706,0.014265089566705587,29.50487617626633,0.0,***,2020-08-27
0,ar1,0.9738149023304352,0.0017493723772218114,556.6653018020991,0.0,***,2020-08-27
15,cos_336_1,-6.4270367442898175,0.5655812931110616,-11.363594981964438,0.0,***,2020-08-28
14,sin_336_1,18.572071330051465,0.5410890874185099,34.32350007030679,0.0,***,2020-08-28
13,lag_48*7,0.314094947184276,0.015495224655449261,20.270435193323713,0.0,***,2020-08-28
12,solar_16,0.38965246284863064,0.11465048806272718,3.398611461954225,0.0006772885869710255,***,2020-08-28
11,solar_4,-2.037436022290578,0.10416767232674227,-19.559196982915786,0.0,***,2020-08-28
10,temp_9,-4.8584633091659875,0.9889348671637572,-4.912824363347558,8.977369174711924e-07,***,2020-08-28
9,temp_1,-19.805327141035917,0.2135157073998929,-92.75817401078874,0.0,***,2020-08-28
8,solar_power,-0.6841927818843487,0.11154292417557043,-6.1338967661222314,8.575218313211508e-10,***,2020-08-28
6,pv_capacity,-11.708010662934058,0.5161161268040739,-22.68483787831456,0.0,***,2020-08-28
5,rainfall,0.3671967845752988,0.43406173092936234,0.8459552142251746,0.3975777288847009,,2020-08-28
4,intercept,14396.459639327551,0.02942150384577772,489317.5996302306,0.0,***,2020-08-28
3,sma1,-0.9145903245661037,0.008393985701188171,-108.95781302518101,0.0,***,2020-08-28
2,sar1,0.9986315672082484,0.0002238357073827773,4461.448885367101,0.0,***,2020-08-28
1,ma1,0.4222796449959017,0.01600368149811022,26.38640646814711,0.0,***,2020-08-28
0,ar1,0.9738236106049669,0.0022531637000570287,432.20277806726557,0.0,***,2020-08-28
7,temperature,-23.33843357033055,0.17979993411898698,-129.8022364951801,0.0,***,2020-08-28
9,temp_1,-19.55632215952107,1.0475734217695236,-18.668211461958656,0.0,***,2020-08-29
15,cos_336_1,-6.260309707957306,0.5368472839792885,-11.661248728975274,0.0,***,2020-08-29
14,sin_336_1,17.359465493147272,1.0189076019274121,17.03733043144375,0.0,***,2020-08-29
13,lag_48*7,0.314991336617732,0.0167110753061511,18.849256008186877,0.0,***,2020-08-29
12,solar_16,0.37425227152559637,0.10727476941142751,3.488725947200488,0.0004853284533241631,***,2020-08-29
11,solar_4,-2.064650102354154,0.11285719586505862,-18.294359402858284,0.0,***,2020-08-29
10,temp_9,-5.179539868887814,1.1987904773056148,-4.320638148986033,1.5557861760662206e-05,***,2020-08-29
8,solar_power,-0.685326928532163,0.11837802604181973,-5.789308636469878,7.067672669336389e-09,***,2020-08-29
0,ar1,0.9738398754912037,0.003502559378963374,278.03664981103725,0.0,***,2020-08-29
6,pv_capacity,-13.222726000188956,1.005352606544688,-13.15232676984282,0.0,***,2020-08-29
5,rainfall,0.3733056401455883,0.5496509510532124,0.6791685512965631,0.4970310712265329,,2020-08-29
4,intercept,15379.89655300941,0.02095747251888744,733862.1839608107,0.0,***,2020-08-29
3,sma1,-0.9100334297000585,0.008959504243408219,-101.5718509614634,0.0,***,2020-08-29
2,sar1,0.9984761197740326,0.0002724528227423116,3664.767021769492,0.0,***,2020-08-29
1,ma1,0.42252499553714257,0.015595824914318802,27.092186393373453,0.0,***,2020-08-29
7,temperature,-22.456542516257286,0.4743828818787599,-47.338433518763864,0.0,***,2020-08-29
9,temp_1,-19.08810975418594,1.136616124316678,-16.79380517820959,0.0,***,2020-08-30
15,cos_336_1,-7.536197286637489,0.3343404200082624,-22.54049117498641,0.0,***,2020-08-30
14,sin_336_1,19.015338114395966,1.2241917561116797,15.532973506367288,0.0,***,2020-08-30
13,lag_48*7,0.3175562616936971,0.018553539237515317,17.11567036501571,0.0,***,2020-08-30
12,solar_16,0.3360518756015676,0.122671730129422,2.7394402544663206,0.006154389942952809,**,2020-08-30
11,solar_4,-2.0863605931623397,0.11950298765640387,-17.458647972560012,0.0,***,2020-08-30
10,temp_9,-5.229581224681757,0.2341049311972622,-22.338620540526726,0.0,***,2020-08-30
8,solar_power,-0.6556062959211886,0.11952500642012755,-5.485097349560042,4.1324178523538535e-08,***,2020-08-30
0,ar1,0.9749156796977393,0.0019396488639487819,502.62482958538357,0.0,***,2020-08-30
6,pv_capacity,-16.027382852372426,0.7557979441317172,-21.205909564606124,0.0,***,2020-08-30
5,rainfall,0.33824782700878586,0.4276347833829537,0.7909736068075632,0.42895939329259125,,2020-08-30
4,intercept,17166.56369255715,0.03312203285228839,518282.3098181644,0.0,***,2020-08-30
3,sma1,-0.9110996112335095,0.007062728017253743,-129.00108980662398,0.0,***,2020-08-30
2,sar1,0.9984552259747421,9.071048390642101e-05,11007.054344509628,0.0,***,2020-08-30
1,ma1,0.42382503580544867,0.015202652212279488,27.878361610029906,0.0,***,2020-08-30
7,temperature,-22.71583685249732,1.1259899256792754,-20.17410310202691,0.0,***,2020-08-30
15,cos_336_1,-6.522493700634949,0.36284006854376616,-17.976222214962455,0.0,***,2020-08-31
14,sin_336_1,17.79317493355823,0.8638723273790301,20.596996071794933,0.0,***,2020-08-31
13,lag_48*7,0.31637628522509564,0.016440119884932134,19.24415925428038,0.0,***,2020-08-31
12,solar_16,0.33058509842826955,0.11216459293035065,2.947321340822309,0.0032053991671734394,**,2020-08-31
11,solar_4,-2.038696186548549,0.09556991915443684,-21.331986095479525,0.0,***,2020-08-31
10,temp_9,-5.819505714725401,0.3176832835902894,-18.318577071341014,0.0,***,2020-08-31
9,temp_1,-19.50698210556281,0.17344873073695,-112.46540705533806,0.0,***,2020-08-31
8,solar_power,-0.6853163731991572,0.1172587418074352,-5.844480016036657,5.081530307649018e-09,***,2020-08-31
6,pv_capacity,-18.783954718798157,0.6840656388988178,-27.459287019643078,0.0,***,2020-08-31
5,rainfall,0.38281031891310136,0.9099408173055928,0.4206980406117325,0.6739755921225374,,2020-08-31
4,intercept,19053.99170235693,0.02482594742157196,767503.1038614213,0.0,***,2020-08-31
3,sma1,-0.9106811696010509,0.008372291742351384,-108.77322453950742,0.0,***,2020-08-31
2,sar1,0.9984075271332529,0.00026866092343482117,3716.2364901030082,0.0,***,2020-08-31
1,ma1,0.42758483344223597,0.013965945048256073,30.616247734386473,0.0,***,2020-08-31
0,ar1,0.9766104290431485,0.0010751923897841132,908.3122595754618,0.0,***,2020-08-31
7,temperature,-22.46945580220165,0.14862679013141447,-151.18038801978003,0.0,***,2020-08-31
9,temp_1,-19.26270762023912,0.5871234271522925,-32.808616943916654,0.0,***,2020-09-01
15,cos_336_1,-5.489325209486628,0.7055070911729956,-7.780680418619073,7.105427357601002e-15,***,2020-09-01
14,sin_336_1,17.55131727876652,1.8603288799650306,9.434523899395916,0.0,***,2020-09-01
13,lag_48*7,0.307149073687364,0.01838720384759629,16.704501469238718,0.0,***,2020-09-01
12,solar_16,0.33971408258928415,0.11563018387968337,2.9379360231993292,0.003304051982362388,**,2020-09-01
11,solar_4,-2.0017206235695433,0.11244616933585308,-17.801590177703826,0.0,***,2020-09-01
10,temp_9,-6.853869823520856,1.309994250669169,-5.231984659489745,1.676996710386902e-07,***,2020-09-01
8,solar_power,-0.7134589034862984,0.10706412132886697,-6.663846810966479,2.667510656806371e-11,***,2020-09-01
7,temperature,-22.702117712016616,1.304730106030664,-17.399857339908017,0.0,***,2020-09-01
6,pv_capacity,-20.34012198917,1.3837480762606469,-14.699295585751315,0.0,***,2020-09-01
5,rainfall,0.41111389033395085,0.4768912972892404,0.8620704396805238,0.38864875689257117,,2020-09-01
4,intercept,20197.54612444005,0.036333537424953495,555892.6423323865,0.0,***,2020-09-01
3,sma1,-0.9049678742328089,0.010163360684778784,-89.0421881403992,0.0,***,2020-09-01
2,sar1,0.998190669426257,0.0004408633423585795,2264.1725303946255,0.0,***,2020-09-01
1,ma1,0.4326396959330787,0.015295426638251074,28.285559217493528,0.0,***,2020-09-01
0,ar1,0.9763782984629145,0.0022782161527223617,428.57140543762193,0.0,***,2020-09-01
15,cos_336_1,-5.278991701563841,0.026768995058201454,-197.2054494420204,0.0,***,2020-09-02
14,sin_336_1,19.761577873534204,0.18545570049772736,106.55686409475652,0.0,***,2020-09-02
13,lag_48*7,0.30104457051793143,0.016475421367756996,18.272344227085245,0.0,***,2020-09-02
12,solar_16,0.3336460203638576,0.11627143135534705,2.8695442764798647,0.004110637767934078,**,2020-09-02
11,solar_4,-1.9780217232084993,0.14810858183800024,-13.355213443148356,0.0,***,2020-09-02
10,temp_9,-6.678235683835311,0.45381692640318355,-14.715704274772204,0.0,***,2020-09-02
9,temp_1,-19.40993552599102,0.25540338378774996,-75.99717450149926,0.0,***,2020-09-02
8,solar_power,-0.7256172800309741,0.11055175593773886,-6.563597962565436,5.2524651295016156e-11,***,2020-09-02
0,ar1,0.9773238416978313,0.002995558611094572,326.2576262330981,0.0,***,2020-09-02
6,pv_capacity,-21.04261777586362,0.6336991108096939,-33.20600805163971,0.0,***,2020-09-02
5,rainfall,0.38203916442273567,0.23120288473085535,1.6523979139251213,0.09845346052123616,.,2020-09-02
4,intercept,21561.014063618924,0.019333363739970303,1115223.11138455,0.0,***,2020-09-02
3,sma1,-0.9015638053431353,0.007822438931808971,-115.25354345395253,0.0,***,2020-09-02
2,sar1,0.9981153881519934,0.00021139439503349398,4721.579245248432,0.0,***,2020-09-02
1,ma1,0.43463741239657616,0.014138302234760088,30.741839096351125,0.0,***,2020-09-02
7,temperature,-22.42202253036794,0.41088794146722274,-54.56967768463116,0.0,***,2020-09-02
15,cos_336_1,-5.625132277879376,0.056064011469848046,-100.33410258030939,0.0,***,2020-09-03
14,sin_336_1,19.078287721967776,0.15180416960324372,125.67696771327759,0.0,***,2020-09-03
13,lag_48*7,0.2985362884576736,0.018085423442731598,16.507011262578605,0.0,***,2020-09-03
12,solar_16,0.32589049325374053,0.12802344369078456,2.5455532507066825,0.010910472147798167,*,2020-09-03
11,solar_4,-2.011667150234807,0.13256418188154404,-15.175042923980637,0.0,***,2020-09-03
10,temp_9,-6.067138815400915,1.7287606095505492,-3.509530921680519,0.00044889785932977766,***,2020-09-03
9,temp_1,-17.66740741451146,0.05447866705353949,-324.2995537528227,0.0,***,2020-09-03
8,solar_power,-0.7375013905775631,0.11697038013241137,-6.305026877254788,2.8814395314213925e-10,***,2020-09-03
7,temperature,-20.951665152872465,0.7522501043378335,-27.85199368143009,0.0,***,2020-09-03
6,pv_capacity,-21.334671383645116,0.3998563633061288,-53.355838099571166,0.0,***,2020-09-03
5,rainfall,0.36877976022793746,0.5731172240399639,0.6434630556526812,0.5199236795847371,,2020-09-03
4,intercept,21579.451521855182,0.020355165509847627,1060146.207674669,0.0,***,2020-09-03
3,sma1,-0.8977480899469239,0.009897969889517487,-90.70022438618349,0.0,***,2020-09-03
2,sar1,0.9979357375520379,0.00032389333894128884,3081.062861045533,0.0,***,2020-09-03
1,ma1,0.43729405888266604,0.013200729684285607,33.12650659025531,0.0,***,2020-09-03
0,ar1,0.9769195129887971,0.0033614844617882605,290.62145730374436,0.0,***,2020-09-03
15,cos_336_1,-7.313503036692196,0.3861475378852313,-18.93965989462265,0.0,***,2020-09-04
14,sin_336_1,19.408426578099387,1.0185438934876487,19.055071364319893,0.0,***,2020-09-04
13,lag_48*7,0.28505732074885487,0.017877599981524207,15.944943451215508,0.0,***,2020-09-04
12,solar_16,0.3364260384725403,0.12041093100387207,2.793982536865543,0.0052063290098784964,**,2020-09-04
11,solar_4,-1.9675345334609915,0.11699492315197116,-16.817264206458365,0.0,***,2020-09-04
10,temp_9,-6.128505478832954,0.10267546656439128,-59.68811911840264,0.0,***,2020-09-04
9,temp_1,-15.577638874773497,0.178670644587166,-87.18633612570761,0.0,***,2020-09-04
8,solar_power,-0.7807351558567461,0.12819291399364774,-6.090314445113818,1.1268912469830639e-09,***,2020-09-04
6,pv_capacity,-18.831772934359037,0.7460633827895534,-25.241518842469485,0.0,***,2020-09-04
5,rainfall,0.3643022108294929,0.5331120901711079,0.6833501200705582,0.4943856307145622,,2020-09-04
4,intercept,19799.775061928707,0.02529793644956421,782663.6414160881,0.0,***,2020-09-04
3,sma1,-0.8809847491290868,0.012880424864945877,-68.39718086681208,0.0,***,2020-09-04
2,sar1,0.9970928956325521,0.0006110133719578115,1631.8675521579225,0.0,***,2020-09-04
1,ma1,0.44688364873523106,0.013256983797947493,33.709300361702155,0.0,***,2020-09-04
0,ar1,0.9761762759350121,0.002783073758441041,350.754726846271,0.0,***,2020-09-04
7,temperature,-19.373397852183132,0.20370528373951022,-95.10503358841208,0.0,***,2020-09-04
15,cos_336_1,-6.120179384512564,0.13475738652269226,-45.416281381221104,0.0,***,2020-09-05
14,sin_336_1,19.177655464182237,0.42543915365158497,45.07731669635619,0.0,***,2020-09-05
13,lag_48*7,0.2851847466293767,0.021900385234690133,13.021905485828855,0.0,***,2020-09-05
12,solar_16,0.39558734141521895,0.11968429964206531,3.3052567679995204,0.0009488942547837276,***,2020-09-05
11,solar_4,-1.860700920238255,0.1983404105664744,-9.38135055243639,0.0,***,2020-09-05
10,temp_9,-4.968877643976941,0.07223981859722035,-68.78308584468309,0.0,***,2020-09-05
9,temp_1,-15.33899021939268,0.14422413737122233,-106.35522249587977,0.0,***,2020-09-05
8,solar_power,-0.7641270652393359,0.11660778064259243,-6.552968086935951,5.640465872147615e-11,***,2020-09-05
0,ar1,0.9752651792209148,0.004153402613821621,234.81113436377305,0.0,***,2020-09-05
6,pv_capacity,-15.491050017389227,0.2497576572031548,-62.02432466280178,0.0,***,2020-09-05
5,rainfall,0.31420800429785345,0.6220729723886034,0.5050983055755885,0.6134897914193655,,2020-09-05
4,intercept,17218.384939510222,0.019268697846670957,893593.5929103291,0.0,***,2020-09-05
3,sma1,-0.8677798986697688,0.020570795343519,-42.18504361053643,0.0,***,2020-09-05
2,sar1,0.9960871327902163,0.0017016395717788396,585.3690460130395,0.0,***,2020-09-05
1,ma1,0.4513898739976332,0.015487230979749815,29.14593800453056,0.0,***,2020-09-05
7,temperature,-18.564281581267437,0.1505030941316538,-123.34817226434016,0.0,***,2020-09-05
15,cos_336_1,-5.949159214269244,0.18890789330796678,-31.4923802816997,0.0,***,2020-09-06
14,sin_336_1,18.76263683876714,1.214844235347743,15.444479459044747,0.0,***,2020-09-06
13,lag_48*7,0.29568204710964274,0.016514587941930222,17.90429456365131,0.0,***,2020-09-06
12,solar_16,0.37406171933179744,0.1224588531028689,3.054591071644081,0.0022536757838673704,**,2020-09-06
11,solar_4,-1.7636446544532003,0.12458993347852215,-14.155595120830785,0.0,***,2020-09-06
10,temp_9,-4.153489806670677,0.08150071608762054,-50.962617337071066,0.0,***,2020-09-06
9,temp_1,-14.690976350890644,0.14192041630758737,-103.5155950997956,0.0,***,2020-09-06
8,solar_power,-0.7322357646578439,0.1168134498138582,-6.268419996367361,3.647300239606466e-10,***,2020-09-06
6,pv_capacity,-17.176113841644238,0.5043164151915868,-34.058208942334616,0.0,***,2020-09-06
5,rainfall,0.2959174160039879,0.4900775877503536,0.6038174840077134,0.5459649939466964,,2020-09-06
4,intercept,18151.182973343555,0.02282053578162889,795388.1165207224,0.0,***,2020-09-06
3,sma1,-0.8378532882161481,0.014460126774100138,-57.94231968400486,0.0,***,2020-09-06
2,sar1,0.9939699534318956,0.0009044262886832065,1099.0060393744852,0.0,***,2020-09-06
1,ma1,0.447301539178217,0.01588380079404885,28.16086306910916,0.0,***,2020-09-06
0,ar1,0.9759149776000577,0.003737775266003664,261.09514568099803,0.0,***,2020-09-06
7,temperature,-18.418230702173446,0.19230365236388747,-95.77681170257476,0.0,***,2020-09-06
15,cos_336_1,-4.180576889312416,0.09638395351244071,-43.37420013356072,0.0,***,2020-09-07
14,sin_336_1,18.283452509484064,0.3170760370243859,57.66267511435406,0.0,***,2020-09-07
13,lag_48*7,0.29997828842687096,0.017877285119189967,16.779857032367072,0.0,***,2020-09-07
12,solar_16,0.35901042626289725,0.11042983795324804,3.251027375544001,0.0011498878494684561,**,2020-09-07
11,solar_4,-1.7457266535014604,0.12552675541933955,-13.907207652023015,0.0,***,2020-09-07
10,temp_9,-3.4082985170676796,0.18316038662418097,-18.608273218275208,0.0,***,2020-09-07
9,temp_1,-15.193868094353068,0.34188227615799255,-44.44181273477772,0.0,***,2020-09-07
8,solar_power,-0.7261271544650754,0.11358467807733023,-6.392826627291373,1.6284684711820319e-10,***,2020-09-07
7,temperature,-17.6304116962134,0.4574052824073189,-38.54439897026274,0.0,***,2020-09-07
5,rainfall,0.2852246186458558,0.39595636141722723,0.7203435692381991,0.47131348527829897,,2020-09-07
4,intercept,18836.41454266157,0.019999414657430617,941848.2923280485,0.0,***,2020-09-07
3,sma1,-0.8192755120303565,0.024866056555846252,-32.94754478621729,0.0,***,2020-09-07
2,sar1,0.9929543201093745,0.0023738586670447944,418.28704206114287,0.0,***,2020-09-07
1,ma1,0.4399294206045752,0.016076626298843523,27.364536092763544,0.0,***,2020-09-07
0,ar1,0.9759667217592687,0.0045662146845098445,213.7364949287383,0.0,***,2020-09-07
6,pv_capacity,-18.146554859754616,0.7367007913111493,-24.632191350654228,0.0,***,2020-09-07
15,cos_336_1,-5.3415305923723615,0.7437222460380513,-7.1821578833061706,6.861178292183467e-13,***,2020-09-08
14,sin_336_1,20.73088392455023,1.6724157497872087,12.395771761410368,0.0,***,2020-09-08
13,lag_48*7,0.3034887140352291,0.01905261500299969,15.928979512127185,0.0,***,2020-09-08
12,solar_16,0.3466882650428096,0.12317108741908787,2.814688676598329,0.0048824507478086865,**,2020-09-08
11,solar_4,-1.77991589884906,0.12848865814981603,-13.852708281642277,0.0,***,2020-09-08
10,temp_9,-3.886344336483022,0.3138777643093307,-12.381712814332966,0.0,***,2020-09-08
9,temp_1,-14.620079058831006,0.6214067500920476,-23.52739016218502,0.0,***,2020-09-08
8,solar_power,-0.7312086664671824,0.11452949288542225,-6.384457383380709,1.7200618707136073e-10,***,2020-09-08
7,temperature,-17.222085985395324,0.15631300320813193,-110.17692470833016,0.0,***,2020-09-08
6,pv_capacity,-18.374169134278446,1.6986939198817919,-10.816645023111086,0.0,***,2020-09-08
5,rainfall,0.30608600776469075,0.4771419961880281,0.6414987785817766,0.5211986742102295,,2020-09-08
4,intercept,19318.354271824282,0.01936152228954525,997770.4223317049,0.0,***,2020-09-08
3,sma1,-0.8307065764377572,0.02121511470528127,-39.15635564444825,0.0,***,2020-09-08
2,sar1,0.9940484916326393,0.0019148845810743615,519.116661890358,0.0,***,2020-09-08
1,ma1,0.45683632921831663,0.01488961278328307,30.681545307290857,0.0,***,2020-09-08
0,ar1,0.9776499062951208,0.004103760992716027,238.23266219216984,0.0,***,2020-09-08
14,sin_336_1,21.24112163596463,0.42238234669860825,50.288848011731126,0.0,***,2020-09-09
13,lag_48*7,0.3043063785982707,0.017576276527589748,17.313472402450902,0.0,***,2020-09-09
12,solar_16,0.34888053974364014,0.12131093329994888,2.875920003690114,0.00402851794855108,**,2020-09-09
11,solar_4,-1.7641286834351408,0.1387322465274818,-12.716068020174966,0.0,***,2020-09-09
10,temp_9,-3.0942877098807884,0.18243339120992577,-16.96119164018717,0.0,***,2020-09-09
9,temp_1,-13.781829565355,0.1347835621426977,-102.25156054833998,0.0,***,2020-09-09
8,solar_power,-0.6979272907321956,0.1827550561595014,-3.818921924234327,0.00013403617395146838,***,2020-09-09
15,cos_336_1,-6.24032178623354,0.1101618216205534,-56.64686453468426,0.0,***,2020-09-09
6,pv_capacity,-18.187766963147652,0.3917570810682163,-46.4261345667435,0.0,***,2020-09-09
5,rainfall,0.30064142448787834,0.5049721600105085,0.5953623749903796,0.5516012700036308,,2020-09-09
4,intercept,19041.36940458792,0.019652051401261143,968925.2799005994,0.0,***,2020-09-09
3,sma1,-0.8257885797586958,0.01550851720517781,-53.247423259974255,0.0,***,2020-09-09
2,sar1,0.9935504594440847,0.0011650584893778521,852.7901976617898,0.0,***,2020-09-09
1,ma1,0.4578857536382009,0.014460410472495943,31.66478258062666,0.0,***,2020-09-09
0,ar1,0.9775112286579536,0.003445043336524277,283.74424736385754,0.0,***,2020-09-09
7,temperature,-16.712443019736156,0.037823508561017766,-441.8533249705075,0.0,***,2020-09-09
14,sin_336_1,21.430447181319206,0.5904386920507467,36.29580423817705,0.0,***,2020-09-10
13,lag_48*7,0.2988265796852059,0.01679834408190195,17.78904981516321,0.0,***,2020-09-10
12,solar_16,0.2635098440755121,0.10866461290067271,2.4249830468395364,0.015309101643010692,*,2020-09-10
11,solar_4,-1.7351453467661848,0.10594799011897497,-16.37733141343873,0.0,***,2020-09-10
10,temp_9,-3.645575704891094,0.1875694418452947,-19.43587222431427,0.0,***,2020-09-10
9,temp_1,-14.250266580404208,0.041994740419256396,-339.3345556642576,0.0,***,2020-09-10
8,solar_power,-0.6879283171970201,0.112694348990665,-6.104372786731342,1.0320515553274845e-09,***,2020-09-10
15,cos_336_1,-6.470063731513556,0.07849401473886722,-82.42747874520208,0.0,***,2020-09-10
6,pv_capacity,-13.48229868003368,1.2737683767849381,-10.584576384337431,0.0,***,2020-09-10
5,rainfall,0.30676655397400054,0.4365888957112131,0.7026439677863793,0.4822776547251906,,2020-09-10
4,intercept,15856.956886665768,0.028541890888145127,555567.8475826546,0.0,***,2020-09-10
3,sma1,-0.8335967062870532,0.019072077647632347,-43.707703045689826,0.0,***,2020-09-10
2,sar1,0.9940589353732148,0.0016866926744596878,589.3539175366668,0.0,***,2020-09-10
1,ma1,0.4589619637590633,0.01383806610156222,33.16662605819246,0.0,***,2020-09-10
0,ar1,0.9769974035270751,0.002240177841221605,436.12492970393043,0.0,***,2020-09-10
7,temperature,-16.83417705966798,0.06359224426248895,-264.72060004961844,0.0,***,2020-09-10
15,cos_336_1,-5.548502141928642,0.9999181930601535,-5.548956085045303,2.8738034618669417e-08,***,2020-09-11
14,sin_336_1,22.887683503779893,3.8185274732851044,5.993850682993638,2.0492954000417285e-09,***,2020-09-11
13,lag_48*7,0.29099456984756045,0.016450466159139258,17.6891382306449,0.0,***,2020-09-11
12,solar_16,0.3276412241950809,0.11786253111674495,2.7798590535150343,0.005438249664223127,**,2020-09-11
11,solar_4,-1.7076374365812867,0.11146784095472655,-15.319552455266948,0.0,***,2020-09-11
10,temp_9,-3.3040566908945355,0.5326616369228974,-6.202918441773941,5.542557524051972e-10,***,2020-09-11
9,temp_1,-14.062636067132098,1.1791236055236143,-11.926345975312142,0.0,***,2020-09-11
8,solar_power,-0.6642701815740111,0.11293472823357968,-5.881894718869115,4.055963120919159e-09,***,2020-09-11
7,temperature,-16.19970736796739,0.37436025886144886,-43.273042435743484,0.0,***,2020-09-11
5,rainfall,0.271957815438725,0.4738662227640536,0.5739126411087072,0.5660269183925193,,2020-09-11
4,intercept,13966.290801668005,0.022900072248225923,609879.7702592391,0.0,***,2020-09-11
3,sma1,-0.8477720284323529,0.015479936291643563,-54.76586030202206,0.0,***,2020-09-11
2,sar1,0.9950837145328298,0.001189064262200475,836.8628560842743,0.0,***,2020-09-11
1,ma1,0.4642272856254391,0.014545624229436626,31.915253570621033,0.0,***,2020-09-11
0,ar1,0.9769089593610049,0.003737486646522733,261.38125744740717,0.0,***,2020-09-11
6,pv_capacity,-10.649870645756693,1.3157665768588178,-8.094042539962944,6.661338147750939e-16,***,2020-09-11
9,temp_1,-14.227215750042788,0.5028404521096355,-28.293697713366935,0.0,***,2020-09-12
14,sin_336_1,21.60369557452281,1.0690890552825678,20.207573417551075,0.0,***,2020-09-12
13,lag_48*7,0.28352841284265773,0.015704325463626878,18.05416052407624,0.0,***,2020-09-12
12,solar_16,0.29627325243614216,0.10132016077070899,2.924129316243573,0.00345421214083963,**,2020-09-12
11,solar_4,-1.7011272485073903,0.10716137922516863,-15.874443393761885,0.0,***,2020-09-12
10,temp_9,-3.2798688009473587,0.6090004130029081,-5.385659403373339,7.217953257310228e-08,***,2020-09-12
8,solar_power,-0.6580520141835677,0.09864183439959108,-6.671125067664959,2.538502741344928e-11,***,2020-09-12
15,cos_336_1,-5.257576577461036,0.411251202049122,-12.784343367908363,0.0,***,2020-09-12
6,pv_capacity,-8.42354434824368,1.3732779598801925,-6.133896118873536,8.575251619902247e-10,***,2020-09-12
0,ar1,0.976599328988358,0.002870190623511323,340.2559122688547,0.0,***,2020-09-12
1,ma1,0.46687057410502136,0.014435125626392632,32.34267481894394,0.0,***,2020-09-12
2,sar1,0.9953599473114655,0.0008030739419270292,1239.4374855732876,0.0,***,2020-09-12
7,temperature,-16.305396165669777,0.9400066935375712,-17.34604261625725,0.0,***,2020-09-12
4,intercept,12439.42880796886,0.025253386014448886,492584.5904724048,0.0,***,2020-09-12
5,rainfall,0.3131108041206687,0.42480671216807425,0.7370665179056465,0.461081899197455,,2020-09-12
3,sma1,-0.850567476976102,0.014006593876650772,-60.72621827024001,0.0,***,2020-09-12
14,sin_336_1,21.051829579522597,1.0112620996620763,20.81738214707867,0.0,***,2020-09-13
13,lag_48*7,0.28587390461254836,0.019182351993747442,14.902964177997047,0.0,***,2020-09-13
12,solar_16,0.2885683384345301,0.11443960260057803,2.521577599685518,0.011682990374338287,*,2020-09-13
11,solar_4,-1.6962591690215287,0.10025939634559591,-16.918705187237446,0.0,***,2020-09-13
10,temp_9,-3.039234357501954,1.0914394851473754,-2.784610964566277,0.0053591980242508885,**,2020-09-13
9,temp_1,-14.223122261679052,1.7269048043004136,-8.236193579553438,2.220446049250313e-16,***,2020-09-13
8,solar_power,-0.6759157703510255,0.10410796765662489,-6.4924499590691385,8.445155685876671e-11,***,2020-09-13
15,cos_336_1,-6.612531110406451,0.3451794071461462,-19.15679491160015,0.0,***,2020-09-13
6,pv_capacity,-8.809656727296769,1.0019961441132292,-8.79210641583192,0.0,***,2020-09-13
5,rainfall,0.3110211740958846,0.4509185074080691,0.6897502963089045,0.49035123036621897,,2020-09-13
4,intercept,12646.320504081472,0.02395354496456971,527951.9387542413,0.0,***,2020-09-13
3,sma1,-0.849400052349991,0.013541781489099817,-62.72439509038736,0.0,***,2020-09-13
2,sar1,0.9953530057731038,0.0008806387694405044,1130.2625325086253,0.0,***,2020-09-13
1,ma1,0.4633983854471554,0.014619521774939416,31.69723282204118,0.0,***,2020-09-13
0,ar1,0.9764155788841187,0.0032559191860671403,299.889377802261,0.0,***,2020-09-13
7,temperature,-16.574380249036437,1.0827936208979354,-15.307053836622801,0.0,***,2020-09-13
15,cos_336_1,-6.834879071451993,0.4926538662383413,-13.873592678039277,0.0,***,2020-09-14
14,sin_336_1,21.704219957684415,1.805929018265665,12.018312867317562,0.0,***,2020-09-14
13,lag_48*7,0.28532815285629964,0.018544087875324418,15.386475451077315,0.0,***,2020-09-14
12,solar_16,0.27983624358528814,0.10607570039685955,2.638080564524586,0.008337677113927855,**,2020-09-14
11,solar_4,-1.6694034072005426,0.11216995158309154,-14.882804027635757,0.0,***,2020-09-14
10,temp_9,-2.676899669643948,0.9630928959226929,-2.7794823126374943,0.005444561848372498,**,2020-09-14
9,temp_1,-13.872079056801905,0.6252963296447682,-22.184808064814092,0.0,***,2020-09-14
8,solar_power,-0.685403820939996,0.11037374905600454,-6.209844521927188,5.303704142534116e-10,***,2020-09-14
7,temperature,-17.19137937580939,1.253536702458755,-13.71430077961761,0.0,***,2020-09-14
5,rainfall,0.3089013761698709,0.47942360350716423,0.6443182478087041,0.5193690850762407,,2020-09-14
4,intercept,14611.728643267656,0.019438134030581245,751704.2850038796,0.0,***,2020-09-14
3,sma1,-0.8264036889084007,0.019295865705665383,-42.828018266408414,0.0,***,2020-09-14
1,ma1,0.45846649412403817,0.015021393804812247,30.520902393036526,0.0,***,2020-09-14
0,ar1,0.9757092438863983,0.0035814761534674186,272.4321486663431,0.0,***,2020-09-14
6,pv_capacity,-11.929080882573473,0.35293510055407357,-33.7996443647741,0.0,***,2020-09-14
2,sar1,0.994099588914959,0.0015913308664449062,624.6969815496732,0.0,***,2020-09-14
15,cos_336_1,-6.958101331494526,0.654236545692833,-10.63545192836321,0.0,***,2020-09-15
8,solar_power,-0.6616815460436101,0.10127921214922556,-6.533241442169628,6.43611830497548e-11,***,2020-09-15
14,sin_336_1,19.632815084707214,1.911061942105505,10.273248947167477,0.0,***,2020-09-15
13,lag_48*7,0.3067619335210897,0.016029367356106477,19.137494743622995,0.0,***,2020-09-15
12,solar_16,0.27237616696114586,0.11476181300024751,2.3734041824570897,0.017624965352258437,*,2020-09-15
11,solar_4,-1.6445491447143006,0.11238943513203843,-14.632595517383246,0.0,***,2020-09-15
10,temp_9,-2.8191264063768244,0.48406432936838306,-5.823867274118871,5.750124820735891e-09,***,2020-09-15
9,temp_1,-14.060761424657514,0.3356379338327422,-41.89264682955767,0.0,***,2020-09-15
7,temperature,-18.213408189300992,0.7173106019387743,-25.39124354229967,0.0,***,2020-09-15
5,rainfall,0.28508755322485513,0.4752182155147873,0.599908723860742,0.5485670680763317,,2020-09-15
4,intercept,15580.593749157197,0.022471225588590615,693357.5424149531,0.0,***,2020-09-15
3,sma1,-0.8389370214107216,0.016768333820280593,-50.03103053662151,0.0,***,2020-09-15
2,sar1,0.9946015810316898,0.0013477128918890507,737.9921844018166,0.0,***,2020-09-15
1,ma1,0.4615220421600882,0.013129106344536375,35.15258617370776,0.0,***,2020-09-15
0,ar1,0.976250355154617,0.004034424308393352,241.98008948230682,0.0,***,2020-09-15
6,pv_capacity,-13.493101466529481,0.3536794248833816,-38.15065428524305,0.0,***,2020-09-15
14,sin_336_1,20.293666751008672,1.9837976916079314,10.229705799566693,0.0,***,2020-09-16
13,lag_48*7,0.3171492854727739,0.017453436307314357,18.171165831674276,0.0,***,2020-09-16
12,solar_16,0.25184452389181633,0.10716860803800851,2.3499840905136784,0.01877421350252706,*,2020-09-16
11,solar_4,-1.6197306784625098,0.10866165993295376,-14.90618383210705,0.0,***,2020-09-16
10,temp_9,-2.3265610126611094,1.3525865407453526,-1.7200829245122025,0.08541736914079223,.,2020-09-16
9,temp_1,-14.238234407332271,0.26865385662671315,-52.99843667279227,0.0,***,2020-09-16
8,solar_power,-0.6391293941412641,0.10917459669038176,-5.854195147190053,4.793255348189973e-09,***,2020-09-16
15,cos_336_1,-4.751570205156061,0.19683192740048927,-24.140241209385476,0.0,***,2020-09-16
6,pv_capacity,-13.368100908115906,1.1937805910344352,-11.19812217463862,0.0,***,2020-09-16
5,rainfall,0.2794712781773967,0.40394858713765947,0.6918486339009207,0.4890323910955754,,2020-09-16
4,intercept,15429.406933380538,0.03245289841186226,475440.02811597084,0.0,***,2020-09-16
3,sma1,-0.8419850431992554,0.015277450520752132,-55.1129288264128,0.0,***,2020-09-16
2,sar1,0.9943438819653455,0.0012936920776545984,768.6093925596601,0.0,***,2020-09-16
1,ma1,0.45680519119119156,0.013240879936235317,34.499609798672616,0.0,***,2020-09-16
0,ar1,0.9767720993715923,0.0030204634061537674,323.3848479612622,0.0,***,2020-09-16
7,temperature,-18.0234358128871,0.902300431032454,-19.974983046681967,0.0,***,2020-09-16
15,cos_336_1,-5.3351105457114825,0.050252378098708986,-106.16632978506831,0.0,***,2020-09-17
14,sin_336_1,20.859078421412132,1.3952435282807567,14.95013450957558,0.0,***,2020-09-17
13,lag_48*7,0.31552962281454106,0.017503506925077985,18.026651697007583,0.0,***,2020-09-17
12,solar_16,0.22946177776897603,0.09398743966876785,2.4414089646196255,0.014630076416188631,*,2020-09-17
11,solar_4,-1.625319525190779,0.09469783914693373,-17.163216603801523,0.0,***,2020-09-17
10,temp_9,-2.953019612361313,0.9475323089158628,-3.1165371191828455,0.0018298864195585018,**,2020-09-17
9,temp_1,-13.163078902778846,0.8514937301609946,-15.458808957160567,0.0,***,2020-09-17
8,solar_power,-0.6592770451516117,0.09202585485957428,-7.1640415202621845,7.833733661755105e-13,***,2020-09-17
7,temperature,-17.57130172687704,0.5881586987520222,-29.875103036239206,0.0,***,2020-09-17
5,rainfall,0.3137499722743087,0.4254110844183963,0.7375218553678593,0.4608050574306968,,2020-09-17
4,intercept,15718.437880582045,0.02179273399152823,721269.6620209505,0.0,***,2020-09-17
3,sma1,-0.8421584043690437,0.015670811069998302,-53.740575430799,0.0,***,2020-09-17
2,sar1,0.9942636067204841,0.0012922549959695005,769.4020219086469,0.0,***,2020-09-17
1,ma1,0.455602225194697,0.013516302969009835,33.70760675010773,0.0,***,2020-09-17
0,ar1,0.9769048924335162,0.0029343562482318022,332.91966271041014,0.0,***,2020-09-17
6,pv_capacity,-13.669556863757151,1.21440358234827,-11.256189509359466,0.0,***,2020-09-17
9,temp_1,-10.623709339777587,0.5202607080011987,-20.419972479938096,0.0,***,2020-09-18
14,sin_336_1,20.05869819490622,0.4146962895779332,48.36961096353533,0.0,***,2020-09-18
13,lag_48*7,0.3125076373127831,0.01703435971761241,18.345722556843196,0.0,***,2020-09-18
12,solar_16,0.2016144133634532,0.10064549938648418,2.00321340340558,0.0451543876117686,*,2020-09-18
11,solar_4,-1.5540119814379025,0.08844894671281606,-17.569592846408984,0.0,***,2020-09-18
10,temp_9,-2.781951078198439,0.15342068308284973,-18.132829435364584,0.0,***,2020-09-18
8,solar_power,-0.6802023036532319,0.10659072734835134,-6.381439742223062,1.7543078101311949e-10,***,2020-09-18
15,cos_336_1,-7.626734983809967,0.1940990364541013,-39.29300795686054,0.0,***,2020-09-18
6,pv_capacity,-14.522855104196623,0.8064303752540093,-18.00881458566366,0.0,***,2020-09-18
0,ar1,0.9767823825109812,0.0036193928023205463,269.87465463398297,0.0,***,2020-09-18
1,ma1,0.4557856054062756,0.015358329145159937,29.67677024619003,0.0,***,2020-09-18
2,sar1,0.9918463765152228,0.0018469456744976212,537.0197890552521,0.0,***,2020-09-18
7,temperature,-15.708827836517628,1.0615036166281728,-14.798656915005283,0.0,***,2020-09-18
4,intercept,16126.713083095217,0.020677650726381076,779910.3145948946,0.0,***,2020-09-18
5,rainfall,0.32228948604759466,0.5222286609608248,0.6171424706078539,0.5371407575702876,,2020-09-18
3,sma1,-0.8149904170038218,0.019000539493851665,-42.89301455190483,0.0,***,2020-09-18
15,cos_336_1,-4.736182064063976,0.03219608635171695,-147.1042788345424,0.0,***,2020-09-19
14,sin_336_1,18.222933190010135,1.543961845164792,11.80270953396853,0.0,***,2020-09-19
13,lag_48*7,0.33306880855619725,0.01799735494977387,18.506542182765703,0.0,***,2020-09-19
12,solar_16,0.2088202654349628,0.09323822082783306,2.239642322439369,0.025114152793301203,*,2020-09-19
11,solar_4,-1.4417687673336985,0.0939651299721669,-15.34365745847167,0.0,***,2020-09-19
9,temp_1,-9.834322601372563,0.28536721346934146,-34.46199190794256,0.0,***,2020-09-19
8,solar_power,-0.6557547890051865,0.09852347261941043,-6.655822938137019,2.8171909249863347e-11,***,2020-09-19
10,temp_9,-2.562372394959219,0.8276078317086937,-3.0961190757087205,0.0019607160612531427,**,2020-09-19
6,pv_capacity,-14.234436543237052,0.8911898215624954,-15.972395777905382,0.0,***,2020-09-19
5,rainfall,0.32463271295875984,0.45373573598852573,0.7154664867899435,0.4743208420215139,,2020-09-19
4,intercept,15514.129961907303,0.024353022716545943,637051.512762179,0.0,***,2020-09-19
3,sma1,-0.7327087092347462,0.03177175726007857,-23.061636258797677,0.0,***,2020-09-19
2,sar1,0.982112790453946,0.0046137636829011106,212.86586352346475,0.0,***,2020-09-19
1,ma1,0.44317991132229134,0.016487664380126978,26.879484025431033,0.0,***,2020-09-19
0,ar1,0.9767270885348011,0.0037032261124361264,263.75032441437173,0.0,***,2020-09-19
7,temperature,-14.613576258250305,0.04614767508186265,-316.66982642845767,0.0,***,2020-09-19
9,temp_1,-9.62832358743319,1.328725491252637,-7.246284993265408,4.283240429003854e-13,***,2020-09-20
15,cos_336_1,-5.874803895638876,2.273157317433488,-2.5844246900922077,0.009754160399772394,**,2020-09-20
14,sin_336_1,18.846429685165,2.1974276911058577,8.576586961858352,0.0,***,2020-09-20
13,lag_48*7,0.3300838537376797,0.020334864830450845,16.232409533570593,0.0,***,2020-09-20
12,solar_16,0.20292528267247212,0.10219796528774067,1.985609812300386,0.047076666079619356,*,2020-09-20
11,solar_4,-1.4156013115529404,0.08355640768026447,-16.941864195141758,0.0,***,2020-09-20
10,temp_9,-2.60474251364969,0.991971677869959,-2.6258234703260896,0.008643963389456388,**,2020-09-20
8,solar_power,-0.6594274362569195,0.10521169239518591,-6.267625025743739,3.6659630886504146e-10,***,2020-09-20
1,ma1,0.4425680528706457,0.013243763485690034,33.417091248182075,0.0,***,2020-09-20
6,pv_capacity,-12.683329097987155,1.072623586006168,-11.824585309756765,0.0,***,2020-09-20
5,rainfall,0.2933082535543292,0.4738501395843313,0.618989484337018,0.5359232863739332,,2020-09-20
4,intercept,14467.362028118407,0.02781571089077808,520114.76841006655,0.0,***,2020-09-20
3,sma1,-0.7415502691222361,0.03474623387543244,-21.34188907438841,0.0,***,2020-09-20
2,sar1,0.9834802286642106,0.00467545508811844,210.34962589278044,0.0,***,2020-09-20
0,ar1,0.9772961504580582,0.0035088240469762838,278.5252658366382,0.0,***,2020-09-20
7,temperature,-13.866434690110736,0.9035310199969455,-15.346938160637377,0.0,***,2020-09-20
9,temp_1,-9.531236762727243,0.3944569848203534,-24.162930635055254,0.0,***,2020-09-21
14,sin_336_1,19.548408342957025,1.0047615805334673,19.455768136136346,0.0,***,2020-09-21
13,lag_48*7,0.30931354419873813,0.016673190783278016,18.551550703117776,0.0,***,2020-09-21
12,solar_16,0.22054694034567512,0.10041903404712173,2.1962662998947318,0.028072888349977676,*,2020-09-21
11,solar_4,-1.3649407921472019,0.09961589549418942,-13.702038067075536,0.0,***,2020-09-21
15,cos_336_1,-3.5456254727125307,0.5204281464435171,-6.812901064138242,9.565015446355574e-12,***,2020-09-21
8,solar_power,-0.6281060923222412,0.1020300999828467,-6.156086217967427,7.456464334865132e-10,***,2020-09-21
10,temp_9,-2.461614865664064,0.22345882633427055,-11.015966144840261,0.0,***,2020-09-21
6,pv_capacity,-5.134191134532188,1.082050268588876,-4.744873028152187,2.0863716414520894e-06,***,2020-09-21
0,ar1,0.9776874166160773,0.0031511445120800735,310.26422713019434,0.0,***,2020-09-21
1,ma1,0.44723989478702086,0.013223489113194604,33.8216253636688,0.0,***,2020-09-21
2,sar1,0.9913168814477715,0.002159337902255021,459.08372210413575,0.0,***,2020-09-21
7,temperature,-13.95109459318158,2.016088731552961,-6.919881240760308,4.520162022458862e-12,***,2020-09-21
4,intercept,9493.491622406164,0.03650570897114381,260054.9856437622,0.0,***,2020-09-21
5,rainfall,1.1902635330836375,0.685585587417076,1.7361268307403037,0.08254141118650105,.,2020-09-21
3,sma1,-0.8047948097666785,0.019334926377350556,-41.623887986945554,0.0,***,2020-09-21
14,sin_336_1,20.02346630856097,1.1157857055640061,17.945620031437425,0.0,***,2020-09-22
13,lag_48*7,0.30968774499968665,0.016652855421520823,18.59667529446457,0.0,***,2020-09-22
12,solar_16,0.26375487484377835,0.09659907973000237,2.7304077386759995,0.006325603603339225,**,2020-09-22
11,solar_4,-1.2953127086754836,0.08940208689876455,-14.488618259462392,0.0,***,2020-09-22
10,temp_9,-2.3513628022112982,0.44836500308065397,-5.244304943640581,1.5687256338381417e-07,***,2020-09-22
9,temp_1,-8.93909538215367,0.9439091567773422,-9.470292048731872,0.0,***,2020-09-22
8,solar_power,-0.6432292241305504,0.09625692822529484,-6.6824200189002045,2.350275529749979e-11,***,2020-09-22
15,cos_336_1,-2.837562732246848,0.12867663538365864,-22.051887848842572,0.0,***,2020-09-22
6,pv_capacity,-7.454598151653656,1.1239778793585717,-6.632335287512796,3.3041791525079134e-11,***,2020-09-22
5,rainfall,1.2224371169120332,0.9141803538283441,1.3371946922648161,0.18115909400588737,,2020-09-22
4,intercept,11125.814662745212,0.02227286175526688,499523.3564952326,0.0,***,2020-09-22
3,sma1,-0.803830482683196,0.020044910208514382,-40.10147585204731,0.0,***,2020-09-22
2,sar1,0.9915101530466537,0.0021772294659370864,455.3999330612148,0.0,***,2020-09-22
1,ma1,0.4483053506101638,0.014671632175848123,30.55592896802217,0.0,***,2020-09-22
0,ar1,0.9776965251115632,0.00357123233410076,273.77006972517466,0.0,***,2020-09-22
7,temperature,-12.730562267230937,0.821820988578274,-15.490675517127437,0.0,***,2020-09-22
15,cos_336_1,-3.371416770400017,1.0188527130798923,-3.3090325295484107,0.000936189592152914,***,2020-09-23
14,sin_336_1,20.071260561719896,2.2962519464279114,8.740879062919507,0.0,***,2020-09-23
13,lag_48*7,0.31542495202562215,0.017262177378894107,18.272605193553495,0.0,***,2020-09-23
12,solar_16,0.24255778276030804,0.08901694673873353,2.7248494994129584,0.006433080364960819,**,2020-09-23
11,solar_4,-1.2497094276586829,0.09381830732667,-13.32052840505069,0.0,***,2020-09-23
10,temp_9,-2.774885577235601,1.397330342771811,-1.9858479360944856,0.04705021122303776,*,2020-09-23
9,temp_1,-8.099683066600601,0.42737208570645185,-18.952297862907248,0.0,***,2020-09-23
8,solar_power,-0.625609238338825,0.10054587097766338,-6.22212759465584,4.904578965181372e-10,***,2020-09-23
7,temperature,-11.572626221613518,0.07752019592102424,-149.28530667548156,0.0,***,2020-09-23
5,rainfall,1.6704660149025017,0.5844494529560832,2.8581873187723286,0.00426068791406764,**,2020-09-23
4,intercept,12044.742621324234,0.024840176343904743,484889.577858402,0.0,***,2020-09-23
3,sma1,-0.790850010227732,0.019010036006847763,-41.601710272555685,0.0,***,2020-09-23
1,ma1,0.446246538623818,0.013298277136770483,33.55671821501759,0.0,***,2020-09-23
0,ar1,0.9778287058411841,0.002894479877101198,337.8253597743001,0.0,***,2020-09-23
6,pv_capacity,-9.010778033352949,1.1921288163885602,-7.558560710452614,4.085620730620576e-14,***,2020-09-23
2,sar1,0.9905138501670433,0.0020830278173781507,475.5163814440921,0.0,***,2020-09-23
15,cos_336_1,-3.1082180806637845,0.8231235448267982,-3.7761258321408073,0.00015928654413488452,***,2020-09-24
8,solar_power,-0.6041835090106815,0.09896566583667876,-6.104980994194032,1.0281291373814838e-09,***,2020-09-24
14,sin_336_1,20.358363184425038,3.084695441253038,6.599796826669942,4.117217677901408e-11,***,2020-09-24
13,lag_48*7,0.31578801142375246,0.01646082862810591,19.18421110858069,0.0,***,2020-09-24
12,solar_16,0.2499152780029913,0.0962848436209556,2.595582737682292,0.009443066463376892,**,2020-09-24
11,solar_4,-1.2608417866633452,0.09677563327501996,-13.028504634841772,0.0,***,2020-09-24
10,temp_9,-2.0553774852497035,0.7733424081103559,-2.657784525579,0.007865616463771374,**,2020-09-24
9,temp_1,-8.32747966149322,0.7733795870529654,-10.767648643566936,0.0,***,2020-09-24
7,temperature,-10.948684817648541,0.46236145930745465,-23.679925299240907,0.0,***,2020-09-24
5,rainfall,1.6279799990248023,0.3433600090340709,4.741320934853719,2.1232927378544986e-06,***,2020-09-24
0,ar1,0.9782840312784672,0.00290389960321585,336.8863132165766,0.0,***,2020-09-24
1,ma1,0.4428134112899994,0.014623367591640466,30.2812200072941,0.0,***,2020-09-24
6,pv_capacity,-11.736985255434007,0.20532599183983108,-57.16268627397983,0.0,***,2020-09-24
3,sma1,-0.7893609605161591,0.01865189820261991,-42.320677066813644,0.0,***,2020-09-24
4,intercept,14097.677040362943,0.0677842772846721,207978.5697375993,0.0,***,2020-09-24
2,sar1,0.9905065309257987,0.0017835680835986344,555.351118936426,0.0,***,2020-09-24
15,cos_336_1,-3.0517169464873897,0.21503285417221876,-14.191863649092824,0.0,***,2020-09-25
14,sin_336_1,20.445948024224528,1.379117096929858,14.82538942468379,0.0,***,2020-09-25
13,lag_48*7,0.31159724426022883,0.01636991709039586,19.034747857277864,0.0,***,2020-09-25
12,solar_16,0.24026591984639833,0.10261464985537834,2.3414387729726807,0.01920957644840371,*,2020-09-25
11,solar_4,-1.3024684418410537,0.10126125983024997,-12.862455434827256,0.0,***,2020-09-25
9,temp_1,-7.959810958220695,0.9263473826585722,-8.592684674486176,0.0,***,2020-09-25
8,solar_power,-0.6114771408040269,0.09579295855936798,-6.383320340033784,1.7328893875401263e-10,***,2020-09-25
10,temp_9,-2.0108089396389843,0.9692670874525482,-2.0745664076181956,0.03802673814385771,*,2020-09-25
6,pv_capacity,-13.799554093216273,0.9558930627809695,-14.43629484355643,0.0,***,2020-09-25
5,rainfall,1.6285850938011492,1.128229301973177,1.4434876766211375,0.148883141504214,,2020-09-25
4,intercept,15435.683166084285,0.02728819916643082,565654.1522561456,0.0,***,2020-09-25
3,sma1,-0.7910396337571283,0.021449164047333037,-36.87974188697975,0.0,***,2020-09-25
2,sar1,0.9908555830848766,0.002415727179307374,410.16866125129667,0.0,***,2020-09-25
1,ma1,0.44708580219121197,0.014427034589062452,30.9894455046334,0.0,***,2020-09-25
0,ar1,0.9782046040290404,0.003866502563779768,252.9946865140002,0.0,***,2020-09-25
7,temperature,-10.191652526578764,0.8006622755855558,-12.729028002630956,0.0,***,2020-09-25
9,temp_1,-7.342657165365821,0.4167514830905227,-17.618790726105036,0.0,***,2020-09-26
14,sin_336_1,20.462181741694465,0.6778490853596594,30.186928305490675,0.0,***,2020-09-26
13,lag_48*7,0.3134875821357828,0.016836579890430636,18.619433648395475,0.0,***,2020-09-26
15,cos_336_1,-2.4653559573994586,0.1188507872127032,-20.743286731347393,0.0,***,2020-09-26
12,solar_16,0.24328471915006578,0.1034017942161838,2.35280945552479,0.018632179056704334,*,2020-09-26
11,solar_4,-1.3223317475058227,0.09540720624201263,-13.859872850186584,0.0,***,2020-09-26
10,temp_9,-2.102991871593808,0.38465560489079603,-5.467207145443386,4.571816702991782e-08,***,2020-09-26
8,solar_power,-0.5928334854645527,0.10749053464095792,-5.515215711269343,3.483524224634493e-08,***,2020-09-26
2,sar1,0.9905735902658513,0.0020082593641742035,493.2498301449103,0.0,***,2020-09-26
6,pv_capacity,-15.93173454803781,0.3123835092705269,-51.000562050286675,0.0,***,2020-09-26
5,rainfall,1.6921000572259288,0.7327958068056623,2.3091017190750307,0.02093793739769967,*,2020-09-26
4,intercept,16457.178016724018,0.01960901078764854,839266.1004139066,0.0,***,2020-09-26
3,sma1,-0.7893387377585016,0.02015977188028674,-39.15415027738273,0.0,***,2020-09-26
1,ma1,0.45245441389646474,0.014683692734813037,30.81339429173405,0.0,***,2020-09-26
7,temperature,-9.43662902833347,0.5074637240370296,-18.595672126594966,0.0,***,2020-09-26
0,ar1,0.9778662020174275,0.0036774330710843657,265.90999295306926,0.0,***,2020-09-26
8,solar_power,-0.6075784157915223,0.059018431621242616,-10.294723175477191,0.0,***,2020-09-27
15,cos_336_1,-2.5395728798359847,0.07999147504780621,-31.748044129930484,0.0,***,2020-09-27
14,sin_336_1,20.177046287780193,0.09847097314476327,204.9034923024239,0.0,***,2020-09-27
13,lag_48*7,0.3073840450548453,0.01886096343164669,16.29736710793297,0.0,***,2020-09-27
12,solar_16,0.2530993647423372,0.08190017660526419,3.0903396699888073,0.001999277112614939,**,2020-09-27
11,solar_4,-1.3444229119881221,0.07550400334306491,-17.805981834890456,0.0,***,2020-09-27
10,temp_9,-2.3023387785379796,0.07189163523831488,-32.02512741441915,0.0,***,2020-09-27
9,temp_1,-6.964089317832661,0.10339964017326196,-67.35119489935614,0.0,***,2020-09-27
7,temperature,-9.343255888323029,0.08931267022893258,-104.61288263326728,0.0,***,2020-09-27
5,rainfall,1.6679471999592295,0.045993725576311886,36.264668257669285,0.0,***,2020-09-27
4,intercept,17328.907889563387,0.02082179179105649,832248.6394761958,0.0,***,2020-09-27
3,sma1,-0.8024133110031094,0.016150032515460697,-49.68493470430761,0.0,***,2020-09-27
2,sar1,0.9919493081905715,0.0013650022423198134,726.7015961122228,0.0,***,2020-09-27
1,ma1,0.4578727353443069,0.014174875444417274,32.30171137233086,0.0,***,2020-09-27
0,ar1,0.9775131447128109,0.004988005986871918,195.97272883905052,0.0,***,2020-09-27
6,pv_capacity,-17.273113663093767,0.033301914376912094,-518.6823035936053,0.0,***,2020-09-27
14,sin_336_1,18.915814466035407,1.121680897425566,16.86381083020151,0.0,***,2020-09-28
13,lag_48*7,0.3084738599939676,0.020682147421871275,14.914982168039181,0.0,***,2020-09-28
12,solar_16,0.25368086935103973,0.10664360592830249,2.37877242749642,0.01737039614454261,*,2020-09-28
11,solar_4,-1.3218392596546842,0.1731341696475554,-7.634768239831092,2.2648549702353193e-14,***,2020-09-28
10,temp_9,-2.729686244260108,0.7555208967193493,-3.6129857640113627,0.000302691328178728,***,2020-09-28
9,temp_1,-6.8798840437351005,0.2393961189810635,-28.73849447943351,0.0,***,2020-09-28
8,solar_power,-0.6103080179400422,0.10242813104640308,-5.958402361784322,2.547157595955696e-09,***,2020-09-28
15,cos_336_1,-1.2387885931017781,0.4520518873731555,-2.7403681473387915,0.006137040027163865,**,2020-09-28
6,pv_capacity,-18.13175187376487,2.6877312608693646,-6.746117864440076,1.5185408486217966e-11,***,2020-09-28
5,rainfall,1.670150170437637,1.9304157108939914,0.8651764285860358,0.3869419608051725,,2020-09-28
4,intercept,17849.09547205841,0.030561543216852595,584037.7675108977,0.0,***,2020-09-28
3,sma1,-0.7941977121931307,0.02043258703981177,-38.86917063638003,0.0,***,2020-09-28
2,sar1,0.9914688719075155,0.0022271421876134128,445.1753809979979,0.0,***,2020-09-28
1,ma1,0.4526245078690704,0.013813138955747324,32.76767933191202,0.0,***,2020-09-28
0,ar1,0.9768245698401676,0.00562449993506598,173.6731409222976,0.0,***,2020-09-28
7,temperature,-9.056086827945592,0.3947380779558524,-22.942014803442465,0.0,***,2020-09-28
15,cos_336_1,-0.7567894754717576,0.1819921012088984,-4.158364403975324,3.205344089263207e-05,***,2020-09-29
14,sin_336_1,18.070860687535237,0.5067303627664388,35.661689165179205,0.0,***,2020-09-29
13,lag_48*7,0.31799820276143503,0.017677637483700083,17.98872745606701,0.0,***,2020-09-29
12,solar_16,0.25129891908243795,0.09538216035539283,2.6346532532509337,0.008422327330591228,**,2020-09-29
11,solar_4,-1.3158419808605686,0.08894146545342213,-14.794471556685375,0.0,***,2020-09-29
10,temp_9,-2.241868035079392,1.318760577626505,-1.6999810830820319,0.08913448381166411,.,2020-09-29
9,temp_1,-6.410584390064294,0.4906940539850279,-13.064320502770743,0.0,***,2020-09-29
8,solar_power,-0.631594246402301,0.08779589280306503,-7.193892860330381,6.297184995673888e-13,***,2020-09-29
7,temperature,-8.442100531167682,0.710955741305415,-11.874298273007538,0.0,***,2020-09-29
5,rainfall,1.5268025467451594,0.5302568118310802,2.87936432437862,0.003984777117689298,**,2020-09-29
4,intercept,18650.13973224257,0.026990651808169407,690985.1553343232,0.0,***,2020-09-29
3,sma1,-0.8074311809605947,0.019056350086108512,-42.37071513233728,0.0,***,2020-09-29
2,sar1,0.9922048440867735,0.0019336457782223558,513.1264760389205,0.0,***,2020-09-29
1,ma1,0.4467199488929854,0.012900491286468503,34.62813461697818,0.0,***,2020-09-29
0,ar1,0.9772501271120916,0.0033613556919122106,290.7309480705842,0.0,***,2020-09-29
6,pv_capacity,-19.444930397843336,0.5627358557642419,-34.5542765733943,0.0,***,2020-09-29
9,temp_1,-5.432329303905069,0.5504713399871904,-9.868505241401815,0.0,***,2020-09-30
15,cos_336_1,1.126949497688847,0.10679956016518255,10.552005045206553,0.0,***,2020-09-30
14,sin_336_1,16.916149499846423,1.229394657366399,13.759738907670288,0.0,***,2020-09-30
13,lag_48*7,0.3242361235353171,0.01638044441313676,19.794098093900725,0.0,***,2020-09-30
11,solar_4,-1.3092872043130903,0.07258521520031766,-18.037932390222636,0.0,***,2020-09-30
10,temp_9,-2.027147405432004,1.5040151729264044,-1.3478237732719986,0.1777150697136789,,2020-09-30
8,solar_power,-0.6124781386738505,0.0680284217911015,-9.003268377364682,0.0,***,2020-09-30
12,solar_16,0.25741530273219326,0.0782234785071585,3.2907677802724704,0.0009991435605753995,***,2020-09-30
6,pv_capacity,-19.335167231505523,0.29019732091334166,-66.62765586757213,0.0,***,2020-09-30
5,rainfall,1.6548418551586792,0.14098770820143713,11.737490283864412,0.0,***,2020-09-30
4,intercept,18569.46207533193,0.03677732284746236,504916.0906124309,0.0,***,2020-09-30
3,sma1,-0.8062404129796303,0.01576207699452919,-51.15064551832006,0.0,***,2020-09-30
7,temperature,-7.0376803720724865,0.05786643445100991,-121.61938849076024,0.0,***,2020-09-30
2,sar1,0.9919131262206565,0.0012655261619170842,783.7950380401899,0.0,***,2020-09-30
1,ma1,0.4427850807484913,0.013622247864970334,32.504553223342455,0.0,***,2020-09-30
0,ar1,0.9773146533509645,0.002921204913346869,334.55874625078604,0.0,***,2020-09-30
15,cos_336_1,1.0588462868037551,0.11190692550442853,9.461847709879699,0.0,***,2020-10-01
14,sin_336_1,19.74265125688077,0.9935053836180312,19.871710392735167,0.0,***,2020-10-01
13,lag_48*7,0.3193399184589276,0.016739938836589002,19.07652838975352,0.0,***,2020-10-01
12,solar_16,0.23296704764596132,0.07984838697760469,2.9176174555824437,0.0035271677962354087,**,2020-10-01
11,solar_4,-1.2738172784486288,0.08283536752510715,-15.377698156074924,0.0,***,2020-10-01
10,temp_9,-2.458548316209793,0.1875614749862088,-13.107960024256409,0.0,***,2020-10-01
9,temp_1,-5.13150249437189,0.48118801028861424,-10.664235983964023,0.0,***,2020-10-01
8,solar_power,-0.6399835466395416,0.07753526662136179,-8.254096162006611,2.220446049250313e-16,***,2020-10-01
7,temperature,-6.948092397342521,0.08284404637076562,-83.8695440617009,0.0,***,2020-10-01
6,pv_capacity,-17.332148924035096,1.1719710228305276,-14.788888621302888,0.0,***,2020-10-01
5,rainfall,1.6435729299660977,0.17507490004824064,9.387827321410567,0.0,***,2020-10-01
4,intercept,17371.574490215524,0.389701835024452,44576.578627415336,0.0,***,2020-10-01
3,sma1,-0.8076492812492754,0.016289545082663056,-49.58083710446006,0.0,***,2020-10-01
2,sar1,0.9918167061549854,0.0016634356963453995,596.2458953682585,0.0,***,2020-10-01
1,ma1,0.43754287638724054,0.01354876180647645,32.293938194270304,0.0,***,2020-10-01
0,ar1,0.9780786116646188,0.0031692556238526546,308.61461735788714,0.0,***,2020-10-01
14,sin_336_1,18.270940594035935,0.6190296970339303,29.515450844411536,0.0,***,2020-10-02
13,lag_48*7,0.3226668767354619,0.01749438538298122,18.44402473546494,0.0,***,2020-10-02
12,solar_16,0.17141626566420665,0.08274861090043864,2.0715304317368064,0.038309253592027304,*,2020-10-02
11,solar_4,-1.1393545734104613,0.08739248064010914,-13.037215159304562,0.0,***,2020-10-02
10,temp_9,-2.8406733663397077,1.0248866600494069,-2.7716951318331793,0.0055765237665545975,**,2020-10-02
9,temp_1,-4.125268461110499,0.5456414717791616,-7.560401242338351,4.0190073491430667e-14,***,2020-10-02
8,solar_power,-0.6107349946523755,0.08172769206966096,-7.472803638353238,7.860379014346108e-14,***,2020-10-02
15,cos_336_1,-0.09957905380941064,0.24044938020163734,-0.4141372863007802,0.6787735673257671,,2020-10-02
6,pv_capacity,-15.591784204385704,0.5662929725369061,-27.533070266679964,0.0,***,2020-10-02
5,rainfall,1.7320594541818934,0.4096740459060679,4.227896474015415,2.3588627560355846e-05,***,2020-10-02
4,intercept,16394.427343034113,0.023378816095068096,701251.3925584374,0.0,***,2020-10-02
3,sma1,-0.745089218403001,0.022012235231664012,-33.848866803458925,0.0,***,2020-10-02
2,sar1,0.9857288991254395,0.002830086221189867,348.3034869202694,0.0,***,2020-10-02
1,ma1,0.42136428689801536,0.015551039213279813,27.09557098526195,0.0,***,2020-10-02
0,ar1,0.9780660131219876,0.003280401354957699,298.15437420296996,0.0,***,2020-10-02
7,temperature,-5.778946025480991,0.8627647166917739,-6.698171487169824,2.1104451519704526e-11,***,2020-10-02
14,sin_336_1,19.320332815155194,0.7370985025791125,26.211330978903394,0.0,***,2020-10-03
13,lag_48*7,0.32347428772292014,0.017101681490011747,18.914765072185773,0.0,***,2020-10-03
12,solar_16,0.1805120456461129,0.07813627064797118,2.310220901882779,0.0208759274232051,*,2020-10-03
11,solar_4,-1.108750517821381,0.08850126822915069,-12.528074907927465,0.0,***,2020-10-03
10,temp_9,-2.9766090345803207,0.08450621975241368,-35.22354973753636,0.0,***,2020-10-03
9,temp_1,-4.274672809346561,0.6405489265097296,-6.673452459968538,2.4985347124584223e-11,***,2020-10-03
8,solar_power,-0.5524090582939607,0.08532271677471755,-6.474349143763413,9.52213863314455e-11,***,2020-10-03
15,cos_336_1,-0.48012733065362406,0.6897014903227964,-0.6961378761540928,0.4863424884079586,,2020-10-03
6,pv_capacity,-16.931954157600956,0.6382879545049039,-26.527140357418208,0.0,***,2020-10-03
5,rainfall,2.1893731355386876,0.7927656213575829,2.76169031117856,0.005750299297598405,**,2020-10-03
4,intercept,16957.004366672685,0.030872290016178004,549262.9266499734,0.0,***,2020-10-03
3,sma1,-0.7735260990743723,0.026802969557078962,-28.859716361916153,0.0,***,2020-10-03
2,sar1,0.9877198136444234,0.004181262376344888,236.2252651812425,0.0,***,2020-10-03
1,ma1,0.4237874457445969,0.016290337692511685,26.01465075456372,0.0,***,2020-10-03
0,ar1,0.9759372967329776,0.0031320484593024265,311.597125464125,0.0,***,2020-10-03
7,temperature,-5.866315405010965,0.08608876053858809,-68.14263985577387,0.0,***,2020-10-03
15,cos_336_1,-1.120563896258845,1.1105559443554727,-1.0090116593893705,0.3129690425380316,,2020-10-04
14,sin_336_1,19.87964509193268,0.5929804463539864,33.52495889900778,0.0,***,2020-10-04
13,lag_48*7,0.3182163473523564,0.016277112561050095,19.549926079262,0.0,***,2020-10-04
12,solar_16,0.20119651403811578,0.10250779604637428,1.9627435355950387,0.04967598170495835,*,2020-10-04
11,solar_4,-1.0241107830448932,0.10244603835436093,-9.996587466881767,0.0,***,2020-10-04
10,temp_9,-3.1016816549852635,0.664233545194292,-4.669564910453302,3.0183831876140488e-06,***,2020-10-04
9,temp_1,-4.286422812330054,0.0737133252286719,-58.149904363055185,0.0,***,2020-10-04
8,solar_power,-0.5403033366987984,0.09933645755916647,-5.439124264895239,5.354310128602435e-08,***,2020-10-04
7,temperature,-6.0450782939567205,0.4806275507662033,-12.577469361296126,0.0,***,2020-10-04
5,rainfall,2.1199491443805982,0.646738698258704,3.277906749802361,0.0010457993762384987,**,2020-10-04
4,intercept,18015.490367253595,0.025623620271697487,703081.3825770188,0.0,***,2020-10-04
3,sma1,-0.7862042851599091,0.02382475458942791,-32.99947045451551,0.0,***,2020-10-04
2,sar1,0.9893187751928165,0.0027155307811527534,364.31874831219807,0.0,***,2020-10-04
1,ma1,0.4207754385927091,0.015940833028675102,26.39607590367448,0.0,***,2020-10-04
0,ar1,0.9772424388311874,0.003822762381597634,255.63776695499757,0.0,***,2020-10-04
6,pv_capacity,-18.35347065747351,0.5127265578419401,-35.79582601440239,0.0,***,2020-10-04
9,temp_1,-3.4469024127529337,0.06202341998988386,-55.574207506053845,0.0,***,2020-10-05
14,sin_336_1,19.594042169212813,0.038904507737257676,503.6445211321409,0.0,***,2020-10-05
13,lag_48*7,0.30407013261619764,0.015609945928812204,19.47925598223613,0.0,***,2020-10-05
12,solar_16,0.1694489951466851,0.06920537811880888,2.448494607684712,0.014345457726222088,*,2020-10-05
11,solar_4,-1.0160831008236144,0.08487658605814571,-11.971300308044135,0.0,***,2020-10-05
10,temp_9,-2.079631617899885,0.1819231024861118,-11.431377265889836,0.0,***,2020-10-05
8,solar_power,-0.5702636236978833,0.06214257629496643,-9.176697486616352,0.0,***,2020-10-05
15,cos_336_1,0.3095242733152886,0.04931453081888114,6.276532863145086,3.4620617483938076e-10,***,2020-10-05
6,pv_capacity,-18.928154305571695,0.1373796899572618,-137.77985895484375,0.0,***,2020-10-05
0,ar1,0.9773500922079733,0.0031102788309004432,314.2323069231143,0.0,***,2020-10-05
1,ma1,0.4058093690849414,0.014295000801903567,28.388201911181607,0.0,***,2020-10-05
2,sar1,0.9894639127709985,0.0021963532237124017,450.50308943410755,0.0,***,2020-10-05
7,temperature,-5.508582002170016,0.062160236594766,-88.61906427547041,0.0,***,2020-10-05
4,intercept,18537.382703438492,0.023098293476507548,802543.3879906412,0.0,***,2020-10-05
5,rainfall,3.8804443437407485,0.13047692252643334,29.740464969616436,0.0,***,2020-10-05
3,sma1,-0.7737934643986147,0.02002572463934916,-38.63997325111344,0.0,***,2020-10-05
14,sin_336_1,17.055574799595295,0.08254129277296171,206.63081745652326,0.0,***,2020-10-06
13,lag_48*7,0.30124407649665175,0.01565054403888426,19.24815365831383,0.0,***,2020-10-06
12,solar_16,0.20485143775281878,0.07266314611104299,2.8191930671398007,0.00481445504912803,**,2020-10-06
11,solar_4,-0.9815047561390111,0.09638453172103172,-10.183218599638023,0.0,***,2020-10-06
10,temp_9,-2.2065646731420827,0.21422060929447273,-10.300431318953475,0.0,***,2020-10-06
9,temp_1,-2.406432054190887,0.13680019276639951,-17.590852801648598,0.0,***,2020-10-06
8,solar_power,-0.5985470421198897,0.07258932053995933,-8.2456625529426,2.220446049250313e-16,***,2020-10-06
15,cos_336_1,0.3457555944882226,0.13714350132238617,2.521122701070957,0.011698105258616698,*,2020-10-06
6,pv_capacity,-22.02031348042442,0.02334341566104559,-943.3201121963868,0.0,***,2020-10-06
5,rainfall,4.951926516327546,0.08330437812058562,59.4437726809446,0.0,***,2020-10-06
4,intercept,20493.330387918733,0.01952439848015996,1049626.7226231513,0.0,***,2020-10-06
3,sma1,-0.7336558958831371,0.025645293473743076,-28.60781829750907,0.0,***,2020-10-06
2,sar1,0.9848715339592687,0.0031188085497949043,315.78454343535606,0.0,***,2020-10-06
1,ma1,0.402671470641883,0.01695437283045854,23.750301746254127,0.0,***,2020-10-06
0,ar1,0.9766044381110877,0.0036839567954230416,265.0966046410815,0.0,***,2020-10-06
7,temperature,-4.935737952115971,0.19998124179175172,-24.681004617701834,0.0,***,2020-10-06
15,cos_336_1,1.6191712624685173,2.2961391444893064,0.7051712289973802,0.4807036836855043,,2020-10-07
14,sin_336_1,17.827231026246903,2.1179014683077035,8.417403402855962,0.0,***,2020-10-07
13,lag_48*7,0.30477852630974506,0.01617733182417114,18.839851319261708,0.0,***,2020-10-07
12,solar_16,0.23467725801302253,0.5730618101865256,0.4095147396694216,0.6821619521257833,,2020-10-07
11,solar_4,-0.9800809169477542,0.36261705956646867,-2.7027986993207165,0.0068758373868140765,**,2020-10-07
10,temp_9,-2.191247174586671,0.38784436432240194,-5.649810532673259,1.6062477570244482e-08,***,2020-10-07
9,temp_1,-2.182935129728044,5.032311459956349,-0.43378378844360693,0.6644454550433074,,2020-10-07
8,solar_power,-0.6121332643090227,0.5044301291743031,-1.213514476843439,0.2249331828746408,,2020-10-07
7,temperature,-4.531417371780805,10.583640770613293,-0.4281529834575273,0.6685397441842111,,2020-10-07
5,rainfall,4.834186181680252,4.037951276442291,1.1971878437174948,0.23123334694383857,,2020-10-07
4,intercept,17470.516415799357,0.29417593759186306,59387.98583872549,0.0,***,2020-10-07
3,sma1,-0.7199230109960623,0.03693715611089066,-19.490482939042458,0.0,***,2020-10-07
1,ma1,0.40326272997442847,0.016666653380773895,24.195783086220484,0.0,***,2020-10-07
0,ar1,0.9750910222093713,0.003749772384526682,260.04005635996833,0.0,***,2020-10-07
6,pv_capacity,-18.052393033802844,1.1002292502268853,-16.407846846536888,0.0,***,2020-10-07
2,sar1,0.9814062669061577,0.00901064197238786,108.91635356432666,0.0,***,2020-10-07
15,cos_336_1,-1.1418885010747266,0.2488373322948713,-4.588895446450105,4.455975278094826e-06,***,2020-10-08
8,solar_power,-0.6061738158034586,0.0631663532405167,-9.59646686417606,0.0,***,2020-10-08
14,sin_336_1,17.820647003112644,0.07042100097413186,253.05870062339503,0.0,***,2020-10-08
13,lag_48*7,0.3107700470899031,0.014311036211537167,21.715411972710175,0.0,***,2020-10-08
12,solar_16,0.2277983942456654,0.09897002508828699,2.3016907800362385,0.021352616520836643,*,2020-10-08
11,solar_4,-0.9604610438114642,0.07057139378135278,-13.609778585175807,0.0,***,2020-10-08
10,temp_9,-1.9974251862833583,0.18924354089621967,-10.554786582537776,0.0,***,2020-10-08
9,temp_1,-1.9313154817292357,0.18902602182140138,-10.2171937129059,0.0,***,2020-10-08
7,temperature,-4.555227106906415,0.13223187450850918,-34.44878266936527,0.0,***,2020-10-08
5,rainfall,4.969826761887816,0.421536718913142,11.789783757632401,0.0,***,2020-10-08
4,intercept,15009.087005840955,0.31279546543576425,47983.71032946839,0.0,***,2020-10-08
3,sma1,-0.701552476345349,0.021428933138308657,-32.738562942789656,0.0,***,2020-10-08
2,sar1,0.9780498914650066,0.003551610163265196,275.3821074117634,0.0,***,2020-10-08
1,ma1,0.3978956968101385,0.016553892894334715,24.03638221836698,0.0,***,2020-10-08
0,ar1,0.9736722294718423,0.0033246785205999323,292.8620687500772,0.0,***,2020-10-08
6,pv_capacity,-14.709218732734598,0.49318122574276546,-29.825179801971345,0.0,***,2020-10-08
14,sin_336_1,16.119142538919906,0.26696236788043437,60.37983056150917,0.0,***,2020-10-09
13,lag_48*7,0.312933562351312,0.018220719866767168,17.174599282549345,0.0,***,2020-10-09
12,solar_16,0.26616337076055374,0.07482325866899682,3.557227732328626,0.00037478922763911626,***,2020-10-09
11,solar_4,-0.9060957955004527,0.06773216742030211,-13.37762882852703,0.0,***,2020-10-09
10,temp_9,-2.099316223046195,0.0902737231181894,-23.255008772571607,0.0,***,2020-10-09
9,temp_1,-1.6576322414524611,0.27362270573457875,-6.05809461975136,1.3774337226379885e-09,***,2020-10-09
8,solar_power,-0.5378366049851593,0.07659107801928834,-7.022183508759506,2.184252778647533e-12,***,2020-10-09
15,cos_336_1,-0.7440184977779015,0.04084802175087798,-18.214309185288997,0.0,***,2020-10-09
6,pv_capacity,-13.897591519783646,0.6753021157940565,-20.579813382403092,0.0,***,2020-10-09
5,rainfall,4.5840663351459625,0.04854177301664407,94.435494426093,0.0,***,2020-10-09
4,intercept,14447.215139545753,0.06614027678498063,218432.94043829097,0.0,***,2020-10-09
3,sma1,-0.6805186843732821,0.02502680927581743,-27.191587903730287,0.0,***,2020-10-09
2,sar1,0.9748565782841416,0.00487361544279147,200.02739028702914,0.0,***,2020-10-09
1,ma1,0.3993931876154007,0.016355424254055805,24.41961647777859,0.0,***,2020-10-09
0,ar1,0.9738349463211957,0.003836893919640526,253.80814969532258,0.0,***,2020-10-09
7,temperature,-5.030403870270959,0.27427326351726594,-18.340846664240342,0.0,***,2020-10-09
15,cos_336_1,-1.1685060509752205,0.07701558112055427,-15.172333104208237,0.0,***,2020-10-10
14,sin_336_1,16.281557185119087,0.18664471450508865,87.23288644037756,0.0,***,2020-10-10
13,lag_48*7,0.3096713260179671,0.017831053689943612,17.36696728094179,0.0,***,2020-10-10
12,solar_16,0.250135509600382,0.060414211869560724,4.140342178764911,3.467881327812172e-05,***,2020-10-10
11,solar_4,-0.8791748068312355,0.06784181946181614,-12.959186734755356,0.0,***,2020-10-10
10,temp_9,-2.1118027555504746,0.22777520326323705,-9.271433963379629,0.0,***,2020-10-10
9,temp_1,-1.9634299967797944,0.06279680504971294,-31.26639954414002,0.0,***,2020-10-10
8,solar_power,-0.5686393234134357,0.05019030095708772,-11.32966554433729,0.0,***,2020-10-10
7,temperature,-5.239343062580588,0.12578727145519442,-41.65241047021875,0.0,***,2020-10-10
5,rainfall,4.853516826868258,0.6235442335775916,7.783757054445287,7.105427357601002e-15,***,2020-10-10
4,intercept,14112.131042348432,0.032971017987708705,428016.2367934562,0.0,***,2020-10-10
3,sma1,-0.6564605031787033,0.02674187023498091,-24.548040111270545,0.0,***,2020-10-10
2,sar1,0.9717423358667658,0.005381004944921499,180.58751958291356,0.0,***,2020-10-10
1,ma1,0.38608573171578026,0.01586559957023002,24.334770961963887,0.0,***,2020-10-10
0,ar1,0.973543353853047,0.004675949175180635,208.20229591469808,0.0,***,2020-10-10
6,pv_capacity,-13.35952838039529,0.45275742243030326,-29.507033388175614,0.0,***,2020-10-10
9,temp_1,-1.8253881745391496,0.649363915260299,-2.811040360638824,0.004938159097472861,**,2020-10-11
14,sin_336_1,15.409205014915797,0.18661329086274828,82.57292363087403,0.0,***,2020-10-11
13,lag_48*7,0.29577699856069717,0.01873321969006333,15.788903533629423,0.0,***,2020-10-11
12,solar_16,0.22835993610190486,0.10100763990766481,2.2608184520562795,0.023770501495339103,*,2020-10-11
11,solar_4,-0.914115023047053,0.10512499075751847,-8.695506334507584,0.0,***,2020-10-11
10,temp_9,-2.0226644037307153,0.2653503226537229,-7.622618972166293,2.4868995751603507e-14,***,2020-10-11
8,solar_power,-0.6201379790118153,0.07679249285211816,-8.07550264328618,6.661338147750939e-16,***,2020-10-11
15,cos_336_1,-1.935544085743608,0.9447006466175711,-2.0488438244153597,0.040477388878934706,*,2020-10-11
6,pv_capacity,-14.149535886876947,0.3875181840282334,-36.513217882560205,0.0,***,2020-10-11
0,ar1,0.974388234134993,0.0042336323614251365,230.15419170855728,0.0,***,2020-10-11
1,ma1,0.3842659861377844,0.016295894097973964,23.580540216296534,0.0,***,2020-10-11
2,sar1,0.9776811181643706,0.004749602386184853,205.8448347188277,0.0,***,2020-10-11
7,temperature,-4.8250156423817145,0.7419573290113257,-6.50309047935567,7.86863907364932e-11,***,2020-10-11
4,intercept,14731.595598435079,0.02502972135259346,588564.107083384,0.0,***,2020-10-11
5,rainfall,4.1918281409228655,0.8440901793002051,4.966090405646124,6.831611716329178e-07,***,2020-10-11
3,sma1,-0.6849372302764869,0.026685024552481295,-25.66747611303203,0.0,***,2020-10-11
15,cos_336_1,0.644457739251605,1.2691916471128504,0.507770233689777,0.6116144871122304,,2020-10-12
14,sin_336_1,15.432145452473703,2.7149367613713933,5.684163871529177,1.314541875352404e-08,***,2020-10-12
13,lag_48*7,0.2733319559942814,0.014777922366256432,18.495966430193278,0.0,***,2020-10-12
12,solar_16,0.21647483695487058,0.08037002717746002,2.6934772147940933,0.007071097843861285,**,2020-10-12
11,solar_4,-0.9096345854830138,0.0755064821555376,-12.047105884356204,0.0,***,2020-10-12
9,temp_1,-2.5223262319871367,0.37026146355273654,-6.812283967618144,9.606093698266704e-12,***,2020-10-12
8,solar_power,-0.650725104177809,0.077932821661598,-8.349820913753195,0.0,***,2020-10-12
10,temp_9,-2.025262345919703,0.06096313640134898,-33.22109828120471,0.0,***,2020-10-12
6,pv_capacity,-15.918902171692366,1.2612283017920445,-12.621745126614774,0.0,***,2020-10-12
5,rainfall,3.9940458144994864,0.2841812663396564,14.054571105069822,0.0,***,2020-10-12
4,intercept,16247.225344506456,0.06472198078422498,251031.0275989958,0.0,***,2020-10-12
3,sma1,-0.6909404869262871,0.021193249674587012,-32.60191322875789,0.0,***,2020-10-12
2,sar1,0.9815057651528128,0.003692213050115189,265.8312919191356,0.0,***,2020-10-12
1,ma1,0.38105837309582274,0.013558423704947035,28.104917016038282,0.0,***,2020-10-12
0,ar1,0.9739908852614892,0.0037562284558869258,259.30022539896584,0.0,***,2020-10-12
7,temperature,-5.422396414145311,1.2642925103577363,-4.288878063994086,1.795779213797921e-05,***,2020-10-12
9,temp_1,-2.2632601824467145,0.5469498797176244,-4.137966322645824,3.5039778598422444e-05,***,2020-10-13
15,cos_336_1,0.684589384788584,0.07699083494517538,8.891829596030167,0.0,***,2020-10-13
14,sin_336_1,14.962304667889544,0.9912406594557226,15.094522732860002,0.0,***,2020-10-13
13,lag_48*7,0.2753646767765769,0.016734193797835355,16.455210218265584,0.0,***,2020-10-13
12,solar_16,0.21880373216444926,0.0818594338782148,2.6729201730123298,0.007519414146409442,**,2020-10-13
11,solar_4,-0.9162409462528176,0.08464581268475484,-10.824409586155907,0.0,***,2020-10-13
10,temp_9,-2.108590339461884,0.40189390286336074,-5.246634309301229,1.5490293403530586e-07,***,2020-10-13
8,solar_power,-0.6433576287304277,0.07387128894702717,-8.709170205379483,0.0,***,2020-10-13
1,ma1,0.3857290926326648,0.014821534420077609,26.024909547161787,0.0,***,2020-10-13
6,pv_capacity,-16.36474822070005,0.2512846024379589,-65.1243572504226,0.0,***,2020-10-13
5,rainfall,3.978681886502045,0.06265243474120201,63.504026666110576,0.0,***,2020-10-13
4,intercept,16661.192149905302,0.028314657334864286,588429.9411736166,0.0,***,2020-10-13
3,sma1,-0.6934104666095149,0.02330879635344261,-29.74887489233656,0.0,***,2020-10-13
2,sar1,0.9811492601929759,0.0040455260027895245,242.52699389805946,0.0,***,2020-10-13
0,ar1,0.9737872004557261,0.004071850409990738,239.15102530938537,0.0,***,2020-10-13
7,temperature,-5.573275318787637,0.4405015643615911,-12.65211243202929,0.0,***,2020-10-13
9,temp_1,-2.4443158981896573,0.22300943792081251,-10.96059395951484,0.0,***,2020-10-14
14,sin_336_1,16.62844021581041,0.4314647217643088,38.539512912700744,0.0,***,2020-10-14
13,lag_48*7,0.2859502831234979,0.017276615266313133,16.551290789062083,0.0,***,2020-10-14
12,solar_16,0.20030050075658123,0.057463048100096836,3.485727043363084,0.0004908015283926481,***,2020-10-14
11,solar_4,-0.9443583312635322,0.07988950930553175,-11.820805253063964,0.0,***,2020-10-14
15,cos_336_1,0.4781733042061872,0.7454719306185187,0.6414370341341309,0.5212387780532088,,2020-10-14
8,solar_power,-0.6376564415211305,0.06325979153661118,-10.079964319074481,0.0,***,2020-10-14
10,temp_9,-1.9193983656920217,0.23599882963546343,-8.133084255785626,4.440892098500626e-16,***,2020-10-14
6,pv_capacity,-16.31837991009263,0.30722105606557665,-53.11608559346094,0.0,***,2020-10-14
0,ar1,0.9737512314353101,0.004007705873691665,242.96973433790117,0.0,***,2020-10-14
1,ma1,0.3832149845918309,0.015275500494300511,25.086902045194094,0.0,***,2020-10-14
2,sar1,0.979163149349646,0.0038416535215516,254.88065070328705,0.0,***,2020-10-14
7,temperature,-5.037139520658457,0.4665105278883866,-10.7974830567245,0.0,***,2020-10-14
4,intercept,16539.171646861927,0.0490613741791032,337111.8710716115,0.0,***,2020-10-14
5,rainfall,4.069091153390502,0.25159308805410524,16.17330263268378,0.0,***,2020-10-14
3,sma1,-0.6728814806006386,0.024656813002259737,-27.289880510468674,0.0,***,2020-10-14
14,sin_336_1,17.016786620744032,0.05673632654666809,299.92753596317147,0.0,***,2020-10-15
13,lag_48*7,0.28853525482725384,0.019062582595345993,15.13621007982926,0.0,***,2020-10-15
12,solar_16,0.1907816155730251,0.17380950698552966,1.0976477574895165,0.27235833031822754,,2020-10-15
11,solar_4,-0.9015796663969673,0.158167745358932,-5.700148689298198,1.1970297419949816e-08,***,2020-10-15
10,temp_9,-1.643895503825771,0.10283013296803638,-15.98651539560644,0.0,***,2020-10-15
9,temp_1,-2.099205909053026,0.16040617589086942,-13.086814752576595,0.0,***,2020-10-15
8,solar_power,-0.626782627508419,0.13368844327978655,-4.68838302048796,2.753722528003877e-06,***,2020-10-15
15,cos_336_1,0.40232994125377464,0.05705108999431333,7.052099114913976,1.7623680292899735e-12,***,2020-10-15
6,pv_capacity,-16.64066554051533,0.1545506642231374,-107.67126511012493,0.0,***,2020-10-15
5,rainfall,4.220185497235548,0.029725270104688475,141.972990737262,0.0,***,2020-10-15
4,intercept,16800.19929407248,0.019500244693806113,861537.8708252184,0.0,***,2020-10-15
3,sma1,-0.668572986967939,0.026572770265299,-25.160078542545445,0.0,***,2020-10-15
2,sar1,0.9788471285037722,0.0060505062321663024,161.77937695525836,0.0,***,2020-10-15
1,ma1,0.38666843010465896,0.016299132577834368,23.723252035540824,0.0,***,2020-10-15
0,ar1,0.9735299688027824,0.006302585419466042,154.4651764331439,0.0,***,2020-10-15
7,temperature,-5.327204892742657,0.07055733098666424,-75.5017914970385,0.0,***,2020-10-15
15,cos_336_1,-0.2782542261954204,0.9339262792687958,-0.29794024686110726,0.7657487695315377,,2020-10-16
14,sin_336_1,18.03933205995365,1.198289459887865,15.054235778425154,0.0,***,2020-10-16
13,lag_48*7,0.28463753738058006,0.017580892129005887,16.190164599836773,0.0,***,2020-10-16
12,solar_16,0.18465062845490654,0.0647143835733935,2.853316654797332,0.004326548591430557,**,2020-10-16
11,solar_4,-0.8919421111207124,0.07438626119551577,-11.990683451294114,0.0,***,2020-10-16
10,temp_9,-1.92020505567832,0.5901784461351584,-3.2536007850726705,0.0011395229524000516,**,2020-10-16
9,temp_1,-2.29230083766312,0.6827327054864529,-3.3575377585432005,0.0007864000188178011,***,2020-10-16
8,solar_power,-0.6537001662525199,0.07256738294718602,-9.008181633452013,0.0,***,2020-10-16
7,temperature,-5.447375023849702,0.675031487297861,-8.069808781299146,6.661338147750939e-16,***,2020-10-16
5,rainfall,4.030277422127654,0.43433290191875074,9.279235821930857,0.0,***,2020-10-16
4,intercept,15480.895266344372,0.36325402665517964,42617.270918897964,0.0,***,2020-10-16
3,sma1,-0.6608391101402258,0.022549055366560575,-29.306731452716463,0.0,***,2020-10-16
1,ma1,0.38761662281401593,0.014350431902877556,27.01079838135679,0.0,***,2020-10-16
0,ar1,0.9732767221747011,0.0036925703736649445,263.57702729676237,0.0,***,2020-10-16
6,pv_capacity,-14.584731112111626,0.883746593314107,-16.503295427049895,0.0,***,2020-10-16
2,sar1,0.9778486034687316,0.004250570087262399,230.05116570105068,0.0,***,2020-10-16
15,cos_336_1,0.09975832201527332,2.5133038952765503,0.039692104963015805,0.9683385960452275,,2020-10-17
8,solar_power,-0.6853037999437674,0.09471268873988455,-7.235607066608157,4.634070904785403e-13,***,2020-10-17
14,sin_336_1,16.70511892742808,1.5986174389100938,10.44972894754439,0.0,***,2020-10-17
13,lag_48*7,0.2774451961128629,0.020103132685028793,13.80109261873807,0.0,***,2020-10-17
12,solar_16,0.19192469343902385,0.07857089567440612,2.4426944836463393,0.01457807252714538,*,2020-10-17
11,solar_4,-0.8869029150002505,0.27744938008446435,-3.1966296508943337,0.0013904332373015915,**,2020-10-17
10,temp_9,-1.761277171291539,3.4686217170645297,-0.5077743596618243,0.6116115932444646,,2020-10-17
9,temp_1,-2.438869615068832,8.993407481784848,-0.271184155728348,0.7862493984470882,,2020-10-17
7,temperature,-5.303771029920625,8.982521469011,-0.590454589863016,0.5548859213396498,,2020-10-17
5,rainfall,3.771965454002128,5.447607328058246,0.6924077355161745,0.4886813093233666,,2020-10-17
0,ar1,0.9730204754438544,0.005914083680659235,164.5259904972114,0.0,***,2020-10-17
1,ma1,0.3852698460840949,0.01391078488152881,27.695766224928736,0.0,***,2020-10-17
6,pv_capacity,-11.905297943959908,2.92794195092069,-4.066097669803971,4.780690656547293e-05,***,2020-10-17
3,sma1,-0.6480593824464276,0.027870981287811857,-23.252119319165406,0.0,***,2020-10-17
4,intercept,13737.011092195573,0.2548496752719485,53902.4076743943,0.0,***,2020-10-17
2,sar1,0.9760353604144362,0.005797604076882385,168.35150304697788,0.0,***,2020-10-17
14,sin_336_1,14.968129854293117,0.042520993443137305,352.017406985323,0.0,***,2020-10-18
13,lag_48*7,0.26874866615575815,0.019035762112082105,14.118093332611142,0.0,***,2020-10-18
12,solar_16,0.18009599397096432,0.08336231526052598,2.160400576784892,0.030741672844529333,*,2020-10-18
11,solar_4,-0.9017212881899188,0.09431506333706888,-9.560734587722141,0.0,***,2020-10-18
10,temp_9,-1.5354353985974676,0.07807376709505719,-19.66647000301687,0.0,***,2020-10-18
9,temp_1,-2.2852471389221733,0.042520007748979315,-53.745219248626086,0.0,***,2020-10-18
8,solar_power,-0.6898846045880873,0.09218403830610213,-7.4837750359480655,7.216449660063518e-14,***,2020-10-18
15,cos_336_1,0.05085277758912335,0.051736029149416,0.9829277280298845,0.32564300984608296,,2020-10-18
6,pv_capacity,-10.064581606867819,0.2946427130854457,-34.15859669996018,0.0,***,2020-10-18
5,rainfall,4.272205161027983,0.05386344443658468,79.31548391892761,0.0,***,2020-10-18
4,intercept,12548.525695181917,0.019349179013236514,648530.1359090037,0.0,***,2020-10-18
3,sma1,-0.6771559617161645,0.02602712467880291,-26.017317320789417,0.0,***,2020-10-18
2,sar1,0.9801097936720914,0.00441762537658662,221.86349228856426,0.0,***,2020-10-18
1,ma1,0.3901737393904179,0.016654233925684617,23.427900744727815,0.0,***,2020-10-18
0,ar1,0.9732193077891977,0.004705367368358568,206.83173737584235,0.0,***,2020-10-18
7,temperature,-4.98947137977575,0.026059331096985314,-191.46582700862032,0.0,***,2020-10-18
15,cos_336_1,2.7628804884580997,1.1326363041517105,2.4393359795467293,0.0147142806788223,*,2020-10-19
14,sin_336_1,15.466502084930672,1.613617386360967,9.584987256372315,0.0,***,2020-10-19
13,lag_48*7,0.24816713786577166,0.019278424607488163,12.872791367473985,0.0,***,2020-10-19
12,solar_16,0.1681779159191259,0.07685066712258985,2.188372882318036,0.028642451923407197,*,2020-10-19
11,solar_4,-0.8686180631511484,0.07441127100471683,-11.673205569840192,0.0,***,2020-10-19
10,temp_9,-1.102496362972401,0.4371630766266213,-2.5219338547066665,0.011671165213595014,*,2020-10-19
9,temp_1,-1.8677936913605109,0.7896334195594594,-2.365393415596015,0.01801092677507654,*,2020-10-19
8,solar_power,-0.6977841977397929,0.054596739328233994,-12.780693615139446,0.0,***,2020-10-19
7,temperature,-4.695792174581129,1.109070499779418,-4.233988890259971,2.2958229089597992e-05,***,2020-10-19
5,rainfall,3.6083494605651936,0.8345686860942994,4.323609932517262,1.534965952632028e-05,***,2020-10-19
4,intercept,10744.584468447785,0.09224117919134031,116483.59835209584,0.0,***,2020-10-19
3,sma1,-0.6604200240270599,0.023286339677584835,-28.36083442786728,0.0,***,2020-10-19
2,sar1,0.9806946053544281,0.004048692440018328,242.22501953000625,0.0,***,2020-10-19
0,ar1,0.9740182705076427,0.0035536460435248436,274.08983859898404,0.0,***,2020-10-19
6,pv_capacity,-7.25017705169077,0.9292527416041346,-7.802158365629417,5.995204332975845e-15,***,2020-10-19
1,ma1,0.38035014563372443,0.014065123582763472,27.04207633837188,0.0,***,2020-10-19
15,cos_336_1,4.1228292336103545,0.44578152468410065,9.248542178889004,0.0,***,2020-10-20
9,temp_1,-1.759789381597571,0.47685729232173957,-3.6903899970354788,0.00022391050164882742,***,2020-10-20
14,sin_336_1,15.296125918515454,0.49085263153492764,31.16235899700382,0.0,***,2020-10-20
13,lag_48*7,0.24588069663256212,0.018107569649431415,13.578890010801802,0.0,***,2020-10-20
12,solar_16,0.1750609529944681,0.0771882060540501,2.2679754063967206,0.023330705695513654,*,2020-10-20
11,solar_4,-0.8271246119245996,0.06721519906988094,-12.305618719728427,0.0,***,2020-10-20
10,temp_9,-1.2524727896961778,0.4369834337966707,-2.8661791107599655,0.004154591133501473,**,2020-10-20
8,solar_power,-0.7272295633185877,0.07636096906910465,-9.52357692920927,0.0,***,2020-10-20
6,pv_capacity,-3.32651313271478,1.0518336662590368,-3.1625847692685984,0.001563752009063668,**,2020-10-20
5,rainfall,3.4163010699999177,0.17145631561310412,19.925198192809034,0.0,***,2020-10-20
4,intercept,8150.76461626297,0.02273324571009612,358539.4149258288,0.0,***,2020-10-20
3,sma1,-0.6863737016647128,0.023522882715163715,-29.17897903823884,0.0,***,2020-10-20
2,sar1,0.9830645854339706,0.0036385663775130588,270.1790989741103,0.0,***,2020-10-20
1,ma1,0.38422968534414176,0.015255449448509978,25.186389076309386,0.0,***,2020-10-20
0,ar1,0.9738268220993401,0.003682962728728938,264.41397696018134,0.0,***,2020-10-20
7,temperature,-4.867412743654924,0.9953694369347322,-4.89005645847863,1.008070600327926e-06,***,2020-10-20
14,sin_336_1,17.00144775125507,2.2694514771270553,7.4914347905677845,6.816769371198461e-14,***,2020-10-21
13,lag_48*7,0.24693681976538584,0.018032194425207277,13.694219014197843,0.0,***,2020-10-21
12,solar_16,0.17062490924946605,0.07508075432343601,2.272551878134321,0.02305319835446462,*,2020-10-21
11,solar_4,-0.8297957404831804,0.07593279033265123,-10.928029074764119,0.0,***,2020-10-21
10,temp_9,-0.8497704514229376,0.12057001838077107,-7.047941626244804,1.815880779076906e-12,***,2020-10-21
9,temp_1,-1.9097886724211008,1.1335862036272926,-1.6847317533594586,0.09204033726474936,.,2020-10-21
8,solar_power,-0.727035295139558,0.07193267485035656,-10.10716335312191,0.0,***,2020-10-21
15,cos_336_1,5.539528327821186,0.6834420093202771,8.105337764253868,4.440892098500626e-16,***,2020-10-21
6,pv_capacity,-0.4548764357836177,0.7686981853194568,-0.5917490693627427,0.5540186326661849,,2020-10-21
5,rainfall,2.224067533798106,0.7382594058426979,3.0125827266086898,0.0025903482287681356,**,2020-10-21
4,intercept,6195.2856622989,0.08667885849012118,71474.01073590487,0.0,***,2020-10-21
3,sma1,-0.7197267266043824,0.024703579804791032,-29.13451136603279,0.0,***,2020-10-21
2,sar1,0.985020306562198,0.0033575814849415597,293.371973541051,0.0,***,2020-10-21
1,ma1,0.3865853515900268,0.01535734621157071,25.172666309935842,0.0,***,2020-10-21
0,ar1,0.9730939991181674,0.003892726409182568,249.97749567571253,0.0,***,2020-10-21
7,temperature,-5.238798451056809,1.2226176495491283,-4.2849033407858546,1.8281865465485936e-05,***,2020-10-21
15,cos_336_1,4.429004708755939,0.04725073370972036,93.7340938653998,0.0,***,2020-10-22
14,sin_336_1,17.356402745636203,0.7923017694833419,21.906303146280074,0.0,***,2020-10-22
13,lag_48*7,0.24537164968801542,0.01717472161998269,14.28679050043681,0.0,***,2020-10-22
12,solar_16,0.17463349911596837,0.07919684066241209,2.2050563842611948,0.027450138174131,*,2020-10-22
11,solar_4,-0.8429962039050694,0.08126434937312531,-10.373505853525655,0.0,***,2020-10-22
10,temp_9,-0.34331219503428745,0.4303747496437317,-0.7977052448325199,0.42504155951049905,,2020-10-22
9,temp_1,-2.1645128420061415,2.6657255212511393,-0.8119788870799581,0.41680374632416495,,2020-10-22
8,solar_power,-0.729256693015202,0.08410763867220512,-8.670516786915787,0.0,***,2020-10-22
7,temperature,-5.84447004366001,1.692618158013545,-3.452917018519448,0.0005545595684595117,***,2020-10-22
5,rainfall,2.0786262690376844,0.22592593997978955,9.200476356206066,0.0,***,2020-10-22
4,intercept,4533.6248823015985,0.032188058432913336,140848.03815522528,0.0,***,2020-10-22
3,sma1,-0.7700118632220003,0.02131459164154605,-36.126043424688746,0.0,***,2020-10-22
2,sar1,0.988441258326732,0.002559446870123645,386.1933099158183,0.0,***,2020-10-22
1,ma1,0.38182609057865396,0.01609844979327994,23.718189979884997,0.0,***,2020-10-22
0,ar1,0.9716967717800891,0.003868873219435061,251.1575636283005,0.0,***,2020-10-22
6,pv_capacity,1.8808773293022796,0.8880640242179392,2.1179523975860266,0.034179099354193054,*,2020-10-22
9,temp_1,-2.1152952449306035,0.6797868201696835,-3.1117038197395455,0.0018601101862749658,**,2020-10-23
15,cos_336_1,3.0120952131814924,1.524743590118621,1.975476554026477,0.04821409276073374,*,2020-10-23
14,sin_336_1,15.71718755756993,1.3466755643196977,11.671101766452418,0.0,***,2020-10-23
13,lag_48*7,0.2394305383761956,0.01880491735801771,12.732336644601707,0.0,***,2020-10-23
12,solar_16,0.17094225710003008,0.0767547892905109,2.2271217038070024,0.02593914104256556,*,2020-10-23
11,solar_4,-0.8395906398361331,0.08290481260729402,-10.127164074456463,0.0,***,2020-10-23
10,temp_9,-0.08839365741366256,0.1411783896697282,-0.6261132289470797,0.5312406757871189,,2020-10-23
8,solar_power,-0.7207950270044421,0.08053412786435168,-8.950181073774326,0.0,***,2020-10-23
7,temperature,-5.177042120174427,1.4490964107772137,-3.5726001953160265,0.000353454178585455,***,2020-10-23
6,pv_capacity,4.657065862520845,0.7518759223071381,6.193928711309968,5.86827697546255e-10,***,2020-10-23
5,rainfall,1.988784715398424,1.6809688636225497,1.1831181162466744,0.23676233897404142,,2020-10-23
4,intercept,2683.2072921943163,0.049662951180591254,54028.34967332628,0.0,***,2020-10-23
3,sma1,-0.8008176726969246,0.01692039395443937,-47.32854771899774,0.0,***,2020-10-23
2,sar1,0.9907280208667776,0.0019403628016199444,510.589060993981,0.0,***,2020-10-23
1,ma1,0.37568943990712983,0.014654434780446481,25.636569784896444,0.0,***,2020-10-23
0,ar1,0.9704306696203797,0.003674601336930314,264.0914158135743,0.0,***,2020-10-23
15,cos_336_1,4.1399804319051094,0.598796727466676,6.913832761611921,4.71733763163229e-12,***,2020-10-24
14,sin_336_1,14.77241788674745,4.507340804828261,3.2774131192660745,0.00104762965586791,**,2020-10-24
13,lag_48*7,0.24266082941510825,0.01629572168110567,14.891075962377606,0.0,***,2020-10-24
12,solar_16,0.16771948015697524,0.07968200861393852,2.104860094197432,0.0353034882751484,*,2020-10-24
11,solar_4,-0.8206329266085074,0.07805247348064509,-10.513861893332596,0.0,***,2020-10-24
10,temp_9,0.23673949736985045,1.2984130051962492,0.18232988765702354,0.8553238448294445,,2020-10-24
9,temp_1,-2.5511068967714916,1.5192230263930646,-1.679218161159868,0.0931095337716743,.,2020-10-24
8,solar_power,-0.6996404863668033,0.07931260135633234,-8.821302975847278,0.0,***,2020-10-24
6,pv_capacity,6.299715099083194,0.6130440176819625,10.27612197065984,0.0,***,2020-10-24
5,rainfall,1.9598254252225047,1.2626112884633847,1.5522001451512755,0.12061434139072791,,2020-10-24
4,intercept,1584.1300488974448,0.0527936293927813,30006.083444493204,0.0,***,2020-10-24
3,sma1,-0.8151021402821067,0.01534158184210406,-53.13025401625192,0.0,***,2020-10-24
2,sar1,0.991396903089424,0.0017678336761843129,560.797611475109,0.0,***,2020-10-24
1,ma1,0.37500075586259224,0.016549353901744047,22.659540553004486,0.0,***,2020-10-24
0,ar1,0.9702559096549187,0.004098143854128676,236.75496619705874,0.0,***,2020-10-24
7,temperature,-5.635066207811654,0.8203081065954907,-6.869450835002428,6.444844657949034e-12,***,2020-10-24
9,temp_1,-1.9627587465972018,1.5894991975402935,-1.2348283972930074,0.21689437633060105,,2020-10-25
15,cos_336_1,4.482220681716041,2.3228434262083155,1.9296266942247486,0.053653108815533423,.,2020-10-25
14,sin_336_1,15.31867176601224,2.27638667991,6.729380338237564,1.7038814803527202e-11,***,2020-10-25
13,lag_48*7,0.24527222772920854,0.017313835753519483,14.166255890428593,0.0,***,2020-10-25
12,solar_16,0.15380961603747978,0.06795833435443459,2.2632929058456686,0.023617639318596728,*,2020-10-25
11,solar_4,-0.8061167272567675,0.07008440246268459,-11.50208461413326,0.0,***,2020-10-25
10,temp_9,0.406923067747917,0.6342468985372809,0.6415846394935081,0.5211429090421498,,2020-10-25
8,solar_power,-0.7536636152004519,0.0746820234832967,-10.091633569208465,0.0,***,2020-10-25
0,ar1,0.9689165792142712,0.0039040871078630745,248.18006167506172,0.0,***,2020-10-25
6,pv_capacity,5.113761873434925,0.6767664015241874,7.556169842234936,4.1522341120980855e-14,***,2020-10-25
5,rainfall,2.0403090399325237,0.5673398037470122,3.5962733911092495,0.0003228085375526213,***,2020-10-25
4,intercept,2303.8680239378987,0.05673224114754871,40609.50135824917,0.0,***,2020-10-25
3,sma1,-0.8243978424353625,0.015361918785146407,-53.665030649197355,0.0,***,2020-10-25
2,sar1,0.992136426081078,0.001503370666321236,659.9413227270467,0.0,***,2020-10-25
1,ma1,0.37005979117144944,0.015286252051772014,24.208667364512763,0.0,***,2020-10-25
7,temperature,-5.491356442091984,1.4808840091555475,-3.7081610768579707,0.00020876984694329082,***,2020-10-25
9,temp_1,-1.6187773956552611,1.9493207240687913,-0.8304315322090294,0.4062948438038534,,2020-10-26
15,cos_336_1,4.296254013278747,0.6484669433010984,6.625247528282865,3.466671394392051e-11,***,2020-10-26
14,sin_336_1,15.115640976942322,1.0184999430749997,14.841081808317043,0.0,***,2020-10-26
13,lag_48*7,0.24693899045297318,0.017168356169845644,14.383379981753567,0.0,***,2020-10-26
12,solar_16,0.11980947142079557,0.07584569097638001,1.5796477015168446,0.11418756866734148,,2020-10-26
11,solar_4,-0.7966948010292629,0.06770813289151195,-11.766604202567494,0.0,***,2020-10-26
10,temp_9,0.17095310675084407,0.3886821402090844,0.4398275327466371,0.6600620248772628,,2020-10-26
8,solar_power,-0.7398341921174278,0.06335212037704382,-11.678128335946164,0.0,***,2020-10-26
7,temperature,-5.467384531399503,1.1551055233344052,-4.733233822323855,2.2097068419490995e-06,***,2020-10-26
6,pv_capacity,-0.17318077652258523,0.8564343989612457,-0.20221137396236438,0.8397514816646932,,2020-10-26
5,rainfall,0.3087930592659802,0.28222541372935633,1.094136262165608,0.2738952205840648,,2020-10-26
4,intercept,5781.922824353758,0.028997342433007972,199394.92171434773,0.0,***,2020-10-26
3,sma1,-0.8208212567754518,0.017253022708546187,-47.575504341558805,0.0,***,2020-10-26
2,sar1,0.9918185430896653,0.0017267633973897531,574.3801059189343,0.0,***,2020-10-26
1,ma1,0.37321850590237843,0.016695324536186242,22.35467211754086,0.0,***,2020-10-26
0,ar1,0.967592131770316,0.003932328478305737,246.06086116875156,0.0,***,2020-10-26
14,sin_336_1,14.536417281375497,1.2963448431308897,11.21338767103637,0.0,***,2020-10-27
13,lag_48*7,0.24638122395516482,0.0166393833943237,14.807112626493987,0.0,***,2020-10-27
12,solar_16,0.09629715741973077,0.0688783625556192,1.3980755907484144,0.16209036893962425,,2020-10-27
11,solar_4,-0.7460836439898753,0.07094202657476412,-10.516807596461815,0.0,***,2020-10-27
10,temp_9,0.7895650509089007,0.31884167479436165,2.476354608970531,0.013273167314372003,*,2020-10-27
9,temp_1,-2.3348996159234527,0.7693004595226325,-3.035094529089854,0.002404603077840628,**,2020-10-27
8,solar_power,-0.7284004144544269,0.07122292217013663,-10.227050396983586,0.0,***,2020-10-27
15,cos_336_1,4.398025525579507,0.9745532747447021,4.5128631133394235,6.395830411287662e-06,***,2020-10-27
6,pv_capacity,-0.24726505946503607,0.7117969956880151,-0.347381431732558,0.7283047811516614,,2020-10-27
5,rainfall,0.26116692935568153,0.4098676252033557,0.6371982398612324,0.5239957240479076,,2020-10-27
4,intercept,5945.842509860843,0.02329173413985273,255276.93533507065,0.0,***,2020-10-27
3,sma1,-0.8247446295227856,0.016522417528055958,-49.91670426693459,0.0,***,2020-10-27
2,sar1,0.9922788174889856,0.0017926286607506448,553.5328309843485,0.0,***,2020-10-27
1,ma1,0.37657840664539605,0.017025781120471036,22.118128030708384,0.0,***,2020-10-27
0,ar1,0.9684411092697693,0.004260794357123223,227.29121100405217,0.0,***,2020-10-27
7,temperature,-5.396822634007023,1.1936368613518937,-4.521327054104772,6.145315610606161e-06,***,2020-10-27
15,cos_336_1,4.554984479892082,0.3140968518383549,14.501846972462603,0.0,***,2020-10-28
14,sin_336_1,14.241143983280793,1.6784561465731076,8.484668492743667,0.0,***,2020-10-28
13,lag_48*7,0.24233114156812502,0.018229319975592392,13.293482252359777,0.0,***,2020-10-28
12,solar_16,0.09774402475391042,0.07408069235073785,1.3194264477326647,0.18702658472141165,,2020-10-28
11,solar_4,-0.7465061598062857,0.0751715748810184,-9.93069735452338,0.0,***,2020-10-28
10,temp_9,0.6792989173450037,0.1307034206657708,5.197254317330209,2.0225357943992606e-07,***,2020-10-28
9,temp_1,-2.3256674459426936,0.06886454484765278,-33.771622989561706,0.0,***,2020-10-28
8,solar_power,-0.7208125471116773,0.07332996847513992,-9.829713036847203,0.0,***,2020-10-28
7,temperature,-5.694200649483477,0.1634804947216776,-34.83107057620387,0.0,***,2020-10-28
5,rainfall,0.4187777275114968,0.20803511721543275,2.0130145963665718,0.044113093814240445,*,2020-10-28
4,intercept,5305.584399186528,0.0200010351909262,265265.4899379155,0.0,***,2020-10-28
3,sma1,-0.8279730725182785,0.015668354720260746,-52.84365125124635,0.0,***,2020-10-28
2,sar1,0.9924272071509719,0.0017017626491349237,583.1760425905832,0.0,***,2020-10-28
1,ma1,0.3751899342486751,0.01702139526344724,22.042254964514,0.0,***,2020-10-28
0,ar1,0.9687351105873021,0.004182955621699263,231.59105622874574,0.0,***,2020-10-28
6,pv_capacity,0.7822916995097415,0.7718391708744546,1.0135423661168228,0.31080117061379764,,2020-10-28
10,temp_9,1.1213664771834588,0.5648234045134448,1.9853399632924849,0.047106660637577846,*,2020-10-29
15,cos_336_1,3.2537967951476086,0.7118413522214615,4.5709578194542955,4.8550000839586716e-06,***,2020-10-29
14,sin_336_1,14.810367531556894,0.9798647316132393,15.114706197429166,0.0,***,2020-10-29
13,lag_48*7,0.22636436465985033,0.019432809741946423,11.648565887579018,0.0,***,2020-10-29
12,solar_16,0.13333176814869507,0.068291678995059,1.9523867345294266,0.050892306789751984,.,2020-10-29
11,solar_4,-0.7213362556930472,0.06827135636982345,-10.565723226379081,0.0,***,2020-10-29
9,temp_1,-2.2816346841991972,0.2321301484291786,-9.829118275411387,0.0,***,2020-10-29
8,solar_power,-0.6736625970734167,0.06693343224455495,-10.064665362027947,0.0,***,2020-10-29
7,temperature,-5.599509031737604,0.6098125806167128,-9.182344231197616,0.0,***,2020-10-29
6,pv_capacity,3.6105994175868545,0.7804445110677105,4.6263371276034295,3.7218929798132905e-06,***,2020-10-29
5,rainfall,0.12197038150102912,0.2678476576230268,0.4553722163689489,0.6488414799841804,,2020-10-29
4,intercept,3567.9436521181424,0.3384594929101907,10541.715410135908,0.0,***,2020-10-29
3,sma1,-0.8219047617971352,0.01634005023218074,-50.30001438908942,0.0,***,2020-10-29
2,sar1,0.9918670898108244,0.001733762549723602,572.0893498183755,0.0,***,2020-10-29
1,ma1,0.37084581467764277,0.015661601352297137,23.67866518472261,0.0,***,2020-10-29
0,ar1,0.9695251565691371,0.004041133960697087,239.91413449751022,0.0,***,2020-10-29
14,sin_336_1,15.027498104766307,0.050162815888709446,299.5744524810193,0.0,***,2020-10-30
13,lag_48*7,0.23152936179191674,0.016640275110820335,13.913794107969094,0.0,***,2020-10-30
12,solar_16,0.13174296319011392,0.056351614384519765,2.3378738059065216,0.019393795460858065,*,2020-10-30
11,solar_4,-0.6946987009017507,0.056823796186059955,-12.22548910014876,0.0,***,2020-10-30
10,temp_9,0.8904681947638244,0.13463222035993072,6.614079396322916,3.7387204443461997e-11,***,2020-10-30
9,temp_1,-2.284910877461895,0.19159505297282858,-11.925730033258917,0.0,***,2020-10-30
8,solar_power,-0.6622564445968351,0.06492612380554236,-10.20015374058573,0.0,***,2020-10-30
15,cos_336_1,3.8433136308286913,0.1504675461204281,25.542475636258864,0.0,***,2020-10-30
6,pv_capacity,3.3547796178194744,0.25503356358472207,13.154267111611048,0.0,***,2020-10-30
5,rainfall,0.02302671068515849,0.1909182961055693,0.1206102880387417,0.9039997196596086,,2020-10-30
4,intercept,3662.074927317611,0.03232230426035794,113298.69608983927,0.0,***,2020-10-30
3,sma1,-0.8201818426494861,0.013811342947241229,-59.38465548082816,0.0,***,2020-10-30
2,sar1,0.9915026731566104,0.001168847936967679,848.273450975024,0.0,***,2020-10-30
1,ma1,0.37147307940869934,0.01692979840959577,21.941967082026757,0.0,***,2020-10-30
0,ar1,0.9692755331377756,0.002367062182945495,409.4846092854395,0.0,***,2020-10-30
7,temperature,-5.8747221007170864,0.3492679588528651,-16.82010030353775,0.0,***,2020-10-30
15,cos_336_1,3.6107281732089076,0.5815924706685165,6.208347520487198,5.354463539219978e-10,***,2020-10-31
14,sin_336_1,15.1401919587958,0.7482565165247489,20.233959376810894,0.0,***,2020-10-31
13,lag_48*7,0.23492717882705516,0.019087355022403336,12.308000692150111,0.0,***,2020-10-31
12,solar_16,0.11252876917804483,0.06668852047836149,1.6873784029225418,0.09153061391596329,.,2020-10-31
11,solar_4,-0.6763083509133452,0.06923069200818562,-9.76890929868765,0.0,***,2020-10-31
10,temp_9,0.7507307518102959,0.31876350069879045,2.355133979155552,0.01851602833720345,*,2020-10-31
9,temp_1,-3.1257205557858203,1.3150615591250958,-2.3768625385608164,0.017460593646649425,*,2020-10-31
8,solar_power,-0.6457643234203942,0.0783047773137988,-8.246806204844392,2.220446049250313e-16,***,2020-10-31
7,temperature,-5.782295900480619,0.9638142877098022,-5.999388029638371,1.9806254414334035e-09,***,2020-10-31
5,rainfall,-0.5394036519984837,0.44588053936348254,-1.209749258777946,0.22637512198332432,,2020-10-31
4,intercept,3795.7670159729537,0.02250085461136127,168694.34879403966,0.0,***,2020-10-31
3,sma1,-0.8272573345887144,0.01578875020030644,-52.395365313503945,0.0,***,2020-10-31
2,sar1,0.9922081128667322,0.0019054634078060628,520.7174846821927,0.0,***,2020-10-31
1,ma1,0.3706204253935864,0.01648439939524322,22.483101537841506,0.0,***,2020-10-31
0,ar1,0.9695024858522296,0.004137697791937184,234.3096414004486,0.0,***,2020-10-31
6,pv_capacity,3.0971280382741924,0.9087900782613635,3.4079685863201883,0.0006544842883251523,***,2020-10-31
9,temp_1,-2.7049699080099714,0.2815234947818313,-9.608327397705146,0.0,***,2020-11-01
15,cos_336_1,2.494303945836227,0.25452123724752607,9.799983580193254,0.0,***,2020-11-01
14,sin_336_1,13.404076504980225,0.2583754160886245,51.8782967354082,0.0,***,2020-11-01
13,lag_48*7,0.2440466039288961,0.018501182624053758,13.190865086192177,0.0,***,2020-11-01
12,solar_16,0.12140217147780002,0.05865916132837865,2.069619966064312,0.03848794683673673,*,2020-11-01
11,solar_4,-0.6469447040265361,0.06286009562894451,-10.291818641915086,0.0,***,2020-11-01
10,temp_9,0.6860248496293857,0.06243253640871615,10.988258512169152,0.0,***,2020-11-01
7,temperature,-7.770396784697127,0.3734792996770055,-20.80542828321989,0.0,***,2020-11-01
5,rainfall,-0.36117048131760043,0.3435776272103684,-1.051204888543165,0.29316449844230785,,2020-11-01
6,pv_capacity,-0.8044319139679317,0.7026616666612583,-1.1448353484120475,0.25227736948204926,,2020-11-01
4,intercept,6256.857673885019,0.10495187508910432,59616.44485696836,0.0,***,2020-11-01
3,sma1,-0.8289101711192115,0.015032986152793972,-55.13942224746568,0.0,***,2020-11-01
2,sar1,0.9921193970830308,0.001648649503579106,601.7770271541689,0.0,***,2020-11-01
1,ma1,0.3724829324326537,0.014221168817407237,26.192146174140117,0.0,***,2020-11-01
0,ar1,0.9677835855670711,0.003950180959198268,244.99727874833695,0.0,***,2020-11-01
8,solar_power,-0.6229635680716683,0.06459667756657099,-9.64389488034682,0.0,***,2020-11-01
15,cos_336_1,2.3865170782339926,0.06363408918064294,37.503751667745334,0.0,***,2020-11-02
14,sin_336_1,14.020898942941548,0.08519444821767327,164.57526559850368,0.0,***,2020-11-02
12,solar_16,0.1271377251834449,0.07968755158210812,1.5954527734792463,0.11061102280574153,,2020-11-02
11,solar_4,-0.5939478861588938,0.12151105919039919,-4.888015050780026,1.0185774510507173e-06,***,2020-11-02
10,temp_9,0.4017017581071638,0.110438554336958,3.6373326373101142,0.0002754760747052387,***,2020-11-02
9,temp_1,-2.697335856640109,0.05537038932204172,-48.71441016880045,0.0,***,2020-11-02
8,solar_power,-0.6116523356001835,0.07255716786295169,-8.429936746642207,0.0,***,2020-11-02
13,lag_48*7,0.23948178589914332,0.0173183298290679,13.828226408829897,0.0,***,2020-11-02
6,pv_capacity,-5.8418297693047805,0.17943971155203214,-32.55594716897895,0.0,***,2020-11-02
5,rainfall,0.5371475709896174,0.11809093065183913,4.548592919241694,5.40057967857166e-06,***,2020-11-02
4,intercept,9630.94899815818,0.01928948694039303,499284.870972413,0.0,***,2020-11-02
3,sma1,-0.8267955167784561,0.017201498711907036,-48.06531864610963,0.0,***,2020-11-02
2,sar1,0.9919182869133005,0.002246341002224911,441.57066355056736,0.0,***,2020-11-02
1,ma1,0.3779105742254256,0.017513334694728638,21.578447555117727,0.0,***,2020-11-02
0,ar1,0.9676824477823731,0.0044648497563333995,216.73348502034438,0.0,***,2020-11-02
7,temperature,-8.551644441390863,0.14615119450567532,-58.51231302155924,0.0,***,2020-11-02
15,cos_336_1,3.0020343935844522,0.5138953168333417,5.8417235869810895,5.166347794016701e-09,***,2020-11-03
14,sin_336_1,13.115561793028363,0.8528229914214759,15.378996491601956,0.0,***,2020-11-03
13,lag_48*7,0.2395084441054649,0.017845006768284676,13.42159446703798,0.0,***,2020-11-03
12,solar_16,0.12947656948150568,0.06300896891231904,2.054891100688864,0.03988952422339609,*,2020-11-03
11,solar_4,-0.5861942088649883,0.0917767246797918,-6.387177259923089,1.689757223033439e-10,***,2020-11-03
10,temp_9,0.5053066439458735,0.1393121488718642,3.627154186033279,0.00028656218860034777,***,2020-11-03
9,temp_1,-2.966415108959872,0.16730307463631391,-17.730786570469864,0.0,***,2020-11-03
8,solar_power,-0.6113007447856944,0.08293374301767564,-7.370953275983312,1.694200335577989e-13,***,2020-11-03
5,rainfall,0.9393402027920672,0.19727314512206748,4.761622278647344,1.9204287871055215e-06,***,2020-11-03
6,pv_capacity,-9.951623182069994,0.7240746424800266,-13.743918925243273,0.0,***,2020-11-03
4,intercept,12367.574762107728,0.021866788753681053,565587.1514296205,0.0,***,2020-11-03
3,sma1,-0.8319096978600212,0.0170460172350073,-48.80375787439271,0.0,***,2020-11-03
2,sar1,0.9921996748617616,0.0021378634035863634,464.10807781138,0.0,***,2020-11-03
1,ma1,0.37944377759612374,0.01752335824144349,21.653599291186264,0.0,***,2020-11-03
0,ar1,0.9670123385774743,0.004642786998642225,208.28272734895558,0.0,***,2020-11-03
7,temperature,-8.753777218249098,0.17044950652596658,-51.357011215022396,0.0,***,2020-11-03
11,solar_4,-0.5834867794943364,0.07116904460034756,-8.198603518860317,2.220446049250313e-16,***,2020-11-04
10,temp_9,0.4607929739970853,0.5526954071069511,0.8337195642878177,0.4044390307885164,,2020-11-04
12,solar_16,0.13787083695777785,0.0706449505575487,1.9516021438144497,0.050985458529505534,.,2020-11-04
9,temp_1,-2.929968576731703,0.5328966981390784,-5.498192401948461,3.8370414401356356e-08,***,2020-11-04
14,sin_336_1,13.336486083699677,0.15425473317761992,86.45754855601801,0.0,***,2020-11-04
15,cos_336_1,2.841414090773543,0.20996386088430444,13.532872175270372,0.0,***,2020-11-04
13,lag_48*7,0.2443102929031663,0.017227209940257962,14.18165180260803,0.0,***,2020-11-04
8,solar_power,-0.6029422415733734,0.0656514270698444,-9.183992922681222,0.0,***,2020-11-04
0,ar1,0.96695101266941,0.004592738043660799,210.5391170750659,0.0,***,2020-11-04
6,pv_capacity,-11.226621123646083,0.32913423851147977,-34.10955108899895,0.0,***,2020-11-04
5,rainfall,1.0702652295994426,0.023923048699869744,44.73782765008834,0.0,***,2020-11-04
4,intercept,13174.852443903397,0.0210444040757655,626050.1554936122,0.0,***,2020-11-04
3,sma1,-0.8280070822194154,0.017397659193369695,-47.59301656713517,0.0,***,2020-11-04
2,sar1,0.9918330484504898,0.002124404813165015,466.875730229975,0.0,***,2020-11-04
1,ma1,0.377929013552354,0.016857191726716313,22.419452758159526,0.0,***,2020-11-04
7,temperature,-9.056709022984364,0.1927332103177971,-46.9909104302823,0.0,***,2020-11-04
14,sin_336_1,13.916385252900138,1.0917450203506602,12.746918917413794,0.0,***,2020-11-05
13,lag_48*7,0.24970657446702982,0.021399217118428425,11.66895840558528,0.0,***,2020-11-05
12,solar_16,0.1861458066925309,0.07000491642217778,2.659039053342249,0.007836387886027252,**,2020-11-05
11,solar_4,-0.5521660613184736,0.06242188588361868,-8.845712581448584,0.0,***,2020-11-05
10,temp_9,0.7388651281461485,1.5257383870314856,0.4842672468795275,0.6281962174963986,,2020-11-05
9,temp_1,-2.4793644040088836,0.1773288362442449,-13.981732788196483,0.0,***,2020-11-05
8,solar_power,-0.6074540640634041,0.06788336415076071,-8.948496758562559,0.0,***,2020-11-05
15,cos_336_1,3.8541776028243455,0.5989592148512675,6.434791396909067,1.236430957618495e-10,***,2020-11-05
6,pv_capacity,-10.396765861841658,0.8386538349578891,-12.396969319723798,0.0,***,2020-11-05
5,rainfall,0.8437238666300289,0.09048941484457544,9.324006217514041,0.0,***,2020-11-05
4,intercept,12515.587945769843,0.019937582092001183,627738.5034964199,0.0,***,2020-11-05
3,sma1,-0.8203491048384887,0.01680548273825325,-48.81437311950464,0.0,***,2020-11-05
2,sar1,0.9906414546421943,0.0019664666027765705,503.7672408183536,0.0,***,2020-11-05
1,ma1,0.37864587596311666,0.01649325014570072,22.957626460411014,0.0,***,2020-11-05
0,ar1,0.965305388880224,0.004830244200563047,199.84608413125392,0.0,***,2020-11-05
7,temperature,-8.515531434971265,0.1253194383062983,-67.95060327479374,0.0,***,2020-11-05
15,cos_336_1,2.3871786999093416,0.6622043713203085,3.604897224024307,0.00031227648363207905,***,2020-11-06
14,sin_336_1,14.357593845898132,0.6021238699684399,23.844917237130424,0.0,***,2020-11-06
13,lag_48*7,0.25126747346906514,0.01790201820192445,14.035706512802792,0.0,***,2020-11-06
12,solar_16,0.13396208648612518,0.055457569426891076,2.41557803326966,0.015710255801762107,*,2020-11-06
11,solar_4,-0.5540980958043171,0.058582765321271824,-9.458380681854226,0.0,***,2020-11-06
10,temp_9,0.9581787662096191,0.25402174845953757,3.7720343711524555,0.0001619219441348907,***,2020-11-06
9,temp_1,-2.8964054685029303,0.41824315338310497,-6.925171267178791,4.354516747184789e-12,***,2020-11-06
8,solar_power,-0.6340325669179947,0.06509985114737475,-9.73938581645379,0.0,***,2020-11-06
7,temperature,-8.97045047407586,0.4940146883639538,-18.158266718310795,0.0,***,2020-11-06
5,rainfall,-0.4073013260860989,0.0849642785266771,-4.7937949118018395,1.6365558321851381e-06,***,2020-11-06
4,intercept,8619.998856304925,0.024551978462572163,351091.82217007614,0.0,***,2020-11-06
3,sma1,-0.8312175568884166,0.015418300359327702,-53.91110158167012,0.0,***,2020-11-06
2,sar1,0.9915487247895584,0.0017166849090165472,577.5950610281743,0.0,***,2020-11-06
1,ma1,0.3762834911570223,0.015745391046721662,23.89800863252412,0.0,***,2020-11-06
0,ar1,0.9658918295777104,0.0038392229926512674,251.58523780112355,0.0,***,2020-11-06
6,pv_capacity,-4.382519231696477,0.5921209704213666,-7.401391692947099,1.34781075189494e-13,***,2020-11-06
10,temp_9,0.5161646813040228,0.20223616300982228,2.5522867603008943,0.010701839673756153,*,2020-11-07
15,cos_336_1,3.6816819113587558,0.5736367524623941,6.418141612361414,1.379478753449348e-10,***,2020-11-07
14,sin_336_1,13.092549833414713,1.2945660153006961,10.113466349859054,0.0,***,2020-11-07
13,lag_48*7,0.25928922309045066,0.017106869648122955,15.157023372706945,0.0,***,2020-11-07
12,solar_16,0.15141820475530587,0.057551657580144744,2.6309964147330653,0.008513493411622441,**,2020-11-07
11,solar_4,-0.555564876382336,0.0663381593000483,-8.374740605471269,0.0,***,2020-11-07
9,temp_1,-2.955982371609437,2.1699150209689133,-1.3622572050261803,0.1731167281598669,,2020-11-07
8,solar_power,-0.6222099234671532,0.06073963162100627,-10.243887011852857,0.0,***,2020-11-07
6,pv_capacity,-4.855102246533562,0.33560237371799206,-14.466829279977986,0.0,***,2020-11-07
5,rainfall,-0.7151566353000192,0.7329986548153613,-0.9756588645857249,0.3292335434272151,,2020-11-07
4,intercept,8821.793671688427,0.03278755333734769,269059.22442342434,0.0,***,2020-11-07
3,sma1,-0.8333903056871144,0.016358907072200935,-50.944131047930064,0.0,***,2020-11-07
2,sar1,0.991234740637467,0.002055711301672907,482.1857718205932,0.0,***,2020-11-07
1,ma1,0.37414240827615,0.015877680234665167,23.56404731336624,0.0,***,2020-11-07
0,ar1,0.9651367291827926,0.004306799290402574,224.09605465793072,0.0,***,2020-11-07
7,temperature,-9.39024713416245,0.9303651671621102,-10.093076853689064,0.0,***,2020-11-07
15,cos_336_1,4.047069885749113,0.24265080104563014,16.678576243348427,0.0,***,2020-11-08
14,sin_336_1,13.901923407855271,0.11185386247534591,124.28648506366457,0.0,***,2020-11-08
12,solar_16,0.1480041959616657,0.04829599786608675,3.064522993645269,0.0021801741462428303,**,2020-11-08
11,solar_4,-0.5271948137857798,0.049217058054611976,-10.71162793194174,0.0,***,2020-11-08
10,temp_9,0.32900550666011164,0.49802869562199586,0.6606155620193963,0.5088588864579549,,2020-11-08
9,temp_1,-3.45183158072345,0.41878962870098874,-8.242399868951914,2.220446049250313e-16,***,2020-11-08
8,solar_power,-0.6180388220192299,0.05346364978422674,-11.559981866437568,0.0,***,2020-11-08
13,lag_48*7,0.24713069062053994,0.016332157442218338,15.131539816148935,0.0,***,2020-11-08
6,pv_capacity,-5.653929501155517,0.2746419632821408,-20.586546329583335,0.0,***,2020-11-08
5,rainfall,-0.5966189353250684,0.1518061850743972,-3.930135883677449,8.489786901111351e-05,***,2020-11-08
4,intercept,9373.515840267879,0.018944158307728918,494797.16586002306,0.0,***,2020-11-08
3,sma1,-0.8318695325201405,0.01510937000650308,-55.05653327452458,0.0,***,2020-11-08
2,sar1,0.9911791070209515,0.0018184405522871552,545.070943217962,0.0,***,2020-11-08
1,ma1,0.3793972470100666,0.016696914674982834,22.722596024193713,0.0,***,2020-11-08
0,ar1,0.965567225464625,0.003942138511501507,244.93488055975322,0.0,***,2020-11-08
7,temperature,-9.594612116396334,0.2370414554781682,-40.47651537171737,0.0,***,2020-11-08
15,cos_336_1,5.092816608409726,0.9738001801272526,5.229837406421733,1.6965918914202405e-07,***,2020-11-09
14,sin_336_1,12.70230723248217,1.7361932970444685,7.316182624426311,2.5512925105886097e-13,***,2020-11-09
13,lag_48*7,0.2474534302554665,0.016906706901825407,14.63640623170377,0.0,***,2020-11-09
12,solar_16,0.1498449151812109,0.054780066788741616,2.735391246584004,0.006230617096896873,**,2020-11-09
11,solar_4,-0.5146831324504362,0.05862202091236465,-8.779689346088006,0.0,***,2020-11-09
10,temp_9,-0.3040142441193119,0.5877793017144335,-0.5172251612681218,0.6049989896401278,,2020-11-09
9,temp_1,-4.097835023409857,0.7699104560809844,-5.322482622549055,1.0236056513512892e-07,***,2020-11-09
8,solar_power,-0.6321374652920895,0.05627416009455193,-11.23317459078858,0.0,***,2020-11-09
5,rainfall,-0.4158703144111371,1.367761833717627,-0.30405170268626835,0.7610885015290458,,2020-11-09
6,pv_capacity,-7.302070912999312,0.6676772107351125,-10.936528603334736,0.0,***,2020-11-09
4,intercept,10431.442156744617,0.021905960459914733,476191.9558757946,0.0,***,2020-11-09
3,sma1,-0.8189953678211545,0.01703213924662517,-48.085290753093986,0.0,***,2020-11-09
2,sar1,0.9898058486452076,0.0022588215766140914,438.1956764061454,0.0,***,2020-11-09
1,ma1,0.379587343988239,0.01704032601115045,22.275826397913605,0.0,***,2020-11-09
0,ar1,0.9670744513146693,0.004268097345613002,226.5820980650042,0.0,***,2020-11-09
7,temperature,-9.308740346071389,0.683221459828043,-13.624777460026305,0.0,***,2020-11-09
11,solar_4,-0.5066122138466298,0.059068935346633086,-8.576626798395589,0.0,***,2020-11-10
10,temp_9,0.009163970849900949,0.7380568256930409,0.012416348620983095,0.9900934416763636,,2020-11-10
12,solar_16,0.14982635931075877,0.060831777893631034,2.4629620323236567,0.013779450665754478,*,2020-11-10
9,temp_1,-4.595404319991955,0.33715112101947975,-13.630102448113895,0.0,***,2020-11-10
14,sin_336_1,13.091033446393535,1.0294841214773476,12.716110111156858,0.0,***,2020-11-10
15,cos_336_1,5.800776225713287,0.535782091896573,10.82674526350736,0.0,***,2020-11-10
13,lag_48*7,0.2463350065900508,0.016936471846551504,14.544647127330004,0.0,***,2020-11-10
8,solar_power,-0.629309997857149,0.06246499833346216,-10.074602011476099,0.0,***,2020-11-10
0,ar1,0.967304688065211,0.00451665831195685,214.16379572138246,0.0,***,2020-11-10
6,pv_capacity,-6.726711922995008,0.4742156357375103,-14.184922250683451,0.0,***,2020-11-10
5,rainfall,-0.4939184342669023,0.6705667441947007,-0.7365686392039326,0.46138471207446163,,2020-11-10
4,intercept,10118.21176265874,0.022641351464406864,446890.8041361836,0.0,***,2020-11-10
3,sma1,-0.8234868983339101,0.01848910340655967,-44.53903903429674,0.0,***,2020-11-10
2,sar1,0.990237530455753,0.002418737814047196,409.40259200678736,0.0,***,2020-11-10
1,ma1,0.37761168602543715,0.016475790567530714,22.91918463503698,0.0,***,2020-11-10
7,temperature,-9.169407061369611,0.3911462596515624,-23.442399959385586,0.0,***,2020-11-10
15,cos_336_1,6.232243273795322,0.15759101227257893,39.54694613558074,0.0,***,2020-11-11
14,sin_336_1,13.6763594188447,0.38387324668140194,35.62727941339315,0.0,***,2020-11-11
13,lag_48*7,0.24433777842901294,0.01717046624320107,14.230119029281603,0.0,***,2020-11-11
12,solar_16,0.15122426434186237,0.06786488096684773,2.2283139996331247,0.025859583428711863,*,2020-11-11
11,solar_4,-0.48228585652615763,0.07341024944090037,-6.569734610620367,5.040501349640181e-11,***,2020-11-11
10,temp_9,0.48069273912439847,1.0348012897610896,0.46452661383460264,0.642270496442531,,2020-11-11
9,temp_1,-4.538937149380327,0.0888692255658368,-51.074341207325546,0.0,***,2020-11-11
8,solar_power,-0.6274328797178441,0.08344228635302177,-7.519363468342,5.5067062021407764e-14,***,2020-11-11
6,pv_capacity,-5.750167682939292,1.2151060072488529,-4.732235417022065,2.2206065459773328e-06,***,2020-11-11
5,rainfall,-0.5500438479876095,2.0505437009854552,-0.26824292880140427,0.7885123329690797,,2020-11-11
4,intercept,9481.365848987116,0.07326382348629171,129414.01905895835,0.0,***,2020-11-11
3,sma1,-0.8261042838302957,0.02093049260938978,-39.46893650556944,0.0,***,2020-11-11
2,sar1,0.9905732448546357,0.003912768035188759,253.16431639854386,0.0,***,2020-11-11
1,ma1,0.3751378833981906,0.014285742222169207,26.259600485863174,0.0,***,2020-11-11
0,ar1,0.9677808770698889,0.004424804881893481,218.7171870628908,0.0,***,2020-11-11
7,temperature,-8.963561941982562,0.12640854780161442,-70.9094606169353,0.0,***,2020-11-11
9,temp_1,-4.591170661272123,0.8802372247234767,-5.215833337103442,1.8299265636123607e-07,***,2020-11-12
15,cos_336_1,5.2155941053051205,0.8306819754536394,6.278689389470452,3.4143887717164034e-10,***,2020-11-12
14,sin_336_1,14.818127560626259,0.9931409698615594,14.920467496866891,0.0,***,2020-11-12
13,lag_48*7,0.2506621586136125,0.01628890535505403,15.388520784537462,0.0,***,2020-11-12
12,solar_16,0.15950394891071845,0.056002077757631046,2.848179126514353,0.004397016829255973,**,2020-11-12
11,solar_4,-0.44757536322362057,0.061731253471233524,-7.250385146191606,4.156675004196586e-13,***,2020-11-12
10,temp_9,0.6014370167490011,0.16485717140455866,3.6482308390035256,0.0002640523415902152,***,2020-11-12
8,solar_power,-0.6145092783345945,0.06118683452761028,-10.043161786009701,0.0,***,2020-11-12
0,ar1,0.9686876634269777,0.003943418601634888,245.64667393549666,0.0,***,2020-11-12
6,pv_capacity,-5.735650633348371,0.4976996924546703,-11.524320228248413,0.0,***,2020-11-12
5,rainfall,-0.524575334023524,0.1069149794220688,-4.9064718233041535,9.272930305836979e-07,***,2020-11-12
4,intercept,9452.870046247703,0.038907055056488525,242960.30713512583,0.0,***,2020-11-12
3,sma1,-0.8135726657700527,0.01849171168486199,-43.996612084108676,0.0,***,2020-11-12
2,sar1,0.989221373912559,0.0025876362566430236,382.28764625360816,0.0,***,2020-11-12
1,ma1,0.3707798253882463,0.017652115032519185,21.004838496983847,0.0,***,2020-11-12
7,temperature,-8.929505839662937,0.21547301140980918,-41.44141199511927,0.0,***,2020-11-12
9,temp_1,-5.2457987915797695,1.8730189290869952,-2.800718513900358,0.005098897372240119,**,2020-11-13
15,cos_336_1,5.565812958289499,0.5701781390232187,9.76153341800228,0.0,***,2020-11-13
14,sin_336_1,14.965524420465329,1.8385066707497946,8.140043579152186,4.440892098500626e-16,***,2020-11-13
13,lag_48*7,0.2553232136139193,0.017235252840545882,14.814010329646699,0.0,***,2020-11-13
12,solar_16,0.16703910137274214,0.054804921559663516,3.047885055193348,0.0023045806101915645,**,2020-11-13
11,solar_4,-0.4577298850091118,0.058993268261825146,-7.759018927000375,8.659739592076221e-15,***,2020-11-13
10,temp_9,0.766950230672995,0.4675863779617197,1.6402321941375793,0.10095689782588302,,2020-11-13
8,solar_power,-0.609360686882269,0.057367737186180406,-10.622010153627967,0.0,***,2020-11-13
0,ar1,0.9700201159277213,0.003867791793839269,250.794294944417,0.0,***,2020-11-13
6,pv_capacity,-5.392984688996677,0.5449579920997824,-9.89614753279775,0.0,***,2020-11-13
5,rainfall,-0.6572143431706081,1.1051404852013633,-0.5946885051911384,0.5520517068646056,,2020-11-13
4,intercept,9271.58921438028,0.02076322611541222,446538.95126143825,0.0,***,2020-11-13
3,sma1,-0.810437203293821,0.019553583952001845,-41.446990243998236,0.0,***,2020-11-13
2,sar1,0.9887771700710019,0.0024517953762053244,403.28698702472684,0.0,***,2020-11-13
1,ma1,0.36776115208359067,0.017058713714617684,21.558551144946794,0.0,***,2020-11-13
7,temperature,-8.861024794450458,1.601454959818873,-5.533108964521022,3.146038896062464e-08,***,2020-11-13
15,cos_336_1,4.539119996449069,0.30763474075704406,14.754900520269459,0.0,***,2020-11-14
14,sin_336_1,12.671202689399008,1.9581415245894849,6.47103517814192,9.733369665809732e-11,***,2020-11-14
13,lag_48*7,0.24940486896470743,0.017216141762998082,14.486687691009994,0.0,***,2020-11-14
12,solar_16,0.1307227493502336,0.05664423877403569,2.3077854373100632,0.021011073292202198,*,2020-11-14
11,solar_4,-0.38048714076498946,0.05796001981114279,-6.564648217940066,5.215583520623568e-11,***,2020-11-14
10,temp_9,0.9681765462516925,0.45189735465444564,2.1424700460838775,0.03215567655523088,*,2020-11-14
9,temp_1,-2.313763126392285,0.7400503733058743,-3.126494100741397,0.001769040536280908,**,2020-11-14
8,solar_power,-0.6954623740414263,0.060441363232155355,-11.506397884676334,0.0,***,2020-11-14
6,pv_capacity,-3.804486363594066,0.38253166479096173,-9.945546248238209,0.0,***,2020-11-14
5,rainfall,-0.7912718281495046,1.5786682258985285,-0.5012274366256643,0.6162110670721817,,2020-11-14
4,intercept,8162.691686400472,0.023453763927208514,348033.33536290104,0.0,***,2020-11-14
3,sma1,-0.8119032550963681,0.020486123656691085,-39.63186343606726,0.0,***,2020-11-14
2,sar1,0.9886482720631105,0.002772112912253055,356.64069370809983,0.0,***,2020-11-14
1,ma1,0.37680151973082193,0.015275100133328915,24.667695559564574,0.0,***,2020-11-14
0,ar1,0.9689843111713332,0.00430715330846252,224.97093597005528,0.0,***,2020-11-14
7,temperature,-8.321488698829853,1.3146612077196413,-6.329759066416795,2.4554425159806215e-10,***,2020-11-14
9,temp_1,-1.7420230413043036,0.1296013489197368,-13.441395910031408,0.0,***,2020-11-15
14,sin_336_1,11.65132580350205,0.12672949958544702,91.93854502397191,0.0,***,2020-11-15
13,lag_48*7,0.24844126849005077,0.019269527439294228,12.892961141508422,0.0,***,2020-11-15
12,solar_16,0.14075498651759039,0.06712901788892824,2.0967830447107656,0.0360127851873997,*,2020-11-15
15,cos_336_1,3.9828696202438625,0.1733660853629942,22.973752980027918,0.0,***,2020-11-15
11,solar_4,-0.37991886482862824,0.06566633177201053,-5.785595975540147,7.2255692540323935e-09,***,2020-11-15
10,temp_9,1.177430101921658,0.07633778803244823,15.423948378241954,0.0,***,2020-11-15
8,solar_power,-0.7251225112221391,0.06563683457614086,-11.047493620079644,0.0,***,2020-11-15
3,sma1,-0.8227804535606826,0.01745017617489955,-47.150266296117714,0.0,***,2020-11-15
6,pv_capacity,-4.602167585685038,0.21069715203783806,-21.842571392984738,0.0,***,2020-11-15
5,rainfall,-0.5889424210550658,0.2128803118708178,-2.7665424570237094,0.005665420714830338,**,2020-11-15
4,intercept,8658.526766682138,0.01948512309539111,444366.0286000539,0.0,***,2020-11-15
2,sar1,0.9898915465685945,0.002621072328927131,377.66662737375935,0.0,***,2020-11-15
1,ma1,0.3767927655237637,0.01761697956007337,21.38804579064826,0.0,***,2020-11-15
0,ar1,0.9690325986692745,0.007868211006967012,123.15793231920594,0.0,***,2020-11-15
7,temperature,-8.453802389152003,0.1866815421890647,-45.28461833998715,0.0,***,2020-11-15
15,cos_336_1,4.5518701857686334,0.1783332573534049,25.524516589455573,0.0,***,2020-11-16
14,sin_336_1,9.897739484786193,0.5933593393063485,16.680852274705728,0.0,***,2020-11-16
13,lag_48*7,0.24276867387953135,0.019365034767539584,12.536443997842419,0.0,***,2020-11-16
12,solar_16,0.14952862585841392,0.0590900626136556,2.53052068731195,0.0113893368388156,*,2020-11-16
11,solar_4,-0.32146941746866453,0.05790795143240145,-5.551386459317771,2.8341276436805174e-08,***,2020-11-16
10,temp_9,0.9173477011017903,0.14982870736917664,6.122643098304609,9.203569018012558e-10,***,2020-11-16
9,temp_1,-1.477340272530732,0.38357181878218893,-3.851534967352852,0.00011737976524650584,***,2020-11-16
8,solar_power,-0.7402665152677628,0.05919337561480271,-12.505901337423332,0.0,***,2020-11-16
6,pv_capacity,-4.565480122622347,0.25250049368762534,-18.081074044435002,0.0,***,2020-11-16
5,rainfall,-0.2128360815495398,0.8266370773492792,-0.25747221771375994,0.7968142595794374,,2020-11-16
4,intercept,8686.921127654708,0.020316649103880716,427576.47106261266,0.0,***,2020-11-16
3,sma1,-0.8170649237089638,0.018824704688234734,-43.40386408396737,0.0,***,2020-11-16
2,sar1,0.9896792870622105,0.0024112602541769526,410.44067530571175,0.0,***,2020-11-16
1,ma1,0.3738487670512711,0.016707729214458355,22.37579758760717,0.0,***,2020-11-16
0,ar1,0.970179551568428,0.004098127471137492,236.73728023377984,0.0,***,2020-11-16
7,temperature,-7.90984973651166,0.2683760607040903,-29.47300782253082,0.0,***,2020-11-16
9,temp_1,2.7217666484854774,0.3032886524456886,8.97417897615829,0.0,***,2020-11-17
15,cos_336_1,3.6748925576626794,0.07824432623208384,46.96688865033387,0.0,***,2020-11-17
14,sin_336_1,8.97051542644893,1.5671410924045261,5.724127501937375,1.039666508440007e-08,***,2020-11-17
13,lag_48*7,0.2390979076033869,0.019148663115294673,12.486402114015545,0.0,***,2020-11-17
12,solar_16,0.1579001353106314,0.060012284714296926,2.6311302104619645,0.008510142354684502,**,2020-11-17
11,solar_4,-0.2974367218089107,0.048423242473769314,-6.142437115193825,8.126486150672463e-10,***,2020-11-17
10,temp_9,1.5857841821199834,0.5085185606941801,3.118439138101911,0.0018181168772355427,**,2020-11-17
8,solar_power,-0.7634074940017399,0.06091176631098656,-12.533005365566707,0.0,***,2020-11-17
0,ar1,0.9759987125097931,0.0036987810225647564,263.8703687932923,0.0,***,2020-11-17
6,pv_capacity,-3.199045275407599,0.57147031786479,-5.597920268825745,2.1693847385151344e-08,***,2020-11-17
5,rainfall,-1.2831105901653928,0.1825379525971694,-7.029281154462176,2.0758950114441177e-12,***,2020-11-17
4,intercept,7813.936557891541,0.03046361459679226,256500.63727875313,0.0,***,2020-11-17
3,sma1,-0.7931178047027844,0.019716491618920275,-40.22611223295402,0.0,***,2020-11-17
2,sar1,0.9864204338179549,0.002920256974201751,337.78549029493945,0.0,***,2020-11-17
1,ma1,0.4027099463082265,0.01691719619451693,23.804768927297168,0.0,***,2020-11-17
7,temperature,-4.019725841909434,1.2731896402668639,-3.157209040019277,0.0015928711219912461,**,2020-11-17
9,temp_1,2.8957935342742935,1.1807772180750926,2.4524469899538093,0.01418882838671398,*,2020-11-18
15,cos_336_1,3.657019273926147,0.35467756147683466,10.310827836694148,0.0,***,2020-11-18
14,sin_336_1,9.09882308586894,0.7675117771556886,11.854962173464157,0.0,***,2020-11-18
13,lag_48*7,0.23875118066632195,0.018570678125046033,12.856352312968115,0.0,***,2020-11-18
12,solar_16,0.1670047791047689,0.06290407889554829,2.6549117646580433,0.00793291556188147,**,2020-11-18
11,solar_4,-0.29784087513720436,0.06435343686332931,-4.628204640720965,3.6884944487614035e-06,***,2020-11-18
10,temp_9,2.7419465672695775,0.8367389505450077,3.276943861025733,0.0010493723156292933,**,2020-11-18
8,solar_power,-0.7513538777420763,0.06438334515664282,-11.670003724007412,0.0,***,2020-11-18
7,temperature,-4.772990146694184,1.6387861188350124,-2.9125156064216777,0.003585302841586424,**,2020-11-18
6,pv_capacity,-3.9516476945016734,0.7111493655319358,-5.556705645860856,2.7491378506994124e-08,***,2020-11-18
5,rainfall,-1.1976493650554687,0.1317044166698924,-9.093463950091287,0.0,***,2020-11-18
4,intercept,8340.944714112404,0.03479601220258267,239709.78816628054,0.0,***,2020-11-18
3,sma1,-0.8009310735582731,0.01821786713851511,-43.96404186442842,0.0,***,2020-11-18
2,sar1,0.9871431072066565,0.0027013302244582663,365.42852046332894,0.0,***,2020-11-18
1,ma1,0.4052403333452367,0.01507066255553135,26.889350873064455,0.0,***,2020-11-18
0,ar1,0.9758887226116065,0.0037243190547138027,262.0314501187652,0.0,***,2020-11-18
14,sin_336_1,8.619777868160774,0.20954285877753684,41.13610894901478,0.0,***,2020-11-19
13,lag_48*7,0.23783324757175772,0.018281392885415526,13.009580236169839,0.0,***,2020-11-19
12,solar_16,0.18369518751878533,0.06294585122999366,2.918304922870829,0.0035194000948215454,**,2020-11-19
11,solar_4,-0.3025620949070209,0.06323343155570257,-4.784843831233369,1.7112033054988984e-06,***,2020-11-19
10,temp_9,2.7176784491083463,0.8438306249848577,3.2206444855649963,0.001279027023318502,**,2020-11-19
9,temp_1,2.5638262160326946,0.2500094640444947,10.254916652180835,0.0,***,2020-11-19
8,solar_power,-0.7524743155098577,0.06215304582885705,-12.106797108251953,0.0,***,2020-11-19
15,cos_336_1,3.4014165068934017,0.035313451781848255,96.32070316733495,0.0,***,2020-11-19
6,pv_capacity,-4.384383662866611,0.6141230738744528,-7.139258968411477,9.383605004131823e-13,***,2020-11-19
5,rainfall,-1.357956628406015,0.2588501790784459,-5.246110445975312,1.553437991574924e-07,***,2020-11-19
4,intercept,8636.960884879405,0.0699529664840262,123468.11463459037,0.0,***,2020-11-19
3,sma1,-0.8127210641487497,0.016736484306719646,-48.55984382708409,0.0,***,2020-11-19
2,sar1,0.9882070617858846,0.002379978721403701,415.21676345200444,0.0,***,2020-11-19
1,ma1,0.40926520353354967,0.014608517320462906,28.015519614729875,0.0,***,2020-11-19
0,ar1,0.9757976892380363,0.003665673824679546,266.19872250181476,0.0,***,2020-11-19
7,temperature,-4.696544388562245,0.41262739362082934,-11.382047002138648,0.0,***,2020-11-19
15,cos_336_1,2.3757808250283925,0.13164923574010462,18.046294091053753,0.0,***,2020-11-20
14,sin_336_1,7.946227594563046,0.22652660070203837,35.07856282633717,0.0,***,2020-11-20
13,lag_48*7,0.23592695569814737,0.018245591803791268,12.930627750266993,0.0,***,2020-11-20
12,solar_16,0.1829502072901481,0.05988149751231268,3.0552042766220127,0.0022490727844275415,**,2020-11-20
11,solar_4,-0.30677605345397474,0.05280109153930989,-5.810032416196983,6.246074768512244e-09,***,2020-11-20
10,temp_9,2.3364062051744128,0.03277740287312707,71.28100460607092,0.0,***,2020-11-20
9,temp_1,2.844324562632682,0.2233782180468217,12.733222547403843,0.0,***,2020-11-20
8,solar_power,-0.7426988522396414,0.05578084210425843,-13.314586589630244,0.0,***,2020-11-20
7,temperature,-5.443245016812625,0.3649550304386116,-14.914837617858847,0.0,***,2020-11-20
5,rainfall,-1.2118344309099882,0.0744171632885743,-16.284340565505648,0.0,***,2020-11-20
4,intercept,8560.345998408482,0.026747979100111466,320037.1125747144,0.0,***,2020-11-20
3,sma1,-0.8235919052669035,0.016145486936717326,-51.010657559910975,0.0,***,2020-11-20
2,sar1,0.9893540949153892,0.0018829556039060664,525.4261400869143,0.0,***,2020-11-20
1,ma1,0.40912233114552027,0.014704072445046382,27.823742889905883,0.0,***,2020-11-20
0,ar1,0.9757330500735755,0.0035100304017545983,277.98421620104057,0.0,***,2020-11-20
6,pv_capacity,-4.219770884738921,0.4288623879384433,-9.83945200935785,0.0,***,2020-11-20
10,temp_9,2.8396845301723204,0.9452436232440936,3.0041826893541694,0.002662953714243299,**,2020-11-21
15,cos_336_1,1.511088865442833,0.5016629142251656,3.0121598041122053,0.0025939600326079226,**,2020-11-21
14,sin_336_1,8.536545201120989,2.9393893238841966,2.904190041025441,0.003682045876880924,**,2020-11-21
13,lag_48*7,0.22799678125689815,0.018403278188034184,12.388922176112173,0.0,***,2020-11-21
12,solar_16,0.17553241826321703,0.06187556462506848,2.83686168080802,0.004555934454971267,**,2020-11-21
11,solar_4,-0.31888911083215277,0.059165347473483315,-5.389795284732711,7.053798944944845e-08,***,2020-11-21
9,temp_1,3.811241101029868,0.21011493461088365,18.13883962169556,0.0,***,2020-11-21
8,solar_power,-0.76067474016304,0.061597797618413996,-12.349057426943533,0.0,***,2020-11-21
7,temperature,-5.600523316247944,0.5729156874890412,-9.775475586632583,0.0,***,2020-11-21
6,pv_capacity,-2.222428947124513,0.8563398088440436,-2.595265248878861,0.009451794481909914,**,2020-11-21
5,rainfall,-1.2485051659468098,1.1094650508661041,-1.1253217620259097,0.2604527112331456,,2020-11-21
4,intercept,7326.024368859035,0.030207448457104893,242523.77287880235,0.0,***,2020-11-21
3,sma1,-0.808914249335788,0.019823278232197886,-40.8062803669835,0.0,***,2020-11-21
2,sar1,0.9881132048298226,0.0029598715528767927,333.8365152600775,0.0,***,2020-11-21
1,ma1,0.4101548873368821,0.016606166655193186,24.698950447339744,0.0,***,2020-11-21
0,ar1,0.9771714599144938,0.00348894244079376,280.0766927218725,0.0,***,2020-11-21
14,sin_336_1,9.235151152060398,0.666878099522545,13.848334738646171,0.0,***,2020-11-22
13,lag_48*7,0.2387500201392348,0.019183320572636636,12.445708720511675,0.0,***,2020-11-22
12,solar_16,0.17852980277380887,0.060495000191937966,2.9511497182803734,0.0031659341516605544,**,2020-11-22
11,solar_4,-0.29631831044368084,0.06054102012542469,-4.894504747851772,9.855359763832894e-07,***,2020-11-22
10,temp_9,3.2661918807231025,0.130198310523464,25.086284665225957,0.0,***,2020-11-22
9,temp_1,3.7052398292437516,0.28564100682781324,12.971666324777033,0.0,***,2020-11-22
8,solar_power,-0.732360836901421,0.05976837856994184,-12.253316125087808,0.0,***,2020-11-22
15,cos_336_1,2.859572399554949,0.1492451007048633,19.160243023386343,0.0,***,2020-11-22
6,pv_capacity,-0.5800176598815483,0.23319946018755214,-2.4872169919049787,0.012874684399217573,*,2020-11-22
5,rainfall,-1.4308300626558008,0.2545797338048028,-5.620361217569972,1.9055861555372644e-08,***,2020-11-22
4,intercept,6066.202365145273,0.0941554583782046,64427.51667968616,0.0,***,2020-11-22
3,sma1,-0.8342840392009215,0.018235224596908923,-45.75123463751262,0.0,***,2020-11-22
2,sar1,0.9897062419903272,0.00258135864749464,383.40516648118427,0.0,***,2020-11-22
1,ma1,0.4081206175015422,0.014743230245419741,27.68189946896695,0.0,***,2020-11-22
0,ar1,0.9773423222074877,0.0036770386261965175,265.79604447028566,0.0,***,2020-11-22
7,temperature,-5.72947493744131,0.20813498071598324,-27.527688607325622,0.0,***,2020-11-22
15,cos_336_1,1.9444010996305183,0.6267737405334836,3.1022376559291165,0.0019206369951068059,**,2020-11-23
14,sin_336_1,9.830602956477149,3.0870530532781335,3.1844619405027905,0.0014502337999435788,**,2020-11-23
13,lag_48*7,0.2415788468286571,0.019148181727372936,12.61628128812421,0.0,***,2020-11-23
12,solar_16,0.15090082643534874,0.057258656544125326,2.6354238038934743,0.008403229014845248,**,2020-11-23
11,solar_4,-0.25484024916422854,0.05513414362782264,-4.622185680156772,3.7971789752511143e-06,***,2020-11-23
10,temp_9,3.4797889047210484,0.7519888999549617,4.627447167011987,3.7020062970682943e-06,***,2020-11-23
9,temp_1,4.475794861907158,0.6305780269560189,7.097923921505961,1.2665424264923786e-12,***,2020-11-23
8,solar_power,-0.704047287715639,0.06213029511681743,-11.3317872769136,0.0,***,2020-11-23
7,temperature,-6.191380168947305,1.5854636701190357,-3.9050911639510852,9.418987088749553e-05,***,2020-11-23
5,rainfall,-1.667418682223527,0.769356022758528,-2.1672913877309923,0.030212642775706344,*,2020-11-23
4,intercept,5285.621561086566,0.027060071395446018,195329.18017267654,0.0,***,2020-11-23
3,sma1,-0.8500587490455591,0.017417522879439547,-48.80480163163775,0.0,***,2020-11-23
2,sar1,0.9912569234733101,0.0023286603847679182,425.67689559081066,0.0,***,2020-11-23
1,ma1,0.4093009847618287,0.014703040384109845,27.83784673571164,0.0,***,2020-11-23
0,ar1,0.9772161917947866,0.004353897977042972,224.4462770940904,0.0,***,2020-11-23
6,pv_capacity,0.42964936842668067,1.0283119306801913,0.4178200754147461,0.6760786718339258,,2020-11-23
9,temp_1,4.540455583253099,0.7220559716097777,6.288232161740097,3.211013677173469e-10,***,2020-11-24
15,cos_336_1,2.369519838293285,0.38578050485277554,6.142145101908556,8.141443075260213e-10,***,2020-11-24
14,sin_336_1,8.463350354204094,0.4518157810194205,18.73186088168158,0.0,***,2020-11-24
13,lag_48*7,0.23471406165840933,0.017860921319250888,13.141206853950441,0.0,***,2020-11-24
12,solar_16,0.19068320269016392,0.06227526890461535,3.061941056926243,0.002199067511544639,**,2020-11-24
11,solar_4,-0.22810737418663507,0.058633407040612456,-3.8903994446141668,0.00010007934293843057,***,2020-11-24
10,temp_9,3.822728178029335,0.447300488108494,8.54621955409564,0.0,***,2020-11-24
7,temperature,-6.3006752220073565,0.8632540389635251,-7.298749774252232,2.9043434324194095e-13,***,2020-11-24
5,rainfall,-1.5066055018344002,0.3091691532802942,-4.873078332198635,1.0987263259210067e-06,***,2020-11-24
6,pv_capacity,0.39552267372327776,0.5897072196547044,0.6707102449158941,0.5024051350741643,,2020-11-24
4,intercept,5349.677998991065,0.020611621439669766,259546.6841194215,0.0,***,2020-11-24
3,sma1,-0.880149694194826,0.011889814318690527,-74.0255205509181,0.0,***,2020-11-24
2,sar1,0.9938994640045751,0.0010323324671750447,962.7707115754669,0.0,***,2020-11-24
1,ma1,0.41407510064315023,0.017173428957254117,24.11138169749399,0.0,***,2020-11-24
0,ar1,0.9775451216674188,0.0027640743618848724,353.66093443333165,0.0,***,2020-11-24
8,solar_power,-0.7292577385143204,0.05870919956966939,-12.421524119894027,0.0,***,2020-11-24
15,cos_336_1,4.762625414204326,1.3288199309838034,3.5841014295129323,0.00033824063479470645,***,2020-11-25
14,sin_336_1,9.893957262448172,3.6905049785882817,2.6809223452755995,0.0073419551277478234,**,2020-11-25
12,solar_16,0.17968084952225993,0.058715458572259585,3.060196648232448,0.0022119170689589573,**,2020-11-25
11,solar_4,-0.21421384685289802,0.059359544384159274,-3.6087515339835265,0.0003076741094290014,***,2020-11-25
10,temp_9,3.3483431469239937,0.8226397059253219,4.070242565252438,4.696421261085604e-05,***,2020-11-25
9,temp_1,5.493724612831878,0.5858257600908622,9.377745034598334,0.0,***,2020-11-25
8,solar_power,-0.734097925410822,0.059426059103407106,-12.353131546775135,0.0,***,2020-11-25
13,lag_48*7,0.23631497006588983,0.019039380172170085,12.411904585597386,0.0,***,2020-11-25
6,pv_capacity,2.5009023839558324,0.7360675104506949,3.3976535418939053,0.0006796643558661941,***,2020-11-25
5,rainfall,-1.9223832117241528,1.1899206241259055,-1.615555838555451,0.10619037844363532,,2020-11-25
4,intercept,3901.9939613586566,0.02251056618102217,173340.55172047534,0.0,***,2020-11-25
3,sma1,-0.8941713476237477,0.011006172668111549,-81.24271484622916,0.0,***,2020-11-25
2,sar1,0.9951295803979066,0.0008206119202951522,1212.6677126990612,0.0,***,2020-11-25
1,ma1,0.4023924960542589,0.015568848518069368,25.84600239299894,0.0,***,2020-11-25
0,ar1,0.9779419423913405,0.003025940048099378,323.18615929142254,0.0,***,2020-11-25
7,temperature,-6.404604809199682,0.42452935522214724,-15.08636500731095,0.0,***,2020-11-25
15,cos_336_1,2.9908753453422636,1.9732668899763166,1.5156973243381997,0.12959590453106062,,2020-11-26
14,sin_336_1,10.70481107795028,3.1511586566362393,3.3971031751785303,0.0006810328401103405,***,2020-11-26
13,lag_48*7,0.23814826243919685,0.018979618592456525,12.547578934692039,0.0,***,2020-11-26
12,solar_16,0.19268578175525336,0.05976739254591119,3.223928191400336,0.0012644510263744024,**,2020-11-26
11,solar_4,-0.21292881118458906,0.06010462772400946,-3.5426358875779593,0.00039614926406672524,***,2020-11-26
10,temp_9,3.501382084924984,1.4842991215853376,2.3589464104683007,0.01832690212705912,*,2020-11-26
9,temp_1,5.739994796412454,1.4854849213025534,3.8640545683757708,0.00011152029116989759,***,2020-11-26
8,solar_power,-0.7194988424211244,0.06095911036698787,-11.802974782433271,0.0,***,2020-11-26
5,rainfall,-2.2255558647877045,0.5693052052156736,-3.909249106451754,9.258345533691426e-05,***,2020-11-26
6,pv_capacity,8.390809885847178,0.8487840272465027,9.885683067184216,0.0,***,2020-11-26
4,intercept,-7.136747840992496,0.03232272881934278,-220.79657571243413,0.0,***,2020-11-26
3,sma1,-0.9073253677703194,0.009855706603080565,-92.06091499179975,0.0,***,2020-11-26
2,sar1,0.9962137383068712,0.0006712304692025905,1484.1604843867635,0.0,***,2020-11-26
1,ma1,0.40201762974946653,0.013057897803723647,30.78731628875403,0.0,***,2020-11-26
0,ar1,0.9775827928350829,0.0033905824232177777,288.3229695703205,0.0,***,2020-11-26
7,temperature,-6.740178849849132,1.5688663708292545,-4.296209655055886,1.73743271802973e-05,***,2020-11-26
11,solar_4,-0.18979024765996977,0.057144823500504385,-3.321215046858874,0.0008962645099233058,***,2020-11-27
10,temp_9,4.5257773773646885,0.575375183402654,7.865784809487514,3.774758283725532e-15,***,2020-11-27
12,solar_16,0.215165019236718,0.05836289827301921,3.686674678666316,0.00022720350540916812,***,2020-11-27
9,temp_1,6.8310633662837645,2.0337386093631324,3.358869883688209,0.0007826190746638151,***,2020-11-27
14,sin_336_1,9.067267920873723,0.9668834806398532,9.377828975703762,0.0,***,2020-11-27
15,cos_336_1,2.3883316238985244,3.9774543103447515,0.6004673938521025,0.5481947849230324,,2020-11-27
13,lag_48*7,0.23246073580425206,0.019043114408821022,12.20707552418911,0.0,***,2020-11-27
8,solar_power,-0.7243074688679201,0.057581350603395184,-12.578855154974647,0.0,***,2020-11-27
0,ar1,0.9790308343660493,0.0030779619199370624,318.07763053354097,0.0,***,2020-11-27
6,pv_capacity,9.88619516232446,0.8587872589379757,11.511809309502661,0.0,***,2020-11-27
5,rainfall,-2.3116697680621563,0.25670985748787284,-9.004990266769795,0.0,***,2020-11-27
4,intercept,-1022.0615243581043,0.04021918644366642,-25412.28738651065,0.0,***,2020-11-27
3,sma1,-0.9028843084298199,0.009528714249551451,-94.75405440690193,0.0,***,2020-11-27
2,sar1,0.9959730921708967,0.000689567789427978,1444.3439897288317,0.0,***,2020-11-27
1,ma1,0.40823434342573256,0.015766234565304623,25.892951277288383,0.0,***,2020-11-27
7,temperature,-5.759483132308983,1.8601269154805897,-3.096285035379395,0.001959618906891558,**,2020-11-27
14,sin_336_1,7.942698004754386,3.448647386509073,2.3031342768836858,0.021271289273149252,*,2020-11-28
13,lag_48*7,0.22363068939313172,0.018785903132347254,11.904175584088067,0.0,***,2020-11-28
12,solar_16,0.213870678128443,0.05939819548895232,3.6006258501274093,0.000317452124745099,***,2020-11-28
11,solar_4,-0.19264861501933916,0.06233242816140471,-3.090664373293647,0.001997092323805294,**,2020-11-28
10,temp_9,5.215593521668218,0.1104245325526236,47.232199232382435,0.0,***,2020-11-28
9,temp_1,7.837016810914843,0.7733397446534995,10.133989446548199,0.0,***,2020-11-28
8,solar_power,-0.7372251392612554,0.06262091941690642,-11.772825217609613,0.0,***,2020-11-28
15,cos_336_1,3.745218194928736,0.5870145633859027,6.3801112076782225,1.769593360734234e-10,***,2020-11-28
6,pv_capacity,9.284710517080768,0.9449317798079071,9.825799825431032,0.0,***,2020-11-28
5,rainfall,-2.2997432092050225,1.637129871380327,-1.4047408512960677,0.16009835336943423,,2020-11-28
4,intercept,-572.5669012288207,0.028791625835822246,-19886.57759355982,0.0,***,2020-11-28
3,sma1,-0.9005531449741727,0.010539235795814826,-85.44767025060641,0.0,***,2020-11-28
2,sar1,0.9959317554640521,0.0008348138731165389,1192.998568346769,0.0,***,2020-11-28
1,ma1,0.40755696483228243,0.015636934960672384,26.06373728977623,0.0,***,2020-11-28
0,ar1,0.9790942494197852,0.0026738710288865,366.1710826148248,0.0,***,2020-11-28
7,temperature,-5.608365135898061,0.6136272890227068,-9.13969315939358,0.0,***,2020-11-28
15,cos_336_1,4.804167155788991,1.5528088980847954,3.093856019059627,0.001975733441250682,**,2020-11-29
14,sin_336_1,9.387650602606287,0.022279162809623037,421.3646034559019,0.0,***,2020-11-29
13,lag_48*7,0.21123679380389507,0.019703531268552177,10.720758168919678,0.0,***,2020-11-29
12,solar_16,0.2231967122176466,0.06403873554372908,3.485339151726941,0.0004915136292262812,***,2020-11-29
11,solar_4,-0.17215083943313436,0.07550504361712042,-2.2799912586779825,0.022608206922822838,*,2020-11-29
10,temp_9,5.714020488787355,0.2580188874333939,22.14574500970359,0.0,***,2020-11-29
9,temp_1,10.346314238201543,1.3341430944847035,7.755025889631188,8.881784197001252e-15,***,2020-11-29
8,solar_power,-0.7477220448828774,0.07957959467163282,-9.395901650016981,0.0,***,2020-11-29
7,temperature,-3.532673840162327,2.163429723120164,-1.6329043658822426,0.10248911179059039,,2020-11-29
5,rainfall,-2.3395485754262424,1.758528635124741,-1.330401182384094,0.18338612521846764,,2020-11-29
4,intercept,-393.2825490263517,0.02586384729672789,-15205.879640192084,0.0,***,2020-11-29
3,sma1,-1.1221759742976511,0.010115499648290458,-110.93628721417646,0.0,***,2020-11-29
2,sar1,0.9952599868510297,0.000229085774953639,4344.4861954106245,0.0,***,2020-11-29
1,ma1,0.42273895126240424,0.01669562668871479,25.320340418736695,0.0,***,2020-11-29
0,ar1,0.9834493951675684,0.0016021042326832453,613.8485718375902,0.0,***,2020-11-29
6,pv_capacity,9.054753091808083,2.1943058614932496,4.126477192949857,3.683625170003424e-05,***,2020-11-29
10,temp_9,4.270021633593933,1.3868006250909475,3.0790450742073334,0.0020766526003137553,**,2020-11-30
15,cos_336_1,3.3918997772728985,0.3805884995407509,8.912249795687051,0.0,***,2020-11-30
14,sin_336_1,9.447023860138039,0.8726080743071082,10.826193497738856,0.0,***,2020-11-30
13,lag_48*7,0.2106963260761634,0.019042511696425176,11.064523915493623,0.0,***,2020-11-30
12,solar_16,0.2363584138315133,0.06259984326846359,3.7757029649079876,0.0001595570401893287,***,2020-11-30
11,solar_4,-0.20759558126894007,0.0630024247631086,-3.295041136107173,0.000984072732511443,***,2020-11-30
9,temp_1,12.867521974200914,1.5309791468082978,8.404766322928973,0.0,***,2020-11-30
8,solar_power,-0.7720596587092672,0.06400188286449997,-12.063077274520415,0.0,***,2020-11-30
6,pv_capacity,6.462264574420949,0.9974836455088466,6.478566945450371,9.259792932425626e-11,***,2020-11-30
5,rainfall,-2.0864149243165677,0.47754369888428483,-4.369055500451978,1.2478505324375888e-05,***,2020-11-30
4,intercept,1339.0788737146363,0.019787607488846587,67672.60137282472,0.0,***,2020-11-30
3,sma1,-0.8677327301177511,0.01153441086950721,-75.229913337986,0.0,***,2020-11-30
2,sar1,0.9932208287162999,0.0011771895045726058,843.7221236328486,0.0,***,2020-11-30
1,ma1,0.44223535750668813,0.01532975633511136,28.848166131237832,0.0,***,2020-11-30
0,ar1,0.98232837527426,0.0021789071784096476,450.8353476494795,0.0,***,2020-11-30
7,temperature,-0.8860655566374831,1.28096470462333,-0.691717385685527,0.48911482667105854,,2020-11-30
15,cos_336_1,3.816876775554515,0.27581590391136024,13.838494160152402,0.0,***,2020-12-01
14,sin_336_1,10.941703410175556,0.8062303455255694,13.571435844482913,0.0,***,2020-12-01
12,solar_16,0.22880960380257837,0.05773292187476351,3.9632430920250497,7.393842464797906e-05,***,2020-12-01
11,solar_4,-0.21114280382203354,0.05793504470555165,-3.6444746853159966,0.00026793850499595706,***,2020-12-01
10,temp_9,5.6847070678097,0.23177393278663852,24.526947441681482,0.0,***,2020-12-01
9,temp_1,13.532066871525029,0.5784635046122155,23.39312119715576,0.0,***,2020-12-01
8,solar_power,-0.7436152319112921,0.05245871348352281,-14.175247209309857,0.0,***,2020-12-01
13,lag_48*7,0.21955687635424354,0.018563665095621684,11.827237521432496,0.0,***,2020-12-01
6,pv_capacity,1.5364256078620713,1.0190898375041726,1.507644911487777,0.13164543169453125,,2020-12-01
5,rainfall,-1.846760988023462,0.302644509792929,-6.102079926336763,1.0469698441539776e-09,***,2020-12-01
4,intercept,4650.363098706286,0.020004838461641163,232461.9170318848,0.0,***,2020-12-01
3,sma1,-0.8799562115091429,0.013328211405119032,-66.02207788894869,0.0,***,2020-12-01
2,sar1,0.9942167761121623,0.0015572058702365344,638.4620011489836,0.0,***,2020-12-01
1,ma1,0.44368606545982797,0.01415510751935259,31.3445916855968,0.0,***,2020-12-01
0,ar1,0.981775336397032,0.002066964147890243,474.98421169962387,0.0,***,2020-12-01
7,temperature,-0.1933467561923834,0.4410635081552738,-0.4383648899022424,0.6611217937086451,,2020-12-01
15,cos_336_1,4.170317325910336,3.8693354688840462,1.0777864466512892,0.28112906934478366,,2020-12-02
14,sin_336_1,12.255292104906312,2.4395760162797178,5.023533607120501,5.072934292638109e-07,***,2020-12-02
13,lag_48*7,0.22153837033488846,0.0193092382878441,11.473180196567117,0.0,***,2020-12-02
12,solar_16,0.22751958561497065,0.062070765845611095,3.6654870052817,0.0002468683472867106,***,2020-12-02
11,solar_4,-0.17787085855734208,0.06185777489296267,-2.875481034762823,0.004034123798002609,**,2020-12-02
10,temp_9,5.717360927766506,0.35148176865296943,16.266450887845227,0.0,***,2020-12-02
9,temp_1,12.988068952759239,1.3454066090205303,9.65363843590354,0.0,***,2020-12-02
8,solar_power,-0.7484068885645314,0.06257089320183673,-11.960943024264873,0.0,***,2020-12-02
5,rainfall,-2.155805500951505,1.5615899490813387,-1.380519580200766,0.16742672521342516,,2020-12-02
6,pv_capacity,6.278097940319235,1.1372699208609927,5.5203235618561655,3.383760049935347e-08,***,2020-12-02
4,intercept,1005.2330299299265,0.04981239680770054,20180.37866779634,0.0,***,2020-12-02
3,sma1,-0.8677068164384115,0.012315797142549887,-70.45478310458431,0.0,***,2020-12-02
2,sar1,0.993317993896579,0.0014544157464480196,682.9670239217807,0.0,***,2020-12-02
1,ma1,0.4502855221893746,0.014028673522627369,32.09751238868681,0.0,***,2020-12-02
0,ar1,0.9818445829065573,0.002743339285107813,357.90125859987126,0.0,***,2020-12-02
7,temperature,-0.2944712535852112,1.6785943581555107,-0.17542728661901674,0.8607439014054066,,2020-12-02
11,solar_4,-0.15062548087923222,0.06271337353508566,-2.401807977926163,0.016314269693377792,*,2020-12-03
10,temp_9,5.829188638218766,1.3115239540998347,4.444591820070594,8.805889375018694e-06,***,2020-12-03
12,solar_16,0.23895027603243907,0.06529999224416438,3.6592695928504213,0.00025293514149882235,***,2020-12-03
9,temp_1,13.545288709970617,1.9168338507878708,7.0664907677851865,1.588951192843524e-12,***,2020-12-03
14,sin_336_1,11.489925099786449,1.6729936541093853,6.867883253211194,6.516120976129969e-12,***,2020-12-03
15,cos_336_1,4.471842973989867,1.9393146837333775,2.3058882663545432,0.021116876437713872,*,2020-12-03
13,lag_48*7,0.22393219876960396,0.018437611812508248,12.145401532843113,0.0,***,2020-12-03
8,solar_power,-0.7498316768063482,0.05929347916326004,-12.64610691407978,0.0,***,2020-12-03
0,ar1,0.9820177117878794,0.002311528421342192,424.83479879415444,0.0,***,2020-12-03
6,pv_capacity,7.154486011262544,1.060501028883991,6.746326327275237,1.5163648114935313e-11,***,2020-12-03
5,rainfall,-2.1846616576375366,0.24382657334935015,-8.95989976657464,0.0,***,2020-12-03
4,intercept,275.35298052511894,0.061642496532907064,4466.934274443691,0.0,***,2020-12-03
3,sma1,-0.8747878404065785,0.011072814647267013,-79.00320453955159,0.0,***,2020-12-03
2,sar1,0.9937306207594647,0.0010870890456367883,914.1207196852613,0.0,***,2020-12-03
1,ma1,0.45169196403891815,0.015001071559261203,30.110646579780987,0.0,***,2020-12-03
7,temperature,0.27171767892142906,1.5754320850191306,0.17247184534656065,0.8630665938265931,,2020-12-03
15,cos_336_1,4.65197570622496,1.187950693377974,3.915966994385032,9.004256698808e-05,***,2020-12-04
14,sin_336_1,11.952121215104722,0.9772666023294961,12.230154173502527,0.0,***,2020-12-04
13,lag_48*7,0.21359041264930595,0.020207786903193636,10.569708284856771,0.0,***,2020-12-04
12,solar_16,0.24652040642517264,0.06390724358653412,3.857472057785902,0.00011456577131685464,***,2020-12-04
11,solar_4,-0.12938907587468318,0.06359124997103706,-2.0346993640416575,0.04188113223691192,*,2020-12-04
10,temp_9,6.6866974900713405,0.6598846390976468,10.13313099576769,0.0,***,2020-12-04
9,temp_1,13.696452828751593,1.0428557907084597,13.133601933060145,0.0,***,2020-12-04
8,solar_power,-0.7791295309066584,0.06254818968058498,-12.456468122985516,0.0,***,2020-12-04
6,pv_capacity,4.943462435032913,1.0833788669197137,4.563004306229706,5.042677998945422e-06,***,2020-12-04
5,rainfall,-2.039499105154224,0.13305211757665628,-15.328573060697007,0.0,***,2020-12-04
4,intercept,1866.7187734120355,0.03975292057957947,46958.02839630714,0.0,***,2020-12-04
3,sma1,-0.8809736956152536,0.01107934650276636,-79.51495112056354,0.0,***,2020-12-04
2,sar1,0.9941070164883614,0.0014253670282879812,697.4393238788402,0.0,***,2020-12-04
1,ma1,0.4527175996989199,0.014598966285970036,31.01025037190425,0.0,***,2020-12-04
0,ar1,0.9820642756057902,0.002703571434879951,363.2470231545399,0.0,***,2020-12-04
7,temperature,1.0699814638156155,1.4577084026822678,0.7340161186193259,0.46293891436400525,,2020-12-04
9,temp_1,13.338291695602434,1.3702656731457061,9.734091685287455,0.0,***,2020-12-05
15,cos_336_1,4.068644468606889,2.033411906518665,2.0008953697791,0.045403666665804865,*,2020-12-05
14,sin_336_1,11.321978439538913,0.6163228199228983,18.370208068809276,0.0,***,2020-12-05
13,lag_48*7,0.21612122380116994,0.01981720540746048,10.905736674647773,0.0,***,2020-12-05
12,solar_16,0.2468639559849251,0.06166662372460686,4.003202073902724,6.249088200460662e-05,***,2020-12-05
11,solar_4,-0.12865374559677534,0.0590794566299178,-2.177639283358357,0.02943290250138153,*,2020-12-05
10,temp_9,7.281629625742226,0.6123340811241286,11.891596189411086,0.0,***,2020-12-05
8,solar_power,-0.7698504283675334,0.05813251730481488,-13.243025832355787,0.0,***,2020-12-05
0,ar1,0.9818338534901229,0.002921814570466281,336.0356483311793,0.0,***,2020-12-05
6,pv_capacity,3.235274071174132,0.783265745110786,4.130493502836041,3.619853260450334e-05,***,2020-12-05
5,rainfall,-1.9199006482788192,0.09810862641826965,-19.5691318732121,0.0,***,2020-12-05
4,intercept,3059.096548692552,0.030765393151563764,99433.03937713736,0.0,***,2020-12-05
3,sma1,-0.8809940486393302,0.010498233918698238,-83.91831001881236,0.0,***,2020-12-05
2,sar1,0.9940172186801667,0.0011022614779332995,901.7980203244634,0.0,***,2020-12-05
1,ma1,0.45498832273435996,0.014182100407399546,32.08187149041539,0.0,***,2020-12-05
7,temperature,1.7392865221509481,1.8313723506117834,0.9497175828661641,0.34225577312831046,,2020-12-05
9,temp_1,14.374813640550997,0.6744532636186735,21.313283537876565,0.0,***,2020-12-06
15,cos_336_1,5.529945117848183,0.2020979640701443,27.3626958257177,0.0,***,2020-12-06
14,sin_336_1,9.859935198771522,0.14895996557187896,66.19184665435306,0.0,***,2020-12-06
13,lag_48*7,0.20404723558725413,0.018102969204181484,11.271478909665417,0.0,***,2020-12-06
12,solar_16,0.2588069979408324,0.05737287914651208,4.5109640964665845,6.45336442084421e-06,***,2020-12-06
11,solar_4,-0.09390670046979466,0.05476930383739128,-1.7145863447269907,0.08642109408028498,.,2020-12-06
10,temp_9,7.153953702551846,1.2449140456027226,5.746544291809539,9.10857789193642e-09,***,2020-12-06
8,solar_power,-0.7455718670644274,0.05481310816966905,-13.602072423198054,0.0,***,2020-12-06
0,ar1,0.9822775292630591,0.0025937143345855242,378.7146163958828,0.0,***,2020-12-06
6,pv_capacity,-2.093734278601829,1.0955779116373168,-1.9110774837298334,0.055994624231279655,.,2020-12-06
5,rainfall,-1.4579194740128543,0.6599273129227446,-2.20921220483494,0.02715988437353989,*,2020-12-06
4,intercept,6828.133645482987,0.025898321427038393,263651.59088473866,0.0,***,2020-12-06
3,sma1,-0.8837379625353097,0.011451930219329208,-77.16934574432591,0.0,***,2020-12-06
2,sar1,0.9940587802507669,0.0013633835185421536,729.1116305364317,0.0,***,2020-12-06
1,ma1,0.46325702067922414,0.014337939603541749,32.30987390718194,0.0,***,2020-12-06
7,temperature,1.0031111080462551,0.6407655843256767,1.5654884291295086,0.117468428373247,,2020-12-06
15,cos_336_1,4.742329744616314,0.03943321323749448,120.26232090331257,0.0,***,2020-12-07
14,sin_336_1,8.408939260588404,0.05048085822670925,166.57678882605174,0.0,***,2020-12-07
13,lag_48*7,0.18153332148925444,0.01845738167540912,9.835269415873453,0.0,***,2020-12-07
12,solar_16,0.2624181117558526,0.057545418085467266,4.560191245219655,5.110705484367983e-06,***,2020-12-07
11,solar_4,-0.12267012375496122,0.06190149442042334,-1.981698905713144,0.04751294977079845,*,2020-12-07
10,temp_9,7.298428265338787,0.036391626223331634,200.55240786847747,0.0,***,2020-12-07
9,temp_1,15.159471822192959,0.06713634477970162,225.8012686263545,0.0,***,2020-12-07
8,solar_power,-0.7782906263278164,0.05717304555700736,-13.61289430614259,0.0,***,2020-12-07
6,pv_capacity,-9.617624637004837,0.09955394523217889,-96.6071672456043,0.0,***,2020-12-07
5,rainfall,-1.083790173906607,0.06302215223397557,-17.196971786728824,0.0,***,2020-12-07
4,intercept,12579.876245181413,0.019571335120598977,642770.4685277704,0.0,***,2020-12-07
3,sma1,-0.8852169283959695,0.010502471083907245,-84.28653802745262,0.0,***,2020-12-07
2,sar1,0.9944311065077124,0.0009083783413494114,1094.7322951695085,0.0,***,2020-12-07
1,ma1,0.4632453700024577,0.01368796449804576,33.84326209120396,0.0,***,2020-12-07
0,ar1,0.9830926801987039,0.0031565582088987757,311.44449591559226,0.0,***,2020-12-07
7,temperature,2.0689696702889933,0.027373953644718126,75.58168970188953,0.0,***,2020-12-07
9,temp_1,15.362637790996327,0.019403592099182573,791.741947185311,0.0,***,2020-12-08
14,sin_336_1,7.745734771357128,0.020561832250686005,376.70450166709765,0.0,***,2020-12-08
13,lag_48*7,0.18542239812100336,0.018699272676161238,9.916021940114765,0.0,***,2020-12-08
12,solar_16,0.26769452817002337,0.069090952152594,3.874523650778387,0.00010683346794349013,***,2020-12-08
11,solar_4,-0.1113042239819606,0.06506528197956316,-1.7106546009732346,0.08714489310244633,.,2020-12-08
15,cos_336_1,3.4567646628723003,0.023617645708361168,146.3636429116442,0.0,***,2020-12-08
10,temp_9,6.370775990230658,0.035306496447660714,180.44203280478044,0.0,***,2020-12-08
8,solar_power,-0.7931226741218325,0.06754305918341642,-11.742474855455832,0.0,***,2020-12-08
4,intercept,13183.666055754207,0.019454477063559173,677667.4599210364,0.0,***,2020-12-08
6,pv_capacity,-10.40443384621932,0.10824503063587047,-96.1192748073506,0.0,***,2020-12-08
5,rainfall,-1.2635588040926677,0.02409884812422361,-52.4323319346773,0.0,***,2020-12-08
3,sma1,-0.8892850791494907,0.010362185531020826,-85.82022358963526,0.0,***,2020-12-08
2,sar1,0.9947084456340096,0.0008798355776108213,1130.5617446558863,0.0,***,2020-12-08
1,ma1,0.46234123837845176,0.014234186636596499,32.481043714135325,0.0,***,2020-12-08
0,ar1,0.9830633085956659,0.003099522721300157,317.1660274789985,0.0,***,2020-12-08
7,temperature,2.3279212873159736,0.029528526243531878,78.83635194377155,0.0,***,2020-12-08
15,cos_336_1,3.1214816614966057,0.42561159271836857,7.334108644832241,2.2315482794965646e-13,***,2020-12-09
14,sin_336_1,7.813359632892117,0.27873340387118467,28.031658654385836,0.0,***,2020-12-09
13,lag_48*7,0.17667293610219809,0.018885628639499146,9.354887754844867,0.0,***,2020-12-09
12,solar_16,0.25306315757379916,0.06236012693127874,4.058092406589813,4.947519213271967e-05,***,2020-12-09
11,solar_4,-0.1352120095021867,0.05872763560213763,-2.3023574526004773,0.021315022304109643,*,2020-12-09
10,temp_9,6.250030279707607,0.048346390675818356,129.27604713279484,0.0,***,2020-12-09
9,temp_1,15.562786140048601,0.12311682197553556,126.40665906029535,0.0,***,2020-12-09
8,solar_power,-0.7903234696534582,0.05678658389505578,-13.91743287664587,0.0,***,2020-12-09
7,temperature,2.9400986998114718,0.044338752428465564,66.3099103781712,0.0,***,2020-12-09
6,pv_capacity,-12.498894932578196,0.4404272184156697,-28.379024751331094,0.0,***,2020-12-09
5,rainfall,-0.5980716477451438,0.4181971474815485,-1.4301189076655085,0.15268289439269722,,2020-12-09
4,intercept,14725.48938212155,0.02092280602817981,703800.8841781821,0.0,***,2020-12-09
3,sma1,-0.89102347269977,0.011261247036997164,-79.12298431714036,0.0,***,2020-12-09
2,sar1,0.9947337355292132,0.0013412985755601734,741.6199149497921,0.0,***,2020-12-09
1,ma1,0.4671001231442681,0.013792604496411853,33.86598399640795,0.0,***,2020-12-09
0,ar1,0.9832732066100287,0.0021784303008076265,451.36776065109456,0.0,***,2020-12-09
14,sin_336_1,8.14887322138274,0.0277632940350689,293.512477701298,0.0,***,2020-12-10
13,lag_48*7,0.17662649294891664,0.017589403647400526,10.04164191632612,0.0,***,2020-12-10
12,solar_16,0.25552854042831563,0.058772844443801056,4.347731385923537,1.3755292261885543e-05,***,2020-12-10
11,solar_4,-0.1464879747181982,0.05023373282202524,-2.916127599698698,0.003544055256366807,**,2020-12-10
10,temp_9,6.199985224883148,0.025031632947298574,247.68600745850478,0.0,***,2020-12-10
9,temp_1,15.354972118663323,0.025771031527729325,595.8229534639137,0.0,***,2020-12-10
8,solar_power,-0.796445612344769,0.057853694008374035,-13.766547253309138,0.0,***,2020-12-10
15,cos_336_1,3.626193914276399,0.05483625387675922,66.12767390030007,0.0,***,2020-12-10
6,pv_capacity,-13.058477029577716,0.09373368654165184,-139.31466382446192,0.0,***,2020-12-10
5,rainfall,-0.8079460986505183,0.11856325718424923,-6.814472863164992,9.461098571250659e-12,***,2020-12-10
4,intercept,15269.805716775018,0.021345836023658322,715352.9006711645,0.0,***,2020-12-10
3,sma1,-0.8916891729312985,0.009799260914674757,-90.99555371527671,0.0,***,2020-12-10
2,sar1,0.9947204658793681,0.0007807853383241156,1273.9999293716821,0.0,***,2020-12-10
1,ma1,0.46989598589279125,0.013458037912660953,34.91563844167254,0.0,***,2020-12-10
0,ar1,0.983649729330098,0.002633871487679901,373.46155039499126,0.0,***,2020-12-10
7,temperature,3.3083822161667626,0.08116309676270177,40.76214866270503,0.0,***,2020-12-10
14,sin_336_1,8.07652974001055,0.03636464357523569,222.09841609751578,0.0,***,2020-12-11
13,lag_48*7,0.17993630640935832,0.021611695143640332,8.325876578094714,0.0,***,2020-12-11
12,solar_16,0.25618114273951076,0.21895360371703956,1.170024783289621,0.2419909955196231,,2020-12-11
11,solar_4,-0.13729367773012413,0.07917827901377375,-1.7339815848515816,0.08292135065214468,.,2020-12-11
10,temp_9,6.688496022410153,0.1731453710598438,38.629366649937324,0.0,***,2020-12-11
9,temp_1,15.494107830563095,0.36526005972133074,42.41938700438278,0.0,***,2020-12-11
8,solar_power,-0.7780681503077176,0.11670832239237941,-6.666775208127937,2.6148416765181537e-11,***,2020-12-11
15,cos_336_1,3.7485151249732254,0.03998684942838523,93.74369770458307,0.0,***,2020-12-11
6,pv_capacity,-13.539365568131757,1.1282100672751625,-12.000748762003026,0.0,***,2020-12-11
5,rainfall,-0.6121134613048866,0.2268493910764752,-2.6983253444067286,0.006968929570399629,**,2020-12-11
4,intercept,15420.032329901076,0.02106378781678622,732063.5995778735,0.0,***,2020-12-11
3,sma1,-0.8905686359089333,0.02650785540814787,-33.59640462031471,0.0,***,2020-12-11
2,sar1,0.9945044430304474,0.001493962840296371,665.6821817824856,0.0,***,2020-12-11
1,ma1,0.47112810554913515,0.013268276526628913,35.50786001509687,0.0,***,2020-12-11
0,ar1,0.9835566911190291,0.024146496511190833,40.73289434196775,0.0,***,2020-12-11
7,temperature,3.2259650672882003,0.3242106767382126,9.950212311771091,0.0,***,2020-12-11
15,cos_336_1,5.51300765449501,0.04104482393615963,134.31675728637165,0.0,***,2020-12-12
14,sin_336_1,7.549313140101717,0.21957539115320965,34.38141724558811,0.0,***,2020-12-12
13,lag_48*7,0.17518609358487625,0.016703907496983403,10.487731305774622,0.0,***,2020-12-12
12,solar_16,0.25393730316131075,0.06233586361926951,4.073695115740927,4.62730500472297e-05,***,2020-12-12
11,solar_4,-0.13114796649126959,0.05309106927890588,-2.470245340177717,0.013502041534211306,*,2020-12-12
10,temp_9,6.901887714473434,0.22861881262682834,30.189500309142534,0.0,***,2020-12-12
9,temp_1,16.41252569779107,0.09945502854065112,165.02459391565745,0.0,***,2020-12-12
8,solar_power,-0.7816961893820462,0.05945412552707225,-13.147888097792361,0.0,***,2020-12-12
7,temperature,3.330602827471978,0.08026068454463818,41.49731398839008,0.0,***,2020-12-12
5,rainfall,-0.6766874846689461,0.64616126460048,-1.047242417242916,0.29498778645729606,,2020-12-12
4,intercept,14629.399608033842,0.024943915607668406,586491.705557903,0.0,***,2020-12-12
3,sma1,-0.8853037542762797,0.012123382975944707,-73.02448137066239,0.0,***,2020-12-12
2,sar1,0.9938841097488094,0.0014437022515940646,688.4273461867997,0.0,***,2020-12-12
1,ma1,0.4689805223562878,0.01463473679752612,32.04570938614796,0.0,***,2020-12-12
0,ar1,0.9834236257021921,0.002508010047193721,392.11311246642373,0.0,***,2020-12-12
6,pv_capacity,-12.431763688213778,0.8615048753349718,-14.430288259692134,0.0,***,2020-12-12
9,temp_1,16.661099822818542,0.6578845935294185,25.325262191405173,0.0,***,2020-12-13
14,sin_336_1,8.729438954715624,0.1534664273952879,56.881749988425526,0.0,***,2020-12-13
13,lag_48*7,0.17632985589760752,0.018444684537186815,9.559927985870631,0.0,***,2020-12-13
12,solar_16,0.2628254928989506,0.05934767969028399,4.428572343022513,9.485890180460643e-06,***,2020-12-13
11,solar_4,-0.12811987842487227,0.058014681924188606,-2.208404393086124,0.027216095839081023,*,2020-12-13
10,temp_9,6.833150280873891,0.2170595785572188,31.480528646989026,0.0,***,2020-12-13
8,solar_power,-0.7814322179388,0.0508394651139974,-15.370582994659632,0.0,***,2020-12-13
15,cos_336_1,4.036265983386827,0.5585338950256379,7.226537224211888,4.953815135877448e-13,***,2020-12-13
6,pv_capacity,-14.596834863978472,0.5966800687386679,-24.463419558885164,0.0,***,2020-12-13
0,ar1,0.9838911491001382,0.0031055781015537818,316.81417015655734,0.0,***,2020-12-13
1,ma1,0.4668021333685643,0.01322320902343919,35.3017283884056,0.0,***,2020-12-13
2,sar1,0.9934730131592624,0.001384999279696734,717.3094078264055,0.0,***,2020-12-13
7,temperature,3.385248706892469,0.16711516650393096,20.25698072600035,0.0,***,2020-12-13
4,intercept,16132.202274914343,0.2560730101597115,62998.448234949734,0.0,***,2020-12-13
5,rainfall,-0.8078984513427656,0.3225010720629724,-2.5051031495021303,0.012241568693085458,*,2020-12-13
3,sma1,-0.8815761209727683,0.011852291786936489,-74.38022424864997,0.0,***,2020-12-13
14,sin_336_1,9.892886170496443,0.2727854002159417,36.26618639657789,0.0,***,2020-12-14
13,lag_48*7,0.17346021753811042,0.016661377423915668,10.410917004324407,0.0,***,2020-12-14
12,solar_16,0.2739188060090471,0.05923083294400533,4.6245982437559165,3.753251611282593e-06,***,2020-12-14
11,solar_4,-0.13663654710426698,0.057668269134304534,-2.369354051290355,0.01781918639302238,*,2020-12-14
10,temp_9,5.702931204707987,0.032913019726446266,173.27280365361213,0.0,***,2020-12-14
9,temp_1,17.400734810464236,0.33121933270487636,52.53538393535944,0.0,***,2020-12-14
8,solar_power,-0.792618230856533,0.058713761358969475,-13.499701134978432,0.0,***,2020-12-14
15,cos_336_1,4.221563688271295,0.1257382788362528,33.574212462133175,0.0,***,2020-12-14
6,pv_capacity,-16.496626048664723,0.5655449342639741,-29.169434733129,0.0,***,2020-12-14
5,rainfall,-1.0322536478677762,0.42268908986559706,-2.4421109335847846,0.014601659002406953,*,2020-12-14
4,intercept,18106.82515255298,0.03863398558722697,468676.0860246165,0.0,***,2020-12-14
3,sma1,-0.8760409143779269,0.012358161834224087,-70.88763896519482,0.0,***,2020-12-14
2,sar1,0.9931358413476482,0.001655007956657236,600.0791943946731,0.0,***,2020-12-14
1,ma1,0.46574955354910613,0.015411179213344256,30.221538994616466,0.0,***,2020-12-14
0,ar1,0.9852644325600046,0.002542019276988979,387.5912513641714,0.0,***,2020-12-14
7,temperature,3.3735943437714013,0.07040538915989719,47.916706150287084,0.0,***,2020-12-14
15,cos_336_1,3.3714350572608875,0.034882398252314414,96.65146968606713,0.0,***,2020-12-15
14,sin_336_1,8.836261822059523,0.14151312786754333,62.4412869336779,0.0,***,2020-12-15
13,lag_48*7,0.17192611313050365,0.016277258609906916,10.56235065441937,0.0,***,2020-12-15
12,solar_16,0.2782917832242641,0.06223560091318236,4.4715850596907805,7.764196610526852e-06,***,2020-12-15
11,solar_4,-0.13725879706843358,0.06319491781596423,-2.171991068461512,0.02985633660704523,*,2020-12-15
10,temp_9,5.731022909864402,0.4785106536457976,11.976792713389848,0.0,***,2020-12-15
9,temp_1,16.14888098804679,0.5491891305521313,29.404953757572365,0.0,***,2020-12-15
8,solar_power,-0.8036656530091477,0.05677375887080213,-14.155582948770732,0.0,***,2020-12-15
7,temperature,4.025150392754654,0.2760236228761189,14.582630105399224,0.0,***,2020-12-15
5,rainfall,-0.59859041683751,0.14557306425928712,-4.111958622862621,3.923166217556506e-05,***,2020-12-15
4,intercept,17578.828475085564,0.1392203346780697,126266.24203809373,0.0,***,2020-12-15
3,sma1,-0.876120855530801,0.01454839255867028,-60.221144844532446,0.0,***,2020-12-15
1,ma1,0.46600801765495353,0.0145632789780438,31.998838884946615,0.0,***,2020-12-15
0,ar1,0.984438618861514,0.0025534736838920143,385.52918131548114,0.0,***,2020-12-15
6,pv_capacity,-16.195341659327028,0.42860192691464905,-37.786441549415,0.0,***,2020-12-15
2,sar1,0.9929931588390415,0.0019397349183487105,511.92209277975627,0.0,***,2020-12-15
15,cos_336_1,2.3543263123203535,0.27807240274698847,8.466594631695616,0.0,***,2020-12-16
8,solar_power,-0.8056197734254056,0.06470785419960484,-12.45010800296829,0.0,***,2020-12-16
14,sin_336_1,5.8690527601617415,0.5914110856298803,9.923812560785747,0.0,***,2020-12-16
13,lag_48*7,0.16524159280614267,0.017246398503870202,9.581223161987205,0.0,***,2020-12-16
12,solar_16,0.2559050976268402,0.06410236248814401,3.9921320789724546,6.54818817116265e-05,***,2020-12-16
11,solar_4,-0.13091600628319,0.07133256740717803,-1.8352908221556068,0.06646261021527855,.,2020-12-16
10,temp_9,6.90992740024582,1.2592904055058027,5.487159570210812,4.084481441957166e-08,***,2020-12-16
9,temp_1,16.117349243581362,0.5451157689420352,29.56683728827371,0.0,***,2020-12-16
7,temperature,4.153614675800213,0.6368460281105307,6.522164687316404,6.929989915249735e-11,***,2020-12-16
5,rainfall,-0.29013533097287336,0.41325099024414885,-0.7020801832839197,0.48262915991950806,,2020-12-16
4,intercept,16194.213772538018,0.027024916768654147,599232.6974091361,0.0,***,2020-12-16
3,sma1,-0.8768699710323117,0.020109579551749603,-43.6045899804017,0.0,***,2020-12-16
2,sar1,0.9931570317899173,0.002924067061064737,339.64919786356757,0.0,***,2020-12-16
1,ma1,0.46087942537887117,0.013990644742217093,32.94197185839169,0.0,***,2020-12-16
0,ar1,0.9842716649953188,0.002972760334225307,331.09687776152913,0.0,***,2020-12-16
6,pv_capacity,-14.32290223634692,1.346850975063492,-10.634363045007056,0.0,***,2020-12-16
14,sin_336_1,7.536936408551281,0.321830810660873,23.41893988668871,0.0,***,2020-12-17
13,lag_48*7,0.15718269456550282,0.018331478192499497,8.57446916800281,0.0,***,2020-12-17
12,solar_16,0.24588045580919282,0.05560166632715252,4.422177823996608,9.77109847566382e-06,***,2020-12-17
11,solar_4,-0.11218847878977911,0.061247742824264075,-1.8317161354284914,0.0669937234379896,.,2020-12-17
10,temp_9,6.257392766254725,0.04415283962794596,141.72118529595525,0.0,***,2020-12-17
9,temp_1,15.914161381847812,0.05922324947117224,268.7147619212326,0.0,***,2020-12-17
8,solar_power,-0.784274926963235,0.05535989517120343,-14.16684270332924,0.0,***,2020-12-17
15,cos_336_1,5.016636483857546,0.09378758971027255,53.489342239787554,0.0,***,2020-12-17
6,pv_capacity,-12.987516458367907,0.3226455574313889,-40.253200948318415,0.0,***,2020-12-17
5,rainfall,-0.4160710473399831,0.29984168556177887,-1.387635767056334,0.16524798439418564,,2020-12-17
4,intercept,15346.941311013841,0.063028212764235,243493.2015036031,0.0,***,2020-12-17
3,sma1,-0.8858799794468174,0.013955969225377505,-63.47677937236599,0.0,***,2020-12-17
2,sar1,0.9941142657537451,0.0017198475978315339,578.0246267210955,0.0,***,2020-12-17
1,ma1,0.4652539988536329,0.013323178952040887,34.920644729639676,0.0,***,2020-12-17
0,ar1,0.9844464769136622,0.0023722092605411253,414.991414665121,0.0,***,2020-12-17
7,temperature,4.887449184040179,0.12492887277090377,39.12185450518591,0.0,***,2020-12-17
15,cos_336_1,2.936175859666563,0.16920562815475151,17.35270801383276,0.0,***,2020-12-18
14,sin_336_1,8.276245866148178,0.34061447810944523,24.29798613401536,0.0,***,2020-12-18
13,lag_48*7,0.15536832037666803,0.01840899005825349,8.439806848991706,0.0,***,2020-12-18
12,solar_16,0.2591221924008,0.06351817247974398,4.079496973617029,4.513325738986218e-05,***,2020-12-18
11,solar_4,-0.10743808947301403,0.06075441343032452,-1.7683997492005767,0.07699409847998595,.,2020-12-18
10,temp_9,6.305460370385866,0.08455888300499212,74.56887019207207,0.0,***,2020-12-18
9,temp_1,16.176142720443437,0.47648341310261033,33.949015381485935,0.0,***,2020-12-18
8,solar_power,-0.7686546048446417,0.05463419000830875,-14.06911321880575,0.0,***,2020-12-18
7,temperature,5.027853197800596,0.47521947477669585,10.5800655584731,0.0,***,2020-12-18
5,rainfall,-0.5775547398553158,0.5143475365986804,-1.122888122833478,0.2614850124473669,,2020-12-18
4,intercept,14467.984839202614,0.03637521749400616,397742.9094846408,0.0,***,2020-12-18
3,sma1,-0.8944902792619897,0.011643179166967752,-76.82526107643355,0.0,***,2020-12-18
2,sar1,0.9948214722568474,0.0012727170454866227,781.6517235977443,0.0,***,2020-12-18
1,ma1,0.47234585701088344,0.012474593095377207,37.86463040513312,0.0,***,2020-12-18
0,ar1,0.9854738162478504,0.0024966128180910325,394.72432773992017,0.0,***,2020-12-18
6,pv_capacity,-11.566662838187938,0.40648085041291243,-28.455615624790838,0.0,***,2020-12-18
9,temp_1,17.389083315462607,0.4321519039780366,40.23835867756903,0.0,***,2020-12-19
14,sin_336_1,5.841402303285532,0.8686461465736762,6.724720217002747,1.759303813742008e-11,***,2020-12-19
13,lag_48*7,0.14269562643303058,0.01716316546660447,8.314062269613556,0.0,***,2020-12-19
15,cos_336_1,4.480143971164431,0.5928263803034315,7.5572614850090165,4.107825191113079e-14,***,2020-12-19
11,solar_4,-0.004902122906681683,0.06232152651762715,-0.0786585820438008,0.9373041901007675,,2020-12-19
10,temp_9,4.647145383969086,0.1389239597271648,33.45100005136405,0.0,***,2020-12-19
8,solar_power,-0.7736003744957998,0.06121101598263371,-12.638254112875359,0.0,***,2020-12-19
12,solar_16,0.29719770924582756,0.06582677389882358,4.5148454290441675,6.336296392461804e-06,***,2020-12-19
6,pv_capacity,-12.107788680196165,0.16349609406392027,-74.05552254638278,0.0,***,2020-12-19
5,rainfall,-0.6671316086144543,0.7985710547344885,-0.8354066988268994,0.4034887593857266,,2020-12-19
4,intercept,14920.304171639813,0.026275530326658626,567840.2675854642,0.0,***,2020-12-19
3,sma1,-0.8791258267310734,0.01367729166817198,-64.27630908660528,0.0,***,2020-12-19
2,sar1,0.9933895347915338,0.0016712206329169495,594.4095682074432,0.0,***,2020-12-19
1,ma1,0.46731305612365265,0.013814665400299206,33.82731630355168,0.0,***,2020-12-19
0,ar1,0.9851588973079445,0.00294172031047564,334.89210167252656,0.0,***,2020-12-19
7,temperature,5.285021754402749,0.49814630169475826,10.609376675933195,0.0,***,2020-12-19
14,sin_336_1,7.506774579661876,0.6488977394878636,11.568501664971937,0.0,***,2020-12-20
13,lag_48*7,0.150479148051003,0.015092173672860325,9.970674292040771,0.0,***,2020-12-20
12,solar_16,0.29401422150872675,0.04730126248550784,6.215779580910907,5.107045897290163e-10,***,2020-12-20
11,solar_4,0.008873813893540472,0.037804044490067176,0.23473186568363136,0.8144168533956255,,2020-12-20
10,temp_9,5.009065959560569,0.021724928474917273,230.56766172297574,0.0,***,2020-12-20
9,temp_1,17.585639064107934,0.28212097531052177,62.33368165820343,0.0,***,2020-12-20
8,solar_power,-0.7510154720484934,0.04871047114355725,-15.417947197331253,0.0,***,2020-12-20
15,cos_336_1,2.5710340388446427,0.12291040977570682,20.917951893060945,0.0,***,2020-12-20
6,pv_capacity,-13.568286334402558,0.4224853993970249,-32.11539701435208,0.0,***,2020-12-20
5,rainfall,0.17842557081240784,0.2535095156951194,0.7038219860235523,0.4815436399531645,,2020-12-20
4,intercept,15985.567690526195,0.21622615620295327,73929.8518331052,0.0,***,2020-12-20
3,sma1,-0.8831060108606932,0.008786151203843115,-100.51113284670281,0.0,***,2020-12-20
2,sar1,0.993735335686509,0.0005296206541023487,1876.3152984862074,0.0,***,2020-12-20
1,ma1,0.46572416910478825,0.013487290229874754,34.530595928987665,0.0,***,2020-12-20
0,ar1,0.9855639221887922,0.0025269684279273096,390.0182967450762,0.0,***,2020-12-20
7,temperature,5.610001229958243,0.32192787112787796,17.426267599333787,0.0,***,2020-12-20
15,cos_336_1,3.3410383497911287,0.43384209539358803,7.70104695986241,1.354472090042691e-14,***,2020-12-21
14,sin_336_1,5.156913243904327,0.15640593356274737,32.97134019429936,0.0,***,2020-12-21
13,lag_48*7,0.14477905181381162,0.0166507884706706,8.695026789201698,0.0,***,2020-12-21
12,solar_16,0.3073939494141363,0.034785630501410335,8.83680833100534,0.0,***,2020-12-21
11,solar_4,0.028604380039013222,0.05771484056974487,0.4956156814545224,0.6201655868457894,,2020-12-21
10,temp_9,5.62929475431647,0.7632457460373921,7.375468233583428,1.638689184346731e-13,***,2020-12-21
9,temp_1,18.249846979933224,0.10448390310522244,174.6665891831623,0.0,***,2020-12-21
8,solar_power,-0.7478143929179168,0.06654098350963154,-11.238403063424418,0.0,***,2020-12-21
7,temperature,5.532636349487575,0.6930585034887403,7.982928312165872,1.3322676295501878e-15,***,2020-12-21
5,rainfall,0.36782900870565527,1.0201872220189512,0.36055049579793935,0.7184355019402968,,2020-12-21
4,intercept,16202.423240612514,0.24242669004418785,66834.3210793302,0.0,***,2020-12-21
3,sma1,-0.8788776056745682,0.009997950398624928,-87.90577774775167,0.0,***,2020-12-21
2,sar1,0.9933934312299789,0.00089276745781525,1112.712411875963,0.0,***,2020-12-21
1,ma1,0.4608928198499154,0.01232870869706013,37.38370588314887,0.0,***,2020-12-21
0,ar1,0.9857773358799219,0.002077157628660013,474.5799366781099,0.0,***,2020-12-21
6,pv_capacity,-13.77852005259166,0.41059010916882,-33.557846974161826,0.0,***,2020-12-21
9,temp_1,19.505970296330194,1.1692810743667228,16.682020024051564,0.0,***,2020-12-22
15,cos_336_1,3.6287079946486407,0.3513043381563827,10.329243338388055,0.0,***,2020-12-22
14,sin_336_1,4.6427569743436035,1.299802917016982,3.571893025904746,0.0003544101820192047,***,2020-12-22
13,lag_48*7,0.14607996933653206,0.018580377027050343,7.8620562501966855,3.774758283725532e-15,***,2020-12-22
12,solar_16,0.32980881161880415,0.06348612644486272,5.194974557240328,2.0474784023782888e-07,***,2020-12-22
11,solar_4,0.01771232199916639,0.06547492451746999,0.27052069368083653,0.7867596989451449,,2020-12-22
10,temp_9,6.165726834895736,0.38359531218412685,16.073519772150316,0.0,***,2020-12-22
8,solar_power,-0.7446884867704284,0.05974244162269214,-12.464982457087446,0.0,***,2020-12-22
7,temperature,5.5582730641017974,0.08914607122433005,62.35017413291024,0.0,***,2020-12-22
6,pv_capacity,-10.793800351567597,0.9442653837626238,-11.430897009649376,0.0,***,2020-12-22
5,rainfall,-0.28732228366180834,0.1312153273501473,-2.1897006200738316,0.028545956091539537,*,2020-12-22
4,intercept,13665.239391356614,0.40284296995717733,33922.00040827135,0.0,***,2020-12-22
3,sma1,-0.8803504697318484,0.012188298369014954,-72.22915316627561,0.0,***,2020-12-22
2,sar1,0.9931538899975524,0.0015294476340964377,649.3546217973554,0.0,***,2020-12-22
1,ma1,0.4562813424953496,0.015288521438209475,29.84470044009614,0.0,***,2020-12-22
0,ar1,0.9850067683744945,0.0025991806623536264,378.96818125852974,0.0,***,2020-12-22
15,cos_336_1,4.142074088448478,0.7128238212294491,5.8107963918831995,6.217634629379631e-09,***,2020-12-23
14,sin_336_1,5.353807306911738,2.856377530338198,1.8743346249043773,0.06088431799723226,.,2020-12-23
13,lag_48*7,0.1441538019907604,0.01925267273139001,7.487469610166315,7.016609515630989e-14,***,2020-12-23
12,solar_16,0.34826421999598456,0.06153434248627656,5.659672402831878,1.516622227804021e-08,***,2020-12-23
11,solar_4,0.02554794571173602,0.0597870521726194,0.427315694340859,0.6691494031462202,,2020-12-23
10,temp_9,5.947783697150317,0.8552759821886204,6.954227431863751,3.544942117628125e-12,***,2020-12-23
9,temp_1,19.235468521022977,1.2574336746962436,15.297402088161558,0.0,***,2020-12-23
8,solar_power,-0.730220573263523,0.06161342486629214,-11.851647183193943,0.0,***,2020-12-23
6,pv_capacity,-9.235726697514934,1.4342707054007906,-6.439319064900037,1.2001066806988092e-10,***,2020-12-23
5,rainfall,-0.3455433867366082,1.831646733078554,-0.1886517637360309,0.8503657595777452,,2020-12-23
4,intercept,12361.00534730222,0.05445867341808009,226979.5529613178,0.0,***,2020-12-23
3,sma1,-0.8800981184754113,0.013151838462217565,-66.91825793053542,0.0,***,2020-12-23
2,sar1,0.9927553892037664,0.001851428076656985,536.2106158594756,0.0,***,2020-12-23
1,ma1,0.45638425274487693,0.014339170225392257,31.82780074238168,0.0,***,2020-12-23
0,ar1,0.9845172611509034,0.0025831101025726986,381.13639065185583,0.0,***,2020-12-23
7,temperature,5.833067801820562,0.9883618583003977,5.901753242330896,3.5965881384214526e-09,***,2020-12-23
9,temp_1,19.942696994613478,0.2408421760046407,82.80400603185552,0.0,***,2020-12-24
15,cos_336_1,5.401177808029291,0.11244564196330747,48.033678439861355,0.0,***,2020-12-24
14,sin_336_1,6.67622375998986,0.14830028271364754,45.018280733024326,0.0,***,2020-12-24
13,lag_48*7,0.13600949229751516,0.020281562408798075,6.706065812686832,1.999422849507937e-11,***,2020-12-24
12,solar_16,0.357219911898567,0.05215201279263331,6.849590126443323,7.40629779727442e-12,***,2020-12-24
11,solar_4,0.03206224801902913,0.05939499990504086,0.5398139249143765,0.5893253629561928,,2020-12-24
10,temp_9,5.817348399136436,0.04773634465301277,121.86413604606166,0.0,***,2020-12-24
8,solar_power,-0.7642708251837576,0.06648281620723426,-11.495764902639522,0.0,***,2020-12-24
0,ar1,0.9847119706928514,0.0020085651702788842,490.2564204855383,0.0,***,2020-12-24
6,pv_capacity,-7.518685480521441,0.32632413256801573,-23.040543833987886,0.0,***,2020-12-24
5,rainfall,-0.21029734091348473,0.06953966121751137,-3.0241352521937217,0.002493449382639179,**,2020-12-24
4,intercept,11127.098807156126,0.019582933360676673,568203.8845875763,0.0,***,2020-12-24
3,sma1,-0.8849458949119419,0.010389480898635114,-85.1771039906526,0.0,***,2020-12-24
2,sar1,0.993180041198297,0.0008243217975246473,1204.8450546627705,0.0,***,2020-12-24
1,ma1,0.45795419920420827,0.013886650305945292,32.97801767271005,0.0,***,2020-12-24
7,temperature,5.907176704631183,0.194187201313802,30.420010508752963,0.0,***,2020-12-24
9,temp_1,19.689877412746043,0.15423204413941363,127.66398528017915,0.0,***,2020-12-25
14,sin_336_1,6.957207743137775,0.13767960486537378,50.53186889910593,0.0,***,2020-12-25
13,lag_48*7,0.12332962307598855,0.01831161915346137,6.7350474058257195,1.6387557977282086e-11,***,2020-12-25
12,solar_16,0.35349379793256813,0.05968134222372232,5.9230202398507785,3.160819161962536e-09,***,2020-12-25
15,cos_336_1,4.037498029382366,0.10205077306687721,39.56362022594833,0.0,***,2020-12-25
11,solar_4,0.029636178894325127,0.06121621627678197,0.4841230101567958,0.6282985719723686,,2020-12-25
10,temp_9,5.999901098417283,0.302075256513886,19.86227262589935,0.0,***,2020-12-25
8,solar_power,-0.7597922615967718,0.06766245021940409,-11.229156779469985,0.0,***,2020-12-25
3,sma1,-0.8815816614158436,0.011740673562656024,-75.08782666608853,0.0,***,2020-12-25
6,pv_capacity,-6.949173588212801,0.16499148026929336,-42.118378336085,0.0,***,2020-12-25
5,rainfall,-0.20043597447917705,0.422077375405234,-0.4748796930580315,0.6348727262802809,,2020-12-25
4,intercept,10843.263666566116,0.07969395205645097,136061.3118908361,0.0,***,2020-12-25
2,sar1,0.9928241960739776,0.0012055647249804922,823.5345440204738,0.0,***,2020-12-25
1,ma1,0.4603592719710633,0.014223395463930215,32.36634129582562,0.0,***,2020-12-25
0,ar1,0.9849804765446278,0.0027918610231681584,352.8042651015945,0.0,***,2020-12-25
7,temperature,5.793481830895473,0.17216520859307635,33.65071188447106,0.0,***,2020-12-25
15,cos_336_1,3.3892881374612838,0.10064620825324887,33.675269006985936,0.0,***,2020-12-26
14,sin_336_1,6.141860971905428,0.9697040042576078,6.333748179793846,2.392759324010285e-10,***,2020-12-26
13,lag_48*7,0.11561599203699721,0.015392062351058814,7.511403566335217,5.839773109528323e-14,***,2020-12-26
12,solar_16,0.3587259686972251,0.05091917499694506,7.045007479377802,1.8545165403338615e-12,***,2020-12-26
11,solar_4,0.050605775278270926,0.05396983682321432,0.9376677465977367,0.34841518399615623,,2020-12-26
10,temp_9,6.666931396298358,0.14713439598696218,45.311848066370054,0.0,***,2020-12-26
9,temp_1,20.31297511167365,0.8017983685103374,25.33426845132295,0.0,***,2020-12-26
8,solar_power,-0.7666884081054377,0.049932522218344114,-15.354489900447552,0.0,***,2020-12-26
6,pv_capacity,-9.039002910841162,0.7051148511695392,-12.819192356888546,0.0,***,2020-12-26
5,rainfall,-0.08378765753502648,0.912360596196813,-0.0918361203720288,0.9268282454043937,,2020-12-26
4,intercept,12136.294996111139,0.048170988256101825,251941.99736132324,0.0,***,2020-12-26
3,sma1,-0.8709926629058234,0.009958657152788921,-87.46085436447643,0.0,***,2020-12-26
2,sar1,0.991222914177012,0.0012211029209702221,811.7439547105826,0.0,***,2020-12-26
1,ma1,0.4615956203441611,0.01515177931597937,30.464779793707336,0.0,***,2020-12-26
0,ar1,0.9856993747171061,0.0026355874639685433,373.9960779874429,0.0,***,2020-12-26
7,temperature,6.096764218358032,0.24664371329183615,24.718911895168237,0.0,***,2020-12-26
9,temp_1,20.228815813387186,0.25908434349545983,78.07810977872414,0.0,***,2020-12-27
15,cos_336_1,6.1555503065816675,1.0728893417702636,5.7373580544896,9.616481611018912e-09,***,2020-12-27
14,sin_336_1,9.270283354382986,0.2373139505514554,39.063372940534165,0.0,***,2020-12-27
13,lag_48*7,0.11579996413514063,0.019134824302526745,6.051791346725316,1.432439278303832e-09,***,2020-12-27
12,solar_16,0.34927563751238755,0.10245389565611038,3.4091006035021048,0.0006517743886633731,***,2020-12-27
11,solar_4,0.019774721512025195,0.1308879729905144,0.15108127248221875,0.879911605312192,,2020-12-27
10,temp_9,6.105307722309455,0.1714007104296996,35.62008411169078,0.0,***,2020-12-27
8,solar_power,-0.7561356443302429,0.09451474629142813,-8.000186997262453,1.3322676295501878e-15,***,2020-12-27
0,ar1,0.9860052239692906,0.003973489116424638,248.14594807711518,0.0,***,2020-12-27
6,pv_capacity,-16.00301759699431,4.987659589497597,-3.208522416143136,0.0013341890834686065,**,2020-12-27
5,rainfall,-1.4454229073482736,0.2134344710811778,-6.7722092875921645,1.2682965788712863e-11,***,2020-12-27
4,intercept,16447.478346568943,0.038076721395034305,431956.2647196275,0.0,***,2020-12-27
3,sma1,-0.8622156381862472,0.014080127690446082,-61.23635077338783,0.0,***,2020-12-27
2,sar1,0.9900959653246298,0.0023089401083556,428.8097217167597,0.0,***,2020-12-27
1,ma1,0.459596673511974,0.01532165481497953,29.996542740451236,0.0,***,2020-12-27
7,temperature,7.851165303461244,1.94659419023097,4.033283024711831,5.5002966878436865e-05,***,2020-12-27
9,temp_1,20.773517493211784,0.8018742712563647,25.90620280242206,0.0,***,2020-12-28
14,sin_336_1,6.447039925196484,0.3858292518614052,16.70956749415242,0.0,***,2020-12-28
13,lag_48*7,0.10515921553073779,0.018953040708122714,5.5484086775411,2.8828139431169575e-08,***,2020-12-28
12,solar_16,0.3667777218891434,0.0607079574897347,6.041674552321465,1.5252288321221386e-09,***,2020-12-28
11,solar_4,0.012787516045328573,0.05996154619232675,0.21326194631993972,0.8311226532162415,,2020-12-28
15,cos_336_1,5.088203734699344,0.3451237691030962,14.743127510233533,0.0,***,2020-12-28
10,temp_9,7.109129921878648,0.07995872775559047,88.90999296048203,0.0,***,2020-12-28
8,solar_power,-0.7836119940034223,0.057967822163953506,-13.518051304171657,0.0,***,2020-12-28
4,intercept,18927.113720627975,0.0227980540685195,830207.4231310522,0.0,***,2020-12-28
6,pv_capacity,-19.26732055281434,0.6158260843532584,-31.28695104405802,0.0,***,2020-12-28
5,rainfall,-1.0495743764893177,0.153636859581188,-6.831527143619333,8.40150171654841e-12,***,2020-12-28
3,sma1,-0.8617568910799592,0.014219981971189457,-60.6018272615205,0.0,***,2020-12-28
2,sar1,0.9905136000148455,0.0020642224276858417,479.84828898758275,0.0,***,2020-12-28
1,ma1,0.4583151900266054,0.015471400256395956,29.62338136376089,0.0,***,2020-12-28
0,ar1,0.9860171058970474,0.0016132401813848845,611.2029177519009,0.0,***,2020-12-28
7,temperature,8.675123496799984,0.7939656535713003,10.926320877709017,0.0,***,2020-12-28
15,cos_336_1,5.039091554677934,0.023719483980408004,212.4452437009237,0.0,***,2020-12-29
14,sin_336_1,6.65488283870124,0.023230325622545286,286.47393699219623,0.0,***,2020-12-29
13,lag_48*7,0.10566116534162748,0.017040761771620318,6.200495421372275,5.628568722215732e-10,***,2020-12-29
11,solar_4,0.024859055652015627,0.05666335904357328,0.43871482509357385,0.6608681836184416,,2020-12-29
10,temp_9,7.166219595394428,0.0652456334220023,109.83447043948563,0.0,***,2020-12-29
9,temp_1,21.114754696379038,0.020301169054575314,1040.0758025124846,0.0,***,2020-12-29
8,solar_power,-0.7504081935855993,0.04981933765468672,-15.062588723818674,0.0,***,2020-12-29
12,solar_16,0.36389302278635494,0.06011658019313094,6.0531224766496985,1.4206475995592882e-09,***,2020-12-29
6,pv_capacity,-20.521987475704805,0.21387405667544274,-95.95360837451756,0.0,***,2020-12-29
5,rainfall,-0.8863582478188619,0.020307059530962193,-43.647788911409386,0.0,***,2020-12-29
4,intercept,19825.845001451267,0.025272189906669813,784492.5617711842,0.0,***,2020-12-29
3,sma1,-0.8641179456345756,0.01432489134566286,-60.32282722313312,0.0,***,2020-12-29
2,sar1,0.9905084606852366,0.0022333818026247475,443.50162588463684,0.0,***,2020-12-29
1,ma1,0.4601946763105709,0.01439783490766744,31.962769351209765,0.0,***,2020-12-29
0,ar1,0.9860455036914614,0.002450811035902022,402.3343657453978,0.0,***,2020-12-29
7,temperature,8.155954004319028,0.04197463474223506,194.3067296333724,0.0,***,2020-12-29
13,lag_48*7,0.10438819069317279,0.01589609831218394,6.5669064598802835,5.1371351617035543e-11,***,2020-12-30
12,solar_16,0.36139839698285836,0.057490214448075554,6.286259330433858,3.2520652837320085e-10,***,2020-12-30
11,solar_4,0.029280266429360324,0.053449173245623705,0.5478151419630747,0.5838188404129392,,2020-12-30
10,temp_9,7.254561185716199,0.07401344466675819,98.01680246581545,0.0,***,2020-12-30
9,temp_1,21.280166463136062,0.36263883272102027,58.68143326919154,0.0,***,2020-12-30
8,solar_power,-0.7599520504265911,0.039421409539299006,-19.277647839278774,0.0,***,2020-12-30
7,temperature,8.12279419305105,0.14810074749417995,54.846409153811045,0.0,***,2020-12-30
3,sma1,-0.8731611152357645,0.012612566607259066,-69.22945522707671,0.0,***,2020-12-30
5,rainfall,-0.5993837997273772,0.6746763969451669,-0.8884019100731799,0.37432459830020104,,2020-12-30
4,intercept,19669.83928978002,0.17309074828216459,113638.88298475173,0.0,***,2020-12-30
2,sar1,0.9916535972665158,0.0017815202235625736,556.6333652297634,0.0,***,2020-12-30
1,ma1,0.459541916076685,0.013081807156195715,35.12832062036933,0.0,***,2020-12-30
0,ar1,0.9860617967712413,0.0014104071400471096,699.1327317999152,0.0,***,2020-12-30
14,sin_336_1,3.8840268405916296,0.33856671407562317,11.47196897721045,0.0,***,2020-12-30
6,pv_capacity,-20.289030556336286,0.17433954679086563,-116.37652460273179,0.0,***,2020-12-30
15,cos_336_1,4.110394873314422,0.03869857273076014,106.21567110270227,0.0,***,2020-12-30
