,model,traing_window size,using_exog,eval_date,model aicc,peak_actual_afternoon,peak_predicted_afternoon_mean,peak_predicted_afternoon_hi,peak_predicted_afternoon_lo,time_of_peak_actual_afternoon,time_of_peak_predicted_afternoon,peak_actual_morning,peak_predicted_morning_mean,peak_predicted_morning_hi,peak_predicted_morning_lo,time_of_peak_actual_morning,time_of_peak_predicted_morning,mse,r2,mae,mape
0,"(1, 1, 1, 1, 48, 0, 0)",2688,True,2020-01-01,30690.052881357446,8492.82,9073.212916884462,10030.3168293567,8116.109004412226,2020-01-01 04:30:00,2020-01-01 04:30:00,7318.64,7699.285496005495,8553.264323912426,7115.052442340521,2020-01-01 00:00:00,2020-01-01 12:00:00,397412.56336997775,0.39583996524940734,531.3630761075042,0.07625114574979795
1,"(1, 1, 1, 1, 48, 0, 0)",2688,True,2020-01-02,30668.228671940993,9101.15,9082.829122693893,10036.842278408676,8128.81596697911,2020-01-02 04:30:00,2020-01-02 04:30:00,7680.36,7715.322674967909,8566.676795831423,6885.637077157675,2020-01-02 12:00:00,2020-01-02 12:00:00,45383.942114192796,0.9441536791786048,169.88237423092593,0.02246410950861714
2,"(1, 1, 1, 1, 48, 0, 0)",2688,True,2020-01-03,30658.56135092679,10858.09,9563.624855053067,10516.178928052444,8611.07078205369,2020-01-03 04:30:00,2020-01-03 04:30:00,8779.78,7974.7600481817635,8824.859382183227,7200.106405555845,2020-01-03 12:00:00,2020-01-03 12:00:00,611856.7146193563,0.7206552582699421,627.0699932169117,0.06713458356473923
3,"(1, 1, 1, 1, 48, 0, 0)",2688,True,2020-01-04,30644.111655545745,12334.04,10428.485021940258,11389.828559278933,9467.141484601583,2020-01-04 04:00:00,2020-01-04 04:30:00,10757.67,8736.605549393316,9592.419784255397,7880.791314531236,2020-01-04 12:00:00,2020-01-04 12:00:00,1831940.9071995162,0.5911612749103927,1084.729871009007,0.10219483392075389
4,"(1, 1, 1, 1, 48, 0, 0)",2688,True,2020-01-05,30781.290692830135,8220.91,10127.782375011066,11121.049293069524,9134.515456952608,2020-01-05 04:30:00,2020-01-05 04:30:00,7957.69,8591.137041466045,9475.310158788154,7936.820563577247,2020-01-05 00:00:00,2020-01-05 12:00:00,1488897.4494107713,-2.886565490703033,1113.4868439871154,0.14984415706873278
5,"(1, 1, 1, 1, 48, 0, 0)",2688,True,2020-01-06,30778.35101089921,8795.51,9253.804659316856,10247.304773501031,8260.304545132682,2020-01-06 04:30:00,2020-01-06 04:30:00,8236.51,7788.0659899997045,8672.146005733232,6903.9859742661765,2020-01-06 11:30:00,2020-01-06 12:00:00,336131.74099829415,0.6047198987056527,471.38968786822096,0.06172145296476587
6,"(1, 1, 1, 1, 48, 0, 0)",2688,True,2020-01-07,30806.963007197653,10506.18,9838.573991177445,10827.13164823776,8850.01633411713,2020-01-07 04:30:00,2020-01-07 04:00:00,8469.66,8668.843157421525,9557.793428383855,7779.892886459195,2020-01-07 12:00:00,2020-01-07 12:00:00,189532.61096550454,0.8824873648784367,333.2495253268805,0.03838496648736005
7,"(1, 1, 1, 1, 48, 0, 0)",2688,True,2020-01-08,30801.529899474288,9715.67,9175.324005474364,10171.223422388466,8179.424588560261,2020-01-08 04:30:00,2020-01-08 04:30:00,8790.26,7760.87823346058,8648.16514290484,7130.718562533382,2020-01-08 12:00:00,2020-01-08 12:00:00,473029.7477272588,0.5299449144426075,588.1840233889257,0.07015962566118168
8,"(1, 1, 1, 1, 48, 0, 0)",2688,True,2020-01-09,30805.378195557063,9179.49,9439.741747963435,10429.913481773636,8449.570014153234,2020-01-09 04:30:00,2020-01-09 04:30:00,8372.84,8317.82426292519,9201.691661911356,7433.956863939025,2020-01-09 12:00:00,2020-01-09 12:00:00,36867.26319486534,0.9510003688616251,144.93599019127575,0.017802858456276965
9,"(1, 1, 1, 1, 48, 0, 0)",2688,True,2020-01-10,30772.82826313737,11920.34,10081.924854995874,11066.32481690273,9097.524893089017,2020-01-10 04:30:00,2020-01-10 04:30:00,9454.39,8523.624536213816,9402.35071560432,7644.8983568233125,2020-01-10 12:00:00,2020-01-10 12:00:00,1180182.0457831202,0.6240316707766119,880.95813258852,0.08649799041285224
10,"(1, 1, 1, 1, 48, 0, 0)",2688,True,2020-01-11,30774.100397927894,7716.93,10352.323600363807,11348.250582117736,9364.443853632942,2020-01-11 05:00:00,2020-01-11 04:00:00,8302.9,9214.831682762333,10102.955564491185,8326.70780103348,2020-01-11 00:00:00,2020-01-11 12:00:00,2969576.876147403,-19.83254595827597,1462.2937581496328,0.1999615269135666
11,"(1, 1, 1, 1, 48, 0, 0)",2688,True,2020-01-12,30794.868471938793,7690.59,8410.411943883204,9420.643253726279,7400.180634040129,2020-01-12 05:30:00,2020-01-12 04:30:00,7040.43,7278.590353695966,8176.873094669547,6480.542005327051,2020-01-12 09:30:00,2020-01-12 12:00:00,226076.42119261986,0.31616973714388874,349.3725004773143,0.04976364987978401
12,"(1, 1, 1, 1, 48, 0, 0)",2688,True,2020-01-13,30791.85573926364,8671.97,8998.739754282464,10011.82516505075,7985.654343514178,2020-01-13 05:30:00,2020-01-13 04:30:00,7640.2,7711.686010836338,8611.99415997177,6811.377861700906,2020-01-13 11:00:00,2020-01-13 12:00:00,97109.82213380122,0.8592734574892108,243.97953096675315,0.033078856803211265
13,"(1, 1, 1, 1, 48, 0, 0)",2688,True,2020-01-14,30788.76738219211,9412.35,9464.43732581916,10478.382323480655,8450.492328157667,2020-01-14 04:30:00,2020-01-14 04:30:00,8267.39,8043.285064075781,8944.904082111136,7141.666046040426,2020-01-14 12:00:00,2020-01-14 12:00:00,58727.69818716312,0.9392748314449457,197.1408032820582,0.025322962683115856
14,"(1, 1, 1, 1, 48, 0, 0)",2688,True,2020-01-15,30741.869498985263,9524.55,9380.436302140337,10389.893976689496,8370.978627591177,2020-01-15 04:30:00,2020-01-15 04:30:00,8450.73,8256.623151840968,9154.724216708197,7358.522086973739,2020-01-15 12:00:00,2020-01-15 12:00:00,74105.90243635129,0.9315546666114334,242.6030442544721,0.029181890461263228
15,"(1, 1, 1, 1, 48, 0, 0)",2688,True,2020-01-16,30743.030280243165,9316.72,9487.168998813675,10498.07739686756,8476.26060075979,2020-01-16 04:30:00,2020-01-16 04:30:00,8814.88,8523.106106996514,9422.310956587262,7623.901257405768,2020-01-16 11:30:00,2020-01-16 12:00:00,67755.60993048984,0.9075387378413409,220.4048206039507,0.02679294246713301
16,"(1, 1, 1, 1, 48, 0, 0)",2688,True,2020-01-17,30759.15392544877,8264.99,9477.831712336058,10483.571840605358,8472.091584066757,2020-01-17 04:30:00,2020-01-17 04:30:00,8401.15,8306.894304982288,9203.063136254787,7410.72547370979,2020-01-17 11:00:00,2020-01-17 12:00:00,378764.8104697003,0.19364009590296216,491.41544671150314,0.06232860368853915
17,"(1, 1, 1, 1, 48, 0, 0)",2688,True,2020-01-18,30774.674007483623,7744.74,8529.247097397558,9538.992135181166,7519.502059613949,2020-01-18 07:00:00,2020-01-18 04:30:00,7708.16,7772.4573440342765,8671.656621456386,6926.423348505592,2020-01-18 09:30:00,2020-01-18 11:00:00,222424.3284124889,0.23020845897073805,365.04710485766435,0.05020156575983994
18,"(1, 1, 1, 1, 48, 0, 0)",2688,True,2020-01-19,30787.06507553822,8025.98,8419.235503003903,9438.958737690866,7404.939981637188,2020-01-19 07:00:00,2020-01-19 04:30:00,7185.49,7584.723152048039,8465.584032135605,6739.7747086658155,2020-01-19 11:00:00,2020-01-19 10:00:00,152736.60356929296,0.6440882919677926,323.73907692008265,0.045427048543954573
19,"(1, 1, 1, 1, 48, 0, 0)",2688,True,2020-01-20,30777.63811492016,9787.26,8652.312683527967,9682.93768560102,7621.687681454914,2020-01-20 03:30:00,2020-01-20 05:30:00,8905.03,7772.653812913218,8673.9054255591,6871.402200267336,2020-01-20 12:00:00,2020-01-20 12:00:00,661486.160217805,0.5296083261933837,697.1381360130663,0.08050162236358381
20,"(1, 1, 1, 1, 48, 0, 0)",2688,True,2020-01-21,30848.472306607608,9925.09,9342.314308006364,10364.110887154298,8320.51772885843,2020-01-21 04:30:00,2020-01-21 04:30:00,8209.52,8341.950707234528,9250.970065645084,7432.931348823971,2020-01-21 12:00:00,2020-01-21 12:00:00,93774.60175849796,0.9225531326262927,240.27566194558048,0.027647168985817604
21,"(1, 1, 1, 1, 48, 0, 0)",2688,True,2020-01-22,30813.57159025005,11679.1,9571.888874644475,10582.403718434392,8561.374030854558,2020-01-22 04:30:00,2020-01-22 04:30:00,9196.29,8437.772903935494,9336.887158667021,7538.658649203967,2020-01-22 12:00:00,2020-01-22 12:00:00,1033049.0576651922,0.6085847908015276,749.2907598368707,0.0739303641742903
22,"(1, 1, 1, 1, 48, 0, 0)",2688,True,2020-01-23,30845.28297706189,13330.14,10421.071611089217,11462.762586314697,9379.380635863738,2020-01-23 04:30:00,2020-01-23 04:30:00,11712.42,9153.024491260978,10074.200782049857,8231.848200472099,2020-01-23 12:00:00,2020-01-23 12:00:00,3792656.5603330457,0.2823134914594083,1577.18315356798,0.1356747230579509
23,"(1, 1, 1, 1, 48, 0, 0)",2688,True,2020-01-24,30956.21985391442,10052.6,10650.021560858766,11833.691938103842,9466.35118361369,2020-01-24 04:30:00,2020-01-24 04:30:00,9493.3,9727.806044376115,10706.391621938325,9068.088906112314,2020-01-24 09:30:00,2020-01-24 11:00:00,290345.3130568454,0.352825818451002,473.8871018050051,0.05301639343576736
24,"(1, 1, 1, 1, 48, 0, 0)",2688,True,2020-01-25,30969.683454416325,9861.13,9759.674263910381,10979.924442009577,8539.424085811186,2020-01-25 05:30:00,2020-01-25 04:30:00,8455.7,8926.5026483255,9966.474741029187,7908.602785135696,2020-01-25 12:00:00,2020-01-25 12:00:00,166010.34374038986,0.8447110186721415,326.2967025246291,0.04149144673185923
25,"(1, 1, 1, 1, 48, 0, 0)",2688,True,2020-01-26,30908.44191474184,10840.67,10066.820030333784,11182.476566806641,8951.163493860926,2020-01-26 05:30:00,2020-01-26 04:30:00,9536.49,8890.248585946527,9863.23511237909,7917.262059513963,2020-01-26 12:00:00,2020-01-26 12:00:00,314792.10648680426,0.852254447315228,489.49981982501436,0.054175080255202346
26,"(1, 1, 1, 1, 48, 0, 0)",2688,True,2020-01-27,30928.534423644258,11056.05,10058.46404522585,11126.145134001383,8990.782956450317,2020-01-27 05:30:00,2020-01-27 04:30:00,8791.17,8865.346423868032,9808.621194196947,7922.0716535391175,2020-01-27 12:00:00,2020-01-27 12:00:00,271032.7157158234,0.8632260720632706,416.6171068084441,0.047171122064021985
27,"(1, 1, 1, 1, 48, 0, 0)",2688,True,2020-01-28,30928.063108132792,12349.85,10159.601238978948,11219.62739966104,9099.575078296857,2020-01-28 04:00:00,2020-01-28 04:30:00,10699.19,8926.523491488471,9864.608006745457,7988.438976231486,2020-01-28 12:00:00,2020-01-28 12:00:00,1893319.9831962504,0.41790700629551014,1116.8127785508693,0.10462944024471721
28,"(1, 1, 1, 1, 48, 0, 0)",2688,True,2020-01-29,31201.705733786348,10778.14,10611.49441418282,11721.218235704853,9501.770592660787,2020-01-29 04:30:00,2020-01-29 04:30:00,9477.21,9243.40367336147,10218.401001024054,8268.406345698886,2020-01-29 12:00:00,2020-01-29 12:00:00,60152.569367152464,0.9542408760600217,215.80143274030465,0.024256355190037177
29,"(1, 1, 1, 1, 48, 0, 0)",2688,True,2020-01-30,31219.36943146974,11979.43,10740.666127703516,11906.53411190896,9574.798143498072,2020-01-30 04:30:00,2020-01-30 04:30:00,9472.85,9287.238387671094,10298.940016352577,8275.53675898961,2020-01-30 12:00:00,2020-01-30 12:00:00,403667.86443968426,0.8557499929648522,517.8546053200859,0.05249817889454861
30,"(1, 1, 1, 1, 48, 0, 0)",2688,True,2020-01-31,31274.872784640425,13143.76,10317.718661626153,11494.836606771336,9140.60071648097,2020-01-31 03:00:00,2020-01-31 04:30:00,11311.9,8955.551599255403,9976.135173997054,8023.511496643701,2020-01-31 12:00:00,2020-01-31 12:00:00,3582542.2885178383,0.1473402470366224,1554.9488881547804,0.1358648129678445
31,"(1, 1, 1, 1, 48, 0, 0)",2688,True,2020-02-01,31380.08653880007,13634.63,12434.02530825493,13693.924116065326,11174.126500444534,2020-02-01 05:00:00,2020-02-01 04:30:00,12047.17,10879.770858761789,11956.891252950101,9802.650464573477,2020-02-01 12:00:00,2020-02-01 12:00:00,1009544.1738309112,0.8021617601644454,942.6235535408883,0.08879958616697808
32,"(1, 1, 1, 1, 48, 0, 0)",2688,True,2020-02-02,32039.523590539935,10938.26,13583.295980597093,15083.563578493357,12099.515120609127,2020-02-02 02:30:00,2020-02-02 04:30:00,10478.02,12131.663818218443,13383.355736431042,10879.971900005845,2020-02-02 12:00:00,2020-02-02 12:00:00,4227530.476292198,-2.6246749496325634,1727.568026361753,0.18180686943288435
33,"(1, 1, 1, 1, 48, 0, 0)",2688,True,2020-02-03,31474.447354968474,10741.33,10626.723650042277,11934.544285393595,9318.903014690959,2020-02-03 04:00:00,2020-02-03 04:30:00,9250.51,9123.478126326498,10239.008638065294,8007.947614587701,2020-02-03 08:30:00,2020-02-03 12:00:00,312287.50111668964,0.7939060973076685,427.3437579526406,0.04968936743552788
34,"(1, 1, 1, 1, 48, 0, 0)",2688,True,2020-02-04,31530.054909798313,8166.43,10106.782813312439,11405.033507077731,8808.532119547146,2020-02-04 05:30:00,2020-02-04 04:30:00,7916.85,8817.321235127782,9930.748710957332,7703.893759298231,2020-02-04 07:30:00,2020-02-04 12:00:00,1135636.8880815795,-2.3559223399343625,857.3356405319333,0.11117966712000982
35,"(1, 1, 1, 1, 48, 0, 0)",2688,True,2020-02-05,31508.3169095187,8698.81,9815.170662719886,11105.308042652083,8525.033282787688,2020-02-05 04:30:00,2020-02-05 04:30:00,7888.7,8452.513747786277,9558.67385185073,7346.3536437218245,2020-02-05 12:00:00,2020-02-05 12:00:00,375636.7369468443,0.4011371233243516,513.0543544439574,0.065027057362525
36,"(1, 1, 1, 1, 48, 0, 0)",2688,True,2020-02-06,31512.02377265391,8592.13,9517.3097827417,10825.472356983184,8209.147208500217,2020-02-06 05:00:00,2020-02-06 04:30:00,8540.97,8507.926834741462,9627.388437915763,7388.46523156716,2020-02-06 09:30:00,2020-02-06 12:00:00,247980.2893897514,0.6138314143970514,411.387229351509,0.05075877346509521
37,"(1, 1, 1, 1, 48, 0, 0)",2688,True,2020-02-07,31521.26910340974,8201.16,9555.428523699744,10881.790650245734,8238.707096450835,2020-02-07 00:00:00,2020-02-07 04:30:00,8552.26,8635.024917253653,9761.230293202383,7508.819541304923,2020-02-07 08:30:00,2020-02-07 12:00:00,523167.45390117523,0.04019024455506015,562.9904600134143,0.07099667057864535
38,"(1, 1, 1, 1, 48, 0, 0)",2688,True,2020-02-08,31544.17695592046,7873.51,9376.383443611072,10648.60425539621,8104.162631825932,2020-02-08 05:30:00,2020-02-08 04:30:00,7712.86,8476.209362438123,9576.480181827888,7384.4112531162955,2020-02-08 09:30:00,2020-02-08 12:00:00,980982.0285871873,-1.7067308542026232,814.9660424303476,0.1101593063587245
39,"(1, 1, 1, 1, 48, 0, 0)",2688,True,2020-02-09,31564.625196081233,7920.61,8204.868685106117,9521.607023564857,6888.130346647377,2020-02-09 05:30:00,2020-02-09 04:30:00,7713.81,7625.987835262231,8755.512367101646,6497.130268770834,2020-02-09 09:30:00,2020-02-09 12:00:00,53413.33711264216,0.8926076297078701,183.5282792179796,0.026255839086718125
40,"(1, 1, 1, 1, 48, 0, 0)",2688,True,2020-02-10,31554.839750736926,9346.36,8896.11675717433,10245.80010273623,7558.280906045204,2020-02-10 04:30:00,2020-02-10 04:30:00,8325.51,7857.081744705294,9006.582096937647,6711.962320638903,2020-02-10 10:00:00,2020-02-10 12:00:00,181049.4615502572,0.8408247190986292,366.54232688266484,0.04601057247195469
41,"(1, 1, 1, 1, 48, 0, 0)",2688,True,2020-02-11,31574.252637961337,10020.15,9437.410345720224,10761.631891168472,8113.188800271975,2020-02-11 04:30:00,2020-02-11 04:30:00,8605.99,8475.582123948181,9610.899723367049,7340.264524529312,2020-02-11 12:00:00,2020-02-11 12:00:00,173373.62135170444,0.863114303748999,359.3074434388356,0.041340340429555554
42,"(1, 1, 1, 1, 48, 0, 0)",2688,True,2020-02-12,31579.67098124781,9397.17,9351.352800374303,10703.294126699288,7999.411474049319,2020-02-12 04:30:00,2020-02-12 04:30:00,8879.56,8639.117483118283,9791.118163768351,7515.679283158086,2020-02-12 11:00:00,2020-02-12 12:00:00,33212.4913193951,0.9611037900056139,143.81479979291007,0.017059858768796062
43,"(1, 1, 1, 1, 48, 0, 0)",2688,True,2020-02-13,31550.82691987794,9502.26,9340.577845253607,10692.685409519085,7988.470280988129,2020-02-13 04:30:00,2020-02-13 04:30:00,9178.99,8691.667590700736,9843.556302016448,7547.748942031849,2020-02-13 11:30:00,2020-02-13 12:00:00,122699.75776314554,0.8793536033916751,288.97464962898334,0.03288815410713666
44,"(1, 1, 1, 1, 48, 0, 0)",2688,True,2020-02-14,31527.591357606954,9197.97,9448.240167919874,10773.845920223783,8122.634415615965,2020-02-14 04:30:00,2020-02-14 04:30:00,8526.99,8720.3210203032,9851.417535574508,7589.224505031891,2020-02-14 09:00:00,2020-02-14 12:00:00,73277.85249590832,0.8803607664071234,208.64842971773314,0.025015057758614984
45,"(1, 1, 1, 1, 48, 0, 0)",2688,True,2020-02-15,31527.87333543249,8881.07,9277.45941455767,10579.440153712221,7975.478675403118,2020-02-15 05:30:00,2020-02-15 04:30:00,7593.58,8453.948721063007,9571.538532714112,7345.681167455874,2020-02-15 12:00:00,2020-02-15 12:00:00,322718.81844411994,0.4590324933217085,461.08526391512925,0.06110476943086177
46,"(1, 1, 1, 1, 48, 0, 0)",2688,True,2020-02-16,31475.804071747112,8594.98,8785.462171807992,10107.366574108863,7463.5577695071215,2020-02-16 05:00:00,2020-02-16 04:30:00,7416.78,8086.502870456738,9212.405147147607,6972.202826386716,2020-02-16 12:00:00,2020-02-16 12:00:00,216932.58518563607,0.6436266518492573,358.45356205112563,0.04965486485253943
47,"(1, 1, 1, 1, 48, 0, 0)",2688,True,2020-02-17,31491.376580053267,9255.9,8806.987572404434,10155.7436936812,7485.089490372205,2020-02-17 04:30:00,2020-02-17 04:30:00,8960.3,8070.410979988161,9152.569477813422,7045.736334962868,2020-02-17 11:00:00,2020-02-17 11:00:00,313674.4597089766,0.671750055005998,503.34119536497275,0.059937919446626874
48,"(1, 1, 1, 1, 48, 0, 0)",2688,True,2020-02-18,31483.717456122064,11079.33,9783.879182739325,11120.727582701627,8451.571389067623,2020-02-18 04:00:00,2020-02-18 04:30:00,8995.53,8727.792642022934,9861.136370622697,7594.448913423172,2020-02-18 12:00:00,2020-02-18 12:00:00,448424.72884452273,0.7898901137637145,480.36961584634946,0.048799012585198594
49,"(1, 1, 1, 1, 48, 0, 0)",2688,True,2020-02-19,31569.77943471351,9104.13,9550.30518854349,10800.72365663302,8299.886720453962,2020-02-19 05:30:00,2020-02-19 04:30:00,8023.3,8424.24820173877,9511.841747780958,7336.654655696581,2020-02-19 07:30:00,2020-02-19 12:00:00,156072.55738313263,0.7780887838811452,311.5626836401071,0.038446180302961534
50,"(1, 1, 1, 1, 48, 0, 0)",2688,True,2020-02-20,31541.311783136003,8722.59,8881.693587556305,10179.821280679977,7583.565894432633,2020-02-20 05:30:00,2020-02-20 04:30:00,7923.32,7875.922682458881,8990.841583527797,6790.1787429269625,2020-02-20 07:00:00,2020-02-20 12:00:00,148838.7523718632,0.6758521175459159,314.399798378065,0.042842226682293566
51,"(1, 1, 1, 1, 48, 0, 0)",2688,True,2020-02-21,31561.651192905472,8413.87,9056.14195775543,10294.866658088413,7817.762007761379,2020-02-21 04:00:00,2020-02-21 05:00:00,8156.79,8104.038669116457,9174.445473560445,7128.842467560854,2020-02-21 07:30:00,2020-02-21 12:00:00,92819.13612685217,0.7819241101569441,223.75651001895918,0.027966992077836834
52,"(1, 1, 1, 1, 48, 0, 0)",2688,True,2020-02-22,31577.31320105994,7801.96,8592.616672246586,9793.401418538571,7394.961248909665,2020-02-22 06:30:00,2020-02-22 04:30:00,7459.01,7778.468493103146,8831.394501742134,6882.955949994135,2020-02-22 09:30:00,2020-02-22 12:00:00,307924.9433729448,-0.18169761818400554,465.0280607713525,0.0638475641199538
53,"(1, 1, 1, 1, 48, 0, 0)",2688,True,2020-02-23,31583.32258874756,8139.82,8563.38266090958,9743.562294534102,7383.203027285058,2020-02-23 07:00:00,2020-02-23 04:30:00,7230.13,7669.5022761285345,8670.10846867129,6713.053977752061,2020-02-23 12:00:00,2020-02-23 10:00:00,199855.10340359304,0.48544243011721644,365.86346112768615,0.050984749676202805
54,"(1, 1, 1, 1, 48, 0, 0)",2688,True,2020-02-24,31600.32882028141,9418.22,8904.312062498322,10103.159251117264,7709.463309258562,2020-02-24 04:30:00,2020-02-24 05:30:00,8379.59,8112.622746617716,9153.403645600349,7071.8418476350835,2020-02-24 08:30:00,2020-02-24 12:00:00,126526.48625234974,0.8714882696672068,313.64794757007746,0.037539155533799974
55,"(1, 1, 1, 1, 48, 0, 0)",2688,True,2020-02-25,31622.05108969207,10252.21,9860.012299053336,11216.73245423329,8503.292143873383,2020-02-25 04:30:00,2020-02-25 04:30:00,8575.2,8656.880792188751,9811.883619176393,7501.877965201109,2020-02-25 12:00:00,2020-02-25 12:00:00,31588.965503848656,0.9749382323756263,142.9022873213989,0.016519706656503153
56,"(1, 1, 1, 1, 48, 0, 0)",2688,True,2020-02-26,31530.648006405467,10196.1,9460.374993285064,10650.44085773535,8270.309128834779,2020-02-26 04:30:00,2020-02-26 05:30:00,9456.92,8566.444769812799,9595.702553626059,7537.186985999538,2020-02-26 12:00:00,2020-02-26 12:00:00,208615.34021096866,0.846843939132794,368.9755802197895,0.04108761787583914
57,"(1, 1, 1, 1, 48, 0, 0)",2688,True,2020-02-27,31546.14029112383,9024.06,9109.461092608919,10294.797765411673,7935.085925499586,2020-02-27 05:30:00,2020-02-27 05:00:00,8296.81,8147.782197696369,9146.497367410935,7273.12777125905,2020-02-27 07:30:00,2020-02-27 08:30:00,39805.90565410262,0.9293679260010531,152.0616871259845,0.01941924102337815
58,"(1, 1, 1, 1, 48, 0, 0)",2688,True,2020-02-28,31558.237978919355,8559.55,9058.847512009477,10222.704294677307,7894.990729341647,2020-02-28 04:30:00,2020-02-28 04:30:00,8030.79,8173.677964260888,9201.37764380668,7145.978284715096,2020-02-28 07:00:00,2020-02-28 12:00:00,184362.17165723376,0.5334221175721661,354.80433011443193,0.04557980893454424
59,"(1, 1, 1, 1, 48, 0, 0)",2688,True,2020-02-29,31580.841948236357,8329.8,8903.580541409805,10091.787543663379,7724.488764336011,2020-02-29 06:00:00,2020-02-29 05:30:00,7253.97,7941.474941260474,8970.784426535727,7076.838934478674,2020-02-29 08:30:00,2020-02-29 12:00:00,376642.3531795571,0.059606469055640376,520.1998509009219,0.07135977821566926
60,"(1, 1, 1, 1, 48, 0, 0)",2688,True,2020-03-01,31457.07103696286,9781.28,8932.180597262386,10093.652328831842,7770.70886569293,2020-03-01 05:30:00,2020-03-01 05:30:00,7047.34,7796.400096466152,8799.107946951277,6900.068705376544,2020-03-01 12:00:00,2020-03-01 12:00:00,312735.05734377255,0.7725385533004381,449.66464730694855,0.060184272025397494
61,"(1, 1, 1, 1, 48, 0, 0)",2688,True,2020-03-02,31466.676551497967,11344.04,9198.156853182794,10362.138095879445,8039.212313200377,2020-03-02 03:00:00,2020-03-02 05:30:00,9412.32,8040.008382756323,9045.410334707138,7034.606430805508,2020-03-02 12:00:00,2020-03-02 12:00:00,1265338.5078538123,0.47928809778562065,857.5094873821614,0.08878637447510135
62,"(1, 1, 1, 1, 48, 0, 0)",2688,True,2020-03-03,31500.51871194512,8786.32,9053.651644374277,10205.492638815545,7901.810649933007,2020-03-03 04:30:00,2020-03-03 04:30:00,8623.18,8089.224664423365,9063.658501600563,7247.622271899231,2020-03-03 10:00:00,2020-03-03 08:30:00,88965.25413763984,0.857954423609909,238.54901364536008,0.0285909738403822
63,"(1, 1, 1, 1, 48, 0, 0)",2688,True,2020-03-04,31494.3613371981,8827.24,9203.364765392258,10356.554920897383,8050.1746098871345,2020-03-04 04:30:00,2020-03-04 04:30:00,8803.05,8279.356962925876,9294.54444150508,7264.169484346673,2020-03-04 09:30:00,2020-03-04 12:00:00,108528.65417357332,0.8605730355622081,264.8817360674725,0.03159128364039329
64,"(1, 1, 1, 1, 48, 0, 0)",2688,True,2020-03-05,31503.116880246384,8986.57,8695.365629646078,9880.185718966235,7533.842381918815,2020-03-05 04:30:00,2020-03-05 05:30:00,9021.99,8181.338967102537,9070.587692009898,7323.306065135076,2020-03-05 10:00:00,2020-03-05 08:30:00,217561.18881241826,0.7396313086737555,364.7827290300841,0.042683978894604756
65,"(1, 1, 1, 1, 48, 0, 0)",2688,True,2020-03-06,31524.553543541402,8680.04,9176.978063636818,10371.996698891739,7981.959428381897,2020-03-06 04:30:00,2020-03-06 04:30:00,8581.29,8238.081082582685,9280.986837365217,7283.319320151143,2020-03-06 12:00:00,2020-03-06 12:00:00,84831.9089264514,0.8673230507620009,258.06977517012706,0.032188597772125106
66,"(1, 1, 1, 1, 48, 0, 0)",2688,True,2020-03-07,31504.587198988567,7680.05,8613.46796841923,9776.068871258542,7450.867065579919,2020-03-07 06:30:00,2020-03-07 04:30:00,7374.46,7830.950712670689,8816.589262132757,6916.420197402462,2020-03-07 08:30:00,2020-03-07 11:00:00,497896.22266561346,-1.335146368231201,605.2000141963241,0.08577632022025462
67,"(1, 1, 1, 1, 48, 0, 0)",2688,True,2020-03-08,31504.518219972368,7691.79,8484.423353073038,9660.893293912986,7307.953412233091,2020-03-08 07:00:00,2020-03-08 05:30:00,6835.26,7347.086400846083,8360.663802094772,6435.3670188261885,2020-03-08 08:30:00,2020-03-08 12:00:00,432520.123310936,-0.45594376115413504,550.9357007902453,0.08077260385401369
68,"(1, 1, 1, 1, 48, 0, 0)",2688,True,2020-03-09,31508.911877998205,8220.92,8516.915341756885,9672.847457321808,7360.983226191962,2020-03-09 05:30:00,2020-03-09 04:30:00,7824.63,7610.931476968361,8626.325479320807,6595.537474615915,2020-03-09 08:00:00,2020-03-09 12:00:00,125005.00224444643,0.7542992312371936,296.5542892317602,0.040889924350656616
69,"(1, 1, 1, 1, 48, 0, 0)",2688,True,2020-03-10,31525.456424962653,8392.67,8477.684707175016,9633.478646437263,7321.89076791277,2020-03-10 06:30:00,2020-03-10 04:30:00,8018.88,7843.122178603932,8794.298633741622,6957.985624105452,2020-03-10 07:00:00,2020-03-10 08:30:00,65213.44649570798,0.853792619524727,197.67094393004894,0.026266535576465574
70,"(1, 1, 1, 1, 48, 0, 0)",2688,True,2020-03-11,31531.59049806405,8509.13,8555.335603247739,9735.257751273339,7383.191937724293,2020-03-11 06:30:00,2020-03-11 05:30:00,8022.3,7974.219952664635,8916.97004419268,7046.737703502063,2020-03-11 07:00:00,2020-03-11 09:30:00,111565.3471037185,0.7485020798126848,264.5076697686952,0.03562060949509058
71,"(1, 1, 1, 1, 48, 0, 0)",2688,True,2020-03-12,31548.05050853237,8631.93,8679.026807574408,9869.364242800239,7495.9640986233,2020-03-12 06:30:00,2020-03-12 05:30:00,8088.63,8027.475925227356,8965.684820262977,7135.515181742413,2020-03-12 07:00:00,2020-03-12 08:30:00,79633.1149177832,0.8304184838874705,203.3895488070855,0.026794873620373222
72,"(1, 1, 1, 1, 48, 0, 0)",2688,True,2020-03-13,31522.00220230199,8295.05,8615.11758886516,9802.266414500802,7427.968763229518,2020-03-13 05:30:00,2020-03-13 05:30:00,7990.7,7784.010658248068,8805.0946707356,6986.780654583019,2020-03-13 07:00:00,2020-03-13 12:00:00,127234.10748393876,0.6655505563626642,276.9805252365305,0.03711916011729557
73,"(1, 1, 1, 1, 48, 0, 0)",2688,True,2020-03-14,31495.02553270104,7705.42,7656.191332471995,8856.355929215599,6456.026735728393,2020-03-14 06:00:00,2020-03-14 06:30:00,7392.01,7635.618919016187,8483.083456045868,6880.5145936425315,2020-03-14 08:30:00,2020-03-14 07:30:00,64836.17274391316,0.7579159973433682,166.74713429401098,0.024486056986017007
74,"(1, 1, 1, 1, 48, 0, 0)",2688,True,2020-03-15,31487.08714742879,7939.49,7896.126576008617,9103.954300724594,6688.29885129264,2020-03-15 06:30:00,2020-03-15 06:30:00,6758.86,7284.491699767779,8167.431727231466,6508.24352087894,2020-03-15 08:30:00,2020-03-15 08:30:00,167768.4987659907,0.5400665373120285,330.17026059668024,0.05111460243281574
75,"(1, 1, 1, 1, 48, 0, 0)",2688,True,2020-03-16,31464.19384086376,8476.08,7974.331789589707,9159.55509740808,6789.108481771335,2020-03-16 06:30:00,2020-03-16 06:30:00,8083.1,7392.199184021229,8226.934872708667,6563.891494384387,2020-03-16 07:30:00,2020-03-16 07:30:00,143525.51055728624,0.7364626546725781,333.6134788061142,0.04405773655582872
76,"(1, 1, 1, 1, 48, 0, 0)",2688,True,2020-03-17,31415.829056750244,8458.57,8472.30073435671,9649.18870675163,7295.412761961788,2020-03-17 06:30:00,2020-03-17 05:30:00,8088.07,7858.835979771566,8688.468890797254,7043.141573325236,2020-03-17 07:00:00,2020-03-17 07:30:00,18570.62311933784,0.9553832611461555,114.79520012073407,0.015935022952157447
77,"(1, 1, 1, 1, 48, 0, 0)",2688,True,2020-03-18,31395.081673672652,8498.9,8680.037316180624,9848.207299745318,7515.4635331930585,2020-03-18 05:30:00,2020-03-18 05:30:00,7991.83,7765.721998508627,8590.159451824698,7025.919110679534,2020-03-18 07:00:00,2020-03-18 07:30:00,97131.1958449327,0.7703197803360844,258.0165424852058,0.03545536819211062
78,"(1, 1, 1, 1, 48, 0, 0)",2688,True,2020-03-19,31380.870552910234,9539.15,8612.668113839947,9775.125783336709,7461.28764124746,2020-03-19 05:30:00,2020-03-19 05:30:00,7922.25,7701.174130656738,8520.543779128879,6932.696994960476,2020-03-19 07:00:00,2020-03-19 07:30:00,204120.87592552803,0.7864584174716914,316.71277361215493,0.037379367886374006
79,"(1, 1, 1, 1, 48, 0, 0)",2688,True,2020-03-20,31288.810591011093,10226.72,8754.744117723449,9879.71282530418,7629.775410142718,2020-03-20 04:30:00,2020-03-20 05:30:00,7942.66,7809.683217038264,8612.673228070946,7024.461066649381,2020-03-20 12:00:00,2020-03-20 07:30:00,625153.4746832371,0.5592248317433841,548.0753917941098,0.06095422051049609
80,"(1, 1, 1, 1, 48, 0, 0)",2688,True,2020-03-21,31280.31101548349,8131.27,8562.862923413759,9672.817213124417,7452.9086337031,2020-03-21 06:30:00,2020-03-21 05:30:00,7276.97,7658.4481138217125,8492.541485427006,7136.07901187175,2020-03-21 00:00:00,2020-03-21 07:30:00,246584.22047610467,0.11879198254215961,437.17513787539633,0.061934005436613516
81,"(1, 1, 1, 1, 48, 0, 0)",2688,True,2020-03-22,31279.206796698152,8287.98,8328.07981966651,9441.616354774393,7214.7645492728025,2020-03-22 05:30:00,2020-03-22 05:30:00,6715.46,7142.412596454347,7941.405835989199,6559.405818399234,2020-03-22 00:00:00,2020-03-22 07:30:00,109878.16109452701,0.7888783343932406,254.343210915804,0.03884178561679622
82,"(1, 1, 1, 1, 48, 0, 0)",2688,True,2020-03-23,31251.696952758906,8224.17,8187.006830218809,9293.301949433437,7080.711711004183,2020-03-23 05:30:00,2020-03-23 05:30:00,7902.6,7353.598709771314,8147.808198922454,6569.089798653382,2020-03-23 07:30:00,2020-03-23 07:30:00,112853.76214388192,0.7469628284442005,255.33570573392112,0.03460406612193642
83,"(1, 1, 1, 1, 48, 0, 0)",2688,True,2020-03-24,31216.49923264379,8389.77,8351.743081516459,9640.044970020206,7063.441193012712,2020-03-24 05:30:00,2020-03-24 05:30:00,7866.73,7587.797901607073,8430.23977162146,6789.149279518495,2020-03-24 08:30:00,2020-03-24 07:00:00,45665.03084542352,0.893657448364326,149.68240505100513,0.019722034248037895
84,"(1, 1, 1, 1, 48, 0, 0)",2688,True,2020-03-25,30980.37445880198,8347.31,8149.820404836963,9259.842145820192,7054.997987912164,2020-03-25 04:30:00,2020-03-25 05:30:00,7689.16,7534.3768982764295,8309.722942080003,6759.030854472856,2020-03-25 10:00:00,2020-03-25 07:30:00,58603.399435195875,0.8654907145707696,192.54090428888034,0.02543240621353923
85,"(1, 1, 1, 1, 48, 0, 0)",2688,True,2020-03-26,30990.23305334066,8322.77,8537.632560840946,9657.017318430377,7418.2478032515155,2020-03-26 06:00:00,2020-03-26 05:30:00,7895.12,7822.288538817101,8606.016752897685,7038.560324736516,2020-03-26 08:30:00,2020-03-26 07:30:00,41097.44392403453,0.9013037136254379,172.37042587875328,0.023597138886382502
86,"(1, 1, 1, 1, 48, 0, 0)",2688,True,2020-03-27,30962.510718224465,7959.54,8850.722963843713,9970.398096433786,7731.047831253639,2020-03-27 06:00:00,2020-03-27 05:30:00,7607.87,7720.662523651985,8508.317821989809,6969.104079620605,2020-03-27 08:00:00,2020-03-27 07:30:00,296548.7351679572,-0.10644904087627993,428.00667374377736,0.05908822485741196
87,"(1, 1, 1, 1, 48, 0, 0)",2688,True,2020-03-28,30795.49196377541,7840.03,8119.480839967606,9224.003408088603,7014.958271846608,2020-03-28 06:00:00,2020-03-28 05:30:00,6877.91,7318.51445096999,8155.495609019175,6802.936929391928,2020-03-28 00:00:00,2020-03-28 08:30:00,278943.1729247419,0.005490768821465264,466.70033902093684,0.07042466112417732
88,"(1, 1, 1, 1, 48, 0, 0)",2688,True,2020-03-29,30607.39308963571,7956.25,8055.452062180314,9075.858561697136,7044.943148209157,2020-03-29 06:00:00,2020-03-29 05:30:00,6656.38,7065.515610113292,7808.732720848036,6484.513375551147,2020-03-29 09:30:00,2020-03-29 08:00:00,124536.70069453644,0.6861398817851456,295.0084341344289,0.04558906271135843
89,"(1, 1, 1, 1, 48, 0, 0)",2688,True,2020-03-30,30491.53786143102,8317.5,7856.957708423269,8774.497909105185,6939.417507741353,2020-03-30 05:30:00,2020-03-30 06:00:00,7853.23,7297.059294913007,7995.844747588415,6613.216060816192,2020-03-30 08:30:00,2020-03-30 08:00:00,172304.55521997248,0.6804770691553228,378.6081941331402,0.0509436474056447
90,"(1, 1, 1, 1, 48, 0, 0)",2688,True,2020-03-31,30404.115980819344,8523.36,8357.174549881329,9236.5850062493,7477.764093513359,2020-03-31 05:30:00,2020-03-31 05:30:00,7533.12,7481.497496746972,8160.520803160504,6875.227068127095,2020-03-31 08:00:00,2020-03-31 08:30:00,15826.53732540424,0.963452775382122,92.99300520447053,0.013160819924189457
91,"(1, 1, 1, 1, 48, 0, 0)",2688,True,2020-04-01,30388.11437611168,8324.82,8379.971914557835,9259.130281813017,7500.813547302652,2020-04-01 05:30:00,2020-04-01 06:00:00,7615.68,7688.594076433704,8363.368752733888,7054.12367054168,2020-04-01 08:00:00,2020-04-01 08:30:00,13143.998616672246,0.966795922396926,96.02201245535316,0.013853830126507179
92,"(1, 1, 1, 1, 48, 0, 0)",2688,True,2020-04-02,30391.681274505765,8398.97,8303.139361197746,9175.904074161243,7430.3746482342485,2020-04-02 05:00:00,2020-04-02 05:30:00,7936.57,7606.232583768964,8280.991540940639,6946.653581359443,2020-04-02 08:00:00,2020-04-02 08:00:00,62532.86538479322,0.8743078058809715,180.21683732011812,0.02330745495912349
93,"(1, 1, 1, 1, 48, 0, 0)",2688,True,2020-04-03,30410.35836016027,8414.49,8164.453120436735,9040.767767687306,7288.1384731861635,2020-04-03 05:30:00,2020-04-03 05:30:00,7815.69,7550.158647056194,8211.391318537884,6888.925975574505,2020-04-03 12:00:00,2020-04-03 08:00:00,51462.71061850429,0.8993771154793228,181.58561160778666,0.024281392934590362
94,"(1, 1, 1, 1, 48, 0, 0)",2688,True,2020-04-04,30388.055559417993,7730.94,8306.61823348042,9178.425041058264,7434.811425902575,2020-04-04 06:00:00,2020-04-04 05:30:00,7098.92,7459.941348186187,8132.690708071809,6944.907753245002,2020-04-04 00:00:00,2020-04-04 08:30:00,454687.1140450843,-0.860206211908028,598.4734015492494,0.09126483190663952
95,"(1, 1, 1, 1, 48, 0, 0)",2688,True,2020-04-05,30342.607871866076,8088.95,7867.873718512106,8719.601981444417,7016.145455579796,2020-04-05 06:00:00,2020-04-05 06:00:00,6324.7,6614.977407696405,7272.977524874934,6148.721640876535,2020-04-05 00:00:00,2020-04-05 08:30:00,205832.91381158843,0.6222463162545192,357.3040219364481,0.059638377487839296
96,"(1, 1, 1, 1, 48, 0, 0)",2688,True,2020-04-06,30370.369955787723,8725.82,8141.959770557678,8972.47139799605,7311.448143119305,2020-04-06 06:00:00,2020-04-06 06:00:00,7061.67,7153.197284404262,7796.7152162182665,6516.8677339485575,2020-04-06 08:30:00,2020-04-06 08:00:00,62617.65957258589,0.8946615380869946,196.71672752816275,0.02741265917911361
97,"(1, 1, 1, 1, 48, 0, 0)",2688,True,2020-04-07,30392.697599333635,8723.16,8330.291093225795,9152.95615835832,7507.626028093269,2020-04-07 06:00:00,2020-04-07 06:00:00,7367.35,7489.9553547020605,8127.92801008444,7002.77692793259,2020-04-07 08:30:00,2020-04-07 08:00:00,44128.5983921497,0.8923609133940592,174.85136815797378,0.024697628691451354
98,"(1, 1, 1, 1, 48, 0, 0)",2688,True,2020-04-08,30417.694182954026,8639.7,8283.26143818808,9106.048369072852,7460.4745073033055,2020-04-08 06:00:00,2020-04-08 06:00:00,7432.41,7586.898338517933,8237.859688135268,7083.859490086673,2020-04-08 12:00:00,2020-04-08 08:30:00,50039.56208961396,0.8873764633288443,173.41443409224487,0.02479136853341793
99,"(1, 1, 1, 1, 48, 0, 0)",2688,True,2020-04-09,30435.62560136022,8536.62,8443.915863448314,9266.67448825028,7621.157238646347,2020-04-09 06:00:00,2020-04-09 06:00:00,7376.72,7600.729234960811,8238.828371934153,7055.002047563552,2020-04-09 08:30:00,2020-04-09 08:00:00,38119.57463790887,0.9047938535558616,171.20800484823062,0.02459373263777742
100,"(1, 1, 1, 1, 48, 0, 0)",2688,True,2020-04-10,30439.828138881716,8115.61,8347.78172463419,9164.680395946501,7530.883053321878,2020-04-10 06:00:00,2020-04-10 06:00:00,7201.84,7542.572196102083,8208.248408535279,7067.308120922455,2020-04-10 00:00:00,2020-04-10 08:30:00,331643.6342703866,0.07277733465610137,473.92835902853926,0.07209365371376432
101,"(1, 1, 1, 1, 48, 0, 0)",2688,True,2020-04-11,30489.74816328478,8093.91,8218.177024526678,9043.450678264695,7392.903370788661,2020-04-11 06:00:00,2020-04-11 06:00:00,6881.91,6908.515992329542,7370.720959834465,6773.157993196984,2020-04-11 00:00:00,2020-04-11 00:00:00,198161.51859061778,0.6428842038447566,360.98541598209454,0.06040504014053253
102,"(1, 1, 1, 1, 48, 0, 0)",2688,True,2020-04-12,30478.451632881308,8122.55,8293.148771150607,9118.68451122018,7467.613031081032,2020-04-12 06:00:00,2020-04-12 06:00:00,6729.58,6800.518634606204,6983.527093680811,6665.441832055356,2020-04-12 00:00:00,2020-04-12 00:00:00,129253.25612245213,0.7727751003658775,280.4770392516754,0.04689611662290877
103,"(1, 1, 1, 1, 48, 0, 0)",2688,True,2020-04-13,30458.89175789469,8237.26,8395.154921197538,9220.586484307041,7569.723358088035,2020-04-13 06:00:00,2020-04-13 06:00:00,6776.14,6780.744457818418,7141.485764544385,6646.244735452876,2020-04-13 00:00:00,2020-04-13 00:00:00,93032.57503201115,0.8218159188757661,230.96523966250507,0.03726974728850475
104,"(1, 1, 1, 1, 48, 0, 0)",2688,True,2020-04-14,30446.865440210622,8753.41,8391.469213157143,9213.792639356878,7569.145786957409,2020-04-14 06:00:00,2020-04-14 06:00:00,7078.4,6978.651733730915,7137.325304574661,6844.383281064736,2020-04-14 08:00:00,2020-04-14 00:00:00,81163.16297262418,0.8474844053239176,233.21995178044264,0.032976426444947006
105,"(1, 1, 1, 1, 48, 0, 0)",2688,True,2020-04-15,30351.808826828794,8805.66,8509.560482830995,9299.876727894536,7719.244237767454,2020-04-15 06:00:00,2020-04-15 06:00:00,7188.45,7171.271674473252,7401.1727393756,7039.345481419827,2020-04-15 00:00:00,2020-04-15 00:00:00,49008.12545894691,0.9041716334677286,166.52770582954008,0.022849624570475503
106,"(1, 1, 1, 1, 48, 0, 0)",2688,True,2020-04-16,30322.42696126994,8675.58,8426.590821615273,9215.892977107384,7637.288666123162,2020-04-16 06:00:00,2020-04-16 06:00:00,7213.45,7151.579602435113,7596.963147277037,7020.355649498185,2020-04-16 09:30:00,2020-04-16 00:00:00,78367.96918473903,0.8253437539016679,226.59249676224078,0.031088279779498126
107,"(1, 1, 1, 1, 48, 0, 0)",2688,True,2020-04-17,30292.37949965261,8478.38,8502.225068915177,9284.72396808928,7719.726169741073,2020-04-17 06:00:00,2020-04-17 06:00:00,7254.58,7215.167656850649,7361.074344151873,7084.711660788828,2020-04-17 00:00:00,2020-04-17 00:00:00,12527.533231752117,0.967624820170408,89.51103857057285,0.013041260702839055
108,"(1, 1, 1, 1, 48, 0, 0)",2688,True,2020-04-18,30279.07429375321,8132.82,8358.700938973489,9141.517786154893,7575.884091792085,2020-04-18 06:00:00,2020-04-18 06:00:00,7096.27,7070.850807446259,7200.98521543769,6940.716399454827,2020-04-18 00:00:00,2020-04-18 00:00:00,42394.296586255514,0.9033599335850443,168.9688825496948,0.02598393348774398
109,"(1, 1, 1, 1, 48, 0, 0)",2688,True,2020-04-19,30264.83754227391,8267.96,8233.42565629885,9011.016728187196,7455.834584410505,2020-04-19 06:00:00,2020-04-19 06:00:00,6862.94,6879.262755394259,7041.029315726783,6749.568381879954,2020-04-19 00:00:00,2020-04-19 00:00:00,21500.838529711542,0.9589953669360433,115.32048639183903,0.018590816496676724
110,"(1, 1, 1, 1, 48, 0, 0)",2688,True,2020-04-20,30210.569609274997,8868.11,8167.136319481884,8930.512925384703,7403.759713579066,2020-04-20 06:00:00,2020-04-20 06:00:00,7450.86,6871.397388308726,7134.477605742793,6743.1118347645515,2020-04-20 09:00:00,2020-04-20 00:00:00,395210.97052613646,0.3309078233195507,536.9489477973207,0.07256748215423783
111,"(1, 1, 1, 1, 48, 0, 0)",2688,True,2020-04-21,30223.75043529319,8685.43,8791.925479355119,9561.816970012236,8022.033988698002,2020-04-21 06:00:00,2020-04-21 06:00:00,7362.42,7345.886066439755,7782.566067907476,7217.308143044103,2020-04-21 00:00:00,2020-04-21 00:00:00,16286.681765443589,0.9627210673810684,111.37384033810145,0.016212200852203887
112,"(1, 1, 1, 1, 48, 0, 0)",2688,True,2020-04-22,30209.21853026198,8632.97,8672.578839097067,9438.651871668755,7906.505806525379,2020-04-22 06:00:00,2020-04-22 06:00:00,7202.22,7202.771436025205,7541.514382079179,7074.54730116655,2020-04-22 00:00:00,2020-04-22 00:00:00,10203.661064498852,0.9782078652625271,81.61076615602059,0.011590121170899187
113,"(1, 1, 1, 1, 48, 0, 0)",2688,True,2020-04-23,30157.398397937057,8756.95,8659.061122741401,9409.410084018657,7908.712161464145,2020-04-23 06:00:00,2020-04-23 06:00:00,7287.59,7263.224166627106,7695.950762484652,7136.20147428633,2020-04-23 00:00:00,2020-04-23 00:00:00,12855.178035106632,0.9720265041106683,85.0454073886183,0.012289100001407953
114,"(1, 1, 1, 1, 48, 0, 0)",2688,True,2020-04-24,30152.717848325705,8492.38,8555.906777636916,9307.12795324631,7804.685602027522,2020-04-24 06:00:00,2020-04-24 06:00:00,7238.05,7176.298957594929,7525.928411303824,7049.407720553728,2020-04-24 00:00:00,2020-04-24 00:00:00,17929.681214921377,0.9548607600246747,112.43386435404416,0.016042820332855857
115,"(1, 1, 1, 1, 48, 0, 0)",2688,True,2020-04-25,30122.952620888875,8071.34,8429.945501709803,9180.397552018609,7679.4934514009965,2020-04-25 06:00:00,2020-04-25 06:00:00,7174.63,7160.826658246451,7429.188108704121,7034.583248156775,2020-04-25 00:00:00,2020-04-25 00:00:00,172470.35604908885,0.613452638135886,372.01542761541003,0.05873433644171363
116,"(1, 1, 1, 1, 48, 0, 0)",2688,True,2020-04-26,30090.399568964447,8191.68,8126.355011727792,8872.797771503845,7379.912251951738,2020-04-26 06:00:00,2020-04-26 06:00:00,6679.46,6703.526283201233,6948.335893829319,6578.060607148741,2020-04-26 00:00:00,2020-04-26 00:00:00,57003.65055787459,0.897440338851406,179.78657276029253,0.02811407685574033
117,"(1, 1, 1, 1, 48, 0, 0)",2688,True,2020-04-27,30025.97934074658,8876.89,8215.094071634983,8949.318973478752,7480.869169791214,2020-04-27 06:00:00,2020-04-27 06:00:00,7311.55,6748.324586549982,7343.940266670179,6607.048080510884,2020-04-27 08:30:00,2020-04-27 09:00:00,238883.10783466217,0.619731754379615,442.07816392724044,0.05981291279473424
118,"(1, 1, 1, 1, 48, 0, 0)",2688,True,2020-04-28,29804.425421175543,8769.32,8614.933073934373,9294.773664045539,7935.092483823209,2020-04-28 06:00:00,2020-04-28 06:00:00,7380.54,7290.124629214022,7658.894339907258,7171.312524056444,2020-04-28 09:00:00,2020-04-28 00:00:00,35885.582781996374,0.9213425900049615,149.17962846794066,0.020798244030133597
119,"(1, 1, 1, 1, 48, 0, 0)",2688,True,2020-04-29,29810.59215767028,8852.97,8587.279940293804,9268.168633835161,7906.391246752446,2020-04-29 05:30:00,2020-04-29 06:00:00,7504.21,7159.839826733323,7581.716033226799,7040.923632123592,2020-04-29 09:00:00,2020-04-29 00:00:00,125170.74941979871,0.7745954111216556,263.9565734103788,0.03522603542017714
120,"(1, 1, 1, 1, 48, 0, 0)",2688,True,2020-04-30,29823.275925462916,9471.04,8654.155043932507,9339.072283262987,7969.359554097405,2020-04-30 05:30:00,2020-04-30 06:00:00,8244.03,7468.303986056175,8025.642342328255,7083.183099344308,2020-04-30 11:30:00,2020-04-30 09:00:00,368595.522827782,0.5855893167117252,503.95958125967746,0.060884783312667
121,"(1, 1, 1, 1, 48, 0, 0)",2688,True,2020-05-01,29850.85345991074,9826.56,9267.750002622553,9953.19115406646,8582.308851178646,2020-05-01 06:00:00,2020-05-01 05:30:00,8008.42,7810.309088003918,8340.95253364695,7690.474023339802,2020-05-01 08:30:00,2020-05-01 00:00:00,127508.54070311302,0.8579525835988965,313.8087142288535,0.04061673590228606
122,"(1, 1, 1, 1, 48, 0, 0)",2688,True,2020-05-02,29972.570927808843,9186.82,9234.04885717847,9923.61754875382,8544.48016560312,2020-05-02 06:00:00,2020-05-02 06:00:00,7830.59,7837.933250217393,8138.524721004927,7719.024616670147,2020-05-02 00:00:00,2020-05-02 00:00:00,210891.6278209382,0.7161245183451231,373.6495505716839,0.055407792942036564
123,"(1, 1, 1, 1, 48, 0, 0)",2688,True,2020-05-03,29973.110730310484,9080.3,9130.428689325556,9822.411989093873,8438.445389557239,2020-05-03 06:00:00,2020-05-03 06:00:00,7389.51,7411.457570847722,7867.2131665871575,7292.343580808063,2020-05-03 00:00:00,2020-05-03 00:00:00,269544.9857234745,0.6959492985847067,387.4460013029668,0.05930247908668643
124,"(1, 1, 1, 1, 48, 0, 0)",2688,True,2020-05-04,29858.27281773184,9823.34,9229.66487018883,10154.094469372165,8305.235271005495,2020-05-04 06:00:00,2020-05-04 06:00:00,8481.01,7467.347325151202,8119.750571080857,7254.668044891285,2020-05-04 08:30:00,2020-05-04 09:00:00,214764.88716648906,0.776764942696923,345.63415378262624,0.042349492029128306
125,"(1, 1, 1, 1, 48, 0, 0)",2688,True,2020-05-05,29894.51835509727,9513.53,9574.649199435284,10503.840247741478,8645.458151129089,2020-05-05 06:00:00,2020-05-05 06:00:00,8373.39,8136.4307544322255,8794.16014330175,7633.86436132613,2020-05-05 08:30:00,2020-05-05 09:00:00,32876.857611928535,0.9502970273456991,151.87610143904698,0.02004395373948031
126,"(1, 1, 1, 1, 48, 0, 0)",2688,True,2020-05-06,29910.789321608692,9291.21,9484.823459303278,10421.925794008263,8547.721124598293,2020-05-06 06:00:00,2020-05-06 06:00:00,8242.58,8014.842566096815,8659.096490017424,7525.161207321442,2020-05-06 08:30:00,2020-05-06 08:30:00,35501.27367812494,0.9440800267432485,157.71091010162772,0.020639013990912777
127,"(1, 1, 1, 1, 48, 0, 0)",2688,True,2020-05-07,30015.968067268182,9144.39,9485.04927202635,10167.314467868238,8802.784076184462,2020-05-07 05:30:00,2020-05-07 06:00:00,8350.05,8229.765978178213,8780.501251097414,7679.030705259012,2020-05-07 08:30:00,2020-05-07 08:30:00,50940.03476537193,0.9004293042937388,175.01146552662703,0.022428281542907408
128,"(1, 1, 1, 1, 48, 0, 0)",2688,True,2020-05-08,29905.659808914508,8651.19,9214.691707091511,10152.554630555065,8276.828783627958,2020-05-08 05:30:00,2020-05-08 06:00:00,7631.69,7885.454312041247,8530.543212415514,7333.00701988983,2020-05-08 08:00:00,2020-05-08 08:30:00,79011.68944654473,0.8108002558324148,202.452620121615,0.026757425612629716
129,"(1, 1, 1, 1, 48, 0, 0)",2688,True,2020-05-09,29900.993343178303,8345.99,8468.48975819696,9364.438578859203,7572.540937534716,2020-05-09 06:00:00,2020-05-09 06:00:00,7325.8,7245.56192223335,7878.246264027065,7122.837023654011,2020-05-09 00:00:00,2020-05-09 08:30:00,62239.12482096967,0.847101123368472,200.77380828192102,0.02989261397506833
130,"(1, 1, 1, 1, 48, 0, 0)",2688,True,2020-05-10,29928.480538063744,9079.5,8370.59412639887,9278.627159905494,7462.561092892246,2020-05-10 06:00:00,2020-05-10 06:00:00,6940.92,6986.845124757897,7607.986495175316,6865.109575094305,2020-05-10 00:00:00,2020-05-10 00:00:00,230852.25823330766,0.7928509041554548,313.12764725293135,0.03979899278168867
131,"(1, 1, 1, 1, 48, 0, 0)",2688,True,2020-05-11,29915.3255172878,10250.27,9237.909345726322,10147.506039265747,8328.312652186898,2020-05-11 06:00:00,2020-05-11 06:00:00,8989.97,7781.244520840815,8423.483452069977,7406.569494789209,2020-05-11 08:30:00,2020-05-11 08:30:00,428663.2602919002,0.6471786003121669,555.9282748093634,0.06609021947572628
132,"(1, 1, 1, 1, 48, 0, 0)",2688,True,2020-05-12,29969.009690008275,10008.65,9789.849484037619,10745.49075796673,8834.208210108507,2020-05-12 06:00:00,2020-05-12 06:00:00,9137.69,8497.7639273311,9160.419944500407,7949.189001847521,2020-05-12 08:00:00,2020-05-12 08:30:00,70120.09727545363,0.9172912990381611,177.56812533634977,0.02084153263614826
133,"(1, 1, 1, 1, 48, 0, 0)",2688,True,2020-05-13,30000.45493362378,10195.56,9731.225961311935,10675.231938028377,8787.219984595493,2020-05-13 05:30:00,2020-05-13 06:00:00,8993.15,8684.028767934018,9344.000144409001,8024.057391459036,2020-05-13 08:30:00,2020-05-13 08:30:00,137234.20227482164,0.8560487563663179,329.7531839775874,0.0395107108813712
134,"(1, 1, 1, 1, 48, 0, 0)",2688,True,2020-05-14,29995.431121703474,10376.27,10027.36123636298,10992.697325114474,9069.933682360457,2020-05-14 05:30:00,2020-05-14 06:00:00,9147.15,9132.742619093284,9797.716228477031,8467.769009709536,2020-05-14 08:30:00,2020-05-14 08:30:00,41018.68461237613,0.9561356531677294,171.62587651263553,0.02088737295175563
135,"(1, 1, 1, 1, 48, 0, 0)",2688,True,2020-05-15,30002.806933008073,10242.8,9848.356275290073,10730.259677751004,8968.248789431114,2020-05-15 05:30:00,2020-05-15 06:00:00,8905.39,8755.080590627718,9393.287268599586,8116.87391265585,2020-05-15 08:00:00,2020-05-15 08:30:00,71613.73469300773,0.9226321685478455,228.08510580193072,0.026910014894977064
136,"(1, 1, 1, 1, 48, 0, 0)",2688,True,2020-05-16,29889.40521391122,9255.04,10023.982139858104,10911.404153782256,9137.955001301678,2020-05-16 06:00:00,2020-05-16 06:00:00,8127.14,8723.69907945905,9353.348909350008,8094.049249568089,2020-05-16 00:00:00,2020-05-16 08:30:00,417279.5685754844,0.31371860642255445,582.056922264988,0.07711949738887046
137,"(1, 1, 1, 1, 48, 0, 0)",2688,True,2020-05-17,30054.756737472886,9310.81,9723.388741767636,10408.156932090082,9038.62055144519,2020-05-17 06:00:00,2020-05-17 06:00:00,7771.69,8185.17315295946,8738.734829788806,7677.520931682138,2020-05-17 00:00:00,2020-05-17 08:30:00,196523.04949344732,0.7321394514218088,391.1357282192171,0.05323072540433765
138,"(1, 1, 1, 1, 48, 0, 0)",2688,True,2020-05-18,30013.961043422318,10136.43,9606.753471311338,10286.930507841771,8926.576434780905,2020-05-18 05:30:00,2020-05-18 06:00:00,9000.93,8214.139172300142,8762.721601768942,7665.556742831341,2020-05-18 08:30:00,2020-05-18 08:30:00,334739.20438286685,0.6762423064136542,485.79526331931976,0.05895079797550279
139,"(1, 1, 1, 1, 48, 0, 0)",2688,True,2020-05-19,30028.15667057136,9721.22,9850.92891557846,10543.163899800613,9158.693931356309,2020-05-19 05:30:00,2020-05-19 05:30:00,8629.44,8493.666926849675,9053.426648082981,7933.9072056163695,2020-05-19 08:30:00,2020-05-19 08:30:00,17850.18142739042,0.9755383867154754,105.40526942756942,0.013115674886722767
140,"(1, 1, 1, 1, 48, 0, 0)",2688,True,2020-05-20,29995.46571701462,9354.23,9738.648580075616,10457.154694002196,9020.142466149036,2020-05-20 05:30:00,2020-05-20 05:30:00,8449.24,8423.707707788435,8999.533940117593,7847.881475459277,2020-05-20 08:30:00,2020-05-20 08:30:00,41523.93403892674,0.930066232750457,144.45252665576479,0.017739736549756645
141,"(1, 1, 1, 1, 48, 0, 0)",2688,True,2020-05-21,29871.79936396366,10104.44,9463.076771015414,10336.07957865888,8590.073963371948,2020-05-21 05:30:00,2020-05-21 05:30:00,8681.42,8500.992693997658,9128.10847535342,7873.876912641895,2020-05-21 11:30:00,2020-05-21 08:30:00,293241.1285987858,0.7270237538372499,446.3077742055445,0.05180098619224704
142,"(1, 1, 1, 1, 48, 0, 0)",2688,True,2020-05-22,29870.496974197176,10680.81,10002.100845095698,10886.434959742437,9117.766730448959,2020-05-22 05:30:00,2020-05-22 05:30:00,9519.0,8914.525545163182,9548.597493266994,8280.45359705937,2020-05-22 09:00:00,2020-05-22 08:30:00,272301.2574429679,0.7694090623226519,423.94372925244096,0.04597022363541207
143,"(1, 1, 1, 1, 48, 0, 0)",2688,True,2020-05-23,29885.17749481864,10032.05,10077.450270823838,10958.021944566563,9196.878597081113,2020-05-23 05:30:00,2020-05-23 05:30:00,8315.18,8806.224770329794,9437.388663011718,8191.225175303199,2020-05-23 00:00:00,2020-05-23 08:30:00,146579.86670047932,0.8389187901592168,293.9401436735828,0.03905394989305046
144,"(1, 1, 1, 1, 48, 0, 0)",2688,True,2020-05-24,29915.916297622116,9935.7,9660.174676093367,10545.13578405429,8775.213568132445,2020-05-24 06:00:00,2020-05-24 05:30:00,7782.88,8229.887374959348,8887.330412873247,7705.103969398904,2020-05-24 00:00:00,2020-05-24 09:00:00,124091.56127774312,0.8881415497809713,295.63484529834335,0.03969528172647412
145,"(1, 1, 1, 1, 48, 0, 0)",2688,True,2020-05-25,29914.457152756597,11148.12,9900.516190784696,10783.255360992756,9017.777020576636,2020-05-25 05:30:00,2020-05-25 05:30:00,9384.09,8381.517252164746,9029.89225707805,7733.1422472514405,2020-05-25 08:30:00,2020-05-25 09:00:00,595536.6390928711,0.6660962277341165,670.8595918903534,0.07318757449585904
146,"(1, 1, 1, 1, 48, 0, 0)",2688,True,2020-05-26,29954.542984640055,10493.34,10445.454991105946,11347.134487358397,9543.775494853495,2020-05-26 05:30:00,2020-05-26 05:30:00,9327.59,8776.805644269025,9422.528595119124,8131.082693418926,2020-05-26 08:30:00,2020-05-26 08:30:00,39167.63484888922,0.9599960409556607,131.62812319970305,0.015414745373172079
147,"(1, 1, 1, 1, 48, 0, 0)",2688,True,2020-05-27,29987.719243733478,10162.61,10152.664311110444,11063.550244776281,9241.778377444607,2020-05-27 05:30:00,2020-05-27 05:30:00,9047.63,8663.491032724327,9316.661969998133,8010.320095450521,2020-05-27 08:00:00,2020-05-27 08:30:00,37639.71714577579,0.9610225190414531,152.80964260494483,0.018456283832154943
148,"(1, 1, 1, 1, 48, 0, 0)",2688,True,2020-05-28,30091.252052484826,9924.68,10434.902286907858,11111.911820253792,9757.892753561924,2020-05-28 06:00:00,2020-05-28 05:30:00,9156.18,8892.350797329775,9449.405988188431,8335.295606471118,2020-05-28 08:00:00,2020-05-28 08:30:00,166426.7389049125,0.8111644846354127,310.7989808407942,0.038694069978525994
149,"(1, 1, 1, 1, 48, 0, 0)",2688,True,2020-05-29,30042.929132519563,10144.32,10376.886090423293,11058.517098196671,9695.255082649915,2020-05-29 05:30:00,2020-05-29 05:30:00,9263.09,9062.559390413173,9620.164831342985,8504.95394948336,2020-05-29 08:00:00,2020-05-29 08:30:00,24844.91032984233,0.9717438687270713,128.95423315572154,0.015440722330656917
150,"(1, 1, 1, 1, 48, 0, 0)",2688,True,2020-05-30,29878.750818830882,9276.19,10075.404312746334,10968.356565962335,9182.452059530333,2020-05-30 06:00:00,2020-05-30 05:30:00,8238.47,8679.468526317753,9321.195293310266,8070.609188790586,2020-05-30 00:00:00,2020-05-30 08:30:00,429809.94116238755,0.35202839091613425,559.2917838785564,0.07434896670063491
151,"(1, 1, 1, 1, 48, 0, 0)",2688,True,2020-05-31,29898.126338283222,9239.52,9593.911975211908,10484.458750071011,8703.717313834819,2020-05-31 06:00:00,2020-05-31 05:30:00,7678.66,8190.586344867608,8832.2267450051,7548.945944730116,2020-05-31 09:30:00,2020-05-31 08:30:00,152198.62500771132,0.8234428063188362,326.3770043704389,0.04560392827750696
152,"(1, 1, 1, 1, 48, 0, 0)",2688,True,2020-06-01,29933.95506642843,10238.38,9701.862134361,10608.151761991525,8795.572506730474,2020-06-01 05:30:00,2020-06-01 05:30:00,8818.94,8229.035787588435,8880.7274794897,7577.344095687169,2020-06-01 08:30:00,2020-06-01 08:30:00,176147.99856756124,0.8631402011254108,385.26605640231537,0.04711495823841424
153,"(1, 1, 1, 1, 48, 0, 0)",2688,True,2020-06-02,29946.185379964696,11588.33,9993.555760229552,10884.032899534539,9103.078620924565,2020-06-02 05:30:00,2020-06-02 05:30:00,10168.95,8972.145367389476,9619.338074952806,8324.952659826145,2020-06-02 08:30:00,2020-06-02 08:30:00,993929.7865272096,0.479676554309576,867.1947362595889,0.09057514413118901
154,"(1, 1, 1, 1, 48, 0, 0)",2688,True,2020-06-03,30003.54747447924,11001.07,10484.936570144204,11409.024950046694,9560.848190241713,2020-06-03 06:00:00,2020-06-03 05:30:00,9980.18,9172.337380068317,9836.559008926928,8519.853693352641,2020-06-03 08:00:00,2020-06-03 08:30:00,120618.71042634443,0.9179606252228688,274.099388150772,0.02992804078055723
155,"(1, 1, 1, 1, 48, 0, 0)",2688,True,2020-06-04,30071.323071354444,11241.11,10721.943006006128,11659.298069839779,9793.291110710052,2020-06-04 06:00:00,2020-06-04 06:00:00,10080.57,9610.947795088789,10280.373733582623,8941.521856594954,2020-06-04 08:00:00,2020-06-04 08:30:00,92538.5133942002,0.9402579493504667,228.69356649864824,0.023903089734809906
156,"(1, 1, 1, 1, 48, 0, 0)",2688,True,2020-06-05,30089.979417735452,10731.79,11092.590878399598,12045.019468565391,10145.572633516324,2020-06-05 06:00:00,2020-06-05 06:00:00,10380.27,9978.483889004252,10637.571043006834,9320.414033066985,2020-06-05 08:00:00,2020-06-05 08:00:00,108048.78766623636,0.9155619740719607,261.65090991435653,0.030697663551200422
157,"(1, 1, 1, 1, 48, 0, 0)",2688,True,2020-06-06,30076.55241193323,10146.86,10671.24989851219,11598.637059289942,9743.862737734436,2020-06-06 06:00:00,2020-06-06 06:00:00,9076.62,9637.224373951045,10302.989259358403,8971.459488543687,2020-06-06 08:30:00,2020-06-06 08:30:00,233296.107021888,0.7766493134802523,425.1502923528121,0.05316159537972687
158,"(1, 1, 1, 1, 48, 0, 0)",2688,True,2020-06-07,30099.283318948943,10356.92,10242.80634787567,11184.14936489641,9301.463330854931,2020-06-07 05:30:00,2020-06-07 06:00:00,8892.33,9187.5473110945,9860.130948260376,8514.963673928625,2020-06-07 09:30:00,2020-06-07 08:30:00,74376.49501164362,0.933323722649033,188.1446994601631,0.023299491192030192
159,"(1, 1, 1, 1, 48, 0, 0)",2688,True,2020-06-08,30136.171203509944,10470.07,10523.767989918762,11483.117377333725,9564.4186025038,2020-06-08 05:30:00,2020-06-08 05:30:00,8145.39,9375.806913069897,10063.730450949826,8687.883375189967,2020-06-08 08:30:00,2020-06-08 08:30:00,311255.3659699616,0.7658369866010419,438.733420481637,0.057934416356250525
160,"(1, 1, 1, 1, 48, 0, 0)",2688,True,2020-06-09,30164.58316523032,10836.23,10844.829482973915,11598.452305304047,10091.206660643784,2020-06-09 05:30:00,2020-06-09 06:00:00,9870.27,9379.261881306105,9988.625808621362,8769.897953990849,2020-06-09 08:30:00,2020-06-09 08:30:00,100642.6475791328,0.9224961161562115,265.45117994533274,0.031027256598778308
161,"(1, 1, 1, 1, 48, 0, 0)",2688,True,2020-06-10,30190.170079054227,10755.09,10588.415183258985,11321.577773473415,9855.252593044555,2020-06-10 05:30:00,2020-06-10 05:30:00,9576.2,9394.149084284674,9998.617410180934,8789.680758388415,2020-06-10 08:30:00,2020-06-10 08:30:00,213106.36978305958,0.8206042414605585,341.7742990949987,0.038939992544229904
162,"(1, 1, 1, 1, 48, 0, 0)",2688,True,2020-06-11,30227.324495575664,10366.66,10650.036297637784,11389.665943111699,9910.406652163869,2020-06-11 06:00:00,2020-06-11 06:00:00,9372.92,9427.063246705453,10035.241822371812,8818.884671039094,2020-06-11 08:00:00,2020-06-11 08:30:00,45763.62932597415,0.954368763113929,168.88230350203318,0.019362161276741226
163,"(1, 1, 1, 1, 48, 0, 0)",2688,True,2020-06-12,30214.982146760416,10462.02,10425.550681955958,11166.576369063003,9684.524994848913,2020-06-12 05:30:00,2020-06-12 06:00:00,9530.2,9435.955870732387,10045.193932123346,8826.717809341428,2020-06-12 08:30:00,2020-06-12 08:30:00,100335.63576376178,0.8996415876872959,232.6226786428067,0.027296906829711892
164,"(1, 1, 1, 1, 48, 0, 0)",2688,True,2020-06-13,30206.000258667187,9499.67,10255.481915004837,10989.006264113956,9522.44844567755,2020-06-13 05:30:00,2020-06-13 05:30:00,8347.48,9140.832362537101,9748.149273914649,8533.515451159554,2020-06-13 00:00:00,2020-06-13 08:30:00,388681.89928369195,0.39463094603172677,564.092212335399,0.07182601483672585
165,"(1, 1, 1, 1, 48, 0, 0)",2688,True,2020-06-14,30364.799488933484,9596.16,10005.462745775418,10762.120017894578,9248.805473656257,2020-06-14 06:00:00,2020-06-14 05:30:00,7920.21,8652.097627051466,9281.647216899677,8022.548037203254,2020-06-14 10:00:00,2020-06-14 09:00:00,279758.78749973956,0.7539433034657155,431.6187868871425,0.05902271842041049
166,"(1, 1, 1, 1, 48, 0, 0)",2688,True,2020-06-15,30293.723999120393,10568.08,9862.624356904606,10629.762351783496,9095.486362025715,2020-06-15 05:30:00,2020-06-15 05:30:00,9770.87,8016.071079497711,8645.64060587834,7503.515802593897,2020-06-15 08:00:00,2020-06-15 08:30:00,597635.6179242538,0.5909740057693937,616.9423000962126,0.07153248682595352
167,"(1, 1, 1, 1, 48, 0, 0)",2688,True,2020-06-16,30376.22098056399,10389.26,10397.79731286566,11178.379249670776,9617.215376060543,2020-06-16 06:00:00,2020-06-16 06:00:00,9737.26,9218.887042392345,9860.164686937102,8577.60939784759,2020-06-16 08:00:00,2020-06-16 08:30:00,41074.52863491198,0.965585107891512,149.73015969720376,0.018344324910312484
168,"(1, 1, 1, 1, 48, 0, 0)",2688,True,2020-06-17,30398.67759720625,11113.26,10383.786235857106,11164.761553466538,9602.810918247673,2020-06-17 05:30:00,2020-06-17 05:30:00,9935.2,9241.447425113838,9886.298291834491,8596.596558393185,2020-06-17 08:00:00,2020-06-17 08:30:00,230748.12737056005,0.8364415438912687,416.6669315332428,0.044727162633393436
169,"(1, 1, 1, 1, 48, 0, 0)",2688,True,2020-06-18,30402.470747409836,10755.29,10545.893448827184,11340.341554190927,9751.445343463442,2020-06-18 06:00:00,2020-06-18 05:30:00,9621.32,9374.747642357026,10027.353442140262,8722.14184257379,2020-06-18 08:00:00,2020-06-18 08:30:00,28545.551823179656,0.9786179435955751,133.4358196721752,0.015201929095813744
170,"(1, 1, 1, 1, 48, 0, 0)",2688,True,2020-06-19,30396.522185428334,10301.93,10505.595743343494,11301.46435585654,9709.727130830448,2020-06-19 05:30:00,2020-06-19 06:00:00,10080.42,9520.178487183675,10171.683366743924,8869.461916010318,2020-06-19 08:00:00,2020-06-19 08:30:00,55542.54507172163,0.9466626876155175,180.83933060353328,0.020655433660174954
171,"(1, 1, 1, 1, 48, 0, 0)",2688,True,2020-06-20,30397.85484111305,9664.21,10091.060836120967,10883.84165395784,9298.280018284095,2020-06-20 05:30:00,2020-06-20 05:30:00,8750.76,9125.129959219075,9777.163760578385,8473.096157859765,2020-06-20 09:30:00,2020-06-20 08:30:00,142471.8160743344,0.8238958796959016,323.20237946337227,0.041961650379512334
172,"(1, 1, 1, 1, 48, 0, 0)",2688,True,2020-06-21,30417.616882444356,10232.98,10026.27368929388,10824.356870994692,9228.703549859727,2020-06-21 06:00:00,2020-06-21 06:00:00,8630.01,8738.719946944566,9405.14454496117,8072.2953489279635,2020-06-21 10:00:00,2020-06-21 09:00:00,68427.82170523345,0.9471392363922686,173.61089261866073,0.022291249253182405
173,"(1, 1, 1, 1, 48, 0, 0)",2688,True,2020-06-22,30438.162204607313,11785.27,10405.92728462431,11188.82854887537,9625.973370761898,2020-06-22 06:00:00,2020-06-22 06:00:00,10324.87,9385.341790273822,10033.288694168152,8737.394886379492,2020-06-22 08:30:00,2020-06-22 08:30:00,701103.2213554833,0.6893245143942481,720.9220495364234,0.07495838811764415
174,"(1, 1, 1, 1, 48, 0, 0)",2688,True,2020-06-23,30457.074981371912,11980.08,10707.693686963803,11498.04862491734,9920.762967058186,2020-06-23 06:00:00,2020-06-23 05:30:00,10670.7,9820.188999903363,10460.363467543744,9180.014532262981,2020-06-23 08:00:00,2020-06-23 08:00:00,519003.37198434136,0.7373147363587231,600.1006444286118,0.06059863813318974
175,"(1, 1, 1, 1, 48, 0, 0)",2688,True,2020-06-24,30476.98761476878,11394.18,11068.71071669762,11869.371309746957,10268.050123648283,2020-06-24 05:30:00,2020-06-24 05:30:00,10599.77,9953.155228580277,10599.969018581169,9306.341438579386,2020-06-24 08:00:00,2020-06-24 08:00:00,73379.78267404536,0.9508926382409146,213.10640699783278,0.022233826138204005
176,"(1, 1, 1, 1, 48, 0, 0)",2688,True,2020-06-25,30465.227338122397,11233.08,10890.177673713626,11692.588369261488,10087.766978165764,2020-06-25 06:00:00,2020-06-25 06:00:00,10264.25,9772.103149117174,10428.965437320832,9115.240860913516,2020-06-25 08:00:00,2020-06-25 08:30:00,53706.21212492863,0.965425436217965,182.3293118444739,0.019290793314977305
177,"(1, 1, 1, 1, 48, 0, 0)",2688,True,2020-06-26,30425.46383805817,11015.04,10803.666089409902,11599.448276126097,10007.883902693708,2020-06-26 05:30:00,2020-06-26 05:30:00,10514.41,9969.040428279293,10609.303003948997,9328.77785260959,2020-06-26 08:00:00,2020-06-26 08:00:00,81634.15671903922,0.9444487683498737,228.88699391295555,0.024310832115129483
178,"(1, 1, 1, 1, 48, 0, 0)",2688,True,2020-06-27,30437.091703255053,10651.08,10725.840936425502,11518.738103255873,9932.943769595131,2020-06-27 06:00:00,2020-06-27 05:30:00,9229.24,9738.66546653264,10390.496488011046,9086.834445054235,2020-06-27 09:30:00,2020-06-27 08:30:00,87604.84197075291,0.9186259777047268,202.42373407805994,0.02468793094139012
179,"(1, 1, 1, 1, 48, 0, 0)",2688,True,2020-06-28,30427.981007775208,10961.22,10749.322874062294,11543.420238746085,9955.225509378504,2020-06-28 06:00:00,2020-06-28 06:00:00,8717.54,9328.114217528127,10001.200579452307,8655.027855603948,2020-06-28 09:00:00,2020-06-28 09:30:00,152425.23441254464,0.901636829830294,313.76530245230254,0.039063106896548204
180,"(1, 1, 1, 1, 48, 0, 0)",2688,True,2020-06-29,30448.28564090822,11575.8,11372.327244489526,12172.859480472347,10571.795008506706,2020-06-29 05:30:00,2020-06-29 06:00:00,10399.98,10056.236725696856,10710.90869985258,9401.564751541131,2020-06-29 08:30:00,2020-06-29 08:30:00,28587.859212434803,0.9846533532945222,133.99436469301102,0.014750705260040166
181,"(1, 1, 1, 1, 48, 0, 0)",2688,True,2020-06-30,30443.606685825845,11366.71,11421.884907071566,12209.76108530128,10634.008728841853,2020-06-30 06:00:00,2020-06-30 06:00:00,10577.65,10171.742949018682,10819.784564892443,9524.930503173458,2020-06-30 08:30:00,2020-06-30 08:30:00,35211.07054213646,0.978398369362398,136.39561470288888,0.015089365829937496
182,"(1, 1, 1, 1, 48, 0, 0)",2688,True,2020-07-01,30449.46029984079,10759.78,11129.094084316257,11912.436193354635,10345.751975277879,2020-07-01 06:00:00,2020-07-01 05:30:00,10406.42,10209.805672552578,10857.25094454041,9562.360400564747,2020-07-01 08:00:00,2020-07-01 08:30:00,94196.23125526779,0.931400743657739,253.21550232420182,0.029881662932727242
183,"(1, 1, 1, 1, 48, 0, 0)",2688,True,2020-07-02,30455.44566964541,10107.38,10829.569396811125,11622.5425396707,10036.59625395155,2020-07-02 06:00:00,2020-07-02 06:00:00,9747.29,9984.696556193217,10627.398877443144,9346.823645955032,2020-07-02 08:00:00,2020-07-02 08:00:00,133154.29167517138,0.86844208539152,299.9761446187426,0.03468578737111883
184,"(1, 1, 1, 1, 48, 0, 0)",2688,True,2020-07-03,30455.33702994351,10551.08,10708.786635471213,11504.083298463393,9913.489972479034,2020-07-03 06:00:00,2020-07-03 06:00:00,9548.05,9888.311981009307,10526.34386925517,9250.280092763443,2020-07-03 08:00:00,2020-07-03 08:00:00,24703.876296292157,0.9814484757355251,119.57796342837645,0.013599989828827062
185,"(1, 1, 1, 1, 48, 0, 0)",2688,True,2020-07-04,30449.743885643806,10619.09,10644.38018277493,11439.238947102696,9849.521418447164,2020-07-04 06:00:00,2020-07-04 06:00:00,9228.98,9397.699859086038,10046.090347261266,8749.30937091081,2020-07-04 09:00:00,2020-07-04 08:30:00,90246.55643972161,0.9325600501917126,240.9164429107966,0.030215809858106287
186,"(1, 1, 1, 1, 48, 0, 0)",2688,True,2020-07-05,30409.89110759398,10738.32,10914.425844920443,11698.640740013456,10130.21094982743,2020-07-05 06:00:00,2020-07-05 06:00:00,8720.33,9228.002506485695,9868.623189816175,8587.381823155214,2020-07-05 09:00:00,2020-07-05 08:30:00,132715.14452644522,0.9134814877654924,308.4424191806068,0.03978398740520981
187,"(1, 1, 1, 1, 48, 0, 0)",2688,True,2020-07-06,30411.372860493957,11452.33,11118.336482340554,11889.11763523174,10347.555329449367,2020-07-06 05:30:00,2020-07-06 06:00:00,10355.87,9880.98126606038,10514.993472801649,9246.969059319112,2020-07-06 08:30:00,2020-07-06 08:30:00,136990.38531430005,0.9241067120724358,322.8925808081588,0.035176866436601416
188,"(1, 1, 1, 1, 48, 0, 0)",2688,True,2020-07-07,30408.226783746304,11444.93,11075.758086281572,11853.580965747298,10297.935206815846,2020-07-07 06:00:00,2020-07-07 06:00:00,10328.11,10219.223314626894,10856.786642404191,9581.659986849596,2020-07-07 08:30:00,2020-07-07 08:30:00,74886.8324917041,0.9471787159844065,228.65632201502225,0.0246517194157061
189,"(1, 1, 1, 1, 48, 0, 0)",2688,True,2020-07-08,30388.923175473206,11346.82,10843.929386225447,11621.498657279131,10066.360115171763,2020-07-08 05:30:00,2020-07-08 06:00:00,9960.82,9984.055515622744,10621.31780692799,9346.793224317498,2020-07-08 08:30:00,2020-07-08 08:30:00,246119.21480318476,0.8200878159048764,403.40387706089047,0.04361751351562374
190,"(1, 1, 1, 1, 48, 0, 0)",2688,True,2020-07-09,30402.312555362525,11130.64,10676.746989097384,11457.183967012477,9896.310011182291,2020-07-09 06:00:00,2020-07-09 06:00:00,10327.23,9937.83956920666,10577.491711142204,9298.187427271117,2020-07-09 08:30:00,2020-07-09 08:30:00,111714.42335114787,0.9157467043010317,291.80177927676004,0.03126186075026039
191,"(1, 1, 1, 1, 48, 0, 0)",2688,True,2020-07-10,30405.76954010512,10791.27,10895.347484962289,11671.716811705437,10118.97815821914,2020-07-10 05:30:00,2020-07-10 06:00:00,9978.59,9977.593044227506,10615.148028216427,9340.038060238585,2020-07-10 08:30:00,2020-07-10 08:30:00,95799.5849235141,0.9114621903805259,227.0329309234601,0.025174177819788656
192,"(1, 1, 1, 1, 48, 0, 0)",2688,True,2020-07-11,30409.656340893594,10202.43,10835.231646744487,11605.810343139774,10064.6529503492,2020-07-11 05:30:00,2020-07-11 06:00:00,9122.55,9626.69021086577,10273.662556737661,8979.71786499388,2020-07-11 09:30:00,2020-07-11 09:00:00,193189.76296162794,0.794135555581511,346.90601507376726,0.040146499154907485
193,"(1, 1, 1, 1, 48, 0, 0)",2688,True,2020-07-12,30438.56727597384,10627.94,10767.871828843701,11541.566207027832,9994.17745065957,2020-07-12 06:00:00,2020-07-12 06:00:00,8445.98,9092.582610683856,9743.739452899845,8441.425768467867,2020-07-12 09:30:00,2020-07-12 09:00:00,104384.16627205959,0.9238809177485086,238.07262725735498,0.029382732925934168
194,"(1, 1, 1, 1, 48, 0, 0)",2688,True,2020-07-13,30462.361961523147,11461.61,10999.826242410745,11775.95354681474,10223.69893800675,2020-07-13 06:00:00,2020-07-13 06:00:00,10072.7,9710.682533051047,10353.778591747256,9067.586474354839,2020-07-13 08:30:00,2020-07-13 08:30:00,196649.6396439406,0.9152385161920406,373.6158265370609,0.04616389699078307
195,"(1, 1, 1, 1, 48, 0, 0)",2688,True,2020-07-14,30717.540181286397,11668.99,11156.703386341633,11945.285599477054,10368.121173206211,2020-07-14 06:00:00,2020-07-14 06:00:00,10351.93,9849.117530854515,10519.538393515102,9178.696668193928,2020-07-14 09:30:00,2020-07-14 09:00:00,143410.17973567368,0.9150015275687315,327.2817592084518,0.03381813078028082
196,"(1, 1, 1, 1, 48, 0, 0)",2688,True,2020-07-15,30725.726054404444,11517.67,11165.3984687995,11951.175186706138,10379.621750892862,2020-07-15 06:00:00,2020-07-15 05:30:00,10016.27,9873.712616128863,10533.094586547035,9214.330645710692,2020-07-15 08:30:00,2020-07-15 08:30:00,33730.31804717835,0.9771911871071606,141.15864183975634,0.014618432408024545
197,"(1, 1, 1, 1, 48, 0, 0)",2688,True,2020-07-16,30698.283103801605,11402.02,11007.778183734512,11790.585963024256,10226.840006684408,2020-07-16 06:00:00,2020-07-16 05:30:00,10072.25,10084.573244573507,10739.854166072832,9429.292323074182,2020-07-16 08:30:00,2020-07-16 08:30:00,54526.104145131794,0.9624483186192293,175.82277699950563,0.01802122409387858
198,"(1, 1, 1, 1, 48, 0, 0)",2688,True,2020-07-17,30685.10847074079,10966.79,10954.960591084673,11728.294974384255,10181.626207785092,2020-07-17 06:00:00,2020-07-17 05:30:00,10006.81,10025.012332521463,10675.210385514907,9374.814279528018,2020-07-17 08:30:00,2020-07-17 08:30:00,20008.766729640705,0.9820623002788481,106.83006657662624,0.011805625700561468
199,"(1, 1, 1, 1, 48, 0, 0)",2688,True,2020-07-18,30657.927267865907,10198.37,10768.445821660112,11548.795355842529,9988.096287477696,2020-07-18 06:00:00,2020-07-18 06:00:00,8806.71,9405.781512116235,10077.623166885933,8742.969600320508,2020-07-18 00:00:00,2020-07-18 09:30:00,494408.40079296025,0.48880501289437306,594.1770302900972,0.07393503519413915
200,"(1, 1, 1, 1, 48, 0, 0)",2688,True,2020-07-19,30644.92249575073,10120.36,10635.244920244406,11422.30326353267,9848.186576956141,2020-07-19 06:00:00,2020-07-19 06:00:00,8276.47,9019.880102317808,9672.542705917673,8367.217498717942,2020-07-19 00:00:00,2020-07-19 08:30:00,385724.079974045,0.6630932535885852,554.3090937599783,0.0724868106935832
201,"(1, 1, 1, 1, 48, 0, 0)",2688,True,2020-07-20,30640.207777847758,11222.65,10911.891120102298,11708.300501007428,10115.481739197168,2020-07-20 06:30:00,2020-07-20 06:00:00,9649.23,9315.56896082103,9971.833572851734,8659.304348790327,2020-07-20 08:00:00,2020-07-20 08:30:00,80830.06169192883,0.9598489377200058,229.16471295254257,0.02662553783074099
202,"(1, 1, 1, 1, 48, 0, 0)",2688,True,2020-07-21,30717.609875224185,11739.02,11357.23849107606,12157.638888700072,10556.838093452046,2020-07-21 06:00:00,2020-07-21 06:00:00,10841.59,9835.168630571454,10497.501784396183,9172.835476746724,2020-07-21 08:00:00,2020-07-21 08:30:00,196286.49366070653,0.891108816796803,352.29274999015587,0.038450759444475256
203,"(1, 1, 1, 1, 48, 0, 0)",2688,True,2020-07-22,30775.224839296414,11412.82,11218.123171209787,12024.373548593998,10411.872793825576,2020-07-22 06:00:00,2020-07-22 06:00:00,10726.52,9875.646936819572,10544.936979802957,9206.356893836188,2020-07-22 08:00:00,2020-07-22 08:30:00,133246.60278784504,0.9133266532368758,286.89359423834014,0.03077004419289826
204,"(1, 1, 1, 1, 48, 0, 0)",2688,True,2020-07-23,30800.24578169412,11276.89,11160.981892168968,11985.17957983847,10336.784204499465,2020-07-23 06:00:00,2020-07-23 06:00:00,10792.65,9910.119875323251,10590.077299562574,9230.162451083928,2020-07-23 08:00:00,2020-07-23 08:30:00,116824.67649070958,0.9238989728015747,246.47218537593525,0.026216714742315402
205,"(1, 1, 1, 1, 48, 0, 0)",2688,True,2020-07-24,30808.979819879318,10762.03,10967.263822522904,11780.720340711368,10153.80730433444,2020-07-24 06:00:00,2020-07-24 06:00:00,10838.44,9901.443016672274,10576.969525372859,9225.91650797169,2020-07-24 08:30:00,2020-07-24 08:30:00,103034.09599760403,0.9192946328437976,225.49887070820668,0.02444583174571048
206,"(1, 1, 1, 1, 48, 0, 0)",2688,True,2020-07-25,30874.556099701036,10350.39,10591.473542998247,11406.770304662043,9776.17678133445,2020-07-25 05:30:00,2020-07-25 06:00:00,9381.75,9603.56323562552,10284.669840008164,8922.456631242874,2020-07-25 09:30:00,2020-07-25 08:30:00,107829.26967475837,0.8755941263305854,256.6718625682136,0.029788837330081752
207,"(1, 1, 1, 1, 48, 0, 0)",2688,True,2020-07-26,30911.359172651395,10722.49,10265.45159270977,11078.65798270505,9452.245202714488,2020-07-26 06:00:00,2020-07-26 06:00:00,9288.62,8932.079516176902,9614.409698688049,8249.749333665755,2020-07-26 12:00:00,2020-07-26 08:30:00,568870.9515245882,0.7014982687683213,572.2808814118856,0.06449199633825585
208,"(1, 1, 1, 1, 48, 0, 0)",2688,True,2020-07-27,30977.78955158553,11551.78,10923.469967109193,11727.152053057795,10119.787881160591,2020-07-27 05:30:00,2020-07-27 06:00:00,9657.55,9517.405090986333,10199.265932549462,8835.544249423203,2020-07-27 09:00:00,2020-07-27 08:30:00,381780.8326136291,0.8124838993894762,437.9487072761306,0.04532670898870014
209,"(1, 1, 1, 1, 48, 0, 0)",2688,True,2020-07-28,30992.611115670934,10780.31,11044.15285989291,11844.994453920504,10243.311265865317,2020-07-28 06:00:00,2020-07-28 06:00:00,9792.5,9895.068622105975,10576.414793065294,9213.722451146656,2020-07-28 08:30:00,2020-07-28 08:30:00,30214.040094049793,0.9742788499003907,139.19416921251212,0.015277259483732411
210,"(1, 1, 1, 1, 48, 0, 0)",2688,True,2020-07-29,30974.006867095664,10551.31,10948.463449428025,11745.320297565562,10151.606601290488,2020-07-29 06:00:00,2020-07-29 06:00:00,9723.19,9879.94017353015,10559.129002639202,9200.7513444211,2020-07-29 08:00:00,2020-07-29 08:30:00,129657.47331211522,0.8937268000816507,300.30522547276684,0.03550536254901165
211,"(1, 1, 1, 1, 48, 0, 0)",2688,True,2020-07-30,30966.45462916663,10878.42,10894.11314087573,11692.3128777826,10095.91340396886,2020-07-30 06:00:00,2020-07-30 06:00:00,9850.92,9861.216692939603,10540.68578812335,9181.747597755855,2020-07-30 08:00:00,2020-07-30 08:30:00,22949.599971366664,0.983004675786002,129.19809257714635,0.015567160518915732
212,"(1, 1, 1, 1, 48, 0, 0)",2688,True,2020-07-31,30952.625270433567,10722.05,10977.950988756778,11765.558179599138,10190.343797914418,2020-07-31 06:00:00,2020-07-31 06:00:00,10157.27,10123.95434706567,10797.235407540644,9458.018129125034,2020-07-31 08:00:00,2020-07-31 08:30:00,68682.20795867658,0.9468478082747308,216.69543061428405,0.025599585538027075
213,"(1, 1, 1, 1, 48, 0, 0)",2688,True,2020-08-01,30951.882095327444,10056.51,10562.610373785114,11347.071412127716,9778.149335442511,2020-08-01 06:00:00,2020-08-01 06:00:00,8973.87,9423.779409068458,10095.957884257117,8751.6009338798,2020-08-01 08:30:00,2020-08-01 08:30:00,301882.6901078725,0.7310846265940318,450.39315440692695,0.05826978297690787
214,"(1, 1, 1, 1, 48, 0, 0)",2688,True,2020-08-02,30967.679051713832,10337.87,10661.553048202803,11458.535903662092,9864.570192743513,2020-08-02 06:00:00,2020-08-02 06:00:00,8542.46,8889.477507407904,9568.169566700035,8210.785448115774,2020-08-02 08:30:00,2020-08-02 08:30:00,395139.2481020083,0.6992328134539196,464.4328637110504,0.062147501521151026
215,"(1, 1, 1, 1, 48, 0, 0)",2688,True,2020-08-03,30986.41202095871,10864.97,10887.562866449782,11695.292329068501,10079.833403831062,2020-08-03 06:00:00,2020-08-03 06:00:00,10343.93,9347.814364675172,10032.656025261684,8662.972704088661,2020-08-03 08:00:00,2020-08-03 08:30:00,148459.76262650886,0.9012825932895202,263.2351725129363,0.030004778875286336
216,"(1, 1, 1, 1, 48, 0, 0)",2688,True,2020-08-04,30978.378460705204,10702.53,10489.154326113043,11286.982128005528,9691.326524220558,2020-08-04 06:00:00,2020-08-04 06:00:00,9907.17,9505.314712713427,10173.339902451427,8837.289522975427,2020-08-04 08:00:00,2020-08-04 08:00:00,44590.248575975624,0.9684130808872323,169.2314860471144,0.019393319248598887
217,"(1, 1, 1, 1, 48, 0, 0)",2688,True,2020-08-05,30987.059465064183,11544.22,10644.860392110824,11447.528061933353,9844.470085099056,2020-08-05 06:30:00,2020-08-05 06:00:00,10456.54,9595.456265105577,10265.924976835815,8924.987553375338,2020-08-05 08:00:00,2020-08-05 08:00:00,314882.4073472127,0.8342107918222171,482.18296890046025,0.05172069218596161
218,"(1, 1, 1, 1, 48, 0, 0)",2688,True,2020-08-06,30998.4100605053,11908.24,11189.365561171266,12008.278415172961,10370.45270716957,2020-08-06 06:00:00,2020-08-06 06:00:00,10918.13,9970.504753462095,10649.633316857,9291.37619006719,2020-08-06 08:00:00,2020-08-06 08:00:00,259718.06512017004,0.8709644754330502,429.9483109305475,0.044337851950562536
219,"(1, 1, 1, 1, 48, 0, 0)",2688,True,2020-08-07,31012.55652291873,11880.64,10851.527466824515,11668.213695551787,10034.841238097242,2020-08-07 05:30:00,2020-08-07 06:00:00,10915.28,10070.667604482202,10750.195850549055,9391.139358415348,2020-08-07 09:30:00,2020-08-07 08:00:00,1357235.355938195,0.3989912697355229,838.1534258931539,0.07744206681109013
220,"(1, 1, 1, 1, 48, 0, 0)",2688,True,2020-08-08,31094.867226751787,10366.24,10567.54857277968,11412.686626003488,9722.410519555873,2020-08-08 06:00:00,2020-08-08 06:00:00,8569.32,9359.000542449638,10068.881345746067,8649.119739153208,2020-08-08 12:00:00,2020-08-08 08:30:00,175469.4777813499,0.8381935594374882,318.75017044943655,0.039892149918704344
221,"(1, 1, 1, 1, 48, 0, 0)",2688,True,2020-08-09,31089.519410235942,11721.16,10853.010351505083,11693.954999565363,10012.065703444803,2020-08-09 06:00:00,2020-08-09 06:00:00,8410.79,9093.292981460634,9801.231752654121,8385.354210267147,2020-08-09 09:30:00,2020-08-09 08:30:00,581571.6037341156,0.7499181307805488,630.1377714113324,0.07181785575161852
222,"(1, 1, 1, 1, 48, 0, 0)",2688,True,2020-08-10,31092.524144815445,11735.61,10910.356793120289,11741.98056305561,10078.733023184968,2020-08-10 06:00:00,2020-08-10 06:00:00,10253.66,9671.98838124621,10376.340017781564,8967.636744710857,2020-08-10 08:30:00,2020-08-10 08:30:00,257395.06434302198,0.8734709238848737,438.45909502889225,0.046409423114943206
223,"(1, 1, 1, 1, 48, 0, 0)",2688,True,2020-08-11,31052.59301707619,11064.42,11001.294822447004,11820.240832334757,10182.34881255925,2020-08-11 06:30:00,2020-08-11 06:30:00,10038.59,9750.56099174394,10432.721860644015,9068.400122843865,2020-08-11 08:00:00,2020-08-11 08:00:00,52421.608769749604,0.9624838310031155,164.3596910507385,0.01862450953382756
224,"(1, 1, 1, 1, 48, 0, 0)",2688,True,2020-08-12,31088.606295731177,10863.32,11142.987963466458,11961.816199427783,10324.159727505132,2020-08-12 06:00:00,2020-08-12 06:00:00,10024.51,9930.872444369888,10626.429336444926,9238.96137856047,2020-08-12 08:00:00,2020-08-12 08:30:00,62711.66942297495,0.9477586977515244,199.5177900717024,0.022032387847046253
225,"(1, 1, 1, 1, 48, 0, 0)",2688,True,2020-08-13,31097.17479457395,9890.78,11057.521339542634,11882.38338449615,10232.659294589119,2020-08-13 06:30:00,2020-08-13 06:30:00,9382.7,9814.738168375183,10500.892642945671,9128.583693804694,2020-08-13 08:00:00,2020-08-13 08:00:00,334593.0089307642,0.6497905616269972,409.5590954049945,0.04688893173731309
226,"(1, 1, 1, 1, 48, 0, 0)",2688,True,2020-08-14,31140.0153750204,10496.57,10964.509548209679,11798.03190520555,10130.987191213808,2020-08-14 05:30:00,2020-08-14 06:00:00,9505.95,9724.730882497779,10432.449757853848,9017.01200714171,2020-08-14 08:00:00,2020-08-14 08:30:00,214062.82873239683,0.7937902977073169,391.0522052103349,0.04506266366060576
227,"(1, 1, 1, 1, 48, 0, 0)",2688,True,2020-08-15,31158.669639778196,9595.14,10561.426397339654,11396.42554748903,9726.427247190277,2020-08-15 06:00:00,2020-08-15 06:00:00,8378.45,8831.885159260526,9543.30951870136,8185.670297510456,2020-08-15 00:00:00,2020-08-15 08:30:00,445200.60442396736,0.32368962197803275,583.7145236920527,0.07310195008142213
228,"(1, 1, 1, 1, 48, 0, 0)",2688,True,2020-08-16,31167.640123783913,9690.76,10812.009712529252,11663.91162642624,9960.107798632265,2020-08-16 06:00:00,2020-08-16 06:00:00,7687.98,8495.116431037706,9215.39663871249,7774.836223362922,2020-08-16 00:00:00,2020-08-16 08:30:00,728147.7549732352,0.3148986063837097,727.6552447328137,0.09744635367774869
229,"(1, 1, 1, 1, 48, 0, 0)",2688,True,2020-08-17,31171.099588107852,10247.62,10667.587431301103,11547.701215467636,9787.47364713457,2020-08-17 06:00:00,2020-08-17 06:00:00,9068.67,8914.467791138599,9649.67368701718,8189.495715051914,2020-08-17 07:30:00,2020-08-17 08:30:00,118173.07190741641,0.9102439638575509,309.89262310459884,0.03913941243933552
230,"(1, 1, 1, 1, 48, 0, 0)",2688,True,2020-08-18,31193.92611855626,9933.88,10429.479411618826,11312.72308428041,9546.235738957243,2020-08-18 06:00:00,2020-08-18 06:00:00,9352.1,9158.554627736406,9895.713297515682,8421.395957957131,2020-08-18 08:00:00,2020-08-18 08:30:00,96082.16099148591,0.8961377394748485,264.0936861659878,0.03192833333807588
231,"(1, 1, 1, 1, 48, 0, 0)",2688,True,2020-08-19,31210.458871373336,10533.06,10524.837459646798,11393.07915855459,9656.595760739006,2020-08-19 06:00:00,2020-08-19 06:00:00,8992.73,9019.33902899896,9738.134234119652,8300.543823878268,2020-08-19 07:30:00,2020-08-19 08:00:00,23054.30670898732,0.9809308711271235,128.59198752838182,0.016595063283739598
232,"(1, 1, 1, 1, 48, 0, 0)",2688,True,2020-08-20,31232.003591102086,10685.63,10249.263436910021,11123.953070991141,9374.573802828902,2020-08-20 06:00:00,2020-08-20 06:30:00,9274.45,8985.458176883822,9705.720592964457,8265.195760803186,2020-08-20 08:00:00,2020-08-20 08:00:00,100094.63451046574,0.9253961773944568,278.950763616437,0.03314370391921326
233,"(1, 1, 1, 1, 48, 0, 0)",2688,True,2020-08-21,31231.00224946369,10454.05,10483.519431211274,11358.663083994166,9608.375778428383,2020-08-21 06:00:00,2020-08-21 06:00:00,9428.21,9119.638065453179,9842.318806274308,8396.957324632049,2020-08-21 08:00:00,2020-08-21 08:00:00,22355.508138913254,0.9787755236544098,116.50337349742595,0.01354650697592745
234,"(1, 1, 1, 1, 48, 0, 0)",2688,True,2020-08-22,31226.812818380506,10765.92,10443.231435449343,11318.84705803567,9567.615812863016,2020-08-22 06:00:00,2020-08-22 06:00:00,8641.93,8882.75259227703,9605.640717627719,8370.761576912955,2020-08-22 08:30:00,2020-08-22 08:00:00,68920.27432894369,0.9489550199864449,201.55317988316997,0.023867020638410674
235,"(1, 1, 1, 1, 48, 0, 0)",2688,True,2020-08-23,31232.775185704904,10662.53,10362.567782961727,11238.057183850164,9487.07838207329,2020-08-23 06:00:00,2020-08-23 06:30:00,8416.79,8499.525485964808,9225.10016958331,8334.48937641678,2020-08-23 00:00:00,2020-08-23 08:00:00,54981.66018089212,0.9619992639067017,181.75667673535978,0.02259603562866651
236,"(1, 1, 1, 1, 48, 0, 0)",2688,True,2020-08-24,31222.070703646754,11149.92,10665.00687468603,11537.52984162682,9792.483907745242,2020-08-24 06:30:00,2020-08-24 06:30:00,9885.99,8950.701509707018,9669.903413354541,8231.499606059495,2020-08-24 08:00:00,2020-08-24 08:00:00,272575.487422178,0.839040165174778,454.3320211816686,0.052605749411492646
237,"(1, 1, 1, 1, 48, 0, 0)",2688,True,2020-08-25,31216.966796976685,11500.53,10670.050375549195,11551.948232258736,9788.152518839655,2020-08-25 06:30:00,2020-08-25 06:30:00,10238.02,9388.707158125995,10111.794678788294,8665.619637463697,2020-08-25 08:00:00,2020-08-25 08:00:00,207244.71155477836,0.8757219509465863,361.1726010615407,0.03802273195748577
238,"(1, 1, 1, 1, 48, 0, 0)",2688,True,2020-08-26,31235.56744236896,10933.85,10876.951168164553,11765.990623795878,9987.911712533227,2020-08-26 06:30:00,2020-08-26 06:30:00,10284.21,9491.963317531143,10220.278679234716,8763.64795582757,2020-08-26 08:00:00,2020-08-26 08:00:00,95493.33822295895,0.9352347757236951,205.54261754259338,0.023261335695133573
239,"(1, 1, 1, 1, 48, 0, 0)",2688,True,2020-08-27,31243.791115159303,10429.81,10787.495236533814,11679.34396626808,9895.646506799549,2020-08-27 06:30:00,2020-08-27 06:30:00,10167.27,9486.703382132018,10216.803251333546,8756.603512930491,2020-08-27 08:00:00,2020-08-27 08:00:00,73042.59128263443,0.9439586745623287,194.48493053509387,0.021381771995511074
240,"(1, 1, 1, 1, 48, 0, 0)",2688,True,2020-08-28,31248.32634812011,10086.35,10808.982935736298,11703.237950420735,9914.72792105186,2020-08-28 06:30:00,2020-08-28 06:30:00,9207.74,9240.73606612472,9972.755138679702,8508.716993569738,2020-08-28 08:00:00,2020-08-28 08:00:00,153224.67149143748,0.8767805647813044,324.033237728949,0.04024237916031326
241,"(1, 1, 1, 1, 48, 0, 0)",2688,True,2020-08-29,31256.386799810887,9143.53,10505.053777520101,11401.406486847307,9608.701068192895,2020-08-29 06:30:00,2020-08-29 06:30:00,8584.66,8969.919628108335,9703.579665022653,8376.346942878032,2020-08-29 00:00:00,2020-08-29 08:00:00,638476.6444463158,0.30960883546994156,679.0623444132934,0.09076950523442817
242,"(1, 1, 1, 1, 48, 0, 0)",2688,True,2020-08-30,31271.724053148722,8710.85,9947.182638978731,10860.04925601653,9034.316021940933,2020-08-30 06:00:00,2020-08-30 06:30:00,7808.31,8482.38459568677,9224.501423809836,7740.267767563704,2020-08-30 00:00:00,2020-08-30 08:00:00,658944.9829397005,0.06114394256851752,677.2817839770801,0.0939658397781904
243,"(1, 1, 1, 1, 48, 0, 0)",2688,True,2020-08-31,31295.673185349155,10090.8,10096.615533558444,11037.51336734884,9155.717699768049,2020-08-31 06:00:00,2020-08-31 06:30:00,8170.62,8325.497129941903,9081.951326647264,7569.042933236542,2020-08-31 07:30:00,2020-08-31 08:00:00,74106.782065858,0.9411432534593339,227.13442921442106,0.03216437504744177
244,"(1, 1, 1, 1, 48, 0, 0)",2688,True,2020-09-01,31305.87220144283,10046.14,10216.798278687998,11160.28651396231,9273.310043413687,2020-09-01 06:30:00,2020-09-01 06:30:00,8651.23,8852.045739770174,9611.71433375226,8092.3771457880885,2020-09-01 08:00:00,2020-09-01 08:00:00,56579.00532604241,0.9424802185003105,211.54223918225875,0.027401010414389054
245,"(1, 1, 1, 1, 48, 0, 0)",2688,True,2020-09-02,31333.52643914123,9441.79,9771.775269893933,10733.916366505204,8809.634173282662,2020-09-02 06:00:00,2020-09-02 06:30:00,9002.6,8900.186424088395,9669.954773603911,8130.418074572879,2020-09-02 07:30:00,2020-09-02 08:00:00,78570.61560137177,0.8907577443578957,211.57045678482132,0.02738443752923761
246,"(1, 1, 1, 1, 48, 0, 0)",2688,True,2020-09-03,31356.284269187327,9044.16,9410.528320981944,10373.544116791853,8447.512525172036,2020-09-03 06:00:00,2020-09-03 06:30:00,7983.71,8690.384434554839,9462.9398226931,7917.829046416577,2020-09-03 07:30:00,2020-09-03 08:00:00,261268.53559878003,0.4891302908545474,415.46911400062714,0.055906737226643854
247,"(1, 1, 1, 1, 48, 0, 0)",2688,True,2020-09-04,31394.533389068947,9018.9,9484.427923621151,10447.880894775924,8520.974952466378,2020-09-04 06:00:00,2020-09-04 06:00:00,7807.13,8399.513320803775,9179.761098855663,7619.265542751887,2020-09-04 08:30:00,2020-09-04 08:00:00,81301.92291089192,0.8498345638987569,225.86404680562,0.02881870554652327
248,"(1, 1, 1, 1, 48, 0, 0)",2688,True,2020-09-05,31437.8884536086,8385.24,9215.16011496935,10183.415861969881,8246.90436796882,2020-09-05 06:30:00,2020-09-05 06:30:00,7568.55,7819.225370481676,8604.383518324375,7352.92376655289,2020-09-05 00:00:00,2020-09-05 08:00:00,253691.86158314472,0.5977320448923018,401.73067459127884,0.05666638298011232
249,"(1, 1, 1, 1, 48, 0, 0)",2688,True,2020-09-06,31439.604805642866,8678.09,8782.740672778877,9754.448373440682,7811.032972117071,2020-09-06 06:30:00,2020-09-06 06:00:00,7375.86,7407.446990932841,8195.683555521016,7228.744875312947,2020-09-06 00:00:00,2020-09-06 08:00:00,45367.05768103946,0.9225411190762817,151.8722762359873,0.022533805570650406
250,"(1, 1, 1, 1, 48, 0, 0)",2688,True,2020-09-07,31421.069464947086,9284.89,9139.95063102686,10104.4035710495,8175.4976910042205,2020-09-07 06:30:00,2020-09-07 06:00:00,8055.33,7467.187479608329,8233.321042275891,7009.224351031339,2020-09-07 07:30:00,2020-09-07 07:30:00,101604.75438625911,0.8745593692238219,257.77421678757514,0.03582096773396374
251,"(1, 1, 1, 1, 48, 0, 0)",2688,True,2020-09-08,31201.664753297384,9031.87,9206.6228184664,10168.798608328421,8244.447028604378,2020-09-08 06:00:00,2020-09-08 06:30:00,7930.65,7900.662916851493,8652.339307780992,7450.15517622853,2020-09-08 07:30:00,2020-09-08 07:30:00,47959.67593469843,0.9187653061177362,167.14019520840944,0.022835961476299918
252,"(1, 1, 1, 1, 48, 0, 0)",2688,True,2020-09-09,31186.320419360276,10255.73,9096.75408976249,10050.709279300261,8142.798900224718,2020-09-09 06:00:00,2020-09-09 06:00:00,8271.91,8072.302560862659,8853.24100310832,7412.53948202373,2020-09-09 11:00:00,2020-09-09 08:30:00,265978.82467528613,0.7641996937008273,372.9333403176668,0.042122718002964306
253,"(1, 1, 1, 1, 48, 0, 0)",2688,True,2020-09-10,31205.83738493804,9853.68,9337.852218653166,10289.040541422153,8386.66389588418,2020-09-10 06:30:00,2020-09-10 06:00:00,8281.66,7952.687227930044,8718.84956047843,7675.316301579032,2020-09-10 08:00:00,2020-09-10 08:00:00,101900.14765294244,0.8821634770996604,245.8744063208696,0.029765344235427312
254,"(1, 1, 1, 1, 48, 0, 0)",2688,True,2020-09-11,31220.153519479365,9144.28,9458.890513189166,10414.127595995013,8503.65343038332,2020-09-11 06:30:00,2020-09-11 06:00:00,8211.58,8113.853756626538,8883.679742784454,7812.859482864996,2020-09-11 08:00:00,2020-09-11 08:00:00,169675.61584192357,0.7061201482078469,299.1893750405839,0.041083058140103317
255,"(1, 1, 1, 1, 48, 0, 0)",2688,True,2020-09-12,31235.464451671276,8467.86,9094.612523577207,10054.473716249882,8134.751330904533,2020-09-12 06:30:00,2020-09-12 06:30:00,7899.39,7938.691551147381,8417.719117545486,7784.192333026354,2020-09-12 00:00:00,2020-09-12 00:00:00,174307.69531324672,0.7318031606291788,372.27142182745956,0.0538024539280485
256,"(1, 1, 1, 1, 48, 0, 0)",2688,True,2020-09-13,31228.8568206799,8655.85,8783.61470168625,9737.591103192888,7829.638300179613,2020-09-13 06:30:00,2020-09-13 06:30:00,7233.11,7319.307882231884,8052.897575046429,7165.006940585868,2020-09-13 00:00:00,2020-09-13 00:00:00,121387.08262734026,0.8103984564662793,281.94720416527707,0.0426561684949086
257,"(1, 1, 1, 1, 48, 0, 0)",2688,True,2020-09-14,31245.652904461396,9021.34,9041.776355761012,9987.09289571474,8096.459815807284,2020-09-14 06:00:00,2020-09-14 06:30:00,7726.31,7294.664521199705,8043.364293007176,6929.213056225564,2020-09-14 07:30:00,2020-09-14 07:30:00,77696.13168929843,0.8924162921102918,227.65063891393376,0.03310748755652594
258,"(1, 1, 1, 1, 48, 0, 0)",2688,True,2020-09-15,31214.588227055956,9003.34,8939.13601616758,9887.850041333966,7990.421991001193,2020-09-15 06:30:00,2020-09-15 06:30:00,7928.97,7455.51270097274,8208.02213093956,7301.520342935557,2020-09-15 08:00:00,2020-09-15 00:00:00,60361.61987572107,0.8967155211753148,214.54583246895967,0.03028119774086363
259,"(1, 1, 1, 1, 48, 0, 0)",2688,True,2020-09-16,31176.684447722273,8874.04,9355.217300362936,10301.532647789636,8408.901952936236,2020-09-16 06:30:00,2020-09-16 06:30:00,7647.47,7680.791131630108,8440.548645149653,7419.804741589191,2020-09-16 07:30:00,2020-09-16 08:00:00,112492.07033637242,0.8036530610925546,267.00146128453,0.03657392780700359
260,"(1, 1, 1, 1, 48, 0, 0)",2688,True,2020-09-17,31161.498751429284,8847.75,9097.310138503886,10042.032391317798,8152.5878856899735,2020-09-17 06:00:00,2020-09-17 06:30:00,7500.84,7409.775396639128,8167.587084307581,7113.565710321291,2020-09-17 08:00:00,2020-09-17 08:00:00,234132.81631895233,0.5626209683644059,325.8980786772789,0.04456430179085186
261,"(1, 1, 1, 1, 48, 0, 0)",2688,True,2020-09-18,31176.46103484921,9001.94,8850.154773034414,9792.951347715281,7907.358198353546,2020-09-18 06:00:00,2020-09-18 06:00:00,7884.54,7797.496240639384,8557.982832477719,7087.20578454345,2020-09-18 08:30:00,2020-09-18 08:00:00,15632.51121807167,0.972398405712781,98.86221317452622,0.012901841181025336
262,"(1, 1, 1, 1, 48, 0, 0)",2688,True,2020-09-19,31074.21755935458,8110.6,8648.985891942759,9568.203536443078,7729.768247442439,2020-09-19 06:00:00,2020-09-19 06:00:00,7500.74,7594.1365405918195,8182.479601799003,7443.328480918341,2020-09-19 00:00:00,2020-09-19 00:00:00,157178.73967544961,0.5180508793707561,335.6988736728164,0.04879672047049363
263,"(1, 1, 1, 1, 48, 0, 0)",2688,True,2020-09-20,31059.81395155902,8369.79,8397.881256723986,9321.053715678805,7474.708797769166,2020-09-20 06:30:00,2020-09-20 06:00:00,7491.4,7461.235037132899,8267.995094956617,6761.256123198173,2020-09-20 10:00:00,2020-09-20 10:30:00,85264.49449190497,0.8345151742182465,216.7823018583737,0.03284075880022073
264,"(1, 1, 1, 1, 48, 0, 0)",2688,True,2020-09-21,30996.96254088741,9072.37,8394.448583865935,9312.259677325723,7476.637490406147,2020-09-21 06:00:00,2020-09-21 06:00:00,7203.59,6837.374144803213,7573.4006334364585,6638.482709581824,2020-09-21 08:00:00,2020-09-21 08:00:00,377511.5543136305,0.5111363898974721,511.6616510011551,0.06862842572299223
265,"(1, 1, 1, 1, 48, 0, 0)",2688,True,2020-09-22,30965.497071276342,8719.37,8786.746513733424,9704.309515538196,7869.1835119286525,2020-09-22 06:00:00,2020-09-22 06:30:00,7186.36,7275.313893234314,8007.447299996464,7084.566374438473,2020-09-22 08:00:00,2020-09-22 08:00:00,30105.466837300424,0.9425992300014939,143.8492755125409,0.020475773525568623
266,"(1, 1, 1, 1, 48, 0, 0)",2688,True,2020-09-23,30954.6204521566,8869.74,8655.03243701306,9571.444468388256,7738.620405637866,2020-09-23 06:30:00,2020-09-23 06:30:00,7157.96,7123.247164646643,7721.685611107057,6976.187103624907,2020-09-23 00:00:00,2020-09-23 00:00:00,14971.791617838295,0.9768138030978941,105.88131230941582,0.01543279293316121
267,"(1, 1, 1, 1, 48, 0, 0)",2688,True,2020-09-24,30957.975962208187,8974.41,8750.115040146135,9666.063446281865,7834.166634010404,2020-09-24 06:30:00,2020-09-24 06:00:00,7354.75,7216.814681358381,7794.317816399222,7069.672015049735,2020-09-24 07:00:00,2020-09-24 00:00:00,54248.032074507675,0.9241432151117738,188.74809540257533,0.026482987906245536
268,"(1, 1, 1, 1, 48, 0, 0)",2688,True,2020-09-25,30950.3829120428,9089.91,9073.915905347558,9990.026324470417,8157.805486224699,2020-09-25 06:00:00,2020-09-25 06:00:00,7520.51,7468.801319038296,8096.417366207409,7321.901205586909,2020-09-25 00:00:00,2020-09-25 00:00:00,35163.07092572487,0.9465748804681324,146.4301381245605,0.018903294312207972
269,"(1, 1, 1, 1, 48, 0, 0)",2688,True,2020-09-26,30950.889901753395,8900.59,8792.656596111632,9712.69273349941,7872.620458723854,2020-09-26 06:30:00,2020-09-26 06:30:00,7779.22,7776.68348995319,7946.062731575888,7629.743376963973,2020-09-26 00:00:00,2020-09-26 00:00:00,149167.36967647186,0.8134698002800413,297.6397362389303,0.04574171675553044
270,"(1, 1, 1, 1, 48, 0, 0)",2688,True,2020-09-27,30942.922369893055,8977.14,8887.886319756948,9804.761219529386,7971.011419984511,2020-09-27 06:30:00,2020-09-27 06:30:00,7461.97,7444.836340333359,7773.462438810141,7298.21894800891,2020-09-27 00:00:00,2020-09-27 00:00:00,190795.30367220636,0.7855739382546949,341.55472263352857,0.05385706265979151
271,"(1, 1, 1, 1, 48, 0, 0)",2688,True,2020-09-28,30928.14702171038,9271.89,9030.334818614358,9932.892238470045,8127.77739875867,2020-09-28 06:30:00,2020-09-28 06:30:00,7531.22,7255.642630409631,7822.724405132319,7109.410783502493,2020-09-28 07:00:00,2020-09-28 00:00:00,44759.11556495173,0.9454171824136911,181.09409558282573,0.025008258629998836
272,"(1, 1, 1, 1, 48, 0, 0)",2688,True,2020-09-29,30913.55827656057,9148.04,8954.931282487574,9856.586268403958,8053.276296571191,2020-09-29 06:30:00,2020-09-29 06:30:00,7635.93,7486.403169149215,7909.302466020371,7340.587844183332,2020-09-29 00:00:00,2020-09-29 00:00:00,26202.737539727503,0.961733635130569,133.1228058177703,0.018279664529476308
273,"(1, 1, 1, 1, 48, 0, 0)",2688,True,2020-09-30,30880.36611183688,9209.73,8942.131821633666,9836.849770759987,8047.413872507344,2020-09-30 06:30:00,2020-09-30 06:30:00,7627.26,7522.249855845109,8022.666921583121,7377.295792059384,2020-09-30 08:00:00,2020-09-30 00:00:00,157488.66010889897,0.7301312866479003,294.4884172029236,0.03791644933612786
274,"(1, 1, 1, 1, 48, 0, 0)",2688,True,2020-10-01,30847.021405729636,8598.69,8962.752447518415,9858.384211275374,8067.120683761456,2020-10-01 06:30:00,2020-10-01 06:30:00,7454.82,7282.970854480625,7853.041817724616,7138.8900790437865,2020-10-01 00:00:00,2020-10-01 00:00:00,26752.7731459139,0.9528596764222064,128.32922519913242,0.017683923726680994
275,"(1, 1, 1, 1, 48, 0, 0)",2688,True,2020-10-02,30752.80055417785,8271.89,8907.816142158874,9779.662657184943,8035.969627132806,2020-10-02 06:30:00,2020-10-02 06:30:00,7449.29,7529.011988022863,7915.4396018005,7387.1537013206225,2020-10-02 00:00:00,2020-10-02 00:00:00,96727.3755907023,0.7845383796778816,252.48953683796512,0.03535279866860073
276,"(1, 1, 1, 1, 48, 0, 0)",2688,True,2020-10-03,30670.462083908136,7926.56,8532.249512111932,9367.277072841634,7697.22195138223,2020-10-03 06:30:00,2020-10-03 06:30:00,7278.53,7248.89754653198,7397.279988393611,7109.2107551248455,2020-10-03 00:00:00,2020-10-03 00:00:00,173771.2568055332,0.6600042647544379,323.631830659995,0.049486706498366166
277,"(1, 1, 1, 1, 48, 0, 0)",2688,True,2020-10-04,30664.987641002135,7759.37,8251.47807017778,9098.431307574812,7404.5248327807485,2020-10-04 06:30:00,2020-10-04 06:30:00,6730.48,6718.589442283774,6858.046860491994,6579.132024075553,2020-10-04 00:00:00,2020-10-04 00:00:00,72365.0451095843,0.8645190311331405,211.25754135777143,0.03222412152618475
278,"(1, 1, 1, 1, 48, 0, 0)",2688,True,2020-10-05,30585.836279390558,8368.35,8195.968771302552,9022.567644179057,7369.369898426048,2020-10-05 05:30:00,2020-10-05 06:30:00,6408.55,6532.733714885348,6962.704648046941,6395.400836023228,2020-10-05 00:00:00,2020-10-05 00:00:00,179708.65507423933,0.8092225703983671,311.6613942211288,0.04738397365894209
279,"(1, 1, 1, 1, 48, 0, 0)",2688,True,2020-10-06,30602.117669693198,8389.44,8195.48759721007,9015.481861747858,7375.493332672283,2020-10-06 06:00:00,2020-10-06 06:30:00,7558.04,6782.888037620174,7358.3342680266305,6644.93821574804,2020-10-06 08:30:00,2020-10-06 00:00:00,251621.07009754502,0.5043102988125856,414.37325789972823,0.05751994178964375
280,"(1, 1, 1, 1, 48, 0, 0)",2688,True,2020-10-07,30568.423726121113,8451.43,8383.743960566944,9179.879830988586,7587.6080901453015,2020-10-07 05:30:00,2020-10-07 06:00:00,7635.66,7167.22033172376,7850.867709427854,6931.108872988422,2020-10-07 08:30:00,2020-10-07 09:30:00,99231.00136679558,0.779807262726695,246.2068641368725,0.03322722209940044
281,"(1, 1, 1, 1, 48, 0, 0)",2688,True,2020-10-08,30551.43238113431,8370.56,8188.834205820875,8968.673320689002,7408.995090952747,2020-10-08 06:30:00,2020-10-08 06:30:00,7561.15,7037.600287748004,7498.318457258191,6900.675707234027,2020-10-08 08:00:00,2020-10-08 00:00:00,220189.1042033866,0.4472329547827367,354.3664475714465,0.04847457880215128
282,"(1, 1, 1, 1, 48, 0, 0)",2688,True,2020-10-09,30566.290292937407,7945.2,8122.684137957818,8905.646533952004,7344.410468025096,2020-10-09 06:30:00,2020-10-09 05:30:00,7189.23,6947.47671950951,7536.269721755353,6810.112565488961,2020-10-09 07:30:00,2020-10-09 00:00:00,36561.504157809606,0.8870768247753453,154.5572210534392,0.022563300015988146
283,"(1, 1, 1, 1, 48, 0, 0)",2688,True,2020-10-10,30579.507864696203,7507.26,7961.270575079074,8737.875482324886,7184.665667833262,2020-10-10 06:30:00,2020-10-10 06:30:00,6994.45,7047.065255299307,7353.275568972824,6909.328522357014,2020-10-10 00:00:00,2020-10-10 00:00:00,258876.60080404123,0.3964514776361898,436.73472078091754,0.07222714260595159
284,"(1, 1, 1, 1, 48, 0, 0)",2688,True,2020-10-11,30587.50653721493,7788.95,7675.429508607078,8460.050492922888,6890.8085242912675,2020-10-11 06:30:00,2020-10-11 06:30:00,6574.99,6510.477166181723,6967.790935883971,6372.682395648563,2020-10-11 00:00:00,2020-10-11 00:00:00,44239.826684143394,0.9172161065788809,172.82559684704597,0.029239393282223174
285,"(1, 1, 1, 1, 48, 0, 0)",2688,True,2020-10-12,30556.260637813193,8336.96,7916.707770699927,8689.885853126641,7146.472930961386,2020-10-12 05:30:00,2020-10-12 06:30:00,7495.45,6457.451315392481,6975.369153865866,6320.637106849792,2020-10-12 07:00:00,2020-10-12 00:00:00,408543.54108313937,0.2524118241664951,562.5621035892169,0.07989304068677973
286,"(1, 1, 1, 1, 48, 0, 0)",2688,True,2020-10-13,30568.112655647496,8544.86,8184.724462017724,8957.146777231488,7412.30214680396,2020-10-13 05:30:00,2020-10-13 06:00:00,7535.09,7332.303151732227,7955.107331022834,6932.629446317576,2020-10-13 07:00:00,2020-10-13 07:30:00,63981.68607246092,0.8615633067611622,177.74415808788635,0.023647626746298184
287,"(1, 1, 1, 1, 48, 0, 0)",2688,True,2020-10-14,30531.894672913597,8231.45,8254.20934720227,9016.566814274222,7491.851880130317,2020-10-14 06:30:00,2020-10-14 05:30:00,7524.35,7398.934556546019,8016.44159242286,6790.7111531218525,2020-10-14 07:00:00,2020-10-14 07:30:00,33515.58019822145,0.91285404467741,132.0844127172251,0.01891842032076322
288,"(1, 1, 1, 1, 48, 0, 0)",2688,True,2020-10-15,30507.663137509076,8520.02,8248.905891649089,9013.87291042656,7483.938872871618,2020-10-15 06:30:00,2020-10-15 06:30:00,7415.91,7397.341580363916,7999.469852148239,6829.951968126126,2020-10-15 07:00:00,2020-10-15 07:00:00,58220.049522323556,0.8932268020563661,174.04178858525415,0.02350581119595377
289,"(1, 1, 1, 1, 48, 0, 0)",2688,True,2020-10-16,30509.496527836793,8139.13,8271.72571831278,9028.841504927917,7514.609931697644,2020-10-16 06:00:00,2020-10-16 05:30:00,7793.9,7550.840831036032,8152.720897540531,6948.960764531533,2020-10-16 08:00:00,2020-10-16 07:00:00,34755.18842131745,0.8935102118271533,131.47230341973773,0.01757099683739084
290,"(1, 1, 1, 1, 48, 0, 0)",2688,True,2020-10-17,30520.99739818468,7898.85,8064.761259599601,8819.999476691662,7309.52304250754,2020-10-17 06:00:00,2020-10-17 05:30:00,7045.53,7320.603980159111,7922.001369609078,6886.161937314099,2020-10-17 00:00:00,2020-10-17 07:00:00,80733.021756307,0.7894055656264762,226.32027313028993,0.03471478943347799
291,"(1, 1, 1, 1, 48, 0, 0)",2688,True,2020-10-18,30531.781229492237,7833.12,7947.105861440916,8713.974710169785,7183.113624021866,2020-10-18 06:00:00,2020-10-18 06:00:00,6651.1,6985.555985466242,7620.552757375468,6485.113153009048,2020-10-18 09:00:00,2020-10-18 07:30:00,108057.44186305253,0.7105396561926115,274.04073793254946,0.04238973719937869
292,"(1, 1, 1, 1, 48, 0, 0)",2688,True,2020-10-19,30519.102395030106,8265.48,8003.880117054051,8769.059758595811,7239.719157832911,2020-10-19 05:30:00,2020-10-19 06:00:00,7639.93,7083.096615517989,7710.727382626718,6461.20610218281,2020-10-19 07:30:00,2020-10-19 08:00:00,105378.3036803656,0.7797163324680514,267.65208525110944,0.037343496746893266
293,"(1, 1, 1, 1, 48, 0, 0)",2688,True,2020-10-20,30533.510752554084,8263.87,8166.142314540992,8929.034038294158,7403.250590787826,2020-10-20 05:30:00,2020-10-20 05:30:00,7647.95,7403.403071435571,8021.047888952731,6819.307155523693,2020-10-20 07:00:00,2020-10-20 07:30:00,23499.924611147504,0.937193471762788,128.82378908607456,0.01791308846471781
294,"(1, 1, 1, 1, 48, 0, 0)",2688,True,2020-10-21,30501.227439505947,8268.43,8192.498413055882,8951.252339935376,7433.744486176389,2020-10-21 06:30:00,2020-10-21 06:30:00,7411.0,7329.638055863401,7928.668833795409,6980.317737064842,2020-10-21 07:00:00,2020-10-21 07:00:00,16956.965447845756,0.9619010515838323,105.13814196121275,0.015459824383946047
295,"(1, 1, 1, 1, 48, 0, 0)",2688,True,2020-10-22,30461.24005133894,8401.0,8269.194433612212,9006.196038183161,7532.1928290412625,2020-10-22 05:30:00,2020-10-22 06:30:00,7616.7,7392.36704972086,7979.751737076979,6936.558815858696,2020-10-22 07:00:00,2020-10-22 07:00:00,58002.757559688725,0.8622614976467943,198.1712197366835,0.027363920663940337
296,"(1, 1, 1, 1, 48, 0, 0)",2688,True,2020-10-23,30400.7296491907,8289.45,8191.682803609175,8902.970583150332,7481.208572964502,2020-10-23 05:30:00,2020-10-23 06:00:00,7511.46,7440.5060399996355,8014.081305308433,6950.062018358286,2020-10-23 07:00:00,2020-10-23 07:00:00,52228.30684387155,0.8603679466469962,155.8205436358602,0.021564484922402635
297,"(1, 1, 1, 1, 48, 0, 0)",2688,True,2020-10-24,30369.745245860122,7956.9,8174.005099615545,8876.83711104065,7471.1730881904405,2020-10-24 05:30:00,2020-10-24 05:30:00,7377.39,7388.689593061702,7990.775664947016,6931.265007600743,2020-10-24 09:30:00,2020-10-24 08:30:00,73326.16395528779,0.8092406759287072,210.79699751525985,0.031088011456780338
298,"(1, 1, 1, 1, 48, 0, 0)",2688,True,2020-10-25,30366.665615582173,8445.64,8049.8863316545785,8738.50526225223,7361.267401056927,2020-10-25 05:00:00,2020-10-25 05:30:00,7181.91,7455.599193143604,8081.242776786363,6832.1498488066645,2020-10-25 10:30:00,2020-10-25 10:30:00,108459.32904780179,0.8415647742689035,270.1847490415219,0.039565073844789446
299,"(1, 1, 1, 1, 48, 0, 0)",2688,True,2020-10-26,30375.35435944069,9324.77,8278.43911198456,8959.168616059804,7597.709607909317,2020-10-26 05:30:00,2020-10-26 05:30:00,8309.25,7390.823863302441,8005.315498516946,6776.3322280879365,2020-10-26 09:30:00,2020-10-26 10:00:00,440814.72183572873,0.5667249569741881,565.0281272306453,0.0686971214214586
300,"(1, 1, 1, 1, 48, 0, 0)",2688,True,2020-10-27,30395.24119681113,8538.05,8538.182621276597,9229.727982711873,7846.637259841321,2020-10-27 06:30:00,2020-10-27 05:30:00,8327.14,7735.633910407252,8313.22516645244,7224.108635544076,2020-10-27 07:30:00,2020-10-27 07:30:00,42047.76450016798,0.9022521232905625,148.47398823372245,0.019346581222933867
301,"(1, 1, 1, 1, 48, 0, 0)",2688,True,2020-10-28,30378.997737270747,8384.58,8404.258489555295,9095.431258106226,7713.085721004365,2020-10-28 06:00:00,2020-10-28 05:30:00,7888.75,7578.806119393163,8184.18634893276,7053.851647510487,2020-10-28 07:30:00,2020-10-28 09:00:00,16222.134099385985,0.9554499158174841,93.91951710818141,0.01262951455426721
302,"(1, 1, 1, 1, 48, 0, 0)",2688,True,2020-10-29,30371.963648684152,8304.85,8465.367321743635,9164.866948241259,7765.867695246012,2020-10-29 06:30:00,2020-10-29 06:30:00,7946.32,7769.948444955359,8346.881456025923,7193.015433884796,2020-10-29 07:00:00,2020-10-29 07:30:00,23416.471438461664,0.9398214069940399,124.45717209080063,0.01715180663331679
303,"(1, 1, 1, 1, 48, 0, 0)",2688,True,2020-10-30,30391.060640798092,7895.61,8408.868297121462,9106.9725395813,7710.764054661625,2020-10-30 06:30:00,2020-10-30 06:00:00,7525.59,7518.378572597422,8085.352093620127,7028.862247577752,2020-10-30 07:00:00,2020-10-30 07:00:00,88345.03764289385,0.6521895995101293,223.20529763438776,0.031092977015831857
304,"(1, 1, 1, 1, 48, 0, 0)",2688,True,2020-10-31,30373.306361720428,7711.74,8188.985714408328,8883.612853822706,7494.358574993949,2020-10-31 05:30:00,2020-10-31 05:30:00,7046.39,7266.36866544767,7838.158632253178,6809.000595387305,2020-10-31 08:30:00,2020-10-31 07:00:00,104825.61735547327,0.6419884103909758,280.57347509713156,0.04103357221798532
305,"(1, 1, 1, 1, 48, 0, 0)",2688,True,2020-11-01,30447.44899199194,7780.44,8104.241883784512,8797.611762091117,7410.872005477906,2020-11-01 06:30:00,2020-11-01 06:00:00,6709.47,7137.466887195525,7736.610772639331,6538.323001751718,2020-11-01 09:00:00,2020-11-01 08:30:00,212032.41694102532,0.41064890899188,373.651042032322,0.05693335059677351
306,"(1, 1, 1, 1, 48, 0, 0)",2688,True,2020-11-02,30464.489584270592,8131.95,8211.420573502694,8910.99183299643,7511.849314008958,2020-11-02 05:30:00,2020-11-02 06:30:00,7531.28,7242.093022565412,7825.175184453461,6659.010860677363,2020-11-02 07:00:00,2020-11-02 07:30:00,23350.942761935057,0.9431713238567881,104.49954303955785,0.015161530475277444
307,"(1, 1, 1, 1, 48, 0, 0)",2688,True,2020-11-03,30472.911104858857,8130.29,8073.749798035796,8769.594802477213,7377.904793594379,2020-11-03 06:30:00,2020-11-03 06:30:00,7394.48,7396.329933380532,7967.336465675379,6960.001066400918,2020-11-03 07:00:00,2020-11-03 07:00:00,21650.21493306559,0.951961834595398,113.69920326819101,0.01661011280497537
308,"(1, 1, 1, 1, 48, 0, 0)",2688,True,2020-11-04,30465.38299430811,8379.01,8030.154153496829,8723.888724220204,7336.419582773456,2020-11-04 05:30:00,2020-11-04 06:30:00,7285.73,7274.106110533704,7845.807705148165,6983.3971535249975,2020-11-04 07:30:00,2020-11-04 07:00:00,54667.6122498746,0.8946204162272686,184.27578356135166,0.025913875543606874
309,"(1, 1, 1, 1, 48, 0, 0)",2688,True,2020-11-05,30446.891490585313,8880.37,8067.532775468843,8742.915209332945,7392.150341604741,2020-11-05 05:30:00,2020-11-05 05:30:00,7948.89,7633.89978438989,8207.200180468097,7060.599388311682,2020-11-05 10:30:00,2020-11-05 07:30:00,212133.16313319025,0.678717881982172,388.47796700523776,0.04853122297881204
310,"(1, 1, 1, 1, 48, 0, 0)",2688,True,2020-11-06,30415.0314075206,7917.11,8180.126540114473,8858.405926762991,7501.847153465954,2020-11-06 07:00:00,2020-11-06 06:30:00,7737.71,7536.218376889872,8096.443790066688,7151.750285167749,2020-11-06 07:00:00,2020-11-06 07:00:00,82839.9055184521,0.7852169448024167,226.93234504851205,0.0340032169568901
311,"(1, 1, 1, 1, 48, 0, 0)",2688,True,2020-11-07,30397.50643392758,7591.23,8041.845067376257,8707.727087818397,7375.963046934117,2020-11-07 07:00:00,2020-11-07 05:30:00,7074.31,7205.165946854603,7770.903251108306,6950.259321339983,2020-11-07 00:00:00,2020-11-07 07:30:00,306369.3321371169,0.1221746440835505,468.705500541022,0.07443520622910861
312,"(1, 1, 1, 1, 48, 0, 0)",2688,True,2020-11-08,30412.39665558105,7617.46,7859.843876697891,8537.004804911416,7182.682948484366,2020-11-08 06:30:00,2020-11-08 06:30:00,6618.32,6780.021027101241,7350.956315168847,6491.613186161095,2020-11-08 00:00:00,2020-11-08 07:30:00,301181.9486438017,0.32774726259408615,465.59790621611575,0.07759768076492697
313,"(1, 1, 1, 1, 48, 0, 0)",2688,True,2020-11-09,30369.71933757405,8112.92,7856.567001412614,8540.798323884528,7172.335678940701,2020-11-09 06:30:00,2020-11-09 06:30:00,7494.18,6922.891760470901,7484.162794360952,6436.2124481320925,2020-11-09 07:00:00,2020-11-09 07:00:00,105824.64900146873,0.7690224176055007,285.49452525247443,0.041111030451180995
314,"(1, 1, 1, 1, 48, 0, 0)",2688,True,2020-11-10,30373.946887894457,8228.87,8013.235183184208,8698.82365492515,7327.646711443264,2020-11-10 07:00:00,2020-11-10 06:30:00,7380.43,7122.644344600775,7684.2826469678075,6947.027023698894,2020-11-10 07:00:00,2020-11-10 07:00:00,51674.18985846146,0.8899255016638098,183.78166137270702,0.026802734592754698
315,"(1, 1, 1, 1, 48, 0, 0)",2688,True,2020-11-11,30372.463518443994,8594.28,8037.415018217417,8725.399875386216,7349.430161048617,2020-11-11 05:30:00,2020-11-11 06:30:00,7238.41,7049.465399186186,7565.975680245923,6917.269053817957,2020-11-11 07:00:00,2020-11-11 00:00:00,189835.36119634143,0.6622218705884599,344.3173837917525,0.047828263053744345
316,"(1, 1, 1, 1, 48, 0, 0)",2688,True,2020-11-12,30347.617373956014,8871.05,8269.185975104576,8955.265629594613,7583.106320614539,2020-11-12 05:30:00,2020-11-12 05:30:00,7443.88,7347.873368994519,7908.918392857324,6942.384312971885,2020-11-12 12:00:00,2020-11-12 07:00:00,273255.759048599,0.6052419406756593,395.06306241494195,0.050254683506582166
317,"(1, 1, 1, 1, 48, 0, 0)",2688,True,2020-11-13,30334.711653300295,8039.33,8221.397682746001,8915.415547456429,7527.379818035573,2020-11-13 02:00:00,2020-11-13 05:30:00,7873.81,7581.916343972009,8145.055694983279,7145.055390227885,2020-11-13 09:00:00,2020-11-13 07:00:00,250724.796043457,0.24218585436250806,387.2827861169467,0.05176954038922547
318,"(1, 1, 1, 1, 48, 0, 0)",2688,True,2020-11-14,30488.308547690696,7767.03,7877.41599818024,8594.23464516763,7160.5973511928505,2020-11-14 07:00:00,2020-11-14 07:00:00,6877.8,6715.528254683789,7287.493065626714,6580.344561840614,2020-11-14 00:00:00,2020-11-14 00:00:00,39752.96800123179,0.9072359642324468,178.12343223224192,0.028121215662098017
319,"(1, 1, 1, 1, 48, 0, 0)",2688,True,2020-11-15,30468.814261007396,8922.88,7865.42483010105,8579.779555929073,7151.070104273026,2020-11-15 05:30:00,2020-11-15 07:00:00,6667.91,6696.942282796994,7096.11280091143,6562.302975647445,2020-11-15 00:00:00,2020-11-15 00:00:00,290282.559971224,0.7401019423724202,402.7610900509776,0.05576634151786638
320,"(1, 1, 1, 1, 48, 0, 0)",2688,True,2020-11-16,30448.44559263223,11337.12,8220.628387635717,8933.706797121242,7507.549978150193,2020-11-16 04:30:00,2020-11-16 05:30:00,8859.45,6861.336885870512,7439.342626689588,6684.380469407574,2020-11-16 12:00:00,2020-11-16 07:00:00,3938322.5649125227,-0.4168677891780097,1525.071376457495,0.16174912312037468
321,"(1, 1, 1, 1, 48, 0, 0)",2688,True,2020-11-17,30702.60124391293,8338.27,8930.490258634523,9752.539202805196,8108.441314463851,2020-11-17 05:00:00,2020-11-17 05:30:00,7623.35,7451.076914468443,8092.697997161963,7245.630458654124,2020-11-17 07:00:00,2020-11-17 07:00:00,103102.20153173765,0.683344107152801,260.69089774314267,0.03445920351577304
322,"(1, 1, 1, 1, 48, 0, 0)",2688,True,2020-11-18,30710.03845680188,8352.72,8670.186980355278,9493.571389702256,7846.802571008299,2020-11-18 05:30:00,2020-11-18 05:30:00,7437.95,7233.513824914649,7891.34551693967,6864.004574483806,2020-11-18 07:30:00,2020-11-18 07:30:00,66083.5379215324,0.8435179202249777,193.1714913968669,0.02634948867234893
323,"(1, 1, 1, 1, 48, 0, 0)",2688,True,2020-11-19,30710.989512968747,8998.05,8691.12614983836,9515.874477270816,7866.377822405902,2020-11-19 05:30:00,2020-11-19 05:30:00,7254.94,7094.646709290113,7759.70010905534,6875.581485714275,2020-11-19 07:00:00,2020-11-19 07:30:00,26399.8935010132,0.9641824602213147,127.75321990504393,0.016468014797193134
324,"(1, 1, 1, 1, 48, 0, 0)",2688,True,2020-11-20,30732.321646582237,10404.45,8508.332385624231,9335.333086112041,7681.331685136421,2020-11-20 04:30:00,2020-11-20 05:30:00,8375.97,7145.560890267137,7806.915653892566,6815.421891760216,2020-11-20 12:00:00,2020-11-20 07:30:00,1313130.164933759,0.24717580395657057,901.9741926784442,0.10152829153279579
325,"(1, 1, 1, 1, 48, 0, 0)",2688,True,2020-11-21,30798.262733060776,8169.54,8850.290820608478,9699.735819856887,8000.845821360067,2020-11-21 05:00:00,2020-11-21 05:00:00,7217.01,7457.93155542095,8134.496265011701,7173.159464970708,2020-11-21 00:00:00,2020-11-21 07:30:00,341356.22345644905,0.2232181207463262,546.3925168514196,0.07923500159078521
326,"(1, 1, 1, 1, 48, 0, 0)",2688,True,2020-11-22,30820.66693276467,8868.73,8847.587247712449,9701.359144749442,7993.815350675455,2020-11-22 05:30:00,2020-11-22 05:00:00,6932.35,6919.108380943073,7701.466219986778,6630.097775375506,2020-11-22 12:00:00,2020-11-22 12:00:00,52154.9025157918,0.9472826090809323,180.1767955666244,0.0253984940688504
327,"(1, 1, 1, 1, 48, 0, 0)",2688,True,2020-11-23,30829.424728424437,8674.59,9362.611840397636,10211.80828310218,8513.415397693092,2020-11-23 05:30:00,2020-11-23 04:30:00,8489.89,8083.208150977912,8866.160347604111,7300.255954351712,2020-11-23 12:00:00,2020-11-23 12:00:00,235721.68890932176,0.6578984092512337,406.8232639129913,0.05071828423877789
328,"(1, 1, 1, 1, 48, 0, 0)",2688,True,2020-11-24,30836.721105827728,8263.56,8538.966503816766,9404.693697224715,7676.016540462248,2020-11-24 05:00:00,2020-11-24 05:30:00,7445.31,7271.521393179157,7955.592040229794,6950.898099753054,2020-11-24 08:30:00,2020-11-24 07:30:00,45054.395472832875,0.880143140877231,170.66551897502478,0.02336270324988698
329,"(1, 1, 1, 1, 48, 0, 0)",2688,True,2020-11-25,30818.98806178549,8590.29,8511.859973155966,9371.62598226907,7652.093964042863,2020-11-25 05:30:00,2020-11-25 05:30:00,7476.76,7252.220456907873,7929.857752718594,6951.812500730735,2020-11-25 07:00:00,2020-11-25 07:30:00,16783.43329848974,0.9649720569646496,102.51435012353373,0.014092142272036173
330,"(1, 1, 1, 1, 48, 0, 0)",2688,True,2020-11-26,30789.59103710989,10798.3,8754.865896643994,9604.808688161815,7904.923105126174,2020-11-26 05:00:00,2020-11-26 05:30:00,7975.36,7158.285545521465,7813.940276363279,7015.717153035921,2020-11-26 12:00:00,2020-11-26 00:00:00,1271846.952057759,0.35724051767838694,835.1208046585456,0.09165352887338607
331,"(1, 1, 1, 1, 48, 0, 0)",2688,True,2020-11-27,30824.64686084371,10117.17,9273.137061951667,10144.379489102354,8401.894634800981,2020-11-27 05:00:00,2020-11-27 05:00:00,7748.86,7639.065201601711,8324.603624908386,7246.470776799198,2020-11-27 08:30:00,2020-11-27 07:30:00,180714.7313440911,0.8613094406774368,313.9320248745424,0.03596441913522062
332,"(1, 1, 1, 1, 48, 0, 0)",2688,True,2020-11-28,30829.477659979744,12401.82,9153.632820174958,10025.88140042427,8281.384239925646,2020-11-28 04:30:00,2020-11-28 05:00:00,9907.26,7695.092698893464,8130.297409984193,7551.467927236472,2020-11-28 12:00:00,2020-11-28 00:00:00,4204786.589939023,-0.0017683377637314202,1642.0465283695946,0.15787950978156393
333,"(1, 1, 1, 1, 48, 0, 0)",2688,True,2020-11-29,30959.80454238575,11865.01,10181.984498095,11134.555640202807,9229.413355987193,2020-11-29 03:30:00,2020-11-29 04:30:00,10219.28,8494.990577700579,9328.626407318196,8347.780609047877,2020-11-29 12:00:00,2020-11-29 00:00:00,1210495.0209268273,0.5236924216412209,892.2551340856762,0.09418327516829146
334,"(1, 1, 1, 1, 48, 0, 0)",2688,True,2020-11-30,31102.59356337615,8761.81,9342.040426059524,10319.429832635975,8364.651019483073,2020-11-30 05:30:00,2020-11-30 04:30:00,7968.92,8112.411678134295,8999.052666471513,7225.770689797077,2020-11-30 08:00:00,2020-11-30 12:00:00,146412.8292000245,0.7472459729937704,309.22182193346134,0.03959516511258746
335,"(1, 1, 1, 1, 48, 0, 0)",2688,True,2020-12-01,31083.143689344182,11224.11,9385.282762048306,10359.132378994405,8411.433145102206,2020-12-01 04:00:00,2020-12-01 05:00:00,8093.04,7611.2734857835285,8490.145145278551,7145.83693681471,2020-12-01 12:00:00,2020-12-01 12:00:00,742874.1593982986,0.6416304975378277,628.0542292461702,0.0670109249989649
336,"(1, 1, 1, 1, 48, 0, 0)",2688,True,2020-12-02,31145.8193253955,8707.14,9755.978828882551,10740.03037280261,8771.927284962492,2020-12-02 04:30:00,2020-12-02 04:30:00,7949.62,8295.987176214132,9190.093875706883,7427.415411603767,2020-12-02 08:00:00,2020-12-02 12:00:00,287489.77708548825,0.29834018209555,411.7784589313501,0.05131932735698139
337,"(1, 1, 1, 1, 48, 0, 0)",2688,True,2020-12-03,31153.02695546221,8504.07,9869.016348536912,10857.628619904632,8880.404077169193,2020-12-03 05:00:00,2020-12-03 04:30:00,7928.29,8254.844449427115,9152.571809269313,7357.117089584916,2020-12-03 09:00:00,2020-12-03 12:00:00,435567.88755497494,0.11136380056177986,452.6629472303924,0.056185165614306476
338,"(1, 1, 1, 1, 48, 0, 0)",2688,True,2020-12-04,31157.032862828102,9843.4,9656.410514809806,10654.083999776709,8658.737029842903,2020-12-04 04:00:00,2020-12-04 05:00:00,7824.7,7646.369058712378,8545.763975283917,7005.53413739652,2020-12-04 12:00:00,2020-12-04 12:00:00,29470.900964709388,0.9716562915440784,144.96932634045277,0.017722692438689687
339,"(1, 1, 1, 1, 48, 0, 0)",2688,True,2020-12-05,31152.013235914466,8138.07,10076.600691484235,11064.816761839327,9088.384621129142,2020-12-05 05:30:00,2020-12-05 04:30:00,7283.62,8453.750491934585,9351.658237329155,7555.842746540015,2020-12-05 10:30:00,2020-12-05 12:00:00,1046477.8821934598,-1.5910538747148313,827.3641575055029,0.10913762617893696
340,"(1, 1, 1, 1, 48, 0, 0)",2688,True,2020-12-06,31180.749023046537,8600.69,9309.793208183923,10315.115080659136,8304.47133570871,2020-12-06 05:30:00,2020-12-06 04:30:00,6796.54,7573.513217392503,8485.581469466855,6661.44496531815,2020-12-06 00:00:00,2020-12-06 12:00:00,906002.8416074179,-0.05332930521380974,725.3791457960375,0.11118143879739084
341,"(1, 1, 1, 1, 48, 0, 0)",2688,True,2020-12-07,31206.864400891,9237.17,8746.45860107111,9782.593343702343,7710.323858439877,2020-12-07 05:00:00,2020-12-07 05:30:00,7331.75,6947.272619274938,7867.730537013791,6444.929920843619,2020-12-07 07:30:00,2020-12-07 08:00:00,97467.15462480055,0.897935268645139,288.5203270703678,0.03879891012457159
342,"(1, 1, 1, 1, 48, 0, 0)",2688,True,2020-12-08,31209.19868982673,7932.34,9181.8147008289,10209.92411937023,8153.70528228757,2020-12-08 05:30:00,2020-12-08 05:00:00,7362.02,7147.861680012696,8070.499641174043,6954.164870991328,2020-12-08 07:00:00,2020-12-08 07:30:00,675133.8281017088,-1.0813025370588316,600.4391467080259,0.08592169096150916
343,"(1, 1, 1, 1, 48, 0, 0)",2688,True,2020-12-09,31248.990680710787,8488.24,8670.195538957612,9719.940838768065,7624.855583205885,2020-12-09 05:30:00,2020-12-09 05:30:00,7259.02,7125.761631130106,7983.061693836617,6888.685282606152,2020-12-09 07:00:00,2020-12-09 07:30:00,149037.71672955327,0.7144684593255605,288.1216431291454,0.04174164601825803
344,"(1, 1, 1, 1, 48, 0, 0)",2688,True,2020-12-10,31242.725169271693,8552.09,8700.212222645954,9748.931924770774,7651.492520521135,2020-12-10 05:30:00,2020-12-10 05:00:00,7403.88,7278.3630458956595,8086.96384011017,6940.398750264777,2020-12-10 07:00:00,2020-12-10 07:30:00,10204.253376466955,0.9797857265503594,83.13782822401511,0.01115648426331087
345,"(1, 1, 1, 1, 48, 0, 0)",2688,True,2020-12-11,31225.522938132166,7741.04,8763.414924304432,9802.551211317117,7726.211323927186,2020-12-11 07:00:00,2020-12-11 04:30:00,7544.77,7415.675986516812,8335.593470929085,6908.670254306503,2020-12-11 07:30:00,2020-12-11 07:30:00,256208.4761349452,-0.06199751494405481,358.7576103528308,0.04887662646570476
346,"(1, 1, 1, 1, 48, 0, 0)",2688,True,2020-12-12,31228.37813555318,7544.04,8421.75244985275,9471.913495212699,7371.5914044927995,2020-12-12 07:30:00,2020-12-12 05:30:00,7057.86,7277.068265621328,8089.089962062284,6959.3067205041425,2020-12-12 00:00:00,2020-12-12 07:30:00,521324.53668426746,-1.06627255425113,609.4639356263087,0.09211527081104386
347,"(1, 1, 1, 1, 48, 0, 0)",2688,True,2020-12-13,31225.93461472444,7679.73,8323.681332823953,9379.27444665583,7268.088218992076,2020-12-13 07:00:00,2020-12-13 05:30:00,6751.07,7045.135301923258,7867.291543319737,6672.166859852709,2020-12-13 00:00:00,2020-12-13 08:00:00,408224.458508389,-0.06632865895988038,538.9384767906478,0.08357966221121287
348,"(1, 1, 1, 1, 48, 0, 0)",2688,True,2020-12-14,31225.494462666666,8383.6,8203.063267342282,9279.478797975236,7126.6477367093285,2020-12-14 05:30:00,2020-12-14 05:30:00,7885.27,7156.5770579427635,7998.54716548148,6558.58243875739,2020-12-14 08:30:00,2020-12-14 08:30:00,167168.07297099306,0.693479525612523,344.3869033249376,0.04531483407707762
349,"(1, 1, 1, 1, 48, 0, 0)",2688,True,2020-12-15,31235.22649354448,9017.32,8262.673485292693,9328.26882330093,7202.6511021223305,2020-12-15 04:30:00,2020-12-15 05:30:00,8130.89,7441.649651606173,8241.961105709652,7049.696637902827,2020-12-15 09:30:00,2020-12-15 07:30:00,386205.7319855892,0.4242145709785966,511.68408452576455,0.062363206333437886
350,"(1, 1, 1, 1, 48, 0, 0)",2688,True,2020-12-16,31252.70865753442,9645.14,8621.35735867139,9683.959389610567,7558.755327732213,2020-12-16 03:00:00,2020-12-16 05:30:00,8748.02,7680.337545234737,8470.24561025806,7304.859557841031,2020-12-16 12:00:00,2020-12-16 07:00:00,853212.1368178185,0.1602685329593132,693.7768545580484,0.07925080415458208
351,"(1, 1, 1, 1, 48, 0, 0)",2688,True,2020-12-17,31326.686145733565,10753.58,8805.272821098137,9887.9636043984,7722.582037797875,2020-12-17 04:00:00,2020-12-17 05:30:00,9082.91,7846.458415784446,8702.094749163089,7309.052325639388,2020-12-17 12:00:00,2020-12-17 08:30:00,1750061.5480266714,0.1744485070430577,1051.5463336642767,0.10914023617620773
352,"(1, 1, 1, 1, 48, 0, 0)",2688,True,2020-12-18,31392.182801940548,9970.53,9043.343801552754,10143.2795064168,7948.513847072965,2020-12-18 02:30:00,2020-12-18 04:30:00,9967.25,8604.441168906646,9591.186852617417,7858.153504790092,2020-12-18 10:00:00,2020-12-18 12:00:00,396188.6758958174,0.6733371254406706,486.3390976702978,0.053979266656898194
353,"(1, 1, 1, 1, 48, 0, 0)",2688,True,2020-12-19,31482.303302672048,7731.91,8536.658309272725,9656.094426395624,7426.002050703202,2020-12-19 05:30:00,2020-12-19 04:30:00,7412.16,8060.011595714337,8968.56466326842,7225.6070004246885,2020-12-19 09:30:00,2020-12-19 09:00:00,455558.92075321375,-1.1529025024975077,610.5980519943395,0.08548203482963519
354,"(1, 1, 1, 1, 48, 0, 0)",2688,True,2020-12-20,31480.843713628838,7931.83,8287.131116236398,9411.796627554917,7162.465604917878,2020-12-20 05:30:00,2020-12-20 05:00:00,6961.24,7537.570669230454,8459.939600422424,6627.156201336696,2020-12-20 09:30:00,2020-12-20 09:30:00,296052.5880332416,0.2311356312113756,436.9070555550721,0.06405465592006565
355,"(1, 1, 1, 1, 48, 0, 0)",2688,True,2020-12-21,31473.01423411976,8664.85,8337.551817805235,9456.890406601147,7223.829601042562,2020-12-21 05:00:00,2020-12-21 04:30:00,8129.97,7798.13921587727,8749.562199257509,6861.6466367772,2020-12-21 12:00:00,2020-12-21 10:00:00,58589.435467303534,0.9116616185884989,209.63287977418054,0.026650963040367293
356,"(1, 1, 1, 1, 48, 0, 0)",2688,True,2020-12-22,31453.67286578746,8198.66,8870.816455611623,9982.76945138288,7758.863459840366,2020-12-22 05:30:00,2020-12-22 05:30:00,7747.07,7940.990446665265,8848.430353763166,7133.897057441387,2020-12-22 09:30:00,2020-12-22 09:30:00,232172.00242522734,0.26973967592628123,401.0957925027532,0.05337426731225967
357,"(1, 1, 1, 1, 48, 0, 0)",2688,True,2020-12-23,31465.80980920378,8091.53,8552.733241793065,9651.396253703902,7454.070229882227,2020-12-23 05:30:00,2020-12-23 05:00:00,7112.6,7389.313376782242,8337.39610694952,6836.293332130601,2020-12-23 00:00:00,2020-12-23 09:30:00,374020.06985214,0.049408374594970494,462.1255215252624,0.06718597506180717
358,"(1, 1, 1, 1, 48, 0, 0)",2688,True,2020-12-24,31466.824238957528,8150.75,8857.211612668467,9968.617346901985,7745.805878434948,2020-12-24 05:30:00,2020-12-24 05:30:00,7154.43,7552.074169978965,8510.173830521948,6972.367910966634,2020-12-24 00:00:00,2020-12-24 09:00:00,514646.2968918606,-0.20203403088674898,609.5664969242134,0.08767419489676141
359,"(1, 1, 1, 1, 48, 0, 0)",2688,True,2020-12-25,31459.343928433966,6615.29,8174.186176231884,9290.476563587035,7057.895788876733,2020-12-25 10:00:00,2020-12-25 05:30:00,6932.8,7362.684324348755,8273.786534409775,6783.82242246188,2020-12-25 00:00:00,2020-12-25 09:30:00,1609851.2681286882,-7.790698713018111,1093.5592500414214,0.1840318353892317
360,"(1, 1, 1, 1, 48, 0, 0)",2688,True,2020-12-26,31478.028833261753,7264.5,7598.233311289042,8749.397851132335,6452.787049459012,2020-12-26 07:00:00,2020-12-26 06:30:00,6458.33,6809.844846731255,7731.379048063317,6301.033087720728,2020-12-26 00:00:00,2020-12-26 09:30:00,287810.1250275107,0.21818106709806806,458.937978009149,0.07548306945582002
361,"(1, 1, 1, 1, 48, 0, 0)",2688,True,2020-12-27,31430.148931960397,8598.21,7826.650048764195,8954.910937094959,6698.389160433431,2020-12-27 05:00:00,2020-12-27 05:30:00,6497.69,6426.438449223154,7277.141725612865,6265.147868113715,2020-12-27 00:00:00,2020-12-27 00:00:00,190869.86850282233,0.8367741672849734,358.2107363194412,0.053262061447895935
362,"(1, 1, 1, 1, 48, 0, 0)",2688,True,2020-12-28,31423.416928035887,7766.12,7788.058567629956,8913.718021298238,6662.399113961674,2020-12-28 04:30:00,2020-12-28 05:30:00,6769.06,6858.377969233629,7703.6846949681385,6622.742171051221,2020-12-28 00:00:00,2020-12-28 07:30:00,31141.37856410205,0.8908955260608092,142.27469232196506,0.02126566964528022
363,"(1, 1, 1, 1, 48, 0, 0)",2688,True,2020-12-29,31426.861318823558,7690.68,7586.723473852271,8715.191567115087,6458.255380589455,2020-12-29 05:30:00,2020-12-29 05:30:00,7054.28,6886.517770709231,7808.5442683463025,6469.493169542046,2020-12-29 08:30:00,2020-12-29 09:30:00,15691.41075065436,0.9540348563638829,106.09085242256293,0.015332165846151144
364,"(1, 1, 1, 1, 48, 0, 0)",2688,True,2020-12-30,31431.737949257218,7757.12,7866.791809092115,8995.573495035824,6738.010123148406,2020-12-30 05:30:00,2020-12-30 05:30:00,7030.01,6944.2532239317425,7917.791215751698,6729.395964466761,2020-12-30 10:00:00,2020-12-30 09:30:00,12955.190941781033,0.9604686629862307,95.74294431756756,0.014370470698834287
