,model,traing_window size,using_exog,eval_date,model aicc,peak_actual_afternoon,peak_predicted_afternoon_mean,peak_predicted_afternoon_hi,peak_predicted_afternoon_lo,time_of_peak_actual_afternoon,time_of_peak_predicted_afternoon,peak_actual_morning,peak_predicted_morning_mean,peak_predicted_morning_hi,peak_predicted_morning_lo,time_of_peak_actual_morning,time_of_peak_predicted_morning,mse,r2,mae,mape
0,"(1, 1, 1, 1, 48, 0, 0)",2688,True,2020-01-01,30614.297608746198,8492.82,9115.454252310143,10255.126537459235,7975.781967161051,2020-01-01 04:30:00,2020-01-01 04:30:00,7318.64,7686.275211556473,8647.408385440085,7153.640871679775,2020-01-01 00:00:00,2020-01-01 12:00:00,435693.58915923984,0.3376438536946811,566.8141370016742,0.08115252615626566
1,"(1, 1, 1, 1, 48, 0, 0)",2688,True,2020-01-02,30584.415765401474,9101.15,9046.520142105222,9975.669416534609,8117.370867675836,2020-01-02 04:30:00,2020-01-02 04:30:00,7680.36,7630.806088873864,8459.848198916357,6883.3646144992435,2020-01-02 12:00:00,2020-01-02 12:00:00,48759.01899890654,0.9400005444415135,173.34389031093303,0.023083242745990436
2,"(1, 1, 1, 1, 48, 0, 0)",2688,True,2020-01-03,30588.91100071686,10858.09,9630.658742723977,10758.99028106938,8502.327204378575,2020-01-03 04:30:00,2020-01-03 04:30:00,8779.78,8020.749831758476,8973.207972714039,7194.971643945641,2020-01-03 12:00:00,2020-01-03 12:00:00,530698.2293433939,0.7577083714693624,571.2515573484609,0.060696071473437786
3,"(1, 1, 1, 1, 48, 0, 0)",2688,True,2020-01-04,30572.101383622907,12334.04,10934.441828543411,11982.55359012255,9886.330066964272,2020-01-04 04:00:00,2020-01-04 04:30:00,10757.67,9339.069092383672,10243.105614133134,8435.03257063421,2020-01-04 12:00:00,2020-01-04 12:00:00,991247.6656069894,0.7787808382562232,816.73593721993,0.07857165029698895
4,"(1, 1, 1, 1, 48, 0, 0)",2688,True,2020-01-05,30682.931603989327,8220.91,10016.89427773041,10984.857538268534,9048.931017192284,2020-01-05 04:30:00,2020-01-05 04:30:00,7957.69,8435.186968503778,9295.600778961041,7938.711408623893,2020-01-05 00:00:00,2020-01-05 12:00:00,1267800.1580913535,-2.3094209043716947,1018.3630992678881,0.13685730672078658
5,"(1, 1, 1, 1, 48, 0, 0)",2688,True,2020-01-06,30697.066260022457,8795.51,8995.062984346237,10115.558338259916,7874.567630432558,2020-01-06 04:30:00,2020-01-06 04:30:00,8236.51,7534.934086600894,8490.940234892814,6578.927938308974,2020-01-06 11:30:00,2020-01-06 12:00:00,390424.3547908614,0.5408735335402464,469.1243498563675,0.0620840819906342
6,"(1, 1, 1, 1, 48, 0, 0)",2688,True,2020-01-07,30727.49030988433,10506.18,9811.152856028066,10906.556298194862,8715.74941386127,2020-01-07 04:30:00,2020-01-07 04:00:00,8469.66,8578.091221878158,9530.140857386226,7626.041586370089,2020-01-07 12:00:00,2020-01-07 12:00:00,207557.61879887813,0.8713116302236122,352.831979319225,0.040813789095560875
7,"(1, 1, 1, 1, 48, 0, 0)",2688,True,2020-01-08,30695.26495002135,9715.67,9118.683894919533,10076.339486081695,8161.028303757372,2020-01-08 04:30:00,2020-01-08 04:30:00,8790.26,7685.6122642563505,8540.391947880917,7116.399546539175,2020-01-08 12:00:00,2020-01-08 12:00:00,526879.3894910435,0.47643390781326234,627.8959762581375,0.07485262464359387
8,"(1, 1, 1, 1, 48, 0, 0)",2688,True,2020-01-09,30705.745391165667,9179.49,9426.683227904385,10389.944398389676,8463.422057419093,2020-01-09 04:30:00,2020-01-09 04:30:00,8372.84,8277.660633965532,9136.767205866894,7418.5540620641705,2020-01-09 12:00:00,2020-01-09 12:00:00,31805.369397102255,0.9577280428861663,135.20145476307565,0.016705074171343186
9,"(1, 1, 1, 1, 48, 0, 0)",2688,True,2020-01-10,30884.11164060715,11920.34,10147.382477897641,11308.782528651931,8985.982427143352,2020-01-10 04:30:00,2020-01-10 04:30:00,9454.39,8536.276160195066,9528.901260179658,7543.651060210474,2020-01-10 12:00:00,2020-01-10 12:00:00,1163041.919684305,0.629491967851182,879.1372478532011,0.0866212524214471
10,"(1, 1, 1, 1, 48, 0, 0)",2688,True,2020-01-11,30886.712793244693,7716.93,10650.841576975427,11861.50120638537,9450.929695463445,2020-01-11 05:00:00,2020-01-11 04:00:00,8302.9,9423.807807630816,10451.900968056474,8395.714647205157,2020-01-11 00:00:00,2020-01-11 12:00:00,3902846.445374346,-26.379735003472327,1710.3822902038762,0.23413160932176055
11,"(1, 1, 1, 1, 48, 0, 0)",2688,True,2020-01-12,30704.51106075619,7690.59,8495.233054775443,9473.775621940946,7516.69048760994,2020-01-12 05:30:00,2020-01-12 04:30:00,7040.43,7335.431355412708,8206.287985746567,6480.652008937622,2020-01-12 09:30:00,2020-01-12 12:00:00,260401.109708047,0.21234528412868448,385.3040409214186,0.05481490759182592
12,"(1, 1, 1, 1, 48, 0, 0)",2688,True,2020-01-13,31102.82506558696,8671.97,9076.055262864804,9990.708042445473,8161.402483284135,2020-01-13 05:30:00,2020-01-13 04:30:00,7640.2,7694.408080097117,8529.519432949937,6859.296727244296,2020-01-13 11:00:00,2020-01-13 12:00:00,78937.98853620612,0.8856071409115476,227.1007497614133,0.029802998556438903
13,"(1, 1, 1, 1, 48, 0, 0)",2688,True,2020-01-14,30702.678660847716,9412.35,9353.484222464209,10536.609206561705,8170.359238366713,2020-01-14 04:30:00,2020-01-14 04:30:00,8267.39,7917.273711072902,8916.966403842496,6976.193814861564,2020-01-14 12:00:00,2020-01-14 12:00:00,76931.89496500594,0.9204514661187441,211.23352364002304,0.026577791174167625
14,"(1, 1, 1, 1, 48, 0, 0)",2688,True,2020-01-15,30654.58179337309,9524.55,9279.412622460462,10461.36720230406,8097.458042616865,2020-01-15 04:30:00,2020-01-15 04:30:00,8450.73,8119.10027023146,9117.203425032545,7120.997115430374,2020-01-15 12:00:00,2020-01-15 12:00:00,120994.03114528158,0.8882480810907298,309.0241240576727,0.036488227294902725
15,"(1, 1, 1, 1, 48, 0, 0)",2688,True,2020-01-16,30730.59870935744,9316.72,9614.37394945848,10782.18113882344,8446.566760093521,2020-01-16 04:30:00,2020-01-16 04:30:00,8814.88,8631.753020306493,9627.739815924788,7635.766224688198,2020-01-16 11:30:00,2020-01-16 12:00:00,89674.70091296655,0.8776273132421168,265.51670177746286,0.03223370397817769
16,"(1, 1, 1, 1, 48, 0, 0)",2688,True,2020-01-17,30664.032525693172,8264.99,9476.580448278137,10455.582124957784,8497.57877159849,2020-01-17 04:30:00,2020-01-17 04:30:00,8401.15,8343.229326162666,9214.755765325837,7471.702886999493,2020-01-17 11:00:00,2020-01-17 12:00:00,372125.535606368,0.20777457960917445,467.2554141031105,0.05891044792256215
17,"(1, 1, 1, 1, 48, 0, 0)",2688,True,2020-01-18,30674.92490515357,7744.74,8529.053177965443,9512.444767090808,7545.661588840077,2020-01-18 07:00:00,2020-01-18 04:30:00,7708.16,7767.866467463177,8635.255794518825,6940.840898587116,2020-01-18 09:30:00,2020-01-18 11:00:00,215217.732065266,0.25514987139310796,352.14600334044843,0.04815144645560404
18,"(1, 1, 1, 1, 48, 0, 0)",2688,True,2020-01-19,30685.949920486364,8025.98,8374.60334057951,9360.351625625612,7388.855055533409,2020-01-19 07:00:00,2020-01-19 04:30:00,7185.49,7522.751481252701,8361.3759638874,6718.167371895695,2020-01-19 11:00:00,2020-01-19 09:30:00,125059.15799628063,0.7085831589326079,293.31740090397136,0.04132594499467048
19,"(1, 1, 1, 1, 48, 0, 0)",2688,True,2020-01-20,30675.435096880927,9787.26,8653.412150862223,9649.13347407109,7666.038108894332,2020-01-20 03:30:00,2020-01-20 04:30:00,8905.03,7755.119732415658,8632.455920028242,6877.783544803075,2020-01-20 12:00:00,2020-01-20 12:00:00,674892.2067630767,0.5200751068264307,704.8185763272389,0.0815254949915267
20,"(1, 1, 1, 1, 48, 0, 0)",2688,True,2020-01-21,30753.86935347234,9925.09,9303.428757311245,10384.805810824906,8222.051703797584,2020-01-21 04:30:00,2020-01-21 04:30:00,8209.52,8295.411924888438,9234.765474664635,7356.05837511224,2020-01-21 12:00:00,2020-01-21 12:00:00,112206.18656994663,0.9073307965394306,260.90759976934555,0.030138388913352285
21,"(1, 1, 1, 1, 48, 0, 0)",2688,True,2020-01-22,30800.066589910504,11679.1,9726.621483180617,10927.582567844473,8525.660398516762,2020-01-22 04:30:00,2020-01-22 04:30:00,9196.29,8543.273398361358,9555.970368454822,7550.367876873072,2020-01-22 12:00:00,2020-01-22 12:00:00,860116.1751392772,0.6741078750044789,669.8001144725762,0.06590304947857943
22,"(1, 1, 1, 1, 48, 0, 0)",2688,True,2020-01-23,30760.40154545887,13330.14,11099.823499953181,12199.32246731682,10000.324532589542,2020-01-23 04:30:00,2020-01-23 04:30:00,11712.42,9627.931188466435,10578.820247613477,8677.042129319392,2020-01-23 12:00:00,2020-01-23 12:00:00,2644659.9312629267,0.49954953153506265,1339.9655113698311,0.11663863571396964
23,"(1, 1, 1, 1, 48, 0, 0)",2688,True,2020-01-24,30852.916434153554,10052.6,10598.038940305036,11753.999762987376,9442.078117622696,2020-01-24 04:30:00,2020-01-24 04:30:00,9493.3,9676.027268608837,10629.315830000816,9043.167013590903,2020-01-24 09:30:00,2020-01-24 11:00:00,251808.13907463607,0.43872444642804365,428.3162759312269,0.04765678848111755
24,"(1, 1, 1, 1, 48, 0, 0)",2688,True,2020-01-25,30867.70991178032,9861.13,9751.260856049908,10928.881545822842,8573.640166276975,2020-01-25 05:30:00,2020-01-25 04:30:00,8455.7,8904.157454935576,9908.596780942402,7925.95222070323,2020-01-25 12:00:00,2020-01-25 12:00:00,153486.3796843343,0.8564261538657229,309.6931844009588,0.039364660376106565
25,"(1, 1, 1, 1, 48, 0, 0)",2688,True,2020-01-26,30810.743871345167,10840.67,10116.540948550322,11276.773334418072,8956.308562682572,2020-01-26 05:30:00,2020-01-26 04:30:00,9536.49,8983.734080191462,9975.444175479804,7992.023984903119,2020-01-26 12:00:00,2020-01-26 12:00:00,285455.6936434773,0.8660232948816383,464.69171301788964,0.05128267231337216
26,"(1, 1, 1, 1, 48, 0, 0)",2688,True,2020-01-27,32016.812181084188,11056.05,10649.914898682095,12243.683348122308,9056.146449241882,2020-01-27 05:30:00,2020-01-27 04:30:00,8791.17,9239.088142076376,10583.079849023492,7895.096435129261,2020-01-27 12:00:00,2020-01-27 12:00:00,127106.49373785581,0.935856989187166,278.4848900299628,0.032719518000954656
27,"(1, 1, 1, 1, 48, 0, 0)",2688,True,2020-01-28,30834.674569248487,12349.85,10183.019398160915,11387.444843751386,8998.440149632655,2020-01-28 04:00:00,2020-01-28 05:30:00,10699.19,8960.993556505899,9962.518548088301,7959.468564923496,2020-01-28 12:00:00,2020-01-28 12:00:00,1811153.073219403,0.44316886537710454,1085.0194715327577,0.10141827413777815
28,"(1, 1, 1, 1, 48, 0, 0)",2688,True,2020-01-29,31131.436685423057,10778.14,10607.30792332785,11693.037481666413,9531.249585719226,2020-01-29 04:30:00,2020-01-29 04:30:00,9477.21,9229.760047859765,10177.27292976316,8282.24716595637,2020-01-29 12:00:00,2020-01-29 12:00:00,72239.94759005257,0.9450457935551484,230.74457089832927,0.025851538946021737
29,"(1, 1, 1, 1, 48, 0, 0)",2688,True,2020-01-30,31240.161408722848,11979.43,10723.237540103952,11933.599734020409,9512.875346187495,2020-01-30 04:30:00,2020-01-30 04:30:00,9472.85,9205.535124508107,10244.953791490685,8166.11645752553,2020-01-30 12:00:00,2020-01-30 12:00:00,434670.6330559338,0.8446712076936722,547.4994443758593,0.055516977772597946
30,"(1, 1, 1, 1, 48, 0, 0)",2688,True,2020-01-31,31166.365937408587,13143.76,10809.086723293312,12066.461146821372,9551.712299765253,2020-01-31 03:00:00,2020-01-31 04:30:00,11311.9,9306.486807623201,10369.064023005983,8243.90959224042,2020-01-31 12:00:00,2020-01-31 12:00:00,2553334.195652766,0.39229599285513317,1324.2154145451375,0.1162651110136911
31,"(1, 1, 1, 1, 48, 0, 0)",2688,True,2020-02-01,31310.412197362934,13634.63,12425.42257894645,13709.786991214498,11141.058166678404,2020-02-01 05:00:00,2020-02-01 04:30:00,12047.17,11048.70217566389,12133.727161791188,9963.677189536591,2020-02-01 12:00:00,2020-02-01 12:00:00,906663.444358551,0.8223230794602355,844.0626360432908,0.07551304397958916
32,"(1, 1, 1, 1, 48, 0, 0)",2688,True,2020-02-02,31535.941176455326,10938.26,12202.894759088616,13568.940959154846,10864.260921125739,2020-02-02 02:30:00,2020-02-02 04:30:00,10478.02,10888.498136891103,12018.039556913662,9758.956716868544,2020-02-02 12:00:00,2020-02-02 12:00:00,1662282.5728254362,-0.42523727143313783,1119.117416642829,0.12307221808488515
33,"(1, 1, 1, 1, 48, 0, 0)",2688,True,2020-02-03,31585.87201940308,10741.33,10635.37786027162,12008.540025822882,9262.215694720357,2020-02-03 04:00:00,2020-02-03 04:30:00,9250.51,9283.878799664351,10441.225138368043,8126.5324609606605,2020-02-03 08:30:00,2020-02-03 12:00:00,394216.4140353931,0.7398371725304117,501.04132562593713,0.05848936653367078
34,"(1, 1, 1, 1, 48, 0, 0)",2688,True,2020-02-04,32270.60770087801,8166.43,9971.52274313802,11425.130208846833,8517.915277429209,2020-02-04 05:30:00,2020-02-04 04:00:00,7916.85,8955.58894182274,10199.460707003862,7711.717176641618,2020-02-04 07:30:00,2020-02-04 12:00:00,1033892.4710877406,-2.0552572545213454,782.2318708498657,0.10074176657034693
35,"(1, 1, 1, 1, 48, 0, 0)",2688,True,2020-02-05,31425.841426507734,8698.81,9483.772405813186,10803.389033053068,8164.155778573303,2020-02-05 04:30:00,2020-02-05 04:30:00,7888.7,8127.800294245488,9242.40821425675,7013.192374234227,2020-02-05 12:00:00,2020-02-05 12:00:00,161186.7417254257,0.7430263168180944,329.4397660060249,0.041555397955023256
36,"(1, 1, 1, 1, 48, 0, 0)",2688,True,2020-02-06,31503.059874886258,8592.13,9466.494252448305,10830.569026320281,8102.419478576328,2020-02-06 05:00:00,2020-02-06 04:30:00,8540.97,8384.551582954384,9534.357197022355,7234.745968886412,2020-02-06 09:30:00,2020-02-06 12:00:00,219913.0785217604,0.6575392233901952,389.68314903852644,0.048226627471598504
37,"(1, 1, 1, 1, 48, 0, 0)",2688,True,2020-02-07,31460.754827389017,8201.16,9397.223195924173,10732.621150569325,8061.82524127902,2020-02-07 00:00:00,2020-02-07 04:30:00,8552.26,8393.789118954497,9521.620183585948,7265.958054323046,2020-02-07 08:30:00,2020-02-07 12:00:00,422682.58964569797,0.22454107193887918,559.8880670021127,0.0714419886542698
38,"(1, 1, 1, 1, 48, 0, 0)",2688,True,2020-02-08,31607.320827524414,7873.51,9362.314106152262,10750.882485974063,7973.74572633046,2020-02-08 05:30:00,2020-02-08 04:30:00,7712.86,8396.564128171434,9569.916510436791,7223.211745906077,2020-02-08 09:30:00,2020-02-08 12:00:00,936179.7281828948,-1.5831121075695136,780.3336849887631,0.10524146821035722
39,"(1, 1, 1, 1, 48, 0, 0)",2688,True,2020-02-09,31501.640642261493,7920.61,8246.85175635964,9598.144449165191,6895.559063554088,2020-02-09 05:30:00,2020-02-09 04:30:00,7713.81,7649.824833504907,8791.022759885718,6508.626907124095,2020-02-09 09:30:00,2020-02-09 12:00:00,61452.15914472821,0.8764448471698364,201.0963483039715,0.028846160998527853
40,"(1, 1, 1, 1, 48, 0, 0)",2688,True,2020-02-10,31700.029244601643,9346.36,8780.714847541021,9974.535392350946,7596.578591677741,2020-02-10 04:30:00,2020-02-10 04:30:00,8325.51,7819.254753021683,8859.322048439297,6779.6585106240245,2020-02-10 10:00:00,2020-02-10 12:00:00,213255.2214872658,0.8125100207796152,418.26968988546906,0.05282360249416387
41,"(1, 1, 1, 1, 48, 0, 0)",2688,True,2020-02-11,31744.034351826234,10020.15,9260.934531858009,10453.709811723857,8068.159251992161,2020-02-11 04:30:00,2020-02-11 04:30:00,8605.99,8423.075218298676,9472.549726825036,7373.600709772316,2020-02-11 12:00:00,2020-02-11 12:00:00,218871.69089468662,0.8271916825398969,384.063926934773,0.04330292462949089
42,"(1, 1, 1, 1, 48, 0, 0)",2688,True,2020-02-12,31577.545243611286,9397.17,9121.093020323824,10530.380969034724,7734.837733141038,2020-02-12 04:30:00,2020-02-12 04:30:00,8879.56,8542.543825618228,9687.963649819507,7497.574617229968,2020-02-12 11:00:00,2020-02-12 09:30:00,57514.92698246829,0.9326424309393658,206.1370874264533,0.024346164194670852
43,"(1, 1, 1, 1, 48, 0, 0)",2688,True,2020-02-13,31659.126918280363,9502.26,9358.035265648603,10747.999427690227,7968.071103606979,2020-02-13 04:30:00,2020-02-13 04:30:00,9178.99,8695.518749115898,9867.182378668938,7523.855119562857,2020-02-13 11:30:00,2020-02-13 12:00:00,120918.11938758682,0.8811054263291351,277.8268799622652,0.03174101117540457
44,"(1, 1, 1, 1, 48, 0, 0)",2688,True,2020-02-14,31454.21117538847,9197.97,9517.252523812465,10838.210223307147,8196.294824317783,2020-02-14 04:30:00,2020-02-14 04:30:00,8526.99,8639.266478595982,9755.901576801074,7522.631380390891,2020-02-14 09:00:00,2020-02-14 12:00:00,85643.90410047499,0.8601709698158146,249.83779164389793,0.03005437782947766
45,"(1, 1, 1, 1, 48, 0, 0)",2688,True,2020-02-15,31483.482593463526,8881.07,9200.098986033332,10510.841499884158,7889.356472182506,2020-02-15 05:30:00,2020-02-15 04:30:00,7593.58,8314.648958783793,9431.788891725851,7205.155021536679,2020-02-15 12:00:00,2020-02-15 12:00:00,248021.83218024034,0.5842456513593159,400.95325423543346,0.05367084975573874
46,"(1, 1, 1, 1, 48, 0, 0)",2688,True,2020-02-16,31409.060206781858,8594.98,8955.880462362078,10275.543621186072,7636.217303538085,2020-02-16 05:00:00,2020-02-16 04:30:00,7416.78,8119.106056580458,9233.795221125954,7006.047350671382,2020-02-16 12:00:00,2020-02-16 12:00:00,249778.41859885328,0.5896680470769355,391.3464507056992,0.05360613029481962
47,"(1, 1, 1, 1, 48, 0, 0)",2688,True,2020-02-17,31562.560861923255,9255.9,9009.122224096616,10242.54724387917,7778.217840627051,2020-02-17 04:30:00,2020-02-17 05:30:00,8960.3,8110.616742305167,9157.083966741233,7133.235492319895,2020-02-17 11:00:00,2020-02-17 12:00:00,237322.37080485505,0.751649990136859,412.8452616392246,0.049603810672419646
48,"(1, 1, 1, 1, 48, 0, 0)",2688,True,2020-02-18,31426.311548853013,11079.33,9817.933077651145,11136.033561858394,8499.832593443896,2020-02-18 04:00:00,2020-02-18 04:30:00,8995.53,8711.717070995666,9824.48949851619,7598.944643475143,2020-02-18 12:00:00,2020-02-18 12:00:00,440328.6591594803,0.7936835358724116,494.1492183578848,0.05077427837151973
49,"(1, 1, 1, 1, 48, 0, 0)",2688,True,2020-02-19,31583.14311405233,9104.13,9514.296401344352,10665.098894177096,8363.49390851161,2020-02-19 05:30:00,2020-02-19 04:30:00,8023.3,8377.140494050047,9387.728490338339,7366.552497761755,2020-02-19 07:30:00,2020-02-19 12:00:00,136095.39720157813,0.8064932387374032,291.6053370437055,0.03602692782919434
50,"(1, 1, 1, 1, 48, 0, 0)",2688,True,2020-02-20,31466.232078080848,8722.59,8924.865181991361,10283.277048571614,7593.5209637176085,2020-02-20 05:30:00,2020-02-20 04:30:00,7923.32,7913.754510608887,9038.264361686035,6865.580279556264,2020-02-20 07:00:00,2020-02-20 12:00:00,98015.69420330365,0.7865369118125308,259.2955236573843,0.03444050221040298
51,"(1, 1, 1, 1, 48, 0, 0)",2688,True,2020-02-21,31576.448786401936,8413.87,9026.98497466504,10396.197135851935,7668.198017656183,2020-02-21 04:00:00,2020-02-21 05:30:00,8156.79,8090.316552330009,9226.429023159555,7087.619748058332,2020-02-21 07:30:00,2020-02-21 12:00:00,87677.5522218921,0.7940041136138232,224.54023136820297,0.028269734731019115
52,"(1, 1, 1, 1, 48, 0, 0)",2688,True,2020-02-22,31622.205204501388,7801.96,8807.604914386156,10157.545291618168,7490.444540198054,2020-02-22 06:30:00,2020-02-22 05:30:00,7459.01,7876.707342623158,8979.552847677121,6900.465056130053,2020-02-22 09:30:00,2020-02-22 09:30:00,457056.0254901503,-0.7540054104815133,574.918706019769,0.07902913593553064
53,"(1, 1, 1, 1, 48, 0, 0)",2688,True,2020-02-23,31830.620057433018,8139.82,8692.461081129106,10071.821116630585,7316.523108478661,2020-02-23 07:00:00,2020-02-23 04:30:00,7230.13,7785.604446271631,8937.47720485299,6734.659870692996,2020-02-23 12:00:00,2020-02-23 09:30:00,315331.4674666221,0.1881308465787217,479.43290194042464,0.06623574722525004
54,"(1, 1, 1, 1, 48, 0, 0)",2688,True,2020-02-24,31791.372250215372,9418.22,9092.738791348413,10470.066346465104,7715.411236231721,2020-02-24 04:30:00,2020-02-24 04:30:00,8379.59,8206.64221193741,9369.298163891657,7043.986259983161,2020-02-24 08:30:00,2020-02-24 12:00:00,103600.15993895305,0.8947743179245862,286.094008603365,0.03519498921890006
55,"(1, 1, 1, 1, 48, 0, 0)",2688,True,2020-02-25,32802.143333722976,10252.21,9760.063886081567,11679.564978738463,7840.562793424671,2020-02-25 04:30:00,2020-02-25 05:30:00,8575.2,8625.261433202846,10198.171406361573,7339.222435136657,2020-02-25 12:00:00,2020-02-25 12:00:00,65098.35419036073,0.9483528567831947,192.71449779096733,0.022935144371552432
56,"(1, 1, 1, 1, 48, 0, 0)",2688,True,2020-02-26,31547.80108083122,10196.1,9676.859341310603,11041.257091617626,8334.556393571951,2020-02-26 04:30:00,2020-02-26 05:30:00,9456.92,8790.663181893415,9911.771338422173,7669.555025364656,2020-02-26 12:00:00,2020-02-26 12:00:00,103983.70348670664,0.9236598113815496,278.6507276692689,0.03170142837052411
57,"(1, 1, 1, 1, 48, 0, 0)",2688,True,2020-02-27,31809.8669883902,9024.06,9214.73970834,10621.7628536569,7807.716563023098,2020-02-27 05:30:00,2020-02-27 05:30:00,8296.81,8275.335892543459,9306.04839519446,7279.940887097213,2020-02-27 07:30:00,2020-02-27 08:30:00,90672.9065957738,0.839108912531118,251.00358572313553,0.0316757928181921
58,"(1, 1, 1, 1, 48, 0, 0)",2688,True,2020-02-28,32008.431912979042,8559.55,9383.357666423428,10846.117700037476,7920.59763280938,2020-02-28 04:30:00,2020-02-28 05:30:00,8030.79,8509.930074667056,9590.170875587111,7565.790721575378,2020-02-28 07:00:00,2020-02-28 07:00:00,397195.56926811324,-0.005209832109085211,566.77737319964,0.07368771669840546
59,"(1, 1, 1, 1, 48, 0, 0)",2688,True,2020-02-29,31762.732430638916,8329.8,8861.854432554486,10235.946781874562,7515.1600411578565,2020-02-29 06:00:00,2020-02-29 05:00:00,7253.97,7920.5908587322265,9025.439273830456,7002.428208349702,2020-02-29 08:30:00,2020-02-29 09:30:00,349842.52647604136,0.12651977142235893,496.01472088774653,0.06818922352183837
60,"(1, 1, 1, 1, 48, 0, 0)",2688,True,2020-03-01,31989.271483958906,9781.28,9377.434537692607,10788.04791027138,7966.8211651138345,2020-03-01 05:30:00,2020-03-01 04:30:00,7047.34,8327.586187900673,9452.272432440614,7272.135296575458,2020-03-01 12:00:00,2020-03-01 09:30:00,730756.0210995026,0.46849955628417694,726.9193434344294,0.10395136921596763
61,"(1, 1, 1, 1, 48, 0, 0)",2688,True,2020-03-02,31869.28001311274,11344.04,10202.502107526258,11465.549348019495,8939.45486703302,2020-03-02 03:00:00,2020-03-02 03:00:00,9412.32,8628.603962113379,9744.695103965252,7512.512820261505,2020-03-02 12:00:00,2020-03-02 12:00:00,626496.3671758819,0.7421843142702796,620.5523981458263,0.06516482979351772
62,"(1, 1, 1, 1, 48, 0, 0)",2688,True,2020-03-03,33652.64161320676,8786.32,10239.6247010972,12468.187357447378,8011.062044747023,2020-03-03 04:30:00,2020-03-03 04:30:00,8623.18,8164.667473298716,10045.04414200295,6896.4800891223385,2020-03-03 10:00:00,2020-03-03 12:00:00,499302.99228899553,0.2027923483109486,609.2964496417408,0.07543283554670051
63,"(1, 1, 1, 1, 48, 0, 0)",2688,True,2020-03-04,31470.867615598912,8827.24,9065.787598570809,10253.980015766967,7877.5951813746515,2020-03-04 04:30:00,2020-03-04 04:30:00,8803.05,8213.511807115101,9244.752447110683,7229.757743002869,2020-03-04 09:30:00,2020-03-04 12:00:00,115677.12980535696,0.8513893755851566,255.66464533377552,0.030244325992106774
64,"(1, 1, 1, 1, 48, 0, 0)",2688,True,2020-03-05,32281.094557441804,8986.57,9005.936400166542,10568.035025968447,7443.837774364637,2020-03-05 04:30:00,2020-03-05 05:30:00,9021.99,8469.51240579566,9570.843197125816,7368.181614465504,2020-03-05 10:00:00,2020-03-05 08:30:00,126181.16299120647,0.8489913368400903,272.5764276367725,0.032896106641131205
65,"(1, 1, 1, 1, 48, 0, 0)",2688,True,2020-03-06,31490.187620499095,8680.04,9308.139212075374,10604.331680012849,8011.946744137898,2020-03-06 04:30:00,2020-03-06 04:30:00,8581.29,8280.645931568803,9375.775372499793,7252.002612834703,2020-03-06 12:00:00,2020-03-06 12:00:00,126242.14728987392,0.8025575142698224,295.2165310562569,0.03649863101396871
66,"(1, 1, 1, 1, 48, 0, 0)",2688,True,2020-03-07,32381.886919012268,7680.05,8812.294775405848,10341.347024696362,7283.242526115333,2020-03-07 06:30:00,2020-03-07 04:30:00,7374.46,7913.887766411877,9160.664824809679,6814.316927052276,2020-03-07 08:30:00,2020-03-07 11:00:00,550144.6555288495,-1.5801928913663996,622.7071849201259,0.08792761857761067
67,"(1, 1, 1, 1, 48, 0, 0)",2688,True,2020-03-08,31537.691365060437,7691.79,8508.759756476904,9838.305742087927,7179.506601238283,2020-03-08 07:00:00,2020-03-08 05:30:00,6835.26,7367.537467217937,8384.649091653038,6442.726411448506,2020-03-08 08:30:00,2020-03-08 08:30:00,407904.45187401184,-0.37308279972449676,537.7495285199878,0.07879549089659645
68,"(1, 1, 1, 1, 48, 0, 0)",2688,True,2020-03-09,32322.18933587547,8220.92,8662.300153824166,10149.289765979061,7175.3105416692715,2020-03-09 05:30:00,2020-03-09 04:30:00,7824.63,7676.771481604934,8940.115463433158,6544.824017447549,2020-03-09 08:00:00,2020-03-09 12:00:00,124053.64825115842,0.7561691436672524,291.28274027970707,0.03947990405756582
69,"(1, 1, 1, 1, 48, 0, 0)",2688,True,2020-03-10,32073.045190876295,8392.67,8709.430605129477,10195.304001360952,7224.925155327208,2020-03-10 06:30:00,2020-03-10 05:30:00,8018.88,7925.654682618155,9141.962041404207,6858.018987265925,2020-03-10 07:00:00,2020-03-10 11:30:00,89662.12439507873,0.7989791210235251,245.68245618358446,0.032863865822975395
70,"(1, 1, 1, 1, 48, 0, 0)",2688,True,2020-03-11,31972.523244416076,8509.13,8484.769547839085,9909.368221519018,7060.170874159152,2020-03-11 06:30:00,2020-03-11 04:30:00,8022.3,7832.503138609711,8948.069848288054,6724.574191417511,2020-03-11 07:00:00,2020-03-11 10:00:00,77334.29359487767,0.8256679649803313,234.30540377319903,0.03142118781843257
71,"(1, 1, 1, 1, 48, 0, 0)",2688,True,2020-03-12,31757.740963377004,8631.93,8780.911778107491,10105.708911347694,7456.114644867288,2020-03-12 06:30:00,2020-03-12 04:30:00,8088.63,7966.936290118136,9047.175369114999,6996.860680569942,2020-03-12 07:00:00,2020-03-12 10:00:00,95267.68107240855,0.7971241259435377,233.95289904543654,0.030688350354371573
72,"(1, 1, 1, 1, 48, 0, 0)",2688,True,2020-03-13,31647.445586690406,8295.05,8606.461257761966,9934.418669759712,7291.240597020891,2020-03-13 05:30:00,2020-03-13 04:30:00,7990.7,7909.550512863942,8846.349693500388,7054.015830761067,2020-03-13 07:00:00,2020-03-13 07:00:00,119007.89806138125,0.6871740912702822,254.72243928445627,0.034361056961366966
73,"(1, 1, 1, 1, 48, 0, 0)",2688,True,2020-03-14,31869.13016702262,7705.42,8521.218276487234,9862.392783726027,7180.04376924844,2020-03-14 06:00:00,2020-03-14 04:30:00,7392.01,7814.276625057872,8912.682395892185,6857.286556730082,2020-03-14 08:30:00,2020-03-14 09:30:00,278877.6749272661,-0.04126787471898741,464.4361550510153,0.06537148722583748
74,"(1, 1, 1, 1, 48, 0, 0)",2688,True,2020-03-15,31726.469764873083,7939.49,8218.667563788582,9646.058252677833,6791.276874899331,2020-03-15 06:30:00,2020-03-15 06:30:00,6758.86,7507.062875516505,8488.04252930468,6526.083221728331,2020-03-15 08:30:00,2020-03-15 08:30:00,343769.9401870202,0.05756265257644,522.8829497904267,0.07941611559240878
75,"(1, 1, 1, 1, 48, 0, 0)",2688,True,2020-03-16,31557.506933779518,8476.08,7985.362500952494,9297.67850944469,6673.046492460298,2020-03-16 06:30:00,2020-03-16 05:30:00,8083.1,7372.443818717572,8295.978355245283,6541.636658666568,2020-03-16 07:30:00,2020-03-16 08:30:00,139183.62268901497,0.7444351022052197,328.91082497569147,0.04391085185927981
76,"(1, 1, 1, 1, 48, 0, 0)",2688,True,2020-03-17,31871.24733492394,8458.57,8436.74180308992,9893.934866449425,6979.548739730417,2020-03-17 06:30:00,2020-03-17 05:30:00,8088.07,7889.4357469474635,8833.170784273065,6991.023659669813,2020-03-17 07:00:00,2020-03-17 07:00:00,19826.170334904094,0.9523667537368128,109.69362422846048,0.014729494495637914
77,"(1, 1, 1, 1, 48, 0, 0)",2688,True,2020-03-18,31299.127390196383,8498.9,8463.13756075367,9783.280014759288,7158.988275916271,2020-03-18 05:30:00,2020-03-18 06:30:00,7991.83,7954.533384568226,8766.18701095559,7142.879758180862,2020-03-18 07:00:00,2020-03-18 07:00:00,30215.023623479963,0.9285523749334821,133.53410003484265,0.019225808825678363
78,"(1, 1, 1, 1, 48, 0, 0)",2688,True,2020-03-19,31700.83972999787,9539.15,8625.855052390765,9984.85582621063,7266.8542785709005,2020-03-19 05:30:00,2020-03-19 05:30:00,7922.25,7703.007307014522,8560.976505639568,6915.8713987362,2020-03-19 07:00:00,2020-03-19 07:00:00,189568.14496339505,0.8016827946240626,343.1107898473315,0.04165804649472097
79,"(1, 1, 1, 1, 48, 0, 0)",2688,True,2020-03-20,32041.984176549562,10226.72,9361.547653452093,10794.841289221287,7928.254017682898,2020-03-20 04:30:00,2020-03-20 05:30:00,7942.66,8034.648145981322,9075.678833012646,7104.3829917281055,2020-03-20 12:00:00,2020-03-20 07:00:00,226626.64675775543,0.8402129998450429,331.2029868722174,0.03726456459625699
80,"(1, 1, 1, 1, 48, 0, 0)",2688,True,2020-03-21,31234.36330793185,8131.27,8733.815450833052,9890.853526152427,7576.777375513678,2020-03-21 06:30:00,2020-03-21 05:30:00,7276.97,7831.554858854992,8649.31235374524,7121.685266599666,2020-03-21 00:00:00,2020-03-21 07:30:00,389610.7771592553,-0.3923362162340236,558.4217699390166,0.07892018662262869
81,"(1, 1, 1, 1, 48, 0, 0)",2688,True,2020-03-22,31527.438499561566,8287.98,8378.925947683048,9666.204605297638,7091.6472900684585,2020-03-22 05:30:00,2020-03-22 05:30:00,6715.46,7304.442226751307,8146.179094116544,6571.352633973971,2020-03-22 00:00:00,2020-03-22 07:30:00,174796.6320564264,0.6641429403750483,318.5024574158486,0.04869866036997978
82,"(1, 1, 1, 1, 48, 0, 0)",2688,True,2020-03-23,31209.99231750528,8224.17,8231.637065564992,9522.849510051004,6964.575050495402,2020-03-23 05:30:00,2020-03-23 05:30:00,7902.6,7382.008047150968,8209.58924104941,6554.426853252526,2020-03-23 07:30:00,2020-03-23 07:30:00,105337.49421853585,0.763815569020632,258.91708924310785,0.035291939468889526
83,"(1, 1, 1, 1, 48, 0, 0)",2688,True,2020-03-24,31767.34452166442,8389.77,8219.622464204327,9547.299553366378,6913.490722872225,2020-03-24 05:30:00,2020-03-24 06:30:00,7866.73,7800.208674196481,8645.831138200228,6954.586210192734,2020-03-24 08:30:00,2020-03-24 07:30:00,29297.675676635845,0.9317729665179868,136.38154171657771,0.018124061695589094
84,"(1, 1, 1, 1, 48, 0, 0)",2688,True,2020-03-25,31070.153920418812,8347.31,8335.275061645392,9529.72161057185,7168.427573087573,2020-03-25 04:30:00,2020-03-25 05:30:00,7689.16,7788.55563606195,8559.544565817132,7022.886272443006,2020-03-25 10:00:00,2020-03-25 07:00:00,26975.110933208085,0.9380854535578204,121.11664752197477,0.016368890826014903
85,"(1, 1, 1, 1, 48, 0, 0)",2688,True,2020-03-26,31058.38868483627,8322.77,8568.925355316618,9805.524218289713,7332.326492343524,2020-03-26 06:00:00,2020-03-26 05:30:00,7895.12,7752.785486059895,8584.945317297517,6945.371706886608,2020-03-26 08:30:00,2020-03-26 07:30:00,48287.12738546069,0.8840375532490651,175.80195024008466,0.023652034774248487
86,"(1, 1, 1, 1, 48, 0, 0)",2688,True,2020-03-27,33773.22903540168,7959.54,8427.887183590647,10383.699282725609,6472.075084455684,2020-03-27 06:00:00,2020-03-27 05:30:00,7607.87,7725.981697158277,9044.355712994187,6909.13823154714,2020-03-27 08:00:00,2020-03-27 08:00:00,83666.98824891156,0.6878312131441593,236.80123027415502,0.03278965003034142
87,"(1, 1, 1, 1, 48, 0, 0)",2688,True,2020-03-28,30694.004458351617,7840.03,8008.280407195292,9175.367264271774,6842.84125863693,2020-03-28 06:00:00,2020-03-28 05:30:00,6877.91,7318.270723402367,8079.955031479487,6803.265114853912,2020-03-28 00:00:00,2020-03-28 07:30:00,203266.08857358215,0.27530041566380037,389.33235453894446,0.05906022645967973
88,"(1, 1, 1, 1, 48, 0, 0)",2688,True,2020-03-29,31090.78930553132,7956.25,8069.493623279974,9252.171243825882,6886.8160027340655,2020-03-29 06:00:00,2020-03-29 05:30:00,6656.38,7090.584253175482,7876.039640774212,6473.3101006901525,2020-03-29 09:30:00,2020-03-29 07:30:00,133703.86883639285,0.6630365840371533,294.7793547953917,0.04537448685335029
89,"(1, 1, 1, 1, 48, 0, 0)",2688,True,2020-03-30,30861.850966933405,8317.5,7647.665839898771,8778.509354223144,6516.822325574397,2020-03-30 05:30:00,2020-03-30 05:30:00,7853.23,7178.61881149761,7963.457631016263,6393.779991978958,2020-03-30 08:30:00,2020-03-30 08:30:00,285423.0681359141,0.47070920356668544,501.86115341230857,0.06778361867256473
90,"(1, 1, 1, 1, 48, 0, 0)",2688,True,2020-03-31,31312.316809746848,8523.36,8476.886348055672,9930.192117380546,7023.580578730798,2020-03-31 05:30:00,2020-03-31 05:30:00,7533.12,7683.956264343775,8667.980853906,6899.819701325382,2020-03-31 08:00:00,2020-03-31 07:00:00,45540.34343710318,0.8948365566926937,162.31342204942746,0.023137722112926685
91,"(1, 1, 1, 1, 48, 0, 0)",2688,True,2020-04-01,30277.376803517047,8324.82,8270.672504587705,9114.907688765488,7427.183888969501,2020-04-01 05:30:00,2020-04-01 06:00:00,7615.68,7604.500465390201,8254.349637029029,6961.593808641233,2020-04-01 08:00:00,2020-04-01 08:30:00,7164.496509722351,0.9819012079175033,72.0984133223364,0.010045136353872627
92,"(1, 1, 1, 1, 48, 0, 0)",2688,True,2020-04-02,31442.678205357017,8398.97,8520.67234368317,10004.172229354985,7037.172458011357,2020-04-02 05:00:00,2020-04-02 06:00:00,7936.57,7947.566690431428,8928.830407773043,6991.583202981804,2020-04-02 08:00:00,2020-04-02 07:30:00,44269.94498264385,0.9110166072807159,185.48415195776457,0.02533734157278506
93,"(1, 1, 1, 1, 48, 0, 0)",2688,True,2020-04-03,31314.094480310738,8414.49,8467.338356150813,9740.641306588754,7194.035405712872,2020-04-03 05:30:00,2020-04-03 05:30:00,7815.69,7766.896163215617,8620.66289110352,6920.304599354646,2020-04-03 12:00:00,2020-04-03 07:30:00,50278.10043700063,0.9016933341950273,187.29740774157816,0.026249947812631787
94,"(1, 1, 1, 1, 48, 0, 0)",2688,True,2020-04-04,31008.200535666914,7730.94,8486.669875992899,9640.789673939622,7332.550078046175,2020-04-04 06:00:00,2020-04-04 05:30:00,7098.92,7393.76426785138,8262.228170635533,6904.102575036385,2020-04-04 00:00:00,2020-04-04 08:30:00,599086.7971821483,-1.4509711121477196,667.1949186344686,0.1009717836014405
95,"(1, 1, 1, 1, 48, 0, 0)",2688,True,2020-04-05,30297.828342443045,8088.95,7526.282272526893,8501.037019832233,6551.527525221554,2020-04-05 06:00:00,2020-04-05 06:00:00,6324.7,6554.894107547812,7196.346349651569,6197.766991654872,2020-04-05 00:00:00,2020-04-05 07:00:00,147860.97095933402,0.7286389944749092,333.65263522623394,0.05439443735941418
96,"(1, 1, 1, 1, 48, 0, 0)",2688,True,2020-04-06,30288.77286930224,8725.82,7992.494459074703,9027.604097238385,6957.384820911021,2020-04-06 06:00:00,2020-04-06 06:00:00,7061.67,7136.592770431275,7828.753007443343,6444.432533419207,2020-04-06 08:30:00,2020-04-06 08:00:00,109782.49450250028,0.8153185667621274,260.2469583782532,0.03595649406585697
97,"(1, 1, 1, 1, 48, 0, 0)",2688,True,2020-04-07,30651.93036775719,8723.16,8593.229117428305,9671.407486463668,7515.050748392944,2020-04-07 06:00:00,2020-04-07 06:00:00,7367.35,7489.918387385325,8241.890111755416,7019.616116087123,2020-04-07 08:30:00,2020-04-07 08:00:00,60601.812282405466,0.8521792225809002,209.84179369560033,0.029686904733961447
98,"(1, 1, 1, 1, 48, 0, 0)",2688,True,2020-04-08,30398.16968084459,8639.7,8426.056352454956,9475.251105058951,7376.861599850961,2020-04-08 06:00:00,2020-04-08 06:00:00,7432.41,7759.573350682219,8500.043576515938,7105.318556276555,2020-04-08 12:00:00,2020-04-08 08:30:00,72810.5772976273,0.8361259695350263,213.98109489004386,0.030648596317102223
99,"(1, 1, 1, 1, 48, 0, 0)",2688,True,2020-04-09,30687.097115220062,8536.62,8587.587722730383,9704.883703803494,7470.29174165727,2020-04-09 06:00:00,2020-04-09 06:00:00,7376.72,7814.728450519822,8574.830553699343,7070.766489007074,2020-04-09 08:30:00,2020-04-09 08:00:00,77498.17064258648,0.8064432183875054,241.93020750937475,0.034386347967601455
100,"(1, 1, 1, 1, 48, 0, 0)",2688,True,2020-04-10,30532.974333521543,8115.61,8545.914232828942,9604.183827289244,7487.64463836864,2020-04-10 06:00:00,2020-04-10 06:00:00,7201.84,7546.9173250206295,8415.428962884178,7037.317941456919,2020-04-10 00:00:00,2020-04-10 12:00:00,369145.1053615049,-0.03207079262944834,521.3229486840752,0.07824203232291906
101,"(1, 1, 1, 1, 48, 0, 0)",2688,True,2020-04-11,30390.847317886346,8093.91,8140.85628139598,8930.046345433357,7351.666217358603,2020-04-11 06:00:00,2020-04-11 06:00:00,6881.91,6882.108109129309,7317.432892337269,6749.362910005146,2020-04-11 00:00:00,2020-04-11 00:00:00,194912.24753055617,0.6487398615415232,351.65946992275707,0.05965735719342929
102,"(1, 1, 1, 1, 48, 0, 0)",2688,True,2020-04-12,30373.60491614795,8122.55,8372.64810744558,9160.624585266723,7584.671629624437,2020-04-12 06:00:00,2020-04-12 06:00:00,6729.58,6796.950972813884,7070.246798478223,6664.610985210513,2020-04-12 00:00:00,2020-04-12 00:00:00,167077.72091733365,0.7062803715322075,370.7067559981812,0.06081982768191885
103,"(1, 1, 1, 1, 48, 0, 0)",2688,True,2020-04-13,30350.890964692462,8237.26,8260.058733635864,9050.803315256791,7469.314152014937,2020-04-13 06:00:00,2020-04-13 06:00:00,6776.14,6800.801390127825,7087.298932938821,6669.108790810898,2020-04-13 00:00:00,2020-04-13 00:00:00,51509.032077900214,0.901345420706228,176.32253036257916,0.029135330133273674
104,"(1, 1, 1, 1, 48, 0, 0)",2688,True,2020-04-14,30338.16011470198,8753.41,8335.62200393926,9119.059866118485,7552.184141760033,2020-04-14 06:00:00,2020-04-14 06:00:00,7078.4,6997.856266499638,7129.277986777736,6866.43454622154,2020-04-14 08:00:00,2020-04-14 00:00:00,90488.82533427367,0.8299603354288709,248.95963396545605,0.034939935982151116
105,"(1, 1, 1, 1, 48, 0, 0)",2688,True,2020-04-15,30245.290003507693,8805.66,8499.593923490409,9256.84072857859,7742.347118402227,2020-04-15 06:00:00,2020-04-15 06:00:00,7188.45,7185.423889685537,7347.482990685906,7056.235867955298,2020-04-15 00:00:00,2020-04-15 00:00:00,47515.818721277,0.9070896254475647,168.09503494991878,0.02301591523358421
106,"(1, 1, 1, 1, 48, 0, 0)",2688,True,2020-04-16,30219.057659859285,8675.58,8452.36883251341,9210.608354784601,7694.12931024222,2020-04-16 06:00:00,2020-04-16 06:00:00,7213.45,7151.378271381958,7568.727576064496,7022.815614612916,2020-04-16 09:30:00,2020-04-16 00:00:00,70987.00503333054,0.8417934782556633,228.8097839481337,0.03151724991166415
107,"(1, 1, 1, 1, 48, 0, 0)",2688,True,2020-04-17,30193.3364505932,8478.38,8560.253377935513,9310.587376490672,7809.919379380352,2020-04-17 06:00:00,2020-04-17 06:00:00,7254.58,7227.411899607538,7387.557798898465,7099.469736827149,2020-04-17 00:00:00,2020-04-17 00:00:00,16232.401088978097,0.9580502486323694,107.52630355680635,0.015585126603083796
108,"(1, 1, 1, 1, 48, 0, 0)",2688,True,2020-04-18,30180.412002618516,8132.82,8335.133784805885,9086.207822831926,7584.059746779844,2020-04-18 06:00:00,2020-04-18 06:00:00,7096.27,7072.203209895758,7207.828826923242,6944.570497380515,2020-04-18 00:00:00,2020-04-18 00:00:00,30199.752591362718,0.9311580488142662,148.46496914627986,0.022401847817045985
109,"(1, 1, 1, 1, 48, 0, 0)",2688,True,2020-04-19,30168.539398046243,8267.96,8175.732912911167,8923.050440580644,7428.41538524169,2020-04-19 06:00:00,2020-04-19 06:00:00,6862.94,6852.274664962143,7021.564673989713,6725.011278861733,2020-04-19 00:00:00,2020-04-19 00:00:00,17020.21234347356,0.9675404491387469,96.5139104179707,0.01542493888000896
110,"(1, 1, 1, 1, 48, 0, 0)",2688,True,2020-04-20,30110.78850931284,8868.11,8196.501288120948,8930.361202557848,7462.641373684049,2020-04-20 06:00:00,2020-04-20 06:00:00,7450.86,6883.1962713925805,7116.634906692214,6757.402876331904,2020-04-20 09:00:00,2020-04-20 00:00:00,408317.53837807634,0.30871840382750126,551.0338544537693,0.074668006397719
111,"(1, 1, 1, 1, 48, 0, 0)",2688,True,2020-04-21,30122.0294191909,8685.43,8774.155088687114,9513.174031688588,8035.136145685638,2020-04-21 06:00:00,2020-04-21 06:00:00,7362.42,7340.669570396934,7766.632758355694,7214.63634960256,2020-04-21 00:00:00,2020-04-21 00:00:00,18305.867909013512,0.9580993092307413,113.44353923129258,0.016789156252811008
112,"(1, 1, 1, 1, 48, 0, 0)",2688,True,2020-04-22,30108.348390231517,8632.97,8722.272213677685,9457.88937032814,7986.65505702723,2020-04-22 06:00:00,2020-04-22 06:00:00,7202.22,7218.36895879652,7571.162864035829,7092.668965611269,2020-04-22 00:00:00,2020-04-22 00:00:00,8156.282220681097,0.9825804875341901,73.97005297268839,0.010660021878529555
113,"(1, 1, 1, 1, 48, 0, 0)",2688,True,2020-04-23,30065.288453490048,8756.95,8590.44209927084,9310.862127078231,7870.022071463448,2020-04-23 06:00:00,2020-04-23 06:00:00,7287.59,7249.675185461667,7657.7265860589905,7124.942124298824,2020-04-23 00:00:00,2020-04-23 00:00:00,10490.7399981726,0.9771716368755452,84.04450437732014,0.011782019164254193
114,"(1, 1, 1, 1, 48, 0, 0)",2688,True,2020-04-24,30060.94897115987,8492.38,8599.947146159753,9319.457621419622,7880.436670899884,2020-04-24 06:00:00,2020-04-24 06:00:00,7238.05,7177.653694658129,7481.503991497071,7053.0409869856585,2020-04-24 00:00:00,2020-04-24 00:00:00,13397.714064118985,0.9662703077086633,104.97049190079609,0.014960768682404568
115,"(1, 1, 1, 1, 48, 0, 0)",2688,True,2020-04-25,30038.236692745504,8071.34,8437.89773137312,9157.942013234831,7717.853449511407,2020-04-25 06:00:00,2020-04-25 06:00:00,7174.63,7165.045269800536,7416.5600907844655,7040.907465926343,2020-04-25 00:00:00,2020-04-25 00:00:00,180285.70337688606,0.5959365735737423,381.31577954401035,0.060365999657720625
116,"(1, 1, 1, 1, 48, 0, 0)",2688,True,2020-04-26,30014.62935615265,8191.68,8150.6132503762165,8870.948679839099,7430.277820913334,2020-04-26 06:00:00,2020-04-26 06:00:00,6679.46,6695.0782048120955,6944.07479975496,6571.49813572749,2020-04-26 00:00:00,2020-04-26 00:00:00,55860.81842963543,0.8994964962145723,176.26268684097795,0.027859845236566108
117,"(1, 1, 1, 1, 48, 0, 0)",2688,True,2020-04-27,29953.386245853082,8876.89,8231.354853069282,8940.288688783357,7522.421017355207,2020-04-27 06:00:00,2020-04-27 06:00:00,7311.55,6794.139199611835,7371.072640460214,6585.980636348324,2020-04-27 08:30:00,2020-04-27 09:00:00,234254.35708446044,0.6271000733166389,441.34665408031015,0.059922744486827384
118,"(1, 1, 1, 1, 48, 0, 0)",2688,True,2020-04-28,29760.259797304843,8769.32,8612.874610594958,9272.741169895191,7953.008051294724,2020-04-28 06:00:00,2020-04-28 06:00:00,7380.54,7291.110015788585,7631.8491818525545,7173.395472919435,2020-04-28 09:00:00,2020-04-28 00:00:00,38714.26794674225,0.9151424106710502,150.31834421274226,0.02072503379828779
119,"(1, 1, 1, 1, 48, 0, 0)",2688,True,2020-04-29,29765.734271718724,8852.97,8659.878262510454,9319.904404965224,7999.852120055684,2020-04-29 05:30:00,2020-04-29 06:00:00,7504.21,7162.532821614425,7554.748621536492,7044.718650667902,2020-04-29 09:00:00,2020-04-29 00:00:00,106205.80393423747,0.8087470460690213,236.07735499222872,0.03138498909509474
120,"(1, 1, 1, 1, 48, 0, 0)",2688,True,2020-04-30,29780.709777158798,9471.04,8720.799300589799,9384.446614494684,8059.624705817552,2020-04-30 05:30:00,2020-04-30 05:30:00,8244.03,7471.35815236253,8014.945508516979,7086.978950159859,2020-04-30 11:30:00,2020-04-30 09:00:00,333138.2963554678,0.6254537549370485,479.6020481553939,0.058091144338200416
121,"(1, 1, 1, 1, 48, 0, 0)",2688,True,2020-05-01,29805.328697898567,9826.56,9173.189670437207,9836.360813479672,8510.01852739474,2020-05-01 06:00:00,2020-05-01 05:30:00,8008.42,7780.873395497942,8274.552585756255,7662.15745919624,2020-05-01 08:30:00,2020-05-01 00:00:00,136742.12680402267,0.8476661585287103,314.8903156893079,0.040209342408180825
122,"(1, 1, 1, 1, 48, 0, 0)",2688,True,2020-05-02,29815.80161328128,9186.82,9395.617577173361,10256.266768677227,8534.968385669496,2020-05-02 06:00:00,2020-05-02 06:00:00,7830.59,7864.705117167345,8332.139475615504,7745.5654704068265,2020-05-02 00:00:00,2020-05-02 00:00:00,299094.99894177547,0.5973963605741035,472.5792565446139,0.06920368791903907
123,"(1, 1, 1, 1, 48, 0, 0)",2688,True,2020-05-03,29941.982443525198,9080.3,9119.495028585356,9798.344680874226,8440.645376296485,2020-05-03 06:00:00,2020-05-03 06:00:00,7389.51,7434.646200253894,7853.834558158591,7316.3601238998135,2020-05-03 00:00:00,2020-05-03 00:00:00,231945.81467306064,0.7383617155689353,364.5755365792391,0.05617654099575121
124,"(1, 1, 1, 1, 48, 0, 0)",2688,True,2020-05-04,29812.16455694049,9823.34,9042.063867339917,9901.586277668537,8182.541457011297,2020-05-04 06:00:00,2020-05-04 06:00:00,8481.01,7403.584825946067,8021.059071139543,7284.898026303106,2020-05-04 08:30:00,2020-05-04 00:00:00,302121.6707914023,0.6859628713918384,440.8359731146988,0.05399433486111362
125,"(1, 1, 1, 1, 48, 0, 0)",2688,True,2020-05-05,29857.25774781671,9513.53,9598.75506511703,10511.549619961746,8685.960510272313,2020-05-05 06:00:00,2020-05-05 06:00:00,8373.39,8167.586730015031,8811.672399093515,7627.238596880736,2020-05-05 08:30:00,2020-05-05 08:30:00,40245.00106516536,0.9391579264957346,175.7388435076779,0.0230742353304545
126,"(1, 1, 1, 1, 48, 0, 0)",2688,True,2020-05-06,29917.178197123165,9291.21,9374.167602250825,10185.052797072436,8563.282407429215,2020-05-06 06:00:00,2020-05-06 06:00:00,8242.58,7959.780796661107,8554.917074741072,7542.842604017241,2020-05-06 08:30:00,2020-05-06 08:30:00,26971.217897009734,0.9575161782313141,127.96796935842173,0.017005553003140408
127,"(1, 1, 1, 1, 48, 0, 0)",2688,True,2020-05-07,29913.17132686493,9144.39,9395.286258257725,10214.144510620268,8576.428005895183,2020-05-07 05:30:00,2020-05-07 06:00:00,8350.05,8233.368931505996,8835.332575124808,7631.405287887184,2020-05-07 08:30:00,2020-05-07 08:30:00,33240.834583651835,0.9350253088637287,143.5479648135773,0.018486331676690334
128,"(1, 1, 1, 1, 48, 0, 0)",2688,True,2020-05-08,29867.591201627092,8651.19,9349.005701958395,10273.189944555763,8424.821459361026,2020-05-08 05:30:00,2020-05-08 06:00:00,7631.69,7908.542386750223,8535.171822457436,7331.16133504762,2020-05-08 08:00:00,2020-05-08 08:00:00,124854.593468061,0.701025793679722,273.56177140170104,0.03647008914086033
129,"(1, 1, 1, 1, 48, 0, 0)",2688,True,2020-05-09,29866.172838118804,8345.99,8537.566785595729,9462.423423753946,7618.6659574468,2020-05-09 06:00:00,2020-05-09 06:00:00,7325.8,7244.9205203325455,7876.850004273836,7124.802366925569,2020-05-09 00:00:00,2020-05-09 00:00:00,53483.653778020314,0.8686101290091778,187.5679206548355,0.02772703668467347
130,"(1, 1, 1, 1, 48, 0, 0)",2688,True,2020-05-10,29887.95040843322,9079.5,8598.108535673075,9540.460362201431,7655.756709144718,2020-05-10 06:00:00,2020-05-10 06:00:00,6940.92,7088.748140463354,7734.932323446818,6869.168560855947,2020-05-10 00:00:00,2020-05-10 08:30:00,154784.7347034357,0.8611080606716441,269.4250891776348,0.03498139534493994
131,"(1, 1, 1, 1, 48, 0, 0)",2688,True,2020-05-11,29882.797657804036,10250.27,9246.396785974302,10161.486965723649,8331.306606224956,2020-05-11 06:00:00,2020-05-11 06:00:00,8989.97,7809.483468204149,8447.437763368998,7413.47150919612,2020-05-11 08:30:00,2020-05-11 08:30:00,427398.009601625,0.6482199947139053,563.4569106713351,0.06743124914551295
132,"(1, 1, 1, 1, 48, 0, 0)",2688,True,2020-05-12,29925.933513230502,10008.65,9485.289999947305,10385.98258857714,8584.597411317469,2020-05-12 06:00:00,2020-05-12 06:00:00,9137.69,8383.351080894261,9020.837889034987,7943.444063510613,2020-05-12 08:00:00,2020-05-12 08:30:00,153278.4897792902,0.81920354837449,315.51305410815235,0.03717385723735481
133,"(1, 1, 1, 1, 48, 0, 0)",2688,True,2020-05-13,29979.26968237529,10195.56,9611.5527430035,10519.72420665949,8703.38127934751,2020-05-13 05:30:00,2020-05-13 06:00:00,8993.15,8651.737710195339,9295.837478362919,8008.47435665708,2020-05-13 08:30:00,2020-05-13 08:30:00,201820.59259875608,0.788301131832295,395.7010884687484,0.04729464093221187
134,"(1, 1, 1, 1, 48, 0, 0)",2688,True,2020-05-14,29964.84504199507,10376.27,9979.84230273519,10922.116377993647,9040.642889418086,2020-05-14 05:30:00,2020-05-14 05:30:00,9147.15,9148.731082922322,9804.677624018,8492.784541826644,2020-05-14 08:30:00,2020-05-14 08:30:00,51179.10224035776,0.9452703588023408,191.98991686745572,0.023234765965470017
135,"(1, 1, 1, 1, 48, 0, 0)",2688,True,2020-05-15,29975.308993684277,10242.8,9914.783820787996,10775.051050286918,9061.130200481852,2020-05-15 05:30:00,2020-05-15 05:30:00,8905.39,8830.26957525845,9455.743792148656,8204.795358368243,2020-05-15 08:00:00,2020-05-15 08:30:00,55290.34152961622,0.9402671311204067,206.4198401394965,0.02501609783640277
136,"(1, 1, 1, 1, 48, 0, 0)",2688,True,2020-05-16,30012.00715892458,9255.04,9914.161881001884,10630.444172403446,9197.879589600323,2020-05-16 06:00:00,2020-05-16 06:00:00,8127.14,8661.826535357872,9233.451434392817,8095.732382726748,2020-05-16 00:00:00,2020-05-16 08:30:00,314953.1789204031,0.48201032876106253,498.3936452828105,0.06620860885538794
137,"(1, 1, 1, 1, 48, 0, 0)",2688,True,2020-05-17,29934.535144088786,9310.81,9597.221693437357,10501.103490871646,8693.339896003068,2020-05-17 06:00:00,2020-05-17 06:00:00,7771.69,8075.824049578852,8712.363079640432,7664.235161065776,2020-05-17 00:00:00,2020-05-17 08:30:00,125935.53044885297,0.8283501077432649,305.80819081688406,0.04164913544385179
138,"(1, 1, 1, 1, 48, 0, 0)",2688,True,2020-05-18,29915.328445000345,10136.43,9289.358324635432,10222.00205432005,8362.97413240483,2020-05-18 05:30:00,2020-05-18 06:00:00,9000.93,8064.784435340469,8708.952794330628,7420.61607635031,2020-05-18 08:30:00,2020-05-18 08:30:00,569966.4663332736,0.4487319496925195,665.9944458139306,0.08021917840960109
139,"(1, 1, 1, 1, 48, 0, 0)",2688,True,2020-05-19,29946.457449622427,9721.22,9763.883771063069,10641.717123274622,8886.050418851515,2020-05-19 05:30:00,2020-05-19 05:30:00,8629.44,8465.71428227707,9100.69318494473,7830.7353796094085,2020-05-19 08:30:00,2020-05-19 08:30:00,10498.83379906327,0.9856125601089352,82.45654919873482,0.0105018034205717
140,"(1, 1, 1, 1, 48, 0, 0)",2688,True,2020-05-20,29885.459004887565,9354.23,9618.234713672417,10501.244278747732,8735.225148597101,2020-05-20 05:30:00,2020-05-20 05:30:00,8449.24,8372.581551850784,9004.707017599012,7740.456086102557,2020-05-20 08:30:00,2020-05-20 08:30:00,18178.799796452742,0.9693836342036048,100.19285462492438,0.012341216619502252
141,"(1, 1, 1, 1, 48, 0, 0)",2688,True,2020-05-21,29891.568780634127,10104.44,9559.477009960334,10479.779868614578,8639.17415130609,2020-05-21 05:30:00,2020-05-21 05:30:00,8681.42,8554.269650809565,9195.365118553193,7913.174183065938,2020-05-21 11:30:00,2020-05-21 08:30:00,227909.6012010605,0.7878404448325654,393.2705908004127,0.0458633215690345
142,"(1, 1, 1, 1, 48, 0, 0)",2688,True,2020-05-22,29947.200919404717,10680.81,9999.031372980833,10883.36985982137,9114.692886140296,2020-05-22 05:30:00,2020-05-22 05:30:00,9519.0,8896.745161807714,9532.008207253084,8261.482116362344,2020-05-22 09:00:00,2020-05-22 08:30:00,295476.50626784697,0.7497837311449067,439.77822978846376,0.0476222487419263
143,"(1, 1, 1, 1, 48, 0, 0)",2688,True,2020-05-23,29934.934448777352,10032.05,9960.844830414339,10850.441503358561,9071.248157470116,2020-05-23 05:30:00,2020-05-23 05:30:00,8315.18,8715.280446513705,9353.523982936465,8119.12701599789,2020-05-23 00:00:00,2020-05-23 08:30:00,102710.8015152305,0.8871278809006055,229.16548465758956,0.030204346511965286
144,"(1, 1, 1, 1, 48, 0, 0)",2688,True,2020-05-24,30050.595514817538,9935.7,9713.406907175868,10571.85804940298,8854.955764948756,2020-05-24 06:00:00,2020-05-24 05:30:00,7782.88,8350.739954948189,9002.447974315404,7699.031935580974,2020-05-24 00:00:00,2020-05-24 09:00:00,141835.49299555054,0.8721468384379187,300.59514237418534,0.0409381915273077
145,"(1, 1, 1, 1, 48, 0, 0)",2688,True,2020-05-25,29971.44446695442,11148.12,9882.849448003317,10787.828674835146,8977.870221171488,2020-05-25 05:30:00,2020-05-25 05:30:00,9384.09,8373.771242904631,9039.680113601918,7714.581920737548,2020-05-25 08:30:00,2020-05-25 09:00:00,630648.9057846327,0.6464095828972123,693.3656817328932,0.07569099087982188
146,"(1, 1, 1, 1, 48, 0, 0)",2688,True,2020-05-26,29971.732223983647,10493.34,10406.95516622933,11310.758308678107,9503.152023780554,2020-05-26 05:30:00,2020-05-26 05:30:00,9327.59,8757.352328232773,9404.962962991442,8109.741693474106,2020-05-26 08:30:00,2020-05-26 08:30:00,41261.404274744826,0.9578575644639511,133.61278475724214,0.015545433327385264
147,"(1, 1, 1, 1, 48, 0, 0)",2688,True,2020-05-27,30050.554383734943,10162.61,10052.456064842982,10980.970501513952,9123.941628172011,2020-05-27 05:30:00,2020-05-27 05:30:00,9047.63,8615.073975203974,9281.86292233838,7948.2850280695675,2020-05-27 08:00:00,2020-05-27 08:30:00,46764.18603010691,0.951573754832666,162.8225122149394,0.01949071956592967
148,"(1, 1, 1, 1, 48, 0, 0)",2688,True,2020-05-28,30015.517854549365,9924.68,10419.853731120564,11336.895738653835,9502.811723587292,2020-05-28 06:00:00,2020-05-28 05:30:00,9156.18,8920.181428808928,9578.774878468235,8261.58797914962,2020-05-28 08:00:00,2020-05-28 08:30:00,164158.811358592,0.8137377806684718,307.0859886091537,0.038364842440781345
149,"(1, 1, 1, 1, 48, 0, 0)",2688,True,2020-05-29,29943.959889157075,10144.32,10233.040576335214,11137.491457125863,9328.589695544564,2020-05-29 05:30:00,2020-05-29 05:30:00,9263.09,8983.521791763254,9633.413169726844,8333.630413799665,2020-05-29 08:00:00,2020-05-29 08:30:00,29731.15059462417,0.9661867447721135,142.80506408543962,0.017440561497443257
150,"(1, 1, 1, 1, 48, 0, 0)",2688,True,2020-05-30,29941.89741337488,9276.19,10185.372207389366,11122.493946397282,9248.25046838145,2020-05-30 06:00:00,2020-05-30 05:30:00,8238.47,8700.029019400328,9351.401993419957,8078.166527469814,2020-05-30 00:00:00,2020-05-30 08:30:00,512171.2768222222,0.22786233033254144,615.9905884134758,0.08177830218562263
151,"(1, 1, 1, 1, 48, 0, 0)",2688,True,2020-05-31,30843.719539491958,9239.52,9177.060521073321,10448.938421735771,7905.182620410871,2020-05-31 06:00:00,2020-05-31 06:00:00,7678.66,7818.856724815418,8712.127177302888,7524.574933878477,2020-05-31 09:30:00,2020-05-31 09:00:00,60386.89421920723,0.9299485092068057,200.36515197424123,0.028283736625116643
152,"(1, 1, 1, 1, 48, 0, 0)",2688,True,2020-06-01,30504.351751789694,10238.38,9461.484054175735,10712.282691577753,8210.685416773716,2020-06-01 05:30:00,2020-06-01 05:30:00,8818.94,8041.496438547023,8907.714379630217,7175.278497463829,2020-06-01 08:30:00,2020-06-01 08:30:00,386011.0090463599,0.700085215324207,570.0651423834798,0.07008513318703698
153,"(1, 1, 1, 1, 48, 0, 0)",2688,True,2020-06-02,30453.556014134727,11588.33,10072.531349638677,11342.809360055493,8802.253339221861,2020-06-02 05:30:00,2020-06-02 05:30:00,10168.95,8933.708009570892,9813.632329865948,8053.783689275836,2020-06-02 08:30:00,2020-06-02 08:30:00,972500.9561623981,0.49089457292987726,861.8974042087835,0.09028111028579007
154,"(1, 1, 1, 1, 48, 0, 0)",2688,True,2020-06-03,30670.36805847588,11001.07,11151.251110483357,12374.870833728954,9927.631387237761,2020-06-03 06:00:00,2020-06-03 05:30:00,9980.18,9637.566892505372,10459.965181939408,8815.168603071337,2020-06-03 08:00:00,2020-06-03 08:00:00,133293.19370080243,0.9093400166971733,295.4913693950443,0.036393970012382836
155,"(1, 1, 1, 1, 48, 0, 0)",2688,True,2020-06-04,30098.449867328836,11241.11,10880.937082066446,11890.009918397373,9871.86424573552,2020-06-04 06:00:00,2020-06-04 06:00:00,10080.57,9669.165795647306,10360.277532879285,8978.054058415328,2020-06-04 08:00:00,2020-06-04 08:30:00,50242.98452703443,0.9675635709252064,176.7561083759127,0.018982472343913478
156,"(1, 1, 1, 1, 48, 0, 0)",2688,True,2020-06-05,30120.372100080724,10731.79,11174.546152891022,12184.327303873173,10168.677574133666,2020-06-05 06:00:00,2020-06-05 06:00:00,10380.27,9995.092507448147,10670.506569631603,9322.836760162674,2020-06-05 08:00:00,2020-06-05 08:00:00,141726.5331879087,0.8892434710051699,314.48762110481033,0.036799384193687446
157,"(1, 1, 1, 1, 48, 0, 0)",2688,True,2020-06-06,30106.857029422743,10146.86,10725.526843582065,11729.673724880193,9721.379962283938,2020-06-06 06:00:00,2020-06-06 06:00:00,9076.62,9591.332129132687,10280.596514840094,8902.06774342528,2020-06-06 08:30:00,2020-06-06 08:30:00,251938.001845026,0.7588021232295117,446.43898509653263,0.05569292452398333
158,"(1, 1, 1, 1, 48, 0, 0)",2688,True,2020-06-07,30515.432919311348,10356.92,10275.315892697516,11566.190932265756,8998.056444496922,2020-06-07 05:30:00,2020-06-07 06:00:00,8892.33,9193.374136329545,10076.409094318864,8310.339178340226,2020-06-07 09:30:00,2020-06-07 08:30:00,68765.84979826187,0.9383534963202278,181.13785090653036,0.022860444060058372
159,"(1, 1, 1, 1, 48, 0, 0)",2688,True,2020-06-08,30424.94439841974,10470.07,10689.738606982972,11691.440027695895,9688.037186270049,2020-06-08 05:30:00,2020-06-08 05:30:00,8145.39,9550.113732205282,10265.102066795336,8835.125397615227,2020-06-08 08:30:00,2020-06-08 08:30:00,485585.2741607621,0.6346854593002689,596.1990776202701,0.07842530941904981
160,"(1, 1, 1, 1, 48, 0, 0)",2688,True,2020-06-09,30221.465046130466,10836.23,10799.859058876693,11838.570734667665,9768.23521665935,2020-06-09 05:30:00,2020-06-09 06:00:00,9870.27,9448.456159109523,10160.931278737497,8735.981039481549,2020-06-09 08:30:00,2020-06-09 08:30:00,82607.42395444469,0.9363848592539676,237.9817896841021,0.027869302193355473
161,"(1, 1, 1, 1, 48, 0, 0)",2688,True,2020-06-10,30242.194866073663,10755.09,10418.482856729968,11413.353476720922,9423.612236739014,2020-06-10 05:30:00,2020-06-10 05:30:00,9576.2,9256.049420019906,9967.70182013713,8544.397019902683,2020-06-10 08:30:00,2020-06-10 08:30:00,280596.31216950156,0.7637903159991836,407.80670949424035,0.046774447690438425
162,"(1, 1, 1, 1, 48, 0, 0)",2688,True,2020-06-11,30255.597701535797,10366.66,10609.97151253237,11615.987171897643,9603.955853167095,2020-06-11 06:00:00,2020-06-11 06:00:00,9372.92,9431.41199678717,10143.087253505817,8719.736740068523,2020-06-11 08:00:00,2020-06-11 08:30:00,38908.45361505033,0.9612041070621256,161.48521324170213,0.018711886934420757
163,"(1, 1, 1, 1, 48, 0, 0)",2688,True,2020-06-12,30220.927128247942,10462.02,10434.201832495964,11169.260056493164,9699.143608498765,2020-06-12 05:30:00,2020-06-12 06:00:00,9530.2,9429.67447658135,10035.842738252935,8823.506214909763,2020-06-12 08:30:00,2020-06-12 08:30:00,99291.74518162613,0.9006857152363352,235.46897567327156,0.027710487142267582
164,"(1, 1, 1, 1, 48, 0, 0)",2688,True,2020-06-13,30262.086140835137,9499.67,10222.195510788417,11286.887737894189,9158.688507313655,2020-06-13 05:30:00,2020-06-13 05:30:00,8347.48,9104.120466165576,9841.036630613262,8367.20430171789,2020-06-13 00:00:00,2020-06-13 08:30:00,374809.78291984723,0.4162366600492686,558.7962363427209,0.07137503625836432
165,"(1, 1, 1, 1, 48, 0, 0)",2688,True,2020-06-14,30337.55482378815,9596.16,9685.142385131847,10706.804032218248,8663.480738045446,2020-06-14 06:00:00,2020-06-14 05:30:00,7920.21,8456.746638613644,9206.355298598759,7707.137978628528,2020-06-14 10:00:00,2020-06-14 09:00:00,149173.20942210034,0.8687974470798234,275.9432615693495,0.03854001240519325
166,"(1, 1, 1, 1, 48, 0, 0)",2688,True,2020-06-15,30415.637177821056,10568.08,9728.19499200866,10785.626696288846,8682.468096246004,2020-06-15 05:30:00,2020-06-15 05:30:00,9770.87,7968.7578914576225,8716.66265445573,7493.830350881432,2020-06-15 08:00:00,2020-06-15 08:30:00,753923.3458504234,0.4840095923646589,728.8518041126669,0.08498623528388216
167,"(1, 1, 1, 1, 48, 0, 0)",2688,True,2020-06-16,30377.836424456847,10389.26,10397.300148193126,11184.830674267298,9609.769622118954,2020-06-16 06:00:00,2020-06-16 06:00:00,9737.26,9222.63442975628,9866.366507769471,8578.902351743087,2020-06-16 08:00:00,2020-06-16 08:30:00,38597.319733272154,0.9676606734527844,149.43508339484737,0.018423208915778724
168,"(1, 1, 1, 1, 48, 0, 0)",2688,True,2020-06-17,30435.630886529336,11113.26,10391.77280391658,11498.00854360382,9285.537064229338,2020-06-17 05:30:00,2020-06-17 05:30:00,9935.2,9214.460629673076,9984.459612176755,8444.461647169397,2020-06-17 08:00:00,2020-06-17 08:30:00,247999.12244493168,0.8242137258246354,436.1366294802183,0.046977514073077285
169,"(1, 1, 1, 1, 48, 0, 0)",2688,True,2020-06-18,31797.772545800926,10755.29,10579.130568718436,11758.336126907741,9399.92501052913,2020-06-18 06:00:00,2020-06-18 06:00:00,9621.32,9431.953222839868,10259.033266852117,8604.873178827618,2020-06-18 08:00:00,2020-06-18 08:30:00,22649.751338230344,0.9830341951817874,134.9130210838893,0.016109667202944263
170,"(1, 1, 1, 1, 48, 0, 0)",2688,True,2020-06-19,30486.304087756685,10301.93,10568.154826785256,11671.574291020423,9464.73536255009,2020-06-19 05:30:00,2020-06-19 06:00:00,10080.42,9538.851418299942,10307.023674759259,8770.679161840626,2020-06-19 08:00:00,2020-06-19 08:30:00,69370.93785135596,0.9333833302416293,204.77687598153014,0.023466547123892623
171,"(1, 1, 1, 1, 48, 0, 0)",2688,True,2020-06-20,30404.66252155584,9664.21,10074.86158819454,10869.3344637886,9280.388712600481,2020-06-20 05:30:00,2020-06-20 05:30:00,8750.76,9108.432365878936,9761.082049498125,8455.782682259747,2020-06-20 09:30:00,2020-06-20 08:30:00,131658.67272034008,0.8372616045848421,306.62638248641247,0.04000105587784917
172,"(1, 1, 1, 1, 48, 0, 0)",2688,True,2020-06-21,30630.726676865244,10232.98,10083.312450878084,11244.8119452865,8930.385612044143,2020-06-21 06:00:00,2020-06-21 05:30:00,8630.01,8788.683415795136,9632.551662480608,7952.3829778790705,2020-06-21 10:00:00,2020-06-21 09:30:00,71994.7816304398,0.944383745705793,182.0325672978256,0.024239514182066522
173,"(1, 1, 1, 1, 48, 0, 0)",2688,True,2020-06-22,30508.12718750021,11785.27,10321.658180309176,11461.035747917487,9195.283176007557,2020-06-22 06:00:00,2020-06-22 05:30:00,10324.87,9317.029337159403,10099.97740456085,8534.081269757957,2020-06-22 08:30:00,2020-06-22 08:30:00,818233.0429919384,0.6374215090914523,779.4347085963636,0.08109819180500984
174,"(1, 1, 1, 1, 48, 0, 0)",2688,True,2020-06-23,30492.619716258097,11980.08,11024.07331668192,12169.860522482739,9887.724100444753,2020-06-23 06:00:00,2020-06-23 06:00:00,10670.7,10040.513645732759,10802.903297399049,9278.12399406647,2020-06-23 08:00:00,2020-06-23 08:00:00,264910.9571426195,0.8659195520206148,437.30522814842743,0.044860780960849396
175,"(1, 1, 1, 1, 48, 0, 0)",2688,True,2020-06-24,30473.65667450597,11394.18,11066.597920132495,11868.416594391594,10264.779245873397,2020-06-24 05:30:00,2020-06-24 05:30:00,10599.77,9950.330403983953,10597.178805859205,9303.482002108702,2020-06-24 08:00:00,2020-06-24 08:00:00,75114.89940243041,0.9497314600284698,214.7501603553701,0.022356929078579696
176,"(1, 1, 1, 1, 48, 0, 0)",2688,True,2020-06-25,30648.27764204451,11233.08,11118.76691868336,12269.289969335538,9968.24386803118,2020-06-25 06:00:00,2020-06-25 06:00:00,10264.25,9962.45411140321,10750.075531246872,9174.83269155955,2020-06-25 08:00:00,2020-06-25 08:30:00,20933.494641050376,0.986523599095682,111.42587274928393,0.012581678901718135
177,"(1, 1, 1, 1, 48, 0, 0)",2688,True,2020-06-26,30528.7272400642,11015.04,10748.895680591548,11820.69143224817,9682.984691968239,2020-06-26 05:30:00,2020-06-26 05:30:00,10514.41,9902.442145501085,10646.804621835265,9158.079669166906,2020-06-26 08:00:00,2020-06-26 08:00:00,111320.98745872646,0.924247175319957,285.2269895881886,0.030940271132259806
178,"(1, 1, 1, 1, 48, 0, 0)",2688,True,2020-06-27,30554.253897909057,10651.08,10964.517154486717,12030.207943002155,9903.147888510095,2020-06-27 06:00:00,2020-06-27 06:00:00,9229.24,9905.343901410777,10664.61840378329,9146.069399038264,2020-06-27 09:30:00,2020-06-27 08:30:00,174117.57872880046,0.8382663855702559,343.96498124323034,0.040947649313144235
179,"(1, 1, 1, 1, 48, 0, 0)",2688,True,2020-06-28,32481.16320639222,10961.22,10663.660437623954,11713.350168142051,9613.970707105856,2020-06-28 06:00:00,2020-06-28 06:00:00,8717.54,9229.322531033657,10072.353884747037,8386.291177320276,2020-06-28 09:00:00,2020-06-28 09:30:00,122235.12071330058,0.9211191373542844,303.9244123466323,0.03696760705245078
180,"(1, 1, 1, 1, 48, 0, 0)",2688,True,2020-06-29,32939.60209142444,11575.8,11646.84725785555,13022.134514856816,10271.793979949793,2020-06-29 05:30:00,2020-06-29 06:00:00,10399.98,10205.27886201628,11150.755968631573,9259.801755400986,2020-06-29 08:30:00,2020-06-29 08:30:00,15645.20329990555,0.9916012806032503,109.43206449391975,0.012535869061854882
181,"(1, 1, 1, 1, 48, 0, 0)",2688,True,2020-06-30,32419.740212988832,11366.71,11602.696710840482,12557.224163239358,10648.169258441607,2020-06-30 06:00:00,2020-06-30 05:30:00,10577.65,10352.467444232698,11106.727808138658,9598.207080326738,2020-06-30 08:30:00,2020-06-30 08:00:00,84697.94200133455,0.9480386812809795,228.476544460239,0.025820732365153087
182,"(1, 1, 1, 1, 48, 0, 0)",2688,True,2020-07-01,31467.420379790685,10759.78,10881.679103116907,12008.1532073005,9755.204998933314,2020-07-01 06:00:00,2020-07-01 05:30:00,10406.42,10029.782600290719,10831.36028481857,9245.950581852641,2020-07-01 08:00:00,2020-07-01 08:30:00,54256.75220646457,0.9604870300721118,176.5424593518907,0.02070481274975051
183,"(1, 1, 1, 1, 48, 0, 0)",2688,True,2020-07-02,31444.461888842827,10107.38,10883.158664731905,12161.887291001016,9604.430038462795,2020-07-02 06:00:00,2020-07-02 06:00:00,9747.29,10198.969271357375,11078.581078904524,9336.934942710348,2020-07-02 08:00:00,2020-07-02 08:30:00,210879.09235339038,0.7916491216654178,425.2544137976374,0.05064258432838684
184,"(1, 1, 1, 1, 48, 0, 0)",2688,True,2020-07-03,31713.789169929707,10551.08,10446.235173972032,11430.525961970694,9461.944385973371,2020-07-03 06:00:00,2020-07-03 06:00:00,9548.05,9913.012869585502,10671.607714738819,9154.418024432185,2020-07-03 08:00:00,2020-07-03 08:00:00,32312.556834471397,0.9757346913912497,154.35888786867056,0.018521168323727768
185,"(1, 1, 1, 1, 48, 0, 0)",2688,True,2020-07-04,32519.54014689876,10619.09,10786.011583211402,11700.266435452857,9871.756730969948,2020-07-04 06:00:00,2020-07-04 06:00:00,9228.98,9385.524870233497,10157.413124309705,8627.026675532623,2020-07-04 09:00:00,2020-07-04 09:30:00,154113.80483128654,0.8848329767626287,311.94762461536226,0.03950635718109539
186,"(1, 1, 1, 1, 48, 0, 0)",2688,True,2020-07-05,32241.457795175254,10738.32,10817.32843448834,11849.165367831114,9785.491501145565,2020-07-05 06:00:00,2020-07-05 06:00:00,8720.33,9159.325878310163,9941.837213348714,8376.814543271612,2020-07-05 09:00:00,2020-07-05 08:30:00,115416.31036521168,0.9247587945141821,277.0398294697342,0.03552817179997155
187,"(1, 1, 1, 1, 48, 0, 0)",2688,True,2020-07-06,32766.164506051176,11452.33,11182.709925773688,12466.934736556586,9898.48511499079,2020-07-06 05:30:00,2020-07-06 06:00:00,10355.87,9991.69878257101,10879.839663886723,9103.557901255295,2020-07-06 08:30:00,2020-07-06 08:30:00,99489.11566302663,0.9448825836692888,255.58181068787061,0.02747732043291659
188,"(1, 1, 1, 1, 48, 0, 0)",2688,True,2020-07-07,32702.18579865537,11444.93,11080.636580582592,12204.782688247404,9956.49047291778,2020-07-07 06:00:00,2020-07-07 06:00:00,10328.11,10143.96497800211,10976.413580229273,9311.516375774947,2020-07-07 08:30:00,2020-07-07 08:30:00,69623.57136341896,0.9508911471509428,229.23754976115367,0.024719350367111106
189,"(1, 1, 1, 1, 48, 0, 0)",2688,True,2020-07-08,32549.063067631014,11346.82,10720.338718862753,11518.513593394142,9922.163844331364,2020-07-08 05:30:00,2020-07-08 06:00:00,9960.82,9935.637685215976,10628.741620598297,9242.533749833654,2020-07-08 08:30:00,2020-07-08 08:30:00,312164.45773648564,0.7718090014501612,456.0343300366888,0.04856394092216678
190,"(1, 1, 1, 1, 48, 0, 0)",2688,True,2020-07-09,32431.79766174041,11130.64,10523.646322958539,11337.767521191488,9709.52512472559,2020-07-09 06:00:00,2020-07-09 06:00:00,10327.23,9902.299466682962,10599.619655943883,9215.205747511307,2020-07-09 08:30:00,2020-07-09 08:30:00,204653.0409153887,0.8456538318446224,401.9960870922164,0.0433390461038822
191,"(1, 1, 1, 1, 48, 0, 0)",2688,True,2020-07-10,32752.70807342361,10791.27,10894.653278381427,12031.18555318001,9759.998006632548,2020-07-10 05:30:00,2020-07-10 06:00:00,9978.59,9870.1561190866,10707.6859722327,9032.626265940498,2020-07-10 08:30:00,2020-07-10 08:30:00,88168.50985147455,0.9185148166780154,224.54447037460898,0.024821764082478954
192,"(1, 1, 1, 1, 48, 0, 0)",2688,True,2020-07-11,32178.115964853303,10202.43,10796.934291159028,11922.603186524622,9671.265395793434,2020-07-11 05:30:00,2020-07-11 06:00:00,9122.55,9558.237218069713,10391.336711667605,8725.13772447182,2020-07-11 09:30:00,2020-07-11 09:00:00,181821.8424983568,0.8062492959499886,344.3931176219782,0.04061126140583421
193,"(1, 1, 1, 1, 48, 0, 0)",2688,True,2020-07-12,30471.184570430694,10627.94,10587.234349062039,11710.472731441621,9463.995966682456,2020-07-12 06:00:00,2020-07-12 06:00:00,8445.98,8987.311594850273,9780.979129183157,8193.644060517388,2020-07-12 09:30:00,2020-07-12 09:00:00,88160.30262916193,0.9357116930008781,206.31032775095392,0.02582894781638498
194,"(1, 1, 1, 1, 48, 0, 0)",2688,True,2020-07-13,32396.74364203973,11461.61,11053.338059643422,12200.623559005307,9906.052560281536,2020-07-13 06:00:00,2020-07-13 05:30:00,10072.7,9833.626622925045,10672.985575060433,8994.267670789657,2020-07-13 08:30:00,2020-07-13 08:30:00,194317.00397438006,0.9162439472769554,369.46385635249413,0.045630415881577874
195,"(1, 1, 1, 1, 48, 0, 0)",2688,True,2020-07-14,32624.439903009847,11668.99,11302.948595722944,12741.679884835366,9877.700121494046,2020-07-14 06:00:00,2020-07-14 05:30:00,10351.93,9894.989172028589,10915.357523546736,8874.620820510441,2020-07-14 09:30:00,2020-07-14 09:00:00,94062.27044579184,0.9442497783905898,254.95615883508069,0.026112944123793353
196,"(1, 1, 1, 1, 48, 0, 0)",2688,True,2020-07-15,31838.1692383655,11517.67,11135.852052243443,11951.682085256394,10320.075280634457,2020-07-15 06:00:00,2020-07-15 05:30:00,10016.27,9844.655386067021,10538.553402431256,9150.757369702786,2020-07-15 08:30:00,2020-07-15 08:30:00,35720.13798385423,0.9758456489310129,142.94035113883132,0.014580192048461851
197,"(1, 1, 1, 1, 48, 0, 0)",2688,True,2020-07-16,30763.00655378257,11402.02,11150.058952424792,12324.784554581855,9990.931231185315,2020-07-16 06:00:00,2020-07-16 06:00:00,10072.25,10157.260351323286,10962.020720787375,9352.499981859197,2020-07-16 08:30:00,2020-07-16 08:30:00,27071.357828847744,0.9813561775653747,136.58817394379707,0.014377792299023584
198,"(1, 1, 1, 1, 48, 0, 0)",2688,True,2020-07-17,31128.136035054875,10966.79,11140.539541499384,12349.329152878852,9945.409513529692,2020-07-17 06:00:00,2020-07-17 05:30:00,10006.81,10115.900695990254,10945.489144898082,9286.312247082427,2020-07-17 08:30:00,2020-07-17 08:30:00,49126.81425097866,0.9559582030118112,167.66144361223968,0.018400760097264438
199,"(1, 1, 1, 1, 48, 0, 0)",2688,True,2020-07-18,30970.211824169328,10198.37,10922.131290906935,12109.58175157186,9734.680830242009,2020-07-18 06:00:00,2020-07-18 06:00:00,8806.71,9514.59091189858,10372.829695811619,8667.0757169301,2020-07-18 00:00:00,2020-07-18 09:30:00,668286.2670363759,0.3090234933051079,701.313113850449,0.08685348478243542
200,"(1, 1, 1, 1, 48, 0, 0)",2688,True,2020-07-19,30724.804630628558,10120.36,10548.339422291545,11712.856526257528,9383.822318325561,2020-07-19 06:00:00,2020-07-19 06:00:00,8276.47,8933.405841432786,9732.074448736446,8143.259375379476,2020-07-19 00:00:00,2020-07-19 08:30:00,302475.5651557438,0.7358058160837853,479.6181898073173,0.06273273203309755
201,"(1, 1, 1, 1, 48, 0, 0)",2688,True,2020-07-20,31564.877093688123,11222.65,10628.046830916435,11879.91771605728,9376.17594577559,2020-07-20 06:30:00,2020-07-20 06:00:00,9649.23,9048.670125701672,9906.609747013219,8190.730504390124,2020-07-20 08:00:00,2020-07-20 08:30:00,225079.11862438815,0.8881954866710635,406.3832807170797,0.0470232254059062
202,"(1, 1, 1, 1, 48, 0, 0)",2688,True,2020-07-21,32604.520770498642,11739.02,11517.888175224041,12757.654850123467,10289.455287391911,2020-07-21 06:00:00,2020-07-21 06:00:00,10841.59,9884.834754933327,10747.394748141647,9022.274761725006,2020-07-21 08:00:00,2020-07-21 08:30:00,215773.19352309324,0.8802984458682318,359.79904470740956,0.04021328553800211
203,"(1, 1, 1, 1, 48, 0, 0)",2688,True,2020-07-22,31040.953503033288,11412.82,11321.347084539484,12495.844858000846,10146.849311078122,2020-07-22 06:00:00,2020-07-22 06:00:00,10726.52,9885.064312446197,10712.411577926749,9057.717046965645,2020-07-22 08:00:00,2020-07-22 08:30:00,124939.31710341969,0.9187303201050883,267.8782324336167,0.029108802816712697
204,"(1, 1, 1, 1, 48, 0, 0)",2688,True,2020-07-23,32175.10845421794,11276.89,11450.45420393921,12796.26351903726,10104.644888841161,2020-07-23 06:00:00,2020-07-23 06:00:00,10792.65,10094.790548458826,11023.655962069353,9168.750939561562,2020-07-23 08:00:00,2020-07-23 08:30:00,109760.65533709334,0.9285005628259593,259.87447921870734,0.028152606375744915
205,"(1, 1, 1, 1, 48, 0, 0)",2688,True,2020-07-24,30886.012763477458,10762.03,11073.268862817364,12278.814763769402,9867.722961865325,2020-07-24 06:00:00,2020-07-24 06:00:00,10838.44,9992.906721531679,10818.6756593766,9167.137783686758,2020-07-24 08:30:00,2020-07-24 08:30:00,109822.3541089848,0.9139774719765562,252.70585745285243,0.02742499100705254
206,"(1, 1, 1, 1, 48, 0, 0)",2688,True,2020-07-25,32694.114397790745,10350.39,10818.577337257855,12120.453268029687,9516.701406486023,2020-07-25 05:30:00,2020-07-25 06:00:00,9381.75,9880.104284275352,10796.42503476342,8963.783533787284,2020-07-25 09:30:00,2020-07-25 08:30:00,243915.43210544914,0.7185874250650286,375.85085645219596,0.04349342352310726
207,"(1, 1, 1, 1, 48, 0, 0)",2688,True,2020-07-26,31009.434561848142,10722.49,10270.568310723238,11022.59172426014,9518.544897186335,2020-07-26 06:00:00,2020-07-26 06:00:00,9288.62,8962.580742665266,9613.960910117246,8315.341352172107,2020-07-26 12:00:00,2020-07-26 08:30:00,469661.3777319733,0.753556173030238,537.8582976290605,0.06133981962718308
208,"(1, 1, 1, 1, 48, 0, 0)",2688,True,2020-07-27,32854.20535576401,11551.78,11556.469288023523,12892.647601873023,10220.290974174024,2020-07-27 05:30:00,2020-07-27 06:00:00,9657.55,9832.479859638173,10770.549687696246,8894.4100315801,2020-07-27 09:00:00,2020-07-27 08:30:00,243810.85005092164,0.8802494625644183,413.0672492690704,0.045304760840329285
209,"(1, 1, 1, 1, 48, 0, 0)",2688,True,2020-07-28,32647.143788181555,10780.31,11027.379621140803,11843.129465244703,10211.629777036902,2020-07-28 06:00:00,2020-07-28 06:00:00,9792.5,9859.111215040337,10577.639300879773,9140.5831292009,2020-07-28 08:30:00,2020-07-28 08:30:00,50085.78540574478,0.9573620740467712,183.69060598352485,0.02067776706723327
210,"(1, 1, 1, 1, 48, 0, 0)",2688,True,2020-07-29,33036.80078539211,10551.31,10718.505573144725,12096.058464986689,9347.769408988308,2020-07-29 06:00:00,2020-07-29 06:00:00,9723.19,9779.28197600078,10714.054598552946,8851.583551782944,2020-07-29 08:00:00,2020-07-29 08:00:00,27625.778677399085,0.9773566472854521,145.39185907277786,0.017444227460450462
211,"(1, 1, 1, 1, 48, 0, 0)",2688,True,2020-07-30,33127.52875927175,10878.42,10891.580502006183,11667.436105013572,10115.724898998795,2020-07-30 06:00:00,2020-07-30 06:00:00,9850.92,9954.845931980944,10650.789408114359,9258.90245584753,2020-07-30 08:00:00,2020-07-30 08:00:00,13151.043383266124,0.9902609959942735,92.77334437983679,0.011147038238325599
212,"(1, 1, 1, 1, 48, 0, 0)",2688,True,2020-07-31,31004.506561338098,10722.05,10964.737480712613,11739.435026860483,10190.039934564742,2020-07-31 06:00:00,2020-07-31 06:00:00,10157.27,10119.363159965273,10785.509103713452,9463.235676570424,2020-07-31 08:00:00,2020-07-31 08:00:00,70603.04196597952,0.9453613019368738,213.9333205920675,0.025264125202527177
213,"(1, 1, 1, 1, 48, 0, 0)",2688,True,2020-08-01,32899.60944430734,10056.51,10927.03530024957,12274.768425446266,9579.302175052875,2020-08-01 06:00:00,2020-08-01 06:00:00,8973.87,9592.034300823201,10545.144549182913,8648.408166355355,2020-08-01 08:30:00,2020-08-01 08:30:00,592197.6524889496,0.4724737188730562,650.003233024252,0.08286101593699101
214,"(1, 1, 1, 1, 48, 0, 0)",2688,True,2020-08-02,32751.751725452767,10337.87,10602.19744102372,11361.90497880951,9842.489903237929,2020-08-02 06:00:00,2020-08-02 06:00:00,8542.46,8767.214168830933,9470.04256893129,8064.3857687305745,2020-08-02 08:30:00,2020-08-02 09:30:00,389060.99494990375,0.7038593827164126,461.4206085766038,0.06322982003449844
215,"(1, 1, 1, 1, 48, 0, 0)",2688,True,2020-08-03,32743.183159676828,10864.97,10976.057279981118,12143.012462624261,9809.102097337975,2020-08-03 06:00:00,2020-08-03 06:00:00,10343.93,9320.782982275034,10188.518800649164,8453.047163900903,2020-08-03 08:00:00,2020-08-03 08:30:00,175619.70749891657,0.883222754874253,289.4779298669716,0.03355166656223481
216,"(1, 1, 1, 1, 48, 0, 0)",2688,True,2020-08-04,31350.91368619417,10702.53,10534.185187849745,11831.449812385701,9241.286626038564,2020-08-04 06:00:00,2020-08-04 06:00:00,9907.17,9620.61374729017,10496.377093459243,8759.373529006507,2020-08-04 08:00:00,2020-08-04 08:00:00,59195.94759210968,0.958066669998269,208.48021476199543,0.02479372446499442
217,"(1, 1, 1, 1, 48, 0, 0)",2688,True,2020-08-05,31052.96272936644,11544.22,10750.085304352653,12006.421399991907,9504.106673771186,2020-08-05 06:30:00,2020-08-05 06:30:00,10456.54,9684.566677411729,10515.532816413217,8853.600538410241,2020-08-05 08:00:00,2020-08-05 08:00:00,238238.21351078586,0.8745648411786624,418.1654644328125,0.04493133139548588
218,"(1, 1, 1, 1, 48, 0, 0)",2688,True,2020-08-06,33311.944404825896,11908.24,10873.967936093635,11800.172093142226,9947.763779045044,2020-08-06 06:00:00,2020-08-06 06:30:00,10918.13,9817.9452807429,10594.16553210087,9041.725029384932,2020-08-06 08:00:00,2020-08-06 08:00:00,503285.67881757877,0.7499529671021863,618.0279554525054,0.06424507598189526
219,"(1, 1, 1, 1, 48, 0, 0)",2688,True,2020-08-07,32908.5443213241,11880.64,11573.466770888808,12664.042966929635,10482.890574847981,2020-08-07 05:30:00,2020-08-07 06:00:00,10915.28,10337.36908510921,11183.402642814433,9491.335527403988,2020-08-07 09:30:00,2020-08-07 08:00:00,1385532.209851779,0.38646090337962535,879.1116193446159,0.08458702038590411
220,"(1, 1, 1, 1, 48, 0, 0)",2688,True,2020-08-08,31153.391582640117,10366.24,10665.423982294973,11954.751526823906,9376.09643776604,2020-08-08 06:00:00,2020-08-08 06:00:00,8569.32,9419.94632113715,10303.173503096277,8536.719139178022,2020-08-08 12:00:00,2020-08-08 08:30:00,199389.48084840426,0.8161361019043478,343.0609927014607,0.04270392459796185
221,"(1, 1, 1, 1, 48, 0, 0)",2688,True,2020-08-09,33636.943627267996,11721.16,10849.414073767708,12059.049637165028,9639.778510370388,2020-08-09 06:00:00,2020-08-09 06:00:00,8410.79,9057.384263837412,9988.116200960016,8143.262738637008,2020-08-09 09:30:00,2020-08-09 08:00:00,561198.6955018807,0.7586786942940366,614.0635449432592,0.06998131939631051
222,"(1, 1, 1, 1, 48, 0, 0)",2688,True,2020-08-10,33283.72190387633,11735.61,11221.968534407197,12150.16806400653,10293.769004807864,2020-08-10 06:00:00,2020-08-10 06:00:00,10253.66,9917.782636088938,10716.92121982249,9118.644052355385,2020-08-10 08:30:00,2020-08-10 08:30:00,88990.29880975319,0.9562545602016617,264.71886896471574,0.03019333872159241
223,"(1, 1, 1, 1, 48, 0, 0)",2688,True,2020-08-11,33581.42335020609,11064.42,10812.116599460509,11927.517883776489,9696.715315144529,2020-08-11 06:30:00,2020-08-11 06:00:00,10038.59,9658.466899702245,10540.219667689546,8776.714131714945,2020-08-11 08:00:00,2020-08-11 08:00:00,123951.82094136179,0.9112923549841313,270.9101709565001,0.030701000443691284
224,"(1, 1, 1, 1, 48, 0, 0)",2688,True,2020-08-12,33356.04633315302,10863.32,11243.760152128085,12752.219967639998,9735.300336616172,2020-08-12 06:00:00,2020-08-12 06:00:00,10024.51,10010.45330107988,11040.468652639263,9002.09297779328,2020-08-12 08:00:00,2020-08-12 08:00:00,76494.34001977254,0.9362771877380994,215.23582138157494,0.023930761758722986
225,"(1, 1, 1, 1, 48, 0, 0)",2688,True,2020-08-13,31444.678125582013,9890.78,11074.034593010132,11983.709269058952,10164.359916961312,2020-08-13 06:30:00,2020-08-13 06:30:00,9382.7,9946.082491380497,10710.847628194744,9181.31735456625,2020-08-13 08:00:00,2020-08-13 08:00:00,437000.86169558024,0.5426030363515585,538.6444132812813,0.06375482301524506
226,"(1, 1, 1, 1, 48, 0, 0)",2688,True,2020-08-14,32816.05209587462,10496.57,10178.293068259067,11803.653838640654,8631.548239032782,2020-08-14 05:30:00,2020-08-14 05:30:00,9505.95,9852.239280489237,11184.771283750977,8519.707277227497,2020-08-14 08:00:00,2020-08-14 12:00:00,599045.0240204409,0.42293159071725783,686.6510453659797,0.08101857486188153
227,"(1, 1, 1, 1, 48, 0, 0)",2688,True,2020-08-15,31722.759272776046,9595.14,10491.666680726561,11868.16422061174,9115.169140841383,2020-08-15 06:00:00,2020-08-15 06:00:00,8378.45,8751.990748383349,9693.9444172045,8187.7327945070365,2020-08-15 00:00:00,2020-08-15 08:30:00,445910.42680392764,0.32261132101134715,582.0121893346151,0.07323260615679507
228,"(1, 1, 1, 1, 48, 0, 0)",2688,True,2020-08-16,32786.413830346086,9690.76,10489.392660906655,11969.407269410156,9026.774980956485,2020-08-16 06:00:00,2020-08-16 06:00:00,7687.98,8203.724939119711,9209.807169414005,7500.659322149575,2020-08-16 00:00:00,2020-08-16 08:30:00,332533.2850804759,0.6871252908816409,475.0848647796547,0.06299372677324976
229,"(1, 1, 1, 1, 48, 0, 0)",2688,True,2020-08-17,32032.92096225511,10247.62,10134.721273325573,11581.868418033526,8700.31688762449,2020-08-17 06:00:00,2020-08-17 06:00:00,9068.67,8554.759928802043,9507.99945364455,7601.520403959535,2020-08-17 07:30:00,2020-08-17 08:00:00,71653.4966979253,0.9455769936793171,196.1312175471452,0.025535444189854622
230,"(1, 1, 1, 1, 48, 0, 0)",2688,True,2020-08-18,31420.792934923647,9933.88,10138.177568980454,11466.36391181182,8809.991226149088,2020-08-18 06:00:00,2020-08-18 06:00:00,9352.1,9033.125933124515,9947.159576920047,8119.092289328983,2020-08-18 08:00:00,2020-08-18 08:30:00,86397.54666594474,0.906606549978123,245.58873307063513,0.03106107026713902
231,"(1, 1, 1, 1, 48, 0, 0)",2688,True,2020-08-19,32819.93407664948,10533.06,10152.425829526386,11659.783436337279,8645.068222715494,2020-08-19 06:00:00,2020-08-19 06:00:00,8992.73,8778.326135504169,9784.473213184168,7772.17905782417,2020-08-19 07:30:00,2020-08-19 08:00:00,144016.05329477775,0.8808786265097017,356.8262657540682,0.04487591405401072
232,"(1, 1, 1, 1, 48, 0, 0)",2688,True,2020-08-20,32583.698918371094,10685.63,10275.750679509176,11688.043080659323,8863.458278359029,2020-08-20 06:00:00,2020-08-20 06:30:00,9274.45,8984.830761941557,9937.441471998034,8032.2200518850805,2020-08-20 08:00:00,2020-08-20 08:00:00,98108.31167742533,0.9268766491200215,271.1103251123312,0.03238039324118796
233,"(1, 1, 1, 1, 48, 0, 0)",2688,True,2020-08-21,32197.730649920803,10454.05,10725.414012342488,12069.066450715392,9381.761573969583,2020-08-21 06:00:00,2020-08-21 06:00:00,9428.21,9269.929331143241,10194.772662116782,8345.0860001697,2020-08-21 08:00:00,2020-08-21 08:00:00,27927.88354041727,0.9734850713344241,128.6173244031744,0.015025231704945142
234,"(1, 1, 1, 1, 48, 0, 0)",2688,True,2020-08-22,31581.589313499167,10765.92,10656.818482110612,12007.986428944958,9305.650535276265,2020-08-22 06:00:00,2020-08-22 06:00:00,8641.93,8964.948651440114,9887.898624271013,8363.240170108158,2020-08-22 08:30:00,2020-08-22 08:00:00,64073.06556170708,0.9525450474065942,193.05389316882784,0.024370403973305015
235,"(1, 1, 1, 1, 48, 0, 0)",2688,True,2020-08-23,32275.34602253522,10662.53,10714.602796354164,12069.651720069054,9368.007526612259,2020-08-23 06:00:00,2020-08-23 06:30:00,8416.79,8683.260294414627,9626.196007072418,8187.637278696116,2020-08-23 00:00:00,2020-08-23 08:30:00,91488.55749814596,0.936767414486843,237.78740822306577,0.031247034148240805
236,"(1, 1, 1, 1, 48, 0, 0)",2688,True,2020-08-24,32474.356750568015,11149.92,10618.28503577771,12006.707267624943,9229.862803930477,2020-08-24 06:30:00,2020-08-24 06:30:00,9885.99,8988.79782805594,9926.173903673463,8051.421752438416,2020-08-24 08:00:00,2020-08-24 08:00:00,247849.49437261675,0.8536412277823731,432.4071530669021,0.05012820560838727
237,"(1, 1, 1, 1, 48, 0, 0)",2688,True,2020-08-25,33099.77158355006,11500.53,10686.86215515605,11834.171802596105,9539.552507715995,2020-08-25 06:30:00,2020-08-25 06:00:00,10238.02,9511.690604107514,10385.314400158986,8638.066808056043,2020-08-25 08:00:00,2020-08-25 08:00:00,308539.30077501136,0.8149788138430367,466.2840712681395,0.0511855357966573
238,"(1, 1, 1, 1, 48, 0, 0)",2688,True,2020-08-26,32714.314661822293,10933.85,10439.620833891253,11046.139077812646,9833.10258996986,2020-08-26 06:30:00,2020-08-26 06:30:00,10284.21,9218.093932583643,9809.576172177602,8626.611692989683,2020-08-26 08:00:00,2020-08-26 08:00:00,341468.8786681642,0.7684099339088247,497.9663409128971,0.05747773468903646
239,"(1, 1, 1, 1, 48, 0, 0)",2688,True,2020-08-27,33388.85641462465,10429.81,10952.012255527894,12315.35375940347,9588.670751652318,2020-08-27 06:30:00,2020-08-27 06:30:00,10167.27,9566.6694726108,10528.763648429036,8604.575296792564,2020-08-27 08:00:00,2020-08-27 08:00:00,143768.22021526817,0.8896950193688686,321.57491064058485,0.03724643203256934
240,"(1, 1, 1, 1, 48, 0, 0)",2688,True,2020-08-28,31717.006904128353,10086.35,10886.711233244161,12072.90913760605,9700.513328882273,2020-08-28 06:30:00,2020-08-28 06:30:00,9207.74,9502.039175830709,10370.027322829412,8634.051028832006,2020-08-28 08:00:00,2020-08-28 08:00:00,185963.8521304728,0.85045253739121,351.3488244525604,0.04342654790690237
241,"(1, 1, 1, 1, 48, 0, 0)",2688,True,2020-08-29,32173.65856535573,9143.53,10493.067208725144,11917.049426409614,9069.084991040674,2020-08-29 06:30:00,2020-08-29 06:30:00,8584.66,8944.993941568064,9883.059239062524,8373.844676650993,2020-08-29 00:00:00,2020-08-29 08:00:00,573378.908919184,0.37999966625408177,629.434563671237,0.08297272811344827
242,"(1, 1, 1, 1, 48, 0, 0)",2688,True,2020-08-30,31325.688107753635,8710.85,9627.988688585343,10983.664903276189,8272.312473894497,2020-08-30 06:00:00,2020-08-30 06:30:00,7808.31,8272.747333169445,9163.269828838282,7701.694504554796,2020-08-30 00:00:00,2020-08-30 08:00:00,341785.9111575154,0.5130279745003598,447.58578535305105,0.06063897385382574
243,"(1, 1, 1, 1, 48, 0, 0)",2688,True,2020-08-31,32737.378993851937,10090.8,9794.455534927569,11224.336685952714,8364.574383902424,2020-08-31 06:00:00,2020-08-31 06:30:00,8170.62,8087.948862898018,9023.957795390916,7151.93993040512,2020-08-31 07:30:00,2020-08-31 07:30:00,213882.54255202078,0.8301311938592841,387.9213149342642,0.05374930674440178
244,"(1, 1, 1, 1, 48, 0, 0)",2688,True,2020-09-01,32823.10546592215,10046.14,9764.015828865875,11493.447602461896,8034.584055269854,2020-09-01 06:30:00,2020-09-01 06:30:00,8651.23,8341.406204931172,9475.101776103245,7207.7106337591,2020-09-01 08:00:00,2020-09-01 08:00:00,466024.67199265986,0.526226430598912,604.1679239769542,0.08168479445523544
245,"(1, 1, 1, 1, 48, 0, 0)",2688,True,2020-09-02,31854.320604932847,9441.79,9728.45701658931,11109.984182473503,8346.929850705115,2020-09-02 06:00:00,2020-09-02 06:30:00,9002.6,8784.273382648236,9719.38834619792,7849.158419098552,2020-09-02 07:30:00,2020-09-02 08:00:00,107149.30912171504,0.8510227757621783,286.21675784585926,0.03772753595375752
246,"(1, 1, 1, 1, 48, 0, 0)",2688,True,2020-09-03,33327.076132547074,9044.16,8435.1170431836,9965.701718459073,6905.0966158231195,2020-09-03 06:00:00,2020-09-03 06:30:00,7983.71,8607.47289770062,9605.27878790405,7609.66700749719,2020-09-03 07:30:00,2020-09-03 07:30:00,1306031.0000363768,-1.5537391082871896,815.274440575086,0.11202572653366649
247,"(1, 1, 1, 1, 48, 0, 0)",2688,True,2020-09-04,31419.164926058093,9018.9,9458.98563083075,10656.920748816508,8261.050512844991,2020-09-04 06:00:00,2020-09-04 06:00:00,7807.13,8397.98479370477,9264.576990785523,7531.392596624019,2020-09-04 08:30:00,2020-09-04 08:00:00,76640.26807985187,0.8584446853521428,225.15174686016667,0.028868171028969932
248,"(1, 1, 1, 1, 48, 0, 0)",2688,True,2020-09-05,31765.33699108377,8385.24,9314.289221247192,10722.356168056991,7906.222274437394,2020-09-05 06:30:00,2020-09-05 06:30:00,7568.55,7799.279140394094,8758.468884122576,7272.0697393388145,2020-09-05 00:00:00,2020-09-05 08:00:00,292568.6325049797,0.5360868701424153,429.1032148659524,0.059793743686340634
249,"(1, 1, 1, 1, 48, 0, 0)",2688,True,2020-09-06,31921.51671978091,8678.09,8788.588596047419,10222.989102671312,7354.1880894235255,2020-09-06 06:30:00,2020-09-06 06:00:00,7375.86,7361.698322501266,8344.19288901087,7098.3700961649965,2020-09-06 00:00:00,2020-09-06 08:00:00,48543.122990714175,0.9171183635086252,176.94973759210507,0.02615116969261975
250,"(1, 1, 1, 1, 48, 0, 0)",2688,True,2020-09-07,31444.444008318318,9284.89,8989.239899587585,10400.571775488785,7577.908023686385,2020-09-07 06:30:00,2020-09-07 06:00:00,8055.33,7378.5394217006215,8291.198512481891,6993.840904678614,2020-09-07 07:30:00,2020-09-07 07:30:00,169489.23977184403,0.7907495837652426,354.57133379552835,0.04865052689466803
251,"(1, 1, 1, 1, 48, 0, 0)",2688,True,2020-09-08,31662.78304767988,9031.87,9291.095719664809,10700.462927654242,7891.348824336362,2020-09-08 06:00:00,2020-09-08 06:00:00,7930.65,7956.9531768983725,8874.493300775655,7382.143347951584,2020-09-08 07:30:00,2020-09-08 07:30:00,70066.13973758428,0.8813211035694967,192.9775093097841,0.026126679933863108
252,"(1, 1, 1, 1, 48, 0, 0)",2688,True,2020-09-09,31546.31512903365,10255.73,9059.246619049081,10444.319202102186,7674.174035995977,2020-09-09 06:00:00,2020-09-09 06:00:00,8271.91,8075.996713729575,9042.967724052074,7344.518788201013,2020-09-09 11:00:00,2020-09-09 08:30:00,267047.3937917443,0.763252366689851,363.18871784496014,0.040688320115622074
253,"(1, 1, 1, 1, 48, 0, 0)",2688,True,2020-09-10,31265.886415842684,9853.68,9556.40962557558,10919.332070243016,8193.487180908143,2020-09-10 06:30:00,2020-09-10 06:00:00,8281.66,8122.0702553802585,9033.0578730875,7671.462116003697,2020-09-10 08:00:00,2020-09-10 08:00:00,48022.30066185605,0.944467392226547,169.60046889204392,0.02093483119026
254,"(1, 1, 1, 1, 48, 0, 0)",2688,True,2020-09-11,31255.925204107112,9144.28,9738.19760275336,11110.40688753474,8365.98831797198,2020-09-11 06:30:00,2020-09-11 06:00:00,8211.58,8286.555676710388,9199.597589994339,7816.166266346589,2020-09-11 08:00:00,2020-09-11 08:00:00,322562.756121551,0.4413181028263702,456.5641113076371,0.06160100671807355
255,"(1, 1, 1, 1, 48, 0, 0)",2688,True,2020-09-12,31276.519674337356,8467.86,9205.28249759989,10587.351704701,7823.213290498781,2020-09-12 06:30:00,2020-09-12 06:30:00,7899.39,7943.066609297614,8603.038788065289,7787.429476837423,2020-09-12 00:00:00,2020-09-12 00:00:00,251941.35720274845,0.6123528821424491,451.28368518753604,0.0654230604278789
256,"(1, 1, 1, 1, 48, 0, 0)",2688,True,2020-09-13,32047.16695164073,8655.85,8700.052349909733,10118.336985816679,7284.296028811753,2020-09-13 06:30:00,2020-09-13 06:30:00,7233.11,7316.214661158534,8207.09037901433,7135.522518956266,2020-09-13 00:00:00,2020-09-13 00:00:00,101190.22199725825,0.8419451076182405,247.66049330325436,0.03740403969236782
257,"(1, 1, 1, 1, 48, 0, 0)",2688,True,2020-09-14,31987.96151241408,9021.34,8898.65579637984,10456.666477425893,7340.645115333788,2020-09-14 06:00:00,2020-09-14 06:30:00,7726.31,7305.805475840956,8297.163602217612,6881.596076052697,2020-09-14 07:30:00,2020-09-14 07:30:00,148000.6858204792,0.7950674994418029,321.0266949649881,0.0466257137529279
258,"(1, 1, 1, 1, 48, 0, 0)",2688,True,2020-09-15,31914.082119600233,9003.34,9101.252216410925,10443.985263842016,7763.8604626638,2020-09-15 06:30:00,2020-09-15 06:30:00,7928.97,7555.893917113717,8489.349509721991,7261.555824436977,2020-09-15 08:00:00,2020-09-15 08:00:00,50667.04281290834,0.9133038655805833,200.27807221273306,0.028509615936092234
259,"(1, 1, 1, 1, 48, 0, 0)",2688,True,2020-09-16,31255.645960448262,8874.04,9427.932272399108,10764.894218262427,8098.44257632415,2020-09-16 06:30:00,2020-09-16 06:30:00,7647.47,7732.11318470834,8621.687037976724,7417.55252616224,2020-09-16 07:30:00,2020-09-16 08:00:00,154484.394340564,0.7303584346252991,318.5406894298358,0.04377092135620608
260,"(1, 1, 1, 1, 48, 0, 0)",2688,True,2020-09-17,31726.417882730984,8847.75,8883.192812244612,10314.137649911823,7452.247974577401,2020-09-17 06:00:00,2020-09-17 06:30:00,7500.84,7297.89634922269,8239.538271947029,7074.481457093783,2020-09-17 08:00:00,2020-09-17 08:00:00,230600.34215801666,0.5692199157143709,341.5861866145524,0.047551307545309306
261,"(1, 1, 1, 1, 48, 0, 0)",2688,True,2020-09-18,31357.234153877132,9001.94,8331.353316393226,9649.154975207251,7013.551657579201,2020-09-18 06:00:00,2020-09-18 06:00:00,7884.54,7519.0669827760685,8393.980537616351,7077.081632623682,2020-09-18 08:30:00,2020-09-18 08:00:00,287546.8153360822,0.4922920300665913,441.0506707258218,0.05604220141249974
262,"(1, 1, 1, 1, 48, 0, 0)",2688,True,2020-09-19,31122.03195811,8110.6,8796.215256031748,10130.089264623108,7462.341247440389,2020-09-19 06:00:00,2020-09-19 06:00:00,7500.74,7588.5614101791,8362.696572284272,7437.498069882606,2020-09-19 00:00:00,2020-09-19 00:00:00,196269.95100243052,0.3981874998687186,361.6932551964972,0.05191914335101027
263,"(1, 1, 1, 1, 48, 0, 0)",2688,True,2020-09-20,31125.661134988888,8369.79,8378.781243227546,9697.100947098028,7060.916986343972,2020-09-20 06:30:00,2020-09-20 06:00:00,7491.4,7378.243730524429,8379.768800650232,6765.641311493398,2020-09-20 10:00:00,2020-09-20 10:30:00,46461.11792891155,0.9098263579476051,161.2384235668086,0.02474167494960493
264,"(1, 1, 1, 1, 48, 0, 0)",2688,True,2020-09-21,31106.591958251916,9072.37,8372.74252764367,9611.145493763395,7134.339561523944,2020-09-21 06:00:00,2020-09-21 06:00:00,7203.59,6798.92531958691,7652.548237333696,6629.03341577618,2020-09-21 08:00:00,2020-09-21 08:00:00,404737.47693714796,0.4758798191514353,543.9809547756093,0.07336701046001616
265,"(1, 1, 1, 1, 48, 0, 0)",2688,True,2020-09-22,31050.601549955023,8719.37,8953.568287039921,10209.321297649061,7702.8795971567115,2020-09-22 06:00:00,2020-09-22 06:30:00,7186.36,7326.78905997712,8177.662157277448,7114.43028636687,2020-09-22 08:00:00,2020-09-22 08:00:00,41411.41233997595,0.9210426807899517,173.82862212886428,0.024291088149340483
266,"(1, 1, 1, 1, 48, 0, 0)",2688,True,2020-09-23,30939.78467049846,8869.74,8636.57123769535,9547.193245762837,7725.949229627863,2020-09-23 06:30:00,2020-09-23 06:30:00,7157.96,7119.007126271637,7732.33228727855,6972.488482513392,2020-09-23 00:00:00,2020-09-23 00:00:00,19665.490241800057,0.9695448654001068,120.85626778314774,0.017622781732095843
267,"(1, 1, 1, 1, 48, 0, 0)",2688,True,2020-09-24,30942.888909770907,8974.41,8719.003175914902,9627.591598945832,7810.445584333426,2020-09-24 06:30:00,2020-09-24 06:00:00,7354.75,7222.964016301611,7787.872608496793,7076.365671513732,2020-09-24 07:00:00,2020-09-24 00:00:00,47869.06792565988,0.9330631278301605,174.27277865615773,0.024101041866947396
268,"(1, 1, 1, 1, 48, 0, 0)",2688,True,2020-09-25,30961.84114402341,9089.91,9106.403302450872,10337.685293069566,7875.1213118321775,2020-09-25 06:00:00,2020-09-25 06:00:00,7520.51,7481.6105420662725,8215.45617488277,7334.214768325667,2020-09-25 00:00:00,2020-09-25 00:00:00,25647.41061538373,0.9610325281115498,126.11039026687861,0.016429922546837436
269,"(1, 1, 1, 1, 48, 0, 0)",2688,True,2020-09-26,30934.305306404243,8900.59,8752.478338005194,9665.358001302608,7839.5986747077795,2020-09-26 06:30:00,2020-09-26 06:30:00,7779.22,7771.228259847454,7928.83791909613,7624.886790771267,2020-09-26 00:00:00,2020-09-26 00:00:00,117189.72003427974,0.8534570802546764,269.31139919014754,0.04107426824034562
270,"(1, 1, 1, 1, 48, 0, 0)",2688,True,2020-09-27,30998.890020383278,8977.14,8849.593732780833,10104.744032927101,7594.443432634565,2020-09-27 06:30:00,2020-09-27 06:30:00,7461.97,7438.113813063119,7881.787753740037,7289.881603285316,2020-09-27 00:00:00,2020-09-27 00:00:00,164823.17101675432,0.8147628229559827,320.02320611570286,0.050264566676116895
271,"(1, 1, 1, 1, 48, 0, 0)",2688,True,2020-09-28,31277.22920260672,9271.89,8986.046487556829,10151.308369917198,7820.784605196458,2020-09-28 06:30:00,2020-09-28 06:30:00,7531.22,7255.529786687155,8018.3702310881945,7101.578809810405,2020-09-28 07:00:00,2020-09-28 00:00:00,43280.15681885153,0.94722074207829,180.70636196348224,0.024603357615271475
272,"(1, 1, 1, 1, 48, 0, 0)",2688,True,2020-09-29,30978.10407262482,9148.04,8867.68336772145,10099.643228415249,7635.723507027652,2020-09-29 06:30:00,2020-09-29 06:30:00,7635.93,7479.8237728444565,7980.062332719961,7332.317869705069,2020-09-29 00:00:00,2020-09-29 00:00:00,47466.420488129974,0.9306802442801744,197.4832123403039,0.0271910083591106
273,"(1, 1, 1, 1, 48, 0, 0)",2688,True,2020-09-30,31084.211854246463,9209.73,8888.480474648444,10079.01587395619,7697.945075340698,2020-09-30 06:30:00,2020-09-30 06:30:00,7627.26,7511.629869163691,8113.535403262613,7362.3574939270065,2020-09-30 08:00:00,2020-09-30 00:00:00,153139.56479357203,0.7375837899340503,308.09508982001813,0.03948893502188942
274,"(1, 1, 1, 1, 48, 0, 0)",2688,True,2020-10-01,30898.124491912477,8598.69,8654.253042977396,9864.336771624716,7444.169314330077,2020-10-01 06:30:00,2020-10-01 06:30:00,7454.82,6996.365504974536,7688.2320830132585,6850.985456895362,2020-10-01 00:00:00,2020-10-01 00:00:00,76149.76478937561,0.8658186000768926,245.93497875545222,0.0370003976607696
275,"(1, 1, 1, 1, 48, 0, 0)",2688,True,2020-10-02,30947.218016131916,8271.89,8791.70993968751,9999.38353660649,7584.036342768529,2020-10-02 06:30:00,2020-10-02 06:30:00,7449.29,7635.231910159633,8045.1200475933565,7487.866539357437,2020-10-02 00:00:00,2020-10-02 00:00:00,68965.42348166222,0.846378527290589,232.83510170451964,0.03319710608353266
276,"(1, 1, 1, 1, 48, 0, 0)",2688,True,2020-10-03,30659.37587434659,7926.56,8557.223774116816,9387.961026079816,7726.486522153815,2020-10-03 06:30:00,2020-10-03 06:30:00,7278.53,7246.815265510895,7399.365277665344,7107.563322025341,2020-10-03 00:00:00,2020-10-03 00:00:00,189965.55458705398,0.628318977542782,351.6389070771177,0.05426049271741599
277,"(1, 1, 1, 1, 48, 0, 0)",2688,True,2020-10-04,30810.709485965443,7759.37,7902.453337762034,9121.047024052139,6683.859651471928,2020-10-04 06:30:00,2020-10-04 06:30:00,6730.48,6710.811317054223,6854.51376361473,6567.108870493716,2020-10-04 00:00:00,2020-10-04 00:00:00,67492.54258620377,0.8736412718734615,174.25826873655265,0.027341804929382086
278,"(1, 1, 1, 1, 48, 0, 0)",2688,True,2020-10-05,30572.620007872505,8368.35,8278.068340658738,9101.200000878063,7454.936680439412,2020-10-05 05:30:00,2020-10-05 06:30:00,6408.55,6525.457368788584,6986.205770982383,6388.601805435758,2020-10-05 00:00:00,2020-10-05 00:00:00,125436.44999069558,0.8668375571688922,271.33459273399416,0.04193610882038351
279,"(1, 1, 1, 1, 48, 0, 0)",2688,True,2020-10-06,30972.185369986513,8389.44,7884.048405655878,9114.858917103556,6653.2378942082,2020-10-06 06:00:00,2020-10-06 06:30:00,7558.04,6710.583222231173,7278.517219885745,6562.663728501931,2020-10-06 08:30:00,2020-10-06 00:00:00,590615.4419027321,-0.16350348482320687,681.3864664252106,0.09370455887404434
280,"(1, 1, 1, 1, 48, 0, 0)",2688,True,2020-10-07,30572.40174314594,8451.43,8399.346782215858,9565.763605345235,7232.929959086481,2020-10-07 05:30:00,2020-10-07 06:00:00,7635.66,7162.92337696679,8006.654303618177,6925.992598811023,2020-10-07 08:30:00,2020-10-07 09:30:00,112209.77384089759,0.7510074784036858,268.37401895825775,0.03613901992784032
281,"(1, 1, 1, 1, 48, 0, 0)",2688,True,2020-10-08,30539.416943818254,8370.56,8225.462741103693,9000.259713189527,7450.665769017859,2020-10-08 06:30:00,2020-10-08 06:30:00,7561.15,7038.200737442691,7492.690608328781,6901.693807719049,2020-10-08 08:00:00,2020-10-08 00:00:00,203068.9684045202,0.4902116794271514,335.9913888959886,0.04608953794797797
282,"(1, 1, 1, 1, 48, 0, 0)",2688,True,2020-10-09,30558.428158423532,7945.2,8103.071119851226,8881.508944767635,7324.633294934819,2020-10-09 06:30:00,2020-10-09 06:30:00,7189.23,6946.6830000453365,7526.049574480365,6809.60696716304,2020-10-09 07:30:00,2020-10-09 00:00:00,35090.40942002806,0.8916204203596394,154.9657071829042,0.022694538250203095
283,"(1, 1, 1, 1, 48, 0, 0)",2688,True,2020-10-10,30572.128920100196,7507.26,7966.193944654972,8738.717686012105,7193.670203297839,2020-10-10 06:30:00,2020-10-10 06:30:00,6994.45,7045.782727984196,7333.070459102138,6908.3366697752335,2020-10-10 00:00:00,2020-10-10 00:00:00,249067.46392192296,0.41932063634917927,427.0818796505271,0.07059473027108709
284,"(1, 1, 1, 1, 48, 0, 0)",2688,True,2020-10-11,30622.458664308095,7788.95,7620.304533615585,8737.40849983317,6515.329271197238,2020-10-11 06:30:00,2020-10-11 06:30:00,6574.99,6505.762252640678,6996.91182096972,6367.147775592802,2020-10-11 00:00:00,2020-10-11 00:00:00,30828.222169061435,0.94231260722093,144.6855886817421,0.024311905368689084
285,"(1, 1, 1, 1, 48, 0, 0)",2688,True,2020-10-12,30546.401593703147,8336.96,7919.744837060628,8692.412725852362,7147.783377410223,2020-10-12 05:30:00,2020-10-12 06:30:00,7495.45,6456.170527421894,6974.856295076002,6319.746095397193,2020-10-12 07:00:00,2020-10-12 00:00:00,416670.6906578362,0.2375400655550005,569.5871994854998,0.08096970857510717
286,"(1, 1, 1, 1, 48, 0, 0)",2688,True,2020-10-13,30605.563264448716,8544.86,8406.289675825989,9499.284965476094,7313.294386175883,2020-10-13 05:30:00,2020-10-13 06:00:00,7535.09,7423.016562255771,8150.361988640709,6938.3473503691375,2020-10-13 07:00:00,2020-10-13 07:30:00,38725.2326701122,0.9162105051485596,157.37838422803102,0.021630864660455135
287,"(1, 1, 1, 1, 48, 0, 0)",2688,True,2020-10-14,30520.331695172954,8231.45,8221.666603986485,8979.558441678768,7463.774766294202,2020-10-14 06:30:00,2020-10-14 05:30:00,7524.35,7393.239707982702,8007.483738572229,6789.713628877032,2020-10-14 07:00:00,2020-10-14 07:30:00,25324.1945778705,0.9341529785189041,117.34792034106846,0.01673763873341108
288,"(1, 1, 1, 1, 48, 0, 0)",2688,True,2020-10-15,30515.347041009165,8520.02,8298.197514317038,9436.048193947352,7160.346834686725,2020-10-15 06:30:00,2020-10-15 06:30:00,7415.91,7408.954409302866,8116.404498942689,6830.4370191401395,2020-10-15 07:00:00,2020-10-15 07:00:00,48893.620165199936,0.9103310933791285,160.50890784499583,0.02187715336108716
289,"(1, 1, 1, 1, 48, 0, 0)",2688,True,2020-10-16,30523.254275217787,8139.13,8313.580360138236,9472.749343563433,7180.480198730542,2020-10-16 06:00:00,2020-10-16 05:30:00,7793.9,7584.642156234491,8307.521423246346,6949.450753150945,2020-10-16 08:00:00,2020-10-16 07:00:00,35617.30597923538,0.8908686863372076,144.22741897699422,0.019300068571387174
290,"(1, 1, 1, 1, 48, 0, 0)",2688,True,2020-10-17,30510.428289588166,7898.85,8078.661336784339,8829.752781848401,7327.569891720278,2020-10-17 06:00:00,2020-10-17 05:30:00,7045.53,7316.141114051953,7914.728865745194,6886.585080430341,2020-10-17 00:00:00,2020-10-17 07:00:00,82122.40466010895,0.7857813199288779,231.59145175808348,0.0354668758932516
291,"(1, 1, 1, 1, 48, 0, 0)",2688,True,2020-10-18,30517.970148771168,7833.12,7937.880835708034,8698.194381080852,7177.567290335217,2020-10-18 06:00:00,2020-10-18 06:30:00,6651.1,6984.753721339213,7620.315443068462,6484.1472485882405,2020-10-18 09:00:00,2020-10-18 07:30:00,104565.15563070898,0.7198946654919165,269.1968145788259,0.041668828951866764
292,"(1, 1, 1, 1, 48, 0, 0)",2688,True,2020-10-19,30509.073540282396,8265.48,8003.840377404622,8764.687851161514,7245.686507280064,2020-10-19 05:30:00,2020-10-19 06:00:00,7639.93,7090.976827826404,7714.542969360865,6478.570195545355,2020-10-19 07:30:00,2020-10-19 08:00:00,107393.67818597636,0.7755033771248631,271.7097257649836,0.03795085025504404
293,"(1, 1, 1, 1, 48, 0, 0)",2688,True,2020-10-20,30524.2468311453,8263.87,8156.273436289646,8913.684337876603,7398.86253470269,2020-10-20 05:30:00,2020-10-20 05:30:00,7647.95,7399.5550515879095,8013.552620807145,6818.499310301344,2020-10-20 07:00:00,2020-10-20 07:30:00,24542.647496994206,0.9344066626364961,131.2847559191324,0.018217189406921026
294,"(1, 1, 1, 1, 48, 0, 0)",2688,True,2020-10-21,30490.576896571114,8268.43,8185.350563851202,8938.128149683549,7432.572978018856,2020-10-21 06:30:00,2020-10-21 06:30:00,7411.0,7323.934898025764,7919.159247754256,6980.870141003542,2020-10-21 07:00:00,2020-10-21 07:00:00,17162.25435625631,0.9614398079989468,106.52593162916985,0.015663821922506847
295,"(1, 1, 1, 1, 48, 0, 0)",2688,True,2020-10-22,30448.584058568555,8401.0,8279.22395412025,9010.313255638766,7548.134652601734,2020-10-22 05:30:00,2020-10-22 06:30:00,7616.7,7388.864997929602,7972.219947465715,6938.174357834649,2020-10-22 07:00:00,2020-10-22 07:00:00,57844.174450553604,0.8626380831897886,197.7365471864225,0.02735699127087235
296,"(1, 1, 1, 1, 48, 0, 0)",2688,True,2020-10-23,30386.968135216175,8289.45,8199.131641847871,8905.513613646668,7492.961438683245,2020-10-23 05:30:00,2020-10-23 06:00:00,7511.46,7443.70715945291,8013.45486618639,6949.188110849317,2020-10-23 07:00:00,2020-10-23 07:00:00,45493.294714667805,0.8783739596653649,142.8414178426858,0.019716158757161525
297,"(1, 1, 1, 1, 48, 0, 0)",2688,True,2020-10-24,30353.805157217455,7956.9,8168.241692226823,8862.003282706415,7474.48010174723,2020-10-24 05:30:00,2020-10-24 05:30:00,7377.39,7394.378245506177,7990.076378669662,6930.363389325099,2020-10-24 09:30:00,2020-10-24 08:30:00,69426.4310775703,0.8193859006027485,203.53937530549402,0.02999156567850601
298,"(1, 1, 1, 1, 48, 0, 0)",2688,True,2020-10-25,30981.667871333975,8445.64,7297.70708580644,8288.429859624752,6306.984311988127,2020-10-25 05:00:00,2020-10-25 05:30:00,7181.91,6702.108470984407,7483.539848699345,5930.64093756222,2020-10-25 10:30:00,2020-10-25 09:30:00,486268.2591735772,0.28966902078033385,630.4343766526279,0.08871497479033393
299,"(1, 1, 1, 1, 48, 0, 0)",2688,True,2020-10-26,30592.819048276117,9324.77,8246.982651831757,9294.913192900422,7199.052110763091,2020-10-26 05:30:00,2020-10-26 05:30:00,8309.25,7342.8020356974375,8145.211165509268,6584.72705145121,2020-10-26 09:30:00,2020-10-26 10:00:00,482032.51744396816,0.5262121490279867,597.5574818394017,0.07295796002856503
300,"(1, 1, 1, 1, 48, 0, 0)",2688,True,2020-10-27,30579.33942526086,8538.05,8794.437569838592,9828.862902347219,7760.012237329966,2020-10-27 06:30:00,2020-10-27 05:30:00,8327.14,7876.533886797268,8578.704698425798,7206.691558239506,2020-10-27 07:30:00,2020-10-27 07:30:00,68375.23082897271,0.8410490138417929,221.01551941076082,0.029238167490002808
301,"(1, 1, 1, 1, 48, 0, 0)",2688,True,2020-10-28,30400.178281541743,8384.58,8471.731466134022,9563.813251920297,7379.829826161931,2020-10-28 06:00:00,2020-10-28 05:30:00,7888.75,7623.625951045094,8387.71945605244,7065.482426307569,2020-10-28 07:30:00,2020-10-28 07:30:00,16854.663213724445,0.9537128308495614,107.82987959736494,0.014522102853198065
302,"(1, 1, 1, 1, 48, 0, 0)",2688,True,2020-10-29,30482.83187041093,8304.85,8563.195232402697,9547.986897537372,7578.403567268022,2020-10-29 06:30:00,2020-10-29 06:30:00,7946.32,7800.608255759162,8477.191412850458,7127.41267002164,2020-10-29 07:00:00,2020-10-29 07:30:00,29658.037802253908,0.9237810448535081,144.49751203087195,0.01963292180450986
303,"(1, 1, 1, 1, 48, 0, 0)",2688,True,2020-10-30,30374.65608182272,7895.61,8399.373241190002,9092.672572427262,7706.073909952741,2020-10-30 06:30:00,2020-10-30 06:00:00,7525.59,7514.555684110251,8077.436750940904,7030.041868813399,2020-10-30 07:00:00,2020-10-30 07:00:00,83079.21782926336,0.672920892938172,214.94605691157213,0.029994555849383552
304,"(1, 1, 1, 1, 48, 0, 0)",2688,True,2020-10-31,30356.09901294458,7711.74,8201.919269645678,8891.781346710544,7512.057192580811,2020-10-31 05:30:00,2020-10-31 05:30:00,7046.39,7260.969128851539,7833.586168668707,6808.1729756151735,2020-10-31 08:30:00,2020-10-31 07:30:00,105512.07592747512,0.6396439441167661,281.74526134608607,0.041103014804902506
305,"(1, 1, 1, 1, 48, 0, 0)",2688,True,2020-11-01,31133.000368830577,7780.44,8201.813216069018,9665.979664052777,6756.518198089495,2020-11-01 06:30:00,2020-11-01 06:00:00,6709.47,7454.289370645336,8441.548517351303,6890.989976589505,2020-11-01 09:00:00,2020-11-01 08:30:00,416702.23108413414,-0.15823758488429074,588.9694302956008,0.09078511278570255
306,"(1, 1, 1, 1, 48, 0, 0)",2688,True,2020-11-02,30714.31338570762,8131.95,8363.492966245816,9446.500010896129,7291.023493149751,2020-11-02 05:30:00,2020-11-02 06:30:00,7531.28,7320.05454239418,8035.944548113701,6604.16453667466,2020-11-02 07:00:00,2020-11-02 07:30:00,29791.151563891126,0.9274979292520259,146.3834352007464,0.020737283269462895
307,"(1, 1, 1, 1, 48, 0, 0)",2688,True,2020-11-03,30520.171270859475,8130.29,8107.821446794327,9249.530794768018,6966.112098820637,2020-11-03 06:30:00,2020-11-03 06:30:00,7394.48,7411.23788819799,8116.058160655432,6974.19215357768,2020-11-03 07:00:00,2020-11-03 07:00:00,21017.821632445393,0.9533650083777312,107.67146161885258,0.015971767934596284
308,"(1, 1, 1, 1, 48, 0, 0)",2688,True,2020-11-04,30637.88006894945,8379.01,8118.110650144768,9250.675697538738,6985.545602750799,2020-11-04 05:30:00,2020-11-04 06:30:00,7285.73,7250.551678138447,7972.867582762145,6918.8164674801,2020-11-04 07:30:00,2020-11-04 07:30:00,39632.42787609696,0.923602868652902,153.93571105190424,0.021918440810072697
309,"(1, 1, 1, 1, 48, 0, 0)",2688,True,2020-11-05,30563.67688864387,8880.37,8278.765243316393,9380.692745672266,7185.834561774772,2020-11-05 05:30:00,2020-11-05 05:30:00,7948.89,7735.340683062986,8451.234506360528,7019.446859765442,2020-11-05 10:30:00,2020-11-05 07:30:00,109984.2712272737,0.833425481020336,279.70800648741954,0.0350195702916069
310,"(1, 1, 1, 1, 48, 0, 0)",2688,True,2020-11-06,31238.998037145004,7917.11,8435.211310161976,9946.7928636538,6923.629756670151,2020-11-06 07:00:00,2020-11-06 06:30:00,7737.71,7659.693323482774,8595.404511683088,7082.708530917318,2020-11-06 07:00:00,2020-11-06 07:00:00,198763.40865040416,0.48465643575715556,360.1906845971257,0.053267810138772076
311,"(1, 1, 1, 1, 48, 0, 0)",2688,True,2020-11-07,31321.055171626507,7591.23,7961.889084627939,9436.29067818445,6487.487491071428,2020-11-07 07:00:00,2020-11-07 05:30:00,7074.31,7095.676149205072,8056.373175508481,6800.418521923116,2020-11-07 00:00:00,2020-11-07 07:30:00,218148.21873348163,0.3749503698152361,390.3375202968996,0.06212390852644267
312,"(1, 1, 1, 1, 48, 0, 0)",2688,True,2020-11-08,30841.77821695834,7617.46,7509.220060667699,8834.521195458115,6183.918925877282,2020-11-08 06:30:00,2020-11-08 07:00:00,6618.32,6597.091040958901,7279.7848475361125,6452.187482543929,2020-11-08 00:00:00,2020-11-08 00:00:00,44136.48973304332,0.901485211261392,168.2487870971232,0.027954998682178735
313,"(1, 1, 1, 1, 48, 0, 0)",2688,True,2020-11-09,30379.52538930882,8112.92,7644.713305267138,8760.445567350318,6529.8053389019715,2020-11-09 06:30:00,2020-11-09 06:30:00,7494.18,6818.306108730801,7505.368557197118,6411.245079903576,2020-11-09 07:00:00,2020-11-09 07:00:00,213683.62699500626,0.5336046183350961,422.32866708395886,0.060476815989078725
314,"(1, 1, 1, 1, 48, 0, 0)",2688,True,2020-11-10,30351.021736368395,8228.87,8008.972408930389,8686.533734351256,7331.411083509521,2020-11-10 07:00:00,2020-11-10 06:30:00,7380.43,7133.194885196217,7688.800814526573,6944.6303794261585,2020-11-10 07:00:00,2020-11-10 07:00:00,53043.255736844985,0.8870091668327261,192.2986698862942,0.02819009305345634
315,"(1, 1, 1, 1, 48, 0, 0)",2688,True,2020-11-11,30351.828447152988,8594.28,8035.605913162822,8716.341065443139,7354.870760882503,2020-11-11 05:30:00,2020-11-11 06:30:00,7238.41,7049.2908736465,7535.6128514199545,6917.75517720801,2020-11-11 07:00:00,2020-11-11 00:00:00,183352.86194444913,0.6737563205319096,344.3832231763967,0.047794038238772714
316,"(1, 1, 1, 1, 48, 0, 0)",2688,True,2020-11-12,,8871.05,1861.8003165696573,31739626120.40901,-23358538153.205257,2020-11-12 05:30:00,2020-11-12 10:00:00,7443.88,7546.692706721224,22904758285.127247,-4567766698.574169,2020-11-12 12:00:00,2020-11-12 03:00:00,1356787414.7477539,-1959.0786041118888,27057.887276716996,3.415281287631166
317,"(1, 1, 1, 1, 48, 0, 0)",2688,True,2020-11-13,30529.67520008938,8039.33,8363.526567351637,9426.653102921522,7300.400031781752,2020-11-13 02:00:00,2020-11-13 05:30:00,7873.81,7670.719253923486,8360.606152495806,7149.139723722632,2020-11-13 09:00:00,2020-11-13 07:00:00,199916.25424682294,0.3957543577586756,367.50150512959834,0.04909944003324712
318,"(1, 1, 1, 1, 48, 0, 0)",2688,True,2020-11-14,30550.181216013905,7767.03,7714.317217005403,8859.500277436779,6572.015698337709,2020-11-14 07:00:00,2020-11-14 06:30:00,6877.8,6712.81211787355,7332.474144084364,6578.141173351918,2020-11-14 00:00:00,2020-11-14 00:00:00,22747.2129416563,0.9469191011129893,124.32686762208779,0.01948319116164736
319,"(1, 1, 1, 1, 48, 0, 0)",2688,True,2020-11-15,30643.681909016374,8922.88,7733.680635573459,8853.78519793354,6613.576073213379,2020-11-15 05:30:00,2020-11-15 07:00:00,6667.91,6694.986302565361,7152.889681692536,6556.130929037573,2020-11-15 00:00:00,2020-11-15 00:00:00,361368.4593914498,0.6764567575364533,455.1324118841747,0.062135962998771
320,"(1, 1, 1, 1, 48, 0, 0)",2688,True,2020-11-16,30709.01794183814,11337.12,8370.201062846721,9423.48009541348,7316.922030279962,2020-11-16 04:30:00,2020-11-16 05:00:00,8859.45,6954.747059014742,7670.593336009454,6701.039841198738,2020-11-16 12:00:00,2020-11-16 07:00:00,3094819.9817554676,-0.11340568812732466,1382.9198070501513,0.1474568250911211
321,"(1, 1, 1, 1, 48, 0, 0)",2688,True,2020-11-17,30601.315060490477,8338.27,8788.997062118719,9564.1674640944,8013.826660143036,2020-11-17 05:00:00,2020-11-17 05:30:00,7623.35,7430.363188104101,8043.569080185989,7249.519878333285,2020-11-17 07:00:00,2020-11-17 07:00:00,90083.3808035265,0.7233285715023844,261.5669771615357,0.03503216842928985
322,"(1, 1, 1, 1, 48, 0, 0)",2688,True,2020-11-18,31194.120923672537,8352.72,8650.348626174164,10066.836339551823,7233.860912796505,2020-11-18 05:30:00,2020-11-18 05:30:00,7437.95,7212.24609189036,8149.5179370236765,6854.243059749883,2020-11-18 07:30:00,2020-11-18 07:30:00,48800.80284752543,0.8844424592802653,171.17444575363993,0.02321192434092297
323,"(1, 1, 1, 1, 48, 0, 0)",2688,True,2020-11-19,30726.37457644921,8998.05,8628.388228233156,9778.193016375724,7478.583440090588,2020-11-19 05:30:00,2020-11-19 05:30:00,7254.94,7131.242936528941,7883.047212201539,6886.722235021827,2020-11-19 07:00:00,2020-11-19 07:30:00,44405.15048339696,0.9397541795478631,164.05182024674946,0.020923672438370608
324,"(1, 1, 1, 1, 48, 0, 0)",2688,True,2020-11-20,30623.722219269188,10404.45,8708.615199810982,9489.976512499818,7928.340412637362,2020-11-20 04:30:00,2020-11-20 05:30:00,8375.97,7163.626833870302,7843.088255804706,6812.009070562149,2020-11-20 12:00:00,2020-11-20 07:30:00,1058077.3198668018,0.39339889604874523,821.7891286741151,0.09301532927689221
325,"(1, 1, 1, 1, 48, 0, 0)",2688,True,2020-11-21,30711.8312851708,8169.54,8890.565350601575,10052.503244868134,7739.242621263176,2020-11-21 05:00:00,2020-11-21 05:00:00,7217.01,7520.730794683609,8284.735905975638,7161.780043076997,2020-11-21 00:00:00,2020-11-21 07:30:00,379805.21776571637,0.1357245290005853,576.7586920429809,0.08325757022867046
326,"(1, 1, 1, 1, 48, 0, 0)",2688,True,2020-11-22,30972.098217605384,8868.73,8771.233098879864,9891.098472395866,7651.367725363862,2020-11-22 05:30:00,2020-11-22 05:00:00,6932.35,6776.397425293253,7697.487007257834,6629.322008789228,2020-11-22 12:00:00,2020-11-22 00:00:00,54865.83274151874,0.9445424415881316,185.12624758707852,0.026018362233782344
327,"(1, 1, 1, 1, 48, 0, 0)",2688,True,2020-11-23,31103.021428185322,8674.59,9274.874793045052,10422.222826012372,8127.5267600777315,2020-11-23 05:30:00,2020-11-23 04:30:00,8489.89,8049.848421322379,9017.632707719888,7082.064134924872,2020-11-23 12:00:00,2020-11-23 12:00:00,202062.4906514973,0.7067478185720681,378.8693766951044,0.04760891321278943
328,"(1, 1, 1, 1, 48, 0, 0)",2688,True,2020-11-24,30819.92538682093,8263.56,8479.927434663881,9649.691081135059,7310.1637881927045,2020-11-24 05:00:00,2020-11-24 05:30:00,7445.31,7306.012277382122,8073.235873826359,6951.973994253379,2020-11-24 08:30:00,2020-11-24 07:30:00,19626.864569966972,0.9477872399108613,115.31085996824653,0.01566792632176105
329,"(1, 1, 1, 1, 48, 0, 0)",2688,True,2020-11-25,30817.06859214715,8590.29,8579.106518438814,9723.1061293803,7435.1069074973275,2020-11-25 05:30:00,2020-11-25 05:30:00,7476.76,7311.019802484036,8073.345168019905,6940.049140054644,2020-11-25 07:00:00,2020-11-25 07:30:00,14831.088658771798,0.9690467069846527,101.35455225418826,0.014100551263797126
330,"(1, 1, 1, 1, 48, 0, 0)",2688,True,2020-11-26,30787.49582860312,10798.3,8866.347194051712,10020.642935969929,7716.476325090521,2020-11-26 05:00:00,2020-11-26 05:30:00,7975.36,7221.52763564911,8177.78263487013,7036.004547166201,2020-11-26 12:00:00,2020-11-26 12:00:00,969750.5615837829,0.5099124403795569,737.6613685268185,0.08100973554429748
331,"(1, 1, 1, 1, 48, 0, 0)",2688,True,2020-11-27,30710.49472756055,10117.17,9258.71998183787,10078.237926904003,8439.202036771738,2020-11-27 05:00:00,2020-11-27 05:00:00,7748.86,7625.459563383356,8277.143600947427,7247.337966703154,2020-11-27 08:30:00,2020-11-27 07:30:00,190058.92247906004,0.8541381874802737,319.8230424511619,0.036411673751189234
332,"(1, 1, 1, 1, 48, 0, 0)",2688,True,2020-11-28,30777.66245644243,12401.82,10461.829417906238,11608.931585121076,9314.7272506914,2020-11-28 04:30:00,2020-11-28 05:00:00,9907.26,8428.713661002921,9383.02424118519,7562.481651913774,2020-11-28 12:00:00,2020-11-28 12:00:00,1559161.893233412,0.6285378616298245,1024.0998086825396,0.10037045760964569
333,"(1, 1, 1, 1, 48, 0, 0)",2688,True,2020-11-29,30898.443580557057,11865.01,10789.492047726199,11881.259380395528,9697.72471505687,2020-11-29 03:30:00,2020-11-29 04:00:00,10219.28,9610.540590345663,10557.480234055627,8672.427230083276,2020-11-29 12:00:00,2020-11-29 12:00:00,661640.6914526249,0.7396565289065505,719.9093459679166,0.08326149428776652
334,"(1, 1, 1, 1, 48, 0, 0)",2688,True,2020-11-30,30956.42895612738,8761.81,8913.578105038081,10079.887809481312,7747.2684005948495,2020-11-30 05:30:00,2020-11-30 05:00:00,7968.92,7668.477212500175,8652.443068032391,6748.708731081824,2020-11-30 08:00:00,2020-11-30 12:00:00,46623.0549934005,0.9195141234186812,172.4625113885952,0.02299302244248812
335,"(1, 1, 1, 1, 48, 0, 0)",2688,True,2020-12-01,31018.91533018187,11224.11,9467.869932992737,10634.867660230493,8305.936569015683,2020-12-01 04:00:00,2020-12-01 05:00:00,8093.04,8008.830459458837,8789.029309798845,7633.764837273586,2020-12-01 12:00:00,2020-12-01 07:00:00,727990.0450917264,0.6488107346899139,609.2126461801121,0.06759190629851837
336,"(1, 1, 1, 1, 48, 0, 0)",2688,True,2020-12-02,31026.716225979373,8707.14,9588.107459926783,10755.697251019374,8420.517668834193,2020-12-02 04:30:00,2020-12-02 04:30:00,7949.62,8038.335116659417,9036.61372734512,7415.795025544015,2020-12-02 08:00:00,2020-12-02 12:00:00,227081.68065323855,0.4457747600214387,347.6902343630177,0.043493716335875975
337,"(1, 1, 1, 1, 48, 0, 0)",2688,True,2020-12-03,31202.562402498737,8504.07,9488.202638723084,10662.618563165739,8313.786714280428,2020-12-03 05:00:00,2020-12-03 05:00:00,7928.29,7841.350636554111,8838.212553457663,6905.877824397972,2020-12-03 09:00:00,2020-12-03 12:00:00,211224.43740120935,0.5690644635573685,335.3823299752274,0.04184328741710284
338,"(1, 1, 1, 1, 48, 0, 0)",2688,True,2020-12-04,31773.60185927792,9843.4,9623.69940427838,11182.958485133255,8065.298862966129,2020-12-04 04:00:00,2020-12-04 05:00:00,7824.7,7794.90033337965,9090.879183218087,7041.7066283602135,2020-12-04 12:00:00,2020-12-04 12:00:00,25410.61299672556,0.9755612830660352,106.82276065552516,0.012924862360982737
339,"(1, 1, 1, 1, 48, 0, 0)",2688,True,2020-12-05,31089.164531406725,8138.07,9881.255339501015,11049.825564473636,8712.685114528393,2020-12-05 05:30:00,2020-12-05 04:30:00,7283.62,8157.9798435582525,9159.12367602603,7156.836011090473,2020-12-05 10:30:00,2020-12-05 12:00:00,783824.0495735118,-0.9407293506148511,716.1441948095393,0.09447185937209501
340,"(1, 1, 1, 1, 48, 0, 0)",2688,True,2020-12-06,31145.48444408266,8600.69,9228.813058630029,10409.775952018266,8047.850165241792,2020-12-06 05:30:00,2020-12-06 04:30:00,6796.54,7357.588971279198,8371.317746967627,6589.350692353246,2020-12-06 00:00:00,2020-12-06 12:00:00,714806.0234970157,0.16895831059765065,622.4124762129513,0.09545327623619654
341,"(1, 1, 1, 1, 48, 0, 0)",2688,True,2020-12-07,31287.595612508954,9237.17,8676.79890506099,9928.74406319077,7424.8537469312105,2020-12-07 05:00:00,2020-12-07 05:30:00,7331.75,6843.028765939147,7762.16669344888,6440.993476591784,2020-12-07 07:30:00,2020-12-07 07:30:00,168315.37492943488,0.8237451006834434,379.4152349647411,0.049979852075856236
342,"(1, 1, 1, 1, 48, 0, 0)",2688,True,2020-12-08,31089.13498840824,7932.34,9091.41248055737,10364.450078279988,7825.178358357268,2020-12-08 05:30:00,2020-12-08 05:00:00,7362.02,7269.319673604131,8106.835838377894,6983.113401093159,2020-12-08 07:00:00,2020-12-08 07:30:00,574366.6819280422,-0.7706575830456026,553.8490111805298,0.07881647068363408
343,"(1, 1, 1, 1, 48, 0, 0)",2688,True,2020-12-09,31824.158923562212,8488.24,8316.174793627812,9963.39032511392,6668.962833838252,2020-12-09 05:30:00,2020-12-09 05:30:00,7259.02,7058.871877273152,8153.397251059049,6855.50669216027,2020-12-09 07:00:00,2020-12-09 07:30:00,49054.699510329345,0.9060193336568435,194.0736183677285,0.027918322596526643
344,"(1, 1, 1, 1, 48, 0, 0)",2688,True,2020-12-10,32518.828072812732,8552.09,8452.003344039797,10338.494564447275,6565.5121236323175,2020-12-10 05:30:00,2020-12-10 05:30:00,7403.88,7420.489450108173,8632.705268936646,6941.085452052912,2020-12-10 07:00:00,2020-12-10 07:00:00,72604.78708775237,0.856172424792052,212.54261604301328,0.0292424334165125
345,"(1, 1, 1, 1, 48, 0, 0)",2688,True,2020-12-11,31395.234657280325,7741.04,8714.456032231777,9946.62555481215,7489.22969371776,2020-12-11 07:00:00,2020-12-11 04:30:00,7544.77,7345.0618900951595,8329.404349653327,6869.990605505824,2020-12-11 07:30:00,2020-12-11 07:30:00,215952.91989828917,0.10486386814110982,332.2493807068251,0.04497936001642914
346,"(1, 1, 1, 1, 48, 0, 0)",2688,True,2020-12-12,31518.108435602142,7544.04,8516.055454128546,9798.978098500627,7233.132809756464,2020-12-12 07:30:00,2020-12-12 05:30:00,7057.86,7263.861074476597,8149.871733792913,6890.5650456081385,2020-12-12 00:00:00,2020-12-12 08:00:00,600226.1043272557,-1.3789993342815006,654.9127728577031,0.0979959160082929
347,"(1, 1, 1, 1, 48, 0, 0)",2688,True,2020-12-13,31493.039407840875,7679.73,8150.798396297541,9541.42215637477,6760.174636220312,2020-12-13 07:00:00,2020-12-13 05:30:00,6751.07,6818.248652200891,7743.594670977963,6609.956626097118,2020-12-13 00:00:00,2020-12-13 07:30:00,211735.39929737136,0.446923084393139,353.7172885559824,0.05506091727134873
348,"(1, 1, 1, 1, 48, 0, 0)",2688,True,2020-12-14,32977.75343693522,8383.6,7547.187459367233,9674.395114069332,5461.54204869892,2020-12-14 05:30:00,2020-12-14 07:00:00,7885.27,6710.473185190989,8170.46554419275,6414.021867688105,2020-12-14 08:30:00,2020-12-14 09:00:00,876968.9329927122,-0.6080159840728043,855.5152661762451,0.11268204652847418
349,"(1, 1, 1, 1, 48, 0, 0)",2688,True,2020-12-15,31073.83136399974,9017.32,8408.392542542639,9674.446909961614,7152.018991809475,2020-12-15 04:30:00,2020-12-15 05:00:00,8130.89,7467.3425315216045,8305.13355000441,7025.070293853171,2020-12-15 09:30:00,2020-12-15 07:30:00,331719.4199986263,0.5054469865668201,473.78224043250793,0.05793326503204014
350,"(1, 1, 1, 1, 48, 0, 0)",2688,True,2020-12-16,31280.62290251505,9645.14,9012.8506583587,10243.367092789082,7782.33422392832,2020-12-16 03:00:00,2020-12-16 05:30:00,8748.02,7777.463736692065,8612.954144443316,7283.755816824799,2020-12-16 12:00:00,2020-12-16 07:30:00,582727.869700932,0.4264791746464073,516.6444721275302,0.05857866531182315
351,"(1, 1, 1, 1, 48, 0, 0)",2688,True,2020-12-17,31148.394004201607,10753.58,9069.316595466436,10050.758781385493,8091.935039904441,2020-12-17 04:00:00,2020-12-17 05:30:00,9082.91,7877.465122522756,8697.73862296266,7311.467429594915,2020-12-17 12:00:00,2020-12-17 09:00:00,1423678.9475220453,0.3284120310263049,951.3933196475718,0.09863314160894943
352,"(1, 1, 1, 1, 48, 0, 0)",2688,True,2020-12-18,31282.126455352332,9970.53,9430.85974645649,10701.828995417323,8162.474762311778,2020-12-18 02:30:00,2020-12-18 04:00:00,9967.25,8861.676375740532,9929.074393098123,7890.91397183623,2020-12-18 10:00:00,2020-12-18 09:30:00,217696.49981417137,0.8205063174761162,391.151888716325,0.045311566656824155
353,"(1, 1, 1, 1, 48, 0, 0)",2688,True,2020-12-19,31940.53128642291,7731.91,8705.973686663616,10330.844946219842,7081.102427107389,2020-12-19 05:30:00,2020-12-19 05:00:00,7412.16,7867.25864296178,9071.339909679094,7205.909313705807,2020-12-19 09:30:00,2020-12-19 09:00:00,439416.387300946,-1.076615332862949,588.4934500473693,0.08182373803393704
354,"(1, 1, 1, 1, 48, 0, 0)",2688,True,2020-12-20,31305.846242466763,7931.83,8170.833742755056,9199.883050999162,7141.78443451095,2020-12-20 05:30:00,2020-12-20 05:00:00,6961.24,7454.546694716159,8305.901643662984,6626.469508284195,2020-12-20 09:30:00,2020-12-20 09:00:00,205462.23940523155,0.46640360059117947,360.8601328634398,0.05318557766650597
355,"(1, 1, 1, 1, 48, 0, 0)",2688,True,2020-12-21,31392.196329840637,8664.85,8266.64474963506,9564.98696141349,6975.954000228994,2020-12-21 05:00:00,2020-12-21 05:00:00,8129.97,7605.605474316049,8606.83962995954,6734.0081415388195,2020-12-21 12:00:00,2020-12-21 09:30:00,124711.78690380005,0.8119654625420346,300.7241809818907,0.03800912874542072
356,"(1, 1, 1, 1, 48, 0, 0)",2688,True,2020-12-22,31358.38059526589,8198.66,8795.775477379439,10105.171881428552,7514.185196071355,2020-12-22 05:30:00,2020-12-22 05:30:00,7747.07,7801.157251608562,8776.40817162813,7138.534853944712,2020-12-22 09:30:00,2020-12-22 09:30:00,161109.16956701336,0.49325658068032807,324.2458600924566,0.04306176789977296
357,"(1, 1, 1, 1, 48, 0, 0)",2688,True,2020-12-23,31388.785478189497,8091.53,8482.810772908111,9786.403765745477,7179.217780070745,2020-12-23 05:30:00,2020-12-23 05:00:00,7112.6,7316.259718604483,8331.914712359736,6858.373504991958,2020-12-23 00:00:00,2020-12-23 09:30:00,300559.1922273081,0.23611304820426382,413.0649482785425,0.06013223830568349
358,"(1, 1, 1, 1, 48, 0, 0)",2688,True,2020-12-24,31580.708384624017,8150.75,8870.436608372329,10189.803854693318,7551.06936205134,2020-12-24 05:30:00,2020-12-24 05:30:00,7154.43,7475.289138749606,8513.71511737581,6942.882099294263,2020-12-24 00:00:00,2020-12-24 09:00:00,462537.1381366253,-0.08032523297455008,587.074641315632,0.08435346359999235
359,"(1, 1, 1, 1, 48, 0, 0)",2688,True,2020-12-25,31416.875087578173,6615.29,8255.210778543498,9585.891679045846,6924.529878041151,2020-12-25 10:00:00,2020-12-25 05:30:00,6932.8,7539.534139575844,8488.251828122351,6771.127616855048,2020-12-25 00:00:00,2020-12-25 09:00:00,1796809.8847782097,-8.811598533582913,1151.717120963879,0.19387213629637653
360,"(1, 1, 1, 1, 48, 0, 0)",2688,True,2020-12-26,32350.857464163386,7264.5,6817.916653745124,8535.020598332187,5100.812709158061,2020-12-26 07:00:00,2020-12-26 07:30:00,6458.33,6468.23527057637,7067.568712333012,6274.4700706448675,2020-12-26 00:00:00,2020-12-26 00:00:00,78989.7499769935,0.7854290844309231,232.11260094051894,0.03639732567873363
361,"(1, 1, 1, 1, 48, 0, 0)",2688,True,2020-12-27,31619.79303988924,8598.21,7875.540893699181,9285.753266699656,6465.328520698706,2020-12-27 05:00:00,2020-12-27 05:30:00,6497.69,6429.013026066612,7474.612820475854,6258.259687671804,2020-12-27 00:00:00,2020-12-27 09:30:00,214594.0205616638,0.8164860280116703,395.511107899345,0.05969063533897828
362,"(1, 1, 1, 1, 48, 0, 0)",2688,True,2020-12-28,31350.79461040429,7766.12,8102.122373969094,9441.951533016621,6762.293214921567,2020-12-28 04:30:00,2020-12-28 05:30:00,6769.06,6983.155527659899,7887.2555964716585,6644.513318067128,2020-12-28 00:00:00,2020-12-28 08:00:00,82469.73869151816,0.7110655381771451,233.33976152918174,0.0343475961728718
363,"(1, 1, 1, 1, 48, 0, 0)",2688,True,2020-12-29,31301.20227022065,7690.68,7388.266045242891,8740.989325902885,6035.542764582897,2020-12-29 05:30:00,2020-12-29 05:30:00,7054.28,6767.786041532492,7780.734905910258,6472.943422362658,2020-12-29 08:30:00,2020-12-29 09:00:00,69596.88897624875,0.7961285285781734,232.41111435734288,0.03306436082903704
364,"(1, 1, 1, 1, 48, 0, 0)",2688,True,2020-12-30,31291.373958524655,7757.12,7856.615043276156,8926.816244199348,6786.413842352964,2020-12-30 05:30:00,2020-12-30 05:30:00,7030.01,6998.752070107644,7851.421992963102,6720.734078493504,2020-12-30 10:00:00,2020-12-30 08:30:00,12264.941358395494,0.9625748834986917,89.89349141359565,0.013412746629449834
