,model,traing_window size,using_exog,eval_date,model aicc,peak_actual_afternoon,peak_predicted_afternoon_mean,peak_predicted_afternoon_hi,peak_predicted_afternoon_lo,time_of_peak_actual_afternoon,time_of_peak_predicted_afternoon,peak_actual_morning,peak_predicted_morning_mean,peak_predicted_morning_hi,peak_predicted_morning_lo,time_of_peak_actual_morning,time_of_peak_predicted_morning,mse,r2,mae,mape
0,"(2, 0, 0, 0, 48, 0, 0)",2688,True,2020-01-01,30667.996130803076,8492.82,7622.824258060609,9078.26370827507,6173.823780875253,2020-01-01 04:30:00,2020-01-01 05:30:00,7318.64,7228.668763743131,8272.88375562785,7086.841400031638,2020-01-01 00:00:00,2020-01-01 00:00:00,209071.6675669007,0.6821621720474143,390.0443857171361,0.053654548573377515
1,"(2, 0, 0, 0, 48, 0, 0)",2688,True,2020-01-02,30640.045863782245,9101.15,8130.729265945865,9566.4482549264,6695.010276965331,2020-01-02 04:30:00,2020-01-02 05:30:00,7680.36,7020.033636089727,8396.896630192767,6860.6295549088345,2020-01-02 12:00:00,2020-01-02 12:00:00,425984.40976495453,0.4758132303097875,569.7117207688605,0.07197968432670356
2,"(2, 0, 0, 0, 48, 0, 0)",2688,True,2020-01-03,30627.747835311246,10858.09,8852.307209093908,10289.26659913843,7415.347819049386,2020-01-03 04:30:00,2020-01-03 04:30:00,8779.78,7642.336032747101,9025.759495475531,7174.197289177315,2020-01-03 12:00:00,2020-01-03 12:00:00,1289354.5776587331,0.4113418830115878,925.989222792807,0.10005323554299024
3,"(2, 0, 0, 0, 48, 0, 0)",2688,True,2020-01-04,30597.988851284834,12334.04,9319.923828341696,10790.142417090257,7849.705239593135,2020-01-04 04:00:00,2020-01-04 05:00:00,10757.67,7872.779462927449,9286.092742085248,7600.54686733057,2020-01-04 12:00:00,2020-01-04 12:00:00,4036886.55044575,0.09907817215641523,1590.0744319961952,0.14748667849462552
4,"(2, 0, 0, 0, 48, 0, 0)",2688,True,2020-01-05,30707.226488552064,8220.91,8998.399208365512,10505.001529242198,7491.7968874888265,2020-01-05 04:30:00,2020-01-05 05:30:00,7957.69,7947.88031121369,9137.199300612188,7805.016530178826,2020-01-05 00:00:00,2020-01-05 00:00:00,247603.13996530068,0.3536654794057916,397.11978263391416,0.05301105708490994
5,"(2, 0, 0, 0, 48, 0, 0)",2688,True,2020-01-06,30745.785713092788,8795.51,9074.255078938417,11635.595746753766,6524.049529439225,2020-01-06 04:30:00,2020-01-06 04:30:00,8236.51,7659.521674316999,9776.336286905442,6458.159046957567,2020-01-06 11:30:00,2020-01-06 12:00:00,306304.46270729194,0.6397958172999096,398.67027214820126,0.050633830633428765
6,"(2, 0, 0, 0, 48, 0, 0)",2688,True,2020-01-07,30766.685898179836,10506.18,10035.299621810615,12629.202797157835,7441.396446463394,2020-01-07 04:30:00,2020-01-07 04:00:00,8469.66,8816.906365858571,10993.477129423267,7037.679581733594,2020-01-07 12:00:00,2020-01-07 12:00:00,389402.6330721452,0.7585654030592582,473.85143278167226,0.05460174807821409
7,"(2, 0, 0, 0, 48, 0, 0)",2688,True,2020-01-08,30708.860155812836,9715.67,8098.490431116729,9586.668626802393,6610.312235431064,2020-01-08 04:30:00,2020-01-08 05:30:00,8790.26,7218.940966090533,8333.848640264732,7076.033080175488,2020-01-08 12:00:00,2020-01-08 00:00:00,1864500.7044152797,-0.8527757341829405,1191.3764124233946,0.13892711094235638
8,"(2, 0, 0, 0, 48, 0, 0)",2688,True,2020-01-09,30714.008158922414,9179.49,8544.4762286441,10048.77018906454,7040.18226822366,2020-01-09 04:30:00,2020-01-09 04:30:00,8372.84,7641.8168874399325,9095.742150643538,7217.363208580551,2020-01-09 12:00:00,2020-01-09 12:00:00,295213.57193953876,0.6076368333710717,488.96687819900944,0.05929057917628614
9,"(2, 0, 0, 0, 48, 0, 0)",2688,True,2020-01-10,30693.603569847015,11920.34,9909.385860790106,11407.277599292423,8411.494122287788,2020-01-10 04:30:00,2020-01-10 04:30:00,9454.39,8422.770652224097,9871.233653580774,7270.3283352992485,2020-01-10 12:00:00,2020-01-10 12:00:00,1375447.4803997262,0.5618263360401647,979.358285982089,0.09768849058332278
10,"(2, 0, 0, 0, 48, 0, 0)",2688,True,2020-01-11,30662.820428708597,7716.93,10363.021095724718,11888.088482021034,8837.953709428402,2020-01-11 05:00:00,2020-01-11 04:00:00,8302.9,9344.66273339729,10822.136496064368,8061.16640380109,2020-01-11 00:00:00,2020-01-11 12:00:00,3028334.2130660354,-20.244747754287847,1371.4423346723822,0.18721946348474794
11,"(2, 0, 0, 0, 48, 0, 0)",2688,True,2020-01-12,30700.18794891762,7690.59,7842.329887866101,9433.64464619037,6251.015129541832,2020-01-12 05:30:00,2020-01-12 04:30:00,7040.43,7160.727001037923,8700.716704075234,6500.892985157275,2020-01-12 09:30:00,2020-01-12 12:00:00,99070.92574533638,0.7003327598851639,244.54579020948327,0.036791892423541306
12,"(2, 0, 0, 0, 48, 0, 0)",2688,True,2020-01-13,30705.772070308456,8671.97,8473.645037324208,10068.34802779262,6878.942046855796,2020-01-13 05:30:00,2020-01-13 04:30:00,7640.2,7805.929444028836,9348.69768386997,6424.825840273531,2020-01-13 11:00:00,2020-01-13 12:00:00,32361.664040287404,0.953103146620838,155.0067868078334,0.021005073958141236
13,"(2, 0, 0, 0, 48, 0, 0)",2688,True,2020-01-14,30704.444234577626,9412.35,9439.724132103132,11038.261242334675,7841.18702187159,2020-01-14 04:30:00,2020-01-14 04:30:00,8267.39,8036.737905121713,9585.29473827377,6964.247812773282,2020-01-14 12:00:00,2020-01-14 12:00:00,51438.76815975352,0.9468116755264185,196.27437817563904,0.025168342172767273
14,"(2, 0, 0, 0, 48, 0, 0)",2688,True,2020-01-15,30668.964914429067,9524.55,8958.115604419336,10579.209962676337,7337.021246162334,2020-01-15 04:30:00,2020-01-15 04:30:00,8450.73,8281.126304732994,9854.29100977053,7171.209905196297,2020-01-15 12:00:00,2020-01-15 12:00:00,166950.79388816727,0.8458017192763289,364.14588355918767,0.04450526639592758
15,"(2, 0, 0, 0, 48, 0, 0)",2688,True,2020-01-16,30678.064024869374,9316.72,8618.232231450382,10223.862296344196,7012.602166556567,2020-01-16 04:30:00,2020-01-16 04:30:00,8814.88,7988.174537901129,9546.215883519995,7495.477341953365,2020-01-16 11:30:00,2020-01-16 12:00:00,277132.68913597416,0.6218167285450893,448.2414112387599,0.05296611351965146
16,"(2, 0, 0, 0, 48, 0, 0)",2688,True,2020-01-17,30771.649411806648,8264.99,9770.712806737534,12540.233227521301,7033.925694518939,2020-01-17 04:30:00,2020-01-17 04:30:00,8401.15,8300.429365270576,10584.38370989214,7196.670703375563,2020-01-17 11:00:00,2020-01-17 12:00:00,697173.261224173,-0.4842259590129343,694.0086580994935,0.08852519557426518
17,"(2, 0, 0, 0, 48, 0, 0)",2688,True,2020-01-18,30774.80600146897,7744.74,6946.630889497326,9873.378566925297,4185.738385614182,2020-01-18 07:00:00,2020-01-18 05:00:00,7708.16,7089.124989690183,8908.962786877277,6944.35490939018,2020-01-18 09:30:00,2020-01-18 00:00:00,403789.3747109794,-0.39748042504398096,559.0625529629142,0.07605146958341433
18,"(2, 0, 0, 0, 48, 0, 0)",2688,True,2020-01-19,30786.512444264452,8025.98,7139.27461664127,10146.63236701935,4268.969351660174,2020-01-19 07:00:00,2020-01-19 06:00:00,7185.49,6709.03683028684,8960.178302645805,6563.926352975291,2020-01-19 11:00:00,2020-01-19 00:00:00,301805.61086124374,0.29672293382773296,464.48314256054095,0.06280556611685724
19,"(2, 0, 0, 0, 48, 0, 0)",2688,True,2020-01-20,30794.024447338823,9787.26,8182.802304874462,11092.607088436844,5339.350956680382,2020-01-20 03:30:00,2020-01-20 05:30:00,8905.03,7432.256528733568,9754.892166734355,6664.289509149987,2020-01-20 12:00:00,2020-01-20 12:00:00,1219532.253894383,0.13277427001398168,928.5831321027357,0.10587390932418021
20,"(2, 0, 0, 0, 48, 0, 0)",2688,True,2020-01-21,30865.434342640743,9925.09,8778.128042449971,11543.688901709978,6020.879045204773,2020-01-21 04:30:00,2020-01-21 04:30:00,8209.52,7940.0812418304495,10226.232477661506,7183.728741312499,2020-01-21 12:00:00,2020-01-21 12:00:00,390561.44693286484,0.6774418657645569,517.4442332379125,0.060044087705336036
21,"(2, 0, 0, 0, 48, 0, 0)",2688,True,2020-01-22,30804.47351767023,11679.1,9086.454971576099,11874.406632582235,6368.576739693419,2020-01-22 04:30:00,2020-01-22 04:30:00,9196.29,8182.325273077558,10429.669745363984,7482.590205227099,2020-01-22 12:00:00,2020-01-22 12:00:00,1548965.8951975296,0.41310743627188296,966.7193620782451,0.0974206628678468
22,"(2, 0, 0, 0, 48, 0, 0)",2688,True,2020-01-23,30811.508945066395,13330.14,9246.67902946587,12040.591861749097,6467.601580436902,2020-01-23 04:30:00,2020-01-23 04:30:00,11712.42,8550.622613170242,10840.976588307767,7700.339752523941,2020-01-23 12:00:00,2020-01-23 12:00:00,6766425.343784727,-0.28041442799529315,2112.5393409864973,0.18193705158475057
23,"(2, 0, 0, 0, 48, 0, 0)",2688,True,2020-01-24,30887.203199850876,10052.6,9256.96130908413,12086.612765046353,6601.619233259443,2020-01-24 04:30:00,2020-01-24 04:30:00,9493.3,9129.120161448845,11254.69779167153,8981.290659765595,2020-01-24 09:30:00,2020-01-24 00:00:00,134454.27713560313,0.7003039730696126,304.175890484746,0.03333861685119336
24,"(2, 0, 0, 0, 48, 0, 0)",2688,True,2020-01-25,30898.20707073463,9861.13,8197.7120705392,11177.323263019793,5412.1445847394425,2020-01-25 05:30:00,2020-01-25 05:00:00,8455.7,7960.850098579183,10098.379997542484,7771.695121074993,2020-01-25 12:00:00,2020-01-25 09:30:00,821602.9879109245,0.23145818402657148,714.8979185825923,0.08066203580929465
25,"(2, 0, 0, 0, 48, 0, 0)",2688,True,2020-01-26,30821.947397396078,10840.67,8744.713209880763,11828.784800803902,5802.509872168459,2020-01-26 05:30:00,2020-01-26 05:30:00,9536.49,7947.732718496522,10284.239324765254,7707.693453916696,2020-01-26 12:00:00,2020-01-26 11:00:00,1642797.5609203454,0.22896404139172377,1029.239033247882,0.10700899463358556
26,"(2, 0, 0, 0, 48, 0, 0)",2688,True,2020-01-27,30854.325269716304,11056.05,9337.607162304892,12252.319177689196,6503.800461994345,2020-01-27 05:30:00,2020-01-27 04:30:00,8791.17,8617.720650040228,11015.680238784353,7682.997927515338,2020-01-27 12:00:00,2020-01-27 12:00:00,652483.8941385263,0.6707305799557053,601.1634012254416,0.06473250566541905
27,"(2, 0, 0, 0, 48, 0, 0)",2688,True,2020-01-28,30847.44935769079,12349.85,9273.500877728628,12279.108738878984,6327.586950573535,2020-01-28 04:00:00,2020-01-28 05:30:00,10699.19,8129.242730911323,10526.903679358484,7711.8451629819465,2020-01-28 12:00:00,2020-01-28 12:00:00,3839801.097901718,-0.18053014606338658,1591.3344465174926,0.14827963149343323
28,"(2, 0, 0, 0, 48, 0, 0)",2688,True,2020-01-29,31147.828938184677,10778.14,10536.52045335629,13326.579140957288,7769.218153651861,2020-01-29 04:30:00,2020-01-29 04:30:00,9477.21,8999.667248149646,11286.476129394303,7952.170627236972,2020-01-29 12:00:00,2020-01-29 12:00:00,160048.69934969503,0.8782481222826324,359.5476567280106,0.04086762849755678
29,"(2, 0, 0, 0, 48, 0, 0)",2688,True,2020-01-30,31118.45584890688,11979.43,11376.737570505564,13102.645973451468,9650.82916755966,2020-01-30 04:30:00,2020-01-30 04:30:00,9472.85,10162.16121864406,11809.68027521702,8514.642162071099,2020-01-30 12:00:00,2020-01-30 12:00:00,179382.71224007406,0.9358979007691584,353.6693930018708,0.03758918725761288
30,"(2, 0, 0, 0, 48, 0, 0)",2688,True,2020-01-31,31162.624862485434,13143.76,9703.865451602827,11441.508747672544,7966.222155533111,2020-01-31 03:00:00,2020-01-31 04:30:00,11311.9,8768.240349009051,10413.981894468288,7991.55817192206,2020-01-31 12:00:00,2020-01-31 11:00:00,4636925.989566214,-0.10360739674861397,1733.023995816313,0.15037837879987073
31,"(2, 0, 0, 0, 48, 0, 0)",2688,True,2020-02-01,31314.052269609245,13634.63,10396.912755804055,12180.139372812328,8619.11793323749,2020-02-01 05:00:00,2020-02-01 04:30:00,12047.17,9405.585690887217,11100.419277514957,9134.955838711534,2020-02-01 12:00:00,2020-02-01 12:00:00,4357052.229901302,0.14615767553364467,1761.1814702695267,0.1498641752466452
32,"(2, 0, 0, 0, 48, 0, 0)",2688,True,2020-02-02,31351.23518227331,10938.26,10571.489792998862,12421.742829502733,8721.236756494991,2020-02-02 02:30:00,2020-02-02 05:30:00,10478.02,9799.5290487162,11550.486712980106,9510.344163754173,2020-02-02 12:00:00,2020-02-02 12:00:00,259571.75160018017,0.777443774578625,439.8945101853,0.04755097825804531
33,"(2, 0, 0, 0, 48, 0, 0)",2688,True,2020-02-03,31390.01633494701,10741.33,10406.570790264692,12252.532159789886,8560.609420739498,2020-02-03 04:00:00,2020-02-03 05:00:00,9250.51,8888.290442220847,10641.82673399291,7423.318225087923,2020-02-03 08:30:00,2020-02-03 12:00:00,645779.3417224913,0.5738184066356787,648.996562122794,0.07550825641907118
34,"(2, 0, 0, 0, 48, 0, 0)",2688,True,2020-02-04,31431.398003344315,8166.43,10828.93253620817,12711.148156810812,8958.730755723123,2020-02-04 05:30:00,2020-02-04 05:30:00,7916.85,9607.352456694203,11397.382541593195,7817.322371795211,2020-02-04 07:30:00,2020-02-04 12:00:00,2888815.060313623,-7.536741892227877,1416.4022877518555,0.18482042959729986
35,"(2, 0, 0, 0, 48, 0, 0)",2688,True,2020-02-05,31440.999755726458,8698.81,8924.956150760852,11966.604096650753,5916.735663893282,2020-02-05 04:30:00,2020-02-05 04:30:00,7888.7,7945.5660855180795,10456.60710006216,6780.768583126967,2020-02-05 12:00:00,2020-02-05 12:00:00,63674.20816407387,0.8984867141027867,204.6116102078048,0.02694520394004746
36,"(2, 0, 0, 0, 48, 0, 0)",2688,True,2020-02-06,31408.628073811444,8592.13,10185.84806317229,12089.362847817172,8282.333278527409,2020-02-06 05:00:00,2020-02-06 04:30:00,8540.97,8732.486369956361,10544.435969002647,6988.7444865510815,2020-02-06 09:30:00,2020-02-06 12:00:00,834588.8916318523,-0.29966785922593053,726.1516344636954,0.09073148220902659
37,"(2, 0, 0, 0, 48, 0, 0)",2688,True,2020-02-07,31414.155763242656,8201.16,10713.122184370877,12654.571503651336,8771.672865090419,2020-02-07 00:00:00,2020-02-07 05:30:00,8552.26,9573.75398443665,11410.399766075576,7737.108202797723,2020-02-07 08:30:00,2020-02-07 12:00:00,2450313.5010101493,-3.4953767376596794,1252.5919847853909,0.16108490502005213
38,"(2, 0, 0, 0, 48, 0, 0)",2688,True,2020-02-08,31456.576109030866,7873.51,10876.659438926737,12860.249800546102,8893.069077307373,2020-02-08 05:30:00,2020-02-08 05:00:00,7712.86,9782.048213161677,11658.82667670523,7905.269749618125,2020-02-08 09:30:00,2020-02-08 12:00:00,4546623.428663171,-11.545067654834567,1823.8176989621127,0.2487469685947725
39,"(2, 0, 0, 0, 48, 0, 0)",2688,True,2020-02-09,31488.131469186148,7920.61,7309.658893084652,10345.510197662996,4398.324508519789,2020-02-09 05:30:00,2020-02-09 02:30:00,7713.81,6983.8047554024,9628.627231773555,6415.386995669271,2020-02-09 09:30:00,2020-02-09 12:00:00,557691.6329401237,-0.12128973007666355,635.8098137739074,0.08720422675859903
40,"(2, 0, 0, 0, 48, 0, 0)",2688,True,2020-02-10,31492.58455485141,9346.36,8581.951874723294,11787.973605696685,5414.554011835378,2020-02-10 04:30:00,2020-02-10 04:00:00,8325.51,7530.1767842710005,10206.262907963079,6400.623955374179,2020-02-10 10:00:00,2020-02-10 12:00:00,432441.7616787932,0.619805337727569,589.6820203819146,0.07253426814178095
41,"(2, 0, 0, 0, 48, 0, 0)",2688,True,2020-02-11,31508.372418238578,10020.15,7990.070805882954,11408.82718733935,4635.486047265668,2020-02-11 04:30:00,2020-02-11 04:30:00,8605.99,7402.4489855341635,10162.02986323851,6897.512627160719,2020-02-11 12:00:00,2020-02-11 12:00:00,1541908.4215346547,-0.2174009298040085,1054.596073415518,0.1183704994958205
42,"(2, 0, 0, 0, 48, 0, 0)",2688,True,2020-02-12,31502.87252051857,9397.17,8598.925987264438,10748.146415537585,6462.050389176611,2020-02-12 04:30:00,2020-02-12 05:30:00,8879.56,8005.580046499671,10011.473472471109,7308.628657963491,2020-02-12 11:00:00,2020-02-12 12:00:00,349189.40520408814,0.5910531281132343,508.04549402356315,0.05917452620260471
43,"(2, 0, 0, 0, 48, 0, 0)",2688,True,2020-02-13,31501.654469709138,9502.26,8646.045582232611,10784.68709600541,6507.404068459813,2020-02-13 04:30:00,2020-02-13 05:00:00,9178.99,8354.800746887044,10358.060797415517,7248.651823591436,2020-02-13 11:30:00,2020-02-13 12:00:00,401469.25935217197,0.6052492655824875,553.2960030527959,0.06290378838247127
44,"(2, 0, 0, 0, 48, 0, 0)",2688,True,2020-02-14,31494.72053809629,9197.97,8128.308867815229,11386.420187618798,5334.210602533524,2020-02-14 04:30:00,2020-02-14 04:00:00,8526.99,8085.730740460545,10672.957468987906,7285.895667366042,2020-02-14 09:00:00,2020-02-14 11:30:00,307819.35845271207,0.4974297024822092,467.40910954397333,0.05553263152013777
45,"(2, 0, 0, 0, 48, 0, 0)",2688,True,2020-02-15,31495.29708033058,8881.07,8349.410489813063,10445.991978887605,6252.82900073852,2020-02-15 05:30:00,2020-02-15 05:00:00,7593.58,7824.726476694801,9784.71036166645,7122.799846621745,2020-02-15 12:00:00,2020-02-15 11:30:00,61766.72015420747,0.8964616046916299,195.4652446794264,0.02561742912986206
46,"(2, 0, 0, 0, 48, 0, 0)",2688,True,2020-02-16,31499.06959900939,8594.98,7866.384637106448,11126.979493539926,4938.415890866885,2020-02-16 05:00:00,2020-02-16 05:00:00,7416.78,7580.364724529147,10141.713608914202,6926.590667428255,2020-02-16 12:00:00,2020-02-16 11:30:00,141165.86966008393,0.7680949887158468,318.183609211689,0.042102108276475904
47,"(2, 0, 0, 0, 48, 0, 0)",2688,True,2020-02-17,31489.043372400054,9255.9,8817.12772795234,10885.08389967695,6749.1715562277295,2020-02-17 04:30:00,2020-02-17 04:30:00,8960.3,8083.521175185961,10017.993648542326,6795.389414346829,2020-02-17 11:00:00,2020-02-17 12:00:00,253473.94250235602,0.7347479046875358,411.6676130876628,0.04831861882220096
48,"(2, 0, 0, 0, 48, 0, 0)",2688,True,2020-02-18,31512.69698861419,11079.33,9630.571011535138,11712.741804070856,7548.400218999419,2020-02-18 04:00:00,2020-02-18 04:30:00,8995.53,8583.047295613664,10530.106089452953,7222.564752796088,2020-02-18 12:00:00,2020-02-18 12:00:00,566886.8944881122,0.7343845393704066,595.9705659985976,0.06290492989266704
49,"(2, 0, 0, 0, 48, 0, 0)",2688,True,2020-02-19,31540.30946381431,9104.13,9193.592028268391,11276.492571617164,7110.691484919618,2020-02-19 05:30:00,2020-02-19 04:30:00,8023.3,8504.421178226987,10454.562560362903,7092.489105811071,2020-02-19 07:30:00,2020-02-19 12:00:00,169189.86735470375,0.759437982889568,348.28270617357686,0.04556431161370481
50,"(2, 0, 0, 0, 48, 0, 0)",2688,True,2020-02-20,31537.63024394215,8722.59,8744.606475595216,10809.535588246014,6682.086146696984,2020-02-20 05:30:00,2020-02-20 04:30:00,7923.32,8155.878570987139,10090.323574511853,6738.446337042852,2020-02-20 07:00:00,2020-02-20 12:00:00,199466.69552887112,0.565592253728002,387.02635148210703,0.05194574796505824
51,"(2, 0, 0, 0, 48, 0, 0)",2688,True,2020-02-21,31583.230882032884,8413.87,8375.294530898078,11509.556449385947,5303.5295625431045,2020-02-21 04:00:00,2020-02-21 05:00:00,8156.79,7758.3891819533255,10212.194704111824,7102.1186742382915,2020-02-21 07:30:00,2020-02-21 09:30:00,53463.05161333331,0.8743900984127994,187.89485849686494,0.024892973355532377
52,"(2, 0, 0, 0, 48, 0, 0)",2688,True,2020-02-22,31570.51870748592,7801.96,8375.88651128859,10405.302004972216,6346.471017604965,2020-02-22 06:30:00,2020-02-22 05:30:00,7459.01,7542.76509983985,9439.764380079845,6905.8781811812205,2020-02-22 09:30:00,2020-02-22 12:00:00,184286.68777502957,0.29277850108096837,359.6329374350808,0.04992117731438676
53,"(2, 0, 0, 0, 48, 0, 0)",2688,True,2020-02-23,31570.800184512205,8139.82,8368.56615763249,10385.09764155619,6352.203504143334,2020-02-23 07:00:00,2020-02-23 05:00:00,7230.13,7512.433631233146,9406.353096668936,6745.874213256292,2020-02-23 12:00:00,2020-02-23 12:00:00,121233.52928874725,0.6878657129252495,305.1975952107368,0.04331669998462612
54,"(2, 0, 0, 0, 48, 0, 0)",2688,True,2020-02-24,31585.086578657618,9418.22,8879.235014004997,10887.89578557774,6870.574242432253,2020-02-24 04:30:00,2020-02-24 05:00:00,8379.59,8476.98136283436,10362.720822602636,6768.515741874603,2020-02-24 08:30:00,2020-02-24 12:00:00,86518.64152966753,0.9121238512318701,241.14349642037664,0.030614537943859477
55,"(2, 0, 0, 0, 48, 0, 0)",2688,True,2020-02-25,31598.21022840863,10252.21,10041.158611224282,12030.809539384374,8053.497362987112,2020-02-25 04:30:00,2020-02-25 04:30:00,8575.2,8697.50164206744,10568.593420308927,7344.96224923724,2020-02-25 12:00:00,2020-02-25 12:00:00,43629.19969708651,0.9653858603152876,166.73908249354562,0.021435225589180897
56,"(2, 0, 0, 0, 48, 0, 0)",2688,True,2020-02-26,31575.922467832628,10196.1,8938.523929621204,10898.544435472171,6978.503423770237,2020-02-26 04:30:00,2020-02-26 05:30:00,9456.92,7990.127814373216,9812.653862321335,7324.32725733475,2020-02-26 12:00:00,2020-02-26 12:00:00,669078.3096287312,0.508792602639883,667.4288014033074,0.07400041112410048
57,"(2, 0, 0, 0, 48, 0, 0)",2688,True,2020-02-27,31610.480151600816,9024.06,8570.831710362274,10524.872261311279,6616.791159413269,2020-02-27 05:30:00,2020-02-27 05:30:00,8296.81,7808.8739022567715,9611.094545000993,7124.025074213342,2020-02-27 07:30:00,2020-02-27 11:30:00,101706.74683093827,0.8195303347503516,261.77214058849864,0.03433412758074806
58,"(2, 0, 0, 0, 48, 0, 0)",2688,True,2020-02-28,31634.77782825265,8559.55,8415.931718183012,10349.098202907131,6483.544361697544,2020-02-28 04:30:00,2020-02-28 04:00:00,8030.79,7925.02863897916,9742.066754251582,7126.905257205163,2020-02-28 07:00:00,2020-02-28 12:00:00,63834.30747103514,0.8384501780470635,206.2688516581518,0.0278272937675204
59,"(2, 0, 0, 0, 48, 0, 0)",2688,True,2020-02-29,31664.372259957105,8329.8,8164.774044151702,10118.847057343217,6210.7010309601865,2020-02-29 06:00:00,2020-02-29 05:30:00,7253.97,7601.818363686207,9383.215276079358,7081.385012036167,2020-02-29 08:30:00,2020-02-29 09:30:00,115685.38439184758,0.7111589119266106,297.0894240263057,0.042730454855226356
60,"(2, 0, 0, 0, 48, 0, 0)",2688,True,2020-03-01,31637.207653522993,9781.28,8313.661240625031,11191.364608448643,5532.687857502823,2020-03-01 05:30:00,2020-03-01 05:30:00,7047.34,7500.9496487889755,9739.781616419274,7046.487872733464,2020-03-01 12:00:00,2020-03-01 12:00:00,425085.1513775603,0.690823010620918,528.8449719206294,0.06703065818057102
61,"(2, 0, 0, 0, 48, 0, 0)",2688,True,2020-03-02,31605.060050805623,11344.04,8894.704594012574,10821.886824894425,6976.114676489744,2020-03-02 03:00:00,2020-03-02 04:30:00,9412.32,8018.229405058323,9811.098261314037,6866.266515528875,2020-03-02 12:00:00,2020-03-02 12:00:00,1495559.0722234056,0.38454776762283316,908.4493550230333,0.09289379791085373
62,"(2, 0, 0, 0, 48, 0, 0)",2688,True,2020-03-03,31601.438069142212,8786.32,8984.43371273998,10902.881282118098,7065.986143361861,2020-03-03 04:30:00,2020-03-03 04:30:00,8623.18,7969.829693789109,9766.022727086725,7167.773746888576,2020-03-03 10:00:00,2020-03-03 12:00:00,181590.969492687,0.7100644045942086,345.76517676029,0.04255667217420156
63,"(2, 0, 0, 0, 48, 0, 0)",2688,True,2020-03-04,31571.706421565395,8827.24,9148.029018677633,11052.991976892987,7243.066060462279,2020-03-04 04:30:00,2020-03-04 04:30:00,8803.05,8546.7088748536,10323.110575463423,7003.51235846064,2020-03-04 09:30:00,2020-03-04 12:00:00,133970.14604081048,0.8278883035084553,301.12142158652364,0.037480408622427484
64,"(2, 0, 0, 0, 48, 0, 0)",2688,True,2020-03-05,31576.36898509095,8986.57,8481.613989216012,10397.324573029808,6565.903405402217,2020-03-05 04:30:00,2020-03-05 05:30:00,9021.99,7876.982939721281,9529.953203947101,7113.387022854613,2020-03-05 10:00:00,2020-03-05 07:30:00,455206.64130070625,0.4552265589030696,547.25039394526,0.06509891973636849
65,"(2, 0, 0, 0, 48, 0, 0)",2688,True,2020-03-06,31594.50175365169,8680.04,8579.584089190683,10488.381721393736,6670.78645698763,2020-03-06 04:30:00,2020-03-06 04:30:00,8581.29,7719.074830740093,9491.8820151323,7155.505430220132,2020-03-06 12:00:00,2020-03-06 07:00:00,244811.91359698938,0.617114618258492,404.9503165477056,0.05050081812405399
66,"(2, 0, 0, 0, 48, 0, 0)",2688,True,2020-03-07,31645.180184385637,7680.05,7841.001400161872,10699.089144228012,5038.1614050115295,2020-03-07 06:30:00,2020-03-07 05:30:00,7374.46,7019.943962059732,9215.814167861885,6849.726239750616,2020-03-07 08:30:00,2020-03-07 00:00:00,63186.76786609452,0.7036523982591585,226.77163135385413,0.03278587504880461
67,"(2, 0, 0, 0, 48, 0, 0)",2688,True,2020-03-08,31590.636708854123,7691.79,8892.552434789035,10749.98034274719,7035.124526830879,2020-03-08 07:00:00,2020-03-08 05:30:00,6835.26,7084.658611171216,8792.34313481926,6436.705026551404,2020-03-08 08:30:00,2020-03-08 12:00:00,577797.2966301999,-0.9449739420232761,610.2471869280297,0.08857229556354611
68,"(2, 0, 0, 0, 48, 0, 0)",2688,True,2020-03-09,31599.799972145927,8220.92,9617.823318399584,11430.258214569803,7805.388422229364,2020-03-09 05:30:00,2020-03-09 03:00:00,7824.63,8334.745106930553,10045.44767656774,6624.042537293369,2020-03-09 08:00:00,2020-03-09 12:00:00,727018.9649288388,-0.428975764016607,625.5060475951374,0.0825140896979248
69,"(2, 0, 0, 0, 48, 0, 0)",2688,True,2020-03-10,31622.054257411677,8392.67,8475.42721699626,10345.95028255511,6604.904151437411,2020-03-10 06:30:00,2020-03-10 04:30:00,8018.88,8019.5250798913685,9757.013744193386,6754.834649635702,2020-03-10 07:00:00,2020-03-10 11:30:00,149634.94245589108,0.6645211357525179,317.4887897238388,0.0434391084381254
70,"(2, 0, 0, 0, 48, 0, 0)",2688,True,2020-03-11,31626.733189034298,8509.13,8499.754842826522,10378.587436970935,6620.922248682109,2020-03-11 06:30:00,2020-03-11 04:30:00,8022.3,8090.9666360904375,9836.81611492468,6770.490271764124,2020-03-11 07:00:00,2020-03-11 12:00:00,189885.21245363695,0.5719483043241078,336.55325843084773,0.04532307148371331
71,"(2, 0, 0, 0, 48, 0, 0)",2688,True,2020-03-12,31639.291520597108,8631.93,8735.259597560385,10640.363201592909,6830.155993527861,2020-03-12 06:30:00,2020-03-12 04:30:00,8088.63,8341.533079147386,10110.584069677388,6938.045415011298,2020-03-12 07:00:00,2020-03-12 12:00:00,257580.47698800356,0.4514733242105088,409.5264370284497,0.055052423108706484
72,"(2, 0, 0, 0, 48, 0, 0)",2688,True,2020-03-13,31615.232432252888,8295.05,8634.434900538707,10550.86669419621,6718.003106881205,2020-03-13 05:30:00,2020-03-13 04:30:00,7990.7,8210.159125247908,9989.53408152813,6986.080003569739,2020-03-13 07:00:00,2020-03-13 12:00:00,342542.63219452737,0.09958740604212624,472.96772107283414,0.06504313775197017
73,"(2, 0, 0, 0, 48, 0, 0)",2688,True,2020-03-14,31613.21133500996,7705.42,7531.288938906594,9472.798485717902,5589.779392095286,2020-03-14 06:00:00,2020-03-14 06:30:00,7392.01,7174.090769848166,8865.32584021807,6837.470814184273,2020-03-14 08:30:00,2020-03-14 08:30:00,41555.77544780448,0.8448398782938783,177.17026994813918,0.026260533776755524
74,"(2, 0, 0, 0, 48, 0, 0)",2688,True,2020-03-15,31625.76307470364,7939.49,7839.691862410999,9774.499349178936,5908.335008606662,2020-03-15 06:30:00,2020-03-15 07:00:00,6758.86,6940.935238427402,8688.083603906041,6468.770913017044,2020-03-15 08:30:00,2020-03-15 09:30:00,130017.54496026383,0.6435599048473727,310.52780418089,0.04853535722226374
75,"(2, 0, 0, 0, 48, 0, 0)",2688,True,2020-03-16,31661.81015785203,8476.08,7837.216545761059,10764.312111771269,5055.1079570627535,2020-03-16 06:30:00,2020-03-16 06:30:00,8083.1,7270.969936493959,9500.1826716418,6436.908668365507,2020-03-16 07:30:00,2020-03-16 10:30:00,140794.84078979818,0.7414766306458769,295.53488306050093,0.038774427375903496
76,"(2, 0, 0, 0, 48, 0, 0)",2688,True,2020-03-17,31573.56889783989,8458.57,8407.40952675306,10361.50381736342,6453.315236142698,2020-03-17 06:30:00,2020-03-17 05:30:00,8088.07,7715.1111148899945,9376.739887978158,7019.504447108822,2020-03-17 07:00:00,2020-03-17 07:00:00,77500.08666775622,0.8138026330196241,242.60637781144337,0.03428302936198228
77,"(2, 0, 0, 0, 48, 0, 0)",2688,True,2020-03-18,31559.54489701993,8498.9,8623.39986969638,10586.689608702925,6661.078090799226,2020-03-18 05:30:00,2020-03-18 05:30:00,7991.83,7732.772747046344,9387.237804337961,7080.829178364638,2020-03-18 07:00:00,2020-03-18 07:00:00,206300.48795622648,0.5121738080296574,400.2352847931934,0.05660125388459105
78,"(2, 0, 0, 0, 48, 0, 0)",2688,True,2020-03-19,31573.713714845653,9539.15,8253.256649275443,11168.387955196518,5412.254952053505,2020-03-19 05:30:00,2020-03-19 06:30:00,7922.25,7454.044288571221,9515.26972762382,6922.545777960269,2020-03-19 07:00:00,2020-03-19 07:00:00,363662.60400068527,0.6195534258190989,473.1114465121175,0.057747241127651755
79,"(2, 0, 0, 0, 48, 0, 0)",2688,True,2020-03-20,31524.64032566321,10226.72,7982.8637660883105,10792.69435605244,5243.815644092053,2020-03-20 04:30:00,2020-03-20 05:30:00,7942.66,7334.148614734458,9183.212686618304,6974.959388320075,2020-03-20 12:00:00,2020-03-20 07:00:00,1310101.8986309015,0.07629021002411507,882.3979436719295,0.10028863776673365
80,"(2, 0, 0, 0, 48, 0, 0)",2688,True,2020-03-21,31470.295603021237,8131.27,7902.792300425098,9757.467208657738,6052.203621534674,2020-03-21 06:30:00,2020-03-21 05:30:00,7276.97,7345.635479074788,9034.815577694706,7119.031656330564,2020-03-21 00:00:00,2020-03-21 11:00:00,88155.2166802566,0.684963281229493,258.6115554627079,0.037726200554696714
81,"(2, 0, 0, 0, 48, 0, 0)",2688,True,2020-03-22,31464.44008484375,8287.98,8003.267195202923,9848.360077565332,6158.174312840515,2020-03-22 05:30:00,2020-03-22 06:30:00,6715.46,6753.873293790152,8451.110964121457,6508.386525479896,2020-03-22 00:00:00,2020-03-22 08:30:00,57964.27009733897,0.8886265193489862,216.23291143195624,0.032062055305823164
82,"(2, 0, 0, 0, 48, 0, 0)",2688,True,2020-03-23,31438.56975374354,8224.17,8133.8936179505035,9943.458453083596,6325.354531870777,2020-03-23 05:30:00,2020-03-23 06:30:00,7902.6,7504.9040315544225,8951.800350857207,6529.960055560868,2020-03-23 07:30:00,2020-03-23 07:30:00,61481.482506052904,0.8621481451672421,223.10864491498432,0.031002214493976204
83,"(2, 0, 0, 0, 48, 0, 0)",2688,True,2020-03-24,31464.01860997988,8389.77,7711.838689680717,10432.267892239588,5064.430050559404,2020-03-24 05:30:00,2020-03-24 06:30:00,7866.73,7394.965708434154,9034.843585609655,6754.378160065318,2020-03-24 08:30:00,2020-03-24 07:00:00,229943.54256711598,0.4645184160390433,413.04540777017115,0.05439414249401716
84,"(2, 0, 0, 0, 48, 0, 0)",2688,True,2020-03-25,31178.171468727793,8347.31,7417.064513453,10152.645361040622,4754.588242874944,2020-03-25 04:30:00,2020-03-25 06:30:00,7689.16,7045.353628925256,8627.785973404641,6719.312439495394,2020-03-25 10:00:00,2020-03-25 07:00:00,581656.5047047449,-0.33504543366320316,639.0761372818016,0.08362513019805858
85,"(2, 0, 0, 0, 48, 0, 0)",2688,True,2020-03-26,31186.934710970083,8322.77,8461.098348681475,11103.530797775436,5842.1884720000335,2020-03-26 06:00:00,2020-03-26 05:30:00,7895.12,7451.8168045059,9265.023413473366,6848.085015004392,2020-03-26 08:30:00,2020-03-26 07:00:00,103127.75371015724,0.7523367552454882,275.8908745645689,0.03815006131116808
86,"(2, 0, 0, 0, 48, 0, 0)",2688,True,2020-03-27,31174.317655058905,7959.54,9219.281099254986,11833.555294630054,6614.7317512999525,2020-03-27 06:00:00,2020-03-27 04:30:00,7607.87,7636.52191929656,9794.006587404972,6989.476316460731,2020-03-27 08:00:00,2020-03-27 12:00:00,674747.0619527462,-1.517539786871338,652.7071175990245,0.09136666606496163
87,"(2, 0, 0, 0, 48, 0, 0)",2688,True,2020-03-28,30984.226962399305,7840.03,7962.459200608158,9640.33514929366,6284.583251922658,2020-03-28 06:00:00,2020-03-28 06:30:00,6877.91,7021.916954841319,8539.038634805256,6812.95062966065,2020-03-28 00:00:00,2020-03-28 08:30:00,225176.8324539206,0.1971825796095581,447.5816746162977,0.06900124074886788
88,"(2, 0, 0, 0, 48, 0, 0)",2688,True,2020-03-29,30962.816061123616,7956.25,7809.1721954700115,10276.235203295377,5375.358887342097,2020-03-29 06:00:00,2020-03-29 06:00:00,6656.38,6630.807470802762,8354.305500863988,6480.879762780455,2020-03-29 09:30:00,2020-03-29 00:00:00,72325.69893921271,0.8177231908952511,220.20265676704346,0.03549404789530937
89,"(2, 0, 0, 0, 48, 0, 0)",2688,True,2020-03-30,30885.45953707888,8317.5,7751.357358704373,9195.675523745935,6307.03919366281,2020-03-30 05:30:00,2020-03-30 05:30:00,7853.23,7276.610516887587,8503.277380632026,6341.667919016966,2020-03-30 08:30:00,2020-03-30 07:30:00,130528.18834416864,0.7579474945144085,285.8546854549367,0.03783276724480342
90,"(2, 0, 0, 0, 48, 0, 0)",2688,True,2020-03-31,30870.56573095375,8523.36,8092.35736620949,10373.306325387073,5811.408407031906,2020-03-31 05:30:00,2020-03-31 05:30:00,7533.12,7443.17141640434,9115.350992185722,6868.9299508733175,2020-03-31 08:00:00,2020-03-31 07:30:00,55377.14307519451,0.8721210556009095,188.42339217130373,0.027208617893048664
91,"(2, 0, 0, 0, 48, 0, 0)",2688,True,2020-04-01,30804.34085273405,8324.82,8004.241928190229,10208.643819793888,5874.359341394585,2020-04-01 05:30:00,2020-04-01 05:30:00,7615.68,7422.021432726773,9067.89103475691,6982.405646901181,2020-04-01 08:00:00,2020-04-01 10:00:00,49677.726136669,0.87450523072226,188.72129041048206,0.026841395519959965
92,"(2, 0, 0, 0, 48, 0, 0)",2688,True,2020-04-02,30809.264502079182,8398.97,7861.713443786082,10081.35755742187,5662.003230649843,2020-04-02 05:00:00,2020-04-02 05:30:00,7936.57,7309.721692868461,8781.539391224134,6828.503871355612,2020-04-02 08:00:00,2020-04-02 08:00:00,247554.10055019296,0.5024117658794656,405.39142550061905,0.05274682793719001
93,"(2, 0, 0, 0, 48, 0, 0)",2688,True,2020-04-03,30817.695344369393,8414.49,7688.675046022432,9856.838955332589,5520.511136712275,2020-04-03 05:30:00,2020-04-03 06:00:00,7815.69,7267.149705177472,8718.89294453555,6861.145006024476,2020-04-03 12:00:00,2020-04-03 07:30:00,265535.41333796544,0.48080971811754625,440.77893733739785,0.058876559009875686
94,"(2, 0, 0, 0, 48, 0, 0)",2688,True,2020-04-04,30771.19806393935,7730.94,7883.812157059626,9964.2153130233,5803.409001095952,2020-04-04 06:00:00,2020-04-04 06:00:00,7098.92,7050.7021769611165,8317.024253921541,6906.021351089612,2020-04-04 00:00:00,2020-04-04 00:00:00,142172.72334423088,0.41834599011179296,326.3010149431454,0.05058418713313375
95,"(2, 0, 0, 0, 48, 0, 0)",2688,True,2020-04-05,30678.473147744175,8088.95,7891.047415092746,9054.223691172067,6727.871139013425,2020-04-05 06:00:00,2020-04-05 06:00:00,6324.7,6431.813439909681,7495.080347331064,6113.189831806568,2020-04-05 00:00:00,2020-04-05 10:00:00,173210.31651961498,0.6821167522901699,351.40283153436013,0.058283317301510824
96,"(2, 0, 0, 0, 48, 0, 0)",2688,True,2020-04-06,30693.455576118176,8725.82,8240.401337091651,9315.521563532748,7165.281110650554,2020-04-06 06:00:00,2020-04-06 05:30:00,7061.67,7510.746682413379,8467.334760629035,6561.33264479234,2020-04-06 08:30:00,2020-04-06 08:00:00,188605.86620877826,0.6827180704323099,367.1021136218472,0.054846669698405515
97,"(2, 0, 0, 0, 48, 0, 0)",2688,True,2020-04-07,30714.17000941022,8723.16,8282.709899931971,9349.547320562695,7215.872479301248,2020-04-07 06:00:00,2020-04-07 05:30:00,7367.35,7397.739377169208,8334.443770077783,6990.145950797637,2020-04-07 08:30:00,2020-04-07 07:30:00,70007.33071525073,0.8292371521310282,196.66608716714708,0.02841345461264812
98,"(2, 0, 0, 0, 48, 0, 0)",2688,True,2020-04-08,30746.5592673863,8639.7,8084.537861161261,9130.560126459295,7038.515595863229,2020-04-08 06:00:00,2020-04-08 05:30:00,7432.41,7525.34435511131,8471.18324727893,7092.785794970689,2020-04-08 12:00:00,2020-04-08 08:00:00,106076.51970933519,0.7612546491506468,227.14460762048608,0.033345499272544266
99,"(2, 0, 0, 0, 48, 0, 0)",2688,True,2020-04-09,30785.809706051594,8536.62,8214.663384425248,9248.148366500045,7181.178402350452,2020-04-09 06:00:00,2020-04-09 05:00:00,7376.72,7767.135407915258,8696.232457243177,7045.551744205482,2020-04-09 08:30:00,2020-04-09 08:00:00,158181.87597680188,0.6049303542312015,332.6841790903787,0.04818212813226927
100,"(2, 0, 0, 0, 48, 0, 0)",2688,True,2020-04-10,30875.98501490956,8115.61,8137.744846060792,10017.400144576715,6265.410354206557,2020-04-10 06:00:00,2020-04-10 05:30:00,7201.84,7645.144718947597,9171.978510786445,7016.862850385415,2020-04-10 00:00:00,2020-04-10 12:00:00,503974.4594950412,-0.4090321456833974,588.0376442771843,0.09049308183370242
101,"(2, 0, 0, 0, 48, 0, 0)",2688,True,2020-04-11,30876.3035694527,8093.91,7868.986387193992,8897.37803793417,6840.594736453816,2020-04-11 06:00:00,2020-04-11 06:00:00,6881.91,6940.150224444667,7890.381343719576,6774.275568425836,2020-04-11 00:00:00,2020-04-11 08:30:00,331990.2164849296,0.4017054808673607,473.72719938858177,0.08032695536609658
102,"(2, 0, 0, 0, 48, 0, 0)",2688,True,2020-04-12,30885.711380628803,8122.55,8112.979034419009,9148.03213586526,7077.925932972757,2020-04-12 06:00:00,2020-04-12 06:00:00,6729.58,6807.973898000894,7387.734687833816,6660.257064508049,2020-04-12 00:00:00,2020-04-12 00:00:00,206892.6996184796,0.636286355050861,401.0055953528083,0.06791387697428126
103,"(2, 0, 0, 0, 48, 0, 0)",2688,True,2020-04-13,30961.636872665425,8237.26,8404.92451207811,10365.105878911469,6444.743145244753,2020-04-13 06:00:00,2020-04-13 06:00:00,6776.14,6947.519635240258,8260.329018489523,6630.261657881238,2020-04-13 00:00:00,2020-04-13 08:00:00,363362.1462352944,0.30405720662910296,530.8037137826399,0.08599559949570908
104,"(2, 0, 0, 0, 48, 0, 0)",2688,True,2020-04-14,30886.22099537243,8753.41,8500.231597298645,9530.761140137854,7469.702054459437,2020-04-14 06:00:00,2020-04-14 06:00:00,7078.4,7122.646418716723,8073.050386981834,6873.774142220111,2020-04-14 08:00:00,2020-04-14 08:30:00,80843.19118077842,0.8480856717892152,232.70259865442642,0.035590786260799694
105,"(2, 0, 0, 0, 48, 0, 0)",2688,True,2020-04-15,30842.66312941865,8805.66,8447.107294617472,9448.267176320813,7445.94741291413,2020-04-15 06:00:00,2020-04-15 06:00:00,7188.45,7205.249898580391,8137.79804630278,7055.489005969142,2020-04-15 00:00:00,2020-04-15 08:30:00,85624.83358500317,0.832572907855416,242.89882211352077,0.035694573835708114
106,"(2, 0, 0, 0, 48, 0, 0)",2688,True,2020-04-16,30831.9800403377,8675.58,8244.458765436426,9239.136815327176,7249.780715545677,2020-04-16 06:00:00,2020-04-16 06:00:00,7213.45,7217.260594026992,8138.200694779435,7035.404733425724,2020-04-16 09:30:00,2020-04-16 08:30:00,40164.77181618427,0.910486027087494,157.46987421026333,0.022990970259527028
107,"(2, 0, 0, 0, 48, 0, 0)",2688,True,2020-04-17,30812.629859404165,8478.38,8092.717601716652,9068.337365950347,7117.097837482957,2020-04-17 06:00:00,2020-04-17 06:00:00,7254.58,7225.114446133141,7886.599166139153,7079.388992451053,2020-04-17 00:00:00,2020-04-17 00:00:00,57601.825522593754,0.8511383346339818,200.75246430084704,0.029495178417438844
108,"(2, 0, 0, 0, 48, 0, 0)",2688,True,2020-04-18,30826.092278956094,8132.82,8008.516575474246,8984.363937669226,7032.669213279265,2020-04-18 06:00:00,2020-04-18 06:00:00,7096.27,7067.972063613518,7244.7461090241695,6921.8813040780815,2020-04-18 00:00:00,2020-04-18 00:00:00,17234.123855343187,0.9607138929503101,111.95392425345891,0.01779213355652641
109,"(2, 0, 0, 0, 48, 0, 0)",2688,True,2020-04-19,30839.35831808384,8267.96,7978.166264626977,8947.358770042425,7008.973759211529,2020-04-19 06:00:00,2020-04-19 06:00:00,6862.94,6858.941530082384,7120.435810647639,6712.489027899909,2020-04-19 00:00:00,2020-04-19 00:00:00,24061.62396132037,0.9541116473158273,112.78100039001015,0.017830155780749524
110,"(2, 0, 0, 0, 48, 0, 0)",2688,True,2020-04-20,30822.10965007841,8868.11,7962.173533655957,8925.622834155114,6998.7242331567995,2020-04-20 06:00:00,2020-04-20 06:00:00,7450.86,6856.247422622814,7189.962912986793,6710.2639323112935,2020-04-20 09:00:00,2020-04-20 00:00:00,542788.832352637,0.08105850191057007,625.913296205151,0.08523405059488869
111,"(2, 0, 0, 0, 48, 0, 0)",2688,True,2020-04-21,30832.844689654936,8685.43,8497.73294881082,9477.36839024588,7518.097507375762,2020-04-21 06:00:00,2020-04-21 06:00:00,7362.42,7342.170405222126,8009.8328122634875,7195.896009918365,2020-04-21 00:00:00,2020-04-21 00:00:00,32279.48918662715,0.9261147900049835,128.93269126577164,0.01922239916277811
112,"(2, 0, 0, 0, 48, 0, 0)",2688,True,2020-04-22,30813.85272589788,8632.97,8535.837414982821,9511.74795591679,7559.926874048853,2020-04-22 06:00:00,2020-04-22 06:00:00,7202.22,7206.029305267887,7833.726405310367,7060.270724146879,2020-04-22 00:00:00,2020-04-22 00:00:00,31128.780884601747,0.9335177263373919,143.72676467837445,0.02138269328859235
113,"(2, 0, 0, 0, 48, 0, 0)",2688,True,2020-04-23,30778.90057415163,8756.95,8439.371666130784,9381.4998062504,7497.24352601117,2020-04-23 06:00:00,2020-04-23 06:00:00,7287.59,7251.373080801066,7944.464746955391,7106.557086981108,2020-04-23 00:00:00,2020-04-23 00:00:00,56490.27659392803,0.8770743963427069,189.4499511292837,0.027772120311526042
114,"(2, 0, 0, 0, 48, 0, 0)",2688,True,2020-04-24,30771.707200278433,8492.38,8307.415576462525,9240.405766262282,7374.425386662768,2020-04-24 06:00:00,2020-04-24 06:00:00,7238.05,7181.945279365804,7682.24670941781,7037.322460440245,2020-04-24 00:00:00,2020-04-24 00:00:00,28453.987343865516,0.9283650753421805,149.64558595261386,0.021704421895632386
115,"(2, 0, 0, 0, 48, 0, 0)",2688,True,2020-04-25,30754.78912586438,8071.34,8065.152089828362,8998.21726001637,7132.086919640352,2020-04-25 06:00:00,2020-04-25 06:00:00,7174.63,7148.376095236605,7350.255765211095,7004.207977728024,2020-04-25 00:00:00,2020-04-25 00:00:00,70990.28955375687,0.8408937641598888,236.7593673850247,0.03799396259202938
116,"(2, 0, 0, 0, 48, 0, 0)",2688,True,2020-04-26,30743.371152157066,8191.68,8092.840061963479,9024.223601186817,7161.45652274014,2020-04-26 06:00:00,2020-04-26 06:00:00,6679.46,6670.434854494111,7090.0828690289,6526.572727574052,2020-04-26 00:00:00,2020-04-26 00:00:00,86923.80623800556,0.8436086807376519,264.1916335296674,0.041615494080455256
117,"(2, 0, 0, 0, 48, 0, 0)",2688,True,2020-04-27,30737.024654651454,8876.89,8382.34782346109,9294.931846934942,7469.763799987239,2020-04-27 06:00:00,2020-04-27 06:00:00,7311.55,7157.553480762171,8019.300256298143,6554.937349176063,2020-04-27 08:30:00,2020-04-27 09:00:00,61825.88675633071,0.9015819004371515,207.8330356532107,0.028303427865071413
118,"(2, 0, 0, 0, 48, 0, 0)",2688,True,2020-04-28,30671.395781560765,8769.32,8318.937347796764,9171.878212072435,7465.996483521092,2020-04-28 06:00:00,2020-04-28 06:00:00,7380.54,7291.288392538023,7943.218213653599,7149.334258316103,2020-04-28 09:00:00,2020-04-28 00:00:00,128307.49601671398,0.7187635106573576,291.6983206710715,0.040563581138228354
119,"(2, 0, 0, 0, 48, 0, 0)",2688,True,2020-04-29,30660.13669102804,8852.97,8342.515855849024,9191.437656444838,7493.59405525321,2020-04-29 05:30:00,2020-04-29 06:00:00,7504.21,7164.354420687339,7782.369466180922,7022.696987382187,2020-04-29 09:00:00,2020-04-29 00:00:00,287583.8865015314,0.4821255923977005,430.85107585896753,0.05861904360690473
120,"(2, 0, 0, 0, 48, 0, 0)",2688,True,2020-04-30,30669.287143571077,9471.04,8268.521788103722,9125.642346336712,7411.401229870734,2020-04-30 05:30:00,2020-04-30 06:00:00,8244.03,7209.138081976629,7917.315502829215,7067.239744868088,2020-04-30 11:30:00,2020-04-30 00:00:00,958947.8488375405,-0.0781417805236384,813.1431281181771,0.09943754203397885
121,"(2, 0, 0, 0, 48, 0, 0)",2688,True,2020-05-01,30705.55932834359,9826.56,8446.929928274927,9320.93986273967,7572.919993810185,2020-05-01 06:00:00,2020-05-01 06:00:00,8008.42,7763.983450145455,8120.01065260717,7621.125200005933,2020-05-01 08:30:00,2020-05-01 00:00:00,500470.6880564136,0.4424642629357568,632.685770681306,0.07919545554495876
122,"(2, 0, 0, 0, 48, 0, 0)",2688,True,2020-05-02,30729.633497797236,9186.82,8315.17386378768,9184.587826453288,7445.759901122074,2020-05-02 06:00:00,2020-05-02 06:00:00,7830.59,7844.991675995579,7990.990815075287,7701.491571921245,2020-05-02 00:00:00,2020-05-02 00:00:00,201190.58561310612,0.7291828272868175,386.11847242925097,0.052709051662486406
123,"(2, 0, 0, 0, 48, 0, 0)",2688,True,2020-05-03,30743.300479975653,9080.3,8438.508305563624,9313.06325305026,7563.953358076987,2020-05-03 06:00:00,2020-05-03 06:00:00,7389.51,7394.3849929293265,7538.250079491672,7250.519906366981,2020-05-03 00:00:00,2020-05-03 00:00:00,234931.86090065088,0.734993411582421,416.7889109988676,0.061031143973928205
124,"(2, 0, 0, 0, 48, 0, 0)",2688,True,2020-05-04,30756.065347010997,9823.34,8949.165572039423,9815.809986282487,8082.521157796359,2020-05-04 06:00:00,2020-05-04 06:00:00,8481.01,7576.792638382437,8389.711463986518,7183.722087076792,2020-05-04 08:30:00,2020-05-04 08:30:00,236903.64762300035,0.7537530457135154,413.55225918422934,0.0520446549575615
125,"(2, 0, 0, 0, 48, 0, 0)",2688,True,2020-05-05,30755.623672209935,9513.53,8873.232986261624,9703.224370931279,8043.24160159197,2020-05-05 06:00:00,2020-05-05 05:30:00,8373.39,7757.504652183936,8444.169902663998,7613.306099636841,2020-05-05 08:30:00,2020-05-05 00:00:00,134481.08572973704,0.7966925609058011,309.24452203974204,0.03941216777240357
126,"(2, 0, 0, 0, 48, 0, 0)",2688,True,2020-05-06,30767.224878798792,9291.21,9039.138551001302,9875.65738219493,8202.619719807675,2020-05-06 06:00:00,2020-05-06 05:30:00,8242.58,7732.049198167686,8523.874237060829,7513.693009805166,2020-05-06 08:30:00,2020-05-06 08:30:00,160214.25943911017,0.7476378683082088,315.39619685611797,0.0429719716770444
127,"(2, 0, 0, 0, 48, 0, 0)",2688,True,2020-05-07,30792.97882061608,9144.39,9432.814245031945,10273.386406015527,8592.242084048363,2020-05-07 05:30:00,2020-05-07 06:00:00,8350.05,8246.104868893648,9054.867183223756,7541.605681027135,2020-05-07 08:30:00,2020-05-07 09:30:00,346049.9098644917,0.32358840285442325,486.4231079047425,0.06563752015096908
128,"(2, 0, 0, 0, 48, 0, 0)",2688,True,2020-05-08,30810.3232441426,8651.19,9712.246667271533,10560.469219068496,8864.024115474569,2020-05-08 05:30:00,2020-05-08 06:00:00,7631.69,7993.361919485558,8800.386803583722,7318.991499638208,2020-05-08 08:00:00,2020-05-08 08:30:00,549360.9499873882,-0.315488276751698,649.3536929105663,0.0891855814450574
129,"(2, 0, 0, 0, 48, 0, 0)",2688,True,2020-05-09,30784.69235012938,8345.99,9032.920872504263,9894.9945463479,8170.847198660625,2020-05-09 06:00:00,2020-05-09 06:00:00,7325.8,7251.923474416579,7960.077226331493,7106.945799680075,2020-05-09 00:00:00,2020-05-09 00:00:00,220190.42279714206,0.4590722734687114,373.90645962134494,0.05314231535674413
130,"(2, 0, 0, 0, 48, 0, 0)",2688,True,2020-05-10,30774.11956385777,9079.5,8968.417920384441,9840.236233349331,8096.599607419552,2020-05-10 06:00:00,2020-05-10 06:00:00,6940.92,7008.254878555737,7834.996432617652,6810.559006736026,2020-05-10 00:00:00,2020-05-10 08:30:00,51878.70983493867,0.9534480281105671,190.96723538356886,0.029918117383444322
131,"(2, 0, 0, 0, 48, 0, 0)",2688,True,2020-05-11,30758.644394178285,10250.27,9546.630580838322,10420.586379210614,8672.67478246603,2020-05-11 06:00:00,2020-05-11 06:00:00,8989.97,8288.120221442336,9116.2479962046,7459.992446680071,2020-05-11 08:30:00,2020-05-11 08:30:00,141162.45499945688,0.8838129143086252,309.1733010815056,0.03675356565558301
132,"(2, 0, 0, 0, 48, 0, 0)",2688,True,2020-05-12,30769.9234238723,10008.65,9343.226607929771,10219.599548937276,8466.853666922267,2020-05-12 06:00:00,2020-05-12 06:00:00,9137.69,8279.191806222925,9108.868028839044,7881.0896727945355,2020-05-12 08:00:00,2020-05-12 08:30:00,189562.93801901312,0.7764049828329229,332.78265226556624,0.038640025996071144
133,"(2, 0, 0, 0, 48, 0, 0)",2688,True,2020-05-13,30813.718996373405,10195.56,9179.592065354344,10062.603064441428,8296.58106626726,2020-05-13 05:30:00,2020-05-13 06:00:00,8993.15,8232.969775483107,9060.789248816824,7899.494435925833,2020-05-13 08:30:00,2020-05-13 08:00:00,472542.80483449966,0.5043281973552539,616.6422994004655,0.07298334696553267
134,"(2, 0, 0, 0, 48, 0, 0)",2688,True,2020-05-14,30833.191636078787,10376.27,9044.647303250033,9944.41106516865,8144.883541331416,2020-05-14 05:30:00,2020-05-14 05:30:00,9147.15,8399.639900835735,9247.300726475085,8044.446285297108,2020-05-14 08:30:00,2020-05-14 08:30:00,516696.9799905275,0.44745728070829094,621.9023946240433,0.07168832966556109
135,"(2, 0, 0, 0, 48, 0, 0)",2688,True,2020-05-15,30853.381516400033,10242.8,8689.393404701668,9594.4651086491,7784.321700754236,2020-05-15 05:30:00,2020-05-15 06:00:00,8905.39,8079.742255134884,8723.784920300308,7932.902469636118,2020-05-15 08:00:00,2020-05-15 00:00:00,853161.0226356484,0.0782882852879968,803.2061263510747,0.09318864391947283
136,"(2, 0, 0, 0, 48, 0, 0)",2688,True,2020-05-16,30845.765769647704,9255.04,8598.070666619093,9480.39898982918,7715.742343409005,2020-05-16 06:00:00,2020-05-16 06:00:00,8127.14,8240.38562579443,8432.40841189518,8093.751909278196,2020-05-16 00:00:00,2020-05-16 00:00:00,148820.3301913969,0.755241734108695,316.6032801886188,0.04014344742303912
137,"(2, 0, 0, 0, 48, 0, 0)",2688,True,2020-05-17,30871.99282737873,9310.81,9188.049152490641,10072.052344967942,8304.04596001334,2020-05-17 06:00:00,2020-05-17 06:00:00,7771.69,7807.412214186204,8217.25402814251,7660.061304208095,2020-05-17 00:00:00,2020-05-17 00:00:00,44489.17571209653,0.9393613367859374,174.9572995971587,0.02417862389987537
138,"(2, 0, 0, 0, 48, 0, 0)",2688,True,2020-05-18,30861.321302897108,10136.43,9945.044485417422,10822.204283628564,9067.88468720628,2020-05-18 05:30:00,2020-05-18 06:00:00,9000.93,8823.880625442107,9650.625195405677,7997.136055478537,2020-05-18 08:30:00,2020-05-18 08:30:00,176522.73828483722,0.829268296439883,355.8052616602701,0.04512052585692983
139,"(2, 0, 0, 0, 48, 0, 0)",2688,True,2020-05-19,30873.98457172134,9721.22,9865.783583543218,10745.4249370113,8986.142230075136,2020-05-19 05:30:00,2020-05-19 06:00:00,8629.44,8955.000044978307,9776.437535179015,8133.5625547776,2020-05-19 08:30:00,2020-05-19 08:00:00,120769.20887956419,0.8344997390470918,296.5125018295536,0.03877816161606671
140,"(2, 0, 0, 0, 48, 0, 0)",2688,True,2020-05-20,30871.02894822073,9354.23,9977.467992091872,10856.686725109079,9098.249259074664,2020-05-20 05:30:00,2020-05-20 06:00:00,8449.24,8803.573660820774,9631.864246488827,7975.28307515272,2020-05-20 08:30:00,2020-05-20 08:30:00,312876.3580945557,0.47305998549276995,514.9340491201239,0.06676764177082259
141,"(2, 0, 0, 0, 48, 0, 0)",2688,True,2020-05-21,30846.97521990649,10104.44,9934.400670903538,10817.438526171294,9051.362815635783,2020-05-21 05:30:00,2020-05-21 06:00:00,8681.42,8838.610004361968,9664.49358648181,8012.726422242125,2020-05-21 11:30:00,2020-05-21 08:30:00,116203.13541044878,0.8918272622661794,262.33200572772336,0.033897451341509545
142,"(2, 0, 0, 0, 48, 0, 0)",2688,True,2020-05-22,30817.615809206865,10680.81,9885.258418102409,10768.863226565887,9001.65360963893,2020-05-22 05:30:00,2020-05-22 05:30:00,9519.0,8776.526771626515,9595.10091027373,7957.952632979301,2020-05-22 09:00:00,2020-05-22 08:00:00,388490.5011585669,0.6710173512156499,516.6367259437651,0.057505539683911644
143,"(2, 0, 0, 0, 48, 0, 0)",2688,True,2020-05-23,30794.184791710468,10032.05,9201.004081597892,10075.168417821376,8326.839745374407,2020-05-23 05:30:00,2020-05-23 05:30:00,8315.18,8280.218377219127,8863.841175124948,8134.984457089222,2020-05-23 00:00:00,2020-05-23 00:00:00,352125.7917745849,0.6130379305699807,489.0475730880162,0.06031203627647261
144,"(2, 0, 0, 0, 48, 0, 0)",2688,True,2020-05-24,30807.446487353947,9935.7,9170.573548322245,10058.519978170832,8282.627118473658,2020-05-24 06:00:00,2020-05-24 06:00:00,7782.88,7797.8519987209775,8418.513371586185,7652.2602927991775,2020-05-24 00:00:00,2020-05-24 00:00:00,246222.0610581158,0.778050837010173,444.92282652633077,0.0585959837805326
145,"(2, 0, 0, 0, 48, 0, 0)",2688,True,2020-05-25,30809.654401820742,11148.12,9832.696397133706,10727.983415020442,8937.40937924697,2020-05-25 05:30:00,2020-05-25 05:30:00,9384.09,8853.42563737163,9689.940840292626,8016.910434450636,2020-05-25 08:30:00,2020-05-25 08:30:00,482617.0931800118,0.7294076344013636,605.935239121843,0.06749773494922102
146,"(2, 0, 0, 0, 48, 0, 0)",2688,True,2020-05-26,30820.97855428281,10493.34,9603.887697131127,10507.129063893059,8700.646330369196,2020-05-26 05:30:00,2020-05-26 05:30:00,9327.59,8680.986603053088,9524.725650336897,8080.545749896213,2020-05-26 08:30:00,2020-05-26 08:30:00,299834.7693951744,0.6937630295720136,473.0898813480562,0.05497099904716449
147,"(2, 0, 0, 0, 48, 0, 0)",2688,True,2020-05-27,30825.62915604219,10162.61,9362.351852310841,10270.613230086314,8454.09047453537,2020-05-27 05:30:00,2020-05-27 05:30:00,9047.63,8483.171854692257,9332.492459028268,7807.116991639971,2020-05-27 08:00:00,2020-05-27 08:30:00,192982.6075114125,0.8001585431560291,380.75225931103904,0.04481859038173001
148,"(2, 0, 0, 0, 48, 0, 0)",2688,True,2020-05-28,30848.071833179638,9924.68,10072.22291135996,10986.04159597867,9158.404226741251,2020-05-28 06:00:00,2020-05-28 06:00:00,9156.18,8764.754885903012,9618.069253203515,7995.716079014918,2020-05-28 08:00:00,2020-05-28 08:30:00,274186.79229777766,0.688894918145959,389.893570715004,0.05078168228573212
149,"(2, 0, 0, 0, 48, 0, 0)",2688,True,2020-05-29,30844.950885764447,10144.32,10402.141186177845,11321.53154500301,9482.75082735268,2020-05-29 05:30:00,2020-05-29 05:30:00,9263.09,9299.420436785764,10171.819016307341,8427.021857264186,2020-05-29 08:00:00,2020-05-29 09:00:00,123196.5031373382,0.8598885438184438,287.77633326025574,0.034855653453339776
150,"(2, 0, 0, 0, 48, 0, 0)",2688,True,2020-05-30,30842.84736076087,9276.19,9907.456207726345,10825.430751039206,8989.481664413484,2020-05-30 06:00:00,2020-05-30 05:30:00,8238.47,8181.637562916168,9020.517316916612,8035.086490234149,2020-05-30 00:00:00,2020-05-30 00:00:00,432127.7786616799,0.34853407226461675,518.1738901651537,0.07012865208941405
151,"(2, 0, 0, 0, 48, 0, 0)",2688,True,2020-05-31,30857.231388146094,9239.52,9765.44699436484,10701.68396524165,8829.21002348803,2020-05-31 06:00:00,2020-05-31 06:00:00,7678.66,7720.853879172058,8609.786811657757,7501.1657749496735,2020-05-31 09:30:00,2020-05-31 09:00:00,257478.36880027747,0.7013136076184825,461.89931190625657,0.06456872934385774
152,"(2, 0, 0, 0, 48, 0, 0)",2688,True,2020-06-01,30823.507526832967,10238.38,11038.910838978845,11981.470112748275,10096.351565209416,2020-06-01 05:30:00,2020-06-01 05:30:00,8818.94,9347.53874272358,10231.189725733788,8463.887759713372,2020-06-01 08:30:00,2020-06-01 08:30:00,622006.3329898431,0.5167264895203445,748.2880335272986,0.09479458638332394
153,"(2, 0, 0, 0, 48, 0, 0)",2688,True,2020-06-02,30802.422666313876,11588.33,10256.637138522583,11220.104028024742,9293.170249020424,2020-06-02 05:30:00,2020-06-02 05:30:00,10168.95,9156.78615540785,10049.623740752195,8263.948570063505,2020-06-02 08:30:00,2020-06-02 08:30:00,590302.3570652952,0.6909760019361438,651.6037163268711,0.06782015642367727
154,"(2, 0, 0, 0, 48, 0, 0)",2688,True,2020-06-03,30786.963940202695,11001.07,10183.251906313746,11157.07562539557,9209.428187231922,2020-06-03 06:00:00,2020-06-03 06:00:00,9980.18,9143.140505205081,10031.889970589365,8254.391039820797,2020-06-03 08:00:00,2020-06-03 08:00:00,183971.3671467665,0.8748710222131646,329.35870898546926,0.035580977548440106
155,"(2, 0, 0, 0, 48, 0, 0)",2688,True,2020-06-04,30780.57277278851,11241.11,10071.4307240802,11045.71815772254,9097.143290437862,2020-06-04 06:00:00,2020-06-04 06:00:00,10080.57,9268.178392445756,10157.117924302584,8379.238860588928,2020-06-04 08:00:00,2020-06-04 08:00:00,419364.001491487,0.7292622876815569,556.081546341664,0.059781836542800386
156,"(2, 0, 0, 0, 48, 0, 0)",2688,True,2020-06-05,30756.894678683893,10731.79,10367.98267929012,11347.647452890662,9388.317905689579,2020-06-05 06:00:00,2020-06-05 05:30:00,10380.27,9597.30828201806,10490.275118375252,8704.34144566087,2020-06-05 08:00:00,2020-06-05 08:00:00,163062.6722723439,0.8725696933152166,349.47022414540805,0.0399379342578177
157,"(2, 0, 0, 0, 48, 0, 0)",2688,True,2020-06-06,30700.36180750833,10146.86,9645.14825115468,10616.306647059193,8673.989855250167,2020-06-06 06:00:00,2020-06-06 06:00:00,9076.62,8846.85488587357,9452.2353718579,8704.141833658563,2020-06-06 08:30:00,2020-06-06 00:00:00,100929.476595256,0.9033731502192865,266.90712744883064,0.03116089250509554
158,"(2, 0, 0, 0, 48, 0, 0)",2688,True,2020-06-07,30718.72259164069,10356.92,9611.373330276292,11429.293564526142,7793.453096026442,2020-06-07 05:30:00,2020-06-07 06:00:00,8892.33,8251.916339613823,9499.984521502956,8108.615316221774,2020-06-07 09:30:00,2020-06-07 00:00:00,244576.9507983344,0.7807441638311859,406.58148928611763,0.047086710199858516
159,"(2, 0, 0, 0, 48, 0, 0)",2688,True,2020-06-08,30695.618333179475,10470.07,10403.381707322233,11373.135742221755,9433.62767242271,2020-06-08 05:30:00,2020-06-08 05:30:00,8145.39,9217.55388209351,10114.880248036296,8323.991745091345,2020-06-08 08:30:00,2020-06-08 08:30:00,358524.2158610392,0.7302757801431077,486.7159400977407,0.06596753074069282
160,"(2, 0, 0, 0, 48, 0, 0)",2688,True,2020-06-09,30708.28375453008,10836.23,11376.866924639035,12348.480340345945,10405.253508932125,2020-06-09 05:30:00,2020-06-09 05:30:00,9870.27,10106.626314449293,11010.008844080145,9203.243784818442,2020-06-09 08:30:00,2020-06-09 08:30:00,166906.96344911083,0.8714666374639227,364.8097771204869,0.04165830293683145
161,"(2, 0, 0, 0, 48, 0, 0)",2688,True,2020-06-10,30736.650537336434,10755.09,10728.839917761554,11708.193818504855,9749.486017018253,2020-06-10 05:30:00,2020-06-10 06:00:00,9576.2,9766.710945633904,10665.671466810149,8867.75042445766,2020-06-10 08:30:00,2020-06-10 08:00:00,287527.9414358347,0.7579551788729968,439.40652819983706,0.05086944261748697
162,"(2, 0, 0, 0, 48, 0, 0)",2688,True,2020-06-11,30759.880941064133,10366.66,10977.978008157455,11964.03846572447,9991.91755059044,2020-06-11 06:00:00,2020-06-11 06:00:00,9372.92,9838.716498329117,10748.738662431617,8928.694334226617,2020-06-11 08:00:00,2020-06-11 08:00:00,273309.2726477052,0.7274814006880189,454.626921698977,0.053518649495641356
163,"(2, 0, 0, 0, 48, 0, 0)",2688,True,2020-06-12,30750.76520916607,10462.02,10446.081477058291,11447.469506090021,9444.69344802656,2020-06-12 05:30:00,2020-06-12 06:00:00,9530.2,9961.016078950104,10883.378689722069,9038.65346817814,2020-06-12 08:30:00,2020-06-12 08:00:00,237092.25774658902,0.7628539214611141,418.1112351058825,0.04913691492643141
164,"(2, 0, 0, 0, 48, 0, 0)",2688,True,2020-06-13,30715.513433712207,9499.67,9999.960507244412,11009.077865230645,8990.843149258179,2020-06-13 05:30:00,2020-06-13 06:00:00,8347.48,8973.429290697033,9913.985471353002,8256.101191156507,2020-06-13 00:00:00,2020-06-13 08:30:00,338021.2465625879,0.47353452108296845,481.44145010966326,0.061929279765321844
165,"(2, 0, 0, 0, 48, 0, 0)",2688,True,2020-06-14,30726.263039666876,9596.16,10069.738214266645,11099.521787774444,9039.954640758846,2020-06-14 06:00:00,2020-06-14 06:00:00,7920.21,8670.937774325315,9651.08904126436,7694.9583572007905,2020-06-14 10:00:00,2020-06-14 09:30:00,480797.754181071,0.5771231776052523,655.6082189913392,0.09089658106553422
166,"(2, 0, 0, 0, 48, 0, 0)",2688,True,2020-06-15,30756.178166396,10568.08,10145.60762430282,11201.425572585213,9089.789676020428,2020-06-15 05:30:00,2020-06-15 06:00:00,9770.87,8069.921175775184,9043.835500526377,7474.360846386994,2020-06-15 08:00:00,2020-06-15 08:30:00,490879.2655723044,0.6640387995192257,509.0906416308353,0.05990752839163913
167,"(2, 0, 0, 0, 48, 0, 0)",2688,True,2020-06-16,30794.620830516425,10389.26,10571.353945057619,11624.925089506058,9517.78280060918,2020-06-16 06:00:00,2020-06-16 06:00:00,9737.26,9663.873107942329,10646.19053284113,8681.555683043527,2020-06-16 08:00:00,2020-06-16 08:30:00,152803.90362502247,0.8719710236055829,339.63806612810384,0.04335447418439825
168,"(2, 0, 0, 0, 48, 0, 0)",2688,True,2020-06-17,30808.80785634306,11113.26,10416.385382565035,11474.112507678334,9358.658257451736,2020-06-17 05:30:00,2020-06-17 05:30:00,9935.2,9407.482319188899,10392.963737788756,8422.000900589042,2020-06-17 08:00:00,2020-06-17 08:30:00,136557.643870123,0.9032054662555286,307.95802104437786,0.033605332451343485
169,"(2, 0, 0, 0, 48, 0, 0)",2688,True,2020-06-18,30825.809106408036,10755.29,10221.43221186368,11280.527756027574,9162.336667699785,2020-06-18 06:00:00,2020-06-18 06:00:00,9621.32,9209.256632666904,10198.137397989794,8229.913289839358,2020-06-18 08:00:00,2020-06-18 08:30:00,98761.82708322203,0.9260224160185004,279.26787331228803,0.032537090887371965
170,"(2, 0, 0, 0, 48, 0, 0)",2688,True,2020-06-19,30809.65807763546,10301.93,10241.417923307992,11299.573815276073,9183.262031339911,2020-06-19 05:30:00,2020-06-19 06:00:00,10080.42,9419.019465163945,10408.042498743918,8429.996431583972,2020-06-19 08:00:00,2020-06-19 08:30:00,101108.98273346736,0.9029053963953504,236.76902593640025,0.028909429441299806
171,"(2, 0, 0, 0, 48, 0, 0)",2688,True,2020-06-20,30824.464504507974,9664.21,9367.566454525124,10425.942912973866,8309.189996076382,2020-06-20 05:30:00,2020-06-20 05:30:00,8750.76,8348.106937970915,9302.45415450156,8202.066806923543,2020-06-20 09:30:00,2020-06-20 00:00:00,54332.36941106364,0.932841776129389,204.53953350626117,0.026213282747851358
172,"(2, 0, 0, 0, 48, 0, 0)",2688,True,2020-06-21,30826.38075714372,10232.98,9478.14137707849,10533.303188432661,8422.979565724318,2020-06-21 06:00:00,2020-06-21 06:00:00,8630.01,8008.692672470602,9022.257169074404,7583.895018015706,2020-06-21 10:00:00,2020-06-21 10:00:00,273600.3133146308,0.7886426730427426,420.5124726693451,0.050951003912938754
173,"(2, 0, 0, 0, 48, 0, 0)",2688,True,2020-06-22,30852.23680519298,11785.27,10344.208162815261,11394.88193023166,9293.534395398861,2020-06-22 06:00:00,2020-06-22 06:00:00,10324.87,9636.275767927282,10609.449142681617,8664.037855806542,2020-06-22 08:30:00,2020-06-22 08:00:00,712863.1424769132,0.6841134140971734,707.8473802551295,0.07367845554674633
174,"(2, 0, 0, 0, 48, 0, 0)",2688,True,2020-06-23,30861.666911102584,11980.08,10285.638281646061,11350.502474109393,9220.774089182729,2020-06-23 06:00:00,2020-06-23 06:00:00,10670.7,9830.795325673786,10812.349492739784,8849.241158607787,2020-06-23 08:00:00,2020-06-23 08:00:00,990603.0463519582,0.4986220968085212,836.971482496433,0.08583355804332105
175,"(2, 0, 0, 0, 48, 0, 0)",2688,True,2020-06-24,30877.725376656133,11394.18,10867.724820235913,11953.643423631001,9781.806216840825,2020-06-24 05:30:00,2020-06-24 05:30:00,10599.77,9938.854490369538,10933.233137705134,8944.475843033943,2020-06-24 08:00:00,2020-06-24 08:00:00,122081.09586414309,0.9183006501235316,283.56734335751315,0.029697196772644097
176,"(2, 0, 0, 0, 48, 0, 0)",2688,True,2020-06-25,30860.558080504758,11233.08,10622.764855152343,11703.056218956972,9542.473491347715,2020-06-25 06:00:00,2020-06-25 06:00:00,10264.25,9634.867047691045,10621.759108239436,8647.974987142654,2020-06-25 08:00:00,2020-06-25 08:00:00,145868.13866262184,0.9060941543926796,320.77879388983126,0.03457367327086867
177,"(2, 0, 0, 0, 48, 0, 0)",2688,True,2020-06-26,30802.543619184362,11015.04,10283.377497208357,11348.592510876819,9218.162483539896,2020-06-26 05:30:00,2020-06-26 05:30:00,10514.41,10030.556085878286,11002.363775168364,9058.74839658821,2020-06-26 08:00:00,2020-06-26 08:00:00,196403.72848039385,0.8663492163542094,379.89552855777293,0.04049643060208307
178,"(2, 0, 0, 0, 48, 0, 0)",2688,True,2020-06-27,30790.74445577804,10651.08,9740.89507314513,10802.30474120964,8679.485405080619,2020-06-27 06:00:00,2020-06-27 05:30:00,9229.24,8989.417387151178,9979.530299256772,8651.538978971168,2020-06-27 09:30:00,2020-06-27 09:00:00,282340.7534114711,0.7377404918938198,437.14148056970356,0.049307177738118546
179,"(2, 0, 0, 0, 48, 0, 0)",2688,True,2020-06-28,30769.143423417714,10961.22,10251.488901567987,11315.611683576491,9187.366119559483,2020-06-28 06:00:00,2020-06-28 06:00:00,8717.54,8865.54827702086,9866.123856707907,8250.532959443255,2020-06-28 09:00:00,2020-06-28 09:30:00,129874.93614672766,0.9161890057495041,290.7424003688334,0.03321041265641644
180,"(2, 0, 0, 0, 48, 0, 0)",2688,True,2020-06-29,30798.341669838876,11575.8,11589.881065430352,12653.673158953967,10526.088971906738,2020-06-29 05:30:00,2020-06-29 06:00:00,10399.98,10351.611334110165,11331.838916035287,9371.383752185042,2020-06-29 08:30:00,2020-06-29 08:30:00,46184.08487175218,0.9752072784227827,179.73380560772046,0.022079840192981922
181,"(2, 0, 0, 0, 48, 0, 0)",2688,True,2020-06-30,30775.953316312298,11366.71,11717.206700673829,12774.56757081148,10659.845830536178,2020-06-30 06:00:00,2020-06-30 06:00:00,10577.65,10523.23576191791,11482.900167838652,9563.571355997166,2020-06-30 08:30:00,2020-06-30 08:00:00,86792.65881541332,0.9467535939998655,245.93354667371872,0.027650049592062766
182,"(2, 0, 0, 0, 48, 0, 0)",2688,True,2020-07-01,30773.33930940053,10759.78,11125.87796427158,12181.2676649633,10070.48826357986,2020-07-01 06:00:00,2020-07-01 05:30:00,10406.42,10488.394111011221,11443.677310464513,9533.11091155793,2020-07-01 08:00:00,2020-07-01 08:00:00,200220.0855178712,0.8541879140144285,406.29797553830366,0.049236827900211555
183,"(2, 0, 0, 0, 48, 0, 0)",2688,True,2020-07-02,30762.671932381912,10107.38,10817.670758877202,11880.024620301621,9755.316897452783,2020-07-02 06:00:00,2020-07-02 06:00:00,9747.29,10081.73574877554,11035.939556515372,9127.531941035708,2020-07-02 08:00:00,2020-07-02 08:00:00,200352.4791219472,0.8020495321005321,394.8982618604593,0.04686699325708806
184,"(2, 0, 0, 0, 48, 0, 0)",2688,True,2020-07-03,30742.017443246186,10551.08,10629.822410088973,11693.534031607931,9566.110788570015,2020-07-03 06:00:00,2020-07-03 06:30:00,9548.05,10148.966885686204,11096.709122448834,9201.224648923575,2020-07-03 08:00:00,2020-07-03 08:00:00,96318.05325572738,0.9276693794670271,254.26185152008756,0.030856642203792004
185,"(2, 0, 0, 0, 48, 0, 0)",2688,True,2020-07-04,30812.96272378842,10619.09,10241.061655807978,12123.132254708149,8358.991056907807,2020-07-04 06:00:00,2020-07-04 06:00:00,9228.98,8900.859917294725,10236.83553919493,8386.692780333657,2020-07-04 09:00:00,2020-07-04 09:30:00,55671.07470910028,0.9583978089328776,197.41623604387792,0.023066663585676744
186,"(2, 0, 0, 0, 48, 0, 0)",2688,True,2020-07-05,30742.66775339523,10738.32,10713.893455865082,11753.064304547534,9674.72260718263,2020-07-05 06:00:00,2020-07-05 06:00:00,8720.33,8667.613463747963,9619.244399106468,8260.572497362145,2020-07-05 09:00:00,2020-07-05 09:00:00,37761.87348620012,0.9753826051663401,165.0879429327546,0.021796164732233492
187,"(2, 0, 0, 0, 48, 0, 0)",2688,True,2020-07-06,30752.652810718486,11452.33,11208.000085558195,12235.80785054724,10180.19232056915,2020-07-06 05:30:00,2020-07-06 06:00:00,10355.87,10147.075103547188,11080.099509617472,9214.814709551429,2020-07-06 08:30:00,2020-07-06 08:30:00,52543.54942645583,0.970890637936311,171.82046505453945,0.018147300215837815
188,"(2, 0, 0, 0, 48, 0, 0)",2688,True,2020-07-07,30738.80452239319,11444.93,10963.232222012648,11993.31598522135,9933.148458803946,2020-07-07 06:00:00,2020-07-07 06:00:00,10328.11,10365.976138324953,11301.541611175433,9430.410665474474,2020-07-07 08:30:00,2020-07-07 08:30:00,192575.834401948,0.8641670036636675,354.4477263910376,0.03912244523371585
189,"(2, 0, 0, 0, 48, 0, 0)",2688,True,2020-07-08,30734.693966173174,11346.82,10423.6411708866,11458.604522089052,9388.677819684148,2020-07-08 05:30:00,2020-07-08 06:00:00,9960.82,10054.842303064832,10983.884358949768,9125.800247179895,2020-07-08 08:30:00,2020-07-08 08:00:00,701355.8814804754,0.48731159179904815,650.5529640393065,0.06890433095811808
190,"(2, 0, 0, 0, 48, 0, 0)",2688,True,2020-07-09,30746.20298775874,11130.64,10016.746394246304,11062.710970338168,8970.781818154439,2020-07-09 06:00:00,2020-07-09 06:00:00,10327.23,9823.372153559443,10766.208419601318,8880.535887517568,2020-07-09 08:30:00,2020-07-09 08:00:00,485941.5266988617,0.6335103927209536,581.2422919433353,0.062188661034974384
191,"(2, 0, 0, 0, 48, 0, 0)",2688,True,2020-07-10,30750.1798259215,10791.27,10363.041026321978,11413.015922118479,9313.066130525478,2020-07-10 05:30:00,2020-07-10 06:00:00,9978.59,9658.911194911683,10600.638191722754,8717.184198100613,2020-07-10 08:30:00,2020-07-10 08:00:00,456179.40993676655,0.5783997834484156,495.210066927932,0.05478091787173164
192,"(2, 0, 0, 0, 48, 0, 0)",2688,True,2020-07-11,30741.12171649948,10202.43,10350.99098686014,11390.969665845916,9311.012307874365,2020-07-11 05:30:00,2020-07-11 06:00:00,9122.55,9114.439220137832,10077.447513975261,8349.539758463496,2020-07-11 09:30:00,2020-07-11 09:00:00,332422.6092440526,0.6457680018078187,459.24327817862195,0.054787160815730374
193,"(2, 0, 0, 0, 48, 0, 0)",2688,True,2020-07-12,30741.396761252123,10627.94,10605.283373351418,11652.555675268824,9558.011071434012,2020-07-12 06:00:00,2020-07-12 06:00:00,8445.98,8776.368044295083,9753.952082855581,8092.758519559455,2020-07-12 09:30:00,2020-07-12 09:00:00,161366.2403946834,0.8823284166182527,349.0884158482281,0.04418971306458345
194,"(2, 0, 0, 0, 48, 0, 0)",2688,True,2020-07-13,30749.215607078666,11461.61,11133.03455085398,12186.67004804637,10079.39905366159,2020-07-13 06:00:00,2020-07-13 06:00:00,10072.7,10117.862766286558,11093.317364544026,9142.408168029091,2020-07-13 08:30:00,2020-07-13 08:30:00,249833.1819445617,0.8923149249374306,366.08142910390643,0.04910529748499817
195,"(2, 0, 0, 0, 48, 0, 0)",2688,True,2020-07-14,30998.53594097341,11668.99,11048.334299508579,12101.44377047564,9995.224828541517,2020-07-14 06:00:00,2020-07-14 06:00:00,10351.93,9917.578991188906,10886.38664132479,8948.771341053021,2020-07-14 09:30:00,2020-07-14 08:30:00,278742.88083799335,0.8347905349816189,429.4723220859446,0.04495189263749671
196,"(2, 0, 0, 0, 48, 0, 0)",2688,True,2020-07-15,31001.90477360652,11517.67,11026.371753104822,12078.522650591623,9974.220855618021,2020-07-15 06:00:00,2020-07-15 06:00:00,10016.27,9819.10810935702,10789.262930407416,8848.953288306622,2020-07-15 08:30:00,2020-07-15 08:30:00,52576.88328433781,0.9644469319369067,191.87078638052117,0.02116040075882412
197,"(2, 0, 0, 0, 48, 0, 0)",2688,True,2020-07-16,30996.77519810424,11402.02,10832.161018273295,11872.15470604967,9792.167330496919,2020-07-16 06:00:00,2020-07-16 06:00:00,10072.25,10112.150757375424,11072.9554940639,9151.34602068695,2020-07-16 08:30:00,2020-07-16 08:30:00,161345.12402557657,0.8888829344267332,334.4039086668102,0.03709873271222366
198,"(2, 0, 0, 0, 48, 0, 0)",2688,True,2020-07-17,30995.143035676512,10966.79,10551.058853246726,11584.247985917971,9518.884439829542,2020-07-17 06:00:00,2020-07-17 06:00:00,10006.81,9886.700125037614,10839.568018165874,8933.832231909355,2020-07-17 08:30:00,2020-07-17 08:30:00,45591.396929286515,0.9591276764312563,182.82723894890202,0.020214998723050548
199,"(2, 0, 0, 0, 48, 0, 0)",2688,True,2020-07-18,30975.69865291947,10198.37,10170.139784084542,11196.433747052788,9143.845821116296,2020-07-18 06:00:00,2020-07-18 06:00:00,8806.71,9119.5572967229,10083.82790340551,8691.815187874037,2020-07-18 00:00:00,2020-07-18 09:30:00,275625.5677588322,0.7150161519697552,381.9783958033054,0.04999709057617404
200,"(2, 0, 0, 0, 48, 0, 0)",2688,True,2020-07-19,30977.381214677553,10120.36,10489.342110605603,11515.01935226873,9463.664868942476,2020-07-19 06:00:00,2020-07-19 06:00:00,8276.47,8537.512834959653,9492.510412938673,8102.322108340006,2020-07-19 00:00:00,2020-07-19 09:00:00,273808.30819929467,0.7608449380136041,467.81394972602953,0.06184127822509675
201,"(2, 0, 0, 0, 48, 0, 0)",2688,True,2020-07-20,30991.062631022833,11222.65,11171.80427383676,12200.394181806354,10143.214365867167,2020-07-20 06:30:00,2020-07-20 06:00:00,9649.23,9693.765064319385,10636.957651062052,8750.572477576718,2020-07-20 08:00:00,2020-07-20 08:30:00,110661.52883910238,0.9450306254453614,260.2758918736238,0.03340628767700537
202,"(2, 0, 0, 0, 48, 0, 0)",2688,True,2020-07-21,31163.877412046233,11739.02,11461.85144162061,12485.51376769005,10438.189115551171,2020-07-21 06:00:00,2020-07-21 06:00:00,10841.59,10097.747761958813,11050.186386903868,9145.309137013759,2020-07-21 08:00:00,2020-07-21 09:00:00,240390.0552322802,0.8666420849629504,363.25147345928576,0.04050970558871923
203,"(2, 0, 0, 0, 48, 0, 0)",2688,True,2020-07-22,31211.060148427176,11412.82,11292.832006012573,12320.233708132862,10265.430303892284,2020-07-22 06:00:00,2020-07-22 06:00:00,10726.52,9908.75489974117,10865.189274702196,8952.320524780145,2020-07-22 08:00:00,2020-07-22 08:30:00,112257.10264072171,0.9269797609827659,243.58480653647953,0.02632493135732576
204,"(2, 0, 0, 0, 48, 0, 0)",2688,True,2020-07-23,31210.46867791323,11276.89,11228.076191668655,12254.532680588283,10201.619702749027,2020-07-23 06:00:00,2020-07-23 06:30:00,10792.65,9952.87079330405,10910.551822701906,8995.189763906194,2020-07-23 08:00:00,2020-07-23 08:30:00,98673.19446657058,0.9357230708321015,226.55465493364218,0.024980485433127222
205,"(2, 0, 0, 0, 48, 0, 0)",2688,True,2020-07-24,31207.325021247598,10762.03,10796.663080071372,11816.108685975201,9777.217474167543,2020-07-24 06:00:00,2020-07-24 06:00:00,10838.44,9875.381717792612,10824.117279932389,8926.646155652836,2020-07-24 08:30:00,2020-07-24 08:30:00,127361.42512830308,0.9002393287678683,261.08199153723217,0.029581305747336178
206,"(2, 0, 0, 0, 48, 0, 0)",2688,True,2020-07-25,31276.337736088644,10350.39,10011.34735163772,11028.377835890911,8994.316867384528,2020-07-25 05:30:00,2020-07-25 06:00:00,9381.75,8810.528247908118,9757.937768303347,8615.429367170243,2020-07-25 09:30:00,2020-07-25 08:30:00,311864.3394215088,0.6401927256941278,435.2160226341493,0.05062817997249484
207,"(2, 0, 0, 0, 48, 0, 0)",2688,True,2020-07-26,31298.050868319762,10722.49,9771.524779649915,10786.093633387618,8756.955925912212,2020-07-26 06:00:00,2020-07-26 06:00:00,9288.62,8112.654774206571,9063.92130276909,7697.518785879245,2020-07-26 12:00:00,2020-07-26 08:30:00,1734085.6318170445,0.09007910877833969,966.6412422832699,0.10577120216000975
208,"(2, 0, 0, 0, 48, 0, 0)",2688,True,2020-07-27,31338.993171429523,11551.78,10920.40116041164,11975.437226427348,9865.365094395933,2020-07-27 05:30:00,2020-07-27 06:30:00,9657.55,9537.203458970796,10523.550709503303,8550.85620843829,2020-07-27 09:00:00,2020-07-27 08:00:00,884964.2274995701,0.5653395169566723,692.0438320851205,0.07469162342583688
209,"(2, 0, 0, 0, 48, 0, 0)",2688,True,2020-07-28,31345.282042240426,10780.31,11212.574041887336,12282.091105910971,10143.0569778637,2020-07-28 06:00:00,2020-07-28 06:00:00,9792.5,10347.49141620668,11355.461699146981,9339.521133266378,2020-07-28 08:30:00,2020-07-28 08:00:00,247390.30654606587,0.789397141592036,456.0867594245121,0.053317027115018234
210,"(2, 0, 0, 0, 48, 0, 0)",2688,True,2020-07-29,31333.19739317867,10551.31,11014.089533915432,12078.811638881152,9949.367428949712,2020-07-29 06:00:00,2020-07-29 06:30:00,9723.19,10311.099923992006,11318.223634325683,9303.976213658329,2020-07-29 08:00:00,2020-07-29 08:00:00,279867.1870213703,0.7706080431992424,483.5538886757626,0.05790635584635459
211,"(2, 0, 0, 0, 48, 0, 0)",2688,True,2020-07-30,31319.115562070656,10878.42,10896.989992683068,11970.363760280168,9823.616225085967,2020-07-30 06:00:00,2020-07-30 06:30:00,9850.92,10394.821669369981,11406.98528007375,9382.658058666213,2020-07-30 08:00:00,2020-07-30 08:00:00,114947.50238140176,0.9148756373532168,275.30429988816627,0.03326405583692336
212,"(2, 0, 0, 0, 48, 0, 0)",2688,True,2020-07-31,31307.366265169192,10722.05,10583.19091118427,11647.867881391923,9518.513940976618,2020-07-31 06:00:00,2020-07-31 06:30:00,10157.27,10493.567103377904,11496.435875560299,9490.698331195508,2020-07-31 08:00:00,2020-07-31 08:00:00,63767.415729357635,0.950651296639866,192.62526232353335,0.023265639042799064
213,"(2, 0, 0, 0, 48, 0, 0)",2688,True,2020-08-01,31316.731637185032,10056.51,10001.258078998328,11062.137086166027,8940.379071830628,2020-08-01 06:00:00,2020-08-01 06:00:00,8973.87,9066.792703180876,10081.41392147941,8500.43385720002,2020-08-01 08:30:00,2020-08-01 09:00:00,253702.02146199308,0.7740036906027238,385.50554468436604,0.05166934138960818
214,"(2, 0, 0, 0, 48, 0, 0)",2688,True,2020-08-02,31354.229714026253,10337.87,10332.653178976974,11401.852145658384,9263.454212295565,2020-08-02 06:00:00,2020-08-02 06:00:00,8542.46,8769.260054275195,9810.317744541393,8076.9633782018145,2020-08-02 08:30:00,2020-08-02 10:30:00,808907.9396977794,0.3842854984254068,569.0908896884825,0.07915242689761946
215,"(2, 0, 0, 0, 48, 0, 0)",2688,True,2020-08-03,31386.06128390019,10864.97,10908.269806935343,11994.387303405772,9822.152310464913,2020-08-03 06:00:00,2020-08-03 06:00:00,10343.93,9365.558691688744,10401.870898745425,8329.246484632064,2020-08-03 08:00:00,2020-08-03 08:30:00,277094.1622905932,0.815747939832312,389.54528572908634,0.04647029187452054
216,"(2, 0, 0, 0, 48, 0, 0)",2688,True,2020-08-04,31412.136716524263,10702.53,10204.891016313637,11294.430961279735,9115.351071347539,2020-08-04 06:00:00,2020-08-04 06:30:00,9907.17,9442.948677102157,10474.432498983631,8411.464855220682,2020-08-04 08:00:00,2020-08-04 08:00:00,111754.99697285677,0.9208347976841932,291.0741128157244,0.0346071456169593
217,"(2, 0, 0, 0, 48, 0, 0)",2688,True,2020-08-05,31415.394382863276,11544.22,10164.102580013481,11254.662494741611,9073.542665285351,2020-08-05 06:30:00,2020-08-05 06:30:00,10456.54,9483.45649297589,10518.515204841524,8448.397781110258,2020-08-05 08:00:00,2020-08-05 08:00:00,650111.6499048448,0.6577087409458594,694.3121098392124,0.07505715176384437
218,"(2, 0, 0, 0, 48, 0, 0)",2688,True,2020-08-06,,11908.24,20563856326.232876,338563352510.0864,-117275429803.10565,2020-08-06 06:00:00,2020-08-06 11:00:00,10918.13,10285168545.650873,124440334906.41484,-2485020006.7402487,2020-08-06 08:00:00,2020-08-06 11:30:00,1.4985762841404477e+20,-74453649128403.72,10709053770.993788,1140341.2717824525
219,"(2, 0, 0, 0, 48, 0, 0)",2688,True,2020-08-07,31425.90245647834,11880.64,10219.050483569445,11323.174605188906,9114.926361949983,2020-08-07 05:30:00,2020-08-07 06:00:00,10915.28,9856.396227927327,10896.55123592998,8816.241219924676,2020-08-07 09:30:00,2020-08-07 08:00:00,3459490.1899585016,-0.531925761683484,1356.9801711866412,0.1265518756763578
220,"(2, 0, 0, 0, 48, 0, 0)",2688,True,2020-08-08,31492.3535326486,10366.24,9779.549669157768,10966.725961026461,8592.373377289076,2020-08-08 06:00:00,2020-08-08 06:00:00,8569.32,8844.285613005644,9967.858192120184,8416.330287108194,2020-08-08 12:00:00,2020-08-08 08:30:00,772145.2121428777,0.28797834270693945,682.9899969830285,0.08245991894184586
221,"(2, 0, 0, 0, 48, 0, 0)",2688,True,2020-08-09,31497.34276399495,11721.16,10229.878427223126,11429.864470747212,9029.89238369904,2020-08-09 06:00:00,2020-08-09 06:30:00,8410.79,8537.177411427683,9679.486947291613,8063.868269096112,2020-08-09 09:30:00,2020-08-09 08:30:00,1427928.2447956905,0.3859759275093221,950.066540742266,0.10679920772284017
222,"(2, 0, 0, 0, 48, 0, 0)",2688,True,2020-08-10,31501.079732809223,11735.61,10525.878340288482,11743.83493827853,9307.921742298433,2020-08-10 06:00:00,2020-08-10 06:30:00,10253.66,9892.72613125355,11050.19227906838,8735.25998343872,2020-08-10 08:30:00,2020-08-10 08:00:00,620784.9263477556,0.6948374150162384,638.5534126421874,0.06838086416523055
223,"(2, 0, 0, 0, 48, 0, 0)",2688,True,2020-08-11,31458.99218580944,11064.42,10514.49840047032,11730.958258367291,9298.03854257335,2020-08-11 06:30:00,2020-08-11 06:30:00,10038.59,9785.918323901904,10936.328378696016,8635.508269107791,2020-08-11 08:00:00,2020-08-11 08:00:00,305905.76541971834,0.7810747769490426,456.1776382249386,0.05274817906959534
224,"(2, 0, 0, 0, 48, 0, 0)",2688,True,2020-08-12,31486.660321933283,10863.32,11111.806116103086,12324.975902092854,9898.636330113317,2020-08-12 06:00:00,2020-08-12 06:30:00,10024.51,10166.897971009132,11315.179658565688,9018.616283452575,2020-08-12 08:00:00,2020-08-12 08:00:00,324066.5871684597,0.7300397089620907,477.26395192803164,0.055674735611040665
225,"(2, 0, 0, 0, 48, 0, 0)",2688,True,2020-08-13,31487.527830158127,9890.78,11383.706050428676,12603.17792608785,10164.234174769503,2020-08-13 06:30:00,2020-08-13 06:30:00,9382.7,10433.976457439214,11591.302716657212,9276.650198221216,2020-08-13 08:00:00,2020-08-13 08:00:00,800810.2377489331,0.16181361797838034,771.3197170373163,0.09220493034010162
226,"(2, 0, 0, 0, 48, 0, 0)",2688,True,2020-08-14,31511.348617592797,10496.57,11141.006944303035,12388.372934728724,9893.640953877346,2020-08-14 05:30:00,2020-08-14 05:30:00,9505.95,10210.98034547447,11404.377359967395,9017.583330981546,2020-08-14 08:00:00,2020-08-14 08:30:00,670049.32342561,0.3545321608463933,657.4138523351418,0.0748911289528857
227,"(2, 0, 0, 0, 48, 0, 0)",2688,True,2020-08-15,31523.978519115328,9595.14,9976.949522278135,11243.080161644153,8710.818882912117,2020-08-15 06:00:00,2020-08-15 06:00:00,8378.45,8319.392538044347,9536.682832682827,8152.165778413225,2020-08-15 00:00:00,2020-08-15 09:00:00,194725.30177390165,0.7041901085836457,389.28140493545465,0.05004223807088848
228,"(2, 0, 0, 0, 48, 0, 0)",2688,True,2020-08-16,31517.7122019784,9690.76,11031.263469168622,12298.448157071514,9764.078781265729,2020-08-16 06:00:00,2020-08-16 06:00:00,7687.98,8138.816023986562,9363.865188921383,7616.374803728256,2020-08-16 00:00:00,2020-08-16 09:30:00,1232578.4478825766,-0.1597113451469705,968.4845676272699,0.13249063737494768
229,"(2, 0, 0, 0, 48, 0, 0)",2688,True,2020-08-17,31497.18927348216,10247.62,10996.265952397225,12292.21379927565,9700.3181055188,2020-08-17 06:00:00,2020-08-17 06:00:00,9068.67,9640.804336025905,10868.234390277627,8413.374281774184,2020-08-17 07:30:00,2020-08-17 08:30:00,566022.9804988438,0.5700883604437926,653.439673428735,0.08359907082656663
230,"(2, 0, 0, 0, 48, 0, 0)",2688,True,2020-08-18,31529.482874792186,9933.88,10402.77198559436,11704.83719795481,9100.70677323391,2020-08-18 06:00:00,2020-08-18 06:30:00,9352.1,9406.871110081036,10623.329903368487,8190.412316793585,2020-08-18 08:00:00,2020-08-18 08:00:00,139594.45452260788,0.8491021074684376,314.055429557354,0.038545854798038126
231,"(2, 0, 0, 0, 48, 0, 0)",2688,True,2020-08-19,31546.729224845833,10533.06,10361.329295617086,11648.93760030368,9073.720990930493,2020-08-19 06:00:00,2020-08-19 06:00:00,8992.73,9493.08261328595,10699.702596430321,8286.462630141577,2020-08-19 07:30:00,2020-08-19 08:00:00,132219.0873359849,0.890636363622198,265.57674387061644,0.034258785153245146
232,"(2, 0, 0, 0, 48, 0, 0)",2688,True,2020-08-20,31580.882803378234,10685.63,9621.877867168012,10910.855238547521,8332.900495788503,2020-08-20 06:00:00,2020-08-20 06:30:00,9274.45,9075.846468998807,10279.177253258677,8108.634072645804,2020-08-20 08:00:00,2020-08-20 08:00:00,337887.96397274215,0.7481609893671677,493.2608329658486,0.058367132302000656
233,"(2, 0, 0, 0, 48, 0, 0)",2688,True,2020-08-21,31585.634220593463,10454.05,10013.977028512641,11306.00119040739,8721.952866617892,2020-08-21 06:00:00,2020-08-21 06:00:00,9428.21,9168.225123415717,10372.697069014866,8117.487293313542,2020-08-21 08:00:00,2020-08-21 08:00:00,72969.41773200997,0.9307223226159319,243.43001326719414,0.02895354018295956
234,"(2, 0, 0, 0, 48, 0, 0)",2688,True,2020-08-22,31592.64958675589,10765.92,9447.23003582741,10737.764795991296,8156.695275663524,2020-08-22 06:00:00,2020-08-22 06:00:00,8641.93,8518.134911925821,9285.50572159072,8349.667744253526,2020-08-22 08:30:00,2020-08-22 00:00:00,444960.2539736159,0.6704454894868127,549.4715811946852,0.062495161829679464
235,"(2, 0, 0, 0, 48, 0, 0)",2688,True,2020-08-23,31608.413152495137,10662.53,9514.258417334253,10809.716475437473,8218.800359231032,2020-08-23 06:00:00,2020-08-23 06:30:00,8416.79,8369.748029494769,8824.703389706485,8200.786187299285,2020-08-23 00:00:00,2020-08-23 00:00:00,399859.5163068475,0.7236359196215907,526.8114452214587,0.06329986139100978
236,"(2, 0, 0, 0, 48, 0, 0)",2688,True,2020-08-24,31573.962394679336,11149.92,10084.819749083148,11385.848799423375,8783.790698742921,2020-08-24 06:30:00,2020-08-24 06:30:00,9885.99,9057.667982485897,10250.832903507584,7864.503061464209,2020-08-24 08:00:00,2020-08-24 07:30:00,476345.7824229559,0.7187108085778233,595.6312833723456,0.06727707998633044
237,"(2, 0, 0, 0, 48, 0, 0)",2688,True,2020-08-25,31569.56604068342,11500.53,9868.894275163975,11181.068417911287,8556.720132416664,2020-08-25 06:30:00,2020-08-25 06:30:00,10238.02,9351.231949221536,10566.826110221711,8464.97048307968,2020-08-25 08:00:00,2020-08-25 08:00:00,622436.9743396175,0.6267443822845582,626.8860864727831,0.06588654153726743
238,"(2, 0, 0, 0, 48, 0, 0)",2688,True,2020-08-26,31587.414851956382,10933.85,10345.516938606268,11673.587462226484,9017.446414986052,2020-08-26 06:30:00,2020-08-26 06:30:00,10284.21,9257.888940416404,10470.601001919962,8726.210963510457,2020-08-26 08:00:00,2020-08-26 07:30:00,235218.57819821988,0.8404707149791664,366.103852190663,0.04005086991947486
239,"(2, 0, 0, 0, 48, 0, 0)",2688,True,2020-08-27,31603.602207014483,10429.81,10427.922016738734,11758.520751125445,9097.323282352023,2020-08-27 06:30:00,2020-08-27 06:30:00,10167.27,9275.54063881016,10508.76376909111,8483.931384706304,2020-08-27 08:00:00,2020-08-27 08:00:00,98527.98561827715,0.9244052160555699,183.2715661579867,0.020485657147620417
240,"(2, 0, 0, 0, 48, 0, 0)",2688,True,2020-08-28,31603.848048476073,10086.35,10309.581046167248,11639.59867635217,8979.563415982326,2020-08-28 06:30:00,2020-08-28 06:30:00,9207.74,9273.92163678802,10508.959488930277,8198.705489794958,2020-08-28 08:00:00,2020-08-28 08:00:00,139390.69255568561,0.8879055034396715,325.5552420032577,0.04391414831765907
241,"(2, 0, 0, 0, 48, 0, 0)",2688,True,2020-08-29,31611.520873251524,9143.53,10362.78046341773,11687.941939482134,9037.618987353326,2020-08-29 06:30:00,2020-08-29 06:30:00,8584.66,8587.968057526976,9833.677893606098,8381.942601063818,2020-08-29 00:00:00,2020-08-29 08:30:00,665326.1705316699,0.28057617508622035,708.892895023765,0.09657839044083194
242,"(2, 0, 0, 0, 48, 0, 0)",2688,True,2020-08-30,31613.537546781532,8710.85,10072.436913154534,11412.603355667317,8732.27047064175,2020-08-30 06:00:00,2020-08-30 06:30:00,7808.31,8053.826674880607,9310.994740475344,7697.116572205003,2020-08-30 00:00:00,2020-08-30 08:30:00,785849.4929524699,-0.11966791733719129,781.8588861793702,0.10994618802069357
243,"(2, 0, 0, 0, 48, 0, 0)",2688,True,2020-08-31,31614.151295140786,10090.8,10581.189959696767,11944.856737264316,9217.523182129218,2020-08-31 06:00:00,2020-08-31 06:30:00,8170.62,9224.06403177919,10484.939354618637,7963.188708939742,2020-08-31 07:30:00,2020-08-31 08:00:00,309314.284007194,0.7543378364609031,455.39831812097265,0.05909570500459768
244,"(2, 0, 0, 0, 48, 0, 0)",2688,True,2020-09-01,31628.933268041932,10046.14,10503.206680261133,11878.555749046602,9127.857611475665,2020-09-01 06:30:00,2020-09-01 06:30:00,8651.23,9319.990787443834,10590.984845224399,8048.996729663269,2020-09-01 08:00:00,2020-09-01 08:00:00,140198.86811674174,0.8574699534905583,309.8774409094092,0.037557512763939066
245,"(2, 0, 0, 0, 48, 0, 0)",2688,True,2020-09-02,31690.936168514287,9441.79,9534.229762271785,12339.242518537689,6729.217006005882,2020-09-02 06:00:00,2020-09-02 06:30:00,9002.6,9095.189459977228,10854.29523666052,7797.368365021112,2020-09-02 07:30:00,2020-09-02 08:00:00,270311.66753334616,0.6241666676313309,362.12737596202425,0.04927371281891757
246,"(2, 0, 0, 0, 48, 0, 0)",2688,True,2020-09-03,31664.253220574523,9044.16,9322.292492315888,10695.752715316105,7948.8322693156715,2020-09-03 06:00:00,2020-09-03 06:30:00,7983.71,9215.019744018187,10491.383588008835,7945.398909332538,2020-09-03 07:30:00,2020-09-03 08:00:00,503069.5877497541,0.01632619716478534,611.5972618378968,0.08310829016698122
247,"(2, 0, 0, 0, 48, 0, 0)",2688,True,2020-09-04,31674.34699766335,9018.9,9179.007731789223,10556.934620914213,7801.0808426642325,2020-09-04 06:00:00,2020-09-04 06:30:00,7807.13,8457.502370954508,9735.928897839145,7192.952494485688,2020-09-04 08:30:00,2020-09-04 07:30:00,454875.14159822697,0.15984122436344594,565.3095881617983,0.07466435524849209
248,"(2, 0, 0, 0, 48, 0, 0)",2688,True,2020-09-05,31700.336810170113,8385.24,8682.141256260253,10060.33518052098,7303.947331999525,2020-09-05 06:30:00,2020-09-05 06:30:00,7568.55,7658.690906094469,8959.613501195767,7366.311769184875,2020-09-05 00:00:00,2020-09-05 08:00:00,164050.03042250915,0.7398731285205605,353.2485157045732,0.05288133651935023
249,"(2, 0, 0, 0, 48, 0, 0)",2688,True,2020-09-06,31702.31182743548,8678.09,8257.070101863495,9635.43129943103,6878.708904295961,2020-09-06 06:30:00,2020-09-06 06:30:00,7375.86,7343.662420107053,8468.189029560745,7171.728412978046,2020-09-06 00:00:00,2020-09-06 00:00:00,213194.84333411287,0.6359950407304116,389.6036109242603,0.058249166484199366
250,"(2, 0, 0, 0, 48, 0, 0)",2688,True,2020-09-07,31705.481532747915,9284.89,9268.289265229292,10645.345171299601,7891.233359158983,2020-09-07 06:30:00,2020-09-07 06:00:00,8055.33,7860.766322438013,9143.50024154516,6960.496019707961,2020-09-07 07:30:00,2020-09-07 07:30:00,77604.32479776267,0.9041901581043804,222.0388871929042,0.032053724620452174
251,"(2, 0, 0, 0, 48, 0, 0)",2688,True,2020-09-08,31495.334177928096,9031.87,9210.545671630936,10580.546125251709,7840.545218010164,2020-09-08 06:00:00,2020-09-08 06:30:00,7930.65,8180.288640558749,9463.37508957913,7404.624336511191,2020-09-08 07:30:00,2020-09-08 07:30:00,143691.10139710255,0.7566142304319898,306.76641580564325,0.042394665304251976
252,"(2, 0, 0, 0, 48, 0, 0)",2688,True,2020-09-09,31476.529214632217,10255.73,8764.014304560938,10131.198799781681,7396.829809340195,2020-09-09 06:00:00,2020-09-09 06:00:00,8271.91,8380.2843271645,9665.096683679945,7432.4217326129565,2020-09-09 11:00:00,2020-09-09 07:30:00,1027074.9162857604,0.08945916973637047,853.4571263133497,0.1020529684954935
253,"(2, 0, 0, 0, 48, 0, 0)",2688,True,2020-09-10,31475.343096204,9853.68,8553.970246552459,9943.178653650077,7164.761839454841,2020-09-10 06:30:00,2020-09-10 06:00:00,8281.66,7788.405852513552,9056.70068766451,7623.584710132367,2020-09-10 08:00:00,2020-09-10 00:00:00,513150.0582410056,0.4065973408088497,591.947525630234,0.07254151334775187
254,"(2, 0, 0, 0, 48, 0, 0)",2688,True,2020-09-11,31477.168400493138,9144.28,8561.99036179876,9959.403998515181,7164.576725082339,2020-09-11 06:30:00,2020-09-11 06:00:00,8211.58,7893.421291889442,9051.956685735007,7728.544537518134,2020-09-11 08:00:00,2020-09-11 00:00:00,100888.72530265736,0.8252597257871955,246.5908674239755,0.031009993414395972
255,"(2, 0, 0, 0, 48, 0, 0)",2688,True,2020-09-12,31497.864146185348,8467.86,8137.442390501725,9536.856554747843,6738.028226255606,2020-09-12 06:30:00,2020-09-12 06:30:00,7899.39,7953.78585338846,8379.400012657157,7788.272994762772,2020-09-12 00:00:00,2020-09-12 00:00:00,33674.00826665539,0.9481878148303556,157.45046764875988,0.02320729587092162
256,"(2, 0, 0, 0, 48, 0, 0)",2688,True,2020-09-13,31480.192907898476,8655.85,8265.93750568944,9657.313615465404,6874.561395913477,2020-09-13 06:30:00,2020-09-13 06:30:00,7233.11,7292.114044651501,8223.769565590404,7127.144050411433,2020-09-13 00:00:00,2020-09-13 00:00:00,134911.81056333598,0.7892733973822672,310.34050988571204,0.046843905515691946
257,"(2, 0, 0, 0, 48, 0, 0)",2688,True,2020-09-14,31498.857473829943,9021.34,8841.575902120328,10231.35379781222,7451.798006428436,2020-09-14 06:00:00,2020-09-14 06:30:00,7726.31,7866.7243980727535,9169.385738904717,6924.3137133664,2020-09-14 07:30:00,2020-09-14 07:30:00,49901.78899102629,0.9309023580291851,188.95707587197072,0.02795766706099191
258,"(2, 0, 0, 0, 48, 0, 0)",2688,True,2020-09-15,31333.101133054828,9003.34,8520.879023575313,9911.131609841977,7130.62643730865,2020-09-15 06:30:00,2020-09-15 06:30:00,7928.97,7664.951890300733,8962.180333845121,7349.676916098967,2020-09-15 08:00:00,2020-09-15 07:00:00,115151.68668013248,0.8029645001405151,299.79455366790876,0.040948748448422514
259,"(2, 0, 0, 0, 48, 0, 0)",2688,True,2020-09-16,31265.587783485047,8874.04,9430.442193688596,10816.560403567855,8044.323983809335,2020-09-16 06:30:00,2020-09-16 06:00:00,7647.47,7903.425170079062,9221.31019055454,7402.307969071924,2020-09-16 07:30:00,2020-09-16 08:30:00,362833.92203244613,0.366699095235526,514.8035121165836,0.07347867005800277
260,"(2, 0, 0, 0, 48, 0, 0)",2688,True,2020-09-17,31255.773595998704,8847.75,9211.850662609262,10601.098410359158,7822.602914859367,2020-09-17 06:00:00,2020-09-17 06:30:00,7500.84,7837.949748349814,9141.122973615293,7158.706848532414,2020-09-17 08:00:00,2020-09-17 08:00:00,240464.28099066063,0.5507932804286222,423.1054867633796,0.058311352826955785
261,"(2, 0, 0, 0, 48, 0, 0)",2688,True,2020-09-18,31316.863906744016,9001.94,8430.031275906282,11399.669355763144,5470.161109679184,2020-09-18 06:00:00,2020-09-18 06:30:00,7884.54,7629.883005708691,9466.791029629721,7099.603344148415,2020-09-18 08:30:00,2020-09-18 07:30:00,433783.5428194795,0.2340886764543344,493.1186255403606,0.0638589556972619
262,"(2, 0, 0, 0, 48, 0, 0)",2688,True,2020-09-19,31156.472848740974,8110.6,8082.52082170288,9480.981488755207,6684.060154650553,2020-09-19 06:00:00,2020-09-19 06:30:00,7500.74,7627.007636688559,8350.820503206058,7471.682929957083,2020-09-19 00:00:00,2020-09-19 00:00:00,209643.22079818705,0.3571817275148308,412.83157088138313,0.06298630878644025
263,"(2, 0, 0, 0, 48, 0, 0)",2688,True,2020-09-20,31138.431518284895,8369.79,8203.310237148697,9601.112958144842,6805.507516152551,2020-09-20 06:30:00,2020-09-20 06:30:00,7491.4,6930.443291366335,8081.138800422487,6775.639156735784,2020-09-20 10:00:00,2020-09-20 00:00:00,115839.16870915181,0.7751745932844636,256.6218687454491,0.038259995232573764
264,"(2, 0, 0, 0, 48, 0, 0)",2688,True,2020-09-21,31128.73699902231,9072.37,8452.636001036219,9815.596428612258,7089.675573460179,2020-09-21 06:00:00,2020-09-21 06:30:00,7203.59,7454.612633319747,8711.092658543686,6652.8442782798365,2020-09-21 08:00:00,2020-09-21 07:30:00,411654.9023065258,0.46692200713204624,480.6858068892414,0.06530215933206458
265,"(2, 0, 0, 0, 48, 0, 0)",2688,True,2020-09-22,31124.580699535487,8719.37,8506.389051709706,9854.228459153324,7158.549644266087,2020-09-22 06:00:00,2020-09-22 06:30:00,7186.36,7601.4824626106965,8861.002600261896,7110.352448421906,2020-09-22 08:00:00,2020-09-22 08:00:00,115373.20349545048,0.7800229854058283,297.9952538890917,0.04297757370686966
266,"(2, 0, 0, 0, 48, 0, 0)",2688,True,2020-09-23,31122.8700036284,8869.74,8456.37436963435,9802.551951991432,7110.1967872772675,2020-09-23 06:30:00,2020-09-23 06:30:00,7157.96,7393.062431137106,8614.396910981704,6988.524569914933,2020-09-23 00:00:00,2020-09-23 07:00:00,84621.5580988643,0.8689500790335905,256.16338314275885,0.03726836974805792
267,"(2, 0, 0, 0, 48, 0, 0)",2688,True,2020-09-24,31120.530482897666,8974.41,8401.100505751292,9743.239100238272,7058.961911264312,2020-09-24 06:30:00,2020-09-24 06:00:00,7354.75,7316.346688318082,8571.585748941492,7094.892192106143,2020-09-24 07:00:00,2020-09-24 08:00:00,71958.77185237128,0.8993777125457908,197.23622372862124,0.02654040122642785
268,"(2, 0, 0, 0, 48, 0, 0)",2688,True,2020-09-25,31121.40828751577,9089.91,8640.427305430867,9979.023593055157,7301.831017806576,2020-09-25 06:00:00,2020-09-25 06:00:00,7520.51,7658.949947424102,8914.323133801838,7323.398115187293,2020-09-25 00:00:00,2020-09-25 08:00:00,126140.38302835054,0.8083482226191181,293.498500302796,0.037927639486241144
269,"(2, 0, 0, 0, 48, 0, 0)",2688,True,2020-09-26,31093.273040492684,8900.59,7888.807184470872,9231.782931128004,6545.83143781374,2020-09-26 06:30:00,2020-09-26 06:30:00,7779.22,7710.197637067848,8167.581157492937,7556.685906313411,2020-09-26 00:00:00,2020-09-26 00:00:00,193066.8059574849,0.7585746135186799,296.4097004898806,0.03859198208410461
270,"(2, 0, 0, 0, 48, 0, 0)",2688,True,2020-09-27,31067.022063020115,8977.14,8171.019014148261,9511.177882981214,6830.860145315308,2020-09-27 06:30:00,2020-09-27 06:30:00,7461.97,7384.940412378661,8489.261825419548,7232.176480510095,2020-09-27 00:00:00,2020-09-27 00:00:00,258012.60772395556,0.7100315034486702,389.5016131768659,0.05624339893659025
271,"(2, 0, 0, 0, 48, 0, 0)",2688,True,2020-09-28,31042.071459917366,9271.89,8667.331464352863,9985.400292694269,7349.262636011456,2020-09-28 06:30:00,2020-09-28 06:30:00,7531.22,7330.612147015001,8522.251987314256,7093.105508688959,2020-09-28 07:00:00,2020-09-28 07:00:00,130308.40633081629,0.841091588094582,295.69752271859505,0.04051567282482477
272,"(2, 0, 0, 0, 48, 0, 0)",2688,True,2020-09-29,31003.22820120643,9148.04,8373.508844279835,9684.918717449133,7062.098971110538,2020-09-29 06:30:00,2020-09-29 06:30:00,7635.93,7428.044412501392,8335.76101727648,7277.080961944149,2020-09-29 00:00:00,2020-09-29 00:00:00,126916.33519320442,0.8146519315765862,283.5109970471062,0.036700330564761886
273,"(2, 0, 0, 0, 48, 0, 0)",2688,True,2020-09-30,30978.539276771422,9209.73,8445.326593483383,9755.469586575591,7135.183600391176,2020-09-30 06:30:00,2020-09-30 06:30:00,7627.26,7492.377511390436,8349.081821348382,7342.105654053702,2020-09-30 08:00:00,2020-09-30 00:00:00,534842.8893424525,0.08350631535907493,601.8961867215085,0.07717581761841173
274,"(2, 0, 0, 0, 48, 0, 0)",2688,True,2020-10-01,30967.204696969515,8598.69,8389.608862002746,9700.886194266119,7078.331529739373,2020-10-01 06:30:00,2020-10-01 06:30:00,7454.82,7159.753457419066,8270.433365718081,7009.798070860893,2020-10-01 00:00:00,2020-10-01 00:00:00,65996.38213762573,0.883709595563682,224.45443140271388,0.03303063319080565
275,"(2, 0, 0, 0, 48, 0, 0)",2688,True,2020-10-02,30957.93336516765,8271.89,8486.211778524259,9775.91282468133,7196.510732367187,2020-10-02 06:30:00,2020-10-02 06:30:00,7449.29,7462.467126687815,8437.512490673933,7312.768771919986,2020-10-02 00:00:00,2020-10-02 00:00:00,73510.11887813498,0.8362551529302843,255.30245318130937,0.03776470379212136
276,"(2, 0, 0, 0, 48, 0, 0)",2688,True,2020-10-03,30889.962013707314,7926.56,8257.989884962268,9449.766740206796,7066.21302971774,2020-10-03 06:30:00,2020-10-03 06:30:00,7278.53,7196.821808897503,7715.5950429146,7048.999337293255,2020-10-03 00:00:00,2020-10-03 00:00:00,132183.506648529,0.7413736347628681,313.5115888658735,0.0490325097882568
277,"(2, 0, 0, 0, 48, 0, 0)",2688,True,2020-10-04,30880.968789265637,7759.37,8249.15263204864,9424.266197501378,7074.039066595899,2020-10-04 06:30:00,2020-10-04 06:30:00,6730.48,6639.065769002182,7126.466292389778,6491.489225077785,2020-10-04 00:00:00,2020-10-04 00:00:00,123761.4935834679,0.7682952172045685,276.3180398827712,0.042264128535594615
278,"(2, 0, 0, 0, 48, 0, 0)",2688,True,2020-10-05,30882.47335235755,8368.35,8450.311047741396,9585.694945380137,7314.927150102654,2020-10-05 05:30:00,2020-10-05 06:30:00,6408.55,6841.838500227049,7853.2627128710565,6281.864530428553,2020-10-05 00:00:00,2020-10-05 07:00:00,340932.68214798963,0.6380682903641208,484.864797692982,0.07578877005588759
279,"(2, 0, 0, 0, 48, 0, 0)",2688,True,2020-10-06,30915.958998866095,8389.44,8206.314364184183,9334.39254748164,7078.236180886726,2020-10-06 06:00:00,2020-10-06 06:30:00,7558.04,6837.580180144571,7870.128241248292,6653.202994561926,2020-10-06 08:30:00,2020-10-06 07:30:00,586947.0046267874,-0.15627671889127237,584.3441377337907,0.08045487650758024
280,"(2, 0, 0, 0, 48, 0, 0)",2688,True,2020-10-07,30892.729436111622,8451.43,8319.813091069738,9437.651614046574,7201.974568092902,2020-10-07 05:30:00,2020-10-07 06:30:00,7635.66,7069.610342139138,8089.988953076145,6921.707669749238,2020-10-07 08:30:00,2020-10-07 00:00:00,247149.074616321,0.45157833232808575,411.1568616830282,0.05496190697932133
281,"(2, 0, 0, 0, 48, 0, 0)",2688,True,2020-10-08,30892.154287348872,8370.56,8013.152925534077,9121.871672027819,6904.434179040336,2020-10-08 06:30:00,2020-10-08 06:30:00,7561.15,7037.7924534120675,7893.0610244077925,6889.905170323877,2020-10-08 08:00:00,2020-10-08 00:00:00,726294.7089538862,-0.8233044803821725,661.3344263508494,0.09019085938847304
282,"(2, 0, 0, 0, 48, 0, 0)",2688,True,2020-10-09,30930.720531127903,7945.2,7827.508278352147,8940.731424271173,6714.28513243312,2020-10-09 06:30:00,2020-10-09 06:30:00,7189.23,6927.451607710211,7749.129405594432,6778.499428690098,2020-10-09 07:30:00,2020-10-09 00:00:00,201697.87279339702,0.3770397373811598,359.58010095851387,0.05373403720409955
283,"(2, 0, 0, 0, 48, 0, 0)",2688,True,2020-10-10,30960.960357624892,7507.26,7625.6944679706385,8728.024526057448,6523.364409883829,2020-10-10 06:30:00,2020-10-10 06:30:00,6994.45,7046.545271108211,7204.138916503039,6896.751580782169,2020-10-10 00:00:00,2020-10-10 00:00:00,27519.86640430262,0.9358397991460841,125.13550427975736,0.019758191451756633
284,"(2, 0, 0, 0, 48, 0, 0)",2688,True,2020-10-11,30987.27156834142,7788.95,7490.474703891298,8590.043242546753,6390.906165235843,2020-10-11 06:30:00,2020-10-11 06:30:00,6574.99,6513.67644278494,6864.655975870522,6363.147246600776,2020-10-11 00:00:00,2020-10-11 00:00:00,41870.46863578543,0.9216497741326021,168.28421213455405,0.02727681680959077
285,"(2, 0, 0, 0, 48, 0, 0)",2688,True,2020-10-12,30989.747992731216,8336.96,7907.057814881366,8972.790374750963,6841.325255011769,2020-10-12 05:30:00,2020-10-12 06:30:00,7495.45,6403.007361073309,6894.147736649664,6252.40676284392,2020-10-12 07:00:00,2020-10-12 00:00:00,714309.6970305505,-0.3071054359774614,694.188176944851,0.09848121434795358
286,"(2, 0, 0, 0, 48, 0, 0)",2688,True,2020-10-13,30962.465682684364,8544.86,7928.180053392472,8993.1465165999,6863.213590185043,2020-10-13 05:30:00,2020-10-13 06:00:00,7535.09,7147.512732409384,8162.636390686523,6929.401104520066,2020-10-13 07:00:00,2020-10-13 08:00:00,139945.27713411197,0.6972014557587911,266.0733935121369,0.035115440673101135
287,"(2, 0, 0, 0, 48, 0, 0)",2688,True,2020-10-14,30942.871991566557,8231.45,7899.145483418165,8963.184751290895,6835.106215545435,2020-10-14 06:30:00,2020-10-14 05:30:00,7524.35,7171.406586069793,8168.675789021152,6758.075890593933,2020-10-14 07:00:00,2020-10-14 07:30:00,46420.0766306387,0.8793002567701479,179.92976749527665,0.0249631133525782
288,"(2, 0, 0, 0, 48, 0, 0)",2688,True,2020-10-15,30906.40597267833,8520.02,7966.552093842129,9021.040870807277,6912.06331687698,2020-10-15 06:30:00,2020-10-15 06:30:00,7415.91,7124.2592142154035,8124.4876596874055,6775.567805336785,2020-10-15 07:00:00,2020-10-15 08:00:00,160441.60708150733,0.7057566317469386,305.7408098324679,0.04055778954649732
289,"(2, 0, 0, 0, 48, 0, 0)",2688,True,2020-10-16,30922.092583541467,8139.13,7618.450881826038,8669.58243388856,6567.319329763516,2020-10-16 06:00:00,2020-10-16 06:30:00,7793.9,7064.588094425559,7962.962223221544,6915.871409426344,2020-10-16 08:00:00,2020-10-16 00:00:00,459266.2810674316,-0.40719044284634553,554.6225938127981,0.07427231595827716
290,"(2, 0, 0, 0, 48, 0, 0)",2688,True,2020-10-17,30931.207692798816,7898.85,7369.480901678349,8429.94878207356,6309.013021283139,2020-10-17 06:00:00,2020-10-17 06:30:00,7045.53,6997.826776859299,7438.705047862903,6848.857895817061,2020-10-17 00:00:00,2020-10-17 00:00:00,350664.7497501741,0.08528080552612272,464.6104236003989,0.06864984129463436
291,"(2, 0, 0, 0, 48, 0, 0)",2688,True,2020-10-18,30923.20642972387,7833.12,7525.671450913366,8581.831093971821,6469.51180785491,2020-10-18 06:00:00,2020-10-18 06:30:00,6651.1,6662.046709408943,7216.195865548096,6513.299109023448,2020-10-18 09:00:00,2020-10-18 00:00:00,189573.43506970475,0.4921775793881057,357.25508214117036,0.05522631940262218
292,"(2, 0, 0, 0, 48, 0, 0)",2688,True,2020-10-19,30934.29107704459,8265.48,7917.78281593627,8961.601976615086,6873.963655257455,2020-10-19 05:30:00,2020-10-19 06:30:00,7639.93,7191.47295878588,8158.183903717993,6301.260403536694,2020-10-19 07:30:00,2020-10-19 07:00:00,111869.05478229282,0.7661480132995586,264.4359318602988,0.036899721121084146
293,"(2, 0, 0, 0, 48, 0, 0)",2688,True,2020-10-20,30916.615425024378,8263.87,7983.516798279931,9003.15738128632,6964.3130742478115,2020-10-20 05:30:00,2020-10-20 06:30:00,7647.95,7250.342431491396,8199.549833575385,6811.025039558812,2020-10-20 07:00:00,2020-10-20 07:00:00,104876.13067418752,0.7197052428213617,258.2970798852764,0.036046412452517156
294,"(2, 0, 0, 0, 48, 0, 0)",2688,True,2020-10-21,30872.16821336517,8268.43,7966.227573601776,8946.267399097787,6986.1877481057645,2020-10-21 06:30:00,2020-10-21 06:30:00,7411.0,7313.78908523182,8230.210593037024,6965.257057317325,2020-10-21 07:00:00,2020-10-21 07:00:00,45194.06614745111,0.898457869707616,169.4041281384573,0.024272147225594023
295,"(2, 0, 0, 0, 48, 0, 0)",2688,True,2020-10-22,30820.68172519596,8401.0,8162.256182750766,9100.640518736103,7223.871846765429,2020-10-22 05:30:00,2020-10-22 06:30:00,7616.7,7227.446288189161,8106.93145765128,6914.444660650121,2020-10-22 07:00:00,2020-10-22 07:00:00,121716.42190183175,0.7109613685642981,280.07197938580987,0.03907969062484307
296,"(2, 0, 0, 0, 48, 0, 0)",2688,True,2020-10-23,30800.158780093676,8289.45,7905.230112010817,8821.220345050431,6989.239878971202,2020-10-23 05:30:00,2020-10-23 06:30:00,7511.46,7402.881669678194,8262.305788327549,6890.4997130366755,2020-10-23 07:00:00,2020-10-23 07:00:00,66447.47137716033,0.8223530987469385,208.3725430329365,0.028713818432507265
297,"(2, 0, 0, 0, 48, 0, 0)",2688,True,2020-10-24,30779.888195412597,7956.9,7604.669005409287,8511.232416893836,6698.105593924738,2020-10-24 05:30:00,2020-10-24 06:00:00,7377.39,7048.161988554827,7698.464167256077,6903.318824881957,2020-10-24 09:30:00,2020-10-24 00:00:00,292378.1571758748,0.23937300647434123,412.99646189438744,0.058468090667356275
298,"(2, 0, 0, 0, 48, 0, 0)",2688,True,2020-10-25,30801.29621292407,8445.64,7541.9461074818,8443.108884115582,6640.7833308480185,2020-10-25 05:00:00,2020-10-25 06:00:00,7181.91,6670.141488670855,7545.09838863311,6463.676553762864,2020-10-25 10:30:00,2020-10-25 09:00:00,288642.23887398234,0.5783571715497781,449.4468939500467,0.06224813413276731
299,"(2, 0, 0, 0, 48, 0, 0)",2688,True,2020-10-26,30799.921018754867,9324.77,7835.147640284318,8732.984428539412,6937.310852029224,2020-10-26 05:30:00,2020-10-26 06:00:00,8309.25,7317.448880443291,8172.818591804345,6520.1580214838805,2020-10-26 09:30:00,2020-10-26 07:30:00,898899.0947920065,0.11647564230623031,825.8122278524899,0.10182686602643039
300,"(2, 0, 0, 0, 48, 0, 0)",2688,True,2020-10-27,30810.892002572473,8538.05,7950.581371019402,8869.195216637967,7031.967525400837,2020-10-27 06:30:00,2020-10-27 06:30:00,8327.14,7454.2234372298135,8318.54790998581,7210.489041254094,2020-10-27 07:30:00,2020-10-27 07:00:00,198015.2216361582,0.5396766581727358,388.0672769584346,0.05096519270488115
301,"(2, 0, 0, 0, 48, 0, 0)",2688,True,2020-10-28,30785.222193363035,8384.58,7835.089879249761,8756.412574858667,6913.767183640855,2020-10-28 06:00:00,2020-10-28 06:30:00,7888.75,7208.272423749197,8076.173484244461,7026.560925761602,2020-10-28 07:30:00,2020-10-28 07:00:00,312857.09007046436,0.14081528272758548,454.8149408520485,0.06083109659100836
302,"(2, 0, 0, 0, 48, 0, 0)",2688,True,2020-10-29,30802.197287974683,8304.85,8143.4484528774865,9072.779485794907,7214.117419960066,2020-10-29 06:30:00,2020-10-29 06:30:00,7946.32,7358.65885467274,8234.508946919435,6950.0051891912335,2020-10-29 07:00:00,2020-10-29 07:00:00,60780.197017116705,0.8437994063824918,197.90999643759156,0.027525201169947222
303,"(2, 0, 0, 0, 48, 0, 0)",2688,True,2020-10-30,30797.917440226847,7895.61,8080.0743703426315,8997.450523315314,7162.698217369948,2020-10-30 06:30:00,2020-10-30 06:30:00,7525.59,7322.168712806244,8185.3709453317215,7006.1127452927,2020-10-30 07:00:00,2020-10-30 07:00:00,47053.16230754085,0.8147538371917027,181.5772712866764,0.02632557815832264
304,"(2, 0, 0, 0, 48, 0, 0)",2688,True,2020-10-31,30765.85378044106,7711.74,7847.239046119262,8752.348505865817,6942.129586372706,2020-10-31 05:30:00,2020-10-31 05:30:00,7046.39,7054.167636607706,7933.148954775429,6780.449506227911,2020-10-31 08:30:00,2020-10-31 09:00:00,59196.75398854864,0.7978249541496444,196.01308909728877,0.02990810500837576
305,"(2, 0, 0, 0, 48, 0, 0)",2688,True,2020-11-01,30824.01691913938,7780.44,7989.624324907509,8881.2162153331,7098.032434481919,2020-11-01 06:30:00,2020-11-01 06:00:00,6709.47,6858.408708515224,7736.754368937118,6380.001891137248,2020-11-01 09:00:00,2020-11-01 10:30:00,90055.73821316783,0.7496871075981073,234.1197901432754,0.035826997181645046
306,"(2, 0, 0, 0, 48, 0, 0)",2688,True,2020-11-02,30851.48665520903,8131.95,8552.525204396285,9442.123097974882,7662.927310817688,2020-11-02 05:30:00,2020-11-02 06:00:00,7531.28,7570.291910116005,8418.305736366285,6722.278083865725,2020-11-02 07:00:00,2020-11-02 07:30:00,130183.85958240139,0.6831744023910842,309.0509919183253,0.04387061673080927
307,"(2, 0, 0, 0, 48, 0, 0)",2688,True,2020-11-03,30858.619304373133,8130.29,8045.104856224403,8940.205028225126,7150.00468422368,2020-11-03 06:30:00,2020-11-03 06:30:00,7394.48,7572.908511172187,8417.796573567231,6929.437893108373,2020-11-03 07:00:00,2020-11-03 07:00:00,54376.241995242344,0.8793483152419564,193.07502045060923,0.02905606398516868
308,"(2, 0, 0, 0, 48, 0, 0)",2688,True,2020-11-04,30855.786113268667,8379.01,7935.854829803583,8827.97957245843,7043.730087148737,2020-11-04 05:30:00,2020-11-04 06:30:00,7285.73,7270.647831921275,8112.692410956628,6963.631381078593,2020-11-04 07:30:00,2020-11-04 07:00:00,102826.7155825569,0.8017869074054587,262.144958612083,0.0376070401859833
309,"(2, 0, 0, 0, 48, 0, 0)",2688,True,2020-11-05,30834.522557471304,8880.37,7661.85858903304,8524.81621112685,6798.900966939229,2020-11-05 05:30:00,2020-11-05 06:30:00,7948.89,7400.458124357809,8217.492411968546,6847.737526404365,2020-11-05 10:30:00,2020-11-05 07:00:00,687973.5067464059,-0.041956769620501655,712.180905470528,0.08994560414607838
310,"(2, 0, 0, 0, 48, 0, 0)",2688,True,2020-11-06,30809.39544632139,7917.11,7745.652846535462,8619.493654212243,6871.812038858681,2020-11-06 07:00:00,2020-11-06 06:30:00,7737.71,7300.3555585105,8119.406419509975,7154.712343116208,2020-11-06 07:00:00,2020-11-06 00:00:00,55607.167890202756,0.8558245891808464,198.9270892549429,0.02943620902338502
311,"(2, 0, 0, 0, 48, 0, 0)",2688,True,2020-11-07,30780.595514977125,7591.23,7530.199053152037,8399.235778827264,6661.16232747681,2020-11-07 07:00:00,2020-11-07 05:30:00,7074.31,7041.947287098701,7626.341494706029,6897.082162317328,2020-11-07 00:00:00,2020-11-07 00:00:00,118583.08494971543,0.6602295731575827,249.6972754642303,0.041189948798633365
312,"(2, 0, 0, 0, 48, 0, 0)",2688,True,2020-11-08,30828.234228590685,7617.46,7516.181717042743,8388.88816961024,6643.475264475246,2020-11-08 06:30:00,2020-11-08 07:00:00,6618.32,6633.254480427991,7336.326185450543,6487.099726377128,2020-11-08 00:00:00,2020-11-08 00:00:00,162325.6024620477,0.6376813713519298,331.2225740256601,0.056662889473566645
313,"(2, 0, 0, 0, 48, 0, 0)",2688,True,2020-11-09,30792.916722849586,8112.92,7725.594350282799,8601.654121325802,6849.534579239796,2020-11-09 06:30:00,2020-11-09 07:00:00,7494.18,7086.442924589916,7914.434972553919,6438.851053565904,2020-11-09 07:00:00,2020-11-09 07:00:00,59964.15754040581,0.8691195645844894,211.03676805548722,0.0301083647990974
314,"(2, 0, 0, 0, 48, 0, 0)",2688,True,2020-11-10,30795.161231966544,8228.87,7857.104216723631,8733.028906565862,6981.179526881401,2020-11-10 07:00:00,2020-11-10 07:00:00,7380.43,7086.17175993424,7870.664648786645,6940.9142831455365,2020-11-10 07:00:00,2020-11-10 00:00:00,62913.74139492398,0.8659834137416074,218.37087765780703,0.03148831834370298
315,"(2, 0, 0, 0, 48, 0, 0)",2688,True,2020-11-11,30801.96991865102,8594.28,7946.633826683475,8821.195883927128,7072.071769439822,2020-11-11 05:30:00,2020-11-11 06:30:00,7238.41,7025.910126509253,7736.582464542494,6880.46827148004,2020-11-11 07:00:00,2020-11-11 00:00:00,155307.04533718713,0.7236588434955957,343.025740866576,0.0481270776298568
316,"(2, 0, 0, 0, 48, 0, 0)",2688,True,2020-11-12,30794.031132976867,8871.05,8172.117113844795,9033.709956659388,7310.524271030202,2020-11-12 05:30:00,2020-11-12 05:30:00,7443.88,7296.979706994684,8120.669198540342,6896.748052708632,2020-11-12 12:00:00,2020-11-12 07:30:00,212756.75283886222,0.6926416367170496,369.4353524715036,0.04752712153841728
317,"(2, 0, 0, 0, 48, 0, 0)",2688,True,2020-11-13,30781.971238828417,8039.33,7656.424798076115,8517.038614906041,6795.810981246187,2020-11-13 02:00:00,2020-11-13 07:00:00,7873.81,7308.781231439597,8121.30249683618,7111.96619145156,2020-11-13 09:00:00,2020-11-13 07:00:00,693978.3164558563,-1.0975451701425922,623.408203456937,0.083201734244934
318,"(2, 0, 0, 0, 48, 0, 0)",2688,True,2020-11-14,30904.578018085587,7767.03,7574.263084600318,8447.546730519043,6700.979438681592,2020-11-14 07:00:00,2020-11-14 07:00:00,6877.8,6683.653278192617,7232.977284435627,6535.407405506589,2020-11-14 00:00:00,2020-11-14 00:00:00,21470.81438176226,0.9498975927229741,119.84406683029226,0.018114893630152264
319,"(2, 0, 0, 0, 48, 0, 0)",2688,True,2020-11-15,30899.395056414716,8922.88,7596.715241307287,8465.498426947413,6727.932055667161,2020-11-15 05:30:00,2020-11-15 07:00:00,6667.91,6645.876671301458,6912.224931014611,6497.773306397022,2020-11-15 00:00:00,2020-11-15 00:00:00,509367.9695646944,0.5439486756603924,506.39888612329014,0.06836107435800323
320,"(2, 0, 0, 0, 48, 0, 0)",2688,True,2020-11-16,30883.658212192742,11337.12,7917.280980307618,8797.3732095712,7037.1887510440365,2020-11-16 04:30:00,2020-11-16 06:30:00,8859.45,7054.706321243495,7885.165825098312,6626.068346289327,2020-11-16 12:00:00,2020-11-16 07:00:00,4563767.611487296,-0.6418805771826968,1604.25373039698,0.16867346440361697
321,"(2, 0, 0, 0, 48, 0, 0)",2688,True,2020-11-17,31063.123007657225,8338.27,8038.9033895556495,9063.342904642854,7014.463874468446,2020-11-17 05:00:00,2020-11-17 07:00:00,7623.35,7343.837488752277,8076.775907140702,7191.163183266037,2020-11-17 07:00:00,2020-11-17 00:00:00,393666.1031255657,-0.20905945282391292,479.71833311828755,0.06469161940513167
322,"(2, 0, 0, 0, 48, 0, 0)",2688,True,2020-11-18,31063.413345018307,8352.72,8130.24595707186,9164.859323633864,7095.6325905098565,2020-11-18 05:30:00,2020-11-18 05:30:00,7437.95,7017.381335790511,7963.143762373141,6864.699700879601,2020-11-18 07:30:00,2020-11-18 00:00:00,102479.57951056876,0.7573341524885523,259.7692603261732,0.037053950833408726
323,"(2, 0, 0, 0, 48, 0, 0)",2688,True,2020-11-19,31052.1182188956,8998.05,8362.748057592064,9399.22436756452,7326.271747619607,2020-11-19 05:30:00,2020-11-19 05:30:00,7254.94,6995.98270724174,7963.761636730637,6832.812723571264,2020-11-19 07:00:00,2020-11-19 07:00:00,97047.12362986895,0.8683332108560811,245.02035646806817,0.0318320934632439
324,"(2, 0, 0, 0, 48, 0, 0)",2688,True,2020-11-20,31068.989666128466,10404.45,7811.932225181137,8847.748591298645,6776.1158590636305,2020-11-20 04:30:00,2020-11-20 07:00:00,8375.97,7154.524646525694,8123.006763650058,6726.4359315839865,2020-11-20 12:00:00,2020-11-20 07:30:00,2015292.5041946154,-0.15537743308120122,1076.8224945069112,0.11888437646394502
325,"(2, 0, 0, 0, 48, 0, 0)",2688,True,2020-11-21,31143.694408764328,8169.54,7754.511964823944,8848.596425132262,6660.427504515626,2020-11-21 05:00:00,2020-11-21 07:00:00,7217.01,7340.5933101700575,7619.236379675223,7185.617404877222,2020-11-21 00:00:00,2020-11-21 00:00:00,221245.82720282543,0.49653840292860363,376.5823300044065,0.05389349761456097
326,"(2, 0, 0, 0, 48, 0, 0)",2688,True,2020-11-22,31130.31773293591,8868.73,8330.312294676949,9420.275800128624,7240.348789225273,2020-11-22 05:30:00,2020-11-22 05:30:00,6932.35,6745.869333933605,7189.012992984533,6591.278544972167,2020-11-22 12:00:00,2020-11-22 00:00:00,267671.6399906519,0.7294415327674605,441.8200697061955,0.06028831019225835
327,"(2, 0, 0, 0, 48, 0, 0)",2688,True,2020-11-23,31148.551128575826,8674.59,9625.426175571825,10704.704958742761,8546.14739240089,2020-11-23 05:30:00,2020-11-23 04:30:00,8489.89,7975.422850439519,9038.490182874108,6912.35551800493,2020-11-23 12:00:00,2020-11-23 12:00:00,392134.2808666101,0.4308976747438966,508.1669030330195,0.06260004115110693
328,"(2, 0, 0, 0, 48, 0, 0)",2688,True,2020-11-24,31156.023592149715,8263.56,7993.659573823492,9082.781253561374,6904.53789408561,2020-11-24 05:00:00,2020-11-24 06:30:00,7445.31,7224.038165811373,8225.001489784385,6950.931157229395,2020-11-24 08:30:00,2020-11-24 07:00:00,36966.44313690599,0.901659278282812,157.03094644537956,0.02251390186476211
329,"(2, 0, 0, 0, 48, 0, 0)",2688,True,2020-11-25,31165.38422947283,8590.29,8054.019521011546,9139.702525050083,6968.33651697301,2020-11-25 05:30:00,2020-11-25 05:30:00,7476.76,7098.144498384952,8105.099702956473,6918.622299673224,2020-11-25 07:00:00,2020-11-25 07:00:00,111502.27284223295,0.7672886594793875,290.70591656035253,0.039240249012790995
330,"(2, 0, 0, 0, 48, 0, 0)",2688,True,2020-11-26,31141.94518216812,10798.3,8553.714869957377,9623.35369272625,7484.076047188505,2020-11-26 05:00:00,2020-11-26 05:30:00,7975.36,7152.209516518589,8030.99840597516,6997.282499204897,2020-11-26 12:00:00,2020-11-26 00:00:00,1484870.0800368034,0.2495839830294575,932.6440027066219,0.10406469110547174
331,"(2, 0, 0, 0, 48, 0, 0)",2688,True,2020-11-27,31176.68830280024,10117.17,9250.656893471927,10358.380582933833,8142.933204010023,2020-11-27 05:00:00,2020-11-27 04:30:00,7748.86,7609.616208113677,8702.196931307732,7286.6207099165285,2020-11-27 08:30:00,2020-11-27 12:00:00,214860.2501693335,0.8351042659857565,396.79422873321965,0.0479965369483614
332,"(2, 0, 0, 0, 48, 0, 0)",2688,True,2020-11-28,31207.143883647164,12401.82,8121.913570769384,9231.970016110481,7011.857125428287,2020-11-28 04:30:00,2020-11-28 05:00:00,9907.26,7656.630419947953,7908.208894804689,7499.815301696181,2020-11-28 12:00:00,2020-11-28 00:00:00,6824684.08734372,-0.6259451669436693,2089.293141865836,0.2002908127314261
333,"(2, 0, 0, 0, 48, 0, 0)",2688,True,2020-11-29,31287.285708426207,11865.01,8634.33546536642,9919.326190229802,7349.3447405030365,2020-11-29 03:30:00,2020-11-29 05:30:00,10219.28,8408.17346500224,8567.334589262893,8249.012340741589,2020-11-29 12:00:00,2020-11-29 00:00:00,3690853.960172077,-0.45228330679085027,1363.600446994329,0.1332649989693641
334,"(2, 0, 0, 0, 48, 0, 0)",2688,True,2020-11-30,31356.07365866893,8761.81,8224.220596490777,9604.800316717108,6843.640876264446,2020-11-30 05:30:00,2020-11-30 05:30:00,7968.92,7753.207490015934,9104.0804291557,6736.73954677571,2020-11-30 08:00:00,2020-11-30 12:00:00,82791.3276281063,0.8570764490138513,239.9197737272009,0.03138011060494952
335,"(2, 0, 0, 0, 48, 0, 0)",2688,True,2020-12-01,31347.504680508537,11224.11,8169.222811022383,9521.640786471833,6816.804835572934,2020-12-01 04:00:00,2020-12-01 05:30:00,8093.04,7253.191436853518,8443.070666729067,7092.241043151921,2020-12-01 12:00:00,2020-12-01 00:00:00,2315970.753673583,-0.11724613948504059,1153.0050529700345,0.12438997619866472
336,"(2, 0, 0, 0, 48, 0, 0)",2688,True,2020-12-02,31380.608790797465,8707.14,8291.074647434363,9677.760340772908,6904.388954095818,2020-12-02 04:30:00,2020-12-02 05:30:00,7949.62,7605.837642387633,8680.135828587667,7443.894853881201,2020-12-02 08:00:00,2020-12-02 00:00:00,222450.4173581022,0.4570780188478095,390.3567947633264,0.05036883267091319
337,"(2, 0, 0, 0, 48, 0, 0)",2688,True,2020-12-03,31370.878086123434,8504.07,9449.929222545381,10827.577019235516,8072.281425855245,2020-12-03 05:00:00,2020-12-03 05:00:00,7928.29,7629.268386910241,8980.036202971816,6934.469083632806,2020-12-03 09:00:00,2020-12-03 12:00:00,271515.4207516694,0.44606010112446615,442.05930305686843,0.05699895074427786
338,"(2, 0, 0, 0, 48, 0, 0)",2688,True,2020-12-04,31345.341774227716,9843.4,9303.40624506198,10686.738033607135,7920.074456516826,2020-12-04 04:00:00,2020-12-04 05:00:00,7824.7,7331.693182790422,8620.196638002062,7014.595380798897,2020-12-04 12:00:00,2020-12-04 07:30:00,163554.4096887042,0.8427011610385388,333.84547535258076,0.041853295689925074
339,"(2, 0, 0, 0, 48, 0, 0)",2688,True,2020-12-05,31327.688247060396,8138.07,10373.200104249157,11758.2067239068,8988.193484591515,2020-12-05 05:30:00,2020-12-05 04:30:00,7283.62,8569.54906845009,9929.610807525056,7209.487329375122,2020-12-05 10:30:00,2020-12-05 12:00:00,1645706.050796653,-3.074728297764457,1009.2676043530342,0.13274919724835335
340,"(2, 0, 0, 0, 48, 0, 0)",2688,True,2020-12-06,31350.06239906476,8600.69,9890.162561326364,11325.474085688029,8454.8510369647,2020-12-06 05:30:00,2020-12-06 04:00:00,6796.54,8460.711371782094,9868.192577045325,7053.2301665188625,2020-12-06 00:00:00,2020-12-06 12:00:00,2115267.556184884,-1.4592343456059367,1160.1532502894106,0.17884750261603477
341,"(2, 0, 0, 0, 48, 0, 0)",2688,True,2020-12-07,31369.835394448754,9237.17,8238.494135371506,9745.188973642633,6731.799297100379,2020-12-07 05:00:00,2020-12-07 05:30:00,7331.75,7091.452299546689,8470.013971906412,6425.65169814898,2020-12-07 07:30:00,2020-12-07 08:00:00,197031.7298769354,0.7936741802334716,330.0977052069175,0.0411592866746735
342,"(2, 0, 0, 0, 48, 0, 0)",2688,True,2020-12-08,31361.672466697142,7932.34,9363.244950884244,10858.92622153731,7867.563680231178,2020-12-08 05:30:00,2020-12-08 04:00:00,7362.02,7187.081401891363,8649.956438085148,6920.895285044649,2020-12-08 07:00:00,2020-12-08 12:00:00,890810.694801059,-1.7461911727066837,679.8006372833573,0.09743105076913965
343,"(2, 0, 0, 0, 48, 0, 0)",2688,True,2020-12-09,31377.54425079884,8488.24,8049.075200644875,9579.75942759363,6518.3909736961195,2020-12-09 05:30:00,2020-12-09 05:30:00,7259.02,7101.505700286918,8517.230676003763,6878.1793925382235,2020-12-09 07:00:00,2020-12-09 08:00:00,128332.52387146454,0.7541361739582227,289.4722509953885,0.04203801422208969
344,"(2, 0, 0, 0, 48, 0, 0)",2688,True,2020-12-10,31359.15139024993,8552.09,8001.6738092856895,9529.409552881543,6473.938065689836,2020-12-10 05:30:00,2020-12-10 05:30:00,7403.88,7195.79471953782,8603.341607603008,6914.648764270684,2020-12-10 07:00:00,2020-12-10 07:30:00,72808.56227923388,0.8557687531768058,208.03836475427264,0.027865718962459336
345,"(2, 0, 0, 0, 48, 0, 0)",2688,True,2020-12-11,31343.873800971123,7741.04,8536.943409459165,10052.209277900713,7021.677541017619,2020-12-11 07:00:00,2020-12-11 04:00:00,7544.77,7194.190370786859,8677.701317331013,6897.521939459974,2020-12-11 07:30:00,2020-12-11 12:00:00,202629.95916793714,0.16008823620564983,367.7538502857799,0.051596360350152304
346,"(2, 0, 0, 0, 48, 0, 0)",2688,True,2020-12-12,31331.484905365185,7544.04,7790.3789946160905,9315.811695736824,6264.946293495357,2020-12-12 07:30:00,2020-12-12 07:30:00,7057.86,7116.701905593511,8365.176751490446,6956.240416883051,2020-12-12 00:00:00,2020-12-12 00:00:00,275053.90319974424,-0.0901775978856012,425.33399742720985,0.06635044327932059
347,"(2, 0, 0, 0, 48, 0, 0)",2688,True,2020-12-13,31333.230968424483,7679.73,7964.832059566441,9492.230869925013,6437.433249207868,2020-12-13 07:00:00,2020-12-13 05:30:00,6751.07,6805.851832337552,7782.619040527035,6645.338420434325,2020-12-13 00:00:00,2020-12-13 00:00:00,114025.43662443895,0.702152606516216,281.65603919624544,0.04436616258006928
348,"(2, 0, 0, 0, 48, 0, 0)",2688,True,2020-12-14,31370.37254508346,8383.6,8274.763170440754,11192.644831475573,5394.739313599292,2020-12-14 05:30:00,2020-12-14 05:30:00,7885.27,6989.372322011401,9208.263461644248,6542.792171867448,2020-12-14 08:30:00,2020-12-14 07:30:00,214064.4308624745,0.6074900563767551,354.221792614456,0.047239840599671325
349,"(2, 0, 0, 0, 48, 0, 0)",2688,True,2020-12-15,31336.476050302925,9017.32,7587.564019534155,9123.355792592678,6051.772246475632,2020-12-15 04:30:00,2020-12-15 07:30:00,8130.89,7205.670919343927,8358.303557016103,7045.060737258508,2020-12-15 09:30:00,2020-12-15 00:00:00,1340622.0264604918,-0.9987031903760055,978.3726311249799,0.11938625353587255
350,"(2, 0, 0, 0, 48, 0, 0)",2688,True,2020-12-16,31357.070823851085,9645.14,7988.871376064869,9538.03521024259,6439.707541887148,2020-12-16 03:00:00,2020-12-16 05:30:00,8748.02,7429.357551776143,8497.28638429661,7268.131418646965,2020-12-16 12:00:00,2020-12-16 00:00:00,2024488.3826526029,-0.9925016607384411,1162.2159594483237,0.13375264949066532
351,"(2, 0, 0, 0, 48, 0, 0)",2688,True,2020-12-17,31424.253055524656,10753.58,8092.2488645008325,9677.251215958313,6507.246513043352,2020-12-17 04:00:00,2020-12-17 06:00:00,9082.91,7456.258081594589,8613.182815207609,7293.005175902987,2020-12-17 12:00:00,2020-12-17 00:00:00,3287545.78804698,-0.5508245047420064,1518.8829160838995,0.16025315960731937
352,"(2, 0, 0, 0, 48, 0, 0)",2688,True,2020-12-18,31467.699631901414,9970.53,7547.227724056274,9188.018093505067,5913.789169926578,2020-12-18 02:30:00,2020-12-18 06:30:00,9967.25,7942.520474179089,8829.85386858237,7777.944651436467,2020-12-18 10:00:00,2020-12-18 00:00:00,2572805.165211081,-1.1213123495986692,1296.8190040155148,0.14040867293577308
353,"(2, 0, 0, 0, 48, 0, 0)",2688,True,2020-12-19,31537.457904534298,7731.91,7386.30669269016,9075.822122691518,5696.791262688803,2020-12-19 05:30:00,2020-12-19 07:30:00,7412.16,7316.663892793081,8411.781139232417,7149.939931158976,2020-12-19 09:30:00,2020-12-19 00:00:00,143995.90896063726,0.3194971306056412,324.2955049369869,0.04546436480386314
354,"(2, 0, 0, 0, 48, 0, 0)",2688,True,2020-12-20,31526.543042839352,7931.83,7455.66598107003,9139.522750466605,5771.809211673455,2020-12-20 05:30:00,2020-12-20 07:00:00,6961.24,6738.092054458562,8094.392453904756,6571.706006053273,2020-12-20 09:30:00,2020-12-20 00:00:00,79644.00825605892,0.7931602606739752,248.18901630888863,0.0356699172486576
355,"(2, 0, 0, 0, 48, 0, 0)",2688,True,2020-12-21,31541.23844194718,8664.85,7797.67265116406,9470.47395984344,6124.871342484679,2020-12-21 05:00:00,2020-12-21 05:30:00,8129.97,7407.149374302827,8982.540786392216,6728.846985832974,2020-12-21 12:00:00,2020-12-21 10:00:00,337764.8610634855,0.49073410784645566,514.3440407326317,0.06585628615919269
356,"(2, 0, 0, 0, 48, 0, 0)",2688,True,2020-12-22,31526.761375327093,8198.66,8312.897508809905,9964.256958433354,6661.538059186456,2020-12-22 05:30:00,2020-12-22 04:30:00,7747.07,7570.838179382512,9144.811413195199,7146.423610904357,2020-12-22 09:30:00,2020-12-22 09:30:00,86413.65284353167,0.7281995181557928,245.20269428328461,0.034793936039251135
357,"(2, 0, 0, 0, 48, 0, 0)",2688,True,2020-12-23,31549.121489164143,8091.53,8550.860434695594,10192.392686244728,6909.32818314646,2020-12-23 05:30:00,2020-12-23 05:00:00,7112.6,7656.063037068298,9244.817103278894,6841.141882802497,2020-12-23 00:00:00,2020-12-23 12:00:00,611361.4679259264,-0.5538072374978626,613.4808235925874,0.09051301100069864
358,"(2, 0, 0, 0, 48, 0, 0)",2688,True,2020-12-24,31559.963052414212,8150.75,9158.366776792884,10808.765107476736,7507.968446109031,2020-12-24 05:30:00,2020-12-24 05:30:00,7154.43,7906.05924287549,9501.236113275383,6958.489728527415,2020-12-24 00:00:00,2020-12-24 12:00:00,1082228.88348339,-1.5277087487310728,920.0138912037223,0.13245229089347468
359,"(2, 0, 0, 0, 48, 0, 0)",2688,True,2020-12-25,31571.53170842144,6615.29,8347.512587919364,10015.821510670774,6679.203665167955,2020-12-25 10:00:00,2020-12-25 04:30:00,6932.8,8072.596322081829,9641.593479033281,6782.725356654636,2020-12-25 00:00:00,2020-12-25 10:00:00,2775283.359215305,-14.154617284908301,1483.3122485995998,0.2506951874275129
360,"(2, 0, 0, 0, 48, 0, 0)",2688,True,2020-12-26,31593.343023153277,7264.5,7593.83906194448,9329.464047358602,5858.214076530357,2020-12-26 07:00:00,2020-12-26 06:30:00,6458.33,6903.92808419375,8501.090916899933,6339.6346133624575,2020-12-26 00:00:00,2020-12-26 09:30:00,539461.8528199681,-0.4654157496116298,676.2459929758203,0.11344901040467281
361,"(2, 0, 0, 0, 48, 0, 0)",2688,True,2020-12-27,31547.52364981368,8598.21,7781.390737233312,9525.82169556907,6036.959778897554,2020-12-27 05:00:00,2020-12-27 06:30:00,6497.69,6569.494878295228,8218.470041596102,6254.729673869151,2020-12-27 00:00:00,2020-12-27 09:30:00,299093.01615009335,0.744225178110677,468.53019642575356,0.07303896434672538
362,"(2, 0, 0, 0, 48, 0, 0)",2688,True,2020-12-28,31546.668315769195,7766.12,7874.503899690015,9611.660129690248,6137.610570253622,2020-12-28 04:30:00,2020-12-28 05:30:00,6769.06,7156.873766660833,8831.18578002337,6538.775889849431,2020-12-28 00:00:00,2020-12-28 12:00:00,116579.5702727086,0.5915610267387804,302.7299059275332,0.04516320790416926
363,"(2, 0, 0, 0, 48, 0, 0)",2688,True,2020-12-29,31583.111866505453,7690.68,7101.696244957275,10234.066931998388,4043.9096046800205,2020-12-29 05:30:00,2020-12-29 05:30:00,7054.28,6669.136535717826,8984.136271685906,6448.68840058761,2020-12-29 08:30:00,2020-12-29 09:30:00,141860.51791189992,0.584445325807144,342.62935195641154,0.04918875811352963
364,"(2, 0, 0, 0, 48, 0, 0)",2688,True,2020-12-30,31555.027904725925,7757.12,7564.222247277444,9287.279980198564,5841.164514356324,2020-12-30 05:30:00,2020-12-30 05:30:00,7030.01,6886.076567104455,8332.703955813857,6718.807785441835,2020-12-30 10:00:00,2020-12-30 00:00:00,68045.3324468092,0.7923671691712647,211.3131334413234,0.03223835427302721
