date,true_peak,pred_peak,true_peak_time,pred_peak_time
2010-01-02,9294.07,9010.12,16:30:00,14:30:00
2010-01-03,8247.61,8414.36,11:00:00,11:30:00
2010-01-04,9468.92,10200.1,11:00:00,15:30:00
2010-01-05,10687.29,10736.14,15:00:00,16:00:00
2010-01-06,10879.15,10706.29,16:00:00,15:30:00
2010-01-07,9864.35,10132.34,12:30:00,15:00:00
2010-01-08,10659.19,10774.1,16:00:00,15:30:00
2010-01-09,11524.52,10525.52,16:00:00,16:00:00
2010-01-10,10976.44,10794.2,15:00:00,17:00:00
2010-01-11,11671.17,12244.08,16:00:00,16:00:00
2010-01-12,13700.02,13227.59,16:00:00,15:30:00
2010-01-13,12199.36,12684.03,12:30:00,15:30:00
2010-01-14,10118.95,9863.77,15:00:00,12:30:00
2010-01-15,10593.74,10806.29,15:00:00,15:30:00
2010-01-16,9625.75,9180.25,13:00:00,15:00:00
2010-01-17,9170.4,9534.73,13:00:00,16:00:00
2010-01-18,9840.73,10721.2,10:00:00,14:30:00
2010-01-19,9695.51,10227.38,11:00:00,15:30:00
2010-01-20,10819.11,11156.15,16:00:00,16:00:00
2010-01-21,12758.95,11688.67,16:00:00,16:00:00
2010-01-22,13765.04,13307.23,15:00:00,15:30:00
2010-01-23,12278.96,12603.46,14:00:00,15:00:00
2010-01-24,9004.24,8810.15,16:00:00,19:30:00
2010-01-25,11418.89,11649.1,16:00:00,16:00:00
2010-01-26,11504.61,10102.15,16:00:00,16:30:00
2010-01-27,11681.57,11601.38,13:30:00,16:00:00
2010-01-28,11452.11,10982.61,13:30:00,15:00:00
2010-01-29,11453.22,12140.76,15:30:00,13:30:00
2010-01-30,9461.36,9115.9,16:00:00,11:00:00
2010-01-31,9749.46,9000.01,15:30:00,16:00:00
2010-02-01,11580.28,11398.55,14:00:00,15:00:00
2010-02-02,10625.12,11162.07,12:30:00,16:00:00
2010-02-03,11024.02,10945.15,16:00:00,15:30:00
2010-02-04,11138.52,11077.23,13:30:00,14:00:00
2010-02-05,11530.39,11170.32,13:30:00,13:30:00
2010-02-06,9326.52,9150.14,11:00:00,10:30:00
2010-02-07,9282.9,9011.0,17:30:00,18:00:00
2010-02-08,11299.68,11389.34,16:00:00,15:30:00
2010-02-09,11879.3,11549.14,16:00:00,15:30:00
2010-02-10,12394.02,12222.74,16:00:00,15:30:00
2010-02-11,12606.64,12608.26,15:00:00,16:00:00
2010-02-12,13134.81,13712.59,16:00:00,15:30:00
2010-02-13,9696.85,9760.78,11:00:00,10:30:00
2010-02-14,9719.52,9078.72,17:00:00,17:30:00
2010-02-15,12043.83,11547.85,16:00:00,13:30:00
2010-02-16,10450.24,11216.72,13:30:00,13:30:00
2010-02-17,10621.94,10835.54,16:00:00,16:00:00
2010-02-18,10150.35,10574.18,14:00:00,15:30:00
2010-02-19,10138.04,10392.46,12:30:00,16:00:00
2010-02-20,9724.24,9574.67,15:30:00,16:00:00
2010-02-21,10992.0,9689.2,17:00:00,17:00:00
2010-02-22,13377.27,13189.0,15:30:00,16:00:00
2010-02-23,11563.93,12454.2,11:30:00,15:30:00
2010-02-24,10103.82,10677.35,11:00:00,14:00:00
2010-02-25,10251.46,10272.42,11:00:00,15:30:00
2010-02-26,10217.14,10229.22,11:00:00,11:30:00
2010-02-27,10028.25,9914.74,16:00:00,16:00:00
2010-02-28,9513.77,9834.13,14:00:00,15:00:00
2010-03-01,9813.83,9837.85,11:00:00,12:30:00
2010-03-02,9559.15,9950.22,10:30:00,13:30:00
2010-03-03,9806.22,10063.75,11:00:00,16:00:00
2010-03-04,10110.66,10418.92,16:00:00,16:00:00
2010-03-05,10338.46,10387.0,09:30:00,13:30:00
2010-03-06,9859.15,9557.3,16:00:00,16:00:00
2010-03-07,9182.18,9136.69,12:00:00,15:30:00
2010-03-08,11054.9,10743.83,16:00:00,15:30:00
2010-03-09,10747.42,11071.76,16:00:00,15:30:00
2010-03-10,9913.53,9938.82,09:30:00,12:30:00
2010-03-11,9612.66,9839.56,11:00:00,11:00:00
2010-03-12,9735.27,9667.49,10:00:00,10:30:00
2010-03-13,8823.41,9049.21,10:00:00,10:30:00
2010-03-14,8559.36,8618.23,19:00:00,19:00:00
2010-03-15,10098.36,10002.43,13:30:00,13:00:00
2010-03-16,10262.78,10358.22,15:30:00,15:30:00
2010-03-17,10325.68,10250.63,15:30:00,15:30:00
2010-03-18,10438.12,10476.4,16:00:00,15:30:00
2010-03-19,10831.75,10451.42,16:00:00,15:30:00
2010-03-20,10045.89,9984.04,16:00:00,16:00:00
2010-03-21,10102.26,10159.88,19:00:00,16:00:00
2010-03-22,10358.94,10255.96,13:30:00,13:00:00
2010-03-23,10861.24,10687.81,16:00:00,15:30:00
2010-03-24,10373.77,10419.93,14:00:00,15:30:00
2010-03-25,10597.84,10673.34,15:30:00,15:30:00
2010-03-26,11592.51,11154.27,15:30:00,15:30:00
2010-03-27,9799.45,10043.54,15:30:00,16:00:00
2010-03-28,9819.44,10139.71,15:30:00,17:00:00
2010-03-29,10652.74,10934.09,11:00:00,16:00:00
2010-03-30,10221.29,10219.99,11:00:00,12:00:00
2010-03-31,9851.39,10052.08,10:00:00,11:00:00
2010-04-01,9634.49,9828.94,13:00:00,10:30:00
2010-04-02,8236.87,8278.49,18:30:00,19:00:00
2010-04-03,8317.03,8392.97,09:30:00,10:00:00
2010-04-04,8240.28,8280.73,18:30:00,19:00:00
2010-04-05,8838.39,8897.03,18:30:00,18:30:00
2010-04-06,9755.45,9853.5,18:30:00,18:30:00
2010-04-07,9789.56,9752.51,18:30:00,18:30:00
2010-04-08,9909.16,9818.8,18:30:00,18:30:00
2010-04-09,9621.02,9806.54,10:30:00,11:00:00
2010-04-10,8946.08,9090.01,18:30:00,18:30:00
2010-04-11,8841.74,8995.66,18:30:00,18:30:00
2010-04-12,9755.15,9996.58,18:30:00,18:30:00
2010-04-13,9805.49,9891.41,18:30:00,18:30:00
2010-04-14,9789.42,9841.66,18:30:00,18:30:00
2010-04-15,9827.25,9920.85,18:30:00,18:30:00
2010-04-16,9673.39,9579.77,12:00:00,11:30:00
2010-04-17,9042.68,8980.01,18:30:00,18:30:00
2010-04-18,9074.94,9031.07,18:30:00,18:30:00
2010-04-19,10219.65,10213.91,18:30:00,18:30:00
2010-04-20,10099.34,10427.12,18:00:00,18:30:00
2010-04-21,10021.37,10125.6,18:30:00,18:30:00
2010-04-22,10192.43,10067.63,18:30:00,18:30:00
2010-04-23,9873.68,9852.02,14:30:00,18:00:00
2010-04-24,8914.15,8897.47,18:30:00,18:30:00
2010-04-25,8702.75,9107.22,18:30:00,18:30:00
2010-04-26,9173.9,8804.72,18:30:00,18:30:00
2010-04-27,10227.81,10297.52,18:30:00,18:30:00
2010-04-28,9914.36,10284.91,18:30:00,18:30:00
2010-04-29,10047.07,10095.03,18:30:00,18:30:00
2010-04-30,9993.32,10162.37,18:00:00,18:30:00
2010-05-01,9130.96,9344.76,18:30:00,18:30:00
2010-05-02,9257.33,9238.42,18:30:00,18:30:00
2010-05-03,10251.33,10381.37,18:00:00,18:30:00
2010-05-04,10125.57,10049.91,18:30:00,18:00:00
2010-05-05,10226.26,10090.0,18:30:00,18:30:00
2010-05-06,10351.52,10322.29,18:30:00,18:30:00
2010-05-07,9959.11,10130.96,18:00:00,18:30:00
2010-05-08,9303.68,9487.87,18:30:00,18:30:00
2010-05-09,9095.66,9352.3,18:30:00,18:30:00
2010-05-10,10268.92,10461.25,18:00:00,18:30:00
2010-05-11,10294.59,10175.06,18:00:00,18:30:00
2010-05-12,10745.74,10766.75,18:00:00,18:30:00
2010-05-13,10747.02,10889.43,18:30:00,18:30:00
2010-05-14,10463.06,10167.39,18:00:00,18:00:00
2010-05-15,9732.1,9653.56,18:00:00,18:30:00
2010-05-16,9919.82,9911.74,18:30:00,18:30:00
2010-05-17,11346.36,10975.05,18:00:00,18:30:00
2010-05-18,11303.47,11258.15,18:00:00,18:30:00
2010-05-19,10968.15,11349.0,18:00:00,18:00:00
2010-05-20,10888.93,10895.1,18:00:00,18:30:00
2010-05-21,10633.79,10639.59,18:00:00,18:30:00
2010-05-22,10304.9,10295.47,18:00:00,18:30:00
2010-05-23,10535.32,9944.51,18:30:00,18:30:00
2010-05-24,11422.97,10985.31,18:00:00,18:30:00
2010-05-25,11196.83,11499.01,18:00:00,18:30:00
2010-05-26,11460.55,11256.13,18:00:00,18:00:00
2010-05-27,11081.58,11134.94,18:30:00,18:30:00
2010-05-28,10598.6,10797.49,18:00:00,18:00:00
2010-05-29,10399.93,10448.41,18:00:00,18:00:00
2010-05-30,10406.22,10733.63,18:00:00,18:30:00
2010-05-31,11422.61,11499.24,18:00:00,18:00:00
2010-06-01,11168.48,11485.42,18:00:00,18:00:00
2010-06-02,11081.29,11159.36,18:00:00,18:00:00
2010-06-03,11260.84,11182.75,18:00:00,18:30:00
2010-06-04,11191.34,10796.0,18:00:00,18:00:00
2010-06-05,10180.12,10399.48,18:00:00,18:30:00
2010-06-06,10840.73,10583.41,18:30:00,18:30:00
2010-06-07,11999.54,11652.76,18:00:00,18:30:00
2010-06-08,11686.68,11634.88,18:00:00,18:00:00
2010-06-09,12065.1,11967.49,18:00:00,18:00:00
2010-06-10,12008.32,12121.45,19:00:00,18:00:00
2010-06-11,11817.31,11938.87,18:00:00,18:00:00
2010-06-12,11293.94,10972.76,18:00:00,18:00:00
2010-06-13,10991.36,11451.99,18:30:00,18:30:00
2010-06-14,11532.19,11057.87,18:30:00,18:30:00
2010-06-15,12095.6,12321.03,18:00:00,18:30:00
2010-06-16,11616.31,11965.85,18:00:00,18:30:00
2010-06-17,11839.86,11579.5,18:00:00,18:30:00
2010-06-18,11528.12,11725.27,18:30:00,18:30:00
2010-06-19,10864.03,11060.04,18:30:00,18:30:00
2010-06-20,10903.94,10973.18,18:30:00,18:30:00
2010-06-21,12119.29,12036.15,18:00:00,18:30:00
2010-06-22,11953.04,12032.25,18:00:00,18:00:00
2010-06-23,11786.99,12069.39,18:00:00,18:00:00
2010-06-24,11362.0,11986.36,18:00:00,18:30:00
2010-06-25,11018.5,11438.34,18:00:00,18:30:00
2010-06-26,10593.48,10902.73,18:30:00,18:30:00
2010-06-27,11560.79,10923.31,18:30:00,18:30:00
2010-06-28,12829.69,12176.48,18:30:00,18:30:00
2010-06-29,13176.33,12847.12,18:30:00,18:30:00
2010-06-30,13037.62,13106.15,18:30:00,18:30:00
2010-07-01,12744.95,13091.0,18:30:00,18:30:00
2010-07-02,12908.12,12810.03,18:00:00,18:30:00
2010-07-03,11682.35,11827.37,18:30:00,18:30:00
2010-07-04,11411.94,11771.09,18:30:00,18:30:00
2010-07-05,12386.49,12145.6,18:00:00,18:30:00
2010-07-06,12195.8,12605.31,18:30:00,18:30:00
2010-07-07,12168.86,12327.63,18:30:00,18:30:00
2010-07-08,12158.8,12319.65,18:30:00,18:30:00
2010-07-09,11570.54,11926.78,18:00:00,18:30:00
2010-07-10,10856.63,10941.75,18:00:00,18:30:00
2010-07-11,10589.15,10879.87,18:30:00,18:30:00
2010-07-12,11579.28,12036.32,18:30:00,18:30:00
2010-07-13,11449.75,11519.01,18:00:00,18:30:00
2010-07-14,11364.2,11558.09,18:30:00,18:00:00
2010-07-15,11661.01,11576.5,18:30:00,18:30:00
2010-07-16,11537.79,11652.02,18:30:00,18:30:00
2010-07-17,10948.32,10953.1,18:30:00,18:30:00
2010-07-18,10978.81,11168.22,18:30:00,18:30:00
2010-07-19,12507.58,12756.3,18:30:00,18:30:00
2010-07-20,12408.64,12694.54,18:30:00,18:30:00
2010-07-21,12612.76,12513.34,18:30:00,18:30:00
2010-07-22,12616.29,12702.99,18:30:00,18:30:00
2010-07-23,11616.84,12138.81,18:30:00,18:30:00
2010-07-24,10890.82,11130.87,18:30:00,18:30:00
2010-07-25,11197.84,11379.9,18:30:00,18:30:00
2010-07-26,12141.07,12478.05,18:30:00,18:30:00
2010-07-27,11931.4,12303.41,18:30:00,19:00:00
2010-07-28,12155.64,12130.62,18:00:00,18:30:00
2010-07-29,11835.47,11546.28,18:30:00,18:30:00
2010-07-30,10719.16,10800.79,18:00:00,18:30:00
2010-07-31,9962.35,10490.6,18:30:00,18:30:00
2010-08-01,10440.03,10629.29,19:00:00,18:30:00
2010-08-02,12508.11,12191.53,18:30:00,18:30:00
2010-08-03,11991.47,12392.33,18:30:00,18:30:00
2010-08-04,11436.13,12181.49,18:30:00,19:00:00
2010-08-05,11874.27,11947.97,19:00:00,18:30:00
2010-08-06,11744.88,11394.21,18:30:00,19:00:00
2010-08-07,11090.3,10932.45,18:30:00,18:30:00
2010-08-08,11285.87,11115.8,18:30:00,18:30:00
2010-08-09,11718.84,12101.16,18:30:00,18:30:00
2010-08-10,12033.49,12490.32,18:30:00,18:30:00
2010-08-11,11699.05,11904.36,18:30:00,18:30:00
2010-08-12,12022.09,11828.39,18:30:00,18:30:00
2010-08-13,10979.31,11449.61,18:30:00,18:30:00
2010-08-14,10155.38,10356.19,18:30:00,18:30:00
2010-08-15,10235.38,10740.95,18:30:00,19:00:00
2010-08-16,11318.06,11845.81,18:30:00,18:30:00
2010-08-17,11679.46,11554.19,19:00:00,18:30:00
2010-08-18,11122.4,11443.49,18:30:00,18:30:00
2010-08-19,10337.06,11340.0,18:30:00,18:30:00
2010-08-20,10509.95,10917.51,18:30:00,18:30:00
2010-08-21,10286.54,10652.24,18:30:00,18:30:00
2010-08-22,10581.45,10457.67,18:30:00,19:00:00
2010-08-23,11866.99,11573.82,18:30:00,19:00:00
2010-08-24,11188.88,11227.42,18:30:00,18:30:00
2010-08-25,11350.87,11092.09,18:30:00,19:00:00
2010-08-26,11600.83,11391.11,18:30:00,18:30:00
2010-08-27,10884.5,11179.47,18:30:00,19:00:00
2010-08-28,10411.14,10309.1,19:00:00,18:30:00
2010-08-29,10361.43,10536.51,19:00:00,18:30:00
2010-08-30,11058.49,11330.59,19:00:00,19:00:00
2010-08-31,10488.34,10591.57,18:30:00,19:00:00
2010-09-01,10077.42,10432.52,18:30:00,18:30:00
2010-09-02,10450.95,10788.8,18:30:00,18:30:00
2010-09-03,10453.49,10277.2,18:30:00,19:00:00
2010-09-04,9475.45,9457.39,18:30:00,18:30:00
2010-09-05,9047.43,9681.97,19:00:00,19:00:00
2010-09-06,10527.06,10940.4,18:30:00,19:00:00
2010-09-07,10922.04,10686.31,19:00:00,18:30:00
2010-09-08,10597.7,10600.92,19:00:00,18:30:00
2010-09-09,11064.42,10606.73,18:30:00,19:00:00
2010-09-10,10165.82,10303.66,19:00:00,19:00:00
2010-09-11,9414.24,9404.22,19:00:00,19:00:00
2010-09-12,9477.37,9269.6,19:00:00,19:00:00
2010-09-13,10106.81,10370.56,18:30:00,18:30:00
2010-09-14,10803.01,11082.25,18:30:00,18:30:00
2010-09-15,10075.24,10359.25,19:00:00,19:00:00
2010-09-16,10383.77,10133.36,19:00:00,19:00:00
2010-09-17,10057.43,9969.55,19:00:00,19:00:00
2010-09-18,9196.06,9391.28,18:30:00,19:00:00
2010-09-19,9545.1,9432.72,19:00:00,19:00:00
2010-09-20,10301.94,10298.81,19:00:00,19:00:00
2010-09-21,10028.83,10159.97,18:30:00,19:00:00
2010-09-22,9885.72,10239.96,19:00:00,19:00:00
2010-09-23,10092.58,10103.66,19:00:00,19:00:00
2010-09-24,9453.68,9441.55,10:30:00,19:00:00
2010-09-25,8667.04,8818.16,19:00:00,19:00:00
2010-09-26,8722.85,8810.53,19:00:00,19:00:00
2010-09-27,9538.07,9677.65,19:00:00,19:00:00
2010-09-28,9532.75,9692.83,19:00:00,19:00:00
2010-09-29,10000.17,9963.18,19:00:00,19:00:00
2010-09-30,10167.92,9942.21,19:00:00,19:00:00
2010-10-01,9699.14,9406.05,19:00:00,09:30:00
2010-10-02,8982.51,8840.9,18:30:00,19:00:00
2010-10-03,8426.31,8473.41,19:00:00,19:00:00
2010-10-04,8660.63,8615.2,19:00:00,19:00:00
2010-10-05,9437.05,9549.92,09:30:00,09:00:00
2010-10-06,9497.1,9585.18,10:00:00,10:00:00
2010-10-07,9350.7,9418.85,18:30:00,19:00:00
2010-10-08,9455.31,9514.5,09:30:00,10:00:00
2010-10-09,8709.7,8818.0,09:30:00,09:30:00
2010-10-10,8645.01,8665.08,19:00:00,19:00:00
2010-10-11,9572.73,9426.44,09:30:00,10:00:00
2010-10-12,9513.18,9651.25,09:30:00,09:30:00
2010-10-13,9497.65,9459.28,09:30:00,10:30:00
2010-10-14,9693.22,9475.35,10:00:00,10:00:00
2010-10-15,9707.93,9385.62,10:00:00,09:30:00
2010-10-16,8917.54,8714.72,09:30:00,09:30:00
2010-10-17,8643.61,8704.67,19:00:00,19:00:00
2010-10-18,9312.96,9415.53,08:30:00,10:30:00
2010-10-19,9590.02,9414.05,09:00:00,09:30:00
2010-10-20,9257.11,9458.68,10:00:00,09:30:00
2010-10-21,9308.17,9316.36,10:30:00,09:30:00
2010-10-22,9467.29,9405.48,09:30:00,11:00:00
2010-10-23,8639.07,8802.74,09:30:00,09:30:00
2010-10-24,8860.55,8643.21,19:00:00,19:00:00
2010-10-25,9531.98,9513.82,09:00:00,10:30:00
2010-10-26,9331.8,9492.86,09:30:00,11:00:00
2010-10-27,9419.44,9405.61,10:00:00,11:00:00
2010-10-28,9380.73,9360.71,10:00:00,10:30:00
2010-10-29,9482.31,9401.0,10:00:00,10:00:00
2010-10-30,8820.41,8818.36,09:30:00,09:30:00
2010-10-31,8539.54,8697.59,19:30:00,19:30:00
2010-11-01,9559.92,9419.92,17:00:00,09:30:00
2010-11-02,9432.07,9432.43,09:30:00,10:30:00
2010-11-03,9088.94,9312.49,10:00:00,09:30:00
2010-11-04,9277.25,9385.91,10:00:00,10:00:00
2010-11-05,9303.26,9247.34,09:30:00,09:30:00
2010-11-06,8842.97,8756.15,09:30:00,09:30:00
2010-11-07,8390.47,8546.81,19:30:00,19:30:00
2010-11-08,9700.59,10138.78,13:30:00,13:30:00
2010-11-09,9535.21,9755.4,11:30:00,13:00:00
2010-11-10,9980.1,10146.72,14:00:00,15:30:00
2010-11-11,10086.74,10142.66,16:00:00,15:00:00
2010-11-12,10688.15,10273.63,15:30:00,15:30:00
2010-11-13,9678.17,9974.48,12:30:00,15:30:00
2010-11-14,9581.36,10395.65,17:30:00,14:30:00
2010-11-15,10320.01,10584.75,10:00:00,16:00:00
2010-11-16,9599.31,10215.0,11:30:00,11:00:00
2010-11-17,9441.06,9558.83,10:00:00,15:30:00
2010-11-18,9509.79,9607.83,11:00:00,12:30:00
2010-11-19,9341.68,9439.85,09:30:00,10:30:00
2010-11-20,8544.23,8845.55,09:30:00,09:30:00
2010-11-21,8140.54,8480.25,19:30:00,11:00:00
2010-11-22,9766.75,9653.81,13:30:00,13:30:00
2010-11-23,9880.44,10206.74,15:30:00,16:00:00
2010-11-24,10228.02,10124.45,15:30:00,15:30:00
2010-11-25,10694.56,10412.67,15:00:00,15:30:00
2010-11-26,10451.54,10762.6,12:30:00,15:30:00
2010-11-27,9268.29,9523.01,11:30:00,15:00:00
2010-11-28,8375.56,9207.73,11:00:00,16:00:00
2010-11-29,9557.18,9620.95,09:30:00,13:30:00
2010-11-30,9524.75,9661.45,11:30:00,11:00:00
2010-12-01,9693.99,9557.03,10:30:00,12:00:00
2010-12-02,9730.46,9754.4,13:30:00,10:30:00
2010-12-03,10123.17,9703.11,11:00:00,10:00:00
2010-12-04,8992.48,8884.29,09:30:00,10:00:00
2010-12-05,8617.11,8480.29,10:30:00,10:30:00
2010-12-06,10352.2,10167.82,13:00:00,15:30:00
2010-12-07,10403.75,10286.99,16:00:00,13:30:00
2010-12-08,11047.46,10355.7,16:00:00,15:30:00
2010-12-09,11358.58,11515.24,15:00:00,15:30:00
2010-12-10,10463.79,10869.6,15:30:00,14:00:00
2010-12-11,8841.9,9361.07,16:00:00,16:00:00
2010-12-12,8886.59,9176.55,17:00:00,17:00:00
2010-12-13,10425.31,10266.04,15:30:00,15:30:00
2010-12-14,10266.99,10647.14,13:30:00,16:00:00
2010-12-15,10960.73,10823.03,15:00:00,15:30:00
2010-12-16,10504.25,10673.53,10:00:00,15:30:00
2010-12-17,9528.89,10526.11,09:30:00,15:30:00
2010-12-18,8438.6,8771.46,09:30:00,10:00:00
2010-12-19,8035.49,8304.48,17:30:00,11:00:00
2010-12-20,8953.04,9537.38,09:30:00,16:00:00
2010-12-21,9213.57,9394.83,15:30:00,12:00:00
2010-12-22,9440.05,9329.01,11:30:00,15:30:00
2010-12-23,10022.04,9598.87,16:00:00,16:00:00
2010-12-24,8844.94,9267.03,10:00:00,11:30:00
2010-12-25,7913.93,7681.95,20:30:00,10:00:00
2010-12-26,8090.36,8688.77,17:00:00,17:00:00
2010-12-27,7907.87,8351.2,10:00:00,11:30:00
2010-12-28,7692.02,8609.78,17:00:00,17:00:00
2010-12-29,9056.48,9559.08,17:00:00,16:30:00
2010-12-30,9802.9,9589.25,16:00:00,16:00:00
2010-12-31,10863.9,10188.47,16:00:00,15:30:00
2011-01-01,10203.4,11403.95,16:00:00,16:00:00
2011-01-02,9333.58,10081.14,14:00:00,15:30:00
2011-01-03,8270.9,8262.05,17:00:00,11:00:00
2011-01-04,9090.95,9179.38,11:00:00,11:30:00
2011-01-05,9307.06,9456.28,14:30:00,15:30:00
2011-01-06,9437.19,9432.83,16:00:00,15:00:00
2011-01-07,9727.93,9534.89,15:00:00,16:00:00
2011-01-08,9224.3,9352.23,15:00:00,15:30:00
2011-01-09,8961.12,8808.63,17:00:00,15:30:00
2011-01-10,10326.02,9451.11,11:30:00,14:00:00
2011-01-11,10176.59,10320.91,10:30:00,14:00:00
2011-01-12,10861.03,10414.7,14:30:00,15:30:00
2011-01-13,10785.96,10688.15,12:30:00,15:30:00
2011-01-14,10927.92,11019.36,16:00:00,16:30:00
2011-01-15,10061.82,10199.51,16:00:00,16:00:00
2011-01-16,10223.97,9794.32,17:30:00,15:00:00
2011-01-17,11802.28,11715.29,13:30:00,15:30:00
2011-01-18,10394.77,10932.14,13:30:00,16:00:00
2011-01-19,10437.28,10379.75,16:00:00,14:00:00
2011-01-20,10747.09,10379.55,16:00:00,15:30:00
2011-01-21,11412.13,10900.33,16:00:00,15:30:00
2011-01-22,9947.44,10013.56,14:30:00,16:30:00
2011-01-23,9648.81,10195.73,15:00:00,17:00:00
2011-01-24,11685.52,12888.38,14:00:00,15:30:00
2011-01-25,12596.04,12076.7,16:00:00,16:30:00
2011-01-26,11907.13,12115.26,17:00:00,16:30:00
2011-01-27,12690.57,12434.61,15:30:00,15:30:00
2011-01-28,10530.45,11072.02,11:00:00,15:30:00
2011-01-29,9071.43,9692.69,16:00:00,15:00:00
2011-01-30,10772.16,10649.49,17:30:00,17:00:00
2011-01-31,13786.2,13572.35,16:00:00,16:00:00
2011-02-01,14579.86,14032.1,16:30:00,15:30:00
2011-02-02,14417.03,14013.85,16:00:00,16:00:00
2011-02-03,14449.88,14453.66,16:00:00,15:30:00
2011-02-04,13810.3,14205.22,15:30:00,16:00:00
2011-02-05,13121.52,12843.11,16:30:00,15:00:00
2011-02-06,11160.58,10921.98,12:00:00,15:30:00
2011-02-07,9775.36,10273.87,12:00:00,13:30:00
2011-02-08,9991.0,10352.52,13:30:00,14:30:00
2011-02-09,10013.91,10167.56,16:00:00,15:30:00
2011-02-10,10642.49,10263.31,16:00:00,16:00:00
2011-02-11,12002.93,11334.0,16:00:00,15:30:00
2011-02-12,9417.02,9757.9,09:30:00,11:00:00
2011-02-13,8589.36,8808.76,17:30:00,11:30:00
2011-02-14,9865.08,10103.48,11:00:00,13:30:00
2011-02-15,9886.5,10058.19,11:00:00,15:00:00
2011-02-16,10140.41,10735.01,13:30:00,16:00:00
2011-02-17,11099.12,11137.15,13:30:00,16:00:00
2011-02-18,10805.98,11002.46,16:00:00,15:30:00
2011-02-19,11298.29,11751.3,16:00:00,16:00:00
2011-02-20,11158.41,11021.09,15:00:00,16:30:00
2011-02-21,10468.74,10074.13,13:30:00,13:30:00
2011-02-22,9683.76,9923.52,09:30:00,10:00:00
2011-02-23,9786.95,10105.96,16:00:00,14:00:00
2011-02-24,10273.97,10429.34,16:00:00,15:30:00
2011-02-25,10200.4,10334.73,15:30:00,16:00:00
2011-02-26,9928.52,10082.24,15:30:00,16:00:00
2011-02-27,9390.94,10145.59,19:30:00,15:30:00
2011-02-28,11078.94,11703.6,14:30:00,16:00:00
2011-03-01,11313.99,11835.29,15:00:00,15:30:00
2011-03-02,9698.59,10688.54,10:00:00,15:30:00
2011-03-03,10127.41,10654.77,15:30:00,16:00:00
2011-03-04,10347.56,9997.41,16:00:00,15:00:00
2011-03-05,8559.58,8904.23,09:30:00,11:00:00
2011-03-06,8271.93,8568.1,19:30:00,19:00:00
2011-03-07,9686.41,9856.62,13:30:00,15:30:00
2011-03-08,10256.14,10305.05,15:30:00,15:30:00
2011-03-09,10295.09,10451.61,16:00:00,16:00:00
2011-03-10,10339.05,10394.17,13:30:00,15:30:00
2011-03-11,10320.32,10241.71,10:30:00,11:00:00
2011-03-12,9528.01,9860.62,14:30:00,15:30:00
2011-03-13,9960.3,9699.86,16:00:00,15:30:00
2011-03-14,10621.83,10297.28,11:00:00,15:30:00
2011-03-15,10089.87,10367.69,13:30:00,16:00:00
2011-03-16,10487.66,10173.49,13:30:00,13:30:00
2011-03-17,10190.6,10458.26,13:30:00,13:30:00
2011-03-18,10011.31,10204.8,09:30:00,14:00:00
2011-03-19,9010.01,9005.05,09:30:00,10:00:00
2011-03-20,8883.68,8833.46,19:00:00,19:00:00
2011-03-21,10358.6,10089.43,12:00:00,13:30:00
2011-03-22,11075.33,10666.04,16:00:00,15:30:00
2011-03-23,10472.73,10892.26,15:30:00,16:00:00
2011-03-24,9630.14,10540.22,14:00:00,15:30:00
2011-03-25,9642.26,9661.92,11:00:00,11:00:00
2011-03-26,8738.9,8884.84,09:30:00,09:30:00
2011-03-27,8687.5,8608.32,18:30:00,19:00:00
2011-03-28,9622.67,9849.06,11:00:00,12:00:00
2011-03-29,9833.71,9817.87,12:00:00,13:30:00
2011-03-30,10055.98,10511.76,13:30:00,16:00:00
2011-03-31,9662.37,9576.63,10:00:00,10:00:00
2011-04-01,9615.64,9763.55,10:00:00,10:30:00
2011-04-02,8600.18,8722.06,09:00:00,09:30:00
2011-04-03,8913.41,8914.04,19:00:00,18:30:00
2011-04-04,9783.7,10025.36,18:30:00,18:30:00
2011-04-05,9787.45,9950.09,18:30:00,18:30:00
2011-04-06,9768.74,9804.91,18:30:00,18:30:00
2011-04-07,9804.25,9801.2,18:30:00,18:30:00
2011-04-08,9592.41,9495.82,18:30:00,18:30:00
2011-04-09,9016.61,8967.8,18:30:00,18:30:00
2011-04-10,9039.94,8927.8,18:30:00,18:30:00
2011-04-11,10034.95,9906.28,18:30:00,18:30:00
2011-04-12,9909.68,9923.93,18:30:00,18:30:00
2011-04-13,9853.82,9865.69,18:30:00,18:30:00
2011-04-14,9754.91,9961.86,18:30:00,18:30:00
2011-04-15,9610.76,9589.65,18:00:00,18:30:00
2011-04-16,9264.93,8868.42,18:30:00,18:30:00
2011-04-17,9285.24,9208.5,18:30:00,18:30:00
2011-04-18,10087.4,9965.86,18:30:00,18:30:00
2011-04-19,10145.13,9970.36,18:30:00,18:30:00
2011-04-20,9986.76,10073.47,18:30:00,18:30:00
2011-04-21,9543.39,9600.58,18:30:00,18:30:00
2011-04-22,8631.36,8604.98,18:30:00,18:30:00
2011-04-23,9004.34,8644.77,18:30:00,18:30:00
2011-04-24,8492.92,8255.66,18:30:00,18:30:00
2011-04-25,8868.57,8805.34,18:30:00,18:30:00
2011-04-26,9354.5,8871.15,18:30:00,18:30:00
2011-04-27,10077.67,10150.42,18:30:00,18:00:00
2011-04-28,10202.69,10194.83,18:30:00,18:30:00
2011-04-29,10059.1,9850.35,18:00:00,18:30:00
2011-04-30,9308.85,9497.76,18:00:00,18:30:00
2011-05-01,9376.74,9209.09,18:30:00,18:30:00
2011-05-02,10629.61,10445.67,18:00:00,18:30:00
2011-05-03,10554.11,10366.53,18:00:00,18:30:00
2011-05-04,10292.29,10554.3,18:30:00,18:00:00
2011-05-05,10434.5,10493.09,18:30:00,18:30:00
2011-05-06,10288.19,10095.59,18:00:00,18:30:00
2011-05-07,9630.95,9645.62,18:30:00,18:30:00
2011-05-08,9529.96,9724.72,18:30:00,18:30:00
2011-05-09,11129.35,10794.91,18:30:00,18:30:00
2011-05-10,11084.76,11093.72,18:30:00,18:00:00
2011-05-11,11928.67,11183.53,18:30:00,18:30:00
2011-05-12,11711.74,11387.15,18:30:00,18:30:00
2011-05-13,10846.39,10797.75,18:00:00,18:00:00
2011-05-14,10659.54,11125.24,18:30:00,18:30:00
2011-05-15,10728.23,10739.51,18:30:00,18:30:00
2011-05-16,11726.81,11594.48,18:30:00,18:30:00
2011-05-17,11496.63,11901.68,18:30:00,18:30:00
2011-05-18,11269.4,11763.42,18:00:00,18:30:00
2011-05-19,10955.47,11249.25,18:00:00,18:30:00
2011-05-20,10730.51,10851.19,18:00:00,18:00:00
2011-05-21,9912.68,10116.76,18:00:00,18:30:00
2011-05-22,9846.75,9852.62,18:00:00,18:30:00
2011-05-23,10765.65,10719.03,18:00:00,18:00:00
2011-05-24,11338.85,11777.21,18:00:00,18:30:00
2011-05-25,11853.32,11285.66,18:00:00,18:30:00
2011-05-26,11307.67,11646.3,18:30:00,18:30:00
2011-05-27,11304.68,11353.74,18:00:00,18:30:00
2011-05-28,10769.0,10314.28,18:00:00,18:30:00
2011-05-29,10745.49,10524.2,18:00:00,18:30:00
2011-05-30,12114.34,11313.91,18:00:00,18:30:00
2011-05-31,11388.94,12124.48,18:00:00,18:00:00
2011-06-01,11120.22,11373.57,18:00:00,18:00:00
2011-06-02,10936.85,11594.49,18:30:00,18:00:00
2011-06-03,10605.46,10762.62,18:00:00,18:00:00
2011-06-04,10373.72,10315.84,18:00:00,18:30:00
2011-06-05,10641.26,10684.65,18:30:00,18:30:00
2011-06-06,11906.9,12046.9,18:00:00,18:00:00
2011-06-07,12458.3,12516.95,18:30:00,18:30:00
2011-06-08,12736.43,12275.5,18:30:00,18:30:00
2011-06-09,12367.92,12544.49,18:30:00,18:30:00
2011-06-10,12058.56,11892.96,18:00:00,18:30:00
2011-06-11,11188.64,10861.05,18:00:00,18:00:00
2011-06-12,10926.82,10845.53,18:30:00,18:30:00
2011-06-13,11287.52,11439.37,18:00:00,18:30:00
2011-06-14,12032.11,11813.61,18:00:00,18:30:00
2011-06-15,11700.25,11722.79,18:00:00,18:00:00
2011-06-16,11542.68,12151.05,18:30:00,18:00:00
2011-06-17,11471.28,11540.04,18:00:00,18:30:00
2011-06-18,10873.65,10892.89,18:00:00,18:30:00
2011-06-19,10985.96,10917.95,18:30:00,18:30:00
2011-06-20,11693.97,11850.99,18:00:00,18:30:00
2011-06-21,12159.88,11569.64,18:00:00,18:30:00
2011-06-22,12354.12,12031.03,18:30:00,18:30:00
2011-06-23,11528.74,11924.53,18:30:00,18:30:00
2011-06-24,11451.68,11594.72,18:00:00,18:00:00
2011-06-25,10864.1,11007.47,18:30:00,18:30:00
2011-06-26,10926.03,10930.78,18:30:00,18:30:00
2011-06-27,11937.5,11871.78,18:30:00,18:30:00
2011-06-28,11996.36,11837.57,18:00:00,18:30:00
2011-06-29,11713.4,11879.74,18:00:00,18:00:00
2011-06-30,11602.13,12035.81,18:30:00,18:30:00
2011-07-01,11419.11,11557.69,18:00:00,18:30:00
2011-07-02,10495.64,10894.54,18:30:00,18:30:00
2011-07-03,10429.98,10687.35,18:30:00,18:30:00
2011-07-04,10990.02,11647.03,18:00:00,18:00:00
2011-07-05,11564.27,12190.4,18:00:00,18:30:00
2011-07-06,11409.05,11769.15,18:30:00,18:30:00
2011-07-07,11615.54,11695.41,18:30:00,18:30:00
2011-07-08,11544.42,11283.38,18:30:00,18:30:00
2011-07-09,11274.29,11207.46,18:30:00,18:30:00
2011-07-10,11309.1,11217.58,18:30:00,18:30:00
2011-07-11,12055.05,12386.63,18:30:00,18:30:00
2011-07-12,11960.01,11972.0,18:30:00,18:30:00
2011-07-13,12537.66,12039.8,18:00:00,18:30:00
2011-07-14,12376.63,12135.8,18:30:00,18:30:00
2011-07-15,12264.18,11880.8,18:00:00,18:30:00
2011-07-16,11159.97,11266.61,18:00:00,18:30:00
2011-07-17,11102.21,11135.52,18:30:00,18:30:00
2011-07-18,11752.82,12174.73,18:30:00,18:30:00
2011-07-19,12883.81,12314.13,18:30:00,18:30:00
2011-07-20,12001.53,11988.11,18:30:00,18:30:00
2011-07-21,12553.71,12561.51,18:00:00,18:30:00
2011-07-22,12075.02,11951.69,18:00:00,18:30:00
2011-07-23,11341.1,11064.02,18:30:00,18:30:00
2011-07-24,11676.46,11410.53,18:30:00,18:30:00
2011-07-25,11999.1,12203.92,18:30:00,18:30:00
2011-07-26,11881.1,12062.03,18:30:00,18:30:00
2011-07-27,12030.48,12146.69,18:30:00,18:30:00
2011-07-28,11572.17,11755.58,19:00:00,18:30:00
2011-07-29,11314.46,11185.16,18:30:00,18:30:00
2011-07-30,10657.41,10746.35,18:30:00,18:30:00
2011-07-31,10657.64,10671.99,18:30:00,19:00:00
2011-08-01,11064.34,11453.77,18:30:00,18:30:00
2011-08-02,10851.77,10920.9,19:00:00,18:30:00
2011-08-03,10496.71,10763.72,18:30:00,18:30:00
2011-08-04,10383.83,10525.38,18:30:00,18:30:00
2011-08-05,10031.96,10066.42,08:30:00,18:30:00
2011-08-06,9491.69,9509.66,18:30:00,18:30:00
2011-08-07,10103.32,9264.11,18:30:00,18:30:00
2011-08-08,11448.0,12052.48,18:30:00,18:30:00
2011-08-09,11731.44,11701.5,18:30:00,19:00:00
2011-08-10,11627.38,11579.45,18:30:00,18:30:00
2011-08-11,11637.49,11519.41,19:00:00,18:30:00
2011-08-12,11059.76,10996.67,18:30:00,18:30:00
2011-08-13,10382.26,10519.32,18:30:00,18:30:00
2011-08-14,10504.59,10502.25,18:30:00,19:00:00
2011-08-15,11417.66,11648.73,18:30:00,19:00:00
2011-08-16,10920.83,11428.48,18:30:00,19:00:00
2011-08-17,11539.07,11397.71,18:00:00,18:30:00
2011-08-18,11169.73,11263.44,18:30:00,18:30:00
2011-08-19,11396.53,11070.39,18:30:00,18:30:00
2011-08-20,10233.12,10774.17,18:30:00,18:30:00
2011-08-21,10480.0,10466.65,18:30:00,19:00:00
2011-08-22,11174.28,11360.46,18:30:00,18:30:00
2011-08-23,10863.28,11139.33,18:30:00,18:30:00
2011-08-24,10495.38,10866.16,19:00:00,18:30:00
2011-08-25,10146.55,10679.84,19:00:00,18:30:00
2011-08-26,9941.81,10031.71,18:30:00,08:00:00
2011-08-27,9760.19,9770.35,18:30:00,18:30:00
2011-08-28,9647.79,9857.99,18:30:00,18:30:00
2011-08-29,10439.7,10492.42,18:30:00,19:00:00
2011-08-30,10775.43,10634.63,18:30:00,19:00:00
2011-08-31,10354.61,10518.77,18:30:00,18:30:00
2011-09-01,10211.69,10485.74,18:30:00,19:00:00
2011-09-02,10111.38,10306.18,19:00:00,19:00:00
2011-09-03,9431.07,9657.81,18:30:00,19:00:00
2011-09-04,9237.76,9544.49,19:00:00,19:00:00
2011-09-05,10169.53,10563.19,18:30:00,18:30:00
2011-09-06,10160.6,10030.85,18:30:00,18:30:00
2011-09-07,10160.66,10286.66,19:00:00,18:30:00
2011-09-08,10401.83,10319.28,18:30:00,18:30:00
2011-09-09,10809.74,10787.5,18:30:00,18:30:00
2011-09-10,10157.7,10385.77,18:30:00,18:30:00
2011-09-11,10139.17,9877.81,19:00:00,19:00:00
2011-09-12,10694.88,10975.59,19:00:00,19:00:00
2011-09-13,10244.11,10377.82,19:00:00,19:00:00
2011-09-14,9789.78,10001.12,19:00:00,19:00:00
2011-09-15,9802.14,10070.01,19:00:00,19:00:00
2011-09-16,9372.8,9346.57,19:00:00,08:30:00
2011-09-17,8939.25,8867.12,18:30:00,19:00:00
2011-09-18,8965.39,9098.79,19:00:00,19:00:00
2011-09-19,9767.35,10016.63,18:30:00,18:30:00
2011-09-20,9692.28,9681.93,19:00:00,19:00:00
2011-09-21,9582.52,9811.02,19:00:00,19:00:00
2011-09-22,9648.56,9685.57,19:00:00,18:30:00
2011-09-23,9272.15,9678.45,18:30:00,19:00:00
2011-09-24,9034.74,9122.14,18:30:00,19:00:00
2011-09-25,9644.48,9572.03,19:00:00,19:00:00
2011-09-26,10014.74,9951.99,19:00:00,19:00:00
2011-09-27,9793.67,9821.15,19:00:00,19:00:00
2011-09-28,10276.79,9688.14,18:30:00,19:00:00
2011-09-29,10083.41,9798.3,19:00:00,19:00:00
2011-09-30,9457.91,9530.6,19:00:00,19:00:00
2011-10-01,9185.15,9087.96,19:00:00,18:30:00
2011-10-02,9120.34,8696.33,19:00:00,19:00:00
2011-10-03,8997.73,8888.31,19:00:00,19:00:00
2011-10-04,9537.59,9509.95,19:00:00,09:30:00
2011-10-05,9480.77,9559.86,18:30:00,19:00:00
2011-10-06,9837.67,9501.35,18:30:00,19:00:00
2011-10-07,9363.79,9481.2,09:30:00,08:30:00
2011-10-08,8684.4,8695.4,09:30:00,09:30:00
2011-10-09,8583.44,8665.22,19:00:00,19:00:00
2011-10-10,9262.05,9528.11,19:00:00,18:30:00
2011-10-11,9213.07,9295.23,19:00:00,19:00:00
2011-10-12,9271.04,9425.01,07:00:00,19:00:00
2011-10-13,9188.62,9307.72,09:30:00,19:00:00
2011-10-14,9416.13,9231.59,10:00:00,09:30:00
2011-10-15,8619.77,8771.16,08:30:00,09:30:00
2011-10-16,8338.06,8656.91,19:00:00,19:00:00
2011-10-17,9307.79,9492.03,09:30:00,09:00:00
2011-10-18,9225.94,9327.87,09:00:00,19:00:00
2011-10-19,9056.08,9367.16,16:30:00,09:30:00
2011-10-20,9267.37,9252.32,17:00:00,09:30:00
2011-10-21,9535.75,9509.96,16:00:00,15:30:00
2011-10-22,8561.87,8883.01,09:30:00,09:30:00
2011-10-23,8776.53,8632.85,19:00:00,19:00:00
2011-10-24,10337.52,10519.6,16:00:00,15:00:00
2011-10-25,9348.93,9228.5,09:30:00,09:30:00
2011-10-26,9082.57,9189.0,17:00:00,10:00:00
2011-10-27,9083.63,9162.21,19:00:00,17:30:00
2011-10-28,9295.5,9194.71,10:00:00,10:00:00
2011-10-29,8604.03,8449.82,09:30:00,09:30:00
2011-10-30,8560.64,8422.21,19:00:00,19:30:00
2011-10-31,9109.43,9208.42,10:30:00,09:30:00
2011-11-01,9036.1,9198.18,10:00:00,10:00:00
2011-11-02,9067.17,9281.59,10:00:00,10:30:00
2011-11-03,9041.9,9082.16,09:30:00,10:30:00
2011-11-04,9129.88,9169.82,10:00:00,10:00:00
2011-11-05,8545.1,8640.3,09:30:00,09:30:00
2011-11-06,8761.23,8873.95,19:30:00,16:00:00
2011-11-07,10475.87,10366.46,13:30:00,14:00:00
2011-11-08,11038.81,10710.15,15:30:00,15:30:00
2011-11-09,11492.71,11024.77,15:30:00,15:30:00
2011-11-10,9956.47,10559.61,15:00:00,15:30:00
2011-11-11,9631.06,9555.09,10:00:00,11:00:00
2011-11-12,8601.81,8652.63,09:30:00,09:30:00
2011-11-13,8595.65,8527.56,19:30:00,17:30:00
2011-11-14,11716.76,11276.35,16:00:00,16:00:00
2011-11-15,10346.73,10421.61,16:00:00,15:30:00
2011-11-16,9648.11,9842.03,10:00:00,12:00:00
2011-11-17,9326.95,9226.67,13:00:00,10:30:00
2011-11-18,9852.57,10047.78,16:00:00,16:00:00
2011-11-19,9873.39,9993.83,16:00:00,16:00:00
2011-11-20,9282.73,9125.68,13:00:00,12:00:00
2011-11-21,9541.55,9596.41,10:00:00,10:00:00
2011-11-22,9594.61,9293.84,17:00:00,09:00:00
2011-11-23,9402.73,9222.97,10:30:00,08:30:00
2011-11-24,9200.22,9076.11,09:30:00,08:30:00
2011-11-25,9470.3,9278.01,09:30:00,09:00:00
2011-11-26,8924.59,8369.67,09:30:00,09:00:00
2011-11-27,8448.93,8421.13,17:30:00,17:30:00
2011-11-28,10438.1,9555.26,16:00:00,16:30:00
2011-11-29,10880.01,10490.58,15:00:00,16:00:00
2011-11-30,10371.48,10130.57,15:30:00,10:00:00
2011-12-01,9098.75,9742.96,10:00:00,09:00:00
2011-12-02,9018.85,9069.76,09:30:00,09:30:00
2011-12-03,8248.24,8539.65,09:30:00,09:30:00
2011-12-04,8080.59,7799.5,19:30:00,11:00:00
2011-12-05,8817.62,9453.5,09:30:00,10:00:00
2011-12-06,8907.36,9771.84,11:00:00,08:30:00
2011-12-07,9049.84,9802.18,17:00:00,09:00:00
2011-12-08,9204.87,8943.38,11:00:00,10:00:00
2011-12-09,9282.49,9399.0,10:30:00,09:00:00
2011-12-10,8648.45,8378.55,09:30:00,09:30:00
2011-12-11,8290.3,8202.37,12:00:00,17:30:00
2011-12-12,9525.99,9237.71,10:00:00,11:00:00
2011-12-13,9174.99,9047.61,10:00:00,10:30:00
2011-12-14,9148.45,9071.99,10:00:00,09:00:00
2011-12-15,9172.88,9044.0,10:00:00,08:30:00
2011-12-16,9225.96,9134.83,09:30:00,09:00:00
2011-12-17,8493.85,8231.84,09:30:00,09:30:00
2011-12-18,8162.64,7909.6,20:00:00,20:00:00
2011-12-19,9521.17,9385.26,10:00:00,16:00:00
2011-12-20,9308.97,9210.73,10:00:00,10:00:00
2011-12-21,9370.19,9200.52,10:00:00,10:00:00
2011-12-22,9279.81,9214.9,09:30:00,10:00:00
2011-12-23,9077.98,9279.52,10:00:00,10:00:00
2011-12-24,8668.75,8216.78,16:00:00,10:00:00
2011-12-25,7684.56,8156.25,10:30:00,20:00:00
2011-12-26,7843.28,7841.62,17:00:00,18:00:00
2011-12-27,7679.13,8457.35,17:00:00,09:30:00
2011-12-28,8267.34,8846.48,16:30:00,12:30:00
2011-12-29,8339.79,8194.41,17:00:00,10:00:00
2011-12-30,8269.52,8163.4,17:00:00,09:30:00
2011-12-31,8016.84,7876.93,10:30:00,09:30:00
2012-01-01,8124.52,8614.03,17:30:00,17:30:00
2012-01-02,8973.61,8675.61,17:00:00,13:30:00
2012-01-03,10704.49,11656.98,16:30:00,16:00:00
2012-01-04,11220.06,12538.31,14:00:00,16:00:00
2012-01-05,9740.3,10484.3,16:00:00,16:00:00
2012-01-06,9117.6,9569.03,10:00:00,12:30:00
2012-01-07,8445.47,9362.78,16:00:00,16:00:00
2012-01-08,9025.04,9985.25,17:30:00,17:00:00
2012-01-09,10186.78,10597.4,16:00:00,15:30:00
2012-01-10,9859.28,10428.1,16:00:00,16:00:00
2012-01-11,9353.06,9377.57,16:00:00,10:00:00
2012-01-12,9000.88,9031.74,11:00:00,09:30:00
2012-01-13,9490.09,9657.12,16:00:00,16:00:00
2012-01-14,8539.42,8245.34,09:30:00,09:30:00
2012-01-15,8325.82,7924.34,17:30:00,17:00:00
2012-01-16,9732.95,9829.51,11:00:00,15:30:00
2012-01-17,10144.54,10224.71,15:30:00,15:30:00
2012-01-18,10936.74,10725.46,16:00:00,16:00:00
2012-01-19,10668.94,10667.93,15:30:00,15:30:00
2012-01-20,10542.15,10406.8,15:00:00,14:00:00
2012-01-21,8921.79,8854.58,09:30:00,10:00:00
2012-01-22,8390.93,8183.72,20:00:00,17:30:00
2012-01-23,9778.67,9577.77,11:30:00,11:00:00
2012-01-24,9895.26,9696.38,11:30:00,11:00:00
2012-01-25,10161.24,9832.29,11:30:00,10:00:00
2012-01-26,8722.07,8923.55,11:30:00,16:30:00
2012-01-27,9700.83,9784.03,11:30:00,10:00:00
2012-01-28,8957.42,8817.16,10:00:00,10:00:00
2012-01-29,8963.04,8966.17,20:00:00,17:30:00
2012-01-30,11885.53,11304.32,16:30:00,16:30:00
2012-01-31,10665.14,10856.28,11:00:00,11:00:00
2012-02-01,9456.75,9488.16,10:30:00,09:30:00
2012-02-02,9360.67,9179.79,10:00:00,10:30:00
2012-02-03,9414.51,9391.46,10:00:00,09:30:00
2012-02-04,8779.94,8864.72,09:30:00,09:30:00
2012-02-05,9128.0,9305.34,17:00:00,17:30:00
2012-02-06,9984.37,10586.03,11:00:00,11:00:00
2012-02-07,9579.61,9576.53,11:00:00,09:30:00
2012-02-08,9324.04,9462.08,13:00:00,09:30:00
2012-02-09,9519.89,9512.63,10:00:00,10:00:00
2012-02-10,9590.15,9682.04,13:30:00,10:00:00
2012-02-11,8493.65,8671.29,11:00:00,09:30:00
2012-02-12,8227.5,8612.82,17:00:00,17:30:00
2012-02-13,9682.51,9751.96,13:00:00,10:00:00
2012-02-14,9608.3,9601.84,15:30:00,10:00:00
2012-02-15,9784.76,9625.37,16:00:00,10:00:00
2012-02-16,10033.92,10094.86,16:00:00,16:00:00
2012-02-17,10201.17,10420.42,13:30:00,16:00:00
2012-02-18,8888.48,9019.54,14:00:00,10:00:00
2012-02-19,9283.69,9228.61,17:00:00,17:30:00
2012-02-20,10399.3,10217.44,13:30:00,10:00:00
2012-02-21,9674.18,9628.69,14:00:00,10:00:00
2012-02-22,9615.66,9590.79,14:00:00,11:00:00
2012-02-23,10495.26,10047.26,16:00:00,16:00:00
2012-02-24,10824.52,10535.07,16:00:00,16:00:00
2012-02-25,9231.6,9261.51,16:00:00,16:00:00
2012-02-26,8941.64,9393.63,19:30:00,19:30:00
2012-02-27,11100.05,11097.67,15:30:00,16:00:00
2012-02-28,11520.04,11199.55,16:00:00,16:00:00
2012-02-29,9916.0,10052.81,10:00:00,10:00:00
2012-03-01,10620.76,9631.78,15:30:00,10:00:00
2012-03-02,9571.54,9512.62,10:00:00,09:30:00
2012-03-03,8644.75,8388.24,09:30:00,09:30:00
2012-03-04,9115.92,8992.22,17:30:00,19:30:00
2012-03-05,9736.7,9870.99,15:00:00,13:30:00
2012-03-06,9407.06,9472.85,09:30:00,10:00:00
2012-03-07,9017.7,9002.68,09:30:00,09:00:00
2012-03-08,9148.31,9037.79,09:30:00,09:00:00
2012-03-09,9177.88,9161.23,13:00:00,09:30:00
2012-03-10,8452.36,8529.81,09:30:00,09:30:00
2012-03-11,8308.83,8289.63,19:00:00,19:00:00
2012-03-12,9448.73,9487.57,12:00:00,11:00:00
2012-03-13,9783.38,9642.53,16:00:00,15:30:00
2012-03-14,9814.85,9880.31,16:00:00,16:00:00
2012-03-15,10181.22,10038.29,16:00:00,16:00:00
2012-03-16,10584.64,10178.13,16:00:00,16:00:00
2012-03-17,8768.48,8596.38,09:30:00,09:30:00
2012-03-18,8257.84,8107.17,19:00:00,19:30:00
2012-03-19,9226.65,9253.95,09:30:00,11:00:00
2012-03-20,9308.0,9342.52,13:30:00,11:00:00
2012-03-21,9621.12,9975.1,16:30:00,16:00:00
2012-03-22,9216.88,9356.3,09:30:00,11:00:00
2012-03-23,9119.44,9076.61,10:00:00,11:00:00
2012-03-24,8146.19,8432.04,09:00:00,09:30:00
2012-03-25,8157.52,8061.88,19:00:00,19:00:00
2012-03-26,9064.8,9138.3,10:00:00,11:00:00
2012-03-27,9272.5,9302.34,16:00:00,11:00:00
2012-03-28,9350.44,9459.85,10:00:00,11:00:00
2012-03-29,9273.11,9333.43,13:30:00,11:00:00
2012-03-30,9128.76,9324.15,11:30:00,11:00:00
2012-03-31,8260.91,8399.67,18:30:00,09:30:00
2012-04-01,8742.11,8997.85,18:30:00,19:00:00
2012-04-02,9602.4,9687.58,18:30:00,18:30:00
2012-04-03,9853.97,9838.06,18:30:00,18:30:00
2012-04-04,9732.1,9700.87,14:00:00,18:30:00
2012-04-05,9478.4,9566.03,14:00:00,18:30:00
2012-04-06,8273.17,8778.18,18:30:00,18:30:00
2012-04-07,8342.88,8182.6,18:30:00,18:30:00
2012-04-08,8094.94,7978.63,18:30:00,19:00:00
2012-04-09,8470.58,8546.35,18:30:00,18:30:00
2012-04-10,9510.65,9420.94,18:30:00,18:30:00
2012-04-11,9596.45,9759.94,18:30:00,18:30:00
2012-04-12,9615.37,9606.87,18:30:00,18:30:00
2012-04-13,9261.67,9061.9,18:30:00,10:30:00
2012-04-14,8697.45,8394.86,18:30:00,18:30:00
2012-04-15,8706.13,8840.8,18:30:00,18:30:00
2012-04-16,9598.52,9444.49,18:30:00,18:30:00
2012-04-17,9714.27,9479.64,18:30:00,18:30:00
2012-04-18,9754.97,9372.16,18:00:00,18:30:00
2012-04-19,9694.07,9424.6,18:30:00,18:30:00
2012-04-20,9600.49,9292.44,18:30:00,18:00:00
2012-04-21,8840.16,8624.95,18:30:00,18:30:00
2012-04-22,9001.32,9001.07,18:30:00,18:30:00
2012-04-23,9955.21,9823.37,18:30:00,18:30:00
2012-04-24,9730.71,9907.86,18:30:00,18:30:00
2012-04-25,9033.08,8252.55,18:30:00,18:30:00
2012-04-26,9888.86,9461.91,18:30:00,18:30:00
2012-04-27,9592.9,9678.14,18:30:00,18:30:00
2012-04-28,8952.87,8887.71,18:30:00,18:30:00
2012-04-29,9426.89,9354.29,18:30:00,18:30:00
2012-04-30,10270.14,10322.91,18:30:00,18:30:00
2012-05-01,10012.7,10083.85,18:30:00,18:30:00
2012-05-02,10069.05,10099.39,18:00:00,18:30:00
2012-05-03,9919.73,10140.59,18:30:00,18:30:00
2012-05-04,9790.99,9871.37,18:00:00,18:30:00
2012-05-05,9283.14,9313.34,18:30:00,18:30:00
2012-05-06,9556.21,9448.59,18:30:00,18:30:00
2012-05-07,10698.38,10528.21,18:30:00,18:30:00
2012-05-08,10148.45,10462.64,18:00:00,18:30:00
2012-05-09,10029.34,9865.22,18:00:00,18:00:00
2012-05-10,9940.74,9750.04,18:00:00,18:30:00
2012-05-11,9750.34,9229.46,18:00:00,08:30:00
2012-05-12,9329.88,9319.53,18:00:00,18:30:00
2012-05-13,9699.31,9997.5,18:30:00,18:30:00
2012-05-14,11227.89,11388.46,18:30:00,18:30:00
2012-05-15,10892.05,11243.28,18:30:00,18:30:00
2012-05-16,10687.08,11073.01,18:00:00,18:30:00
2012-05-17,10622.89,10933.49,18:30:00,18:30:00
2012-05-18,10208.29,10161.96,18:00:00,18:30:00
2012-05-19,9822.42,9687.68,18:00:00,18:30:00
2012-05-20,10231.65,10056.49,18:30:00,18:30:00
2012-05-21,10798.92,10966.5,18:00:00,18:30:00
2012-05-22,10797.37,10818.21,18:30:00,18:30:00
2012-05-23,10564.02,10708.86,18:00:00,18:30:00
2012-05-24,11473.83,10984.65,18:00:00,18:00:00
2012-05-25,10967.16,11320.01,18:30:00,18:30:00
2012-05-26,10332.7,10460.26,18:00:00,18:00:00
2012-05-27,10375.32,10376.84,18:30:00,18:30:00
2012-05-28,11364.32,11223.47,18:00:00,18:30:00
2012-05-29,11198.67,11177.19,18:00:00,18:30:00
2012-05-30,11094.39,11155.72,18:00:00,18:30:00
2012-05-31,10901.26,11230.66,18:30:00,18:30:00
2012-06-01,10693.58,10908.23,18:00:00,18:30:00
2012-06-02,10224.45,10353.91,18:00:00,18:30:00
2012-06-03,10289.52,10394.18,18:30:00,18:30:00
2012-06-04,11010.85,11099.55,18:00:00,18:30:00
2012-06-05,12152.87,11575.91,18:00:00,18:30:00
2012-06-06,11874.83,11689.13,18:00:00,18:30:00
2012-06-07,11597.89,11727.52,18:30:00,18:30:00
2012-06-08,11504.56,11586.7,18:00:00,18:30:00
2012-06-09,10756.06,10873.31,18:00:00,18:30:00
2012-06-10,10633.87,10760.04,18:30:00,18:30:00
2012-06-11,11453.97,11055.74,18:00:00,18:30:00
2012-06-12,11446.72,11403.21,18:00:00,18:30:00
2012-06-13,11306.18,11295.43,18:00:00,18:30:00
2012-06-14,10958.89,11313.16,18:30:00,18:30:00
2012-06-15,10523.78,10888.73,18:00:00,18:00:00
2012-06-16,10753.98,10607.99,18:00:00,18:30:00
2012-06-17,10618.92,10476.38,18:30:00,18:30:00
2012-06-18,11415.61,11654.75,18:30:00,18:30:00
2012-06-19,11455.29,11609.13,18:30:00,18:30:00
2012-06-20,11629.04,11676.59,18:30:00,18:30:00
2012-06-21,11666.13,11681.71,18:30:00,18:30:00
2012-06-22,11310.94,11281.21,18:00:00,18:30:00
2012-06-23,10960.18,10835.8,18:00:00,18:30:00
2012-06-24,11145.74,10775.91,18:30:00,18:30:00
2012-06-25,11805.74,11897.73,18:00:00,18:30:00
2012-06-26,12096.07,12008.6,18:00:00,18:30:00
2012-06-27,11654.65,11753.26,18:00:00,18:30:00
2012-06-28,11234.93,11629.57,18:30:00,18:30:00
2012-06-29,10441.34,11093.65,18:30:00,18:00:00
2012-06-30,10128.04,10449.24,18:30:00,18:30:00
2012-07-01,10901.71,10523.7,18:30:00,18:30:00
2012-07-02,11695.39,11979.95,18:30:00,18:30:00
2012-07-03,11801.08,11934.79,18:30:00,18:30:00
2012-07-04,11738.11,12023.51,18:30:00,18:30:00
2012-07-05,11828.56,12037.71,18:30:00,18:30:00
2012-07-06,11386.69,11586.52,18:00:00,18:30:00
2012-07-07,10627.3,10932.35,18:30:00,18:30:00
2012-07-08,10490.4,10793.98,18:30:00,18:30:00
2012-07-09,11270.91,11864.3,18:00:00,18:30:00
2012-07-10,11338.83,11628.61,18:00:00,18:30:00
2012-07-11,10519.17,11058.08,18:00:00,18:30:00
2012-07-12,10971.92,11442.3,18:00:00,18:30:00
2012-07-13,9853.22,10628.66,18:00:00,18:00:00
2012-07-14,9563.39,10342.15,18:30:00,18:30:00
2012-07-15,10327.84,10546.9,18:30:00,18:30:00
2012-07-16,11186.8,11718.28,18:30:00,18:30:00
2012-07-17,10903.66,11340.2,18:30:00,18:30:00
2012-07-18,10780.39,11367.54,18:30:00,18:30:00
2012-07-19,11467.0,11731.0,18:30:00,18:30:00
2012-07-20,11023.44,11502.52,18:30:00,18:30:00
2012-07-21,10482.85,10584.08,18:30:00,18:30:00
2012-07-22,10649.18,10500.82,18:30:00,18:30:00
2012-07-23,11441.97,11513.28,18:30:00,18:30:00
2012-07-24,11442.57,11416.14,18:00:00,18:30:00
2012-07-25,10842.58,11024.63,18:30:00,18:30:00
2012-07-26,10844.47,11036.41,18:30:00,18:30:00
2012-07-27,10808.8,11011.36,18:30:00,18:30:00
2012-07-28,10183.27,10353.43,18:30:00,18:30:00
2012-07-29,10692.91,10408.89,18:30:00,18:30:00
2012-07-30,11832.23,11734.14,18:30:00,18:30:00
2012-07-31,11897.55,11650.9,18:30:00,18:30:00
2012-08-01,11887.6,11735.83,18:30:00,18:30:00
2012-08-02,11542.51,11643.16,19:00:00,19:00:00
2012-08-03,10932.16,11100.71,18:30:00,18:30:00
2012-08-04,9878.96,10284.91,18:30:00,18:30:00
2012-08-05,9905.91,10091.84,18:30:00,18:30:00
2012-08-06,10983.0,11187.26,18:30:00,18:30:00
2012-08-07,11230.69,11201.01,19:00:00,19:00:00
2012-08-08,10747.61,10848.38,18:30:00,18:30:00
2012-08-09,11061.25,11044.34,19:00:00,19:00:00
2012-08-10,11344.03,10938.6,18:30:00,18:30:00
2012-08-11,10487.82,10172.09,18:30:00,18:30:00
2012-08-12,10642.42,10104.55,18:30:00,18:30:00
2012-08-13,10934.24,10860.67,19:00:00,18:30:00
2012-08-14,11114.87,10791.22,18:30:00,18:30:00
2012-08-15,10334.43,10490.32,18:30:00,18:30:00
2012-08-16,10336.06,10624.25,19:00:00,19:00:00
2012-08-17,10504.07,10602.24,18:30:00,19:00:00
2012-08-18,9885.4,9862.55,18:30:00,18:30:00
2012-08-19,9845.55,9831.65,19:00:00,19:00:00
2012-08-20,11014.04,10913.57,18:30:00,18:30:00
2012-08-21,10321.09,10544.54,19:00:00,19:00:00
2012-08-22,9740.96,9943.24,18:30:00,18:30:00
2012-08-23,9630.98,9724.38,18:30:00,18:30:00
2012-08-24,9655.18,9834.69,18:30:00,19:00:00
2012-08-25,9093.08,9396.26,18:30:00,18:30:00
2012-08-26,9575.6,9704.7,19:00:00,19:00:00
2012-08-27,10492.66,10532.06,18:30:00,19:00:00
2012-08-28,10311.26,10211.98,18:30:00,19:00:00
2012-08-29,9882.16,9855.61,18:30:00,19:00:00
2012-08-30,9871.63,10098.72,18:30:00,19:00:00
2012-08-31,10378.47,10252.22,18:30:00,19:00:00
2012-09-01,9812.72,9870.36,18:30:00,19:00:00
2012-09-02,9263.42,9583.93,19:00:00,19:00:00
2012-09-03,10017.47,10116.9,18:30:00,19:00:00
2012-09-04,9749.72,9880.34,18:30:00,19:00:00
2012-09-05,9263.74,9486.59,18:30:00,19:00:00
2012-09-06,9205.33,9251.77,18:30:00,19:00:00
2012-09-07,9280.25,9375.48,18:30:00,19:00:00
2012-09-08,8724.54,8915.15,19:00:00,19:00:00
2012-09-09,8852.08,9033.96,19:00:00,19:00:00
2012-09-10,9430.58,9552.01,18:30:00,19:00:00
2012-09-11,9386.36,9530.43,19:00:00,19:00:00
2012-09-12,9218.51,9227.56,19:00:00,19:00:00
2012-09-13,9987.44,9868.84,19:00:00,19:00:00
2012-09-14,9320.27,9474.42,19:00:00,19:00:00
2012-09-15,8835.44,9000.94,19:00:00,19:00:00
2012-09-16,8737.92,8887.86,18:30:00,19:00:00
2012-09-17,9516.14,9625.42,18:30:00,19:00:00
2012-09-18,9577.98,9452.07,18:30:00,19:00:00
2012-09-19,9170.69,9342.18,19:00:00,19:00:00
2012-09-20,9161.64,9259.16,19:00:00,19:00:00
2012-09-21,8740.35,8694.85,19:00:00,19:00:00
2012-09-22,8219.22,8400.62,19:00:00,19:00:00
2012-09-23,8144.59,8756.35,19:00:00,19:00:00
2012-09-24,9064.93,9170.24,19:00:00,19:00:00
2012-09-25,9058.66,9486.41,19:00:00,19:00:00
2012-09-26,8955.99,9027.01,19:00:00,19:00:00
2012-09-27,8864.65,9193.01,19:00:00,19:00:00
2012-09-28,8862.64,9271.4,18:30:00,15:30:00
2012-09-29,7971.47,8078.92,19:00:00,19:00:00
2012-09-30,7766.57,8726.12,19:00:00,19:00:00
2012-10-01,8220.07,8705.75,19:00:00,19:00:00
2012-10-02,8956.05,9022.75,19:00:00,19:00:00
2012-10-03,8830.36,9022.38,19:00:00,19:00:00
2012-10-04,9037.95,9213.95,19:00:00,19:00:00
2012-10-05,9102.02,9493.83,12:30:00,15:00:00
2012-10-06,8324.22,7854.11,18:30:00,19:00:00
2012-10-07,8082.64,8068.25,19:00:00,19:00:00
2012-10-08,8726.69,9110.06,18:30:00,19:00:00
2012-10-09,8715.65,8959.93,19:00:00,08:00:00
2012-10-10,8617.89,8993.17,19:00:00,08:00:00
2012-10-11,8978.86,9264.06,19:00:00,19:00:00
2012-10-12,9434.51,9175.34,08:30:00,08:00:00
2012-10-13,8257.34,8539.33,08:30:00,09:30:00
2012-10-14,8157.89,8067.29,19:00:00,19:00:00
2012-10-15,8562.86,8846.24,19:00:00,09:00:00
2012-10-16,8912.52,9355.18,17:00:00,16:00:00
2012-10-17,8571.28,8821.51,09:30:00,10:00:00
2012-10-18,8560.95,8500.32,19:00:00,09:00:00
2012-10-19,9000.51,9214.81,16:00:00,16:00:00
2012-10-20,7976.82,8456.39,09:30:00,16:00:00
2012-10-21,7705.9,7805.26,19:00:00,19:00:00
2012-10-22,8540.04,8745.39,19:00:00,19:00:00
2012-10-23,8370.29,8793.75,19:00:00,08:00:00
2012-10-24,8466.74,8704.06,19:00:00,09:00:00
2012-10-25,8974.71,9244.95,17:00:00,16:00:00
2012-10-26,8595.23,8686.09,10:00:00,09:30:00
2012-10-27,7694.94,7870.58,09:30:00,09:30:00
2012-10-28,7757.22,7558.81,19:00:00,19:30:00
2012-10-29,8486.27,8603.16,17:00:00,09:30:00
2012-10-30,8662.14,8692.98,16:00:00,16:00:00
2012-10-31,9180.57,9675.02,16:00:00,16:00:00
2012-11-01,9117.7,9897.89,14:00:00,16:00:00
2012-11-02,8432.05,8547.45,09:30:00,09:30:00
2012-11-03,7878.17,7777.63,09:30:00,09:30:00
2012-11-04,8003.54,7690.61,19:30:00,19:30:00
2012-11-05,9423.99,9856.26,16:00:00,16:00:00
2012-11-06,9503.09,10317.07,14:00:00,16:00:00
2012-11-07,9101.17,9304.83,11:30:00,10:00:00
2012-11-08,9230.62,8945.63,10:00:00,11:00:00
2012-11-09,9129.08,8767.64,10:00:00,10:00:00
2012-11-10,7796.4,7894.44,08:30:00,09:30:00
2012-11-11,7606.3,7491.66,19:30:00,19:30:00
2012-11-12,8603.5,8810.87,16:00:00,16:00:00
2012-11-13,8513.34,8713.57,10:00:00,09:30:00
2012-11-14,8637.33,8562.69,09:30:00,09:00:00
2012-11-15,8912.74,8856.72,16:30:00,16:00:00
2012-11-16,8812.35,8844.87,09:30:00,09:30:00
2012-11-17,7905.25,7965.85,09:30:00,09:30:00
2012-11-18,7692.39,7502.26,19:30:00,19:30:00
2012-11-19,8488.29,8712.77,09:30:00,09:00:00
2012-11-20,8430.17,8633.86,10:30:00,09:00:00
2012-11-21,8687.25,8887.21,16:30:00,16:00:00
2012-11-22,8636.24,8719.23,09:30:00,09:30:00
2012-11-23,8617.55,8807.72,10:00:00,09:30:00
2012-11-24,8089.64,8083.45,16:00:00,09:30:00
2012-11-25,9240.74,9457.31,17:00:00,17:00:00
2012-11-26,10245.85,10531.94,14:00:00,16:00:00
2012-11-27,9593.67,10357.83,11:30:00,16:00:00
2012-11-28,9209.98,9140.31,11:00:00,10:00:00
2012-11-29,10587.76,9800.68,16:00:00,16:00:00
2012-11-30,11913.49,11874.17,16:00:00,16:00:00
2012-12-01,10659.26,10448.09,17:00:00,15:30:00
2012-12-02,8122.79,8328.7,15:00:00,11:30:00
2012-12-03,9180.14,8883.93,10:00:00,10:00:00
2012-12-04,9084.81,8748.9,16:00:00,10:00:00
2012-12-05,8551.15,8407.76,16:00:00,09:30:00
2012-12-06,8611.1,8614.46,16:00:00,09:00:00
2012-12-07,8918.6,8753.99,11:00:00,10:00:00
2012-12-08,8745.96,8501.91,16:00:00,16:00:00
2012-12-09,8042.71,8121.77,10:00:00,12:00:00
2012-12-10,8776.49,8556.62,10:00:00,09:30:00
2012-12-11,8653.31,8486.87,10:00:00,09:00:00
2012-12-12,9047.87,8656.98,16:00:00,10:00:00
2012-12-13,9524.34,9168.65,16:00:00,16:00:00
2012-12-14,9688.49,9931.15,16:00:00,16:00:00
2012-12-15,8335.01,8387.15,09:30:00,16:00:00
2012-12-16,9269.43,9174.23,17:00:00,17:30:00
2012-12-17,9027.78,9180.67,09:30:00,09:30:00
2012-12-18,9988.96,9284.93,16:00:00,16:00:00
2012-12-19,10437.47,9788.45,16:00:00,16:00:00
2012-12-20,10225.79,10855.8,13:30:00,15:30:00
2012-12-21,8954.61,8916.36,10:00:00,10:00:00
2012-12-22,8625.01,8058.51,17:00:00,16:00:00
2012-12-23,9679.33,8905.03,15:00:00,17:30:00
2012-12-24,10543.27,10419.85,14:30:00,16:00:00
2012-12-25,7006.52,7553.32,00:00:00,10:00:00
2012-12-26,6746.09,6611.18,20:00:00,22:30:00
2012-12-27,7790.37,7858.21,17:00:00,17:00:00
2012-12-28,8235.98,9199.23,12:00:00,16:00:00
2012-12-29,7426.61,7243.89,16:00:00,17:30:00
2012-12-30,7324.85,7370.96,20:00:00,20:00:00
2012-12-31,9205.53,9537.99,16:30:00,16:00:00
2013-01-01,8840.88,9290.26,17:00:00,17:30:00
2013-01-02,8612.44,8102.59,11:30:00,14:00:00
2013-01-03,9068.26,8980.65,17:00:00,16:00:00
2013-01-04,10011.36,10169.31,16:30:00,16:00:00
2013-01-05,10203.36,9882.63,16:00:00,16:00:00
2013-01-06,9593.61,9307.96,15:30:00,17:30:00
2013-01-07,11012.95,10450.09,16:00:00,16:00:00
2013-01-08,12972.78,12888.07,16:00:00,16:00:00
2013-01-09,9314.95,10385.05,10:30:00,10:00:00
2013-01-10,9345.61,9250.4,16:00:00,16:00:00
2013-01-11,11841.88,10961.06,16:00:00,16:00:00
2013-01-12,10186.12,11056.01,14:30:00,16:00:00
2013-01-13,8310.1,8374.71,17:00:00,17:30:00
2013-01-14,8739.53,8748.16,09:30:00,16:00:00
2013-01-15,9108.81,9174.4,16:30:00,16:00:00
2013-01-16,10531.31,10571.24,15:30:00,16:00:00
2013-01-17,11476.07,10803.77,16:00:00,16:00:00
2013-01-18,13787.85,13113.44,15:30:00,16:00:00
2013-01-19,8502.22,8720.07,11:00:00,11:00:00
2013-01-20,8041.14,7943.24,17:30:00,17:30:00
2013-01-21,10117.8,10327.86,16:00:00,16:00:00
2013-01-22,11044.9,11145.85,13:00:00,16:00:00
2013-01-23,9568.2,9597.87,13:30:00,14:00:00
2013-01-24,10531.6,9872.77,16:00:00,16:00:00
2013-01-25,11367.57,10893.34,16:00:00,16:00:00
2013-01-26,9362.05,9571.95,15:30:00,15:00:00
2013-01-27,8048.45,8582.59,10:00:00,13:00:00
2013-01-28,8449.77,8695.52,17:00:00,11:00:00
2013-01-29,9661.3,10184.1,11:00:00,16:00:00
2013-01-30,9514.28,9629.78,16:00:00,16:00:00
2013-01-31,10928.47,10684.67,17:00:00,16:00:00
2013-02-01,9679.53,10084.16,09:30:00,12:30:00
2013-02-02,7982.33,8076.94,09:30:00,09:30:00
2013-02-03,7706.25,7884.61,20:00:00,20:00:00
2013-02-04,9047.93,9304.44,14:00:00,16:00:00
2013-02-05,9383.88,9454.12,16:00:00,16:00:00
2013-02-06,9595.78,9792.63,16:00:00,16:00:00
2013-02-07,10178.97,10298.66,16:00:00,16:00:00
2013-02-08,11109.74,10988.37,16:00:00,16:00:00
2013-02-09,9670.57,9940.33,15:30:00,16:00:00
2013-02-10,9158.62,9374.8,14:30:00,16:00:00
2013-02-11,9241.59,9360.54,11:00:00,11:00:00
2013-02-12,9148.64,9228.2,16:00:00,16:00:00
2013-02-13,9049.0,9149.67,16:00:00,16:00:00
2013-02-14,9389.07,9581.79,16:00:00,16:00:00
2013-02-15,9395.34,9392.5,09:30:00,11:00:00
2013-02-16,8262.74,8342.41,10:00:00,09:30:00
2013-02-17,8113.38,8037.1,18:00:00,19:30:00
2013-02-18,9541.32,9774.82,14:00:00,16:00:00
2013-02-19,10195.97,10369.23,16:00:00,16:00:00
2013-02-20,9958.8,9767.09,16:00:00,16:00:00
2013-02-21,9767.03,9683.0,15:30:00,16:00:00
2013-02-22,9516.66,9512.54,11:00:00,11:00:00
2013-02-23,8447.03,8330.43,10:00:00,09:30:00
2013-02-24,9322.43,8981.94,17:00:00,17:30:00
2013-02-25,11186.0,11050.15,15:00:00,16:00:00
2013-02-26,10286.76,10682.55,15:00:00,16:00:00
2013-02-27,10570.92,10319.56,16:00:00,16:00:00
2013-02-28,9810.37,9923.91,11:00:00,13:30:00
2013-03-01,9031.37,8857.38,09:30:00,09:30:00
2013-03-02,8049.88,7952.51,09:30:00,09:30:00
2013-03-03,7907.98,7760.29,19:30:00,19:30:00
2013-03-04,9041.68,9286.68,13:00:00,13:30:00
2013-03-05,9268.57,9409.91,15:30:00,16:00:00
2013-03-06,9561.33,9698.98,16:00:00,16:00:00
2013-03-07,10045.54,9943.24,16:00:00,16:00:00
2013-03-08,9557.36,9677.57,16:00:00,16:00:00
2013-03-09,8563.92,8727.47,16:00:00,16:00:00
2013-03-10,8635.91,8667.16,16:00:00,17:30:00
2013-03-11,9826.19,9927.99,15:30:00,16:00:00
2013-03-12,9726.27,9784.28,16:00:00,16:00:00
2013-03-13,9833.87,9956.18,16:00:00,16:00:00
2013-03-14,9295.76,9527.72,16:00:00,13:30:00
2013-03-15,9234.87,9337.49,10:00:00,11:00:00
2013-03-16,8628.77,8500.48,16:00:00,16:00:00
2013-03-17,7755.92,7763.71,19:00:00,19:00:00
2013-03-18,8747.61,8708.5,16:30:00,17:00:00
2013-03-19,8639.07,8747.0,15:30:00,16:00:00
2013-03-20,8856.15,8907.11,16:00:00,16:00:00
2013-03-21,9018.88,9358.13,14:00:00,16:00:00
2013-03-22,9709.58,10346.04,15:30:00,16:00:00
2013-03-23,8637.83,8763.95,16:00:00,16:00:00
2013-03-24,9203.29,8678.52,19:00:00,19:00:00
2013-03-25,10080.21,9725.18,16:00:00,16:00:00
2013-03-26,10017.53,9950.39,16:00:00,16:00:00
2013-03-27,10724.86,10475.24,16:00:00,16:00:00
2013-03-28,10068.48,10430.44,13:30:00,15:30:00
2013-03-29,7492.19,7337.47,18:30:00,19:00:00
2013-03-30,7589.82,7495.29,18:30:00,19:00:00
2013-03-31,7419.82,7379.0,19:00:00,19:00:00
2013-04-01,7829.62,7877.29,18:30:00,18:30:00
2013-04-02,8691.5,8745.44,15:30:00,18:30:00
2013-04-03,8719.31,8724.25,09:30:00,18:30:00
2013-04-04,8717.34,8846.65,18:30:00,18:30:00
2013-04-05,8682.62,8814.27,09:30:00,09:30:00
2013-04-06,7915.21,8025.94,18:30:00,09:30:00
2013-04-07,8404.87,8247.98,18:30:00,18:30:00
2013-04-08,9178.61,9001.46,18:30:00,18:30:00
2013-04-09,9163.18,8965.25,18:30:00,18:30:00
2013-04-10,9231.82,9001.8,18:30:00,18:30:00
2013-04-11,9120.32,9155.61,18:30:00,18:30:00
2013-04-12,8990.35,8735.02,18:30:00,11:00:00
2013-04-13,8362.15,8323.72,18:30:00,18:30:00
2013-04-14,8427.33,8734.77,18:30:00,18:30:00
2013-04-15,9381.59,9250.93,18:30:00,18:30:00
2013-04-16,9246.27,9092.17,18:30:00,18:30:00
2013-04-17,9155.64,9025.66,18:30:00,18:30:00
2013-04-18,9311.58,9112.78,18:30:00,18:30:00
2013-04-19,9053.09,9047.23,18:30:00,18:30:00
2013-04-20,8701.94,8771.26,18:30:00,18:30:00
2013-04-21,8633.92,8755.09,18:30:00,18:30:00
2013-04-22,9198.55,9221.39,18:30:00,18:30:00
2013-04-23,9109.72,9155.03,18:30:00,18:30:00
2013-04-24,8995.18,9226.73,18:30:00,18:30:00
2013-04-25,8303.07,8340.86,18:30:00,18:30:00
2013-04-26,8643.5,8843.69,18:00:00,18:30:00
2013-04-27,8179.36,8600.5,18:30:00,18:30:00
2013-04-28,8338.02,8733.89,18:30:00,18:30:00
2013-04-29,9450.0,9352.73,18:00:00,18:30:00
2013-04-30,9426.0,9241.01,18:00:00,18:30:00
2013-05-01,9411.36,9184.57,18:00:00,18:00:00
2013-05-02,9475.88,9469.79,18:00:00,18:30:00
2013-05-03,9100.52,9124.56,18:00:00,18:00:00
2013-05-04,8545.29,8730.96,18:00:00,18:30:00
2013-05-05,8809.98,9076.38,18:30:00,18:30:00
2013-05-06,9872.25,9935.41,18:00:00,18:30:00
2013-05-07,9637.83,9736.17,18:00:00,18:30:00
2013-05-08,9490.89,9565.3,18:00:00,18:30:00
2013-05-09,9353.71,9609.17,18:00:00,18:00:00
2013-05-10,9286.9,9379.7,18:00:00,18:00:00
2013-05-11,8645.73,8962.6,18:00:00,18:30:00
2013-05-12,8490.46,8948.8,18:30:00,18:30:00
2013-05-13,9898.46,9686.62,18:00:00,18:00:00
2013-05-14,9727.35,9874.11,18:00:00,18:30:00
2013-05-15,9897.72,10028.62,18:00:00,18:30:00
2013-05-16,9905.43,9949.08,18:00:00,18:30:00
2013-05-17,9746.17,9718.71,18:00:00,18:00:00
2013-05-18,9162.27,9340.68,18:00:00,18:30:00
2013-05-19,9482.87,9555.93,18:30:00,18:30:00
2013-05-20,10391.76,10375.52,18:00:00,18:30:00
2013-05-21,10046.82,10219.85,18:00:00,18:00:00
2013-05-22,10956.21,10683.8,18:00:00,18:30:00
2013-05-23,10683.11,10600.4,18:00:00,18:30:00
2013-05-24,10287.39,10113.97,18:00:00,18:00:00
2013-05-25,9383.84,9363.66,18:00:00,18:30:00
2013-05-26,9726.19,9601.37,18:30:00,18:30:00
2013-05-27,10668.16,10724.18,18:00:00,18:00:00
2013-05-28,10366.6,10365.18,18:00:00,18:00:00
2013-05-29,10098.45,10154.21,18:00:00,18:00:00
2013-05-30,10074.65,10240.77,18:00:00,18:00:00
2013-05-31,9689.83,9897.01,18:00:00,18:00:00
2013-06-01,9216.24,9363.02,18:00:00,18:00:00
2013-06-02,10139.25,9838.41,18:00:00,18:30:00
2013-06-03,10769.45,10859.75,18:00:00,18:30:00
2013-06-04,10456.64,10892.28,18:00:00,18:30:00
2013-06-05,10624.74,10673.83,18:00:00,18:00:00
2013-06-06,10293.12,10513.18,18:00:00,18:00:00
2013-06-07,9655.64,10175.35,18:00:00,18:00:00
2013-06-08,9405.84,10009.89,18:00:00,18:30:00
2013-06-09,9169.95,9979.12,18:00:00,18:30:00
2013-06-10,9909.8,10466.28,18:00:00,18:00:00
2013-06-11,10448.13,10701.64,18:00:00,18:00:00
2013-06-12,10953.72,10918.68,18:00:00,18:30:00
2013-06-13,10336.18,10763.34,18:00:00,18:30:00
2013-06-14,10234.74,10518.86,18:00:00,18:00:00
2013-06-15,9664.85,9835.46,18:00:00,18:30:00
2013-06-16,10047.6,10089.32,18:30:00,18:30:00
2013-06-17,11174.29,11412.6,18:00:00,18:30:00
2013-06-18,11271.53,11350.46,18:30:00,18:30:00
2013-06-19,11288.59,11292.15,18:00:00,18:30:00
2013-06-20,11260.26,11393.2,18:30:00,18:30:00
2013-06-21,11008.55,11193.36,18:00:00,18:30:00
2013-06-22,10606.61,10368.36,18:00:00,18:30:00
2013-06-23,10814.96,10349.67,18:30:00,18:30:00
2013-06-24,11553.75,11448.7,18:00:00,18:30:00
2013-06-25,11537.78,11339.12,18:00:00,18:30:00
2013-06-26,10751.77,11444.09,18:00:00,18:30:00
2013-06-27,10684.59,10917.56,18:00:00,18:30:00
2013-06-28,10520.34,10607.67,18:00:00,18:00:00
2013-06-29,10101.67,10085.72,18:00:00,18:30:00
2013-06-30,10179.56,10217.27,18:30:00,18:30:00
2013-07-01,10850.38,10940.77,18:30:00,18:30:00
2013-07-02,10749.21,11060.67,18:30:00,18:30:00
2013-07-03,10732.79,10924.66,18:30:00,18:30:00
2013-07-04,10281.63,10929.02,18:30:00,18:30:00
2013-07-05,10056.8,10481.16,18:30:00,18:30:00
2013-07-06,10086.19,10152.17,18:30:00,18:30:00
2013-07-07,10192.17,10343.27,18:30:00,18:30:00
2013-07-08,11145.74,11363.76,18:00:00,18:30:00
2013-07-09,11506.23,11488.24,18:30:00,18:30:00
2013-07-10,11075.95,11299.01,18:30:00,18:30:00
2013-07-11,10888.22,11145.32,18:30:00,18:30:00
2013-07-12,10479.13,10739.14,18:00:00,18:30:00
2013-07-13,9934.42,10024.24,18:30:00,18:30:00
2013-07-14,10033.81,10183.43,18:30:00,18:30:00
2013-07-15,10719.66,10805.17,18:00:00,18:30:00
2013-07-16,10249.25,10403.09,18:00:00,18:30:00
2013-07-17,9758.14,10178.68,18:30:00,18:30:00
2013-07-18,9836.08,10141.67,18:30:00,18:30:00
2013-07-19,9847.06,9991.52,18:00:00,18:00:00
2013-07-20,9391.34,9690.69,18:30:00,18:30:00
2013-07-21,10295.26,10112.06,18:30:00,18:30:00
2013-07-22,11183.61,11382.04,18:30:00,18:30:00
2013-07-23,11264.18,11276.69,18:30:00,18:30:00
2013-07-24,11053.8,11062.93,18:30:00,18:30:00
2013-07-25,10805.13,11094.14,18:30:00,18:30:00
2013-07-26,10395.99,10760.26,18:30:00,18:30:00
2013-07-27,9906.67,10071.19,18:30:00,18:30:00
2013-07-28,9952.06,9906.25,18:30:00,18:30:00
2013-07-29,10165.53,10483.08,18:30:00,18:30:00
2013-07-30,10259.55,10358.91,18:30:00,18:30:00
2013-07-31,10475.67,10546.68,18:30:00,18:30:00
2013-08-01,10454.93,10861.48,18:30:00,18:30:00
2013-08-02,9919.0,10439.5,18:30:00,18:30:00
2013-08-03,9504.02,9844.46,18:30:00,18:30:00
2013-08-04,9754.09,9945.16,18:30:00,18:30:00
2013-08-05,10399.19,10586.37,18:30:00,18:30:00
2013-08-06,9941.65,10301.46,18:30:00,18:30:00
2013-08-07,10253.83,10565.05,18:30:00,18:30:00
2013-08-08,11073.49,10958.72,18:30:00,19:00:00
2013-08-09,10135.45,10325.48,18:30:00,18:30:00
2013-08-10,8833.34,9318.99,18:30:00,18:30:00
2013-08-11,9185.95,9344.84,18:30:00,18:30:00
2013-08-12,10114.37,10161.42,18:30:00,18:30:00
2013-08-13,9890.78,10200.91,18:30:00,18:30:00
2013-08-14,9752.57,9834.53,18:30:00,18:30:00
2013-08-15,10167.86,10179.52,18:30:00,19:00:00
2013-08-16,9853.55,9951.14,08:00:00,18:30:00
2013-08-17,8761.89,9129.16,18:30:00,18:30:00
2013-08-18,8923.93,9081.92,18:30:00,19:00:00
2013-08-19,10360.79,10173.84,18:30:00,18:30:00
2013-08-20,11058.37,10813.78,19:00:00,19:00:00
2013-08-21,10875.95,10711.46,18:30:00,19:00:00
2013-08-22,10764.41,10596.25,19:00:00,19:00:00
2013-08-23,10023.68,9859.84,18:30:00,18:30:00
2013-08-24,8859.34,8868.22,18:30:00,18:30:00
2013-08-25,8814.15,9005.99,19:00:00,19:00:00
2013-08-26,9807.87,9735.59,18:30:00,18:30:00
2013-08-27,9587.2,9657.23,18:30:00,18:30:00
2013-08-28,9292.08,9407.14,18:30:00,18:30:00
2013-08-29,9504.16,9324.1,18:30:00,18:30:00
2013-08-30,8803.5,8837.98,18:30:00,18:30:00
2013-08-31,8389.39,8494.29,18:30:00,18:30:00
2013-09-01,8396.76,8835.88,19:00:00,19:00:00
2013-09-02,9212.16,9355.04,18:30:00,18:30:00
2013-09-03,9133.97,9225.31,18:30:00,18:30:00
2013-09-04,9104.76,9073.48,18:30:00,19:00:00
2013-09-05,9206.67,9255.5,18:30:00,19:00:00
2013-09-06,8779.48,8751.64,18:30:00,18:30:00
2013-09-07,8295.42,8530.93,18:30:00,19:00:00
2013-09-08,8455.74,8289.16,18:30:00,19:00:00
2013-09-09,9031.5,8983.4,18:30:00,19:00:00
2013-09-10,9031.59,9034.78,18:30:00,18:30:00
2013-09-11,8789.15,8815.99,18:30:00,19:00:00
2013-09-12,9044.67,9023.49,18:30:00,19:00:00
2013-09-13,9010.42,9298.5,18:30:00,19:00:00
2013-09-14,8300.83,8271.21,19:00:00,19:00:00
2013-09-15,8493.29,8325.91,18:30:00,19:00:00
2013-09-16,9916.19,9225.14,18:30:00,19:00:00
2013-09-17,9032.22,8943.29,18:30:00,19:00:00
2013-09-18,8739.23,8640.45,19:00:00,19:00:00
2013-09-19,8915.92,8746.19,19:00:00,19:00:00
2013-09-20,8716.7,8732.03,18:30:00,19:00:00
2013-09-21,8220.71,8226.81,19:00:00,19:00:00
2013-09-22,8272.04,8382.75,19:00:00,19:00:00
2013-09-23,8936.38,9034.18,19:00:00,19:00:00
2013-09-24,8763.9,8997.44,19:00:00,19:00:00
2013-09-25,9081.59,9189.41,19:00:00,19:00:00
2013-09-26,8808.32,8828.96,19:00:00,19:00:00
2013-09-27,8617.56,8334.46,19:00:00,19:00:00
2013-09-28,8062.53,8009.96,19:00:00,19:00:00
2013-09-29,8086.26,8005.81,19:00:00,19:00:00
2013-09-30,9076.25,9270.16,19:00:00,19:00:00
2013-10-01,9007.87,9101.6,12:30:00,14:00:00
2013-10-02,8694.09,8348.89,19:00:00,19:00:00
2013-10-03,9072.29,8783.4,19:00:00,19:00:00
2013-10-04,8513.44,8585.48,19:00:00,19:00:00
2013-10-05,7892.76,8140.28,19:00:00,19:00:00
2013-10-06,7672.24,8332.78,19:00:00,19:00:00
2013-10-07,7797.91,7578.41,19:00:00,19:00:00
2013-10-08,8493.27,8453.82,19:00:00,19:00:00
2013-10-09,8640.71,8769.54,16:30:00,19:00:00
2013-10-10,9971.55,10017.8,16:30:00,16:00:00
2013-10-11,8551.3,8590.04,09:30:00,09:30:00
2013-10-12,8144.21,8078.14,19:00:00,19:00:00
2013-10-13,8694.04,8494.95,17:00:00,19:00:00
2013-10-14,8421.82,8424.35,19:00:00,19:00:00
2013-10-15,8310.83,8800.19,07:00:00,08:00:00
2013-10-16,8332.06,8658.46,16:30:00,16:00:00
2013-10-17,8998.59,9408.41,16:00:00,16:00:00
2013-10-18,8437.73,8427.76,09:00:00,08:30:00
2013-10-19,7617.38,7703.56,19:00:00,09:30:00
2013-10-20,8016.86,8343.39,19:00:00,19:00:00
2013-10-21,10085.15,10589.57,16:00:00,16:00:00
2013-10-22,9113.84,9607.41,16:30:00,16:00:00
2013-10-23,9909.27,9748.78,16:00:00,16:00:00
2013-10-24,8337.41,8154.32,10:00:00,09:00:00
2013-10-25,8241.39,8513.14,07:30:00,08:30:00
2013-10-26,7518.72,7628.5,19:00:00,09:30:00
2013-10-27,7684.24,7472.4,19:00:00,19:00:00
2013-10-28,8621.79,8436.25,17:00:00,09:30:00
2013-10-29,8591.29,8580.03,10:30:00,12:30:00
2013-10-30,8192.79,8328.81,19:00:00,09:00:00
2013-10-31,8317.45,8409.19,16:00:00,09:00:00
2013-11-01,8529.98,8415.64,10:00:00,09:30:00
2013-11-02,8131.02,8231.3,19:00:00,17:00:00
2013-11-03,7989.74,8227.41,16:00:00,17:00:00
2013-11-04,8345.44,8408.1,19:00:00,08:30:00
2013-11-05,8377.87,8501.13,09:30:00,07:30:00
2013-11-06,8502.07,8569.58,17:00:00,16:00:00
2013-11-07,9524.84,9807.43,16:00:00,16:00:00
2013-11-08,10049.8,10493.47,16:00:00,16:00:00
2013-11-09,8409.67,8292.0,14:30:00,11:00:00
2013-11-10,7809.94,7593.65,18:00:00,19:30:00
2013-11-11,8741.97,8571.48,17:00:00,19:00:00
2013-11-12,8710.85,8621.29,09:30:00,09:00:00
2013-11-13,8421.3,8473.57,16:00:00,16:00:00
2013-11-14,8543.4,8454.79,17:00:00,09:30:00
2013-11-15,8699.87,8604.6,10:00:00,09:30:00
2013-11-16,7742.42,7600.41,09:30:00,09:30:00
2013-11-17,7901.19,7362.23,19:00:00,19:30:00
2013-11-18,8649.72,8555.32,17:00:00,09:00:00
2013-11-19,8587.93,8631.24,17:00:00,16:00:00
2013-11-20,9118.65,9352.01,16:30:00,16:00:00
2013-11-21,9143.02,9177.75,15:30:00,16:00:00
2013-11-22,8854.99,9068.36,10:00:00,11:00:00
2013-11-23,8017.55,7941.27,09:30:00,09:30:00
2013-11-24,7566.82,7452.28,19:30:00,19:30:00
2013-11-25,8571.38,8573.82,10:00:00,09:00:00
2013-11-26,8520.63,8528.77,17:00:00,09:00:00
2013-11-27,8733.85,8856.54,16:30:00,16:00:00
2013-11-28,9568.13,10159.44,16:00:00,16:00:00
2013-11-29,8846.69,9164.05,11:00:00,09:30:00
2013-11-30,7661.6,7783.32,09:30:00,09:30:00
2013-12-01,7672.2,7227.63,19:30:00,20:00:00
2013-12-02,8960.2,8965.48,16:00:00,16:00:00
2013-12-03,9405.77,9568.18,16:30:00,16:00:00
2013-12-04,9995.99,10367.93,16:30:00,16:00:00
2013-12-05,8716.19,8914.86,10:00:00,09:00:00
2013-12-06,8167.21,8444.8,09:30:00,09:00:00
2013-12-07,7619.31,7637.7,09:30:00,09:30:00
2013-12-08,8197.83,7991.26,20:00:00,20:00:00
2013-12-09,10142.8,10461.94,16:00:00,16:00:00
2013-12-10,10333.89,9653.73,16:00:00,16:00:00
2013-12-11,9521.9,8934.4,16:00:00,16:00:00
2013-12-12,9209.04,8840.37,16:00:00,16:00:00
2013-12-13,10037.55,9476.05,16:00:00,16:00:00
2013-12-14,8127.58,8055.31,10:30:00,09:30:00
2013-12-15,7938.09,7284.32,16:00:00,20:00:00
2013-12-16,9312.92,8836.48,15:30:00,10:00:00
2013-12-17,9822.61,9312.65,16:00:00,16:00:00
2013-12-18,9900.81,9694.04,16:00:00,16:00:00
2013-12-19,10291.22,10004.62,16:00:00,16:00:00
2013-12-20,11916.82,11569.73,16:30:00,16:00:00
2013-12-21,9101.27,8924.48,16:00:00,15:00:00
2013-12-22,10546.32,9582.25,17:00:00,17:00:00
2013-12-23,10457.39,11416.16,13:00:00,15:30:00
2013-12-24,8182.43,8003.12,10:00:00,09:30:00
2013-12-25,6899.69,6701.5,10:00:00,10:00:00
2013-12-26,7252.09,7020.28,20:00:00,20:00:00
2013-12-27,7978.24,7990.78,16:00:00,16:30:00
2013-12-28,8140.19,7534.19,17:30:00,17:30:00
2013-12-29,7249.09,7403.35,18:00:00,10:30:00
2013-12-30,8100.55,7970.18,17:00:00,17:00:00
2013-12-31,8363.62,8686.65,16:00:00,16:00:00
2014-01-01,7753.16,8021.97,17:00:00,17:00:00
2014-01-02,9811.47,9624.07,14:00:00,16:00:00
2014-01-03,9562.18,9099.41,16:00:00,16:00:00
2014-01-04,8108.13,8269.98,16:00:00,16:00:00
2014-01-05,8466.4,8153.36,17:30:00,17:30:00
2014-01-06,9245.2,9029.83,16:00:00,16:00:00
2014-01-07,8278.34,8326.0,10:00:00,10:00:00
2014-01-08,8208.71,8234.77,11:00:00,16:30:00
2014-01-09,8379.02,8452.83,11:00:00,16:00:00
2014-01-10,8975.64,9090.7,16:00:00,16:00:00
2014-01-11,9235.59,9152.47,16:00:00,16:00:00
2014-01-12,8882.13,8667.64,15:00:00,17:00:00
2014-01-13,9986.19,9614.89,16:00:00,16:00:00
2014-01-14,10861.94,10366.7,16:30:00,16:00:00
2014-01-15,11801.11,11364.88,16:00:00,16:00:00
2014-01-16,11845.77,11850.87,16:00:00,16:00:00
2014-01-17,11568.42,11882.99,16:00:00,16:00:00
2014-01-18,10499.93,10075.7,15:00:00,16:00:00
2014-01-19,9132.78,8888.9,16:00:00,17:00:00
2014-01-20,10059.58,9802.81,14:00:00,15:30:00
2014-01-21,9816.5,9420.42,15:30:00,16:00:00
2014-01-22,9313.84,9100.69,09:30:00,13:30:00
2014-01-23,9242.85,9079.52,13:00:00,16:00:00
2014-01-24,9316.97,9176.41,09:30:00,14:00:00
2014-01-25,7904.68,7910.46,09:30:00,09:30:00
2014-01-26,7346.23,7543.19,09:30:00,17:30:00
2014-01-27,8246.15,8654.43,17:30:00,17:00:00
2014-01-28,10070.52,9967.93,16:30:00,16:00:00
2014-01-29,11278.09,10916.09,16:00:00,16:00:00
2014-01-30,11004.94,10498.51,16:00:00,16:00:00
2014-01-31,11335.48,11176.23,16:00:00,16:00:00
2014-02-01,9897.56,9388.28,16:00:00,16:00:00
2014-02-02,9732.0,9274.33,17:00:00,16:00:00
2014-02-03,11095.83,10773.72,16:00:00,16:00:00
2014-02-04,9532.46,9513.74,10:00:00,11:00:00
2014-02-05,8735.29,8685.2,10:30:00,16:00:00
2014-02-06,8860.39,8973.6,17:00:00,16:00:00
2014-02-07,9718.76,9708.21,16:00:00,16:00:00
2014-02-08,9478.43,9599.77,17:00:00,16:00:00
2014-02-09,9901.44,9645.75,17:00:00,17:00:00
2014-02-10,10179.52,10147.28,16:00:00,16:00:00
2014-02-11,10052.42,9738.29,16:00:00,16:00:00
2014-02-12,10419.07,10026.63,16:00:00,16:00:00
2014-02-13,10436.14,10223.68,15:00:00,16:00:00
2014-02-14,9568.52,9545.41,09:30:00,10:00:00
2014-02-15,8441.51,8383.9,09:30:00,09:30:00
2014-02-16,8355.52,8221.14,11:00:00,17:30:00
2014-02-17,9106.93,9282.95,16:00:00,16:00:00
2014-02-18,9398.5,9273.7,17:00:00,16:00:00
2014-02-19,9814.5,10428.55,11:30:00,16:00:00
2014-02-20,9072.56,9067.22,16:00:00,16:00:00
2014-02-21,8780.35,8827.58,16:00:00,16:00:00
2014-02-22,7895.98,7914.38,09:30:00,09:30:00
2014-02-23,7968.06,7708.87,19:30:00,19:30:00
2014-02-24,9665.07,9663.84,16:30:00,16:00:00
2014-02-25,9924.94,9836.94,16:00:00,16:00:00
2014-02-26,10113.55,10498.24,16:00:00,16:00:00
2014-02-27,9302.16,9070.62,10:00:00,09:30:00
2014-02-28,8950.72,8714.65,10:00:00,16:00:00
2014-03-01,8136.16,7853.91,10:00:00,09:30:00
2014-03-02,7831.32,7595.68,19:30:00,19:30:00
2014-03-03,8934.83,9110.63,10:00:00,16:00:00
2014-03-04,9158.66,9260.51,15:30:00,16:00:00
2014-03-05,9384.05,9693.55,15:30:00,16:00:00
2014-03-06,9145.19,9039.5,16:00:00,10:00:00
2014-03-07,9346.45,9652.33,14:00:00,16:00:00
2014-03-08,7953.0,8263.05,09:30:00,16:00:00
2014-03-09,8146.35,7999.02,17:30:00,19:00:00
2014-03-10,9649.68,9738.69,16:00:00,16:00:00
2014-03-11,9653.68,9737.67,15:30:00,16:00:00
2014-03-12,9459.83,9686.58,16:00:00,16:00:00
2014-03-13,9118.17,9016.21,16:00:00,10:00:00
2014-03-14,9331.15,9511.7,16:00:00,16:00:00
2014-03-15,8081.18,8616.75,16:00:00,16:00:00
2014-03-16,7818.77,7927.08,19:00:00,19:00:00
2014-03-17,8741.49,8639.86,17:00:00,16:30:00
2014-03-18,9302.47,9292.52,16:00:00,16:00:00
2014-03-19,9478.3,9192.71,14:00:00,14:00:00
2014-03-20,9494.72,9151.96,16:00:00,16:00:00
2014-03-21,9192.19,9367.64,10:00:00,16:00:00
2014-03-22,8187.03,8419.4,15:30:00,16:00:00
2014-03-23,8401.23,8274.33,19:00:00,19:00:00
2014-03-24,9017.14,8849.93,11:30:00,09:30:00
2014-03-25,8829.54,8890.68,16:00:00,16:00:00
2014-03-26,9188.0,9023.82,13:00:00,10:00:00
2014-03-27,9247.8,9070.79,09:30:00,10:00:00
2014-03-28,9073.15,8962.31,10:00:00,10:00:00
2014-03-29,8070.02,8047.59,09:30:00,09:30:00
2014-03-30,8258.93,7989.48,18:30:00,19:00:00
2014-03-31,9116.18,9125.72,16:00:00,16:00:00
2014-04-01,9139.24,9146.97,14:00:00,16:00:00
2014-04-02,9331.91,9286.41,16:00:00,16:00:00
2014-04-03,9563.73,9461.84,16:00:00,16:00:00
2014-04-04,9026.3,9046.45,10:00:00,10:00:00
2014-04-05,7996.13,7922.51,09:30:00,09:30:00
2014-04-06,8203.03,7936.96,18:30:00,18:30:00
2014-04-07,9074.65,8936.78,18:30:00,18:30:00
2014-04-08,9100.55,8866.46,18:30:00,18:30:00
2014-04-09,9265.07,8840.98,18:30:00,18:30:00
2014-04-10,9391.29,8886.45,18:30:00,18:30:00
2014-04-11,9126.25,8802.43,18:30:00,12:30:00
2014-04-12,8220.59,8010.15,18:30:00,18:30:00
2014-04-13,8251.32,8101.06,18:30:00,18:30:00
2014-04-14,9199.8,8997.52,18:30:00,18:30:00
2014-04-15,9071.96,9001.63,18:30:00,18:30:00
2014-04-16,9018.59,8934.14,18:30:00,18:30:00
2014-04-17,8766.31,8948.86,18:30:00,18:30:00
2014-04-18,7802.17,7644.22,18:30:00,18:30:00
2014-04-19,7939.75,7869.46,18:30:00,18:30:00
2014-04-20,7601.37,7714.55,18:30:00,18:30:00
2014-04-21,8224.06,8259.98,18:30:00,18:30:00
2014-04-22,8899.68,8919.9,18:30:00,18:30:00
2014-04-23,8847.83,8891.32,18:30:00,18:30:00
2014-04-24,8877.55,9023.76,18:30:00,18:30:00
2014-04-25,8093.5,7595.5,18:30:00,18:30:00
2014-04-26,8213.54,8166.64,18:30:00,18:30:00
2014-04-27,8556.37,8470.26,18:30:00,18:30:00
2014-04-28,9331.71,9220.42,18:00:00,18:30:00
2014-04-29,9347.03,9029.32,18:00:00,18:30:00
2014-04-30,9249.56,9179.8,18:30:00,18:30:00
2014-05-01,9349.65,9409.14,18:30:00,18:30:00
2014-05-02,9170.62,9368.88,18:00:00,18:30:00
2014-05-03,9262.79,9111.46,18:00:00,18:30:00
2014-05-04,9240.78,9154.99,18:30:00,18:30:00
2014-05-05,10022.32,9907.05,18:00:00,18:30:00
2014-05-06,9851.82,9824.14,18:00:00,18:30:00
2014-05-07,9847.12,9793.53,18:00:00,18:30:00
2014-05-08,9901.55,9800.6,18:00:00,18:30:00
2014-05-09,9577.3,9435.13,18:00:00,18:00:00
2014-05-10,8860.59,8769.6,18:00:00,18:30:00
2014-05-11,8530.42,8712.95,18:30:00,18:30:00
2014-05-12,9716.3,9602.56,18:00:00,18:00:00
2014-05-13,9700.66,9641.33,18:00:00,18:00:00
2014-05-14,9701.89,9608.38,18:00:00,18:00:00
2014-05-15,9659.0,9662.32,18:00:00,18:00:00
2014-05-16,9392.25,9431.68,18:00:00,18:00:00
2014-05-17,8680.0,8890.69,18:00:00,18:00:00
2014-05-18,8824.61,8892.65,18:00:00,18:30:00
2014-05-19,9628.32,9643.34,18:00:00,18:00:00
2014-05-20,9635.56,9494.94,18:00:00,18:00:00
2014-05-21,9571.67,9599.46,18:00:00,18:00:00
2014-05-22,9556.78,9536.5,18:00:00,18:00:00
2014-05-23,9132.05,9264.56,18:00:00,18:00:00
2014-05-24,8506.52,8781.22,18:00:00,18:00:00
2014-05-25,8506.14,8846.76,18:00:00,18:00:00
2014-05-26,9686.7,9682.63,18:00:00,18:00:00
2014-05-27,9449.41,9559.59,18:00:00,18:00:00
2014-05-28,9479.88,9629.21,18:00:00,18:00:00
2014-05-29,9539.05,9831.25,18:00:00,18:00:00
2014-05-30,9316.94,9596.75,18:00:00,18:00:00
2014-05-31,8768.65,8973.72,18:00:00,18:00:00
2014-06-01,9210.37,9393.68,18:00:00,18:30:00
2014-06-02,9791.11,10184.41,18:00:00,18:00:00
2014-06-03,9943.32,10183.23,18:00:00,18:00:00
2014-06-04,10006.57,10226.39,18:00:00,18:00:00
2014-06-05,9987.09,10139.98,18:00:00,18:00:00
2014-06-06,9873.11,10029.63,18:00:00,18:00:00
2014-06-07,9115.08,9552.24,18:00:00,18:30:00
2014-06-08,9234.09,9507.32,18:00:00,18:30:00
2014-06-09,9889.58,10133.38,18:00:00,18:00:00
2014-06-10,10563.78,10467.96,18:00:00,18:00:00
2014-06-11,10327.05,10464.36,18:00:00,18:00:00
2014-06-12,10176.26,10491.44,18:30:00,18:00:00
2014-06-13,10117.23,10215.37,18:00:00,18:00:00
2014-06-14,9265.63,9524.64,18:00:00,18:00:00
2014-06-15,9906.52,9872.76,18:30:00,18:30:00
2014-06-16,10702.96,10784.5,18:30:00,18:30:00
2014-06-17,10458.78,10779.21,18:00:00,18:30:00
2014-06-18,10371.94,10533.14,18:30:00,18:30:00
2014-06-19,10255.66,10708.1,18:30:00,18:30:00
2014-06-20,9875.13,10114.05,18:00:00,18:00:00
2014-06-21,9298.63,9675.12,18:30:00,18:30:00
2014-06-22,9672.95,9920.65,18:30:00,18:30:00
2014-06-23,11079.9,10767.24,18:00:00,18:00:00
2014-06-24,11108.77,10965.13,18:30:00,18:30:00
2014-06-25,10483.98,10718.0,18:30:00,18:30:00
2014-06-26,10211.71,10484.65,18:30:00,18:30:00
2014-06-27,10049.87,10293.85,18:00:00,18:00:00
2014-06-28,9649.97,9690.89,18:00:00,18:00:00
2014-06-29,10079.5,10056.14,18:30:00,18:30:00
2014-06-30,11265.85,11174.8,18:30:00,18:30:00
2014-07-01,11050.83,10944.08,18:30:00,18:30:00
2014-07-02,10902.47,10881.45,18:30:00,18:30:00
2014-07-03,10929.12,10967.31,18:30:00,18:30:00
2014-07-04,10253.76,10574.11,18:00:00,18:30:00
2014-07-05,9866.52,9889.46,18:30:00,18:30:00
2014-07-06,10127.61,10017.19,18:30:00,18:30:00
2014-07-07,10989.26,10978.11,18:30:00,18:30:00
2014-07-08,11068.34,11178.62,18:30:00,18:30:00
2014-07-09,10715.74,10909.57,18:00:00,18:30:00
2014-07-10,11066.85,11125.94,18:30:00,18:30:00
2014-07-11,10437.06,10510.63,18:30:00,18:30:00
2014-07-12,10031.22,10012.12,18:30:00,18:30:00
2014-07-13,10627.93,10175.55,18:30:00,18:30:00
2014-07-14,11282.96,11255.13,18:00:00,18:30:00
2014-07-15,11235.57,11130.78,18:00:00,18:00:00
2014-07-16,10778.58,10550.01,18:30:00,18:30:00
2014-07-17,10874.11,10812.49,18:30:00,18:30:00
2014-07-18,11246.99,10841.76,18:00:00,18:30:00
2014-07-19,10449.17,10058.75,18:30:00,18:30:00
2014-07-20,10445.28,10056.68,18:30:00,18:30:00
2014-07-21,11125.12,11011.66,18:30:00,18:30:00
2014-07-22,10913.8,10949.83,18:30:00,18:30:00
2014-07-23,10870.97,10817.28,18:30:00,18:30:00
2014-07-24,10881.26,10805.53,18:30:00,18:30:00
2014-07-25,10260.63,10049.41,18:00:00,18:30:00
2014-07-26,9603.47,9343.06,18:30:00,18:30:00
2014-07-27,9669.33,9650.57,19:00:00,18:30:00
2014-07-28,10586.7,10539.15,18:30:00,18:30:00
2014-07-29,9935.86,10088.9,18:30:00,18:30:00
2014-07-30,9521.6,9671.04,18:30:00,18:30:00
2014-07-31,9344.26,9584.51,18:30:00,18:30:00
2014-08-01,10020.93,10031.97,19:00:00,18:30:00
2014-08-02,10100.38,9987.29,18:30:00,18:30:00
2014-08-03,10443.39,10171.06,18:30:00,18:30:00
2014-08-04,10885.23,11028.14,18:30:00,18:30:00
2014-08-05,10683.85,10692.71,18:30:00,18:30:00
2014-08-06,10463.99,10601.08,19:00:00,18:30:00
2014-08-07,10724.37,10676.71,19:00:00,18:30:00
2014-08-08,10297.68,10344.22,18:30:00,18:30:00
2014-08-09,9318.92,9313.74,18:30:00,18:30:00
2014-08-10,9560.34,9430.14,19:00:00,18:30:00
2014-08-11,11576.82,11000.31,18:30:00,19:00:00
2014-08-12,11421.16,11183.35,18:30:00,19:00:00
2014-08-13,10998.63,11358.04,19:00:00,18:30:00
2014-08-14,10740.72,10631.72,19:00:00,18:30:00
2014-08-15,10103.93,10106.12,18:30:00,18:30:00
2014-08-16,9845.86,9731.74,18:30:00,18:30:00
2014-08-17,9766.93,9955.88,18:30:00,18:30:00
2014-08-18,11196.49,10724.88,18:30:00,18:30:00
2014-08-19,11041.98,10504.78,18:30:00,18:30:00
2014-08-20,10613.01,10189.63,18:30:00,18:30:00
2014-08-21,10543.45,10661.35,18:30:00,19:00:00
2014-08-22,9743.71,10206.33,18:30:00,18:30:00
2014-08-23,9420.01,9225.01,18:30:00,18:30:00
2014-08-24,9194.98,8958.15,19:00:00,19:00:00
2014-08-25,10123.1,9963.03,18:30:00,18:30:00
2014-08-26,10611.36,9881.41,18:30:00,18:30:00
2014-08-27,10397.76,10096.21,18:30:00,18:30:00
2014-08-28,10223.29,9874.97,19:00:00,19:00:00
2014-08-29,10002.85,9455.17,18:30:00,19:00:00
2014-08-30,9365.13,8934.4,18:30:00,18:30:00
2014-08-31,8872.39,8660.1,19:00:00,19:00:00
2014-09-01,9461.96,9279.95,18:30:00,18:30:00
2014-09-02,10376.23,10296.5,18:30:00,19:00:00
2014-09-03,10513.66,10070.83,19:00:00,19:00:00
2014-09-04,10468.05,10007.62,19:00:00,19:00:00
2014-09-05,10037.55,9925.01,18:30:00,18:30:00
2014-09-06,9255.14,8870.48,18:30:00,18:30:00
2014-09-07,9053.16,8866.31,19:00:00,19:00:00
2014-09-08,9633.98,9352.57,19:00:00,18:30:00
2014-09-09,9171.66,8958.11,18:30:00,19:00:00
2014-09-10,9054.3,8706.04,19:00:00,18:30:00
2014-09-11,9093.57,8860.24,18:30:00,19:00:00
2014-09-12,9227.04,9063.93,18:30:00,19:00:00
2014-09-13,8426.83,8262.88,18:30:00,19:00:00
2014-09-14,8512.19,8276.54,19:00:00,19:00:00
2014-09-15,9249.36,8999.74,18:30:00,19:00:00
2014-09-16,8898.36,8720.22,18:30:00,19:00:00
2014-09-17,8998.41,8742.26,19:00:00,19:00:00
2014-09-18,9360.05,9193.02,19:00:00,19:00:00
2014-09-19,9068.96,9000.6,19:00:00,19:00:00
2014-09-20,8441.67,8382.14,19:00:00,19:00:00
2014-09-21,8463.02,8377.18,19:00:00,19:00:00
2014-09-22,9106.04,8891.32,19:00:00,19:00:00
2014-09-23,9010.31,8800.95,19:00:00,19:00:00
2014-09-24,8947.56,8636.85,18:30:00,19:00:00
2014-09-25,9097.13,8721.56,18:30:00,18:30:00
2014-09-26,8668.19,8420.62,19:00:00,19:00:00
2014-09-27,8021.02,7827.24,19:00:00,19:00:00
2014-09-28,7887.85,7983.33,19:00:00,19:00:00
2014-09-29,8842.28,8956.33,19:00:00,19:00:00
2014-09-30,8975.59,8951.77,19:00:00,19:00:00
2014-10-01,8710.65,8445.78,19:00:00,19:00:00
2014-10-02,8719.77,8511.1,19:00:00,19:00:00
2014-10-03,8382.94,8292.69,19:00:00,19:00:00
2014-10-04,7858.37,7674.5,19:00:00,19:00:00
2014-10-05,7794.43,7713.37,18:30:00,19:00:00
2014-10-06,8001.54,7885.1,18:30:00,19:00:00
2014-10-07,8546.08,8653.83,19:00:00,13:00:00
2014-10-08,8344.42,8250.51,19:00:00,19:00:00
2014-10-09,8475.11,8248.01,19:00:00,07:30:00
2014-10-10,8176.85,8171.87,07:00:00,07:00:00
2014-10-11,7752.19,7777.91,19:00:00,19:00:00
2014-10-12,7815.41,8140.21,19:00:00,19:00:00
2014-10-13,8653.24,8848.46,17:30:00,13:00:00
2014-10-14,8786.44,9069.95,18:30:00,19:00:00
2014-10-15,8919.31,8915.81,19:00:00,19:00:00
2014-10-16,8783.95,8828.14,07:00:00,08:00:00
2014-10-17,8421.5,8471.58,07:30:00,07:30:00
2014-10-18,7530.75,7495.63,19:00:00,09:30:00
2014-10-19,7747.09,7734.31,19:00:00,19:00:00
2014-10-20,8543.82,8270.37,18:00:00,19:00:00
2014-10-21,8539.16,8204.83,18:30:00,19:00:00
2014-10-22,8360.24,8352.07,19:00:00,07:30:00
2014-10-23,8875.8,8882.31,16:00:00,16:00:00
2014-10-24,8959.76,8773.58,15:30:00,16:00:00
2014-10-25,8054.19,8389.49,16:00:00,16:00:00
2014-10-26,8115.82,7870.54,16:30:00,19:00:00
2014-10-27,9175.22,9519.06,13:30:00,16:00:00
2014-10-28,8518.35,8577.64,17:00:00,17:00:00
2014-10-29,8398.96,8148.04,17:00:00,09:30:00
2014-10-30,9184.29,8811.72,17:00:00,17:00:00
2014-10-31,9930.88,9694.99,16:00:00,16:00:00
2014-11-01,9191.26,8799.83,13:00:00,15:30:00
2014-11-02,7528.87,7144.68,19:30:00,19:30:00
2014-11-03,8255.35,8279.48,16:30:00,09:00:00
2014-11-04,8392.62,8285.23,16:00:00,19:00:00
2014-11-05,8530.83,8824.65,13:00:00,16:00:00
2014-11-06,8349.75,8292.76,17:00:00,17:00:00
2014-11-07,8377.34,8357.2,10:30:00,16:00:00
2014-11-08,7728.74,7749.19,19:30:00,17:00:00
2014-11-09,7804.12,7892.36,19:30:00,17:30:00
2014-11-10,8664.01,8444.95,16:00:00,09:30:00
2014-11-11,8429.08,8240.2,12:00:00,17:00:00
2014-11-12,8487.1,8223.16,17:00:00,09:00:00
2014-11-13,8932.04,8877.42,17:00:00,16:00:00
2014-11-14,11321.23,10849.85,16:00:00,16:00:00
2014-11-15,7852.71,7932.69,09:30:00,09:30:00
2014-11-16,7590.31,7352.12,19:30:00,19:30:00
2014-11-17,8493.72,8528.89,17:00:00,16:30:00
2014-11-18,8652.36,8637.31,16:00:00,16:00:00
2014-11-19,8772.86,8511.7,16:00:00,10:00:00
2014-11-20,10426.47,10131.3,16:00:00,16:30:00
2014-11-21,11724.94,11554.26,16:00:00,16:00:00
2014-11-22,8817.19,8460.54,16:00:00,16:00:00
2014-11-23,10685.71,10408.3,15:30:00,17:00:00
2014-11-24,10815.72,10473.77,14:00:00,16:00:00
2014-11-25,9021.42,9183.71,08:30:00,10:00:00
2014-11-26,8797.23,8663.58,16:00:00,16:00:00
2014-11-27,8597.9,8490.42,10:00:00,09:00:00
2014-11-28,8496.3,8521.64,09:30:00,10:00:00
2014-11-29,8233.56,8067.05,17:00:00,17:00:00
2014-11-30,8355.58,8455.61,14:00:00,17:30:00
2014-12-01,9886.64,10456.51,13:30:00,16:00:00
2014-12-02,10680.28,10564.05,16:00:00,16:00:00
2014-12-03,11079.36,10539.79,15:00:00,16:00:00
2014-12-04,10287.0,10014.72,16:00:00,16:00:00
2014-12-05,10099.04,9711.21,15:00:00,16:00:00
2014-12-06,8255.67,7834.79,15:30:00,09:30:00
2014-12-07,8077.69,7913.97,16:00:00,17:30:00
2014-12-08,9586.84,10146.41,17:00:00,16:00:00
2014-12-09,9278.46,8842.86,14:00:00,10:00:00
2014-12-10,9354.04,9311.27,15:00:00,16:00:00
2014-12-11,8951.63,9058.35,09:30:00,14:00:00
2014-12-12,8182.41,8283.38,10:00:00,16:00:00
2014-12-13,7467.23,7403.69,09:30:00,08:30:00
2014-12-14,7730.14,7479.56,18:00:00,20:00:00
2014-12-15,9325.31,9324.08,16:00:00,16:00:00
2014-12-16,9243.44,9739.94,17:00:00,16:00:00
2014-12-17,8718.3,8821.01,15:30:00,10:00:00
2014-12-18,9129.38,8637.05,16:30:00,16:00:00
2014-12-19,8453.17,8626.88,10:00:00,10:00:00
2014-12-20,7687.13,7415.65,17:00:00,08:30:00
2014-12-21,8377.39,7875.35,17:30:00,17:30:00
2014-12-22,9603.89,9646.99,14:00:00,16:30:00
2014-12-23,8798.05,8833.01,13:00:00,16:30:00
2014-12-24,8499.42,8325.41,10:00:00,11:00:00
2014-12-25,7458.77,6987.1,14:30:00,11:00:00
2014-12-26,6863.19,6738.48,17:00:00,17:00:00
2014-12-27,6939.38,6721.14,09:30:00,09:30:00
2014-12-28,7115.13,7245.85,18:00:00,20:00:00
2014-12-29,8554.99,8652.84,17:00:00,17:00:00
2014-12-30,8864.77,8457.52,17:00:00,17:00:00
2014-12-31,8148.76,7738.81,16:00:00,16:00:00
2015-01-01,9324.24,7967.74,17:00:00,17:30:00
2015-01-02,9337.47,8685.09,14:00:00,16:00:00
2015-01-03,9793.2,9431.82,17:00:00,16:00:00
2015-01-04,9690.85,9373.38,15:00:00,16:00:00
2015-01-05,9246.73,9189.4,16:00:00,16:00:00
2015-01-06,10029.46,9496.49,16:30:00,16:00:00
2015-01-07,10351.72,9807.42,15:30:00,16:00:00
2015-01-08,10628.78,10017.14,16:00:00,16:30:00
2015-01-09,11096.85,10552.41,15:00:00,16:00:00
2015-01-10,8952.69,9701.03,17:00:00,16:00:00
2015-01-11,7669.94,7578.02,10:00:00,17:30:00
2015-01-12,8789.77,8741.65,10:00:00,16:00:00
2015-01-13,9648.03,10007.4,16:00:00,16:30:00
2015-01-14,10647.05,10674.99,16:30:00,16:30:00
2015-01-15,9748.21,9590.07,16:00:00,15:30:00
2015-01-16,10098.17,9604.41,16:30:00,16:00:00
2015-01-17,9501.17,9419.08,17:00:00,16:00:00
2015-01-18,8777.76,8378.26,17:00:00,17:30:00
2015-01-19,8807.57,8727.51,10:00:00,17:00:00
2015-01-20,8799.27,9210.53,15:30:00,17:00:00
2015-01-21,9781.66,9773.17,16:00:00,16:30:00
2015-01-22,10334.18,10029.54,16:00:00,16:00:00
2015-01-23,11325.38,10946.36,15:30:00,16:00:00
2015-01-24,9881.47,9677.27,15:30:00,17:00:00
2015-01-25,10044.85,9561.21,17:00:00,15:00:00
2015-01-26,7723.76,7896.97,10:30:00,17:00:00
2015-01-27,8965.99,8716.27,10:00:00,17:00:00
2015-01-28,8544.53,8901.86,09:30:00,16:00:00
2015-01-29,8246.89,8548.38,17:00:00,17:00:00
2015-01-30,8364.1,8604.36,16:00:00,11:00:00
2015-01-31,7610.84,7599.82,16:00:00,17:30:00
2015-02-01,7868.91,7606.03,18:00:00,17:30:00
2015-02-02,8598.42,8744.24,16:00:00,17:00:00
2015-02-03,8619.4,8671.02,16:30:00,16:30:00
2015-02-04,8472.51,8692.14,11:00:00,16:30:00
2015-02-05,8532.66,8657.5,17:00:00,17:00:00
2015-02-06,8704.23,8844.14,16:30:00,16:00:00
2015-02-07,8300.24,8453.54,17:30:00,16:00:00
2015-02-08,10062.66,9649.65,17:30:00,17:00:00
2015-02-09,9596.05,9608.82,16:30:00,15:30:00
2015-02-10,10403.79,9947.71,16:00:00,16:00:00
2015-02-11,10519.23,10456.77,16:00:00,16:00:00
2015-02-12,10150.83,10359.76,15:30:00,16:00:00
2015-02-13,9428.67,9754.25,12:30:00,16:00:00
2015-02-14,8481.55,8463.64,16:00:00,16:00:00
2015-02-15,8824.72,8821.67,17:30:00,17:00:00
2015-02-16,10418.14,10681.44,16:00:00,16:30:00
2015-02-17,10295.2,10525.24,16:00:00,16:00:00
2015-02-18,10237.62,10154.89,16:00:00,16:00:00
2015-02-19,9739.22,9877.63,15:30:00,16:00:00
2015-02-20,9737.28,9786.84,15:30:00,16:00:00
2015-02-21,8471.54,8473.02,10:30:00,16:00:00
2015-02-22,8700.4,8432.77,17:00:00,17:30:00
2015-02-23,10110.71,10040.75,16:00:00,16:30:00
2015-02-24,9284.38,9821.41,10:00:00,16:00:00
2015-02-25,8916.7,8995.72,16:00:00,16:30:00
2015-02-26,9311.82,9861.56,16:30:00,16:00:00
2015-02-27,9622.95,9579.38,16:00:00,16:00:00
2015-02-28,9021.82,9029.97,17:00:00,16:00:00
2015-03-01,9884.55,8888.62,14:30:00,15:00:00
2015-03-02,8865.87,8846.5,17:00:00,16:30:00
2015-03-03,9688.25,9443.6,15:30:00,16:00:00
2015-03-04,10367.29,10008.67,16:30:00,16:30:00
2015-03-05,8928.92,9216.36,10:00:00,13:30:00
2015-03-06,8817.3,8804.69,16:00:00,16:00:00
2015-03-07,8035.8,7851.29,17:00:00,17:30:00
2015-03-08,8423.87,8507.15,17:30:00,17:00:00
2015-03-09,10364.38,10041.11,16:30:00,16:00:00
2015-03-10,9495.47,9400.24,13:30:00,15:30:00
2015-03-11,10241.56,10073.46,16:00:00,16:00:00
2015-03-12,9493.47,9692.62,15:00:00,16:00:00
2015-03-13,8749.66,8588.54,09:00:00,10:30:00
2015-03-14,7757.6,7624.45,19:00:00,09:30:00
2015-03-15,7788.97,7523.98,19:00:00,19:00:00
2015-03-16,8539.93,8578.96,17:00:00,17:00:00
2015-03-17,8700.28,8834.04,15:30:00,16:00:00
2015-03-18,9537.38,9977.02,16:00:00,16:00:00
2015-03-19,10322.3,10110.65,17:00:00,16:00:00
2015-03-20,9896.77,9825.0,13:30:00,14:00:00
2015-03-21,7875.62,7682.59,09:30:00,09:30:00
2015-03-22,8069.16,7861.61,19:00:00,19:00:00
2015-03-23,9378.67,9475.53,17:00:00,16:30:00
2015-03-24,9332.58,9144.23,12:00:00,10:00:00
2015-03-25,8514.8,8607.63,16:00:00,17:00:00
2015-03-26,8671.48,8383.65,16:30:00,17:00:00
2015-03-27,8178.8,8294.45,07:30:00,08:30:00
2015-03-28,7636.5,7540.26,18:30:00,09:30:00
2015-03-29,7976.73,7842.23,18:30:00,19:00:00
2015-03-30,8686.62,8751.83,17:00:00,17:00:00
2015-03-31,8551.77,8678.59,09:30:00,17:00:00
2015-04-01,8765.3,8971.92,18:30:00,18:30:00
2015-04-02,8822.98,9203.76,16:00:00,16:00:00
2015-04-03,7527.73,7266.45,18:30:00,18:30:00
2015-04-04,7723.44,7497.51,18:30:00,18:30:00
2015-04-05,7529.52,7334.11,18:30:00,18:30:00
2015-04-06,8069.82,7934.94,18:30:00,18:30:00
2015-04-07,8786.49,8862.18,18:30:00,18:30:00
2015-04-08,8835.61,8791.67,18:30:00,18:30:00
2015-04-09,8764.33,8837.96,18:30:00,18:30:00
2015-04-10,8581.61,8546.83,18:30:00,18:30:00
2015-04-11,7964.89,8007.84,18:30:00,18:30:00
2015-04-12,8032.67,8111.84,18:30:00,18:30:00
2015-04-13,8902.39,8980.48,18:30:00,18:30:00
2015-04-14,8859.53,8853.42,18:30:00,18:30:00
2015-04-15,9083.6,8971.84,18:30:00,18:30:00
2015-04-16,9310.82,8918.51,18:30:00,18:30:00
2015-04-17,9037.16,8509.66,18:00:00,10:30:00
2015-04-18,8344.53,8330.93,18:30:00,18:30:00
2015-04-19,8551.46,8153.72,18:30:00,18:30:00
2015-04-20,9777.55,9980.79,18:00:00,18:30:00
2015-04-21,9691.27,9937.96,18:00:00,18:00:00
2015-04-22,9156.62,9303.29,18:30:00,18:30:00
2015-04-23,9057.07,9196.8,18:30:00,18:30:00
2015-04-24,8768.42,8660.24,18:00:00,18:30:00
2015-04-25,8308.86,8316.22,18:30:00,18:30:00
2015-04-26,8989.72,8602.97,18:30:00,18:30:00
2015-04-27,9645.22,9612.75,18:30:00,18:30:00
2015-04-28,9580.34,9600.81,18:30:00,18:30:00
2015-04-29,9594.61,9661.85,18:30:00,18:30:00
2015-04-30,9616.76,9662.88,18:30:00,18:30:00
2015-05-01,9409.06,9331.66,18:00:00,18:00:00
2015-05-02,8676.44,8388.48,18:30:00,18:00:00
2015-05-03,8675.62,8338.74,18:30:00,18:30:00
2015-05-04,9376.33,9242.64,18:00:00,18:30:00
2015-05-05,9174.81,9115.84,18:00:00,18:00:00
2015-05-06,9456.9,9532.5,18:30:00,18:30:00
2015-05-07,9705.84,9758.89,18:30:00,18:30:00
2015-05-08,9334.85,9638.53,18:00:00,18:00:00
2015-05-09,8705.76,8890.79,18:30:00,18:30:00
2015-05-10,8702.92,8864.83,18:30:00,18:30:00
2015-05-11,9646.57,9653.99,18:00:00,18:00:00
2015-05-12,9626.15,9578.47,18:00:00,18:00:00
2015-05-13,10627.02,10360.94,18:00:00,18:00:00
2015-05-14,10517.3,10382.0,18:30:00,18:00:00
2015-05-15,9822.28,9791.38,18:00:00,18:00:00
2015-05-16,9059.4,8996.4,18:00:00,18:00:00
2015-05-17,9278.38,8864.59,18:30:00,18:30:00
2015-05-18,10185.62,10003.37,18:00:00,18:00:00
2015-05-19,9912.22,9719.32,18:00:00,18:00:00
2015-05-20,9555.85,9548.05,18:00:00,18:00:00
2015-05-21,9758.05,9998.24,18:00:00,18:00:00
2015-05-22,10168.37,10159.41,18:00:00,18:00:00
2015-05-23,9447.19,9400.16,18:00:00,18:00:00
2015-05-24,9862.62,9780.95,18:30:00,18:30:00
2015-05-25,10759.81,10616.78,18:30:00,18:00:00
2015-05-26,10788.09,10745.17,18:30:00,18:30:00
2015-05-27,10280.13,10675.94,18:00:00,18:00:00
2015-05-28,10068.78,10028.44,18:00:00,18:00:00
2015-05-29,9758.49,9684.58,18:00:00,18:00:00
2015-05-30,9378.07,9329.8,18:00:00,18:00:00
2015-05-31,9899.19,9810.55,18:30:00,18:30:00
2015-06-01,11462.1,11380.65,18:30:00,18:00:00
2015-06-02,11625.47,11232.92,18:30:00,18:30:00
2015-06-03,11410.1,11562.2,18:30:00,18:30:00
2015-06-04,11258.43,11403.64,18:30:00,18:30:00
2015-06-05,11092.6,11368.6,18:00:00,18:00:00
2015-06-06,9585.37,9908.03,18:00:00,18:30:00
2015-06-07,9134.77,9656.1,18:30:00,18:30:00
2015-06-08,9335.91,9579.41,18:30:00,18:30:00
2015-06-09,10245.71,10298.92,18:00:00,18:30:00
2015-06-10,11118.81,10969.69,18:00:00,18:00:00
2015-06-11,10652.46,10846.86,18:30:00,18:30:00
2015-06-12,10291.69,10252.05,18:00:00,18:30:00
2015-06-13,9514.25,9597.2,18:00:00,18:30:00
2015-06-14,9782.36,9759.98,19:00:00,18:30:00
2015-06-15,10744.71,10732.58,18:00:00,18:00:00
2015-06-16,10711.44,10575.25,18:00:00,18:00:00
2015-06-17,10539.62,10412.11,18:00:00,18:30:00
2015-06-18,10829.81,11026.17,18:30:00,18:00:00
2015-06-19,11106.14,11011.23,18:00:00,18:00:00
2015-06-20,10460.63,10359.24,18:00:00,18:00:00
2015-06-21,10637.66,10458.61,18:30:00,18:30:00
2015-06-22,11278.45,11342.41,18:30:00,18:30:00
2015-06-23,10841.32,10918.59,18:30:00,18:30:00
2015-06-24,10446.67,10840.86,18:00:00,18:30:00
2015-06-25,10509.13,10737.73,18:00:00,18:00:00
2015-06-26,10293.18,10415.43,18:30:00,18:30:00
2015-06-27,9861.47,9847.7,18:00:00,18:30:00
2015-06-28,10287.0,10427.37,18:30:00,18:30:00
2015-06-29,10930.1,11036.1,18:30:00,18:30:00
2015-06-30,10964.47,11049.47,18:00:00,18:30:00
2015-07-01,10943.66,11184.75,18:30:00,18:30:00
2015-07-02,11490.45,11306.0,18:30:00,18:30:00
2015-07-03,11266.07,11427.81,18:30:00,18:30:00
2015-07-04,10721.53,10462.99,18:30:00,18:30:00
2015-07-05,10719.19,10678.78,18:30:00,18:30:00
2015-07-06,11677.38,11497.66,18:30:00,18:30:00
2015-07-07,11788.16,11492.19,18:30:00,18:30:00
2015-07-08,11533.73,11515.16,18:30:00,18:30:00
2015-07-09,11274.68,11251.78,18:30:00,18:30:00
2015-07-10,11298.69,11021.84,18:00:00,18:00:00
2015-07-11,10124.17,9997.9,18:30:00,18:30:00
2015-07-12,11301.5,10641.41,18:30:00,18:30:00
2015-07-13,11772.29,11242.22,18:30:00,18:30:00
2015-07-14,11535.91,11452.03,19:00:00,18:30:00
2015-07-15,11788.26,11752.62,18:30:00,18:30:00
2015-07-16,12137.29,12115.24,18:30:00,19:00:00
2015-07-17,11804.72,11519.19,18:30:00,18:30:00
2015-07-18,11018.12,10409.97,18:30:00,18:30:00
2015-07-19,10944.56,10679.01,18:30:00,18:30:00
2015-07-20,11505.44,11577.69,18:30:00,18:30:00
2015-07-21,11134.88,10942.56,19:00:00,18:30:00
2015-07-22,11286.07,10966.62,18:30:00,18:30:00
2015-07-23,10757.37,10884.7,18:30:00,18:30:00
2015-07-24,10258.13,10060.02,18:00:00,08:30:00
2015-07-25,9298.77,9391.22,18:30:00,18:30:00
2015-07-26,9840.6,9515.93,18:30:00,18:30:00
2015-07-27,11612.41,11342.67,18:30:00,18:30:00
2015-07-28,11594.04,11097.37,18:30:00,18:30:00
2015-07-29,11239.1,11120.8,18:30:00,18:30:00
2015-07-30,10703.03,10685.4,18:30:00,18:30:00
2015-07-31,9947.15,10451.55,19:00:00,18:30:00
2015-08-01,9110.23,9267.54,18:30:00,18:30:00
2015-08-02,8986.13,9069.27,18:30:00,18:30:00
2015-08-03,10719.19,10791.02,18:30:00,18:30:00
2015-08-04,11463.39,11401.42,18:30:00,19:00:00
2015-08-05,11755.17,11408.57,18:30:00,19:00:00
2015-08-06,11426.1,11345.16,19:00:00,19:00:00
2015-08-07,10777.3,10653.71,18:30:00,18:30:00
2015-08-08,10186.65,10087.72,18:30:00,18:30:00
2015-08-09,10250.05,10075.97,18:30:00,19:00:00
2015-08-10,10508.45,10230.77,18:30:00,18:30:00
2015-08-11,10431.6,10411.31,19:00:00,19:00:00
2015-08-12,11329.6,11045.56,18:30:00,19:00:00
2015-08-13,10824.29,10866.97,18:30:00,19:00:00
2015-08-14,10330.38,10308.49,08:00:00,18:30:00
2015-08-15,9718.72,9546.83,18:30:00,18:30:00
2015-08-16,9375.08,9218.91,18:30:00,19:00:00
2015-08-17,10436.93,10097.37,18:30:00,18:30:00
2015-08-18,10918.55,11473.04,19:00:00,18:30:00
2015-08-19,10610.65,10772.57,18:30:00,19:00:00
2015-08-20,10124.74,10207.23,19:00:00,19:00:00
2015-08-21,9503.65,9496.65,08:00:00,08:30:00
2015-08-22,8220.01,8357.63,18:30:00,18:30:00
2015-08-23,9147.76,8878.06,18:30:00,19:00:00
2015-08-24,9944.97,9874.57,18:30:00,18:30:00
2015-08-25,9985.16,9836.06,18:30:00,19:00:00
2015-08-26,9785.41,9708.93,18:30:00,19:00:00
2015-08-27,9869.91,9601.26,19:00:00,19:00:00
2015-08-28,9545.85,9428.65,18:30:00,19:00:00
2015-08-29,8993.25,9026.0,19:00:00,18:30:00
2015-08-30,9559.85,9509.89,19:00:00,19:00:00
2015-08-31,10001.86,10026.53,19:00:00,19:00:00
2015-09-01,10104.07,9716.25,19:00:00,19:00:00
2015-09-02,9895.63,9536.71,19:00:00,19:00:00
2015-09-03,9957.26,9596.24,18:30:00,19:00:00
2015-09-04,9500.38,9389.16,19:00:00,19:00:00
2015-09-05,8844.39,8633.72,18:30:00,19:00:00
2015-09-06,9002.74,8925.87,18:30:00,19:00:00
2015-09-07,9389.74,9330.07,19:00:00,19:00:00
2015-09-08,9706.11,9778.78,19:00:00,19:00:00
2015-09-09,9496.9,9619.75,19:00:00,19:00:00
2015-09-10,9518.95,9615.96,19:00:00,19:00:00
2015-09-11,8814.84,8763.35,19:00:00,19:00:00
2015-09-12,8087.62,8007.61,19:00:00,19:00:00
2015-09-13,8308.87,8091.22,19:00:00,19:00:00
2015-09-14,9036.5,8770.42,19:00:00,19:00:00
2015-09-15,8919.15,8824.52,19:00:00,19:00:00
2015-09-16,8927.9,8949.43,19:00:00,19:00:00
2015-09-17,9180.39,9538.67,19:00:00,19:00:00
2015-09-18,8862.04,8920.79,19:00:00,19:00:00
2015-09-19,8425.92,8443.71,19:00:00,19:00:00
2015-09-20,8510.82,8308.03,19:00:00,19:00:00
2015-09-21,9036.97,8715.96,19:00:00,19:00:00
2015-09-22,9532.06,9467.64,19:00:00,19:00:00
2015-09-23,10168.77,9924.54,19:00:00,19:00:00
2015-09-24,10398.73,9919.08,19:00:00,19:00:00
2015-09-25,9852.49,9335.62,19:00:00,19:00:00
2015-09-26,8694.73,8486.55,19:00:00,19:00:00
2015-09-27,8750.56,8298.95,19:00:00,19:00:00
2015-09-28,9078.11,8897.04,19:00:00,19:00:00
2015-09-29,8834.32,8668.22,19:00:00,19:00:00
2015-09-30,8830.75,8734.92,19:00:00,19:00:00
2015-10-01,8840.01,8563.33,19:00:00,19:00:00
2015-10-02,8461.38,8222.87,19:00:00,19:00:00
2015-10-03,7990.14,8359.83,19:00:00,19:00:00
2015-10-04,8092.93,7653.07,18:30:00,19:00:00
2015-10-05,9075.4,8751.55,17:00:00,17:00:00
2015-10-06,10391.0,10606.77,17:00:00,15:30:00
2015-10-07,8254.24,8394.03,18:30:00,09:30:00
2015-10-08,8519.02,8294.38,18:30:00,19:00:00
2015-10-09,8352.3,8183.13,16:00:00,10:00:00
2015-10-10,7880.77,7812.78,19:00:00,19:00:00
2015-10-11,8002.72,7941.06,18:30:00,19:00:00
2015-10-12,8803.36,9075.26,17:00:00,17:00:00
2015-10-13,8513.63,8164.63,10:30:00,08:30:00
2015-10-14,8497.52,8297.66,17:00:00,07:30:00
2015-10-15,9024.16,8719.93,17:00:00,19:00:00
2015-10-16,9626.89,9638.58,16:30:00,16:00:00
2015-10-17,7971.23,8196.93,15:00:00,17:30:00
2015-10-18,7810.94,7379.19,19:00:00,19:00:00
2015-10-19,8980.8,8671.48,16:30:00,17:30:00
2015-10-20,9456.56,9451.77,15:30:00,16:30:00
2015-10-21,8851.4,9101.08,16:00:00,16:00:00
2015-10-22,8483.92,8269.85,09:00:00,19:00:00
2015-10-23,8069.42,8163.1,10:00:00,07:30:00
2015-10-24,7546.73,7424.5,19:00:00,09:00:00
2015-10-25,7862.48,7861.57,19:00:00,19:00:00
2015-10-26,8655.15,9065.89,13:00:00,16:00:00
2015-10-27,8290.57,8264.25,19:00:00,19:00:00
2015-10-28,8189.07,8235.15,19:00:00,08:00:00
2015-10-29,8195.41,8200.32,17:00:00,08:30:00
2015-10-30,8115.48,8260.76,16:00:00,09:00:00
2015-10-31,7563.67,7432.31,09:30:00,09:30:00
2015-11-01,8039.69,8185.36,18:00:00,19:30:00
2015-11-02,9219.41,8961.26,16:00:00,16:00:00
2015-11-03,8518.19,8362.28,09:30:00,17:00:00
2015-11-04,8435.22,8261.18,10:00:00,17:00:00
2015-11-05,8426.73,8321.62,17:00:00,17:00:00
2015-11-06,8476.05,8769.53,10:30:00,16:00:00
2015-11-07,7529.95,7516.0,09:30:00,09:30:00
2015-11-08,7490.61,7359.14,19:00:00,19:30:00
2015-11-09,8360.12,8289.7,17:00:00,17:30:00
2015-11-10,8780.33,8889.95,16:30:00,16:00:00
2015-11-11,8483.18,8377.76,17:00:00,09:30:00
2015-11-12,8608.06,8433.77,13:30:00,17:00:00
2015-11-13,8701.28,8634.36,13:30:00,10:00:00
2015-11-14,7705.86,7346.99,09:30:00,09:30:00
2015-11-15,7508.03,7405.42,19:30:00,19:30:00
2015-11-16,8272.36,8287.54,17:00:00,17:00:00
2015-11-17,8722.05,8416.2,17:00:00,17:30:00
2015-11-18,10651.42,9759.87,17:00:00,16:30:00
2015-11-19,11697.3,10825.43,17:00:00,16:30:00
2015-11-20,12601.82,12016.49,16:00:00,16:30:00
2015-11-21,7998.31,8074.13,09:30:00,09:30:00
2015-11-22,7839.95,7465.99,19:30:00,19:30:00
2015-11-23,8962.51,8765.02,16:30:00,16:00:00
2015-11-24,9177.76,8651.85,16:00:00,17:00:00
2015-11-25,10535.14,9886.47,17:00:00,16:30:00
2015-11-26,11556.08,10199.66,15:30:00,15:00:00
2015-11-27,8586.8,8376.85,10:00:00,09:30:00
2015-11-28,8012.58,7655.98,09:30:00,09:00:00
2015-11-29,8554.06,8067.36,17:30:00,19:30:00
2015-11-30,10018.13,9610.07,17:00:00,16:30:00
2015-12-01,11574.02,11322.24,15:30:00,16:00:00
2015-12-02,8729.2,8728.21,08:30:00,16:00:00
2015-12-03,8339.54,8172.71,09:00:00,08:30:00
2015-12-04,8530.23,8295.4,16:30:00,10:00:00
2015-12-05,8116.84,7873.62,17:00:00,17:00:00
2015-12-06,8536.68,8183.84,17:30:00,17:30:00
2015-12-07,9687.81,9183.03,15:30:00,16:00:00
2015-12-08,9495.2,9724.36,15:30:00,16:00:00
2015-12-09,11283.72,10936.45,16:30:00,16:00:00
2015-12-10,10041.71,9647.34,16:00:00,16:00:00
2015-12-11,10967.36,10173.34,16:00:00,16:00:00
2015-12-12,7832.61,7693.76,09:00:00,09:30:00
2015-12-13,8005.76,7813.52,20:00:00,20:00:00
2015-12-14,10364.35,10205.78,16:00:00,16:00:00
2015-12-15,10354.47,9823.48,15:30:00,16:00:00
2015-12-16,9260.18,8915.09,09:30:00,16:00:00
2015-12-17,9418.95,9159.32,17:00:00,17:00:00
2015-12-18,10644.0,10253.53,16:30:00,16:30:00
2015-12-19,10426.28,9814.06,16:00:00,16:00:00
2015-12-20,10926.62,10475.35,17:00:00,17:00:00
2015-12-21,10131.51,9548.45,12:00:00,11:00:00
2015-12-22,8591.31,8342.19,11:00:00,09:30:00
2015-12-23,8262.57,8517.9,10:00:00,09:30:00
2015-12-24,7938.73,7699.02,10:00:00,10:00:00
2015-12-25,6807.41,6776.06,22:30:00,00:00:00
2015-12-26,7430.81,7196.43,20:00:00,20:30:00
2015-12-27,6917.01,6910.23,20:00:00,20:00:00
2015-12-28,7008.87,6680.19,18:00:00,20:00:00
2015-12-29,7703.26,7541.12,17:00:00,17:30:00
2015-12-30,8081.37,7937.47,17:00:00,17:00:00
2015-12-31,8529.23,8149.02,16:30:00,16:30:00
2016-01-01,7913.75,7658.47,17:00:00,17:00:00
2016-01-02,7390.04,6850.42,17:30:00,18:00:00
2016-01-03,7328.39,7343.39,18:00:00,18:00:00
2016-01-04,8313.11,7587.72,10:00:00,17:00:00
2016-01-05,8338.82,8324.74,10:00:00,17:00:00
2016-01-06,8256.95,8360.9,10:00:00,10:00:00
2016-01-07,7954.59,8264.01,17:00:00,10:00:00
2016-01-08,8340.45,8320.44,17:00:00,16:00:00
2016-01-09,8055.57,8123.39,17:30:00,17:30:00
2016-01-10,8904.38,8851.77,17:30:00,17:30:00
2016-01-11,11713.57,11642.78,16:30:00,16:00:00
2016-01-12,11300.21,11832.73,13:00:00,16:00:00
2016-01-13,11569.19,10847.15,17:00:00,16:00:00
2016-01-14,12670.87,11854.42,13:30:00,15:00:00
2016-01-15,8372.16,8234.52,08:30:00,10:30:00
2016-01-16,7344.46,7315.16,20:00:00,08:30:00
2016-01-17,7686.68,7549.14,20:00:00,18:00:00
2016-01-18,9471.14,9401.5,17:00:00,16:00:00
2016-01-19,11196.17,10647.69,17:00:00,16:00:00
2016-01-20,12566.79,11934.72,16:30:00,16:00:00
2016-01-21,12777.07,11850.96,15:00:00,16:00:00
2016-01-22,10629.0,10317.97,13:00:00,15:00:00
2016-01-23,8578.53,8290.5,09:30:00,17:30:00
2016-01-24,7917.95,8176.53,17:30:00,17:30:00
2016-01-25,8989.86,9193.06,15:30:00,15:30:00
2016-01-26,8300.79,8289.9,17:00:00,18:00:00
2016-01-27,9201.38,9117.72,10:00:00,16:00:00
2016-01-28,10423.7,9429.04,16:00:00,16:00:00
2016-01-29,10196.71,9745.03,11:00:00,14:00:00
2016-01-30,8943.8,8755.87,15:30:00,17:30:00
2016-01-31,8823.53,8178.46,18:00:00,18:00:00
2016-02-01,9149.42,9046.54,17:00:00,16:00:00
2016-02-02,9503.13,9189.38,17:00:00,16:00:00
2016-02-03,10422.29,10156.24,16:00:00,16:30:00
2016-02-04,8760.57,8844.99,10:00:00,16:00:00
2016-02-05,8515.99,8625.32,10:30:00,16:30:00
2016-02-06,7886.29,7898.88,17:30:00,17:30:00
2016-02-07,8462.74,8313.71,17:30:00,17:30:00
2016-02-08,10179.18,9823.81,17:00:00,16:00:00
2016-02-09,9857.29,9571.49,17:00:00,16:00:00
2016-02-10,10506.08,10206.33,16:30:00,16:00:00
2016-02-11,10207.79,10164.62,16:00:00,16:00:00
2016-02-12,10666.96,10172.41,16:00:00,16:00:00
2016-02-13,9924.05,9441.59,17:00:00,17:00:00
2016-02-14,10419.81,9954.64,17:00:00,17:00:00
2016-02-15,11389.48,10378.49,16:00:00,16:30:00
2016-02-16,9721.02,9558.5,16:00:00,16:00:00
2016-02-17,8995.27,9358.3,17:00:00,16:30:00
2016-02-18,9645.84,9441.08,17:00:00,16:00:00
2016-02-19,11446.13,10550.55,16:30:00,16:30:00
2016-02-20,9019.13,8712.39,16:00:00,16:00:00
2016-02-21,9251.29,8605.16,17:30:00,17:30:00
2016-02-22,11323.26,10915.77,16:00:00,16:30:00
2016-02-23,11687.88,11360.79,17:00:00,16:30:00
2016-02-24,12399.8,11996.88,16:30:00,16:30:00
2016-02-25,13458.63,12867.51,17:00:00,16:30:00
2016-02-26,10404.54,11200.5,15:30:00,15:30:00
2016-02-27,8872.12,8517.18,17:30:00,17:30:00
2016-02-28,9122.6,8775.34,17:00:00,17:30:00
2016-02-29,9914.98,9708.09,16:00:00,16:00:00
2016-03-01,10539.38,10480.55,16:30:00,16:00:00
2016-03-02,11159.26,11362.05,16:00:00,16:30:00
2016-03-03,11607.13,11121.19,15:30:00,16:00:00
2016-03-04,10783.12,10719.12,16:00:00,16:00:00
2016-03-05,9820.14,9413.72,16:00:00,17:00:00
2016-03-06,9759.57,9430.38,17:00:00,17:00:00
2016-03-07,11701.21,11121.68,16:00:00,16:30:00
2016-03-08,10875.53,11198.49,15:30:00,16:30:00
2016-03-09,12191.08,12017.59,16:00:00,16:30:00
2016-03-10,11287.87,11686.71,15:00:00,16:30:00
2016-03-11,10588.9,10876.49,14:00:00,16:30:00
2016-03-12,10208.39,9212.32,15:30:00,16:00:00
2016-03-13,9717.22,9200.92,17:00:00,17:30:00
2016-03-14,10708.77,10134.14,14:00:00,16:00:00
2016-03-15,9342.42,9244.01,16:30:00,16:30:00
2016-03-16,9265.79,9057.93,16:30:00,16:30:00
2016-03-17,9428.71,9300.99,17:00:00,16:00:00
2016-03-18,9152.8,9319.03,11:00:00,16:00:00
2016-03-19,7688.97,7520.12,08:30:00,09:00:00
2016-03-20,7735.28,7624.85,19:00:00,19:00:00
2016-03-21,8430.23,8564.08,17:00:00,17:00:00
2016-03-22,8517.17,8504.77,19:00:00,17:00:00
2016-03-23,8583.86,8877.32,19:00:00,16:00:00
2016-03-24,8793.67,9132.9,16:00:00,16:00:00
2016-03-25,7543.38,7590.13,19:00:00,19:00:00
2016-03-26,7767.3,7771.45,19:00:00,19:00:00
2016-03-27,7476.95,7380.96,19:00:00,19:00:00
2016-03-28,8149.61,7924.61,18:30:00,17:30:00
2016-03-29,8839.14,8825.39,10:00:00,17:00:00
2016-03-30,8580.38,8738.87,18:30:00,17:00:00
2016-03-31,8673.24,8688.76,18:30:00,17:30:00
2016-04-01,8694.68,8843.32,16:30:00,16:00:00
2016-04-02,8256.34,8420.52,18:30:00,18:00:00
2016-04-03,8361.56,8328.82,18:30:00,18:30:00
2016-04-04,9232.02,9501.31,18:30:00,18:30:00
2016-04-05,9535.95,9911.47,18:30:00,18:30:00
2016-04-06,10269.17,10091.68,17:00:00,18:30:00
2016-04-07,9008.67,9309.77,18:30:00,18:30:00
2016-04-08,8872.11,8539.59,18:30:00,18:30:00
2016-04-09,8218.76,8106.65,18:30:00,18:30:00
2016-04-10,8288.75,8305.22,18:30:00,18:30:00
2016-04-11,9075.29,9027.83,18:30:00,18:00:00
2016-04-12,8991.18,8787.94,18:30:00,18:30:00
2016-04-13,8850.58,8852.2,18:30:00,18:30:00
2016-04-14,9130.21,8996.18,18:30:00,18:00:00
2016-04-15,8861.44,8950.55,18:30:00,18:00:00
2016-04-16,8341.99,8357.77,18:30:00,18:30:00
2016-04-17,8356.41,8559.13,18:30:00,18:30:00
2016-04-18,9152.76,9045.77,18:30:00,18:30:00
2016-04-19,9120.32,8971.57,18:30:00,18:00:00
2016-04-20,9143.72,9079.09,18:30:00,18:00:00
2016-04-21,9282.79,9204.74,18:00:00,18:00:00
2016-04-22,8846.04,8766.66,18:00:00,18:30:00
2016-04-23,8175.8,8275.85,18:30:00,18:30:00
2016-04-24,8095.27,8407.19,18:30:00,18:30:00
2016-04-25,8326.38,8175.53,18:30:00,18:30:00
2016-04-26,9115.41,9036.78,18:30:00,18:30:00
2016-04-27,9104.9,8946.92,18:30:00,18:00:00
2016-04-28,9175.86,9232.44,18:00:00,18:00:00
2016-04-29,8925.26,9127.46,18:00:00,18:00:00
2016-04-30,8326.57,8451.18,18:00:00,18:00:00
2016-05-01,8267.65,8229.46,18:30:00,18:00:00
2016-05-02,9324.2,9191.6,18:00:00,18:00:00
2016-05-03,9070.99,8980.17,18:30:00,18:30:00
2016-05-04,9116.57,9159.21,18:30:00,18:30:00
2016-05-05,9196.86,9078.2,18:00:00,18:30:00
2016-05-06,8967.51,8839.69,18:00:00,18:30:00
2016-05-07,8416.35,8290.85,18:00:00,18:00:00
2016-05-08,8380.61,8388.87,18:30:00,18:30:00
2016-05-09,9374.97,9065.77,18:00:00,18:00:00
2016-05-10,9305.45,9208.13,18:00:00,18:30:00
2016-05-11,9297.85,9548.44,18:00:00,18:00:00
2016-05-12,9261.55,9281.28,18:00:00,18:30:00
2016-05-13,9001.85,8887.55,18:00:00,18:30:00
2016-05-14,8346.44,8288.32,18:00:00,18:30:00
2016-05-15,8375.15,8430.01,18:30:00,18:30:00
2016-05-16,9300.99,9283.15,18:00:00,18:30:00
2016-05-17,9238.23,9218.32,18:00:00,18:00:00
2016-05-18,9354.71,9240.76,18:00:00,18:00:00
2016-05-19,9299.37,9511.07,18:00:00,18:00:00
2016-05-20,9129.51,9200.19,18:00:00,18:00:00
2016-05-21,8613.25,8511.5,18:00:00,18:30:00
2016-05-22,8576.65,8671.59,18:30:00,18:30:00
2016-05-23,9371.66,9348.91,18:00:00,18:00:00
2016-05-24,9594.28,9676.79,18:00:00,18:00:00
2016-05-25,9759.65,9969.39,18:00:00,18:00:00
2016-05-26,9909.25,10100.52,18:00:00,18:00:00
2016-05-27,9774.66,9940.41,18:00:00,18:00:00
2016-05-28,9751.75,9334.17,18:00:00,18:00:00
2016-05-29,9914.2,9755.0,18:30:00,18:30:00
2016-05-30,11100.67,10841.04,18:30:00,18:30:00
2016-05-31,10892.26,10855.66,18:00:00,18:00:00
2016-06-01,10571.67,10552.23,18:00:00,18:00:00
2016-06-02,10283.48,10466.93,18:30:00,18:30:00
2016-06-03,10100.42,10124.96,18:00:00,18:00:00
2016-06-04,9429.86,8979.5,18:00:00,18:00:00
2016-06-05,9802.31,9071.25,18:00:00,18:00:00
2016-06-06,10603.14,10440.45,18:00:00,18:00:00
2016-06-07,10663.23,10639.42,18:00:00,18:00:00
2016-06-08,10162.82,10321.78,18:00:00,18:00:00
2016-06-09,9670.84,9990.87,18:00:00,18:00:00
2016-06-10,9469.29,9977.87,18:00:00,18:30:00
2016-06-11,9293.55,9518.45,18:30:00,18:30:00
2016-06-12,9661.81,10004.54,18:30:00,18:30:00
2016-06-13,10042.85,9878.08,18:30:00,18:30:00
2016-06-14,10557.85,10332.43,18:30:00,18:30:00
2016-06-15,10546.92,10350.96,18:30:00,18:30:00
2016-06-16,10264.07,10476.93,18:30:00,18:30:00
2016-06-17,10193.22,9844.3,18:00:00,18:00:00
2016-06-18,9304.47,9156.03,18:00:00,18:00:00
2016-06-19,9755.58,9254.16,18:00:00,18:00:00
2016-06-20,10567.49,10212.76,18:00:00,18:00:00
2016-06-21,10809.7,10515.17,18:30:00,18:30:00
2016-06-22,10499.22,10493.14,18:30:00,18:30:00
2016-06-23,10803.04,10658.81,18:00:00,18:30:00
2016-06-24,11292.38,11033.82,18:00:00,18:00:00
2016-06-25,10837.76,10559.99,18:00:00,18:00:00
2016-06-26,11330.91,10631.04,18:30:00,18:30:00
2016-06-27,12599.78,11942.72,18:00:00,18:00:00
2016-06-28,11796.25,11407.66,19:00:00,18:30:00
2016-06-29,11735.2,11429.88,19:00:00,18:30:00
2016-06-30,11904.18,11613.16,18:30:00,18:30:00
2016-07-01,11112.07,11353.62,18:30:00,18:30:00
2016-07-02,10302.68,10008.67,18:30:00,18:30:00
2016-07-03,10604.87,10311.5,18:30:00,18:30:00
2016-07-04,11980.94,11566.23,18:30:00,18:30:00
2016-07-05,11439.94,11270.77,18:30:00,18:30:00
2016-07-06,11439.77,11101.07,18:00:00,18:00:00
2016-07-07,10791.74,10593.99,18:00:00,18:30:00
2016-07-08,10661.73,10691.75,18:00:00,18:00:00
2016-07-09,9979.54,9832.76,18:30:00,18:30:00
2016-07-10,9908.86,9948.5,18:30:00,18:30:00
2016-07-11,10509.59,10175.72,18:30:00,18:00:00
2016-07-12,10586.72,10747.8,18:30:00,18:30:00
2016-07-13,11621.42,11547.84,18:30:00,18:00:00
2016-07-14,11571.39,11814.55,19:00:00,18:30:00
2016-07-15,11199.5,11353.83,18:30:00,18:30:00
2016-07-16,10190.52,9978.77,18:00:00,18:30:00
2016-07-17,9724.74,9626.26,18:30:00,18:30:00
2016-07-18,9890.62,9977.9,18:30:00,18:30:00
2016-07-19,9640.73,9883.02,18:30:00,18:30:00
2016-07-20,10182.9,10119.5,18:00:00,18:00:00
2016-07-21,9863.04,9905.68,18:30:00,18:30:00
2016-07-22,9220.47,9077.22,18:00:00,18:00:00
2016-07-23,9429.16,9660.13,18:30:00,18:30:00
2016-07-24,10869.75,10182.57,18:30:00,18:30:00
2016-07-25,11243.65,11187.53,18:30:00,18:30:00
2016-07-26,10876.64,10924.72,19:00:00,18:30:00
2016-07-27,10748.44,10770.13,18:30:00,18:30:00
2016-07-28,10779.66,10651.11,19:00:00,18:30:00
2016-07-29,10605.96,10500.25,19:00:00,18:30:00
2016-07-30,9865.85,9777.41,18:30:00,18:30:00
2016-07-31,9774.62,9821.91,18:30:00,19:00:00
2016-08-01,10996.84,10584.94,18:30:00,18:30:00
2016-08-02,11700.27,11385.41,18:30:00,18:30:00
2016-08-03,11660.81,10983.91,18:30:00,18:30:00
2016-08-04,11406.23,11012.76,19:00:00,18:30:00
2016-08-05,10837.58,10587.79,18:30:00,18:30:00
2016-08-06,10073.81,9940.9,18:30:00,18:30:00
2016-08-07,10155.2,10079.51,18:30:00,18:30:00
2016-08-08,10674.45,10684.91,19:00:00,18:30:00
2016-08-09,10470.33,10236.79,18:30:00,18:30:00
2016-08-10,9446.24,9755.47,18:30:00,18:30:00
2016-08-11,10057.89,10291.19,18:30:00,18:30:00
2016-08-12,10132.97,10321.53,18:30:00,19:00:00
2016-08-13,9337.95,9390.02,18:30:00,18:30:00
2016-08-14,9678.69,9513.49,19:00:00,19:00:00
2016-08-15,10173.5,10149.13,18:30:00,18:30:00
2016-08-16,9754.85,9939.59,19:00:00,18:30:00
2016-08-17,9613.55,9706.09,18:30:00,18:30:00
2016-08-18,9568.89,9821.96,18:30:00,18:30:00
2016-08-19,9223.91,9121.22,18:30:00,08:00:00
2016-08-20,9318.55,9567.76,18:30:00,18:30:00
2016-08-21,9614.55,9574.95,18:30:00,19:00:00
2016-08-22,11663.09,10780.59,18:30:00,19:00:00
2016-08-23,10858.02,10607.23,18:30:00,19:00:00
2016-08-24,11353.79,11046.88,18:30:00,19:00:00
2016-08-25,10858.85,11086.51,19:00:00,19:00:00
2016-08-26,10710.53,10710.83,18:30:00,19:00:00
2016-08-27,9492.24,9422.73,19:00:00,19:00:00
2016-08-28,9702.42,9493.3,19:00:00,19:00:00
2016-08-29,10461.22,10030.37,18:30:00,18:30:00
2016-08-30,9844.32,10013.12,18:30:00,19:00:00
2016-08-31,9524.4,9594.11,18:30:00,19:00:00
2016-09-01,9418.48,9318.36,18:30:00,19:00:00
2016-09-02,9663.8,9402.8,18:30:00,19:00:00
2016-09-03,8771.31,8693.15,19:00:00,19:00:00
2016-09-04,8809.21,8787.1,19:00:00,19:00:00
2016-09-05,9635.77,9529.94,18:30:00,19:00:00
2016-09-06,9394.33,9435.68,19:00:00,19:00:00
2016-09-07,9140.54,9110.48,18:30:00,19:00:00
2016-09-08,9283.35,9059.71,19:00:00,19:00:00
2016-09-09,8910.77,8565.63,18:30:00,19:00:00
2016-09-10,8323.85,8391.49,18:30:00,19:00:00
2016-09-11,8622.87,8465.08,19:00:00,19:00:00
2016-09-12,9284.23,9393.76,18:30:00,19:00:00
2016-09-13,9301.85,9372.29,18:30:00,19:00:00
2016-09-14,9107.08,9126.55,18:30:00,19:00:00
2016-09-15,9167.42,9266.19,18:30:00,19:00:00
2016-09-16,8701.06,8812.99,19:00:00,19:00:00
2016-09-17,8345.91,8351.65,19:00:00,19:00:00
2016-09-18,9223.23,8847.22,18:30:00,19:00:00
2016-09-19,9296.87,9396.04,19:00:00,19:00:00
2016-09-20,9499.25,9559.47,19:00:00,19:00:00
2016-09-21,9493.91,9686.54,19:00:00,19:00:00
2016-09-22,9429.12,9429.67,19:00:00,19:00:00
2016-09-23,8742.82,8682.65,19:00:00,19:00:00
2016-09-24,8032.58,8097.23,19:00:00,19:00:00
2016-09-25,8343.57,8449.32,19:00:00,19:00:00
2016-09-26,8992.71,9325.36,19:00:00,19:00:00
2016-09-27,9110.17,9284.72,19:00:00,19:00:00
2016-09-28,8895.15,9075.62,19:00:00,19:00:00
2016-09-29,9185.07,9547.54,19:00:00,19:00:00
2016-09-30,9079.62,9480.02,19:00:00,19:00:00
2016-10-01,8013.01,8246.95,19:00:00,19:00:00
2016-10-02,7482.06,7845.2,19:00:00,19:00:00
2016-10-03,7887.4,7791.6,19:00:00,19:00:00
2016-10-04,8562.23,8250.72,19:00:00,19:00:00
2016-10-05,8398.98,8367.07,19:00:00,19:00:00
2016-10-06,8266.48,8308.61,18:30:00,19:00:00
2016-10-07,8174.26,8429.24,17:00:00,16:00:00
2016-10-08,7654.87,7678.84,18:30:00,19:00:00
2016-10-09,7881.89,7713.84,18:30:00,19:00:00
2016-10-10,8771.3,8589.14,17:00:00,19:00:00
2016-10-11,8383.1,8367.47,19:00:00,19:00:00
2016-10-12,8442.04,8488.97,07:00:00,07:30:00
2016-10-13,8699.25,8892.14,19:00:00,19:00:00
2016-10-14,8699.94,8608.31,07:00:00,07:30:00
2016-10-15,7490.01,7392.57,19:00:00,19:00:00
2016-10-16,7789.73,7598.52,19:00:00,19:00:00
2016-10-17,8474.22,8294.88,19:00:00,19:00:00
2016-10-18,8324.4,8195.53,19:00:00,07:30:00
2016-10-19,8410.99,8329.71,19:00:00,19:00:00
2016-10-20,8544.33,8238.32,19:00:00,07:30:00
2016-10-21,8311.12,8333.4,19:00:00,16:00:00
2016-10-22,7913.13,7473.77,09:30:00,19:00:00
2016-10-23,8050.82,7916.31,19:00:00,19:00:00
2016-10-24,8434.43,8484.76,07:00:00,19:00:00
2016-10-25,8309.36,8254.15,19:00:00,07:00:00
2016-10-26,8195.0,8424.64,19:00:00,16:30:00
2016-10-27,8266.04,8241.76,18:00:00,19:00:00
2016-10-28,8237.85,8199.76,07:30:00,08:30:00
2016-10-29,7445.96,7278.23,19:00:00,09:00:00
2016-10-30,7774.46,7759.17,17:30:00,19:00:00
2016-10-31,8158.91,8120.92,19:30:00,17:00:00
2016-11-01,8210.12,8152.87,07:00:00,07:30:00
2016-11-02,8072.39,8055.84,19:30:00,07:00:00
2016-11-03,8447.72,8187.24,17:00:00,17:00:00
2016-11-04,8520.06,8427.28,17:00:00,16:30:00
2016-11-05,7517.55,7149.57,19:30:00,17:30:00
2016-11-06,7571.4,7291.77,19:30:00,19:00:00
2016-11-07,9359.15,9229.32,17:00:00,17:00:00
2016-11-08,9303.84,9334.18,16:00:00,16:00:00
2016-11-09,8762.63,8420.41,17:00:00,17:00:00
2016-11-10,8637.39,8564.11,17:00:00,17:00:00
2016-11-11,8655.72,8397.47,16:30:00,16:30:00
2016-11-12,8944.3,8492.49,17:00:00,17:00:00
2016-11-13,7927.89,7618.52,17:30:00,18:00:00
2016-11-14,8401.4,8372.96,17:00:00,17:00:00
2016-11-15,8153.32,8200.81,18:00:00,18:00:00
2016-11-16,8355.96,8354.14,17:00:00,17:30:00
2016-11-17,8688.81,8350.1,17:00:00,17:00:00
2016-11-18,10275.53,10077.59,16:00:00,16:30:00
2016-11-19,7940.5,8059.37,16:00:00,16:00:00
2016-11-20,8291.7,8254.6,17:30:00,17:30:00
2016-11-21,10539.35,10745.22,16:00:00,16:00:00
2016-11-22,10746.89,10994.21,15:30:00,16:00:00
2016-11-23,9831.67,9567.43,13:00:00,14:00:00
2016-11-24,8263.3,8166.54,17:00:00,18:00:00
2016-11-25,8129.07,8063.46,16:00:00,17:00:00
2016-11-26,7955.14,7572.51,17:30:00,19:30:00
2016-11-27,7867.48,7539.77,19:30:00,19:30:00
2016-11-28,9757.81,9550.16,16:30:00,17:00:00
2016-11-29,9176.88,8882.94,16:00:00,16:30:00
2016-11-30,9255.72,9044.16,15:30:00,16:00:00
2016-12-01,9596.48,10043.88,17:00:00,17:00:00
2016-12-02,10793.32,10645.69,15:30:00,16:00:00
2016-12-03,8665.48,8030.82,16:00:00,17:30:00
2016-12-04,9383.75,9053.36,17:30:00,17:30:00
2016-12-05,11505.27,11131.36,15:00:00,16:00:00
2016-12-06,9490.34,9068.24,11:00:00,16:00:00
2016-12-07,9067.22,8948.68,16:00:00,16:00:00
2016-12-08,10726.36,10276.27,17:00:00,16:00:00
2016-12-09,8421.74,8456.44,16:00:00,17:00:00
2016-12-10,7732.99,7591.43,17:30:00,20:00:00
2016-12-11,8236.31,7761.85,17:30:00,20:00:00
2016-12-12,10502.61,9966.49,16:30:00,17:00:00
2016-12-13,12297.62,11521.29,16:30:00,16:30:00
2016-12-14,11563.85,12096.06,15:00:00,15:30:00
2016-12-15,8770.39,8638.02,08:30:00,10:30:00
2016-12-16,8834.93,8613.97,10:00:00,08:30:00
2016-12-17,9284.61,8769.41,17:00:00,17:30:00
2016-12-18,7483.17,7273.36,19:30:00,18:00:00
2016-12-19,8640.73,8512.47,17:00:00,17:00:00
2016-12-20,10426.94,9796.13,17:00:00,17:00:00
2016-12-21,9314.39,9019.35,16:00:00,16:00:00
2016-12-22,8571.5,8256.17,17:00:00,09:30:00
2016-12-23,8847.72,8818.41,17:00:00,16:30:00
2016-12-24,8613.45,8286.06,14:00:00,16:00:00
2016-12-25,7589.44,7880.79,17:00:00,20:00:00
2016-12-26,8825.38,8753.88,17:00:00,17:30:00
2016-12-27,9221.09,9500.93,17:00:00,17:30:00
2016-12-28,10201.06,10190.33,16:30:00,17:00:00
2016-12-29,11481.39,11720.4,17:00:00,16:30:00
2016-12-30,10925.53,10566.85,16:00:00,16:30:00
2016-12-31,9858.39,9158.75,15:00:00,16:30:00
2017-01-01,8205.1,8103.42,17:00:00,17:30:00
2017-01-02,7800.92,7448.71,18:00:00,18:00:00
2017-01-03,8527.72,8345.22,17:00:00,17:00:00
2017-01-04,8524.76,8442.67,17:00:00,17:00:00
2017-01-05,8755.62,8818.51,17:00:00,17:00:00
2017-01-06,8821.02,8923.68,15:30:00,16:30:00
2017-01-07,8600.35,8431.65,17:30:00,17:00:00
2017-01-08,9613.97,9474.26,17:30:00,17:30:00
2017-01-09,11433.75,11737.43,16:00:00,16:00:00
2017-01-10,11940.53,11432.95,16:30:00,16:30:00
2017-01-11,13040.91,12621.99,16:30:00,16:00:00
2017-01-12,10870.06,10291.57,16:00:00,16:00:00
2017-01-13,12706.62,12451.96,16:00:00,16:30:00
2017-01-14,10670.39,10243.82,16:00:00,16:30:00
2017-01-15,8541.76,8320.21,17:30:00,18:00:00
2017-01-16,11197.17,10737.26,17:00:00,17:00:00
2017-01-17,13677.47,12632.21,17:00:00,16:00:00
2017-01-18,12803.63,12908.98,13:00:00,16:00:00
2017-01-19,9078.2,9187.3,11:00:00,10:00:00
2017-01-20,10016.55,10869.48,16:30:00,16:30:00
2017-01-21,8061.85,8258.28,17:00:00,17:00:00
2017-01-22,8997.51,8750.19,18:00:00,18:00:00
2017-01-23,12181.5,11713.89,17:00:00,17:00:00
2017-01-24,12966.89,12912.99,14:30:00,14:30:00
2017-01-25,9099.81,9418.18,13:30:00,16:00:00
2017-01-26,8104.19,8529.26,16:30:00,17:00:00
2017-01-27,9388.35,9291.41,16:00:00,16:30:00
2017-01-28,10977.09,10082.56,17:00:00,17:00:00
2017-01-29,10387.71,10086.5,17:00:00,17:30:00
2017-01-30,13947.7,13318.25,16:30:00,17:00:00
2017-01-31,12676.29,12548.61,12:30:00,15:30:00
2017-02-01,9676.24,10118.61,16:00:00,16:00:00
2017-02-02,9720.31,9954.43,17:00:00,16:00:00
2017-02-03,9797.31,10286.32,16:00:00,16:30:00
2017-02-04,11168.62,10178.9,17:00:00,17:30:00
2017-02-05,12790.82,11902.44,18:00:00,17:00:00
2017-02-06,13677.86,13621.65,16:00:00,16:00:00
2017-02-07,10068.3,9988.31,11:00:00,15:30:00
2017-02-08,10109.01,9576.81,16:00:00,16:30:00
2017-02-09,12601.15,11751.26,17:00:00,17:00:00
2017-02-10,13985.87,14576.28,17:00:00,16:30:00
2017-02-11,13348.37,13673.06,16:30:00,17:00:00
2017-02-12,11082.99,10957.22,12:30:00,15:00:00
2017-02-13,9447.08,9761.22,17:00:00,17:00:00
2017-02-14,9138.57,9124.36,09:30:00,16:00:00
2017-02-15,9489.55,9762.51,17:00:00,17:00:00
2017-02-16,11828.37,12000.13,16:00:00,16:30:00
2017-02-17,11425.83,12511.08,13:00:00,16:30:00
2017-02-18,9093.18,8821.23,14:30:00,17:30:00
2017-02-19,8157.15,7933.72,19:30:00,19:30:00
2017-02-20,8677.72,8882.5,17:00:00,17:00:00
2017-02-21,9033.56,9185.32,16:30:00,17:00:00
2017-02-22,9870.11,9990.94,16:00:00,17:00:00
2017-02-23,11058.23,11064.53,16:30:00,17:00:00
2017-02-24,9948.18,10274.73,16:00:00,16:00:00
2017-02-25,7831.15,7951.47,09:30:00,09:30:00
2017-02-26,8008.33,8001.05,19:30:00,18:00:00
2017-02-27,9196.58,9207.99,17:00:00,16:00:00
2017-02-28,9329.05,9284.7,17:00:00,16:00:00
2017-03-01,9391.45,9373.37,16:30:00,16:00:00
2017-03-02,9526.23,9537.61,17:00:00,16:00:00
2017-03-03,9176.46,9214.27,11:30:00,10:00:00
2017-03-04,8324.4,8111.98,11:00:00,09:30:00
2017-03-05,8139.42,8798.61,17:30:00,17:30:00
2017-03-06,8721.0,9144.09,17:00:00,17:00:00
2017-03-07,8586.52,8888.29,19:00:00,17:00:00
2017-03-08,8530.94,8763.38,17:00:00,17:00:00
2017-03-09,8678.42,8731.84,19:00:00,17:00:00
2017-03-10,8574.63,8705.84,09:30:00,16:30:00
2017-03-11,7933.91,8042.1,19:00:00,17:30:00
2017-03-12,8391.1,8897.15,17:30:00,17:30:00
2017-03-13,9337.89,9677.98,16:00:00,16:00:00
2017-03-14,9086.89,9331.65,12:00:00,16:30:00
2017-03-15,9158.11,9263.55,17:00:00,16:30:00
2017-03-16,9631.61,9520.36,17:00:00,16:30:00
2017-03-17,8972.55,9027.63,09:30:00,10:00:00
2017-03-18,8088.97,8018.33,09:30:00,09:30:00
2017-03-19,8844.7,8554.62,17:30:00,19:00:00
2017-03-20,10055.93,10640.0,16:00:00,16:30:00
2017-03-21,10219.05,10385.75,16:00:00,15:30:00
2017-03-22,10227.35,10792.57,15:00:00,16:00:00
2017-03-23,9066.86,9130.71,17:00:00,10:00:00
2017-03-24,8742.02,8826.37,09:30:00,10:00:00
2017-03-25,8157.95,8000.35,18:30:00,19:00:00
2017-03-26,8833.6,8508.92,17:30:00,19:00:00
2017-03-27,9975.21,10100.86,17:00:00,16:30:00
2017-03-28,9305.27,9768.33,17:00:00,16:00:00
2017-03-29,11000.33,10610.0,17:00:00,17:00:00
2017-03-30,9542.14,9636.7,09:00:00,10:00:00
2017-03-31,8385.99,8609.69,07:00:00,08:30:00
2017-04-01,7697.33,8015.82,18:30:00,18:30:00
2017-04-02,8211.91,8325.7,18:30:00,18:30:00
2017-04-03,9134.08,9403.74,18:30:00,18:30:00
2017-04-04,9090.85,9218.76,18:30:00,18:30:00
2017-04-05,8899.57,8963.64,18:30:00,18:30:00
2017-04-06,8980.09,8943.55,18:30:00,18:30:00
2017-04-07,8697.32,8723.4,18:30:00,18:30:00
2017-04-08,8244.28,8234.5,18:30:00,18:30:00
2017-04-09,8376.27,8270.09,18:30:00,18:30:00
2017-04-10,9131.44,9454.6,18:30:00,18:30:00
2017-04-11,8980.2,8954.97,18:30:00,18:30:00
2017-04-12,8977.34,8952.62,18:30:00,18:30:00
2017-04-13,8664.87,8955.92,18:30:00,18:30:00
2017-04-14,7784.15,7897.57,18:30:00,18:30:00
2017-04-15,7893.23,7868.45,18:30:00,18:30:00
2017-04-16,7773.34,7789.84,18:30:00,18:30:00
2017-04-17,8257.84,8202.41,18:30:00,18:30:00
2017-04-18,8905.52,9007.44,18:30:00,18:30:00
2017-04-19,8958.14,8954.83,18:30:00,18:30:00
2017-04-20,8917.23,9075.19,18:30:00,18:30:00
2017-04-21,8748.56,8663.96,18:00:00,18:00:00
2017-04-22,8152.03,8255.87,18:30:00,18:30:00
2017-04-23,8118.19,8490.09,18:30:00,18:30:00
2017-04-24,8901.22,9255.8,18:00:00,18:30:00
2017-04-25,8182.67,8247.92,18:00:00,18:30:00
2017-04-26,9235.1,9566.48,18:30:00,18:30:00
2017-04-27,9418.12,9711.63,18:30:00,18:30:00
2017-04-28,9143.61,9183.46,18:30:00,18:30:00
2017-04-29,8445.87,8505.61,18:30:00,18:30:00
2017-04-30,8585.62,8634.01,18:30:00,18:30:00
2017-05-01,9192.03,9287.12,18:00:00,18:00:00
2017-05-02,9229.75,9264.96,18:00:00,18:30:00
2017-05-03,9561.99,9740.21,18:00:00,18:30:00
2017-05-04,9537.32,9619.34,18:00:00,18:30:00
2017-05-05,9159.43,9078.75,18:00:00,18:30:00
2017-05-06,8467.0,8341.87,18:00:00,18:00:00
2017-05-07,8897.37,8886.43,18:30:00,18:30:00
2017-05-08,9950.51,9974.05,18:30:00,18:30:00
2017-05-09,9820.35,9991.63,18:30:00,18:30:00
2017-05-10,9786.74,9782.55,18:30:00,18:30:00
2017-05-11,9610.03,9826.77,18:30:00,18:30:00
2017-05-12,9545.14,9406.18,18:00:00,18:00:00
2017-05-13,8826.53,8660.64,18:00:00,18:30:00
2017-05-14,8835.77,8819.91,18:00:00,18:30:00
2017-05-15,9998.32,9770.27,18:00:00,18:00:00
2017-05-16,9980.89,9792.51,18:00:00,18:30:00
2017-05-17,9881.82,9930.16,18:00:00,18:30:00
2017-05-18,9544.87,9638.55,18:30:00,18:30:00
2017-05-19,9656.94,9337.0,18:00:00,18:00:00
2017-05-20,8658.33,8628.3,18:00:00,18:00:00
2017-05-21,8957.0,8749.35,18:30:00,18:30:00
2017-05-22,9744.94,9729.7,18:00:00,18:00:00
2017-05-23,9680.32,9552.17,18:00:00,18:30:00
2017-05-24,9518.76,9623.73,18:00:00,18:00:00
2017-05-25,9787.95,9970.44,18:30:00,18:30:00
2017-05-26,9577.62,10238.06,18:30:00,18:00:00
2017-05-27,9005.37,9125.57,18:00:00,18:00:00
2017-05-28,9100.05,8953.61,18:00:00,18:30:00
2017-05-29,10689.58,10715.71,18:30:00,18:00:00
2017-05-30,11053.09,10734.3,18:30:00,18:30:00
2017-05-31,11318.1,11371.31,18:30:00,18:00:00
2017-06-01,11126.74,11090.79,18:30:00,18:30:00
2017-06-02,10714.7,10601.89,18:00:00,18:30:00
2017-06-03,9826.18,9682.21,18:00:00,18:30:00
2017-06-04,9949.14,9745.79,18:30:00,18:30:00
2017-06-05,10856.51,10762.72,18:30:00,18:30:00
2017-06-06,11398.53,11207.11,18:00:00,18:00:00
2017-06-07,11652.8,10917.99,18:00:00,18:00:00
2017-06-08,10773.55,10481.34,18:00:00,18:30:00
2017-06-09,10492.85,10388.44,18:00:00,18:00:00
2017-06-10,9736.69,9650.32,18:00:00,18:00:00
2017-06-11,9509.66,9673.97,18:00:00,18:30:00
2017-06-12,9977.36,9751.58,18:00:00,18:30:00
2017-06-13,10790.44,10681.43,18:30:00,18:30:00
2017-06-14,10416.53,10479.74,18:00:00,18:30:00
2017-06-15,10463.85,10580.99,18:30:00,18:30:00
2017-06-16,10414.51,10434.67,18:00:00,18:00:00
2017-06-17,9700.33,9637.22,18:00:00,18:30:00
2017-06-18,10154.09,9742.0,18:30:00,18:30:00
2017-06-19,10806.45,10569.32,18:00:00,18:30:00
2017-06-20,10667.4,10680.65,18:30:00,18:30:00
2017-06-21,10898.3,10819.39,18:30:00,18:30:00
2017-06-22,10745.84,11119.91,18:30:00,18:30:00
2017-06-23,10574.75,10658.06,18:00:00,18:30:00
2017-06-24,9904.58,10090.76,18:30:00,18:30:00
2017-06-25,10269.57,10183.99,18:30:00,18:30:00
2017-06-26,11267.5,11187.42,18:30:00,18:30:00
2017-06-27,11541.34,11261.37,18:30:00,18:30:00
2017-06-28,11468.72,11267.45,18:30:00,18:30:00
2017-06-29,11285.48,11313.41,18:30:00,18:30:00
2017-06-30,11413.92,11508.31,18:30:00,18:30:00
2017-07-01,10864.38,10719.12,18:30:00,18:30:00
2017-07-02,10960.71,10738.41,19:00:00,18:30:00
2017-07-03,11914.9,11613.26,18:00:00,18:30:00
2017-07-04,10511.75,10817.41,18:30:00,18:30:00
2017-07-05,10494.89,10644.49,18:30:00,18:30:00
2017-07-06,10891.45,11003.45,18:30:00,18:30:00
2017-07-07,10777.25,10806.81,18:30:00,18:30:00
2017-07-08,10221.12,10294.56,18:30:00,18:30:00
2017-07-09,10581.23,10425.85,18:30:00,18:30:00
2017-07-10,11600.52,11332.95,18:30:00,18:30:00
2017-07-11,11469.51,11271.4,18:30:00,18:30:00
2017-07-12,11573.81,11256.34,18:30:00,18:30:00
2017-07-13,11151.66,11083.64,18:30:00,18:30:00
2017-07-14,10575.36,10498.05,18:00:00,18:30:00
2017-07-15,10032.87,10080.7,18:30:00,18:30:00
2017-07-16,10663.35,10429.52,18:30:00,18:30:00
2017-07-17,11273.22,11007.79,18:30:00,18:30:00
2017-07-18,10403.24,10555.53,18:30:00,18:30:00
2017-07-19,11100.76,10844.01,19:00:00,18:30:00
2017-07-20,11413.35,11309.17,19:00:00,19:00:00
2017-07-21,11084.92,10966.96,18:30:00,18:30:00
2017-07-22,10359.54,10034.17,18:30:00,18:30:00
2017-07-23,9964.44,9641.43,19:00:00,19:00:00
2017-07-24,10640.54,10747.06,18:30:00,18:30:00
2017-07-25,10574.52,10387.18,19:00:00,18:30:00
2017-07-26,10025.52,10382.1,18:30:00,18:30:00
2017-07-27,10709.34,10914.39,19:00:00,19:00:00
2017-07-28,10181.87,10399.51,18:30:00,18:30:00
2017-07-29,9699.62,9536.8,18:30:00,18:30:00
2017-07-30,9044.44,9005.22,18:30:00,19:00:00
2017-07-31,10899.39,10815.11,18:30:00,18:30:00
2017-08-01,10867.45,10749.23,19:00:00,18:30:00
2017-08-02,10835.76,10911.0,18:30:00,18:30:00
2017-08-03,10776.31,10765.0,18:30:00,19:00:00
2017-08-04,10507.17,10446.4,18:30:00,18:30:00
2017-08-05,9547.22,9623.3,18:30:00,18:30:00
2017-08-06,9406.71,9433.58,18:30:00,18:30:00
2017-08-07,10783.26,10770.65,18:30:00,18:30:00
2017-08-08,10640.58,10767.92,19:00:00,19:00:00
2017-08-09,10307.69,10262.5,19:00:00,18:30:00
2017-08-10,9961.14,9771.2,08:00:00,18:30:00
2017-08-11,9014.0,9438.84,18:30:00,18:30:00
2017-08-12,8840.63,8907.91,19:00:00,18:30:00
2017-08-13,9095.94,9211.98,19:00:00,18:30:00
2017-08-14,9812.54,9679.29,19:00:00,18:30:00
2017-08-15,9798.14,9501.57,18:30:00,18:30:00
2017-08-16,9319.9,9710.1,18:30:00,18:30:00
2017-08-17,9476.19,9339.46,18:30:00,18:30:00
2017-08-18,10161.58,10105.51,18:30:00,18:30:00
2017-08-19,9888.88,9712.56,19:00:00,18:30:00
2017-08-20,10238.13,9976.45,19:00:00,19:00:00
2017-08-21,11159.65,10757.06,18:30:00,19:00:00
2017-08-22,10133.92,10279.09,19:00:00,19:00:00
2017-08-23,9831.38,9841.92,08:00:00,19:00:00
2017-08-24,10550.08,10641.94,18:30:00,19:00:00
2017-08-25,10090.26,10238.8,18:30:00,19:00:00
2017-08-26,9184.25,9182.4,18:30:00,19:00:00
2017-08-27,10241.3,10086.43,18:30:00,19:00:00
2017-08-28,11345.96,11017.19,19:00:00,19:00:00
2017-08-29,10957.62,10612.93,19:00:00,19:00:00
2017-08-30,10549.68,10391.25,19:00:00,19:00:00
2017-08-31,10743.94,10628.3,19:00:00,19:00:00
2017-09-01,10024.36,9979.94,19:00:00,19:00:00
2017-09-02,8955.61,8624.86,18:30:00,19:00:00
2017-09-03,8268.98,8388.1,19:00:00,19:00:00
2017-09-04,9588.49,9515.64,18:30:00,19:00:00
2017-09-05,10057.98,10154.33,19:00:00,19:00:00
2017-09-06,9842.17,10099.4,19:00:00,19:00:00
2017-09-07,9686.79,9829.96,19:00:00,19:00:00
2017-09-08,9439.37,9515.81,19:00:00,19:00:00
2017-09-09,9015.68,8845.18,19:00:00,19:00:00
2017-09-10,9139.31,8909.75,19:00:00,19:00:00
2017-09-11,9317.71,9202.22,18:30:00,19:00:00
2017-09-12,8908.86,9082.01,19:00:00,19:00:00
2017-09-13,8946.59,8970.42,18:30:00,19:00:00
2017-09-14,9672.51,9454.19,19:00:00,19:00:00
2017-09-15,8878.27,9019.51,18:30:00,19:00:00
2017-09-16,8639.55,8548.29,18:30:00,19:00:00
2017-09-17,9047.77,8904.38,19:00:00,19:00:00
2017-09-18,9029.78,9245.7,19:00:00,19:00:00
2017-09-19,9094.59,9289.51,19:00:00,19:00:00
2017-09-20,9142.11,9318.88,19:00:00,19:00:00
2017-09-21,8898.21,9169.15,19:00:00,19:00:00
2017-09-22,8580.55,8716.95,19:00:00,19:00:00
2017-09-23,8159.22,9027.86,19:00:00,18:00:00
2017-09-24,8110.66,8329.47,19:00:00,19:00:00
2017-09-25,8825.4,8620.33,19:00:00,19:00:00
2017-09-26,8986.47,8958.17,19:00:00,19:00:00
2017-09-27,8899.63,8825.2,19:00:00,19:00:00
2017-09-28,8759.83,8710.46,19:00:00,19:00:00
2017-09-29,8333.5,8174.64,19:00:00,19:00:00
2017-09-30,7845.68,7872.89,19:00:00,19:00:00
2017-10-01,7408.8,7869.56,19:00:00,19:30:00
2017-10-02,7801.03,7846.94,19:00:00,19:00:00
2017-10-03,8465.99,8351.83,19:00:00,19:00:00
2017-10-04,8327.64,8319.58,18:30:00,19:00:00
2017-10-05,8670.39,8454.19,18:30:00,19:00:00
2017-10-06,8277.09,8166.72,09:00:00,09:00:00
2017-10-07,7569.0,7798.99,19:00:00,19:00:00
2017-10-08,7970.55,7980.17,18:30:00,19:00:00
2017-10-09,8814.51,8868.57,17:00:00,17:00:00
2017-10-10,8313.69,8317.35,18:30:00,07:30:00
2017-10-11,8513.99,8412.96,19:00:00,19:00:00
2017-10-12,8300.81,8468.02,19:00:00,19:00:00
2017-10-13,8187.59,8300.91,19:00:00,07:30:00
2017-10-14,7637.66,7550.48,18:30:00,19:00:00
2017-10-15,7665.76,7598.98,19:00:00,19:00:00
2017-10-16,8295.11,8420.41,18:00:00,19:00:00
2017-10-17,8368.65,8283.89,18:00:00,07:30:00
2017-10-18,8382.24,8282.73,19:00:00,19:00:00
2017-10-19,8815.49,8821.99,17:00:00,16:00:00
2017-10-20,8576.62,8519.97,09:30:00,09:00:00
2017-10-21,7547.57,7497.64,19:00:00,19:30:00
2017-10-22,7803.3,7846.48,19:00:00,19:00:00
2017-10-23,8189.74,8369.94,19:00:00,19:00:00
2017-10-24,8436.11,8431.52,19:00:00,19:00:00
2017-10-25,8672.19,8441.17,17:00:00,16:00:00
2017-10-26,8444.92,8209.11,17:00:00,17:00:00
2017-10-27,8154.56,8233.89,16:00:00,07:30:00
2017-10-28,7751.92,7738.3,19:00:00,19:30:00
2017-10-29,8399.27,8406.34,17:30:00,19:00:00
2017-10-30,9891.81,9382.18,16:00:00,14:00:00
2017-10-31,8126.5,8505.36,19:00:00,19:00:00
2017-11-01,8165.15,8282.54,19:00:00,07:30:00
2017-11-02,8232.65,8223.71,19:00:00,18:00:00
2017-11-03,8278.99,8344.69,16:00:00,16:00:00
2017-11-04,7566.7,7488.81,19:00:00,18:00:00
2017-11-05,7859.97,7676.18,19:00:00,19:30:00
2017-11-06,8469.9,8248.55,19:00:00,08:00:00
2017-11-07,8204.69,8304.96,19:00:00,19:30:00
2017-11-08,8250.19,8239.44,19:30:00,19:30:00
2017-11-09,8223.52,8268.36,19:00:00,07:30:00
2017-11-10,8041.04,8146.49,07:30:00,07:30:00
2017-11-11,7677.87,7331.42,19:30:00,19:30:00
2017-11-12,7725.26,7452.48,19:30:00,19:30:00
2017-11-13,8473.54,8361.94,17:00:00,17:00:00
2017-11-14,8484.36,8404.61,17:00:00,17:00:00
2017-11-15,8681.0,8603.33,17:00:00,16:00:00
2017-11-16,8636.8,8546.65,17:00:00,17:00:00
2017-11-17,8529.03,8374.37,11:00:00,09:00:00
2017-11-18,7884.28,7571.38,09:30:00,09:00:00
2017-11-19,7804.21,7576.71,19:00:00,19:30:00
2017-11-20,8356.95,8464.45,19:30:00,17:00:00
2017-11-21,8357.21,8380.02,17:00:00,17:00:00
2017-11-22,8453.45,8428.61,17:00:00,17:00:00
2017-11-23,8761.81,8667.27,17:00:00,16:00:00
2017-11-24,8979.22,9282.47,14:00:00,16:00:00
2017-11-25,8318.25,8121.14,16:00:00,17:00:00
2017-11-26,8504.38,8407.31,17:00:00,17:30:00
2017-11-27,9304.56,9049.86,17:00:00,16:00:00
2017-11-28,9502.61,9325.82,17:00:00,16:30:00
2017-11-29,9391.43,9306.88,16:00:00,16:30:00
2017-11-30,10057.85,9523.79,17:00:00,16:30:00
2017-12-01,10228.67,10183.13,16:00:00,16:00:00
2017-12-02,8456.47,8475.54,10:30:00,11:00:00
2017-12-03,8076.68,7813.34,19:30:00,19:30:00
2017-12-04,8430.61,8556.57,17:00:00,17:00:00
2017-12-05,8350.61,8441.68,17:00:00,17:00:00
2017-12-06,8291.84,8373.18,17:00:00,17:00:00
2017-12-07,9369.64,9414.46,17:00:00,17:00:00
2017-12-08,8792.1,8630.95,12:30:00,16:30:00
2017-12-09,7774.84,7720.57,18:00:00,20:00:00
2017-12-10,8213.54,7982.5,18:00:00,18:00:00
2017-12-11,9733.99,9606.1,16:30:00,16:00:00
2017-12-12,10198.05,9732.27,17:00:00,17:00:00
2017-12-13,11283.01,11426.41,16:30:00,16:30:00
2017-12-14,12570.96,12944.57,16:00:00,16:30:00
2017-12-15,9862.57,9637.21,16:00:00,16:00:00
2017-12-16,10588.64,10484.49,16:00:00,17:00:00
2017-12-17,9040.6,8782.58,15:30:00,17:30:00
2017-12-18,11334.89,11934.64,15:00:00,16:00:00
2017-12-19,12986.04,13479.81,16:30:00,16:30:00
2017-12-20,12553.45,12090.45,13:30:00,13:00:00
2017-12-21,8951.51,8750.26,09:30:00,09:30:00
2017-12-22,9157.34,8851.35,17:00:00,16:30:00
2017-12-23,9847.97,9296.45,17:00:00,17:30:00
2017-12-24,10465.25,9418.8,13:30:00,17:00:00
2017-12-25,6795.99,6749.93,10:00:00,00:00:00
2017-12-26,7347.55,6828.73,20:00:00,20:00:00
2017-12-27,8477.18,8054.15,17:00:00,17:30:00
2017-12-28,10034.29,9706.02,17:00:00,17:00:00
2017-12-29,10474.45,10246.39,14:30:00,16:30:00
2017-12-30,9709.51,9058.09,17:00:00,17:30:00
2017-12-31,7995.27,7416.53,17:00:00,18:00:00
2018-01-01,8747.49,8712.43,17:00:00,18:00:00
2018-01-02,9395.79,9427.14,15:30:00,17:00:00
2018-01-03,8235.15,8392.52,17:00:00,17:00:00
2018-01-04,8651.08,8751.42,18:00:00,17:00:00
2018-01-05,9727.0,9786.64,17:00:00,17:00:00
2018-01-06,10660.05,10168.7,17:30:00,17:30:00
2018-01-07,12230.57,11920.27,17:00:00,17:00:00
2018-01-08,12088.8,12582.76,15:30:00,16:00:00
2018-01-09,10903.51,11451.63,17:00:00,16:00:00
2018-01-10,8940.55,8969.91,17:00:00,16:00:00
2018-01-11,9454.55,9464.98,17:00:00,16:00:00
2018-01-12,11333.28,10916.37,16:30:00,16:30:00
2018-01-13,9556.87,9507.24,13:00:00,14:00:00
2018-01-14,7608.04,7552.35,20:00:00,18:00:00
2018-01-15,8545.31,8686.48,18:00:00,17:00:00
2018-01-16,8384.03,8602.84,17:00:00,17:00:00
2018-01-17,8696.55,8985.67,17:00:00,17:00:00
2018-01-18,9965.65,9992.14,17:00:00,17:00:00
2018-01-19,10921.92,10924.02,16:00:00,16:00:00
2018-01-20,9960.26,10166.34,16:00:00,17:00:00
2018-01-21,10487.65,10146.39,17:00:00,18:00:00
2018-01-22,12494.58,12682.83,16:00:00,16:00:00
2018-01-23,10672.4,12039.33,17:00:00,16:30:00
2018-01-24,11587.96,11503.38,15:30:00,16:00:00
2018-01-25,10583.31,11368.51,16:00:00,16:00:00
2018-01-26,9993.97,10047.26,16:00:00,17:00:00
2018-01-27,10388.62,9873.94,16:00:00,16:00:00
2018-01-28,9973.81,9672.45,17:00:00,17:30:00
2018-01-29,11527.25,10992.29,17:00:00,17:00:00
2018-01-30,11869.42,11314.02,16:30:00,16:30:00
2018-01-31,8592.64,8795.96,08:30:00,17:00:00
2018-02-01,8208.3,8711.76,17:00:00,17:00:00
2018-02-02,8244.5,8696.47,09:00:00,17:00:00
2018-02-03,7576.35,7719.49,20:00:00,17:30:00
2018-02-04,8059.14,7985.5,18:00:00,17:30:00
2018-02-05,9391.51,9456.0,17:00:00,17:00:00
2018-02-06,9596.72,9432.26,16:30:00,17:00:00
2018-02-07,10034.83,9713.87,16:30:00,17:00:00
2018-02-08,11230.99,10636.32,17:00:00,17:00:00
2018-02-09,11118.14,11172.08,15:30:00,16:00:00
2018-02-10,10453.83,10378.73,17:30:00,17:00:00
2018-02-11,9112.19,9690.4,16:00:00,15:30:00
2018-02-12,10824.9,10505.62,16:00:00,17:00:00
2018-02-13,10929.95,10251.14,16:00:00,16:00:00
2018-02-14,12846.15,12311.91,17:00:00,17:00:00
2018-02-15,11025.83,10412.01,17:00:00,17:00:00
2018-02-16,9997.67,9902.07,16:00:00,16:00:00
2018-02-17,9406.39,9386.54,17:00:00,16:00:00
2018-02-18,10494.67,10214.15,17:30:00,17:00:00
2018-02-19,10201.6,10180.45,16:00:00,16:00:00
2018-02-20,8565.5,8803.25,09:30:00,17:00:00
2018-02-21,8796.22,8881.95,16:30:00,17:00:00
2018-02-22,9103.25,9229.81,17:00:00,17:00:00
2018-02-23,9969.74,10404.21,16:30:00,16:00:00
2018-02-24,10439.2,10756.41,15:30:00,17:00:00
2018-02-25,8278.52,7933.42,17:30:00,00:00:00
2018-02-26,8563.3,8624.39,18:00:00,17:00:00
2018-02-27,8727.44,8826.82,17:00:00,17:00:00
2018-02-28,10096.73,10089.22,17:00:00,17:00:00
2018-03-01,9225.75,9225.12,16:00:00,17:00:00
2018-03-02,9080.1,8870.41,17:00:00,16:30:00
2018-03-03,9464.69,9058.52,17:00:00,17:00:00
2018-03-04,8572.68,8535.62,17:00:00,17:30:00
2018-03-05,9126.72,8951.13,09:30:00,17:00:00
2018-03-06,8597.95,8738.6,17:00:00,17:00:00
2018-03-07,8500.78,8572.95,17:00:00,17:00:00
2018-03-08,8690.82,8547.24,18:00:00,17:00:00
2018-03-09,8551.52,8570.69,16:00:00,16:30:00
2018-03-10,7935.95,7847.69,17:30:00,19:30:00
2018-03-11,8635.41,8528.78,18:00:00,19:00:00
2018-03-12,9188.33,9239.22,17:00:00,17:00:00
2018-03-13,8798.78,8727.32,17:00:00,17:00:00
2018-03-14,9428.68,9361.95,17:00:00,17:00:00
2018-03-15,10562.3,10450.55,16:30:00,17:00:00
2018-03-16,9223.18,9021.56,16:00:00,16:30:00
2018-03-17,9958.65,9788.05,16:30:00,17:00:00
2018-03-18,11615.92,11374.39,17:30:00,17:00:00
2018-03-19,11144.14,10393.76,17:00:00,17:00:00
2018-03-20,9718.05,9118.55,16:00:00,16:30:00
2018-03-21,8586.81,8584.89,17:00:00,19:00:00
2018-03-22,8532.95,8543.99,18:00:00,19:00:00
2018-03-23,8496.53,8464.21,09:30:00,17:00:00
2018-03-24,8092.59,8330.19,18:30:00,17:30:00
2018-03-25,8778.14,9028.31,17:30:00,17:30:00
2018-03-26,8515.51,8545.36,18:00:00,18:30:00
2018-03-27,8539.55,8566.6,18:30:00,18:30:00
2018-03-28,9213.56,9083.46,17:00:00,17:00:00
2018-03-29,9370.27,9537.01,17:00:00,17:00:00
2018-03-30,8840.91,8784.43,16:30:00,17:00:00
2018-03-31,8028.1,7817.43,18:30:00,18:30:00
2018-04-01,8672.46,8961.74,18:30:00,18:30:00
2018-04-02,8925.76,9400.25,18:30:00,18:30:00
2018-04-03,9037.12,9952.7,18:30:00,18:30:00
2018-04-04,9136.8,9121.47,18:30:00,18:30:00
2018-04-05,9621.92,9643.8,18:30:00,18:30:00
2018-04-06,9144.78,9117.11,16:30:00,18:30:00
2018-04-07,8831.19,8859.1,18:30:00,18:30:00
2018-04-08,8997.08,9204.63,18:30:00,18:30:00
2018-04-09,9737.0,9740.92,15:00:00,18:00:00
2018-04-10,9254.8,9110.05,18:30:00,18:30:00
2018-04-11,9861.69,9386.58,17:00:00,18:30:00
2018-04-12,10426.74,10558.03,17:00:00,18:30:00
2018-04-13,10255.5,10288.08,16:30:00,18:00:00
2018-04-14,8608.08,8845.4,18:30:00,18:00:00
2018-04-15,8116.35,8124.39,18:30:00,18:30:00
2018-04-16,9223.13,8969.82,18:30:00,18:30:00
2018-04-17,8866.54,8928.82,18:30:00,18:30:00
2018-04-18,8945.5,8918.55,18:30:00,18:30:00
2018-04-19,9059.27,9061.04,18:00:00,18:30:00
2018-04-20,8774.4,8729.38,18:00:00,18:30:00
2018-04-21,8060.04,8236.75,18:30:00,18:30:00
2018-04-22,8401.93,8456.69,18:30:00,18:30:00
2018-04-23,9025.9,9226.46,18:00:00,18:30:00
2018-04-24,8900.05,9169.35,18:30:00,18:30:00
2018-04-25,8230.89,8423.75,18:30:00,18:30:00
2018-04-26,8957.48,9097.54,18:30:00,18:30:00
2018-04-27,8700.57,8946.75,18:00:00,18:30:00
2018-04-28,8271.38,8490.53,18:00:00,18:30:00
2018-04-29,8569.43,8661.45,18:30:00,18:30:00
2018-04-30,9336.55,9348.4,18:30:00,18:30:00
2018-05-01,9255.74,9280.29,18:00:00,18:30:00
2018-05-02,9216.25,9259.36,18:00:00,18:30:00
2018-05-03,9197.55,9290.21,18:00:00,18:30:00
2018-05-04,8809.01,8816.01,18:00:00,18:30:00
2018-05-05,8334.63,8358.52,18:30:00,18:30:00
2018-05-06,8633.61,8726.91,18:30:00,18:30:00
2018-05-07,9283.64,9411.28,18:00:00,18:00:00
2018-05-08,9241.59,9314.22,18:00:00,18:00:00
2018-05-09,9105.73,9301.65,18:00:00,18:00:00
2018-05-10,9374.68,9390.28,18:00:00,18:30:00
2018-05-11,9922.69,10178.2,18:30:00,18:30:00
2018-05-12,9246.34,9080.93,18:00:00,18:30:00
2018-05-13,9128.53,9037.89,18:00:00,18:30:00
2018-05-14,9941.84,9861.93,18:30:00,18:30:00
2018-05-15,9920.77,9826.72,18:00:00,18:30:00
2018-05-16,10170.39,10231.46,18:00:00,18:30:00
2018-05-17,9988.66,9938.14,18:00:00,18:30:00
2018-05-18,9718.34,9631.36,18:00:00,18:00:00
2018-05-19,9083.66,9061.67,18:00:00,18:00:00
2018-05-20,9371.87,9272.79,18:30:00,18:30:00
2018-05-21,9896.04,9948.74,18:00:00,18:00:00
2018-05-22,9785.6,9793.87,18:30:00,18:00:00
2018-05-23,9699.16,9739.91,18:00:00,18:00:00
2018-05-24,9895.89,9973.86,18:00:00,18:30:00
2018-05-25,9699.01,9825.52,18:00:00,18:00:00
2018-05-26,9022.4,9041.85,18:00:00,18:00:00
2018-05-27,9343.0,9193.3,18:30:00,18:00:00
2018-05-28,10167.58,10055.89,18:00:00,18:00:00
2018-05-29,9886.95,9749.68,18:00:00,18:00:00
2018-05-30,10668.44,10639.82,18:30:00,18:30:00
2018-05-31,10794.47,10777.69,18:00:00,18:30:00
2018-06-01,10714.9,10714.34,18:00:00,18:00:00
2018-06-02,10088.39,9857.8,18:00:00,18:30:00
2018-06-03,9723.19,9771.94,18:00:00,18:30:00
2018-06-04,10766.64,10728.35,18:00:00,18:30:00
2018-06-05,10855.27,10770.04,18:30:00,18:30:00
2018-06-06,10990.02,10617.65,18:00:00,18:00:00
2018-06-07,10139.44,10336.46,18:30:00,18:00:00
2018-06-08,10520.75,10082.58,18:00:00,18:30:00
2018-06-09,9769.24,9939.85,18:00:00,18:30:00
2018-06-10,9622.74,9939.54,18:00:00,18:30:00
2018-06-11,10003.24,10100.91,18:00:00,18:30:00
2018-06-12,10939.69,10819.96,18:30:00,18:30:00
2018-06-13,10751.04,10733.06,18:30:00,18:30:00
2018-06-14,10768.81,10780.93,19:00:00,18:30:00
2018-06-15,10424.83,10330.35,18:00:00,18:00:00
2018-06-16,10212.27,10196.16,18:00:00,18:30:00
2018-06-17,10885.62,10952.64,18:30:00,18:30:00
2018-06-18,11795.35,11554.84,18:00:00,18:30:00
2018-06-19,12076.7,11387.93,18:30:00,18:30:00
2018-06-20,11133.04,10995.07,18:30:00,18:30:00
2018-06-21,11167.63,10997.34,18:30:00,18:30:00
2018-06-22,10835.56,10582.66,18:00:00,18:30:00
2018-06-23,10336.36,10241.55,18:30:00,18:30:00
2018-06-24,10897.5,10756.03,18:30:00,18:30:00
2018-06-25,11878.35,11689.07,18:30:00,18:30:00
2018-06-26,11586.08,11447.46,18:30:00,18:30:00
2018-06-27,11352.86,11223.69,18:00:00,18:30:00
2018-06-28,11418.26,11239.84,18:00:00,18:30:00
2018-06-29,11240.11,11135.46,18:00:00,18:30:00
2018-06-30,10214.55,10195.22,18:30:00,18:00:00
2018-07-01,10829.9,10770.98,18:30:00,18:30:00
2018-07-02,11482.31,11372.82,18:00:00,18:30:00
2018-07-03,11080.62,11016.46,18:30:00,18:30:00
2018-07-04,10508.0,10530.09,18:30:00,18:30:00
2018-07-05,9881.44,10124.26,08:00:00,18:30:00
2018-07-06,9433.05,9831.01,18:00:00,18:30:00
2018-07-07,10187.54,10182.5,18:30:00,18:30:00
2018-07-08,10219.45,10528.54,18:30:00,18:30:00
2018-07-09,11278.72,11471.15,18:30:00,18:30:00
2018-07-10,11322.89,11406.8,18:30:00,18:30:00
2018-07-11,11180.67,11234.27,18:30:00,18:30:00
2018-07-12,11162.12,11351.74,19:00:00,18:30:00
2018-07-13,11012.55,11103.16,18:30:00,18:30:00
2018-07-14,10560.21,10563.73,18:30:00,18:30:00
2018-07-15,11098.56,10864.23,18:30:00,18:30:00
2018-07-16,11913.16,11639.39,19:00:00,18:30:00
2018-07-17,10715.61,10899.0,19:00:00,18:30:00
2018-07-18,10355.71,10992.27,18:30:00,18:30:00
2018-07-19,10584.04,10579.73,19:00:00,18:30:00
2018-07-20,10825.11,10963.29,18:30:00,19:00:00
2018-07-21,10413.54,10377.4,18:30:00,18:30:00
2018-07-22,10949.82,10713.71,18:30:00,18:30:00
2018-07-23,11399.35,11248.7,19:00:00,18:30:00
2018-07-24,10155.05,10417.69,19:00:00,18:30:00
2018-07-25,10076.62,10261.56,18:30:00,18:30:00
2018-07-26,10355.07,10610.02,19:00:00,19:00:00
2018-07-27,10315.53,10364.52,08:00:00,08:00:00
2018-07-28,9590.83,9592.79,18:30:00,18:30:00
2018-07-29,9137.13,9183.4,18:30:00,18:30:00
2018-07-30,10649.38,10804.71,19:00:00,19:00:00
2018-07-31,10517.81,10389.01,18:30:00,18:30:00
2018-08-01,10220.43,10424.54,19:00:00,19:00:00
2018-08-02,10518.93,10586.86,19:00:00,19:00:00
2018-08-03,9978.08,9782.47,08:00:00,08:00:00
2018-08-04,9471.57,9396.86,18:30:00,18:30:00
2018-08-05,9531.06,9399.43,18:30:00,18:30:00
2018-08-06,10786.16,10645.88,18:30:00,19:00:00
2018-08-07,10947.03,10919.37,19:00:00,19:00:00
2018-08-08,10582.37,10375.38,18:30:00,19:00:00
2018-08-09,10504.59,10490.02,19:00:00,19:00:00
2018-08-10,10258.27,9945.38,08:00:00,08:00:00
2018-08-11,8723.98,8715.56,18:30:00,18:30:00
2018-08-12,10121.89,9938.85,18:30:00,19:00:00
2018-08-13,10594.43,10501.99,18:30:00,19:00:00
2018-08-14,10080.06,9886.75,19:00:00,18:30:00
2018-08-15,9530.18,9455.85,08:00:00,18:30:00
2018-08-16,9710.92,10105.76,19:00:00,19:00:00
2018-08-17,9991.76,10056.99,18:30:00,19:00:00
2018-08-18,9426.56,9231.83,18:30:00,18:30:00
2018-08-19,10696.99,10347.74,18:30:00,19:00:00
2018-08-20,11258.34,11076.34,19:00:00,19:00:00
2018-08-21,10930.39,10756.71,18:30:00,19:00:00
2018-08-22,10750.3,10730.09,19:00:00,19:00:00
2018-08-23,10729.04,10666.23,18:30:00,19:00:00
2018-08-24,9852.55,10062.64,18:30:00,19:00:00
2018-08-25,9462.7,9277.96,18:30:00,18:30:00
2018-08-26,9988.29,9659.81,18:30:00,19:00:00
2018-08-27,11456.04,11056.39,18:30:00,19:00:00
2018-08-28,11392.71,11108.4,19:00:00,19:00:00
2018-08-29,11153.27,10877.16,19:00:00,19:00:00
2018-08-30,10995.45,10720.9,19:00:00,19:00:00
2018-08-31,10399.7,9718.82,18:30:00,19:00:00
2018-09-01,8976.71,8968.51,19:00:00,18:30:00
2018-09-02,9779.15,10006.97,18:30:00,19:00:00
2018-09-03,11191.88,11368.45,19:00:00,19:00:00
2018-09-04,10444.88,10863.52,18:30:00,19:00:00
2018-09-05,10292.5,9993.58,19:00:00,19:00:00
2018-09-06,9843.99,9672.28,18:30:00,19:00:00
2018-09-07,9228.85,9010.41,18:30:00,19:00:00
2018-09-08,9394.65,8960.56,18:30:00,19:00:00
2018-09-09,8847.91,8644.75,19:00:00,19:00:00
2018-09-10,9422.22,9528.72,18:30:00,19:00:00
2018-09-11,9259.44,9064.21,18:30:00,19:00:00
2018-09-12,8943.38,8879.39,18:30:00,19:00:00
2018-09-13,9056.22,9229.16,18:30:00,19:00:00
2018-09-14,8618.51,8587.67,18:30:00,19:00:00
2018-09-15,8163.1,7940.96,18:30:00,19:30:00
2018-09-16,9072.21,9093.61,19:00:00,19:00:00
2018-09-17,9684.02,9742.69,19:00:00,19:00:00
2018-09-18,8956.03,8934.26,19:00:00,19:00:00
2018-09-19,8913.21,8734.02,19:00:00,19:00:00
2018-09-20,9522.79,9741.51,19:00:00,19:00:00
2018-09-21,8962.49,8889.27,19:00:00,19:00:00
2018-09-22,8293.59,8156.7,19:00:00,19:00:00
2018-09-23,8529.56,8288.63,19:00:00,19:00:00
2018-09-24,9968.08,9977.77,18:30:00,19:00:00
2018-09-25,9599.65,9835.58,19:00:00,19:00:00
2018-09-26,10006.27,9970.8,19:00:00,19:00:00
2018-09-27,9269.42,9096.16,19:00:00,19:00:00
2018-09-28,8508.44,8520.78,18:30:00,19:00:00
2018-09-29,8336.31,8403.88,19:00:00,19:30:00
2018-09-30,8221.72,8442.17,19:00:00,19:00:00
2018-10-01,8365.99,7882.96,19:00:00,19:00:00
2018-10-02,8887.71,8733.73,19:00:00,19:00:00
2018-10-03,8931.91,8715.93,19:00:00,19:00:00
2018-10-04,9307.51,9112.06,19:00:00,19:00:00
2018-10-05,9442.25,9122.33,19:00:00,19:00:00
2018-10-06,8448.55,8068.98,19:00:00,19:00:00
2018-10-07,8441.91,7933.41,18:30:00,19:00:00
2018-10-08,8658.05,8421.81,19:00:00,19:00:00
2018-10-09,8508.26,8495.28,18:30:00,19:00:00
2018-10-10,9144.06,9150.76,18:30:00,19:00:00
2018-10-11,9183.62,9141.27,19:00:00,19:00:00
2018-10-12,8908.46,8665.52,19:00:00,19:00:00
2018-10-13,8062.74,7749.26,18:30:00,19:00:00
2018-10-14,8045.1,7673.27,19:00:00,19:00:00
2018-10-15,8639.53,8235.43,18:30:00,19:00:00
2018-10-16,8428.34,8268.95,18:30:00,19:00:00
2018-10-17,8562.6,8299.66,18:00:00,19:00:00
2018-10-18,8501.29,8459.18,18:00:00,19:00:00
2018-10-19,8419.48,8680.34,19:00:00,17:00:00
2018-10-20,7922.9,8280.98,17:30:00,16:00:00
2018-10-21,7875.49,7697.36,18:30:00,19:00:00
2018-10-22,8440.31,8252.21,19:00:00,19:00:00
2018-10-23,8859.75,9097.53,18:00:00,17:00:00
2018-10-24,8345.14,8411.57,18:00:00,19:00:00
2018-10-25,8434.71,8275.01,19:00:00,19:00:00
2018-10-26,8065.7,7901.09,19:00:00,19:00:00
2018-10-27,7722.54,7483.4,19:00:00,19:00:00
2018-10-28,7798.04,7769.32,19:00:00,19:00:00
2018-10-29,8282.92,8192.84,19:00:00,19:00:00
2018-10-30,8682.13,8680.59,18:00:00,18:00:00
2018-10-31,8745.48,8707.17,17:00:00,17:00:00
2018-11-01,9871.32,9916.05,17:00:00,17:00:00
2018-11-02,11150.88,11122.05,16:30:00,16:30:00
2018-11-03,9062.12,9120.28,15:30:00,15:00:00
2018-11-04,8384.54,8039.14,19:30:00,19:00:00
2018-11-05,9184.66,9728.98,17:00:00,17:00:00
2018-11-06,10184.13,10967.64,16:30:00,16:30:00
2018-11-07,9067.97,8760.83,09:30:00,09:30:00
2018-11-08,8182.98,8626.03,19:30:00,19:30:00
2018-11-09,7840.89,8161.29,19:30:00,07:00:00
2018-11-10,7404.37,7422.75,19:30:00,19:30:00
2018-11-11,7781.25,7618.13,19:30:00,19:30:00
2018-11-12,8639.86,8538.18,17:00:00,17:00:00
2018-11-13,8736.09,8968.61,17:00:00,17:00:00
2018-11-14,8473.01,8847.02,17:00:00,17:00:00
2018-11-15,8488.0,8341.98,17:00:00,19:30:00
2018-11-16,7972.25,8117.2,17:00:00,17:30:00
2018-11-17,7484.82,7379.46,19:30:00,19:30:00
2018-11-18,7618.14,7551.31,19:30:00,19:30:00
2018-11-19,8182.99,8301.15,17:00:00,17:30:00
2018-11-20,8619.38,8973.81,17:00:00,17:30:00
2018-11-21,8468.53,9378.0,12:00:00,16:00:00
2018-11-22,8112.61,8160.27,19:30:00,18:00:00
2018-11-23,7819.52,7906.78,19:30:00,07:00:00
2018-11-24,7324.15,7310.62,20:00:00,19:30:00
2018-11-25,7658.2,7648.55,19:30:00,19:30:00
2018-11-26,8283.07,8292.99,17:00:00,17:30:00
2018-11-27,8610.13,8537.4,17:00:00,17:00:00
2018-11-28,8470.81,8299.25,17:00:00,18:00:00
2018-11-29,8230.5,8249.09,19:30:00,18:00:00
2018-11-30,7946.92,8175.68,20:00:00,17:00:00
2018-12-01,8257.81,7922.63,18:00:00,18:00:00
2018-12-02,9024.17,8209.37,17:00:00,17:00:00
2018-12-03,9175.87,8632.88,17:00:00,17:00:00
2018-12-04,8516.96,8281.5,16:30:00,17:00:00
2018-12-05,8370.61,8191.21,17:00:00,17:30:00
2018-12-06,8838.54,8423.56,17:00:00,17:00:00
2018-12-07,9065.07,8600.23,17:00:00,17:00:00
2018-12-08,8925.59,8787.9,17:00:00,17:30:00
2018-12-09,9329.88,9229.89,17:30:00,17:00:00
2018-12-10,9544.82,9670.53,17:00:00,16:00:00
2018-12-11,8621.58,8601.85,16:30:00,17:00:00
2018-12-12,8765.57,8795.41,17:00:00,17:00:00
2018-12-13,9491.72,9697.5,17:00:00,17:00:00
2018-12-14,8906.7,9730.22,10:00:00,16:00:00
2018-12-15,8947.18,8743.62,15:30:00,17:30:00
2018-12-16,9187.92,9692.8,17:00:00,17:30:00
2018-12-17,10571.21,10552.58,17:00:00,17:00:00
2018-12-18,9805.27,9528.65,16:00:00,16:00:00
2018-12-19,9476.38,9035.95,16:30:00,17:00:00
2018-12-20,11315.99,10737.7,15:30:00,16:00:00
2018-12-21,8428.53,8391.27,10:00:00,09:30:00
2018-12-22,7481.82,7287.57,20:00:00,20:00:00
2018-12-23,7637.79,7384.39,20:00:00,20:00:00
2018-12-24,8087.06,7647.64,17:00:00,17:30:00
2018-12-25,8207.28,7997.54,18:00:00,17:30:00
2018-12-26,9456.77,8770.38,17:30:00,17:00:00
2018-12-27,11011.81,10677.73,17:00:00,17:00:00
2018-12-28,11323.33,11624.51,17:00:00,16:30:00
2018-12-29,10866.34,11337.97,17:00:00,17:00:00
2018-12-30,10219.71,10590.99,17:30:00,17:30:00
2018-12-31,10650.54,10668.66,15:30:00,16:00:00
2019-01-01,10612.81,10315.95,17:30:00,17:00:00
2019-01-02,10942.52,10787.57,14:30:00,17:00:00
2019-01-03,10540.06,10623.02,16:00:00,17:00:00
2019-01-04,11899.31,12010.23,17:00:00,16:30:00
2019-01-05,10828.94,10163.88,13:00:00,15:00:00
2019-01-06,7713.06,7442.11,18:00:00,20:00:00
2019-01-07,8773.42,8699.81,17:00:00,17:00:00
2019-01-08,10538.07,10215.55,16:00:00,16:30:00
2019-01-09,10120.89,9408.16,16:00:00,16:30:00
2019-01-10,8999.5,8761.37,17:00:00,17:00:00
2019-01-11,9791.54,9695.52,14:00:00,16:30:00
2019-01-12,10751.63,10698.58,17:00:00,17:00:00
2019-01-13,8937.67,8773.26,18:00:00,17:30:00
2019-01-14,11551.01,10755.56,17:00:00,17:00:00
2019-01-15,12972.76,12796.41,17:00:00,16:30:00
2019-01-16,13270.16,13220.54,16:30:00,16:30:00
2019-01-17,13545.39,13781.97,17:00:00,16:30:00
2019-01-18,13301.42,13966.01,17:00:00,16:30:00
2019-01-19,9452.89,9106.76,10:30:00,00:00:00
2019-01-20,9127.92,9256.91,17:00:00,17:30:00
2019-01-21,10400.32,10688.29,17:00:00,17:00:00
2019-01-22,12712.0,12838.15,17:00:00,16:30:00
2019-01-23,11284.68,11038.33,13:00:00,15:30:00
2019-01-24,10884.25,10199.39,17:00:00,17:00:00
2019-01-25,13206.9,12650.97,17:00:00,17:00:00
2019-01-26,11771.98,12014.14,16:00:00,17:00:00
2019-01-27,10777.77,11113.66,15:30:00,15:00:00
2019-01-28,10181.53,9367.29,17:00:00,17:00:00
2019-01-29,12923.19,12425.27,16:00:00,17:00:00
2019-01-30,12369.34,12935.61,16:00:00,16:30:00
2019-01-31,13700.9,13294.72,16:30:00,16:30:00
2019-02-01,8734.79,8893.38,09:00:00,16:30:00
2019-02-02,8918.33,8358.94,18:00:00,17:30:00
2019-02-03,10840.48,10115.15,17:30:00,17:30:00
2019-02-04,12226.27,12010.64,16:00:00,17:00:00
2019-02-05,10615.07,10337.58,16:00:00,16:00:00
2019-02-06,11093.75,10317.36,17:00:00,16:30:00
2019-02-07,11382.36,10767.99,17:00:00,17:00:00
2019-02-08,11403.56,11373.37,16:00:00,16:00:00
2019-02-09,9371.2,9528.73,17:00:00,17:00:00
2019-02-10,8202.26,7966.24,18:00:00,18:30:00
2019-02-11,10262.63,10142.24,17:00:00,17:00:00
2019-02-12,12110.45,11708.5,17:00:00,17:00:00
2019-02-13,9138.63,8902.98,17:00:00,18:00:00
2019-02-14,8947.08,8954.99,17:00:00,17:00:00
2019-02-15,9026.09,8835.51,16:30:00,17:00:00
2019-02-16,8602.03,8278.93,17:30:00,17:30:00
2019-02-17,9974.41,9602.09,17:30:00,17:30:00
2019-02-18,11898.99,12192.57,16:30:00,16:30:00
2019-02-19,9959.26,9779.46,16:30:00,16:00:00
2019-02-20,9148.87,9128.56,17:00:00,17:00:00
2019-02-21,8969.84,8990.0,17:00:00,17:00:00
2019-02-22,8530.15,8438.38,08:30:00,17:00:00
2019-02-23,7845.14,7657.27,19:30:00,17:00:00
2019-02-24,7901.64,7783.48,19:30:00,19:30:00
2019-02-25,8853.63,8740.82,17:30:00,17:00:00
2019-02-26,9401.62,9312.55,17:00:00,17:30:00
2019-02-27,9309.07,9384.82,16:30:00,17:30:00
2019-02-28,9906.75,9772.08,17:00:00,17:00:00
2019-03-01,9764.2,9541.4,16:00:00,16:30:00
2019-03-02,8752.0,8698.49,17:00:00,17:30:00
2019-03-03,9606.91,9286.42,17:30:00,17:30:00
2019-03-04,11172.95,11059.49,16:00:00,17:00:00
2019-03-05,10930.8,11402.01,15:30:00,16:30:00
2019-03-06,10311.13,10310.73,13:00:00,15:30:00
2019-03-07,8499.21,8507.66,17:00:00,19:00:00
2019-03-08,9785.66,9445.71,16:30:00,17:00:00
2019-03-09,8262.33,8765.02,18:00:00,17:30:00
2019-03-10,9772.91,9930.74,17:30:00,17:30:00
2019-03-11,10152.5,10132.4,17:00:00,17:30:00
2019-03-12,10997.06,10852.56,17:00:00,17:00:00
2019-03-13,8818.23,8643.16,17:00:00,17:00:00
2019-03-14,9513.76,9094.1,17:00:00,17:00:00
2019-03-15,8392.33,8515.59,09:30:00,17:00:00
2019-03-16,7908.1,7763.29,19:00:00,17:00:00
2019-03-17,8074.18,7975.23,18:00:00,19:00:00
2019-03-18,8749.23,8793.52,17:00:00,17:00:00
2019-03-19,8830.5,8990.4,17:00:00,17:00:00
2019-03-20,9184.2,9115.11,17:00:00,17:00:00
2019-03-21,9269.3,9047.64,17:00:00,17:00:00
2019-03-22,8843.07,8981.96,16:00:00,16:30:00
2019-03-23,8500.77,8787.54,17:00:00,18:30:00
2019-03-24,9129.7,9367.62,17:00:00,17:00:00
2019-03-25,8903.23,9424.35,17:00:00,17:00:00
2019-03-26,8688.18,8529.73,18:30:00,18:30:00
2019-03-27,8583.48,8559.27,18:30:00,18:30:00
2019-03-28,8972.84,8629.6,18:30:00,18:30:00
2019-03-29,8791.94,8723.94,17:00:00,17:30:00
2019-03-30,7901.12,7766.54,08:30:00,18:00:00
2019-03-31,7897.6,7822.94,18:30:00,18:30:00
2019-04-01,8535.81,8693.46,18:30:00,18:30:00
2019-04-02,8665.03,8732.41,18:30:00,18:30:00
2019-04-03,8670.8,8737.83,18:30:00,18:30:00
2019-04-04,8758.24,8818.26,18:30:00,18:30:00
2019-04-05,8434.61,8526.88,07:00:00,18:30:00
2019-04-06,8216.05,8201.79,18:30:00,18:30:00
2019-04-07,8768.97,8588.7,18:30:00,18:30:00
2019-04-08,9703.26,9284.97,18:30:00,18:30:00
2019-04-09,9052.86,9051.95,18:30:00,18:30:00
2019-04-10,9038.42,9179.25,18:30:00,18:30:00
2019-04-11,9102.54,9046.21,18:30:00,18:30:00
2019-04-12,8705.21,8720.2,18:30:00,18:30:00
2019-04-13,8135.08,8107.05,18:30:00,18:30:00
2019-04-14,8222.61,8235.49,18:30:00,18:30:00
2019-04-15,8879.23,9089.59,18:30:00,18:30:00
2019-04-16,8964.21,8929.57,18:30:00,18:30:00
2019-04-17,9050.86,8935.03,18:30:00,18:30:00
2019-04-18,8785.08,8943.44,18:30:00,18:30:00
2019-04-19,8006.39,7814.12,18:30:00,18:30:00
2019-04-20,8079.04,7950.77,18:30:00,18:30:00
2019-04-21,7854.6,7880.58,18:30:00,18:30:00
2019-04-22,8201.88,8382.66,18:30:00,18:30:00
2019-04-23,8877.46,9148.89,18:00:00,18:30:00
2019-04-24,8767.89,9025.82,18:00:00,18:30:00
2019-04-25,8304.53,8492.8,18:30:00,18:00:00
2019-04-26,8565.37,8570.9,18:00:00,18:30:00
2019-04-27,8141.32,8445.03,18:30:00,18:30:00
2019-04-28,8443.62,8453.41,18:30:00,18:30:00
2019-04-29,9193.48,9284.69,18:00:00,18:30:00
2019-04-30,9182.35,9179.57,18:00:00,18:30:00
2019-05-01,9235.64,9154.22,18:00:00,18:30:00
2019-05-02,9259.97,9278.98,18:00:00,18:30:00
2019-05-03,8951.55,8839.31,18:00:00,18:30:00
2019-05-04,8385.82,8327.94,18:30:00,18:30:00
2019-05-05,8723.71,8892.64,18:30:00,18:30:00
2019-05-06,9348.24,9557.83,18:30:00,18:30:00
2019-05-07,9434.71,9430.82,18:30:00,18:30:00
2019-05-08,9534.07,9632.9,18:30:00,18:30:00
2019-05-09,9708.65,9740.92,18:30:00,18:30:00
2019-05-10,9876.33,9822.13,18:00:00,18:30:00
2019-05-11,8973.42,8934.8,18:30:00,18:30:00
2019-05-12,8895.46,8971.55,18:30:00,18:30:00
2019-05-13,9705.86,9557.69,18:00:00,18:30:00
2019-05-14,9572.0,9529.24,18:30:00,18:30:00
2019-05-15,9579.15,9488.19,18:30:00,18:00:00
2019-05-16,9498.92,9576.92,18:30:00,18:00:00
2019-05-17,9145.52,9200.13,18:00:00,18:00:00
2019-05-18,8646.07,8625.65,18:00:00,18:00:00
2019-05-19,8834.76,8891.83,18:00:00,18:30:00
2019-05-20,9584.01,9616.51,18:00:00,18:00:00
2019-05-21,9278.49,9322.8,18:00:00,18:30:00
2019-05-22,9365.36,9340.47,18:00:00,18:00:00
2019-05-23,9305.91,9510.47,18:00:00,18:00:00
2019-05-24,9095.58,9202.13,18:00:00,18:00:00
2019-05-25,8419.58,8574.53,18:00:00,18:00:00
2019-05-26,8739.9,8910.08,18:30:00,18:00:00
2019-05-27,10963.96,10962.48,18:30:00,18:30:00
2019-05-28,10806.52,10820.6,18:30:00,18:30:00
2019-05-29,10404.26,10541.84,18:00:00,18:30:00
2019-05-30,11209.02,11184.19,19:00:00,18:30:00
2019-05-31,10646.51,10236.32,18:30:00,18:30:00
2019-06-01,9744.08,9399.0,18:00:00,18:00:00
2019-06-02,9800.21,9435.38,18:30:00,18:30:00
2019-06-03,11185.5,11121.32,18:30:00,18:30:00
2019-06-04,12112.84,11496.4,18:00:00,18:30:00
2019-06-05,11649.05,11319.34,18:00:00,18:30:00
2019-06-06,11195.95,10907.3,19:00:00,18:30:00
2019-06-07,10583.71,10194.25,18:00:00,18:00:00
2019-06-08,10095.34,9708.35,18:00:00,18:30:00
2019-06-09,9043.35,9448.6,18:30:00,18:00:00
2019-06-10,9285.85,9355.17,18:00:00,18:00:00
2019-06-11,9882.55,10041.6,18:00:00,18:00:00
2019-06-12,9777.25,9802.13,18:00:00,18:00:00
2019-06-13,9589.87,9885.28,18:00:00,18:00:00
2019-06-14,9980.47,10184.27,18:00:00,18:30:00
2019-06-15,9648.36,9895.82,18:00:00,18:30:00
2019-06-16,10210.87,10330.37,18:00:00,18:30:00
2019-06-17,11113.07,11207.86,18:00:00,18:30:00
2019-06-18,10637.82,10897.23,18:30:00,18:30:00
2019-06-19,11242.95,11564.08,18:30:00,18:30:00
2019-06-20,11700.84,11944.7,18:30:00,18:30:00
2019-06-21,11692.83,11770.6,18:00:00,18:30:00
2019-06-22,10972.61,10936.2,18:00:00,18:30:00
2019-06-23,11268.75,11246.02,18:30:00,18:30:00
2019-06-24,11787.09,11489.84,18:00:00,18:30:00
2019-06-25,11162.97,11082.92,18:00:00,18:30:00
2019-06-26,10931.53,10874.77,18:00:00,18:30:00
2019-06-27,10627.87,10625.17,18:30:00,18:30:00
2019-06-28,10151.84,10186.77,08:00:00,18:30:00
2019-06-29,9558.58,9317.73,18:00:00,18:00:00
2019-06-30,10180.02,10476.03,19:00:00,18:30:00
2019-07-01,11379.76,11529.04,18:30:00,18:30:00
2019-07-02,11136.71,11356.53,19:00:00,18:30:00
2019-07-03,10884.92,10849.49,18:00:00,18:30:00
2019-07-04,10743.61,10952.33,18:30:00,18:30:00
2019-07-05,10331.54,10354.19,18:00:00,18:30:00
2019-07-06,9577.56,9592.09,18:30:00,18:30:00
2019-07-07,9804.67,9797.2,18:30:00,18:30:00
2019-07-08,10355.57,10929.53,18:30:00,18:30:00
2019-07-09,10770.35,11045.56,18:30:00,19:00:00
2019-07-10,11001.19,11164.48,18:30:00,19:00:00
2019-07-11,10593.28,11101.8,18:30:00,19:00:00
2019-07-12,9990.61,10154.58,18:30:00,18:30:00
2019-07-13,10273.0,10721.47,18:30:00,18:30:00
2019-07-14,10870.4,11149.85,18:30:00,18:30:00
2019-07-15,11156.52,11520.11,18:30:00,18:30:00
2019-07-16,10852.49,10889.27,18:30:00,19:00:00
2019-07-17,10547.25,10868.38,19:00:00,18:30:00
2019-07-18,10584.48,11040.09,19:00:00,19:00:00
2019-07-19,10401.25,10397.2,19:00:00,18:30:00
2019-07-20,9752.62,9675.9,18:30:00,18:30:00
2019-07-21,9468.46,9412.74,19:00:00,18:30:00
2019-07-22,10192.72,10291.88,18:30:00,18:30:00
2019-07-23,9918.42,10065.17,18:30:00,18:30:00
2019-07-24,10274.08,10621.77,18:30:00,19:00:00
2019-07-25,10586.01,10582.77,19:00:00,19:00:00
2019-07-26,10487.04,10236.93,18:30:00,18:30:00
2019-07-27,9594.36,9559.99,18:30:00,18:30:00
2019-07-28,10009.09,9742.89,19:00:00,18:30:00
2019-07-29,10857.48,10693.21,18:30:00,18:30:00
2019-07-30,11107.04,11187.39,18:30:00,19:00:00
2019-07-31,11079.06,11050.87,18:30:00,19:00:00
2019-08-01,10579.81,10665.71,19:00:00,19:00:00
2019-08-02,10313.56,10247.59,08:00:00,18:30:00
2019-08-03,9627.97,9406.13,18:30:00,18:30:00
2019-08-04,10077.0,9992.42,18:30:00,18:30:00
2019-08-05,10431.74,10331.52,18:30:00,19:00:00
2019-08-06,10594.11,10467.39,19:00:00,19:00:00
2019-08-07,10385.12,10092.37,08:00:00,08:00:00
2019-08-08,10532.23,10558.56,19:00:00,19:00:00
2019-08-09,10732.08,10610.02,18:30:00,19:00:00
2019-08-10,10713.3,10478.27,18:30:00,18:30:00
2019-08-11,11128.43,11229.79,18:30:00,19:00:00
2019-08-12,11123.4,11031.9,19:00:00,19:00:00
2019-08-13,11221.11,10828.3,19:00:00,19:00:00
2019-08-14,10980.71,10633.88,19:00:00,08:00:00
2019-08-15,10634.82,10748.72,19:00:00,08:00:00
2019-08-16,10279.37,10075.28,08:00:00,08:00:00
2019-08-17,9176.7,9192.59,18:30:00,18:30:00
2019-08-18,9095.48,8974.35,18:30:00,19:00:00
2019-08-19,11101.06,11117.14,19:00:00,19:00:00
2019-08-20,10610.94,10618.32,19:00:00,19:00:00
2019-08-21,9902.02,10001.73,19:00:00,19:00:00
2019-08-22,10631.44,10612.78,18:30:00,19:00:00
2019-08-23,10224.82,9998.88,08:00:00,19:00:00
2019-08-24,8763.7,8697.49,18:30:00,00:00:00
2019-08-25,9256.61,9227.29,19:00:00,19:00:00
2019-08-26,10654.74,10670.97,18:30:00,18:30:00
2019-08-27,10330.7,10525.12,19:00:00,19:00:00
2019-08-28,9741.18,9754.99,19:00:00,19:00:00
2019-08-29,11185.92,10949.22,18:30:00,19:00:00
2019-08-30,10844.13,10396.97,18:30:00,19:00:00
2019-08-31,9533.19,9199.74,18:30:00,19:00:00
2019-09-01,8797.35,8793.83,19:00:00,19:00:00
2019-09-02,9800.14,9717.59,19:00:00,19:00:00
2019-09-03,9324.74,9457.84,19:00:00,19:00:00
2019-09-04,9098.87,9089.91,18:30:00,19:00:00
2019-09-05,9100.1,9319.66,19:00:00,19:00:00
2019-09-06,8789.45,8636.54,18:30:00,19:00:00
2019-09-07,8842.99,8956.57,19:00:00,19:00:00
2019-09-08,9178.66,9263.63,19:00:00,19:00:00
2019-09-09,10633.88,10571.48,18:30:00,19:00:00
2019-09-10,10404.39,10375.87,19:00:00,19:00:00
2019-09-11,9501.1,9583.06,19:00:00,19:00:00
2019-09-12,9333.12,9042.78,19:00:00,19:00:00
2019-09-13,8752.1,8872.81,18:30:00,19:00:00
2019-09-14,8366.86,8369.04,19:00:00,19:00:00
2019-09-15,8132.59,8308.61,19:00:00,19:00:00
2019-09-16,9267.99,8938.79,18:30:00,19:00:00
2019-09-17,10887.57,10392.62,18:30:00,19:00:00
2019-09-18,9888.51,9754.01,19:00:00,19:00:00
2019-09-19,9213.42,9074.61,19:00:00,19:00:00
2019-09-20,8620.86,8580.28,18:30:00,19:00:00
2019-09-21,8118.7,8045.44,18:30:00,19:00:00
2019-09-22,8278.69,8196.42,19:00:00,19:00:00
2019-09-23,9196.73,9130.95,19:00:00,19:00:00
2019-09-24,9076.38,9284.53,19:00:00,19:00:00
2019-09-25,8996.85,9272.73,19:00:00,19:00:00
2019-09-26,9023.3,9082.74,19:00:00,19:00:00
2019-09-27,8471.28,8364.11,19:00:00,19:00:00
2019-09-28,8208.14,8200.75,19:00:00,19:00:00
2019-09-29,8280.08,8212.56,19:00:00,19:00:00
2019-09-30,9177.25,9303.95,19:00:00,19:00:00
2019-10-01,9045.13,8958.41,19:00:00,19:00:00
2019-10-02,8697.39,8602.88,19:00:00,19:00:00
2019-10-03,8895.75,8780.6,19:00:00,19:00:00
2019-10-04,8515.09,8465.33,18:30:00,19:00:00
2019-10-05,7964.32,8141.05,19:00:00,19:00:00
2019-10-06,7636.42,8175.35,18:30:00,19:00:00
2019-10-07,7917.97,8166.43,18:30:00,19:00:00
2019-10-08,8555.61,8681.32,18:30:00,19:00:00
2019-10-09,8499.57,8899.39,19:00:00,19:00:00
2019-10-10,8414.78,8919.31,18:30:00,19:00:00
2019-10-11,8448.88,8821.56,19:00:00,19:00:00
2019-10-12,8343.71,8378.77,18:30:00,19:00:00
2019-10-13,8151.55,8141.45,19:00:00,19:00:00
2019-10-14,8488.89,8471.96,19:00:00,18:30:00
2019-10-15,8469.65,8475.34,19:00:00,19:00:00
2019-10-16,8498.22,8432.68,18:30:00,19:00:00
2019-10-17,8263.08,8158.07,19:00:00,19:00:00
2019-10-18,7948.88,8073.72,19:00:00,07:00:00
2019-10-19,7628.16,7178.7,19:00:00,19:00:00
2019-10-20,7794.19,7656.76,19:00:00,19:00:00
2019-10-21,8319.76,8201.4,19:00:00,19:00:00
2019-10-22,8298.95,8346.12,18:00:00,18:30:00
2019-10-23,8579.75,8701.16,18:00:00,17:30:00
2019-10-24,8867.53,9287.21,18:00:00,17:30:00
2019-10-25,9514.79,9907.97,16:30:00,16:30:00
2019-10-26,7875.88,7519.49,17:30:00,19:00:00
2019-10-27,7694.57,7478.23,19:00:00,19:00:00
2019-10-28,8243.99,8159.47,19:00:00,19:00:00
2019-10-29,8443.09,8377.08,19:00:00,18:00:00
2019-10-30,8858.65,9030.39,17:00:00,17:00:00
2019-10-31,9272.97,9300.95,17:00:00,17:30:00
2019-11-01,9039.92,9212.92,17:00:00,17:00:00
2019-11-02,8302.58,8674.55,17:00:00,17:30:00
2019-11-03,8360.95,8373.28,19:00:00,17:30:00
2019-11-04,8475.74,8317.65,17:00:00,19:00:00
2019-11-05,8276.54,8527.5,19:00:00,19:00:00
2019-11-06,8311.68,8029.17,18:00:00,19:00:00
2019-11-07,8871.9,8354.84,18:00:00,17:30:00
2019-11-08,8659.74,8105.57,17:00:00,17:00:00
2019-11-09,7507.31,7449.13,19:00:00,19:00:00
2019-11-10,7695.01,7633.55,19:30:00,19:30:00
2019-11-11,8653.88,8578.86,18:00:00,18:00:00
2019-11-12,10183.0,9989.34,17:00:00,17:00:00
2019-11-13,8149.4,8110.22,19:30:00,19:00:00
2019-11-14,8397.91,8472.84,19:30:00,18:00:00
2019-11-15,9016.46,8918.54,17:00:00,17:00:00
2019-11-16,7694.43,7600.04,19:00:00,19:30:00
2019-11-17,7672.29,7635.63,19:30:00,19:30:00
2019-11-18,8692.17,8590.14,18:00:00,17:30:00
2019-11-19,10106.45,10123.5,17:00:00,17:00:00
2019-11-20,9068.55,8845.87,17:00:00,18:00:00
2019-11-21,10655.79,10461.28,17:00:00,17:00:00
2019-11-22,9104.23,9033.5,16:30:00,16:30:00
2019-11-23,8003.71,7989.91,17:30:00,17:30:00
2019-11-24,8126.75,7825.56,18:00:00,19:30:00
2019-11-25,9436.87,10032.1,15:30:00,17:00:00
2019-11-26,9340.89,9700.1,17:00:00,16:00:00
2019-11-27,8346.22,8251.36,18:00:00,19:30:00
2019-11-28,9024.31,8840.07,17:30:00,17:30:00
2019-11-29,9765.25,9552.88,17:00:00,17:30:00
2019-11-30,7656.39,7919.44,08:30:00,19:30:00
2019-12-01,7897.46,7688.08,19:30:00,19:30:00
2019-12-02,8101.64,8342.01,19:30:00,18:00:00
2019-12-03,8471.69,8344.63,18:00:00,18:00:00
2019-12-04,8921.47,8636.36,17:00:00,17:30:00
2019-12-05,9842.08,9883.13,17:00:00,17:30:00
2019-12-06,9454.78,9446.48,17:00:00,17:00:00
2019-12-07,8056.4,8113.1,18:00:00,17:30:00
2019-12-08,8176.57,7948.54,18:00:00,19:30:00
2019-12-09,9992.34,10037.82,17:00:00,17:00:00
2019-12-10,10768.37,11405.13,15:30:00,15:30:00
2019-12-11,8813.46,8580.83,18:00:00,17:00:00
2019-12-12,8612.08,8371.23,17:30:00,18:00:00
2019-12-13,8219.17,8144.18,16:30:00,17:00:00
2019-12-14,8332.41,8160.16,18:00:00,17:30:00
2019-12-15,8896.97,8949.36,18:00:00,18:00:00
2019-12-16,8675.44,8725.75,17:00:00,17:00:00
2019-12-17,9058.9,8821.69,17:00:00,17:00:00
2019-12-18,9868.04,10043.55,17:00:00,17:00:00
2019-12-19,11454.8,11946.37,14:30:00,14:00:00
2019-12-20,9813.26,9714.21,16:30:00,17:00:00
2019-12-21,11269.83,11219.15,16:30:00,16:00:00
2019-12-22,7642.72,7538.93,19:30:00,18:00:00
2019-12-23,8460.16,8865.57,18:00:00,17:00:00
2019-12-24,8670.76,8575.96,16:30:00,16:30:00
2019-12-25,7430.68,7410.29,20:00:00,20:30:00
2019-12-26,8509.18,8162.36,18:00:00,17:30:00
2019-12-27,9324.59,8961.96,17:00:00,17:30:00
2019-12-28,9806.43,10020.88,17:00:00,17:00:00
2019-12-29,9773.2,10704.4,17:30:00,17:00:00
2019-12-30,10848.99,11417.2,17:00:00,17:00:00
2019-12-31,11638.99,11803.36,16:30:00,16:00:00
2020-01-01,8492.82,7956.49,17:00:00,17:00:00
2020-01-02,9101.15,8639.27,17:00:00,17:00:00
2020-01-03,10858.09,10157.27,17:00:00,17:30:00
2020-01-04,12334.04,12075.85,16:30:00,16:30:00
2020-01-05,8220.91,8045.49,17:00:00,00:00:00
2020-01-06,8795.51,8605.86,17:00:00,17:00:00
2020-01-07,10506.18,10521.42,17:00:00,17:00:00
2020-01-08,9715.67,9440.79,17:00:00,16:00:00
2020-01-09,9179.49,8977.85,17:00:00,17:00:00
2020-01-10,11920.34,11992.62,17:00:00,17:00:00
2020-01-11,8302.9,8303.61,00:00:00,00:00:00
2020-01-12,7690.59,7576.24,18:00:00,18:30:00
2020-01-13,8671.97,8670.93,18:00:00,17:00:00
2020-01-14,9412.35,9405.18,17:00:00,17:30:00
2020-01-15,9524.55,10229.8,17:00:00,17:30:00
2020-01-16,9316.72,10203.81,17:00:00,17:30:00
2020-01-17,8401.15,8721.21,11:00:00,17:00:00
2020-01-18,7744.74,7795.71,19:30:00,18:00:00
2020-01-19,8025.98,8289.21,19:30:00,18:00:00
2020-01-20,9787.26,10258.81,16:00:00,17:00:00
2020-01-21,9925.09,10031.3,17:00:00,17:30:00
2020-01-22,11679.1,11035.7,17:00:00,17:00:00
2020-01-23,13330.14,12878.6,17:00:00,16:30:00
2020-01-24,10052.6,10404.36,17:00:00,17:30:00
2020-01-25,9861.13,9326.91,18:00:00,17:30:00
2020-01-26,10840.67,10860.84,18:00:00,17:00:00
2020-01-27,11056.05,10122.05,18:00:00,17:00:00
2020-01-28,12349.85,12048.15,16:30:00,17:00:00
2020-01-29,10778.14,10357.56,17:00:00,17:30:00
2020-01-30,11979.43,11261.68,17:00:00,17:00:00
2020-01-31,13143.76,13036.63,15:30:00,16:30:00
2020-02-01,13634.63,13146.1,17:30:00,17:00:00
2020-02-02,10938.26,12519.05,15:00:00,15:00:00
2020-02-03,10741.33,10586.01,16:30:00,17:00:00
2020-02-04,8166.43,8692.74,18:00:00,18:00:00
2020-02-05,8698.81,8981.5,17:00:00,17:00:00
2020-02-06,8592.13,9005.94,17:30:00,17:00:00
2020-02-07,8552.26,8676.8,08:30:00,08:30:00
2020-02-08,7873.51,7814.95,18:00:00,18:30:00
2020-02-09,7920.61,8047.0,18:00:00,18:00:00
2020-02-10,9346.36,10262.35,17:00:00,17:00:00
2020-02-11,10020.15,10390.31,17:00:00,17:30:00
2020-02-12,9397.17,9773.19,17:00:00,17:30:00
2020-02-13,9502.26,9291.22,17:00:00,17:30:00
2020-02-14,9197.97,9277.3,17:00:00,17:00:00
2020-02-15,8881.07,8844.84,18:00:00,17:30:00
2020-02-16,8594.98,8349.43,17:30:00,17:30:00
2020-02-17,9255.9,9522.88,17:00:00,17:00:00
2020-02-18,11079.33,11422.42,16:30:00,17:00:00
2020-02-19,9104.13,9274.71,18:00:00,17:30:00
2020-02-20,8722.59,8666.67,18:00:00,18:00:00
2020-02-21,8413.87,8446.17,16:30:00,17:00:00
2020-02-22,7801.96,7868.99,19:00:00,18:00:00
2020-02-23,8139.82,8078.45,19:30:00,18:00:00
2020-02-24,9418.22,9370.98,17:00:00,17:30:00
2020-02-25,10252.21,10146.01,17:00:00,17:30:00
2020-02-26,10196.1,11059.88,17:00:00,17:00:00
2020-02-27,9024.06,8950.05,18:00:00,18:00:00
2020-02-28,8559.55,8447.52,17:00:00,17:00:00
2020-02-29,8329.8,8221.17,18:30:00,18:00:00
2020-03-01,9781.28,9455.67,18:00:00,18:00:00
2020-03-02,11344.04,10494.41,15:30:00,16:00:00
2020-03-03,8786.32,8683.89,17:00:00,17:00:00
2020-03-04,8827.24,8862.35,17:00:00,17:00:00
2020-03-05,9021.99,8956.63,10:00:00,17:00:00
2020-03-06,8680.04,9171.15,17:00:00,17:00:00
2020-03-07,7680.05,7858.66,19:00:00,19:00:00
2020-03-08,7691.79,7970.98,19:30:00,19:00:00
2020-03-09,8220.92,8477.86,18:00:00,18:00:00
2020-03-10,8392.67,8529.33,19:00:00,18:00:00
2020-03-11,8509.13,8428.04,19:00:00,19:00:00
2020-03-12,8631.93,8508.03,19:00:00,19:00:00
2020-03-13,8295.05,8335.57,18:00:00,17:30:00
2020-03-14,7705.42,8033.24,18:30:00,19:00:00
2020-03-15,7939.49,8027.51,19:00:00,19:00:00
2020-03-16,8476.08,8445.49,19:00:00,18:30:00
2020-03-17,8458.57,8506.72,19:00:00,18:30:00
2020-03-18,8498.9,8566.72,18:00:00,18:00:00
2020-03-19,9539.15,9455.93,18:00:00,18:00:00
2020-03-20,10226.72,10199.01,17:00:00,17:00:00
2020-03-21,8131.27,8028.72,19:00:00,18:30:00
2020-03-22,8287.98,8081.77,18:00:00,18:30:00
2020-03-23,8224.17,8504.21,18:00:00,18:30:00
2020-03-24,8389.77,8555.09,18:00:00,18:30:00
2020-03-25,8347.31,8494.49,17:00:00,18:30:00
2020-03-26,8322.77,8491.12,18:30:00,19:00:00
2020-03-27,7959.54,8040.05,18:30:00,18:30:00
2020-03-28,7840.03,7712.17,18:30:00,18:30:00
2020-03-29,7956.25,8037.83,18:30:00,18:30:00
2020-03-30,8317.5,8678.55,18:00:00,18:00:00
2020-03-31,8523.36,8770.25,18:00:00,18:00:00
2020-04-01,8324.82,8720.18,18:00:00,18:30:00
2020-04-02,8398.97,8611.81,17:30:00,18:30:00
2020-04-03,8414.49,8079.32,18:00:00,17:00:00
2020-04-04,7730.94,7665.71,18:30:00,18:30:00
2020-04-05,8088.95,8050.31,18:30:00,18:30:00
2020-04-06,8725.82,8611.08,18:30:00,18:30:00
2020-04-07,8723.16,8781.06,18:30:00,18:30:00
2020-04-08,8639.7,8665.7,18:30:00,18:30:00
2020-04-09,8536.62,8627.06,18:30:00,18:30:00
2020-04-10,8115.61,7621.58,18:30:00,18:30:00
2020-04-11,8093.91,7484.96,18:30:00,18:30:00
2020-04-12,8122.55,7704.69,18:30:00,18:30:00
2020-04-13,8237.26,8078.52,18:30:00,18:30:00
2020-04-14,8753.41,8605.35,18:30:00,18:30:00
2020-04-15,8805.66,8679.08,18:30:00,18:00:00
2020-04-16,8675.58,8650.28,18:30:00,18:30:00
2020-04-17,8478.38,8254.54,18:30:00,18:30:00
2020-04-18,8132.82,8078.17,18:30:00,18:30:00
2020-04-19,8267.96,8519.12,18:30:00,18:30:00
2020-04-20,8868.11,8916.12,18:30:00,18:30:00
2020-04-21,8685.43,8647.23,18:30:00,18:30:00
2020-04-22,8632.97,8611.23,18:30:00,18:30:00
2020-04-23,8756.95,8618.68,18:30:00,18:30:00
2020-04-24,8492.38,8385.32,18:30:00,18:30:00
2020-04-25,8071.34,8333.29,18:30:00,18:30:00
2020-04-26,8191.68,8451.03,18:30:00,18:30:00
2020-04-27,8876.89,8988.82,18:30:00,18:30:00
2020-04-28,8769.32,8849.78,18:30:00,18:30:00
2020-04-29,8852.97,8639.96,18:00:00,18:30:00
2020-04-30,9471.04,9197.73,18:00:00,18:30:00
2020-05-01,9826.56,9552.54,18:30:00,18:30:00
2020-05-02,9186.82,9030.95,18:30:00,18:30:00
2020-05-03,9080.3,8899.13,18:30:00,18:30:00
2020-05-04,9823.34,9616.76,18:30:00,18:30:00
2020-05-05,9513.53,9323.02,18:30:00,18:30:00
2020-05-06,9291.21,8942.03,18:30:00,18:30:00
2020-05-07,9144.39,8963.83,18:00:00,18:30:00
2020-05-08,8651.19,8598.35,18:00:00,18:30:00
2020-05-09,8345.99,8365.29,18:30:00,18:30:00
2020-05-10,9079.5,9416.55,18:30:00,18:30:00
2020-05-11,10250.27,10045.82,18:30:00,18:30:00
2020-05-12,10008.65,9613.95,18:30:00,18:00:00
2020-05-13,10195.56,9731.35,18:00:00,18:30:00
2020-05-14,10376.27,10271.46,18:00:00,18:30:00
2020-05-15,10242.8,9713.83,18:00:00,18:30:00
2020-05-16,9255.04,9125.87,18:30:00,18:30:00
2020-05-17,9310.81,9142.66,18:30:00,18:30:00
2020-05-18,10136.43,9815.8,18:00:00,18:30:00
2020-05-19,9721.22,9549.11,18:00:00,18:30:00
2020-05-20,9354.23,9254.64,18:00:00,18:30:00
2020-05-21,10104.44,9798.26,18:00:00,18:30:00
2020-05-22,10680.81,10534.56,18:00:00,18:00:00
2020-05-23,10032.05,9948.11,18:00:00,18:00:00
2020-05-24,9935.7,9920.88,18:30:00,18:30:00
2020-05-25,11148.12,10674.49,18:00:00,18:30:00
2020-05-26,10493.34,10433.16,18:00:00,18:00:00
2020-05-27,10162.61,10174.76,18:00:00,18:00:00
2020-05-28,9924.68,10033.48,18:30:00,18:30:00
2020-05-29,10144.32,9970.71,18:00:00,18:00:00
2020-05-30,9276.19,9406.37,18:30:00,18:30:00
2020-05-31,9239.52,9425.23,18:30:00,18:30:00
2020-06-01,10238.38,10120.26,18:00:00,18:30:00
2020-06-02,11588.33,11174.0,18:00:00,18:30:00
2020-06-03,11001.07,11023.67,18:30:00,18:30:00
2020-06-04,11241.11,11165.48,18:30:00,18:30:00
2020-06-05,10731.79,10826.44,18:30:00,18:00:00
2020-06-06,10146.86,10231.81,18:30:00,18:30:00
2020-06-07,10356.92,10546.47,18:00:00,18:30:00
2020-06-08,10470.07,10220.01,18:00:00,18:30:00
2020-06-09,10836.23,10739.5,18:00:00,18:30:00
2020-06-10,10755.09,10482.36,18:00:00,18:30:00
2020-06-11,10366.66,10363.14,18:30:00,18:30:00
2020-06-12,10462.02,10277.95,18:00:00,18:00:00
2020-06-13,9499.67,9534.13,18:00:00,18:30:00
2020-06-14,9596.16,9615.14,18:30:00,18:30:00
2020-06-15,10568.08,10593.53,18:00:00,18:30:00
2020-06-16,10389.26,10410.03,18:30:00,18:30:00
2020-06-17,11113.26,10996.18,18:00:00,18:30:00
2020-06-18,10755.29,11057.77,18:30:00,18:30:00
2020-06-19,10301.93,10506.74,18:00:00,18:30:00
2020-06-20,9664.21,9841.48,18:00:00,18:30:00
2020-06-21,10232.98,10156.48,18:30:00,18:30:00
2020-06-22,11785.27,11608.09,18:30:00,18:30:00
2020-06-23,11980.08,11744.35,18:30:00,18:30:00
2020-06-24,11394.18,11184.07,18:00:00,18:30:00
2020-06-25,11233.08,11059.66,18:30:00,18:30:00
2020-06-26,11015.04,11056.95,18:00:00,18:30:00
2020-06-27,10651.08,10786.32,18:30:00,18:00:00
2020-06-28,10961.22,10889.51,18:30:00,18:30:00
2020-06-29,11575.8,11648.74,18:00:00,18:30:00
2020-06-30,11366.71,11256.55,18:30:00,18:30:00
2020-07-01,10759.78,10698.9,18:30:00,18:30:00
2020-07-02,10107.38,10149.32,18:30:00,18:30:00
2020-07-03,10551.08,10782.45,18:30:00,18:30:00
2020-07-04,10619.09,10780.26,18:30:00,18:30:00
2020-07-05,10738.32,10616.95,18:30:00,18:30:00
2020-07-06,11452.33,11529.14,18:00:00,18:30:00
2020-07-07,11444.93,11351.95,18:30:00,18:30:00
2020-07-08,11346.82,11289.8,18:00:00,18:30:00
2020-07-09,11130.64,10998.88,18:30:00,18:30:00
2020-07-10,10791.27,10575.4,18:00:00,18:30:00
2020-07-11,10202.43,9820.15,18:00:00,18:30:00
2020-07-12,10627.94,10445.74,18:30:00,18:30:00
2020-07-13,11461.61,11481.16,18:30:00,18:30:00
2020-07-14,11668.99,11563.66,18:30:00,18:30:00
2020-07-15,11517.67,11244.38,18:30:00,18:30:00
2020-07-16,11402.02,11345.05,18:30:00,18:30:00
2020-07-17,10966.79,10933.98,18:30:00,18:30:00
2020-07-18,10198.37,10238.03,18:30:00,18:30:00
2020-07-19,10120.36,10074.8,18:30:00,18:30:00
2020-07-20,11222.65,11491.58,19:00:00,18:30:00
2020-07-21,11739.02,11522.98,18:30:00,18:30:00
2020-07-22,11412.82,11156.71,18:30:00,18:30:00
2020-07-23,11276.89,11168.38,18:30:00,18:30:00
2020-07-24,10838.44,10592.19,08:30:00,18:30:00
2020-07-25,10350.39,10125.08,18:00:00,18:30:00
2020-07-26,10722.49,10312.42,18:30:00,18:30:00
2020-07-27,11551.78,10824.54,18:00:00,18:30:00
2020-07-28,10780.31,10581.05,18:30:00,18:30:00
2020-07-29,10551.31,10436.84,18:30:00,18:30:00
2020-07-30,10878.42,10973.04,18:30:00,18:30:00
2020-07-31,10722.05,11093.61,18:30:00,18:30:00
2020-08-01,10056.51,10065.48,18:30:00,18:30:00
2020-08-02,10337.87,10319.79,18:30:00,19:00:00
2020-08-03,10864.97,10864.99,18:30:00,18:30:00
2020-08-04,10702.53,10451.52,18:30:00,19:00:00
2020-08-05,11544.22,11487.45,19:00:00,19:00:00
2020-08-06,11908.24,11913.49,18:30:00,19:00:00
2020-08-07,11880.64,11588.73,18:00:00,18:30:00
2020-08-08,10366.24,10146.34,18:30:00,18:30:00
2020-08-09,11721.16,10863.0,18:30:00,18:30:00
2020-08-10,11735.61,11774.43,18:30:00,18:30:00
2020-08-11,11064.42,11241.91,19:00:00,18:30:00
2020-08-12,10863.32,10797.24,18:30:00,18:30:00
2020-08-13,9890.78,10071.74,19:00:00,18:30:00
2020-08-14,10496.57,10068.74,18:00:00,18:30:00
2020-08-15,9595.14,9620.92,18:30:00,18:30:00
2020-08-16,9690.76,9688.91,18:30:00,19:00:00
2020-08-17,10247.62,10351.75,18:30:00,18:30:00
2020-08-18,9933.88,10091.13,18:30:00,18:30:00
2020-08-19,10533.06,10318.85,18:30:00,18:30:00
2020-08-20,10685.63,10837.06,18:30:00,18:30:00
2020-08-21,10454.05,10325.05,18:30:00,19:00:00
2020-08-22,10765.92,10605.23,18:30:00,18:30:00
2020-08-23,10662.53,10654.1,18:30:00,18:30:00
2020-08-24,11149.92,11229.86,19:00:00,18:30:00
2020-08-25,11500.53,11436.37,19:00:00,18:30:00
2020-08-26,10933.85,10914.86,19:00:00,19:00:00
2020-08-27,10429.81,10351.78,19:00:00,19:00:00
2020-08-28,10086.35,10233.17,19:00:00,18:30:00
2020-08-29,9143.53,9163.69,19:00:00,19:00:00
2020-08-30,8710.85,8944.16,18:30:00,19:00:00
2020-08-31,10090.8,10249.65,18:30:00,18:30:00
2020-09-01,10046.14,10288.28,19:00:00,19:00:00
2020-09-02,9441.79,9331.32,18:30:00,19:00:00
2020-09-03,9044.16,9091.56,18:30:00,18:30:00
2020-09-04,9018.9,8825.51,18:30:00,18:30:00
2020-09-05,8385.24,8710.18,19:00:00,19:00:00
2020-09-06,8678.09,9070.61,19:00:00,19:00:00
2020-09-07,9284.89,9411.11,19:00:00,18:30:00
2020-09-08,9031.87,9069.04,18:30:00,18:30:00
2020-09-09,10255.73,9729.15,18:30:00,18:30:00
2020-09-10,9853.68,9866.08,19:00:00,19:00:00
2020-09-11,9144.28,9182.92,19:00:00,19:00:00
2020-09-12,8467.86,8505.91,19:00:00,19:00:00
2020-09-13,8655.85,8528.63,19:00:00,19:00:00
2020-09-14,9021.34,9227.42,18:30:00,19:00:00
2020-09-15,9003.34,9099.61,19:00:00,19:00:00
2020-09-16,8874.04,8626.59,19:00:00,19:00:00
2020-09-17,8847.75,8630.8,18:30:00,18:30:00
2020-09-18,9001.94,8429.74,18:30:00,19:00:00
2020-09-19,8110.6,8268.78,18:30:00,19:00:00
2020-09-20,8369.79,8328.58,19:00:00,19:00:00
2020-09-21,9072.37,9118.68,18:30:00,18:30:00
2020-09-22,8719.37,8616.65,18:30:00,19:00:00
2020-09-23,8869.74,8529.35,19:00:00,19:00:00
2020-09-24,8974.41,8895.43,19:00:00,19:00:00
2020-09-25,9089.91,8866.18,18:30:00,19:00:00
2020-09-26,8900.59,9388.69,19:00:00,19:00:00
2020-09-27,8977.14,9777.89,19:00:00,19:00:00
2020-09-28,9271.89,9492.32,19:00:00,19:00:00
2020-09-29,9148.04,9149.84,19:00:00,19:00:00
2020-09-30,9209.73,8927.26,19:00:00,19:00:00
2020-10-01,8598.69,8570.26,19:00:00,19:00:00
2020-10-02,8271.89,8256.7,19:00:00,19:00:00
2020-10-03,7926.56,8005.4,19:00:00,19:00:00
2020-10-04,7759.37,8003.08,19:00:00,18:30:00
2020-10-05,8368.35,8191.15,18:00:00,19:00:00
2020-10-06,8389.44,8044.58,18:30:00,18:30:00
2020-10-07,8451.43,8285.63,18:00:00,18:30:00
2020-10-08,8370.56,8227.45,19:00:00,18:30:00
2020-10-09,7945.2,7816.52,19:00:00,19:00:00
2020-10-10,7507.26,7533.59,19:00:00,19:00:00
2020-10-11,7788.95,7659.08,19:00:00,19:00:00
2020-10-12,8336.96,8284.58,18:00:00,18:30:00
2020-10-13,8544.86,8440.26,18:00:00,18:30:00
2020-10-14,8231.45,8184.55,19:00:00,19:00:00
2020-10-15,8520.02,8439.72,19:00:00,18:30:00
2020-10-16,8139.13,8123.69,18:30:00,18:00:00
2020-10-17,7898.85,8035.01,18:30:00,17:30:00
2020-10-18,7833.12,7820.89,18:30:00,19:00:00
2020-10-19,8265.48,8356.9,18:00:00,18:30:00
2020-10-20,8263.87,8353.86,18:00:00,18:30:00
2020-10-21,8268.43,8277.02,19:00:00,18:30:00
2020-10-22,8401.0,8248.27,18:00:00,18:00:00
2020-10-23,8289.45,8462.69,18:00:00,17:30:00
2020-10-24,7956.9,8009.28,18:00:00,17:30:00
2020-10-25,8445.64,8156.18,17:30:00,19:00:00
2020-10-26,9324.77,9113.72,18:00:00,18:30:00
2020-10-27,8538.05,8598.4,19:00:00,18:30:00
2020-10-28,8384.58,8339.07,18:30:00,18:00:00
2020-10-29,8304.85,8307.97,19:00:00,19:00:00
2020-10-30,7895.61,7926.63,19:00:00,18:00:00
2020-10-31,7711.74,7494.09,18:00:00,19:00:00
2020-11-01,7780.44,7747.87,19:00:00,19:00:00
2020-11-02,8131.95,8228.48,18:00:00,19:00:00
2020-11-03,8130.29,8273.27,19:00:00,19:00:00
2020-11-04,8379.01,8376.01,18:00:00,18:00:00
2020-11-05,8880.37,8539.26,18:00:00,19:00:00
2020-11-06,7917.11,7987.75,19:30:00,19:00:00
2020-11-07,7591.23,7704.17,19:30:00,19:30:00
2020-11-08,7617.46,7831.41,19:00:00,19:00:00
2020-11-09,8112.92,8226.76,19:00:00,19:00:00
2020-11-10,8228.87,8251.44,19:30:00,19:00:00
2020-11-11,8594.28,8427.9,18:00:00,18:00:00
2020-11-12,8871.05,8717.16,18:00:00,17:30:00
2020-11-13,8039.33,8483.06,14:30:00,17:00:00
2020-11-14,7767.03,7696.18,19:30:00,19:00:00
2020-11-15,8922.88,8405.87,18:00:00,19:00:00
2020-11-16,11337.12,10848.36,17:00:00,17:00:00
2020-11-17,8338.27,8402.26,17:30:00,18:00:00
2020-11-18,8352.72,8310.71,18:00:00,19:30:00
2020-11-19,8998.05,8792.66,18:00:00,17:30:00
2020-11-20,10404.45,10409.19,17:00:00,17:00:00
2020-11-21,8169.54,7991.55,17:30:00,18:00:00
2020-11-22,8868.73,8817.63,18:00:00,18:00:00
2020-11-23,8674.59,9555.35,18:00:00,17:00:00
2020-11-24,8263.56,8443.95,17:30:00,18:00:00
2020-11-25,8590.29,8530.22,18:00:00,18:00:00
2020-11-26,10798.3,9915.53,17:30:00,17:30:00
2020-11-27,10117.17,9093.89,17:30:00,17:30:00
2020-11-28,12401.82,12030.63,17:00:00,17:30:00
2020-11-29,11865.01,11758.57,16:00:00,17:30:00
2020-11-30,8761.81,8815.63,18:00:00,18:00:00
2020-12-01,11224.11,12190.69,16:30:00,17:00:00
2020-12-02,8707.14,8700.7,17:00:00,17:30:00
2020-12-03,8504.07,9003.33,17:30:00,17:00:00
2020-12-04,9843.4,10118.71,16:30:00,17:00:00
2020-12-05,8138.07,8896.16,18:00:00,17:00:00
2020-12-06,8600.69,8532.5,18:00:00,18:30:00
2020-12-07,9237.17,8720.83,17:30:00,18:00:00
2020-12-08,7932.34,8111.72,18:00:00,19:30:00
2020-12-09,8488.24,8367.8,18:00:00,18:00:00
2020-12-10,8552.09,8340.42,18:00:00,18:00:00
2020-12-11,7741.04,7866.59,19:30:00,18:00:00
2020-12-12,7544.04,7615.14,20:00:00,19:30:00
2020-12-13,7679.73,7886.87,19:30:00,19:30:00
2020-12-14,8383.6,8786.6,18:00:00,17:00:00
2020-12-15,9017.32,9262.91,17:00:00,17:00:00
2020-12-16,9645.14,9968.25,15:30:00,17:00:00
2020-12-17,10753.58,10771.61,16:30:00,17:00:00
2020-12-18,9970.53,9974.3,15:00:00,16:30:00
2020-12-19,7731.91,7594.45,18:00:00,20:00:00
2020-12-20,7931.83,7943.03,18:00:00,18:30:00
2020-12-21,8664.85,8521.94,17:30:00,17:00:00
2020-12-22,8198.66,8792.26,18:00:00,17:30:00
2020-12-23,8091.53,8236.74,18:00:00,18:00:00
2020-12-24,8150.75,7985.17,18:00:00,18:00:00
2020-12-25,6932.8,6904.18,00:00:00,00:00:00
2020-12-26,7264.5,7075.3,19:30:00,20:00:00
2020-12-27,8598.21,8993.07,17:30:00,18:00:00
2020-12-28,7766.12,7057.73,17:00:00,20:00:00
2020-12-29,7690.68,7395.59,18:00:00,19:00:00
2020-12-30,7757.12,7784.94,18:00:00,18:30:00
2020-12-31,7598.82,7255.68,17:00:00,17:00:00
2021-01-01,7209.93,7317.51,18:00:00,18:30:00
2021-01-02,7580.57,7182.36,18:00:00,18:00:00
2021-01-03,8052.25,7736.05,18:00:00,18:30:00
2021-01-04,8836.48,9160.71,15:00:00,17:00:00
2021-01-05,9271.53,8858.15,18:00:00,18:00:00
2021-01-06,8108.64,8180.05,18:00:00,18:00:00
2021-01-07,7936.65,8053.8,18:00:00,18:30:00
2021-01-08,7683.92,7656.07,18:00:00,18:00:00
2021-01-09,7777.51,7572.22,19:00:00,20:00:00
2021-01-10,8434.99,8018.73,18:30:00,20:00:00
2021-01-11,9573.7,8929.75,18:00:00,18:00:00
2021-01-12,10376.04,10166.22,17:30:00,17:30:00
2021-01-13,10430.48,10160.93,18:00:00,18:00:00
2021-01-14,11729.36,11375.91,17:30:00,17:30:00
2021-01-15,9918.4,9363.19,17:00:00,17:30:00
2021-01-16,7736.97,7558.51,18:30:00,18:30:00
2021-01-17,7978.96,7703.7,18:30:00,18:30:00
2021-01-18,10075.24,9722.84,17:30:00,18:00:00
2021-01-19,8450.77,8228.36,18:00:00,18:30:00
2021-01-20,8139.66,8170.96,18:00:00,18:00:00
2021-01-21,9107.78,8805.4,18:00:00,18:00:00
2021-01-22,10934.61,10777.19,17:30:00,17:00:00
2021-01-23,10740.75,10542.73,18:00:00,18:00:00
2021-01-24,11633.06,11344.81,17:00:00,17:30:00
2021-01-25,12197.57,12412.05,17:00:00,18:00:00
2021-01-26,12059.74,12188.52,17:00:00,17:00:00
2021-01-27,9013.7,8926.78,17:30:00,17:00:00
2021-01-28,8552.14,8382.15,17:00:00,17:00:00
2021-01-29,8445.79,8526.86,17:00:00,09:30:00
2021-01-30,9022.3,9260.42,18:00:00,17:30:00
2021-01-31,8230.0,8382.42,18:00:00,18:00:00
2021-02-01,9653.05,9855.91,17:00:00,17:30:00
2021-02-02,8244.71,8278.43,18:00:00,19:30:00
2021-02-03,8393.53,8512.93,18:00:00,18:00:00
2021-02-04,9764.82,9435.96,17:00:00,17:30:00
2021-02-05,10102.9,10035.32,17:00:00,17:00:00
2021-02-06,8210.46,8916.05,18:30:00,17:00:00
2021-02-07,8524.88,8450.68,18:00:00,18:00:00
2021-02-08,8502.99,8716.97,18:00:00,18:00:00
2021-02-09,8425.34,8496.23,18:00:00,18:00:00
2021-02-10,8449.08,8391.8,18:00:00,18:00:00
2021-02-11,9348.66,9157.02,18:00:00,18:00:00
2021-02-12,10177.59,10223.3,17:00:00,17:00:00
2021-02-13,7976.97,7916.18,08:30:00,18:00:00
2021-02-14,7719.53,8028.53,19:30:00,19:30:00
2021-02-15,8262.79,8404.54,18:00:00,18:00:00
2021-02-16,8519.14,8642.11,18:00:00,18:00:00
2021-02-17,8358.49,8310.83,18:30:00,18:00:00
2021-02-18,8529.18,8649.7,18:00:00,18:00:00
2021-02-19,9067.48,8609.88,18:00:00,17:30:00
2021-02-20,9172.89,8512.75,18:00:00,18:00:00
2021-02-21,9403.37,8834.23,18:00:00,18:00:00
2021-02-22,10043.68,9402.75,17:00:00,18:00:00
2021-02-23,8398.63,8394.77,17:00:00,19:00:00
2021-02-24,8325.02,8570.64,17:00:00,18:00:00
2021-02-25,8651.06,9438.1,17:00:00,17:00:00
2021-02-26,8955.04,8702.26,17:30:00,18:00:00
2021-02-27,7985.93,8034.12,18:30:00,18:00:00
2021-02-28,9141.37,8669.91,18:00:00,18:30:00
2021-03-01,11404.28,10736.73,17:00:00,17:30:00
2021-03-02,8459.65,8435.52,17:30:00,19:00:00
2021-03-03,8244.87,8266.26,18:00:00,19:00:00
2021-03-04,8953.9,8629.33,18:00:00,18:00:00
2021-03-05,8142.32,7931.69,18:00:00,18:00:00
2021-03-06,7662.6,7576.74,19:00:00,19:00:00
2021-03-07,8079.49,8259.82,17:30:00,18:30:00
2021-03-08,9043.62,9723.41,16:00:00,17:00:00
2021-03-09,9206.19,9180.51,17:00:00,18:00:00
2021-03-10,8841.21,8786.47,17:00:00,18:00:00
2021-03-11,9088.55,9026.69,17:00:00,17:00:00
2021-03-12,8800.87,8978.87,18:00:00,17:00:00
2021-03-13,9587.3,9588.0,17:30:00,17:30:00
2021-03-14,8050.23,7975.46,17:30:00,19:00:00
2021-03-15,8226.74,8421.03,18:00:00,19:00:00
2021-03-16,8568.28,8449.34,18:00:00,18:30:00
2021-03-17,8518.35,8357.01,18:00:00,18:00:00
2021-03-18,7094.51,7126.37,00:00:00,00:00:00
