,rainfall,pv_capacity,solar_power,peak_demand,date,prev_demand_min,prev_demand_max,prev_demand_mean,prev_demand_std,prev_temp_min,prev_temp_max,prev_temp_mean,prev_temp_std,max_temp,min_temp,prev_solar_min,prev_solar_max,prev_solar_mean,prev_solar_std,prev_peak_time
1,0.0,1790,0.0,9294.07,2010-01-02,6198.61,8883.98,7801.352916666667,881.076515966154,22.1,28.8,25.18541666666667,2.2324482871076627,29.4,22.2,0.0,628.25,153.92776315789473,218.26433659514962,17:00:00
2,15.2,1790,97.85,8247.61,2010-01-03,6140.82,9294.07,8017.459791666667,1073.8621513787443,22.2,29.4,24.795833333333334,2.1677479571374896,21.5,17.9,0.0,642.62,184.21791666666664,211.83367656352098,16:30:00
3,0.2,1790,427.65,9468.92,2010-01-04,6059.53,8247.61,7399.899583333333,746.1596403769657,17.9,21.5,19.462500000000002,0.6954640269388183,23.9,17.9,0.0,335.0,98.59572916666667,118.34630912720291,11:00:00
4,0.0,1790,0.0,10687.29,2010-01-05,6067.46,9468.92,8241.720208333334,1193.3104305473685,17.9,23.9,20.847916666666666,1.8698036742240736,27.7,15.4,0.0,639.62,227.86989583333332,247.6530738228886,11:00:00
5,0.0,1790,0.0,10879.15,2010-01-06,6313.4,10687.29,8827.813125,1449.2014326901908,15.4,27.7,22.660416666666666,3.721801187330426,25.6,20.3,0.0,1065.4,342.67052083333334,404.5083856706984,15:00:00
6,0.0,1790,32.28,9864.35,2010-01-07,6568.49,10879.15,9021.721875000001,1488.6377726113726,20.3,25.6,22.695833333333336,1.296305442948707,23.6,20.5,0.0,975.17,316.50645833333334,360.358246396139,16:00:00
7,0.4,1790,0.0,10659.19,2010-01-08,6415.95,9864.35,8566.8475,1160.0233771186258,20.5,23.6,21.879166666666666,0.9351205027214,26.3,19.7,0.0,544.67,150.13822916666666,187.02456623677207,12:30:00
8,0.0,1790,0.0,11524.52,2010-01-09,6429.62,10659.19,8926.811041666666,1376.3976986851217,19.7,26.3,23.045833333333334,1.926297112954251,36.3,18.3,0.0,937.42,298.16125,352.7640483224301,16:00:00
9,0.0,1790,0.0,10976.44,2010-01-10,6471.51,11524.52,9242.460208333334,1763.5927130325915,18.3,36.3,27.416666666666668,6.082109563102973,29.5,22.1,0.0,1004.78,343.258125,387.4848838405445,16:00:00
10,0.0,1790,0.0,11671.17,2010-01-11,6717.56,10976.44,9101.040625,1579.8707868769716,22.1,29.5,25.256249999999998,2.4850109165392302,26.4,21.7,0.0,999.2,332.001875,380.08448127486605,15:00:00
11,0.0,1790,0.0,13700.02,2010-01-12,6620.38,11671.17,9584.22,1708.8918490286605,21.7,26.4,23.719791666666666,1.5202442267166312,32.0,23.1,0.0,741.05,227.9346875,256.5092490750976,16:00:00
12,0.0,1790,41.24,12199.36,2010-01-13,7132.5,13700.02,10736.342916666666,2207.205842641621,23.1,32.0,26.943749999999998,3.1813222361484814,27.1,19.0,0.0,1016.4,321.6276041666667,377.0166086865681,16:00:00
13,8.2,1790,0.0,10118.95,2010-01-14,7396.29,12199.36,9771.57,1692.6357391924262,19.0,27.1,23.589583333333334,2.437319733286854,22.3,19.3,0.0,829.92,250.1696875,312.13400438431154,12:30:00
14,0.0,1790,0.0,10593.74,2010-01-15,6501.79,10118.95,8810.465208333333,1270.8959103199766,19.3,22.3,20.354166666666668,0.7830541225644928,25.0,19.7,0.0,352.48,123.5878125,135.35520422013607,15:00:00
15,0.0,1790,17.4,9625.75,2010-01-16,6508.89,10593.74,8988.732083333334,1344.8655128190453,19.7,25.0,22.259068627450983,1.6769340238765693,27.2,20.9,0.0,562.67,187.045,217.50121408563078,15:00:00
16,0.0,1790,24.4,9170.4,2010-01-17,6582.81,9625.75,8370.983125,1044.8269622228834,20.9,27.2,23.555208333333336,1.7470108082620444,26.6,17.3,0.0,940.88,266.9244791666667,338.20931111948175,13:00:00
17,0.2,1790,687.7,9840.73,2010-01-18,6238.98,9170.4,7915.436666666667,1024.9805684163994,17.3,26.6,21.991666666666664,2.7102510940700313,24.8,14.7,0.0,906.47,265.35552083333334,312.7770999062859,13:00:00
18,0.0,1790,480.45,9695.51,2010-01-19,6297.93,9840.73,8526.438958333334,1241.5387647408402,14.7,24.8,20.222916666666666,3.367001291213807,25.3,14.5,0.0,1047.38,353.0290625,399.7363895792946,10:00:00
19,0.0,1790,0.0,10819.11,2010-01-20,6452.98,9695.51,8527.109166666667,1094.8456634279323,14.5,25.3,19.526041666666668,3.5572519513010983,31.2,12.0,0.0,1063.4,367.6110416666666,413.9316893753179,11:00:00
20,0.0,1790,0.0,12758.95,2010-01-21,6356.3,10819.11,8972.363541666668,1472.0354806323046,12.0,31.2,22.068749999999998,6.3324613294801635,31.0,17.4,0.0,1064.95,366.8435416666666,411.9848190641464,16:00:00
21,0.0,1790,0.0,13765.04,2010-01-22,6623.9,12758.95,9957.95125,2025.9135343478317,17.4,31.0,24.431250000000002,4.469430743418312,36.2,21.2,0.0,1056.82,353.0854166666666,400.0447361723241,16:00:00
22,0.0,1790,0.0,12278.96,2010-01-23,7007.97,13765.04,10745.424375,2287.1504989200516,21.2,36.2,27.445833333333336,5.139747420457478,41.1,21.2,0.0,1023.58,341.75125,387.0711203156944,15:00:00
23,3.2,1790,0.0,9004.24,2010-01-24,7228.92,12278.96,9579.312916666668,1708.6122883852559,21.2,41.1,27.927083333333332,6.648523738981568,23.0,17.7,0.0,821.35,271.33885416666664,320.8261580590581,14:00:00
24,0.0,1790,0.0,11418.89,2010-01-25,6476.67,9004.24,8065.268541666667,916.4892100234009,17.7,23.0,20.946875000000002,1.5821950228797779,27.7,19.2,0.0,493.52,169.26760416666667,193.2986320795331,16:00:00
25,0.0,1790,0.0,11504.61,2010-01-26,6570.87,11418.89,9304.5175,1630.0835484990444,19.2,27.7,23.472916666666666,2.4725505466367608,32.1,23.2,0.0,865.25,255.60875,311.3822889654821,16:00:00
26,0.0,1790,7.9,11681.57,2010-01-27,6699.96,11504.61,9294.970833333333,1677.7044110024754,23.2,32.1,26.4875,2.9240473989813083,26.6,21.9,0.0,931.3,300.9521875,348.82765278082684,16:00:00
27,0.8,1790,9.65,11452.11,2010-01-28,6915.36,11681.57,9571.342083333333,1598.0801810935764,21.9,26.6,23.724999999999998,1.1861792767519348,27.1,20.5,0.0,708.17,179.2664583333333,237.51879239192294,13:30:00
28,13.4,1790,0.0,11453.22,2010-01-29,6751.38,11452.11,9474.537083333335,1600.043963455789,20.5,27.1,23.170833333333334,1.7802651408234698,27.4,18.4,0.0,585.53,162.7290625,198.24518853772398,13:30:00
29,0.4,1790,0.0,9461.36,2010-01-30,6644.49,11453.22,9396.950833333334,1643.4784656497968,18.4,27.4,22.895833333333332,3.146964652617296,26.8,20.5,0.0,976.1,323.85270833333334,379.93434769365405,15:30:00
30,0.0,1790,0.0,9749.46,2010-01-31,6502.34,9461.36,8389.761666666667,1037.0163709233914,20.5,26.8,23.289583333333336,1.841511819169739,28.5,20.7,0.0,806.58,259.47729166666664,305.4485466907439,16:00:00
31,0.6,4221,0.0,11580.28,2010-02-01,6531.57,9749.46,8440.618333333334,1170.3968806119137,20.7,28.5,24.666666666666668,2.371491436038864,29.2,19.6,0.0,849.58,257.8384375,310.04666851386946,15:30:00
32,0.0,4221,85.035,10625.12,2010-02-02,6661.03,11580.28,9565.073541666667,1711.507125040943,19.6,29.2,24.458333333333332,2.7556389638867396,26.9,21.1,0.0,924.7,286.23802083333334,339.2861377038868,14:00:00
33,23.0,4221,0.0,11024.02,2010-02-03,6785.97,10625.12,9140.978958333333,1285.0923324642736,21.1,26.9,23.535416666666666,1.3518292702432977,28.0,21.3,0.0,681.2,218.06854166666668,247.31677500503653,12:30:00
34,10.6,4221,11.06,11138.52,2010-02-04,6637.44,11024.02,9389.424375,1490.8698837040652,21.3,28.0,24.146874999999998,1.8861027659215768,27.8,22.3,0.0,846.53,267.0722916666667,318.0801140218071,16:00:00
35,7.8,4221,8.8,11530.39,2010-02-05,6834.13,11138.52,9524.447708333333,1479.5227173440733,22.3,27.8,24.691666666666666,1.4929384609644647,28.4,21.2,0.0,694.8,207.81708333333333,254.53503263216385,13:30:00
36,37.0,4221,156.57,9326.52,2010-02-06,6935.45,11530.39,9615.264375,1553.3533996567344,21.2,28.4,24.723958333333332,1.744626692475868,22.8,20.3,0.0,645.55,183.45770833333333,220.72789938273124,13:30:00
37,21.7,4221,0.0,9282.9,2010-02-07,6546.76,9326.52,8251.320625,921.9029723035682,20.3,22.8,21.517559523809524,0.6307453398526532,25.4,20.1,0.0,538.55,152.35104166666667,185.36841508643752,11:00:00
38,6.4,4221,0.0,11299.68,2010-02-08,6218.93,9282.9,8105.730625,1102.208937825767,20.1,25.4,22.522916666666664,1.5713173201385433,27.6,21.5,0.0,497.83,159.98385416666667,190.66772804351592,17:30:00
39,1.0,4221,0.0,11879.3,2010-02-09,6655.19,11299.68,9514.851666666667,1636.58475693216,21.5,27.6,24.014583333333334,1.9817238985108587,28.5,21.5,0.0,912.4,276.020625,332.4793331917055,16:00:00
40,0.5000000000000012,4221,0.0,12394.02,2010-02-10,6909.9,11879.3,9818.613333333333,1657.6141484847249,21.5,28.5,24.506249999999998,2.2571311343045197,29.8,19.4,0.0,891.4,288.92312499999997,339.04537282127296,16:00:00
41,0.0,4221,0.0,12606.64,2010-02-11,6929.56,12394.02,10028.636458333332,1825.050241168532,19.4,29.8,24.3625,3.485219551068331,30.3,19.4,0.0,992.72,326.31614583333334,382.6046755356555,16:00:00
42,0.0,4221,0.0,13134.81,2010-02-12,6962.71,12606.64,10174.005,1912.6705938333696,19.4,30.3,24.910416666666666,3.5362102315075172,36.8,21.5,0.0,960.4,302.07656249999997,370.22651065052605,15:00:00
43,3.533333333333338,4221,139.55,9696.85,2010-02-13,7095.4,13134.81,10284.141875,2014.2475968319338,21.5,36.8,26.87232142857143,4.936797598400476,26.2,21.4,0.0,928.65,275.97781249999997,345.43322331700654,16:00:00
44,7.066666666666678,4221,0.0,9719.52,2010-02-14,6796.17,9696.85,8661.1725,1031.5454237118454,21.4,26.2,22.96875,1.282642924722396,27.3,20.4,0.0,598.05,158.30947916666665,211.55096878751405,11:00:00
45,10.6,4221,0.0,12043.83,2010-02-15,6505.16,9719.52,8433.374166666666,1136.3270579592631,20.4,27.3,23.080133928571428,2.0580241677276643,32.8,20.1,0.0,561.67,139.17958333333334,168.2223047321524,17:00:00
46,0.0,4221,11.665,10450.24,2010-02-16,6709.39,12043.83,9693.409375000001,1785.8511196225318,20.1,32.8,24.516666666666666,4.0078823045812975,25.1,20.0,0.0,889.83,257.8308333333334,324.9104882794209,16:00:00
47,0.0,4221,0.0,10621.94,2010-02-17,6658.76,10450.24,9010.57875,1323.5424893590807,20.0,25.1,22.31161723163842,1.6106819458821326,24.5,17.4,0.0,665.35,207.745,239.55464763207513,13:30:00
48,0.0,4221,0.0,10150.35,2010-02-18,6462.08,10621.94,8989.191041666667,1393.045241850951,17.4,24.5,21.330208333333335,2.370244165161526,24.2,16.6,0.0,793.78,253.83854166666666,297.92286713988454,16:00:00
49,0.0,4221,74.57500000000002,10138.04,2010-02-19,6526.25,10150.35,8855.477291666666,1249.233949560714,16.6,24.2,20.914583333333333,2.2554887740640788,25.2,16.8,0.0,839.75,246.43322916666668,292.0418317957308,14:00:00
50,0.0,4221,0.0,9724.24,2010-02-20,6535.26,10138.04,8862.195208333333,1219.7815828550179,16.8,25.2,21.171875,2.8938839808604717,27.5,16.2,0.0,631.05,201.59906250000003,236.43007203034173,12:30:00
51,0.0,4221,0.0,10992.0,2010-02-21,6509.97,9724.24,8468.077291666666,1098.507542227548,16.2,27.5,22.503125,3.802776229003271,32.9,18.3,0.0,947.78,306.676875,366.81204207364755,15:30:00
52,0.0,4221,0.0,13377.27,2010-02-22,6462.58,10992.0,8813.953541666668,1612.9258706825242,18.3,32.9,25.525000000000002,4.866406774368233,35.4,19.7,0.0,940.2,307.34364583333337,365.12375776845437,17:00:00
53,0.0,4221,99.585,11563.93,2010-02-23,6771.53,13377.27,10459.500208333333,2258.8937393122796,19.7,35.4,27.941666666666666,5.309559156814841,28.3,21.1,0.0,884.58,294.39052083333337,349.9146068917563,15:30:00
54,0.0,4221,217.1,10103.82,2010-02-24,7096.65,11563.93,9559.9325,1505.9758876025955,21.1,28.3,23.670833333333334,2.205791056377999,23.9,20.0,0.0,836.35,203.02031250000002,264.08759579659113,11:30:00
55,0.0,4221,363.38,10251.46,2010-02-25,6640.7,10103.82,8881.446249999999,1203.1068311731194,20.0,23.9,21.67395833333333,1.0237597365724795,25.1,14.6,0.0,469.95,148.10447916666666,183.4497625017732,11:00:00
56,0.0,4221,333.17,10217.14,2010-02-26,6531.45,10251.46,8922.066875,1266.2085850472952,14.6,25.1,20.383333333333333,3.113070136337899,25.9,15.5,0.0,815.58,265.91416666666663,315.44085636989996,11:00:00
57,0.0,4221,0.0,10028.25,2010-02-27,6529.06,10217.14,8893.76375,1226.3182608387153,15.5,25.9,20.508333333333333,3.0137862899380274,29.1,15.8,0.0,709.45,205.82541666666668,249.65352505455067,11:00:00
58,0.0,4221,0.0,9513.77,2010-02-28,6489.14,10028.25,8552.212291666667,1172.569292901847,15.8,29.1,22.582291666666666,4.668631053437458,27.2,19.0,0.0,920.38,297.31041666666664,360.706358198055,16:00:00
59,4.4,7567,83.0,9813.83,2010-03-01,6483.9,9513.77,8223.16125,1071.3931579254502,19.0,27.2,22.253125,2.2703783134469493,20.5,16.7,0.0,657.08,187.87708333333333,242.51593333229772,14:00:00
60,1.4,7567,213.75,9559.15,2010-03-02,6378.27,9813.83,8560.798958333333,1205.2592723281307,16.7,20.5,18.7375,0.826328717240401,21.1,18.0,0.0,285.05,70.00750000000001,89.74796570325334,11:00:00
61,0.0,7567,275.62,9806.22,2010-03-03,6441.93,9559.15,8527.116041666666,1042.6810260721193,18.0,21.1,19.634375000000002,0.9306344352793202,23.0,14.9,0.0,517.5,153.20041666666665,194.1341427895444,10:30:00
62,7.399999999999974,7567,0.0,10110.66,2010-03-04,6450.12,9806.22,8673.289583333333,1150.850673859657,14.9,23.0,19.372916666666665,2.534337765137357,25.7,14.0,0.0,690.08,212.67916666666667,257.3319314462237,11:00:00
63,14.800000000000024,7567,174.1,10338.46,2010-03-05,6493.7,10110.66,8860.3325,1233.1061134068227,14.0,25.7,20.634375000000002,3.9048954034265955,25.0,20.9,0.0,732.4,233.70458333333332,284.1762063007427,16:00:00
64,22.2,7567,0.0,9859.15,2010-03-06,6698.57,10338.46,8935.68375,1193.3342858288167,20.9,25.0,22.46666666666667,1.2401669985921906,28.4,20.6,0.0,398.52,120.36,152.15261514592737,09:30:00
65,0.2,7567,60.62,9182.18,2010-03-07,6523.51,9859.15,8567.207083333333,1139.998844984407,20.6,28.4,23.90416666666667,2.814246305763507,26.9,21.2,0.0,713.45,209.99375,258.8292040181316,16:00:00
66,0.8,7567,0.0,11054.9,2010-03-08,6444.45,9182.18,8139.110625,980.2592090857771,21.2,26.9,24.107031250000002,1.7043766140790844,30.1,20.9,0.0,693.88,209.01375,263.9431556719436,12:00:00
67,0.2,7567,0.0,10747.42,2010-03-09,6532.89,11054.9,9281.634375,1608.3215227523801,20.9,30.1,25.751041666666666,3.1845285830243806,29.2,17.8,0.0,700.03,192.2804166666667,243.9643571539187,16:00:00
68,0.0,7567,85.47,9913.53,2010-03-10,6424.26,10747.42,8987.626875,1411.3191382203559,17.8,29.2,24.084374999999998,3.3615180880642233,20.8,18.5,0.0,886.1,262.4775,331.90007867980324,16:00:00
69,0.0,7567,186.62,9612.66,2010-03-11,6547.42,9913.53,8648.830833333333,1117.71803678409,18.5,20.8,19.845833333333335,0.4514554869946642,22.4,17.5,0.0,345.58,82.22708333333334,107.39973100541481,09:30:00
70,0.0,7567,423.62,9735.27,2010-03-12,6349.59,9612.66,8507.195833333333,1085.3949258431692,17.5,22.4,20.058333333333334,1.3134465516234923,22.7,18.1,0.0,689.05,189.84916666666666,243.69286516706504,11:00:00
71,0.0,7567,335.75,8823.41,2010-03-13,6171.75,9735.27,8461.108541666666,1110.7746271207652,18.1,22.7,20.614583333333332,1.1546371970180036,23.2,14.4,0.0,768.4,229.03625,291.23641173580046,10:00:00
72,1.4,7567,0.0,8559.36,2010-03-14,6270.85,8823.41,7794.211458333334,790.5172107402542,14.4,23.2,18.810416666666665,2.5743612786296732,23.2,14.9,0.0,672.45,199.81625,250.56551346882043,10:00:00
73,0.0,7567,0.0,10098.36,2010-03-15,6071.81,8559.36,7590.299375,853.3764474468735,14.9,23.2,19.609375,2.8639664551776765,25.8,15.5,0.0,643.75,188.85000000000002,238.06850488256796,19:00:00
74,0.0,7567,0.0,10262.78,2010-03-16,6254.17,10098.36,8695.831875,1313.4392293203693,15.5,25.8,20.70625,3.2354029805896674,27.4,13.9,0.0,707.0,213.06458333333333,267.84754858265467,13:30:00
75,0.0,7567,0.0,10325.68,2010-03-17,6434.78,10262.78,8839.805208333333,1279.580472122897,13.9,27.4,20.036458333333332,4.55168591145356,26.9,12.2,0.0,833.25,260.7966666666667,325.101614147994,15:30:00
76,0.0,7567,0.0,10438.12,2010-03-18,6458.67,10325.68,8877.131875000001,1284.3201574865186,12.2,26.9,19.508333333333333,5.030622538072937,27.9,13.8,0.0,877.88,274.55916666666667,341.163915907553,15:30:00
77,0.0,7567,0.0,10831.75,2010-03-19,6513.38,10438.12,8937.59125,1298.4142791319443,13.8,27.9,20.640625,4.765128832734031,30.7,14.3,0.0,841.8,256.9379166666667,322.4363273987881,16:00:00
78,0.0,7567,0.0,10045.89,2010-03-20,6529.37,10831.75,9081.074999999999,1368.1743283567596,14.3,30.7,21.645833333333332,5.471627333230843,30.4,16.8,0.0,845.92,252.78374999999997,321.39948095639886,16:00:00
79,0.0,7567,0.0,10102.26,2010-03-21,6512.72,10045.89,8504.858125,1162.9970559441274,16.8,30.4,23.597916666666666,4.687080004825094,34.7,16.7,0.0,831.72,246.36458333333334,313.387500319023,16:00:00
80,0.0,7567,0.0,10358.94,2010-03-22,6387.74,10102.26,8347.551666666666,1300.8082563550317,16.7,34.7,25.26770833333333,6.440996433942245,23.7,19.8,0.0,748.1,219.45125,281.8966738867351,19:00:00
81,0.0,7567,0.0,10861.24,2010-03-23,6459.74,10358.94,8939.432708333334,1364.6430026804994,19.8,23.7,21.63854166666667,1.0689744331145083,29.2,15.8,0.0,671.95,192.60583333333332,247.31787776044237,13:30:00
82,0.0,7567,0.0,10373.77,2010-03-24,6550.8,10861.24,9131.297083333333,1417.1620477904758,15.8,29.2,21.959374999999998,4.019350220720818,25.2,17.3,0.0,789.15,237.04166666666666,304.08398307384874,16:00:00
83,0.0,7567,0.0,10597.84,2010-03-25,6598.81,10373.77,8962.810833333333,1265.9003923771281,17.3,25.2,20.897916666666667,2.4524837243985353,26.5,16.3,0.0,684.17,193.26333333333332,245.72287818635118,14:00:00
84,0.0,7567,0.0,11592.51,2010-03-26,6617.29,10597.84,9096.817916666667,1332.382225444589,16.3,26.5,21.930208333333336,2.9085300005646157,34.3,17.5,0.0,729.42,202.04999999999998,260.83734557741593,15:30:00
85,0.0,7567,0.0,9799.45,2010-03-27,6626.67,11592.51,9418.03875,1598.472639841487,17.5,34.3,24.764583333333334,5.347677546547098,26.5,21.7,0.0,790.2,224.33041666666668,291.23561704753206,15:30:00
86,0.0,7567,0.0,9819.44,2010-03-28,6599.44,9799.45,8537.558333333332,1087.3287688708435,21.7,26.5,23.7625,1.3152744232709157,28.0,18.4,0.0,716.28,185.07500000000002,248.25926909481007,15:30:00
87,0.0,7567,60.75,10652.74,2010-03-29,6399.19,9819.44,8329.6225,1239.6307111831777,18.4,28.0,23.23125,3.0728153457271326,27.4,21.03333333333333,0.0,752.55,219.86833333333334,286.61941195401477,15:30:00
88,6.0,7567,66.4,10221.29,2010-03-30,6574.99,10652.74,9166.020416666666,1428.1397986012294,21.03333333333333,27.4,23.34861111111111,1.9884739784079033,21.6,19.2,0.0,381.75,90.94666666666666,126.52425745191658,11:00:00
89,63.0,7567,192.35,9851.39,2010-03-31,6796.05,10221.29,8981.765625,1174.4547804233139,19.2,21.6,20.30295138888889,0.6257796309587345,22.2,17.3,0.0,194.15,52.607916666666675,66.58990899235354,11:00:00
90,0.0,11390,0.0,9634.49,2010-04-01,6518.43,9851.39,8704.122083333334,1126.9046529792156,17.3,22.2,19.422916666666666,1.2507426871677272,24.5,14.2,0.0,449.65,115.0575,153.26766549114782,10:00:00
91,0.0,11390,0.0,8236.87,2010-04-02,6412.47,9634.49,8517.539999999999,1079.983802053471,14.2,24.5,19.254166666666666,3.2922189589635247,22.7,16.4,0.0,715.4,214.27333333333334,278.5882567963386,13:00:00
92,0.0,11390,316.485,8317.03,2010-04-03,6095.86,8236.87,7400.931666666666,651.7625813991295,16.4,22.7,19.619791666666668,2.071455947614577,22.3,14.3,0.0,625.67,178.87833333333333,232.34285932906496,18:30:00
93,2.6,11390,0.0,8240.28,2010-04-04,6070.86,8317.03,7483.871041666666,720.1857408121218,14.3,22.3,17.695833333333333,2.4857002381137723,20.7,14.2,0.0,576.4,166.375,217.87176796592013,09:30:00
94,0.4,11390,0.0,8838.39,2010-04-05,5890.06,8240.28,7211.103125000001,717.4311707905791,14.2,20.7,17.054166666666667,1.8909592672383526,20.8,13.7,0.0,662.72,181.1425,239.63259186521884,18:30:00
95,0.0,11390,0.0,9755.45,2010-04-06,5977.8,8838.39,7458.331458333334,826.9332022651325,13.7,20.8,17.290625,2.576606217694862,23.5,14.9,0.0,478.6,140.36625,179.56972106363685,18:30:00
96,0.6666666666666621,11390,0.0,9789.56,2010-04-07,6113.29,9755.45,8368.699166666667,1185.8766797710564,14.9,23.5,19.271874999999998,2.751032808956931,24.5,17.8,0.0,488.88,133.075,181.22823004403483,18:30:00
97,1.333333333333338,11390,0.0,9909.16,2010-04-08,6369.95,9789.56,8545.722708333333,1118.5715927985627,17.8,24.5,20.712500000000002,2.390639992652194,27.5,16.6,0.0,429.15,100.55291666666666,148.69985517682903,18:30:00
98,2.0,11390,225.525,9621.02,2010-04-09,6353.6,9909.16,8613.156041666667,1192.823421684048,16.6,27.5,21.602083333333336,2.9351493914883804,23.2,14.7,0.0,714.45,190.39791666666667,265.46499651621605,18:30:00
99,0.0,11390,0.0,8946.08,2010-04-10,6351.59,9621.02,8441.654375,1065.2957214701369,14.7,23.2,18.672916666666666,2.6318620205161705,27.3,14.7,0.0,723.12,200.21083333333334,265.336547831708,10:30:00
100,0.0,11390,0.0,8841.74,2010-04-11,6156.76,8946.08,7796.320625,816.1794934637019,14.7,27.3,19.958333333333332,4.222676036330683,27.5,15.6,0.0,646.92,170.96249999999998,230.8104447537997,18:30:00
101,0.0,11390,0.0,9755.15,2010-04-12,5943.22,8841.74,7509.697499999999,878.6475881196676,15.6,27.5,21.327083333333334,4.460165991727087,23.2,13.4,0.0,594.7,171.41833333333332,227.4179741870315,18:30:00
102,0.0,11390,0.0,9805.49,2010-04-13,6075.46,9755.15,8306.047083333333,1186.5278317739912,13.4,23.2,17.522916666666667,2.922563694104765,20.6,10.0,0.0,756.6,219.0675,288.4528380825405,18:30:00
103,0.0,11390,0.0,9789.42,2010-04-14,6449.61,9805.49,8527.834791666666,1038.4039657662643,10.0,20.6,15.235416666666666,3.3927168290721674,24.8,9.3,0.0,658.65,189.92333333333332,253.3777027573854,18:30:00
104,0.0,11390,0.0,9827.25,2010-04-15,6502.37,9789.42,8556.735416666666,986.7420125998541,9.3,24.8,16.629166666666666,5.1677378207874645,23.4,11.5,0.0,733.78,211.69000000000003,279.4945044163412,18:30:00
105,0.0,11390,7.47,9673.39,2010-04-16,6497.96,9827.25,8593.080208333333,1040.710711345121,11.5,23.4,17.683333333333334,4.201232510815021,21.4,14.0,0.0,684.75,186.65875000000003,251.7146489674116,18:30:00
106,0.0,11390,0.0,9042.68,2010-04-17,6412.81,9673.39,8519.311041666666,1053.3178582758017,14.0,21.4,17.572916666666668,2.3045505015478382,24.0,13.2,0.0,375.38,104.04666666666667,139.89652647024414,12:00:00
107,0.0,11390,0.0,9074.94,2010-04-18,6303.78,9042.68,7887.469375000001,799.5067388680012,13.2,24.0,18.322916666666668,3.589300861415615,24.7,14.2,0.0,678.45,178.6208333333333,239.07183845191832,18:30:00
108,0.0,11390,0.0,10219.65,2010-04-19,6086.41,9074.94,7650.881666666667,883.2803166541482,14.2,24.7,19.175,3.42111714987831,25.4,14.1,0.0,568.97,169.24166666666667,224.8165591224849,18:30:00
109,0.0,11390,0.0,10099.34,2010-04-20,6211.59,10219.65,8679.030833333332,1378.311975375357,14.1,25.4,18.988569512638662,3.8905798079821774,25.6,13.9,0.0,578.67,170.66,226.40524295203548,18:30:00
110,0.0,11390,0.0,10021.37,2010-04-21,6429.36,10099.34,8742.465624999999,1188.885346863538,13.9,25.6,19.120833333333334,4.051527599131573,25.6,13.5,0.0,596.47,166.77791666666667,223.98341660411492,18:00:00
111,0.0,11390,0.0,10192.43,2010-04-22,6390.68,10021.37,8679.489375,1170.1321376890692,13.5,25.6,18.985416666666666,4.053345851102824,28.3,13.5,0.0,621.8,179.13083333333336,239.99916482862955,18:30:00
112,0.0,11390,0.0,9873.68,2010-04-23,6356.49,10192.43,8730.877916666666,1215.086635363142,13.5,28.3,19.422916666666666,4.692376777571792,29.9,14.3,0.0,678.12,189.25666666666666,255.36924494995876,18:30:00
113,0.0,11390,0.0,8914.15,2010-04-24,6422.86,9873.68,8650.787083333333,1161.6850231818119,14.3,29.9,21.068749999999998,5.3200206466564675,28.1,16.3,0.0,675.25,186.19833333333335,252.8488205037584,14:30:00
114,-6.883382752675972e-16,11390,0.0,8702.75,2010-04-25,6235.33,8914.15,7824.6485416666665,818.0177931711733,16.3,28.1,21.516666666666666,3.8984084768636387,21.7,14.5,0.0,425.27,105.51625,146.95661877437075,18:30:00
115,-3.441691376337985e-16,11390,0.0,9173.9,2010-04-26,6109.21,8702.75,7441.8533333333335,733.5455557198284,14.5,21.7,18.001041666666666,1.6878315933731813,20.7,10.2,0.0,434.92,80.82958333333333,124.81936954516507,18:30:00
116,-6.883382752675972e-16,11390,0.0,10227.81,2010-04-27,5968.0,9173.9,7534.996875,877.5217877786254,10.2,20.7,14.763541666666667,3.558025683463289,19.6,8.1,0.0,571.88,159.93166666666664,214.88816958103237,18:30:00
117,0.0,11390,0.0,9914.36,2010-04-28,6265.83,10227.81,8531.540416666667,1129.018374263835,8.1,19.6,13.838541666666666,4.075435488847647,24.2,7.6,0.0,490.15,119.30791666666666,168.02813135746723,18:30:00
118,0.0,11390,0.0,10047.07,2010-04-29,6456.63,9914.36,8564.087708333334,1000.7697979826386,7.6,24.2,15.715625000000001,5.776936501792683,24.6,8.1,0.0,657.08,179.49791666666667,247.30579869231525,18:30:00
119,0.0,11390,0.0,9993.32,2010-04-30,6312.12,10047.07,8628.678541666666,1098.2740785374065,8.1,24.6,16.037499999999998,5.795839483556193,19.7,9.0,0.0,657.97,183.86416666666665,250.09103155275395,18:30:00
120,0.0,16269,0.0,9130.96,2010-05-01,6632.01,9993.32,8761.483750000001,1015.3759921028401,9.0,19.7,14.470833333333333,3.632768028115654,21.6,11.8,0.0,184.85,51.248333333333335,67.33148204831599,18:00:00
121,0.0,16269,0.0,9257.33,2010-05-02,6303.81,9130.96,7984.952083333334,774.0930220118787,11.8,21.6,15.666242163009406,3.166707769994221,25.9,10.4,0.0,351.3,92.90249999999999,128.20778558278963,18:30:00
122,0.0,16269,0.0,10251.33,2010-05-03,6140.02,9257.33,7693.294375,875.7895722849205,10.4,25.9,16.38342803030303,4.924910081268886,22.9,11.2,0.0,644.3,174.18041666666667,239.92602301106862,18:30:00
123,0.0,16269,0.0,10125.57,2010-05-04,6336.33,10251.33,8648.205416666666,1238.107835601789,11.2,22.9,16.408333333333335,4.162284220122169,25.0,12.5,0.0,584.05,137.6275,198.63700539618986,18:00:00
124,0.0,16269,0.0,10226.26,2010-05-05,6512.67,10125.57,8720.461041666667,1060.9680876048599,12.5,25.0,18.40064484126984,4.266452118295838,20.4,11.0,0.0,555.08,126.12333333333333,186.19676732154323,18:30:00
125,1.0,16269,0.0,10351.52,2010-05-06,6520.4,10226.26,8648.335208333332,1016.8079288992075,11.0,20.4,15.204166666666666,2.6665746881300523,20.8,7.4,0.0,466.85,116.17708333333333,156.95945666993296,18:30:00
126,0.0,16269,0.0,9959.11,2010-05-07,6637.5,10351.52,8800.426875,1001.3119858660255,7.4,20.8,14.020833333333334,4.280035709402302,22.4,6.8,0.0,622.9,171.02958333333333,237.34575274165647,18:30:00
127,0.0,16269,0.0,9303.68,2010-05-08,6712.33,9959.11,8798.786666666667,953.2400758674155,6.8,22.4,13.866727941176471,4.774135940754433,23.1,9.0,0.0,572.95,155.41166666666666,216.70064750989022,18:00:00
128,0.0,16269,0.0,9095.66,2010-05-09,6554.05,9303.68,8135.751458333333,759.9993898457509,9.0,23.1,14.926041666666668,4.875950421083591,24.4,10.1,0.0,609.62,164.79333333333332,229.70857612889228,18:30:00
129,0.0,16269,0.0,10268.92,2010-05-10,6296.89,9095.66,7730.078750000001,771.66081388085,10.1,24.4,15.666666666666666,5.050819749490569,24.2,9.1,0.0,599.08,160.49583333333334,224.15030623073736,18:30:00
130,0.0,16269,0.0,10294.59,2010-05-11,6383.04,10268.92,8623.177083333334,1179.0092869357197,9.1,24.2,16.334543010752686,4.885735474053742,25.9,8.0,0.0,600.97,155.83166666666668,219.43397307311477,18:00:00
131,0.0,16269,0.0,10745.74,2010-05-12,6536.19,10294.59,8746.960208333334,1047.1776666333658,8.0,25.9,16.775000000000002,6.022457969965417,17.8,8.4,0.0,597.67,157.7725,221.10835224608485,18:00:00
132,0.0,16269,0.0,10747.02,2010-05-13,6770.81,10745.74,9010.34375,1074.1360020423438,8.4,17.8,13.066666666666668,2.962699554879345,20.6,5.7,0.0,618.6,161.65666666666667,228.68895722982626,18:00:00
133,0.0,16269,0.0,10463.06,2010-05-14,6889.29,10747.02,9130.241250000001,1054.5586637710453,5.7,20.6,13.31875,5.188639646668357,19.5,8.1,0.0,581.53,146.36541666666668,209.61518354648587,18:30:00
134,0.0,16269,0.0,9732.1,2010-05-15,6988.53,10463.06,9080.386458333332,978.2193057676546,8.1,19.5,14.129166666666668,3.5133761621462605,20.4,8.0,0.0,591.45,149.53083333333333,213.110667959694,18:00:00
135,0.0,16269,0.0,9919.82,2010-05-16,6782.23,9732.1,8464.942708333334,780.4496358980255,8.0,20.4,14.122916666666667,4.191949710562676,21.1,7.6,0.0,490.88,129.11375,183.33106639007858,18:00:00
136,0.2,16269,0.0,11346.36,2010-05-17,6597.48,9919.82,8220.245833333332,893.614191990565,7.6,21.1,13.887500000000001,4.070528482600213,18.2,11.4,0.0,423.08,110.89208333333333,156.63028717140625,18:30:00
137,20.6,16269,0.0,11303.47,2010-05-18,6722.09,11346.36,9198.30875,1334.9977968403612,11.4,18.2,13.985416666666666,1.8641054649340965,16.2,12.0,0.0,203.88,48.2425,68.65332601076533,18:00:00
138,7.4,16269,0.0,10968.15,2010-05-19,6936.5,11303.47,9398.052708333335,1215.6605284576594,12.0,16.2,13.487499999999999,1.0971190513184776,18.7,11.2,0.0,302.83,68.84791666666666,101.68299684654772,18:00:00
139,3.7,16269,0.0,10888.93,2010-05-20,6996.91,10968.15,9274.565416666666,1064.0171605958124,11.2,18.7,13.8125,2.6043029042377674,19.2,8.3,0.0,342.42,89.53291666666667,127.03065491076059,18:00:00
140,0.0,16269,0.0,10633.79,2010-05-21,7031.76,10888.93,9257.602083333333,1068.7459119761722,8.3,19.2,12.939583333333333,3.6391336111382757,19.0,10.0,0.0,404.17,95.56916666666666,141.13534450462686,18:00:00
141,0.4,16269,0.0,10304.9,2010-05-22,7011.53,10633.79,9185.749583333332,1005.0248752716107,10.0,19.0,14.941140572390573,2.585712000697486,17.4,10.0,0.0,415.88,96.27875,142.94285501742266,18:00:00
142,0.0,16269,0.0,10535.32,2010-05-23,6780.01,10304.9,8699.824583333333,952.4113388187177,10.0,17.4,13.277083333333332,2.606966083998901,15.1,8.6,0.0,318.27,76.59083333333334,111.43958683125386,18:00:00
143,0.0,16269,0.0,11422.97,2010-05-24,6664.3,10535.32,8637.089583333332,1126.3814428815433,8.6,15.1,11.4625,2.040194504703234,18.5,7.5,0.0,308.1,80.91791666666667,115.3835402216365,18:30:00
144,2.4,16269,0.0,11196.83,2010-05-25,6790.27,11422.97,9335.736666666666,1333.456484162348,7.5,18.5,12.835416666666667,3.7956015744617773,16.2,11.5,0.0,368.4,85.0975,124.91698188729099,18:00:00
145,9.0,16269,0.0,11460.55,2010-05-26,6988.69,11196.83,9379.134583333334,1164.763665525107,11.5,16.2,14.217708333333334,1.327190665298975,17.8,11.1,0.0,200.3,48.95875,71.94282024340211,18:00:00
146,35.2,16269,0.0,11081.58,2010-05-27,6817.56,11460.55,9442.210625,1290.7824240464613,11.1,17.8,14.385416666666666,2.097109417222053,18.3,11.5,0.0,119.3,25.3025,36.43103408744872,18:00:00
147,2.4,16269,0.0,10598.6,2010-05-28,6866.8,11081.58,9273.974583333335,1155.080234451745,11.5,18.3,15.835416666666667,1.6721103474903782,21.0,9.3,0.0,412.2,104.835,151.2464263759292,18:30:00
148,3.2,16269,0.0,10399.93,2010-05-29,6852.73,10598.6,9153.430208333333,1048.7798148902532,9.3,21.0,14.347916666666668,3.3721001463721567,16.6,12.1,0.0,384.15,101.04583333333333,145.25238491590721,18:00:00
149,8.5,16269,0.0,10406.22,2010-05-30,6686.52,10399.93,8718.636666666667,1055.2833740720578,12.1,16.6,14.927083333333334,1.1536693695268139,18.8,8.6,0.0,206.23,42.03458333333333,63.33232538065034,18:00:00
150,13.8,16269,0.0,11422.61,2010-05-31,6463.73,10406.22,8380.786041666666,1143.0837220482392,8.6,18.8,14.027083333333332,2.736027527494137,18.9,11.1,0.0,440.77,108.45791666666668,160.73881409025591,18:00:00
151,6.899999999999931,22631,0.0,11168.48,2010-06-01,6519.84,11422.61,9231.987291666666,1444.9670577644401,11.1,18.9,14.802083333333334,2.543702242655531,18.4,9.7,0.0,312.15,86.70416666666667,124.17572305018184,18:00:00
152,0.0,22631,0.0,11081.29,2010-06-02,7016.78,11168.48,9350.634791666667,1138.2579095845854,9.7,18.4,13.504166666666668,2.814397508052715,18.6,8.6,0.0,324.27,80.57958333333333,117.14342300365901,18:00:00
153,17.6,22631,0.0,11260.84,2010-06-03,6995.08,11081.29,9327.769166666667,1098.3947400654945,8.6,18.6,13.71875,3.5287666611631,17.9,13.8,0.0,395.8,96.10416666666667,140.64832290312242,18:00:00
154,35.2,22631,0.0,11191.34,2010-06-04,6860.09,11260.84,9323.974583333333,1192.8644804159933,13.8,17.9,15.691666666666668,1.1429400932409315,18.3,13.9,0.0,291.8,75.02,108.64688776617852,18:00:00
155,19.8,22631,0.0,10180.12,2010-06-05,6948.73,11191.34,9369.434583333334,1161.2422274351497,13.9,18.3,16.11041666666667,1.1498824330900426,19.0,11.6,0.0,240.62,47.35125,73.22652801264877,18:00:00
156,0.0,22631,0.0,10840.73,2010-06-06,6879.16,10180.12,8717.21875,897.4622798868385,11.6,19.0,14.554166666666667,2.2999498915294,17.7,8.6,0.0,431.77,99.25708333333334,150.78823022820654,18:00:00
157,0.2,22631,0.0,11999.54,2010-06-07,6644.16,10840.73,8645.739166666666,1174.4941504085798,8.6,17.7,12.541666666666666,2.5746582779520364,15.3,6.4,0.0,395.7,88.80708333333332,137.7714105762263,18:30:00
158,0.0,22631,0.0,11686.68,2010-06-08,6863.9,11999.54,9603.862083333333,1483.750583953653,6.4,15.3,11.210416666666667,2.7259384160738014,17.8,7.3,0.0,347.33,88.26625,128.24544508314693,18:00:00
159,0.0,22631,0.0,12065.1,2010-06-09,7231.5,11686.68,9712.775416666667,1229.1742886700342,7.3,17.8,11.495833333333332,3.607259721039706,16.6,4.6,0.0,488.23,119.97416666666668,176.32304837010062,18:00:00
160,0.0,22631,0.0,12008.32,2010-06-10,7069.16,12065.1,9827.50375,1384.3144713672195,4.6,16.6,10.325000000000001,4.008687374700739,16.0,5.5,0.0,454.92,112.80458333333333,164.93568606295227,18:00:00
161,0.0,22631,0.0,11817.31,2010-06-11,7193.31,12008.32,9899.819375000001,1373.8850673064637,5.5,16.0,11.4625,2.645319029145151,17.0,3.6,0.0,515.83,128.77583333333334,188.8176196822804,19:00:00
162,0.0,22631,0.0,11293.94,2010-06-12,7403.42,11817.31,9991.096666666666,1248.8698583942491,3.6,17.0,9.577083333333333,4.692286090901241,15.5,5.0,0.0,519.17,133.46666666666667,194.53761817566544,18:00:00
163,0.0,22631,0.0,10991.36,2010-06-13,7312.45,11293.94,9356.2775,1078.2619241473556,5.0,15.5,10.322916666666666,3.350531211190715,16.5,5.2,0.0,516.2,120.14666666666666,179.7192132701446,18:00:00
164,0.0,22631,0.0,11532.19,2010-06-14,7157.46,10991.36,9051.088958333334,1080.7786343547011,5.2,16.5,9.40625,4.109532574238024,18.0,3.0,0.0,449.45,112.38291666666667,165.63097284560075,18:30:00
165,0.0,22631,0.0,12095.6,2010-06-15,7186.93,11532.19,9203.763958333333,1229.6688179719388,3.0,18.0,8.935416666666667,4.944521558221413,19.0,4.1,0.0,477.8,121.51916666666666,177.60442752931073,18:30:00
166,0.0,22631,0.0,11616.31,2010-06-16,7341.5,12095.6,9978.499583333332,1324.3970597555642,4.1,19.0,10.11875,4.991339574170531,19.6,5.0,0.0,496.4,127.00958333333334,185.35321197141573,18:00:00
167,0.0,22631,0.0,11839.86,2010-06-17,7280.3,11616.31,9761.385625,1190.5570006172536,5.0,19.6,11.633522727272727,4.864778027668299,17.4,12.045454545454543,0.0,507.83,129.11249999999998,189.2334746965892,18:00:00
168,0.0,22631,0.0,11528.12,2010-06-18,6907.91,11839.86,9799.282291666666,1424.7101320653012,12.045454545454543,17.4,14.200473484848485,1.6965133100787186,17.3,5.1,0.0,91.53,25.01375,33.83381593216932,18:00:00
169,0.0,22631,0.0,10864.03,2010-06-19,7196.57,11528.12,9677.888958333333,1207.3180892026405,5.1,17.3,11.275,3.894431376296269,19.3,3.1,0.0,498.67,130.9779166666667,190.6090516337467,18:30:00
170,0.0,22631,0.0,10903.94,2010-06-20,7078.45,10864.03,9086.641041666668,1031.617855950503,3.1,19.3,11.258333333333333,5.567278175950622,18.8,4.6,0.0,505.23,128.87083333333334,188.00476085623453,18:30:00
171,0.0,22631,0.0,12119.29,2010-06-21,6801.29,10903.94,8794.953749999999,1146.7445055082226,4.6,18.8,10.938541666666666,4.645293197618851,16.8,5.1,0.0,506.95,129.44333333333333,189.13337669523548,18:30:00
172,0.0,22631,0.0,11953.04,2010-06-22,7077.34,12119.29,9802.33625,1450.773394336034,5.1,16.8,11.490625,3.6710324689789737,17.0,10.6,0.0,259.4,69.7,100.54598309739319,18:00:00
173,0.2,22631,0.0,11786.99,2010-06-23,7293.54,11953.04,9831.175208333332,1225.6912116929088,10.6,17.0,13.272916666666667,1.660522807102571,15.4,8.6,0.0,333.83,73.00791666666667,110.73052642220026,18:00:00
174,18.8,22631,0.0,11362.0,2010-06-24,7120.52,11786.99,9753.529166666667,1257.2087458128133,8.6,15.4,12.777083333333332,1.929087490524804,18.0,9.7,0.0,346.35,76.58041666666666,115.4918837704363,18:00:00
175,0.0,22631,0.0,11018.5,2010-06-25,7210.49,11362.0,9590.026875,1148.8445920736358,9.7,18.0,12.773958333333333,2.341530450216435,18.4,9.5,0.0,390.4,89.30791666666666,136.11064198093035,18:00:00
176,3.4,22631,0.0,10593.48,2010-06-26,7077.08,11018.5,9409.869166666665,1071.503712257811,9.5,18.4,13.856250000000001,3.1290611908638364,19.0,9.1,0.0,287.33,65.86125,97.43937723888699,18:00:00
177,0.0,22631,0.0,11560.79,2010-06-27,6779.32,10593.48,8851.014583333334,1052.7286008111405,9.1,19.0,14.346874999999999,2.4991598026671165,14.8,3.9,0.0,283.8,58.680416666666666,89.12178782271098,18:30:00
178,0.0,22631,0.0,12829.69,2010-06-28,6968.91,11560.79,9141.815833333332,1320.198274629784,3.9,14.8,9.122916666666667,3.4243334237721528,15.4,2.7,0.0,433.52,99.51416666666667,149.77734973610544,18:30:00
179,0.0,22631,0.0,13176.33,2010-06-29,7208.39,12829.69,10200.184374999999,1624.0482037363224,2.7,15.4,7.395833333333333,4.409272547389548,13.9,-0.3,0.0,513.53,126.41458333333333,187.43583956387366,18:30:00
180,0.0,22631,0.0,13037.62,2010-06-30,7604.86,13176.33,10580.295833333334,1554.450169000496,-0.3,13.9,5.485416666666667,4.728590702890344,15.7,-0.5,0.0,528.9,137.7675,199.92416332944532,18:30:00
181,0.0,29457,0.0,12744.95,2010-07-01,7800.2,13037.62,10635.194166666666,1447.6118662463227,-0.5,15.7,6.801041666666666,5.360776475825014,16.9,1.6,0.0,519.5,134.4175,195.14205383378564,18:30:00
182,0.0,29457,0.0,12908.12,2010-07-02,7778.78,12744.95,10490.905625,1404.1456125313694,1.6,16.9,8.064583333333333,4.843529993859688,12.1,3.2,0.0,524.6,127.38541666666667,187.2547681403922,18:30:00
183,0.8,29457,0.0,11682.35,2010-07-03,7696.25,12908.12,10718.94,1475.8340235962362,3.2,12.1,8.470833333333333,2.76766729747337,15.1,6.3,0.0,187.73,48.27333333333333,70.23482331961539,18:00:00
184,0.0,29457,0.0,11411.94,2010-07-04,7431.82,11682.35,9664.171041666666,1159.2899994324105,6.3,15.1,10.047916666666667,2.880675865090745,16.9,6.5,0.0,491.8,118.1325,176.4002418522489,18:30:00
185,0.0,29457,0.0,12386.49,2010-07-05,7220.69,11411.94,9251.451666666666,1179.20612575694,6.5,16.9,11.320833333333333,3.254584872919351,14.2,7.4,0.0,399.88,94.1025,139.47363079533721,18:30:00
186,0.6,29457,0.0,12195.8,2010-07-06,7222.45,12386.49,10152.23875,1561.884270881871,7.4,14.2,10.433333333333334,2.2944274150908694,16.8,8.3,0.0,296.17,62.04333333333333,95.99704921957365,18:00:00
187,0.0,29457,0.0,12168.86,2010-07-07,7398.67,12195.8,10043.681666666665,1324.3706510325244,8.3,16.8,11.808333333333332,2.3194674125786263,16.0,8.2,0.0,311.23,72.73416666666667,109.59755791722021,18:30:00
188,0.0,29457,0.0,12158.8,2010-07-08,7521.58,12168.86,10176.313541666666,1317.6477410134432,8.2,16.0,11.716666666666667,2.3259254240009897,15.2,6.3,0.0,269.58,64.50166666666667,95.4010656377731,18:30:00
189,0.6,29457,0.0,11570.54,2010-07-09,7566.25,12158.8,10151.825208333334,1241.3171021188439,6.3,15.2,11.033333333333333,2.5363177642831825,16.6,6.7,0.0,337.17,82.54458333333334,121.77431647088132,18:30:00
190,1.4,29457,0.0,10856.63,2010-07-10,7449.47,11570.54,9881.047708333334,1148.6054894675817,6.7,16.6,11.24375,2.9558385245102157,17.3,4.6,0.0,359.9,88.87083333333334,131.66576534613847,18:00:00
191,0.0,29457,0.0,10589.15,2010-07-11,7115.14,10856.63,9112.839791666667,1012.1649970983087,4.6,17.3,11.041666666666666,4.229673964263869,20.0,10.3,0.0,410.67,94.93208333333332,137.72190779245292,18:00:00
192,0.6,29457,0.0,11579.28,2010-07-12,6617.72,10589.15,8605.920208333333,1135.5786835110266,10.3,20.0,14.015625,3.1101781479044135,16.9,6.3,0.0,241.07,58.05458333333333,85.63081526041383,18:30:00
193,0.0,29457,0.0,11449.75,2010-07-13,6984.99,11579.28,9574.207708333333,1331.1843364578788,6.3,16.9,11.172916666666666,3.1489775161412514,16.5,8.0,0.0,257.15,64.69958333333334,93.93827712031627,18:30:00
194,2.8,29457,0.0,11364.2,2010-07-14,7108.64,11449.75,9505.06375,1173.8985174316347,8.0,16.5,13.685416666666667,2.5487576934934095,18.3,12.2,0.0,233.2,55.69625,82.48521332026341,18:00:00
195,0.0,29457,0.0,11661.01,2010-07-15,6855.73,11364.2,9291.081875,1222.248318282016,12.2,18.3,15.408333333333333,1.935209410113774,17.0,9.3,0.0,547.08,130.93583333333333,197.83941786188385,18:30:00
196,0.0,29457,0.0,11537.79,2010-07-16,7130.0,11661.01,9641.84375,1280.2981035408586,9.3,17.0,12.689583333333333,2.4395011334577905,16.1,5.1,0.0,550.5,138.35583333333332,201.70476978382564,18:30:00
197,0.0,29457,0.0,10948.32,2010-07-17,7493.8,11537.79,9877.376666666667,1163.911343409072,5.1,16.1,9.760416666666666,3.4996498051755487,18.3,5.0,0.0,516.0,131.66125,191.00325612825492,18:30:00
198,0.0,29457,0.0,10978.81,2010-07-18,7269.97,10948.32,9176.725416666666,1020.5681561152193,5.0,18.3,10.008333333333335,4.5450646082475235,19.0,2.8,0.0,494.85,127.2725,184.04295140456244,18:30:00
199,0.0,29457,0.0,12507.58,2010-07-19,6887.01,10978.81,8826.682291666666,1160.0775953527052,2.8,19.0,9.739583333333334,5.461109683171653,15.5,5.0,0.0,568.45,148.48458333333335,212.86181043167005,18:30:00
200,1.000000000000001,29457,0.0,12408.64,2010-07-20,7066.79,12507.58,10016.458541666667,1614.8947548685899,5.0,15.5,9.455208333333333,3.429739143720937,16.2,5.7,0.0,387.27,95.92791666666666,138.76447308388492,18:30:00
201,2.0,29457,0.0,12612.76,2010-07-21,7562.75,12408.64,10126.341458333334,1327.995588840068,5.7,16.2,10.385416666666666,3.09941583949287,15.0,4.1,0.0,499.45,116.28625,172.4555347732747,18:30:00
202,0.0,29457,0.0,12616.29,2010-07-22,7523.65,12612.76,10305.308541666667,1416.1509144786353,4.1,15.0,9.24375,3.0862706442179855,14.8,5.1,0.0,343.5,76.90916666666666,115.34347908936903,18:30:00
203,0.0,29457,0.0,11616.84,2010-07-23,7596.14,12616.29,10359.411875,1390.4144944991872,5.1,14.8,9.659374999999999,3.248512855334975,17.8,6.1,0.0,381.0,94.14708333333334,134.92020973733835,18:30:00
204,0.4,29457,0.0,10890.82,2010-07-24,7570.48,11616.84,9966.748958333334,1142.5386807516784,6.1,17.8,11.782291666666666,3.6182088195758886,17.1,7.8,0.0,444.85,112.65416666666665,162.17611549338832,18:30:00
205,0.2,29457,0.0,11197.84,2010-07-25,7253.32,10890.82,9183.064375,986.4544441065051,7.8,17.1,11.63125,2.7805675411800066,16.5,8.7,0.0,375.48,87.62041666666666,125.79539392944895,18:30:00
206,6.2,29457,0.0,12141.07,2010-07-26,6871.55,11197.84,8883.368958333334,1202.6584430658681,8.7,16.5,12.307291666666666,2.274230980225721,15.9,8.1,0.0,397.4,100.74333333333334,144.39008775481773,18:30:00
207,0.0,29457,0.0,11931.4,2010-07-27,7052.49,12141.07,9805.773958333333,1455.5958790653688,8.1,15.9,11.504166666666668,2.3775508884039382,16.9,5.5,0.0,441.25,106.7475,156.0611065058485,18:30:00
208,3.6,29457,0.0,12155.64,2010-07-28,7403.25,11931.4,9902.2075,1224.7482929895627,5.5,16.9,10.64430031446541,3.9096199554153013,14.7,9.8,0.0,431.05,101.76166666666667,145.0038647846404,18:30:00
209,21.2,29457,0.0,11835.47,2010-07-29,7265.15,12155.64,10014.73,1368.8761960851355,9.8,14.7,12.356250000000001,1.7701912686654995,16.2,10.5,0.0,154.45,34.36625,51.37888709216837,18:00:00
210,4.2,29457,0.0,10719.16,2010-07-30,7144.9,11835.47,9749.525833333333,1275.4614112578256,10.5,16.2,13.216666666666667,1.7930519961766045,20.9,11.5,0.0,275.45,54.20375000000001,80.91155618945915,18:30:00
211,2.1,29457,0.0,9962.35,2010-07-31,7171.7,10719.16,9334.761041666667,980.9755547700148,11.5,20.9,15.820833333333333,3.3499417799534985,20.6,10.7,0.0,480.25,104.14833333333333,155.14420477013917,18:00:00
212,0.0,36742,0.0,10440.03,2010-08-01,6790.09,9962.35,8555.273333333333,884.1282011865325,10.7,20.6,15.379166666666668,2.6616231116843885,20.3,4.8,0.0,460.92,120.30000000000001,171.3456412877137,18:30:00
213,0.0,36742,0.0,12508.11,2010-08-02,6629.6,10440.03,8445.587083333334,1079.4274594293195,4.8,20.3,12.53125,4.809439134372535,14.9,4.9,0.0,607.0,162.39166666666668,227.95701088361574,19:00:00
214,9.0,36742,0.0,11991.47,2010-08-03,6903.84,12508.11,9879.435625,1637.7258467075835,4.9,14.9,11.004166666666668,2.6853391032215614,16.9,9.4,0.0,560.2,128.54375000000002,184.63237742646584,18:30:00
215,0.0,36742,0.0,11436.13,2010-08-04,7413.05,11991.47,9950.910208333333,1257.0380641327756,9.4,16.9,13.625,1.7677368630600199,18.1,6.5,0.0,423.42,104.325,146.65502604353452,18:30:00
216,0.0,36742,0.0,11874.27,2010-08-05,7376.69,11436.13,9664.97125,1121.8313630913626,6.5,18.1,11.320833333333333,3.9239557946050034,14.4,3.1,0.0,603.05,164.51958333333332,229.83168194200465,18:30:00
217,0.0,36742,0.0,11744.88,2010-08-06,7336.92,11874.27,9826.524374999999,1267.9797204095235,3.1,14.4,10.052083333333334,3.7983244061886827,15.9,3.9,0.0,621.88,160.11708333333334,227.42288518106093,19:00:00
218,0.0,36742,0.0,11090.3,2010-08-07,7476.13,11744.88,9923.18,1203.8876078435007,3.9,15.9,10.079166666666667,3.6229738773985187,15.3,5.3,0.0,637.67,168.04083333333332,235.73540209160515,18:30:00
219,0.0,36742,0.0,11285.87,2010-08-08,7365.05,11090.3,9290.955416666666,1031.1007390162333,5.3,15.3,10.081249999999999,3.157541209447899,17.4,4.0,0.0,625.67,163.32750000000001,231.1592446892815,18:30:00
220,0.0,36742,0.0,11718.84,2010-08-09,7100.04,11285.87,8969.826458333333,1162.1182008225037,4.0,17.4,9.43125,4.368560610602837,18.1,3.4,0.0,613.28,165.24333333333334,230.53951048349955,18:30:00
221,4.2,36742,0.0,12033.49,2010-08-10,7265.46,11718.84,9728.34625,1315.6520469101365,3.4,18.1,9.775,5.2560603319183805,13.7,6.7,0.0,634.1,170.01250000000002,236.3184438602087,18:30:00
222,5.8,36742,0.0,11699.05,2010-08-11,7082.91,12033.49,9962.573541666667,1384.3633547891013,6.7,13.7,11.09375,2.4097679106044048,17.5,8.8,0.0,173.88,34.7025,53.229242712885124,18:30:00
223,0.0,36742,0.0,12022.09,2010-08-12,7091.46,11699.05,9597.495416666667,1262.9823606523469,8.8,17.5,13.160416666666668,2.3471793469023243,16.4,10.3,0.0,509.38,120.54875,176.105987325271,18:30:00
224,0.0,36742,0.0,10979.31,2010-08-13,7318.39,12022.09,9790.642708333333,1278.0924006082298,10.3,16.4,13.610416666666666,1.465814650169824,17.6,5.7,0.0,546.78,150.3775,209.32871599574088,18:30:00
225,0.0,36742,0.0,10155.38,2010-08-14,7380.12,10979.31,9528.689166666667,1017.7007251618886,5.7,17.6,11.947916666666666,3.711281798604422,20.6,4.6,0.0,495.12,137.26083333333332,186.30924076091287,18:30:00
226,0.0,36742,0.0,10235.38,2010-08-15,7099.18,10155.38,8725.110208333334,830.3409393775183,4.6,20.6,12.9625,5.485129801214389,19.5,11.7,0.0,668.6,184.8075,253.7246073491258,18:30:00
227,0.8,36742,0.0,11318.06,2010-08-16,6456.54,10235.38,8272.383958333334,1025.2229610804425,11.7,19.5,15.372916666666667,2.424497279177188,18.3,8.8,0.0,581.15,133.67625,191.3057621683931,18:30:00
228,0.0,36742,0.0,11679.46,2010-08-17,6627.18,11318.06,9145.616250000001,1315.6617804572159,8.8,18.3,13.975,2.577026160089811,17.1,4.4,0.0,682.9,188.54541666666668,258.3815218856611,18:30:00
229,0.0,36742,0.0,11122.4,2010-08-18,7207.2,11679.46,9615.256041666666,1223.243520841105,4.4,17.1,10.481250000000001,3.663776464076841,18.9,2.8,0.0,697.25,193.28666666666666,263.88596860365,19:00:00
230,5.0,36742,0.0,10337.06,2010-08-19,7298.49,11122.4,9525.764166666666,1054.5281451483074,2.8,18.9,11.691666666666668,6.245571480702737,24.3,11.6,0.0,629.67,157.75083333333333,225.5359777199622,18:30:00
231,0.0,36742,0.0,10509.95,2010-08-20,6696.26,10337.06,8834.543333333333,960.5144605030475,11.6,24.3,18.205208333333335,4.107184151922265,18.4,5.3,0.0,646.45,176.0233333333333,241.11023562848325,18:30:00
232,0.0,36742,0.0,10286.54,2010-08-21,6675.38,10509.95,8925.075208333334,1042.870655530164,5.3,18.4,12.447916666666666,4.0297821905837665,16.3,6.1,0.0,707.9,198.52916666666667,267.9394342593223,18:30:00
233,0.0,36742,0.0,10581.45,2010-08-22,6805.73,10286.54,8631.614791666667,948.5736706234035,6.1,16.3,11.71875,3.2287047827988373,17.6,5.1,0.0,705.95,194.37333333333333,264.31395042987043,18:30:00
234,0.0,36742,0.0,11866.99,2010-08-23,6766.41,10581.45,8520.126041666666,1055.6296718914332,5.1,17.6,11.972916666666668,3.6719604354780717,15.1,10.1,0.0,712.42,195.4054166666667,266.6878414524106,18:30:00
235,0.0,36742,0.0,11188.88,2010-08-24,6813.54,11866.99,9578.19375,1479.3241128207408,10.1,15.1,12.552083333333334,1.3105122570531438,19.1,7.5,0.0,242.07,61.96083333333333,84.3145307403868,18:30:00
236,0.0,36742,0.0,11350.87,2010-08-25,6945.86,11188.88,9271.03375,1110.689739215414,7.5,19.1,13.989583333333334,3.238875532698356,16.9,6.9,0.0,703.42,194.0545833333333,263.33127839006534,18:30:00
237,0.0,36742,0.0,11600.83,2010-08-26,6954.19,11350.87,9309.197916666666,1163.604134821757,6.9,16.9,12.762500000000001,2.591937170895996,16.6,9.2,0.0,725.0,200.83541666666667,270.3675263155561,18:30:00
238,0.0,36742,0.0,10884.5,2010-08-27,7067.89,11600.83,9524.623541666666,1222.0915775040512,9.2,16.6,12.844791666666666,2.245416019334011,18.8,8.8,0.0,582.25,150.85375,203.73471133215307,18:30:00
239,0.0,36742,0.0,10411.14,2010-08-28,7112.59,10884.5,9362.764791666666,1039.426101854758,8.8,18.8,13.639583333333334,3.111457179544955,15.8,5.0,0.0,643.53,174.72666666666666,234.38366328575086,18:30:00
240,0.0,36742,0.0,10361.43,2010-08-29,7111.33,10411.14,8813.063124999999,897.589536244231,5.0,15.8,10.929166666666667,3.2500709212119974,18.1,5.3,0.0,732.15,208.19625,278.33339181349453,19:00:00
241,0.0,36742,0.0,11058.49,2010-08-30,6868.9,10361.43,8459.927708333335,930.3504974830602,5.3,18.1,11.470833333333333,4.2080954570787155,17.7,7.3,0.0,644.72,182.5979166666667,246.58222161335993,19:00:00
242,0.0,36742,0.0,10488.34,2010-08-31,6839.09,11058.49,9125.726666666667,1190.1119246512744,7.3,17.7,13.06875,3.136752369176107,21.2,8.9,0.0,583.95,172.38333333333333,230.1368033651301,19:00:00
243,0.0,45005,0.0,10077.42,2010-09-01,7091.63,10488.34,9047.69375,897.6854506004214,8.9,21.2,14.847916666666668,3.723930066723054,25.1,9.9,0.0,736.0,201.59958333333336,273.03868275321344,18:30:00
244,0.4,45005,0.0,10450.95,2010-09-02,6833.53,10077.42,8781.965416666666,889.4123286586698,9.9,25.1,17.369791666666668,5.56193120049844,17.8,13.7,0.0,494.62,117.25791666666667,157.91646983632637,18:30:00
245,4.2,45005,0.0,10453.49,2010-09-03,6730.4,10450.95,8914.072291666667,1060.5800699521665,13.7,17.8,15.789583333333333,1.1839780732826901,16.9,13.0,0.0,335.92,75.37416666666667,105.71049654163022,18:30:00
246,16.4,45005,0.0,9475.45,2010-09-04,6741.35,10453.49,8970.142083333334,1060.5277997458927,13.0,16.9,14.633333333333333,1.1726190604765516,20.2,13.8,0.0,361.25,94.71458333333334,130.03514091261303,18:30:00
247,0.4,45005,0.0,9047.43,2010-09-05,6445.91,9475.45,8278.573333333334,888.4660903150526,13.8,20.2,17.522916666666667,2.0062921854339506,20.6,13.4,0.0,253.68,59.42083333333334,84.48906909868946,18:30:00
248,0.0,45005,0.0,10527.06,2010-09-06,6227.96,9047.43,7675.544166666667,809.9707748492707,13.4,20.6,17.709374999999998,1.9920495232778452,19.5,7.6,0.0,727.75,210.52458333333334,277.50748053331887,19:00:00
249,0.0,45005,0.0,10922.04,2010-09-07,6600.32,10527.06,8783.694583333334,1161.6634382751986,7.6,19.5,14.133333333333333,3.4117028463886974,15.7,6.1,0.0,752.88,206.135,275.5930908812652,18:30:00
250,0.0,45005,0.0,10597.7,2010-09-08,6990.33,10922.04,9166.045416666666,1051.4913344812624,6.1,15.7,11.635416666666666,3.079823812543838,16.5,5.4,0.0,657.1,195.66916666666668,253.87126137987724,19:00:00
251,0.0,45005,0.0,11064.42,2010-09-09,6940.85,10597.7,9044.199583333333,954.6666520988421,5.4,16.5,11.141666666666666,3.566620268804064,18.4,6.2,0.0,769.85,219.01125000000002,289.0047539705068,19:00:00
252,4.4,45005,0.0,10165.82,2010-09-10,6848.9,11064.42,9165.266875,1145.989728152243,6.2,18.4,12.420833333333334,4.0314697353385105,22.6,9.4,0.0,571.0,112.61833333333334,162.80216965702715,18:30:00
253,0.2,45005,0.0,9414.24,2010-09-11,6747.75,10165.82,8883.115208333335,943.150415893433,9.4,22.6,14.644791666666668,4.27589874319502,18.8,6.1,0.0,689.3,183.63708333333332,244.03029115219013,19:00:00
254,0.0,45005,0.0,9477.37,2010-09-12,6656.65,9414.24,8185.110625,750.1939411611644,6.1,18.8,12.964583333333332,4.121479262601809,19.7,5.4,0.0,806.67,236.82500000000002,306.5716690859908,19:00:00
255,0.0,45005,0.0,10106.81,2010-09-13,6515.01,9477.37,7911.887916666667,777.3041187114479,5.4,19.7,12.975,4.991162402452917,23.3,11.5,0.0,735.65,207.84624999999997,271.6909581841887,19:00:00
256,0.0,45005,0.0,10803.01,2010-09-14,6495.21,10106.81,8571.313541666666,1065.1957700946882,11.5,23.3,16.818749999999998,4.222616726779331,17.6,10.5,0.0,727.33,201.89000000000001,268.1668303758498,18:30:00
257,18.8,45005,0.0,10075.24,2010-09-15,6659.08,10803.01,8961.432083333333,1126.303716391485,10.5,17.6,14.333333333333334,1.9940692206484685,21.8,10.9,0.0,432.77,120.44875,155.88410097132515,18:30:00
258,0.0,45005,0.0,10383.77,2010-09-16,6750.37,10075.24,8766.689583333333,911.4102247404974,10.9,21.8,15.516666666666666,3.308681895638326,20.9,8.2,0.0,748.22,196.32083333333333,262.8922013348723,19:00:00
259,0.0,45005,0.0,10057.43,2010-09-17,6603.81,10383.77,8742.562083333332,1005.1386351017909,8.2,20.9,14.375,3.6528333508882813,19.4,7.8,0.0,764.5,227.77125,295.4590112147178,19:00:00
260,0.0,45005,0.0,9196.06,2010-09-18,6755.39,10057.43,8798.457083333333,923.1252338819537,7.8,19.4,12.810416666666667,3.638578140774886,21.8,4.9,0.0,827.12,253.22416666666666,322.84421542162664,19:00:00
261,0.0,45005,0.0,9545.1,2010-09-19,6588.29,9196.06,8086.23125,713.4290724161839,4.9,21.8,12.579166666666666,4.933772383184902,18.2,7.5,0.0,846.62,249.735,320.23189503691873,18:30:00
262,0.0,45005,0.0,10301.94,2010-09-20,6363.06,9545.1,7917.889999999999,867.0433211734523,7.5,18.2,13.254166666666668,3.471461666112818,19.3,8.7,0.0,533.17,152.32666666666668,195.40208058283127,19:00:00
263,0.4,45005,0.0,10028.83,2010-09-21,6602.68,10301.94,8808.061666666666,1111.8632361430634,8.7,19.3,14.018749999999999,3.523154790929724,22.4,8.7,0.0,613.38,194.12958333333333,245.741647713812,19:00:00
264,0.0,45005,0.0,9885.72,2010-09-22,6742.39,10028.83,8774.931041666667,910.1136745396144,8.7,22.4,14.860416666666666,3.999400996816064,20.6,12.6,0.0,832.0,242.57750000000001,311.1334029955229,18:30:00
265,0.0,45005,0.0,10092.58,2010-09-23,6611.59,9885.72,8633.54625,921.620987979067,12.6,20.6,16.016666666666666,2.22484360754058,18.2,12.6,0.0,801.22,232.45041666666665,299.68836665143624,19:00:00
266,0.0,45005,321.39,9453.68,2010-09-24,6599.16,10092.58,8683.818958333333,976.802373407557,12.6,18.2,15.739583333333334,1.4306284266137943,23.4,9.9,0.0,609.85,172.14291666666668,225.89941497487976,19:00:00
267,0.0,45005,0.0,8667.04,2010-09-25,6639.86,9453.68,8543.342083333333,860.5222572293274,9.9,23.4,16.8,4.205366379161122,25.5,10.0,0.0,845.33,246.03083333333333,315.91310796209376,10:30:00
268,0.0,45005,0.0,8722.85,2010-09-26,6295.35,8667.04,7787.859583333334,692.0166056732179,10.0,25.5,16.48125,4.995515275959071,23.7,8.1,0.0,810.62,228.82708333333335,292.9541944658616,19:00:00
269,0.0,45005,0.0,9538.07,2010-09-27,6181.11,8722.85,7471.310416666667,701.017133987825,8.1,23.7,15.954166666666666,5.21760352315339,27.0,9.4,0.0,852.97,252.52770833333332,319.7796913916695,19:00:00
270,0.2,45005,0.0,9532.75,2010-09-28,6174.67,9538.07,8250.728333333334,1104.316686877596,9.4,27.0,18.462500000000002,6.313768305280608,25.6,8.2,0.0,636.78,179.839375,237.93300737281788,19:00:00
271,0.0,45005,0.0,10000.17,2010-09-29,6304.12,9532.75,8337.619791666666,958.7815065354682,8.2,25.6,17.929166666666667,5.797283235085328,16.5,9.3,0.0,884.8,267.07927083333334,337.2412930219813,19:00:00
272,0.0,45005,0.0,10167.92,2010-09-30,6469.26,10000.17,8525.8175,1000.5646751443941,9.3,16.5,13.408333333333333,1.9271422024744094,17.6,5.1,0.0,645.83,196.461875,246.21651752416756,19:00:00
273,0.0,54381,0.0,9699.14,2010-10-01,6703.37,10167.92,8701.415208333334,927.9898997615929,5.1,17.6,11.558333333333332,3.979726994450073,18.0,6.2,0.0,900.12,276.43114583333335,345.24123460492297,19:00:00
274,0.0,54381,0.0,8982.51,2010-10-02,6727.05,9699.14,8662.835833333333,875.2054239661203,6.2,18.0,13.254166666666668,4.500021670554598,19.4,12.1,0.0,531.65,144.21708333333333,182.55357847397153,19:00:00
275,15.4,54381,0.0,8426.31,2010-10-03,6331.0,8982.51,7873.530416666667,755.5062373567337,12.1,19.4,15.4,2.059642604816299,19.4,14.1,0.0,445.98,108.40020833333334,151.21630276273874,18:30:00
276,16.8,54381,0.0,8660.63,2010-10-04,6047.08,8426.31,7497.719791666666,740.6370646504256,14.1,19.4,16.189583333333335,1.464798233630906,20.6,14.6,0.0,457.05,133.1753125,170.63680245332776,19:00:00
277,4.0,54381,521.79,9437.05,2010-10-05,5882.83,8660.63,7504.525000000001,878.8559342158328,14.6,20.6,17.462500000000002,1.9628057425478238,22.9,14.5,0.0,561.65,155.19322916666667,198.16571242617098,19:00:00
278,0.0,54381,391.08,9497.1,2010-10-06,6319.86,9437.05,8410.47125,1012.769191469553,14.5,22.9,18.435416666666665,2.4825766970503826,21.9,14.6,0.0,741.4,228.22322916666667,285.5389065256826,09:30:00
279,0.2,54381,0.0,9350.7,2010-10-07,6419.3,9497.1,8432.40375,973.2315709775033,14.6,21.9,17.95625,2.3441104332783174,21.9,13.6,0.0,759.65,218.1107291666667,275.23442802684673,10:00:00
280,0.0,54381,478.75,9455.31,2010-10-08,6294.89,9350.7,8406.2075,988.6306415775083,13.6,21.9,16.314583333333335,2.095891582315911,19.5,11.1,0.0,561.45,148.55197916666665,191.53230307166393,18:30:00
281,0.0,54381,195.7,8709.7,2010-10-09,6566.17,9455.31,8429.285208333333,869.3359919489293,11.1,19.5,15.975,2.4584634537026333,17.9,13.6,0.0,722.95,204.81041666666667,258.8321352747501,09:30:00
282,0.6,54381,0.0,8645.01,2010-10-10,6354.45,8709.7,7834.343124999999,723.4378157756769,13.6,17.9,16.397916666666667,1.206452436803666,20.2,13.4,0.0,380.7,115.37916666666666,141.37305358192566,09:30:00
283,1.0,54381,453.4500000000001,9572.73,2010-10-11,6105.02,8645.01,7520.321041666666,763.4702086908612,13.4,20.2,16.8125,2.111732675699512,20.6,13.2,0.0,807.22,227.19541666666666,295.6455044759585,19:00:00
284,1.2,54381,511.635,9513.18,2010-10-12,6176.72,9572.73,8433.204375,1117.4631155184863,13.2,20.6,17.73125,2.175116162219604,21.9,15.2,0.0,696.53,201.29177083333332,255.76223634022844,09:30:00
285,0.0,54381,451.155,9497.65,2010-10-13,6558.93,9513.18,8604.943333333333,967.8556548663329,15.2,21.9,18.337500000000002,1.9252659390770435,26.2,13.2,0.0,697.95,212.17614583333332,255.51021370108484,09:30:00
286,2.0,54381,425.48,9693.22,2010-10-14,6411.34,9497.65,8573.43125,995.0866363407434,13.2,26.2,18.514583333333334,3.85321029920884,26.7,17.7,0.0,608.33,177.0744791666667,212.0953384890048,09:30:00
287,0.0,54381,179.6,9707.93,2010-10-15,6328.14,9693.22,8652.095,1126.4673966138762,17.7,26.7,21.572916666666668,3.208349451925985,25.4,16.5,0.0,820.88,258.55625000000003,317.6563216455528,10:00:00
288,0.6,54381,562.415,8917.54,2010-10-16,6426.62,9707.93,8508.910416666668,1037.3929688610663,16.5,25.4,20.78125,2.645401972431539,16.8,10.7,0.0,256.08,78.00635416666667,90.26908499650332,10:00:00
289,0.0,54381,0.0,8643.61,2010-10-17,6315.31,8917.54,7882.062083333333,782.520324787929,10.7,16.8,13.46875,1.6478427225611898,22.5,8.1,0.0,782.35,260.2211458333333,313.15159783707696,09:30:00
290,0.0,54381,776.2,9312.96,2010-10-18,6207.89,8643.61,7577.601875,681.3993538008673,8.1,22.5,14.985416666666666,4.563825829901242,23.8,9.3,0.0,957.75,305.2990625,368.64372517991933,19:00:00
291,4.6,54381,278.15,9590.02,2010-10-19,6432.75,9312.96,8391.385625,962.2967199426419,9.3,23.8,16.679166666666667,4.288279838307104,16.4,10.2,0.0,959.55,304.11333333333334,367.5249359528726,08:30:00
292,0.0,54381,466.58,9257.11,2010-10-20,6661.5,9590.02,8642.384166666667,931.0616697170552,10.2,16.4,14.591666666666667,1.3772982083085457,20.6,9.7,0.0,337.62,108.41947916666668,127.65823570718771,09:00:00
293,0.0,54381,389.915,9308.17,2010-10-21,6521.89,9257.11,8419.343958333333,846.5016291842899,9.7,20.6,15.597916666666668,3.533877960501228,21.9,9.8,0.0,871.12,276.26687499999997,332.68858649280384,10:00:00
294,0.0,54381,435.535,9467.29,2010-10-22,6491.81,9308.17,8475.382916666667,929.1867693252977,9.8,21.9,16.497916666666665,4.129473181758814,23.7,11.5,0.0,885.28,286.6979166666667,339.8826877180729,10:30:00
295,0.0,54381,152.15,8639.07,2010-10-23,6497.19,9467.29,8437.792916666667,943.6377162015732,11.5,23.7,18.318749999999998,3.7773488535879416,28.0,11.9,0.0,918.88,277.18385416666666,343.1313333891942,09:30:00
296,7.6,54381,0.0,8860.55,2010-10-24,6295.86,8639.07,7773.144583333334,724.5490035935,11.9,28.0,18.710416666666667,4.607867443393583,16.2,13.0,0.0,908.83,220.326875,310.07497051695486,09:30:00
297,11.2,54381,495.75,9531.98,2010-10-25,6135.43,8860.55,7715.245833333333,888.7445399032285,13.0,16.2,13.9375,0.7780567719810227,18.5,10.8,0.0,213.9,57.62052083333333,72.58253852082619,19:00:00
298,0.0,54381,516.61,9331.8,2010-10-26,6317.72,9531.98,8453.487708333332,1061.7372158195917,10.8,18.5,15.220833333333333,2.281652847457748,25.0,7.9,0.0,589.08,175.84479166666668,212.60876040015813,09:00:00
299,0.0,54381,192.25,9419.44,2010-10-27,6518.59,9331.8,8467.278333333334,909.8594339537339,7.9,25.0,16.954166666666666,5.8066710840217395,21.2,9.7,0.0,935.05,288.95187500000003,347.62985375378463,09:30:00
300,4.2,54381,349.62,9380.73,2010-10-28,6512.94,9419.44,8467.205416666666,936.5142795629725,9.7,21.2,16.202083333333334,3.433036592905318,19.3,12.9,0.0,868.3,231.73802083333337,301.12138383181417,10:00:00
301,0.0,54381,331.5,9482.31,2010-10-29,6389.91,9380.73,8417.94,954.6828381128639,12.9,19.3,16.702083333333334,1.5837592745478435,19.7,10.7,0.0,685.65,218.67114583333333,261.22986818337966,10:00:00
302,0.0,54381,506.825,8820.41,2010-10-30,6407.86,9482.31,8391.664791666666,936.2632145997837,10.7,19.7,15.816666666666668,3.1069129053480786,25.4,12.4,0.0,625.6,203.37020833333335,241.6739501185702,10:00:00
303,0.0,54381,0.0,8539.54,2010-10-31,6385.74,8820.41,7840.9225,734.7650799144599,12.4,25.4,19.425,4.214236257501772,25.9,18.2,0.0,912.47,286.5015625,345.72234148715023,09:30:00
304,0.0,65089,0.0,9559.92,2010-11-01,6050.65,8539.54,7548.0564583333335,846.9398068327104,18.2,25.9,21.089583333333334,2.2585289491579235,20.0,14.3,0.0,820.92,230.33249999999998,280.5276056237983,19:30:00
305,45.4,65089,198.815,9432.07,2010-11-02,6273.58,9559.92,8442.521666666666,1120.7781277391343,14.3,20.0,17.189583333333335,1.360575532685281,17.4,10.3,0.0,312.27,81.12541666666667,108.9830763205498,17:00:00
306,0.0,65089,453.02,9088.94,2010-11-03,6423.01,9432.07,8353.293958333334,890.6385993296677,10.3,17.4,14.079166666666666,1.984295612557308,22.5,7.9,0.0,679.85,160.39916666666667,202.81167057551494,09:30:00
307,0.4,65089,340.25,9277.25,2010-11-04,6469.58,9088.94,8330.639375,846.4954639845447,7.9,22.5,15.385416666666666,4.649181560704761,17.8,13.2,0.0,947.38,313.2959375,371.5616889356875,10:00:00
308,9.8,65089,163.935,9303.26,2010-11-05,6418.14,9277.25,8384.209791666666,916.9581647699381,13.2,17.8,14.720833333333333,1.2542622368808085,17.0,12.4,0.0,549.22,167.45895833333333,200.9614445396057,10:00:00
309,4.2,65089,371.5,8842.97,2010-11-06,6422.96,9303.26,8366.381875000001,881.6078093899013,12.4,17.0,14.908333333333333,1.2207136617453045,17.0,13.2,0.0,420.55,123.96760416666666,154.4986666161204,09:30:00
310,2.6,65089,0.0,8390.47,2010-11-07,6286.04,8842.97,7765.041249999999,725.5079815817533,13.2,17.0,14.5625,1.0967311197080956,21.1,10.4,0.0,571.17,175.99072916666668,209.65326441732302,09:30:00
311,0.0,65089,2.125,9700.59,2010-11-08,6079.75,8390.47,7451.99875,709.3191093250792,10.4,21.1,16.741666666666667,3.2279914928658333,27.9,13.0,0.0,925.75,318.78000000000003,366.7009678473903,19:30:00
312,22.4,65089,148.9,9535.21,2010-11-09,6210.0,9700.59,8436.246874999999,1187.2128576810555,13.0,27.9,19.533333333333335,4.660167713781058,23.0,16.1,0.0,989.6,299.4038541666667,359.94925328830453,13:30:00
313,0.0,65089,0.0,9980.1,2010-11-10,6421.95,9535.21,8529.655416666666,1025.3016089745395,16.1,23.0,19.104166666666668,2.1132770088921276,28.0,16.5,0.0,795.28,241.145625,292.8825587043688,11:30:00
314,2.6,65089,0.0,10086.74,2010-11-11,6430.11,9980.1,8665.133541666666,1160.0392055562675,16.5,28.0,20.5,3.43350202711645,26.4,18.3,0.0,803.38,242.0348958333333,293.9935211898124,14:00:00
315,0.2,65089,0.0,10688.15,2010-11-12,6317.28,10086.74,8740.7825,1245.3122968129792,18.3,26.4,21.983333333333334,2.8016965478258555,28.4,15.2,0.0,908.95,277.7735416666667,336.8461972030684,16:00:00
316,0.0,65089,42.685,9678.17,2010-11-13,6402.58,10688.15,8998.81375,1436.542532703606,15.2,28.4,21.756249999999998,4.08124439982021,31.4,16.2,0.0,1008.58,331.0704166666667,383.4239492165315,15:30:00
317,0.0,65089,0.0,9581.36,2010-11-14,6399.15,9678.17,8405.016666666666,1134.6644690070052,16.2,31.4,23.4875,4.6810902985286145,31.3,20.6,0.0,934.5,288.1878125,345.72151565857445,12:30:00
318,0.0,65089,73.4,10320.01,2010-11-15,6257.72,9581.36,8270.540208333334,1229.1044528081095,20.6,31.3,24.954166666666666,3.2738134659642824,22.8,17.8,0.0,931.2,297.98364583333336,350.1648889508745,17:30:00
319,20.0,65089,156.215,9599.31,2010-11-16,6543.37,10320.01,8762.529375,1230.1863099917387,17.8,22.8,19.849999999999998,1.862165291929823,21.0,16.4,0.0,400.33,98.49947916666667,121.99252032024202,10:00:00
320,0.0,65089,396.6,9441.06,2010-11-17,6480.26,9599.31,8509.019583333333,1026.7537279169294,16.4,21.0,18.375,1.3685681288866316,20.7,15.3,0.0,920.7,245.2471875,319.3135369086186,11:30:00
321,0.0,65089,170.6,9509.79,2010-11-18,6378.29,9441.06,8380.241041666666,982.9304969113872,15.3,20.7,17.510416666666668,1.303716387271294,24.6,13.4,0.0,677.53,196.24322916666665,235.2351257569382,10:00:00
322,0.0,65089,333.775,9341.68,2010-11-19,6301.63,9509.79,8453.517083333334,1068.933031162599,13.4,24.6,19.261458333333334,3.463521753128912,19.2,15.8,0.0,680.0,212.78947916666667,248.16111404848826,11:00:00
323,0.0,65089,707.81,8544.23,2010-11-20,6334.19,9341.68,8254.142083333334,934.9976476337645,15.8,19.2,17.095833333333335,0.7715577868440672,22.0,10.2,0.0,364.38,122.42447916666667,138.58156209388946,09:30:00
324,0.0,65089,0.0,8140.54,2010-11-21,6267.42,8544.23,7633.480625,670.536720435795,10.2,22.0,16.960416666666667,3.833044430988125,23.2,11.7,0.0,986.58,342.5229166666666,378.6939633988325,09:30:00
325,0.0,65089,7.94,9766.75,2010-11-22,5980.31,8140.54,7410.207708333334,768.4504720463468,11.7,23.2,18.285416666666666,4.045801058588243,24.0,13.3,0.0,1032.28,342.091875,392.46308708201025,19:30:00
326,0.0,65089,0.0,9880.44,2010-11-23,6218.12,9766.75,8512.581041666666,1243.999320844105,13.3,24.0,19.341666666666665,3.7102407637271586,25.2,13.8,0.0,949.88,317.3098958333333,356.9741356690859,13:30:00
327,0.0,65089,0.0,10228.02,2010-11-24,6419.44,9880.44,8644.056458333334,1156.3848870740003,13.8,25.2,20.239583333333332,3.3310748111027375,25.1,14.3,0.0,977.17,324.59541666666667,368.14238091733233,15:30:00
328,0.0,65089,0.0,10694.56,2010-11-25,6456.23,10228.02,8821.346458333333,1266.344676913345,14.3,25.1,20.66875,3.441001601463824,27.3,16.1,0.0,1001.78,352.19875,397.16812946170086,15:30:00
329,0.0,65089,61.09,10451.54,2010-11-26,6477.33,10694.56,9049.539791666666,1413.871374887223,16.1,27.3,22.15625,3.6745766147778687,27.3,16.3,0.0,999.9,347.2295833333333,390.3693107403652,15:00:00
330,0.0,65089,234.25,9268.29,2010-11-27,6552.58,10451.54,8927.396041666667,1319.436387090191,16.3,27.3,21.7,3.2684175362840904,27.3,15.8,0.0,950.95,290.5853125,337.8116875307115,12:30:00
331,0.0,65089,176.38,8375.56,2010-11-28,6447.65,9268.29,8177.396874999999,953.2887522099626,15.8,27.3,21.710416666666664,3.6629391514124756,24.6,18.1,0.0,1022.95,329.59385416666663,377.3661443411899,11:30:00
332,6.4,65089,468.41,9557.18,2010-11-29,6158.63,8375.56,7566.835208333333,784.2157722534141,18.1,24.6,20.491666666666667,1.9334494951652108,21.3,16.9,0.0,423.15,134.67041666666668,149.38702154183886,11:00:00
333,9.8,65089,162.29500000000002,9524.75,2010-11-30,6249.09,9557.18,8343.064375,1158.5074716237748,16.9,21.3,18.318749999999998,1.1719516818883189,21.7,16.6,0.0,649.42,193.37697916666664,228.09214405712018,09:30:00
334,16.6,72289,97.025,9693.99,2010-12-01,6309.51,9524.75,8466.334583333333,1077.2970078641333,16.6,21.7,19.025000000000002,1.676178531089426,21.3,17.6,0.0,581.9,172.04197916666666,206.8768539564406,11:30:00
335,15.8,72289,7.5,9730.46,2010-12-02,6360.47,9693.99,8487.501041666666,1066.6763495026285,17.6,21.3,19.1,0.7528668611635795,24.3,18.3,0.0,342.83,82.32322916666666,99.20682219854437,10:30:00
336,1.4,72289,205.27,10123.17,2010-12-03,6385.37,9730.46,8575.341041666667,1115.949480703258,18.3,24.3,21.083333333333332,1.7755230974289096,25.3,19.4,0.0,664.17,219.06489583333334,250.553715662801,13:30:00
337,0.2,72289,337.775,8992.48,2010-12-04,6474.21,10123.17,8721.347083333332,1202.1552491802947,19.4,25.3,22.045833333333334,1.99264160535102,24.6,18.7,0.0,908.6,276.0619791666667,330.9483464786566,11:00:00
338,0.4,72289,296.79,8617.11,2010-12-05,6418.7,8992.48,8006.346666666667,828.6568922835783,18.7,24.6,20.989583333333332,1.5737527426617735,25.6,18.6,0.0,587.58,169.588125,202.38580500014936,09:30:00
339,0.0,72289,29.7,10352.2,2010-12-06,6118.35,8617.11,7736.925208333333,897.5062437286276,18.6,25.6,21.75,1.9091047250121782,26.4,18.5,0.0,745.03,242.39458333333334,283.60520439968775,10:30:00
340,3.0,72289,0.0,10403.75,2010-12-07,6332.67,10352.2,8851.571041666668,1423.0654071827364,18.5,26.4,22.76875,2.329382737158112,26.4,19.5,0.0,908.42,310.95656249999996,348.888964783982,13:00:00
341,0.0,72289,0.0,11047.46,2010-12-08,6575.89,10403.75,8948.851875,1308.9649597908424,19.5,26.4,23.09166666666667,1.9137612885371948,28.0,18.7,0.0,929.22,327.6642708333333,364.58920880727163,16:00:00
342,0.6,72289,0.0,11358.58,2010-12-09,6456.63,11047.46,9217.103125,1509.6148927375916,18.7,28.0,23.816666666666666,2.450213480350395,31.4,21.4,0.0,941.17,326.0528125,373.57775052332886,16:00:00
343,1.4,72289,0.0,10463.79,2010-12-10,6590.59,11358.58,9475.543958333334,1622.9189496427507,21.4,31.4,25.227083333333336,3.329349791695218,28.9,18.8,0.0,622.3,183.28822916666664,208.87792647017125,15:00:00
344,0.4,72289,0.0,8841.9,2010-12-11,6607.52,10463.79,9001.494583333333,1285.9701354395347,18.8,28.9,23.635416666666668,2.697870679938858,29.0,13.8,0.0,634.42,181.17520833333333,222.4478712110742,15:30:00
345,0.0,72289,0.0,8886.59,2010-12-12,6324.64,8841.9,7942.380208333333,856.7242957706909,13.8,29.0,21.064583333333335,4.001249250843528,30.8,14.6,0.0,1041.55,322.4372916666667,374.70791945045926,16:00:00
346,0.0,72289,0.0,10425.31,2010-12-13,5968.51,8886.59,7751.299791666667,1041.1389951057172,14.6,30.8,22.789583333333336,5.2285728732399015,23.9,16.9,0.0,1008.72,342.8019791666666,382.50011016510666,17:00:00
347,0.0,72289,16.475,10266.99,2010-12-14,6337.44,10425.31,8801.522291666666,1398.8717910748114,16.9,23.9,20.872916666666665,2.1275037398605363,24.3,19.3,0.0,1057.45,354.17041666666665,397.9233883789336,15:30:00
348,0.0,72289,0.0,10960.73,2010-12-15,6487.01,10266.99,8833.26125,1283.335129331823,19.3,24.3,21.679166666666664,1.58382224627684,27.2,18.5,0.0,856.05,280.5466666666667,314.4890529085087,13:30:00
349,0.0,72289,280.33,10504.25,2010-12-16,6451.08,10960.73,9155.189375,1503.3012211532584,18.5,27.2,22.897916666666664,2.7118722105816158,24.2,18.1,0.0,1022.6,323.03416666666664,371.5459128000733,15:00:00
350,14.4,72289,369.26,9528.89,2010-12-17,6658.5,10504.25,8864.745625,1231.3547168264172,18.1,24.2,20.754166666666666,1.6527164400482224,26.0,17.7,0.0,798.42,198.74458333333334,255.5568284634374,10:00:00
351,0.0,72289,262.62,8438.6,2010-12-18,6449.02,9528.89,8397.332083333333,992.5361442155598,17.7,26.0,21.056250000000002,2.603753938925122,25.3,16.6,0.0,425.77,156.07989583333332,165.03816075635353,09:30:00
352,0.0,72289,0.0,8035.49,2010-12-19,6115.29,8438.6,7574.073958333333,711.7112759047419,16.6,25.3,20.808333333333334,2.226803197920622,26.6,14.8,0.0,350.8,120.02645833333334,124.12249577494998,09:30:00
353,5.0,72289,751.9649999999999,8953.04,2010-12-20,6010.92,8035.49,7324.749583333333,701.7991613292046,14.8,26.6,19.035416666666666,3.751396312145675,21.3,14.1,0.0,885.03,215.77354166666666,258.281705896913,17:30:00
354,0.0,72289,0.0,9213.57,2010-12-21,5958.3,8953.04,7931.029374999999,993.8677290357851,14.1,21.3,18.03125,2.0926707647632297,27.0,11.5,0.0,1003.33,346.95,375.31029853607015,09:30:00
355,0.0,72289,256.125,9440.05,2010-12-22,6218.39,9213.57,8209.854791666667,995.5896648057576,11.5,27.0,19.944791666666667,4.738740738367208,23.1,12.7,0.0,1065.85,380.7135416666667,417.42155788888186,15:30:00
356,0.0,72289,0.0,10022.04,2010-12-23,6265.81,9440.05,8395.7025,1057.5963147497914,12.7,23.1,19.910416666666666,3.38043429057685,30.9,15.8,0.0,944.22,329.129375,370.88165871888174,11:30:00
357,0.0,72289,604.78,8844.94,2010-12-24,6106.01,10022.04,8468.855208333332,1154.96647111321,15.8,30.9,22.133333333333336,4.591126192592846,22.7,15.8,0.0,731.15,234.06270833333335,261.28705739611684,16:00:00
358,0.0,72289,0.0,7913.93,2010-12-25,6231.54,8844.94,7820.916666666667,812.679792905645,15.8,22.7,19.747916666666665,1.7294679520485818,27.7,13.6,0.0,938.38,282.11427083333336,332.24433657019307,10:00:00
359,2.2,72289,0.0,8090.36,2010-12-26,5751.73,7913.93,7174.215625,703.3113544705935,13.6,27.7,22.214583333333334,4.835594512650966,30.5,18.7,0.0,1047.75,356.9588541666667,397.7244838670058,20:30:00
360,14.4,72289,204.85,7907.87,2010-12-27,5835.59,8090.36,7171.96625,763.5873648315034,18.7,30.5,23.21666666666667,3.634780764457983,19.3,15.3,0.0,576.42,171.51354166666667,202.58152269967115,17:00:00
361,1.2,72289,0.0,7692.02,2010-12-28,5855.07,7907.87,7103.662916666667,662.1049753528948,15.3,19.3,17.695833333333333,0.9502425968708214,20.6,14.7,0.0,415.23,127.7284375,152.37301058047558,10:00:00
362,0.0,72289,0.0,9056.48,2010-12-29,5739.23,7692.02,7080.835,670.6178129380298,14.7,20.6,17.900000000000002,1.82535336130214,25.7,15.7,0.0,558.47,176.905625,209.9518121526861,17:00:00
363,0.0,72289,0.0,9802.9,2010-12-30,5913.12,9056.48,7796.013333333333,998.6286943227805,15.7,25.7,21.43541666666667,3.2127730173469904,27.5,16.8,0.0,1061.3,368.7404166666667,408.99911667286574,17:00:00
364,0.0,72289,0.0,10863.9,2010-12-31,6132.15,9802.9,8329.118333333334,1257.010702697092,16.8,27.5,22.59375,3.4067146618456405,29.3,18.8,0.0,1028.05,343.56583333333333,384.85470355891255,16:00:00
365,0.0,83943,0.0,10203.4,2011-01-01,6287.11,10863.9,8675.849791666666,1493.7362004098477,18.8,29.3,24.010416666666668,3.3838942430618224,34.1,18.0,0.0,1042.38,367.04968749999995,406.8044766412064,16:00:00
366,0.0,83943,0.0,9333.58,2011-01-02,6149.11,10203.4,8385.886875,1400.0981248152943,18.0,34.1,25.08125,5.189090694335816,26.9,19.2,0.0,1077.2,374.5622916666667,414.29572873086266,16:00:00
367,2.2,83943,0.0,8270.9,2011-01-03,6235.21,9333.58,7858.668333333334,1057.5613914825976,19.2,26.9,22.308333333333334,2.4485195990537543,21.2,17.9,0.0,1015.3,293.76458333333335,357.86025786378303,14:00:00
368,3.8,83943,243.27,9090.95,2011-01-04,5946.86,8270.9,7390.810833333333,795.357154148129,17.9,21.2,19.220833333333335,0.7463267019873335,21.2,17.3,0.0,471.6,151.48239583333333,167.01691672501119,17:00:00
369,0.0,83943,0.0,9307.06,2011-01-05,6049.57,9090.95,8000.360416666666,1042.1780343087098,17.3,21.2,19.447916666666668,1.2031854145741476,24.4,14.0,0.0,700.47,227.92041666666668,266.71575962386925,11:00:00
370,0.0,83943,0.0,9437.19,2011-01-06,6227.91,9307.06,8130.903125,1012.5911661760067,14.0,24.4,20.202083333333334,2.7044871762544607,24.8,18.4,0.0,844.88,230.38354166666667,301.46972086048766,14:30:00
371,0.0,83943,0.0,9727.93,2011-01-07,6231.62,9437.19,8301.217083333333,1113.330539721434,18.4,24.8,21.51875,2.2026730617641084,26.9,17.5,0.0,841.17,262.94322916666664,310.0975617009287,16:00:00
372,4.6,83943,0.0,9224.3,2011-01-08,6374.52,9727.93,8475.252083333333,1131.1388959559763,17.5,26.9,21.829166666666666,2.6372905449418558,27.6,19.6,0.0,847.95,270.5501041666667,308.92973847863567,15:00:00
373,6.4,83943,0.0,8961.12,2011-01-09,6349.49,9224.3,8162.953333333334,985.6060172890141,19.6,27.6,23.868750000000002,2.5664078919932227,27.4,21.6,0.0,952.05,313.294375,364.39721470784474,15:00:00
374,7.8,83943,176.335,10326.02,2011-01-10,6310.45,8961.12,7964.960625,997.7428174046556,21.6,27.4,24.054166666666664,2.027991180195405,25.7,21.6,0.0,955.65,300.0211458333333,358.1849919730348,17:00:00
375,0.4,83943,261.405,10176.59,2011-01-11,6325.48,10326.02,8763.592083333333,1384.2911197001429,21.6,25.7,23.604166666666668,1.2385575572798535,25.5,21.7,0.0,727.9,232.8161458333333,275.25015199957073,11:30:00
376,8.0,83943,0.0,10861.03,2011-01-12,6540.89,10176.59,8805.419583333334,1193.168279891921,21.7,25.5,23.770833333333332,0.9118506627763522,28.6,22.5,0.0,503.88,162.68895833333332,188.01393495480522,10:30:00
377,0.0,83943,112.025,10785.96,2011-01-13,6551.07,10861.03,9188.606249999999,1454.6455629094044,22.5,28.6,25.12291666666667,1.817555007606031,27.3,22.9,0.0,765.97,247.27374999999998,284.3206260890702,14:30:00
378,0.0,83943,0.0,10927.92,2011-01-14,6786.09,10785.96,9239.465624999999,1366.8690874012846,22.9,27.3,24.679166666666664,1.1317390747576652,28.7,21.5,0.0,748.78,251.99770833333332,284.3793580277867,12:30:00
379,1.0,83943,0.0,10061.82,2011-01-15,6650.61,10927.92,9210.178958333334,1447.2741956919958,21.5,28.7,24.822916666666668,2.282331728861377,30.8,21.9,0.0,963.1,311.60802083333334,357.8951759864945,16:00:00
380,0.0,83943,0.0,10223.97,2011-01-16,6569.31,10061.82,8614.730208333332,1143.7365844840276,21.9,30.8,24.895833333333332,2.78521616360637,29.2,21.8,0.0,750.45,205.98010416666668,248.4401519919786,16:00:00
381,0.0,83943,12.19,11802.28,2011-01-17,6462.14,10223.97,8523.478958333333,1337.5676867887655,21.8,29.2,24.81458333333333,2.482362428605129,30.6,19.1,0.0,827.33,234.01833333333332,282.46126430221483,17:30:00
382,0.0,83943,16.825,10394.77,2011-01-18,6506.29,11802.28,9461.675000000001,1822.896410366661,19.1,30.6,22.829166666666666,2.947264027573191,25.9,19.4,0.0,1017.75,326.3363541666667,387.2334049693944,13:30:00
383,0.0,83943,0.0,10437.28,2011-01-19,6739.19,10394.77,8898.121458333333,1232.6697303854212,19.4,25.9,22.287499999999998,1.6654978170875536,26.1,19.4,0.0,644.88,214.85229166666667,241.81296813982905,13:30:00
384,0.0,83943,0.0,10747.09,2011-01-20,6579.5,10437.28,8907.587291666667,1282.5275601331214,19.4,26.1,22.491666666666664,1.9240729553706264,28.0,18.4,0.0,663.8,189.30385416666664,221.05275921997793,16:00:00
385,0.0,83943,0.0,11412.13,2011-01-21,6633.15,10747.09,9136.814791666666,1425.2822346647765,18.4,28.0,24.03125,2.6501831530444946,28.9,19.4,0.0,819.55,284.9103125,321.5569712706795,16:00:00
386,0.0,83943,0.0,9947.44,2011-01-22,6680.61,11412.13,9383.280208333334,1572.612843361077,19.4,28.9,24.116666666666664,2.8451027976292917,29.6,17.8,0.0,1006.12,338.7397916666667,385.65643274005606,16:00:00
387,0.0,83943,0.0,9648.81,2011-01-23,6582.53,9947.44,8569.917083333334,1146.4047945827756,17.8,29.6,24.210416666666664,3.3659900749106733,30.3,20.1,0.0,1036.75,350.774375,403.14478302258175,14:30:00
388,0.0,83943,0.0,11685.52,2011-01-24,6417.9,9648.81,8245.378125000001,1155.9043988586022,20.1,30.3,24.224999999999998,2.623015967537644,34.6,19.3,0.0,944.05,312.3014583333333,365.32642470716166,15:00:00
389,0.0,83943,0.0,12596.04,2011-01-25,6568.2,11685.52,9649.730625,1837.7068038801124,19.3,34.6,26.383333333333336,5.351250930840627,31.2,22.1,0.0,846.3,227.00729166666667,294.9062460197224,14:00:00
390,0.0,83943,0.0,11907.13,2011-01-26,6893.19,12596.04,10032.631041666666,1854.497217672276,22.1,31.2,25.352083333333336,2.809633093584885,32.7,20.7,0.0,955.65,327.3228125,376.78112829359975,16:00:00
391,0.0,83943,0.0,12690.57,2011-01-27,6893.76,11907.13,9597.399583333334,1736.592924019044,20.7,32.7,26.0,3.6057283030956,30.4,22.7,0.0,836.42,274.0727083333333,313.1784021332276,17:00:00
392,0.0,83943,234.07,10530.45,2011-01-28,7060.96,12690.57,10257.324166666667,1952.306521344535,22.7,30.4,25.295833333333334,2.3816638501340734,25.6,20.7,0.0,910.95,279.1792708333333,346.16664094658825,15:30:00
393,0.0,83943,0.0,9071.43,2011-01-29,7034.38,10530.45,9116.181666666667,1215.9008027626537,20.7,25.6,22.766666666666666,1.041956697212149,25.9,16.1,0.0,568.55,193.84812499999998,219.23722774031936,11:00:00
394,0.0,83943,0.0,10772.16,2011-01-30,6425.92,9071.43,8120.440833333334,924.727515999226,16.1,25.9,21.447916666666668,2.997799872909162,30.0,14.8,0.0,974.85,312.2291666666667,359.93730444953485,16:00:00
395,0.0,83943,0.0,13786.2,2011-01-31,6280.46,10772.16,8544.807708333334,1552.2675896430792,14.8,30.0,23.304166666666664,5.3485316471104305,35.7,19.8,0.0,1050.8,349.5363541666666,399.5153834331326,17:30:00
396,0.0,95195,0.0,14579.86,2011-02-01,6796.82,13786.2,10690.695833333333,2450.3480770019946,19.8,35.7,27.102083333333336,5.635846123238523,40.6,20.7,0.0,1029.15,343.7263541666667,392.84490002991026,16:00:00
397,0.0,95195,0.0,14417.03,2011-02-02,7271.65,14579.86,11369.219166666668,2464.8842325003993,20.7,40.6,30.004166666666666,7.221568119133878,32.2,25.6,0.0,1001.05,344.17302083333334,393.727969735261,16:30:00
398,0.0,95195,0.0,14449.88,2011-02-03,8042.79,14417.03,11539.8175,2130.703781856865,25.6,32.2,28.4375,1.7992462961036078,36.7,24.4,0.0,953.4,319.9513541666667,369.99465869022686,16:00:00
399,0.0,95195,0.0,13810.3,2011-02-04,7938.0,14449.88,11321.620833333334,2156.021981548063,24.4,36.7,27.62291666666667,3.490305088373948,33.1,23.0,0.0,696.62,213.67364583333335,255.34112031592372,16:00:00
400,0.0,95195,0.0,13121.52,2011-02-05,7629.53,13810.3,11139.915625,2112.713670552644,23.0,33.1,26.920833333333334,2.859322813246977,40.7,23.6,0.0,953.8,285.3129166666667,345.63291048364755,15:30:00
401,0.0,95195,28.67,11160.58,2011-02-06,7571.93,13121.52,10784.733958333332,2005.6885490235018,23.6,40.7,32.78333333333333,6.396087013011486,32.6,16.7,0.0,994.7,326.7029166666667,380.08154503109847,16:30:00
402,0.2,95195,59.22,9775.36,2011-02-07,7150.35,11160.58,8921.592708333334,1181.253385435634,16.7,32.6,24.572916666666668,5.55444003280386,22.7,16.6,0.0,720.03,137.3909375,206.50828242020938,12:00:00
403,0.0,95195,14.849999999999998,9991.0,2011-02-08,6320.42,9775.36,8564.102083333333,1205.194614433452,16.6,22.7,19.595833333333335,1.714885807665729,23.9,17.9,0.0,582.62,147.7803125,195.79468845730153,12:00:00
404,0.0,95195,0.0,10013.91,2011-02-09,6594.6,9991.0,8770.062083333332,1169.4235317508308,17.9,23.9,20.970833333333335,1.9403836353881854,25.2,15.4,0.0,724.8,221.96802083333333,260.82157840044107,13:30:00
405,0.0,95195,0.0,10642.49,2011-02-10,6497.24,10013.91,8759.049791666666,1184.5677102343043,15.4,25.2,21.033333333333335,2.533883852090801,26.9,16.6,0.0,676.9,236.0325,272.35139927729006,16:00:00
406,0.0,95195,0.0,12002.93,2011-02-11,6539.75,10642.49,9055.6175,1348.2566878901162,16.6,26.9,21.854166666666668,3.141957536810542,34.6,18.2,0.0,896.35,282.2425,336.6821740315906,16:00:00
407,1.2,95195,152.315,9417.02,2011-02-12,6687.86,12002.93,9593.405625,1688.6726525794784,18.2,34.6,25.554166666666664,4.961681180995404,23.2,19.2,0.0,857.88,275.91114583333336,328.82085268399476,16:00:00
408,15.2,95195,0.0,8589.36,2011-02-13,6822.43,9417.02,8247.02375,788.7235079102936,19.2,23.2,21.33125,1.517578733629976,22.4,19.3,0.0,259.8,73.32041666666667,95.70115025117074,09:30:00
409,0.0,95195,200.12,9865.08,2011-02-14,6221.02,8589.36,7706.9747916666665,856.0924696375788,19.3,22.4,20.577083333333334,0.9235084773847057,23.0,19.3,0.0,389.1,108.60875,138.88203792036927,17:30:00
410,0.4,95195,333.3,9886.5,2011-02-15,6176.05,9865.08,8567.598333333333,1275.9965270284447,19.3,23.0,21.097916666666666,1.20821471660398,25.1,15.2,0.0,509.5,158.92083333333332,192.53429629364942,11:00:00
411,0.8,95195,6.84,10140.41,2011-02-16,6458.83,9886.5,8655.658541666666,1147.1067997450075,15.2,25.1,20.368750000000002,2.7746693304999455,26.8,18.8,0.0,794.92,210.9439583333333,259.9710430805346,11:00:00
412,0.0,95195,7.134999999999999,11099.12,2011-02-17,6434.3,10140.41,8852.397708333334,1241.024853940844,18.8,26.8,22.43958333333333,2.6227920467637866,31.0,20.4,0.0,648.3,198.0240625,239.03946001510954,13:30:00
413,0.0,95195,0.0,10805.98,2011-02-18,6726.97,11099.12,9416.514583333334,1498.4980085135153,20.4,31.0,25.527083333333334,3.084880051003281,27.0,22.0,0.0,805.78,211.8815625,274.16168065685576,13:30:00
414,0.0,95195,0.0,11298.29,2011-02-19,6796.51,10805.98,9245.0375,1334.0860172298055,22.0,27.0,23.90833333333333,1.24811915234072,34.2,21.3,0.0,672.8,215.30354166666666,256.97574435781587,16:00:00
415,0.0,95195,0.0,11158.41,2011-02-20,6634.59,11298.29,9196.097708333333,1538.352911856716,21.3,34.2,27.037499999999998,3.965361994153984,32.0,22.4,0.0,895.3,270.1542708333333,329.65637183025416,16:00:00
416,0.0,95195,3.640000000000001,10468.74,2011-02-21,6960.3,11158.41,9284.923125,1528.6312532418995,22.4,32.0,27.24791666666667,2.661225887997925,24.3,19.3,0.0,788.7,227.33822916666668,288.06452831231655,15:00:00
417,0.0,95195,349.885,9683.76,2011-02-22,6880.29,10468.74,9000.888541666665,1252.888677758432,19.3,24.3,21.243750000000002,1.370650761732652,21.4,16.8,0.0,732.9,156.38291666666666,216.91192424976913,13:30:00
418,0.0,95195,0.0,9786.95,2011-02-23,6488.98,9683.76,8589.615208333335,1073.9128718293705,16.8,21.4,18.883333333333333,1.0392987270133789,24.3,15.9,0.0,598.6,178.95260416666667,221.30053632240634,09:30:00
419,0.0,95195,0.0,10273.97,2011-02-24,6452.95,9786.95,8649.82625,1111.026447825891,15.9,24.3,19.472916666666666,2.648704186059331,27.6,13.3,0.0,754.42,235.35968749999998,281.688311023822,16:00:00
420,0.0,95195,0.0,10200.4,2011-02-25,6487.11,10273.97,8864.991875,1255.005140739926,13.3,27.6,20.51875,4.718395699676258,28.2,14.5,0.0,964.0,304.22499999999997,368.93212653318477,16:00:00
421,0.0,95195,0.0,9928.52,2011-02-26,6516.41,10200.4,8870.044166666667,1237.7097907087552,14.5,28.2,21.81458333333333,4.763424013599182,29.6,18.4,0.0,720.12,224.09541666666667,270.46195214349376,15:30:00
422,0.0,95195,0.0,9390.94,2011-02-27,6554.52,9928.52,8540.942291666666,1133.1623571889222,18.4,29.6,23.708333333333332,3.5024510161553137,30.1,18.0,0.0,934.35,291.4554166666667,354.778333471601,15:30:00
423,0.8,95195,0.0,11078.94,2011-02-28,6391.53,9390.94,8093.037708333333,1001.7471690814612,18.0,30.1,23.212500000000002,3.8531901676513587,26.8,21.7,0.0,516.15,142.51458333333332,184.33731924322905,19:30:00
424,0.2,107269,0.0,11313.99,2011-03-01,6649.84,11078.94,9334.305,1520.6281935982777,21.7,26.8,23.458333333333332,1.4685110904228915,33.6,20.0,0.0,695.67,184.24541666666667,260.2818199032792,14:30:00
425,0.0,107269,70.07,9698.59,2011-03-02,6709.56,11313.99,9367.967083333333,1517.842495777167,20.0,33.6,24.60625,4.592287996473347,21.7,18.0,0.0,596.05,181.35375,218.3947494972778,15:00:00
426,0.2,107269,0.0,10127.41,2011-03-03,6515.75,9698.59,8648.286875,1065.99040815244,18.0,21.7,20.118750000000002,0.9201425074642259,30.4,15.5,0.0,359.8,88.09125,120.65465539995071,10:00:00
427,0.0,107269,0.0,10347.56,2011-03-04,6431.5,10127.41,8777.425833333333,1209.0452848140997,15.5,30.4,21.81041666666667,4.36330148198529,28.0,15.7,0.0,881.2,254.06375,322.3472960433968,15:30:00
428,0.0,107269,352.175,8559.58,2011-03-05,6467.66,10347.56,8797.720625,1261.2413369314797,15.7,28.0,21.83125,3.637111096414239,21.1,17.4,0.0,860.92,247.0220833333333,320.96830460746224,16:00:00
429,0.4,107269,0.0,8271.93,2011-03-06,6277.36,8559.58,7655.408541666667,701.3198322251383,17.4,21.1,19.025000000000002,0.9068298768412496,21.2,14.8,0.0,513.17,155.16041666666666,193.36598343234746,09:30:00
430,0.0,107269,2.235,9686.41,2011-03-07,5982.16,8271.93,7372.940416666667,748.2513486647023,14.8,21.2,19.29791666666667,1.5943369973104524,25.5,12.7,0.0,697.35,208.78625,257.5658572599711,19:30:00
431,0.0,107269,0.0,10256.14,2011-03-08,6105.48,9686.41,8500.692708333334,1241.221222802391,12.7,25.5,19.691666666666666,3.7174020517270407,27.8,13.6,0.0,796.7,244.21,301.3600917065899,13:30:00
432,0.0,107269,0.0,10295.09,2011-03-09,6480.18,10256.14,8851.074375,1234.4925385810836,13.6,27.8,21.220833333333335,4.794054754892541,30.3,18.2,0.0,899.12,284.86291666666665,347.6174563900047,15:30:00
433,0.0,107269,0.0,10339.05,2011-03-10,6554.77,10295.09,8953.710625,1222.725383239732,18.2,30.3,24.15416666666667,4.188584198586973,29.2,20.2,0.0,546.5,147.87166666666667,190.33826234938783,16:00:00
434,0.0,107269,226.41000000000005,10320.32,2011-03-11,6623.65,10339.05,9020.043749999999,1254.0012032802013,20.2,29.2,23.756249999999998,2.423370806094225,24.9,20.9,0.0,371.3,101.60333333333334,129.71468935064115,13:30:00
435,0.2,107269,0.0,9528.01,2011-03-12,6617.55,10320.32,8986.353333333334,1249.0413815169802,20.9,24.9,22.777083333333334,1.2334417481580917,29.1,20.1,0.0,534.15,168.19416666666666,212.88382769975573,10:30:00
436,0.0,107269,0.0,9960.3,2011-03-13,6411.25,9528.01,8374.476458333333,1055.4936984048245,20.1,29.1,23.743750000000002,2.9188241766965137,31.2,18.8,0.0,833.7,234.90374999999997,304.42630306420705,14:30:00
437,0.0,107269,72.82,10621.83,2011-03-14,6449.8,9960.3,8410.097083333332,1234.0147948214062,18.8,31.2,24.166666666666668,3.6833918996659625,26.7,19.7,0.0,852.0,261.59041666666667,327.0335204333904,16:00:00
438,0.0,107269,0.0,10089.87,2011-03-15,6597.43,10621.83,8918.574166666667,1333.694440887646,19.7,26.7,21.833333333333332,1.7456734764911876,25.3,17.9,0.0,666.5,156.20458333333332,219.32388879849606,11:00:00
439,0.6,107269,0.0,10487.66,2011-03-16,6459.42,10089.87,8811.960416666667,1240.9872563303347,17.9,25.3,20.851041666666667,2.1173922536161673,27.3,17.6,0.0,652.45,189.16416666666666,244.87863186044626,13:30:00
440,3.8,107269,0.0,10190.6,2011-03-17,6458.79,10487.66,8946.661041666666,1304.7737522801863,17.6,27.3,21.714583333333334,2.6336601489451597,24.8,19.0,0.0,775.15,234.52083333333334,298.80510154246264,13:30:00
441,0.0,107269,372.315,10011.31,2011-03-18,6626.49,10190.6,8943.906458333333,1210.1092685575518,19.0,24.8,21.570833333333336,1.581805907524059,23.6,19.6,0.0,491.33,143.9325,182.0366489287019,13:30:00
442,2.2,107269,245.74,9010.01,2011-03-19,6566.34,10011.31,8700.524583333334,1107.7473553269558,19.6,23.6,20.829166666666666,0.9923019301439332,22.7,19.0,0.0,553.75,149.48749999999998,196.39232769821584,09:30:00
443,54.4,107269,0.0,8883.68,2011-03-20,6402.68,9010.01,7953.492916666666,794.4655865341535,19.0,22.7,20.595833333333335,1.0063539272792426,23.6,18.6,0.0,542.0,130.20166666666668,176.87263238121665,09:30:00
444,13.8,107269,30.95,10358.6,2011-03-21,6113.53,8883.68,7718.024166666666,916.3122986857131,18.6,23.6,20.741666666666667,1.5214541383280202,25.6,20.5,0.0,414.55,118.19875,156.69617554125344,19:00:00
445,11.4,107269,0.0,11075.33,2011-03-22,6325.84,10358.6,8982.9025,1423.5740815682077,20.5,25.6,22.447916666666668,1.5088377354960152,30.0,19.9,0.0,599.97,161.19041666666666,214.98110772471634,12:00:00
446,8.8,107269,0.0,10472.73,2011-03-23,6672.7,11075.33,9335.671041666666,1418.5347878967787,19.9,30.0,23.977083333333336,2.97000892493346,30.4,19.0,0.0,800.3,231.05708333333334,299.09552719155283,16:00:00
447,0.0,107269,0.0,9630.14,2011-03-24,6668.96,10472.73,9042.829583333334,1281.7046150739834,19.0,30.4,23.8,3.9004091438414146,25.8,14.5,0.0,804.85,237.08625000000004,301.5295761286431,15:30:00
448,0.0,107269,140.2,9642.26,2011-03-25,6485.85,9630.14,8614.695625,1072.4754330587223,14.5,25.8,20.802083333333332,3.6309244812654082,25.2,14.9,0.0,783.92,239.81583333333333,301.240521656016,14:00:00
449,0.2,107269,290.345,8738.9,2011-03-26,6365.69,9642.26,8562.852499999999,1080.7328711996736,14.9,25.2,20.522916666666667,3.000442491007611,20.4,16.6,0.0,785.17,212.83291666666665,284.42396288952193,11:00:00
450,0.0,107269,0.0,8687.5,2011-03-27,6264.21,8738.9,7770.434375,726.1914540767265,16.6,20.4,18.433333333333334,1.198639891148497,20.3,16.1,0.0,413.0,120.54875,155.92276228783302,09:30:00
451,2.0,107269,167.98,9622.67,2011-03-28,6100.29,8687.5,7594.647083333333,815.6471164037144,16.1,20.3,17.866666666666667,1.2201034719520734,22.3,13.2,0.0,623.62,161.16875000000002,211.8684512237161,18:30:00
452,0.2,107269,39.28,9833.71,2011-03-29,6369.0,9622.67,8576.215208333333,1144.4923974706167,13.2,22.3,18.254166666666666,2.546249501683346,25.5,14.6,0.0,608.72,179.06041666666667,232.08800112639173,11:00:00
453,0.0,107269,0.0,10055.98,2011-03-30,6606.12,9833.71,8775.803333333333,1094.4086345025596,14.6,25.5,20.191666666666666,3.5096725514554405,29.4,15.0,0.0,688.65,199.39916666666667,258.29321945271465,12:00:00
454,2.2,107269,184.95,9662.37,2011-03-31,6578.95,10055.98,8772.989166666666,1122.2111744701504,15.0,29.4,20.783333333333335,4.106783870483718,20.7,16.9,0.0,797.35,212.20291666666665,282.2005588584747,13:30:00
455,0.4,117338,293.05,9615.64,2011-04-01,6571.34,9662.37,8644.696249999999,1029.8595646249391,16.9,20.7,19.29583333333333,0.9081096412699172,23.7,14.3,0.0,425.12,115.21083333333333,149.19471425286122,10:00:00
456,0.2,117338,322.33,8600.18,2011-04-02,6534.48,9615.64,8559.290208333334,1007.9252160317861,14.3,23.7,19.264583333333334,3.0044994331787835,21.2,13.9,0.0,518.62,154.625,195.54282763738874,10:00:00
457,0.0,117338,0.0,8913.41,2011-04-03,6342.97,8600.18,7743.308125,672.8633155329738,13.9,21.2,18.222916666666666,2.305888814958422,23.5,12.0,0.0,566.1,160.72875,212.5346637121939,09:00:00
458,0.0,117338,0.0,9783.7,2011-04-04,6057.11,8913.41,7515.565625,838.8510869950592,12.0,23.5,18.66875,3.5834819777845093,22.1,14.1,0.0,726.8,220.66125,285.8034111593476,19:00:00
459,8.2,117338,0.0,9787.45,2011-04-05,6218.92,9783.7,8438.219375,1172.793446509742,14.1,22.1,18.302083333333332,2.339438883745447,20.4,15.1,0.0,682.85,172.3425,231.0205757392479,18:30:00
460,3.6,117338,0.0,9768.74,2011-04-06,6448.81,9787.45,8521.031458333333,996.813922702514,15.1,20.4,17.041666666666668,1.5025982225597478,21.4,14.1,0.0,541.25,144.46416666666667,189.93460802012586,18:30:00
461,0.4,117338,0.0,9804.25,2011-04-07,6462.65,9768.74,8562.531874999999,1006.9568946713647,14.1,21.4,17.285416666666666,2.1811562016248467,22.0,13.0,0.0,614.03,163.91708333333335,219.4490785596371,18:30:00
462,0.0,117338,0.0,9592.41,2011-04-08,6426.87,9804.25,8538.077083333334,1012.1794305841707,13.0,22.0,18.075,2.9046184793597747,22.3,12.0,0.0,522.1,156.94333333333333,201.5358401638958,18:30:00
463,0.0,117338,0.0,9016.61,2011-04-09,6386.34,9592.41,8504.014375,1037.497726079859,12.0,22.3,17.029166666666665,3.7743230100770595,26.4,12.0,0.0,454.88,126.30541666666666,162.07686698782356,18:30:00
464,0.0,117338,0.0,9039.94,2011-04-10,6357.24,9016.61,7904.723125,756.0236505592402,12.0,26.4,18.766666666666666,4.975486005699123,26.4,12.3,0.0,761.75,220.3075,289.70534004765534,18:30:00
465,8.4,117338,0.0,10034.95,2011-04-11,5964.61,9039.94,7573.374791666666,894.7148023169524,12.3,26.4,17.802083333333332,4.3770916985583765,21.3,10.1,0.0,706.83,163.26000000000002,240.3960317316832,18:30:00
466,0.0,117338,0.0,9909.68,2011-04-12,6324.23,10034.95,8442.237916666667,1136.1380891516226,10.1,21.3,15.84375,3.6401371408582013,21.1,7.3,0.0,687.5,187.98125000000002,255.44801736985843,18:30:00
467,0.0,117338,0.0,9853.82,2011-04-13,6517.15,9909.68,8472.267083333334,943.0510464872365,7.3,21.1,14.820833333333333,4.878304481059899,23.6,10.4,0.0,680.9,197.14041666666665,259.5066922697783,18:30:00
468,0.0,117338,0.0,9754.91,2011-04-14,6393.87,9853.82,8451.438958333334,998.058904417032,10.4,23.6,17.625,3.547279449009015,23.2,9.7,0.0,759.28,194.13083333333336,272.25475220894594,18:30:00
469,0.0,117338,0.0,9610.76,2011-04-15,6288.6,9754.91,8361.622291666667,967.3642600677045,9.7,23.2,17.110416666666666,4.42873785311698,21.3,10.7,0.0,755.33,212.24625,283.752998277345,18:30:00
470,12.0,117338,0.0,9264.93,2011-04-16,6478.22,9610.76,8471.278124999999,960.2992499961762,10.7,21.3,16.616666666666667,3.3441173076577155,18.3,15.1,0.0,641.95,168.7566666666667,230.3173297619015,18:00:00
471,18.0,117338,0.0,9285.24,2011-04-17,6402.26,9264.93,8003.120416666668,817.8347618649607,15.1,18.3,16.372916666666665,0.8302113505155326,21.4,11.6,0.0,214.23,53.63291666666667,70.65639533651824,18:30:00
472,0.0,117338,0.0,10087.4,2011-04-18,6185.54,9285.24,7749.406666666667,861.1550730746872,11.6,21.4,16.243750000000002,2.607020493027208,22.5,9.5,0.0,598.15,161.24333333333334,219.69346824787516,18:30:00
473,0.0,117338,0.0,10145.13,2011-04-19,6487.72,10087.4,8606.825416666667,1115.9042701677172,9.5,22.5,16.2375,4.387924677877164,24.0,11.0,0.0,665.03,194.62541666666667,259.3992052819101,18:30:00
474,0.0,117338,0.0,9986.76,2011-04-20,6597.92,10145.13,8690.431458333334,998.4363857509622,11.0,24.0,16.133333333333333,4.473864212613947,20.7,10.6,0.0,554.58,161.06708333333333,214.44774645942266,18:30:00
475,0.0,117338,0.0,9543.39,2011-04-21,6638.82,9986.76,8662.098958333334,961.9806589736198,10.6,20.7,16.102083333333333,3.409092322157454,25.2,11.6,0.0,306.35,72.00875,95.62224800935034,18:30:00
476,0.0,117338,0.0,8631.36,2011-04-22,6583.03,9543.39,8471.69125,870.4467268229008,11.6,25.2,17.868750000000002,4.575892251093443,25.2,11.3,0.0,696.62,188.59625000000003,256.9758285377432,18:30:00
477,0.4,117338,0.0,9004.34,2011-04-23,6072.41,8631.36,7414.743541666667,673.2636364800478,11.3,25.2,18.085416666666667,4.316420383729787,17.7,12.1,0.0,689.25,180.06333333333336,249.95922926130933,18:30:00
478,0.0,117338,0.0,8492.92,2011-04-24,6220.3,9004.34,7694.95,725.2158825700903,12.1,17.7,15.139583333333334,1.726851714528966,22.0,11.8,0.0,319.88,90.67583333333333,122.0675691475367,18:30:00
479,6.8,117338,0.0,8868.57,2011-04-25,6182.69,8492.92,7374.580416666667,624.5612985296954,11.8,22.0,16.433333333333334,3.4238421452311427,19.2,15.4,0.0,549.17,137.40875,191.52615387621876,18:30:00
480,6.2,117338,0.0,9354.5,2011-04-26,6105.07,8868.57,7479.130833333334,776.9938460114835,15.4,19.2,17.26875,1.0072410706817307,20.3,14.4,0.0,212.88,55.22125,76.41009978705749,18:30:00
481,4.2,117338,0.0,10077.67,2011-04-27,5975.16,9354.5,7668.698125,916.4307379143723,14.4,20.3,16.745833333333334,1.5746608325568567,18.7,14.1,0.0,423.48,114.3525,158.90271849032985,18:30:00
482,10.6,117338,0.0,10202.69,2011-04-28,6235.61,10077.67,8431.9175,1068.8840094915865,14.1,18.7,16.172916666666666,1.418680775172474,19.2,14.1,0.0,457.1,112.08875,157.7975944134117,18:30:00
483,11.4,117338,0.0,10059.1,2011-04-29,6479.96,10202.69,8632.418958333334,1035.4338123750506,14.1,19.2,16.208333333333332,1.42974976732403,19.9,12.0,0.0,450.52,119.27416666666666,165.55144030017073,18:30:00
484,9.2,117338,0.0,9308.85,2011-04-30,6547.34,10059.1,8674.87875,1006.3482008931891,12.0,19.9,16.166666666666668,2.1073663439946593,20.1,15.3,0.0,494.12,122.98875,173.64593116178264,18:00:00
485,6.4,130705,0.0,9376.74,2011-05-01,6394.72,9308.85,8082.974999999999,822.7699318014706,15.3,20.1,17.400000000000002,1.5230149270723197,21.3,11.4,0.0,533.6,135.69708333333332,188.71608443450384,18:00:00
486,0.0,130705,0.0,10629.61,2011-05-02,6257.99,9376.74,7778.879166666667,853.0935971119064,11.4,21.3,16.166666666666668,3.0503109944922935,18.5,10.0,0.0,545.42,152.18916666666667,211.65494095627835,18:30:00
487,0.4,130705,0.0,10554.11,2011-05-03,6458.37,10629.61,8771.497083333334,1230.6208924679227,10.0,18.5,13.8375,2.6978813594721385,18.6,11.7,0.0,351.58,92.24666666666667,125.59301376988061,18:00:00
488,0.0,130705,0.0,10292.29,2011-05-04,6669.03,10554.11,8913.827708333332,1066.68080557787,11.7,18.6,15.083333333333334,2.3323199420441303,20.1,12.1,0.0,270.02,75.69708333333334,103.80249175991574,18:00:00
489,0.0,130705,0.0,10434.5,2011-05-05,6761.75,10292.29,8831.259375,957.6883190786037,12.1,20.1,15.35,2.940545614446118,18.2,10.8,0.0,429.65,113.06291666666668,155.34642616133556,18:30:00
490,0.0,130705,0.0,10288.19,2011-05-06,6790.57,10434.5,8870.621874999999,993.3082958084773,10.8,18.2,14.525,2.590448905482386,18.5,7.8,0.0,496.55,124.03416666666668,173.19763472948046,18:30:00
491,0.0,130705,0.0,9630.95,2011-05-07,6809.2,10288.19,8891.606249999999,964.9922643006555,7.8,18.5,12.654166666666667,3.4355437696102493,20.3,7.8,0.0,589.65,143.47625,204.61488810066294,18:00:00
492,0.0,130705,0.0,9529.96,2011-05-08,6814.93,9630.95,8293.993124999999,740.9845599481249,7.8,20.3,12.679166666666667,4.38007861259159,21.5,5.8,0.0,607.62,162.57458333333332,226.25310437469008,18:30:00
493,0.0,130705,0.0,11129.35,2011-05-09,6453.04,9529.96,7973.159791666666,870.9602650107603,5.8,21.5,12.950000000000001,5.025932749251624,16.9,7.6,0.0,597.75,163.94416666666666,229.07001462512417,18:30:00
494,0.0,130705,0.0,11084.76,2011-05-10,6623.71,11129.35,9111.807708333334,1323.4962851417445,7.6,16.9,12.424999999999999,3.0147509688621565,16.3,6.8,0.0,399.15,85.9325,123.19560171929322,18:30:00
495,0.0,130705,0.0,11928.67,2011-05-11,6890.48,11084.76,9233.624791666667,1120.2893634995235,6.8,16.3,11.616666666666667,3.113915027038428,15.2,2.0,0.0,547.33,141.51083333333335,200.24003350588944,18:30:00
496,0.0,130705,0.0,11711.74,2011-05-12,6856.93,11928.67,9621.229583333334,1391.5520366963874,2.0,15.2,9.064583333333333,4.110727511494635,16.2,3.5,0.0,355.2,88.5425,120.06850906523717,18:30:00
497,0.0,130705,0.0,10846.39,2011-05-13,7161.11,11711.74,9688.4075,1264.3380819386975,3.5,16.2,10.216666666666667,3.926469549171032,20.4,5.7,0.0,627.1,164.49666666666667,232.38119788658818,18:30:00
498,0.0,130705,0.0,10659.54,2011-05-14,7204.68,10846.39,9358.653124999999,987.5839572802204,5.7,20.4,13.025,4.93051721424842,16.7,7.9,0.0,579.62,135.42875,193.7107949476624,18:00:00
499,0.0,130705,0.0,10728.23,2011-05-15,6953.39,10659.54,8825.915625,984.549967323674,7.9,16.7,12.441666666666668,2.512846426489404,18.5,4.8,0.0,583.62,146.12583333333333,209.52510603473092,18:30:00
500,0.0,130705,0.0,11726.81,2011-05-16,6952.0,10728.23,8711.891041666668,1070.7636186191921,4.8,18.5,10.237499999999999,4.761397300721622,19.3,3.1,0.0,599.47,157.88875,223.45160684972348,18:30:00
501,0.0,130705,0.0,11496.63,2011-05-17,7132.85,11726.81,9677.938541666666,1355.576952972329,3.1,19.3,9.516666666666667,5.562348093391562,18.1,3.8,0.0,620.55,165.96416666666667,232.85885675555386,18:30:00
502,0.0,130705,0.0,11269.4,2011-05-18,7476.61,11496.63,9743.492916666666,1121.2799688823673,3.8,18.1,10.164583333333333,5.111875601295533,20.4,5.1,0.0,552.72,137.10791666666668,194.73516875717783,18:30:00
503,0.0,130705,0.0,10955.47,2011-05-19,7294.0,11269.4,9548.961874999999,1072.7976621713149,5.1,20.4,11.816666666666668,5.142742596945692,20.9,9.3,0.0,564.62,138.99666666666667,202.7262886266964,18:00:00
504,0.0,130705,0.0,10730.51,2011-05-20,7210.35,10955.47,9379.709583333333,1019.5704320520067,9.3,20.9,13.7875,3.774924263013679,22.5,7.8,0.0,526.6,124.18875000000001,182.02881696547684,18:00:00
505,0.0,130705,0.0,9912.68,2011-05-21,7202.9,10730.51,9292.679166666667,978.1292649961189,7.8,22.5,13.897916666666667,4.814406111419534,23.2,8.0,0.0,572.8,148.84833333333333,212.3919385674506,18:00:00
506,0.0,130705,0.0,9846.75,2011-05-22,6936.05,9912.68,8510.875416666668,763.1300890271248,8.0,23.2,15.200000000000001,4.662936705918735,22.4,8.4,0.0,573.33,148.67166666666668,212.15714702392975,18:00:00
507,1.0,130705,0.0,10765.65,2011-05-23,6533.21,9846.75,8137.312291666666,885.2176492631497,8.4,22.4,14.985416666666666,4.591898026118338,22.6,11.7,0.0,476.92,117.71916666666668,172.50366478171,18:00:00
508,0.0,130705,0.0,11338.85,2011-05-24,6580.69,10765.65,8869.262083333333,1218.758125103668,11.7,22.6,16.879166666666666,3.38085714508333,18.0,8.0,0.0,543.17,123.0075,189.87825099257682,18:00:00
509,1.4,130705,0.0,11853.32,2011-05-25,6892.0,11338.85,9226.445,1207.2034833290134,8.0,18.0,12.7875,2.7324390943359234,14.6,11.3,0.0,521.7,104.25416666666666,167.2121687879807,18:00:00
510,0.0,130705,0.0,11307.67,2011-05-26,6980.73,11853.32,9657.980833333333,1339.2554601318243,11.3,14.6,12.597916666666668,0.908234102198967,18.7,6.9,0.0,349.95,80.66333333333334,119.92475843846768,18:00:00
511,0.0,130705,0.0,11304.68,2011-05-27,7159.81,11307.67,9491.170416666666,1138.2451461508601,6.9,18.7,12.6875,3.151131171432644,17.1,3.6,0.0,254.45,72.28083333333333,100.17661621618505,18:30:00
512,0.0,130705,0.0,10769.0,2011-05-28,7270.33,11304.68,9566.268958333332,1106.8278875529154,3.6,17.1,9.595833333333333,4.495291074443526,17.4,7.2,0.0,545.4,129.03708333333333,188.14099972489322,18:00:00
513,0.0,130705,0.0,10745.49,2011-05-29,7219.43,10769.0,9076.287291666666,925.9745867123935,7.2,17.4,11.691666666666668,3.5370881962147083,16.9,8.4,0.0,278.17,74.81458333333333,107.3594586247792,18:00:00
514,13.6,130705,0.0,12114.34,2011-05-30,6946.15,10745.49,8810.303333333333,1076.2189545918131,8.4,16.9,12.464583333333332,3.1425351998457387,15.9,11.0,0.0,258.08,53.14625,78.55650502270947,18:00:00
515,60.0,130705,0.0,11388.94,2011-05-31,6898.27,12114.34,9741.768541666666,1548.0983086079673,11.0,15.9,13.862499999999999,1.4768605287150842,19.5,14.6,0.0,189.38,35.48875,55.037112270972756,18:00:00
516,16.6,147128,0.0,11120.22,2011-06-01,7156.54,11388.94,9479.807291666666,1121.479437683914,14.6,19.5,17.204166666666666,1.3158539551202748,19.0,13.5,0.0,214.95,46.076249999999995,66.78557977954043,18:00:00
517,2.4,147128,0.0,10936.85,2011-06-02,6969.24,11120.22,9268.4475,1099.75659038523,13.5,19.0,16.91875,1.3349087545516833,18.7,10.4,0.0,316.85,75.54916666666666,110.07534789007283,18:00:00
518,0.0,147128,0.0,10605.46,2011-06-03,7017.94,10936.85,9220.020208333333,1098.7232951572626,10.4,18.7,15.029166666666667,2.319387146982722,19.7,7.9,0.0,451.33,109.3525,161.00578771809234,18:30:00
519,0.0,147128,0.0,10373.72,2011-06-04,7120.5,10605.46,9194.576875,969.443292566818,7.9,19.7,12.354166666666666,3.981070011908396,18.7,8.6,0.0,546.12,136.67458333333335,199.44455598367387,18:00:00
520,0.2,147128,0.0,10641.26,2011-06-05,6914.31,10373.72,8769.286666666667,918.0807472537552,8.6,18.7,13.477083333333333,3.36459915625465,16.8,8.7,0.0,361.15,77.40208333333332,116.43751360860732,18:00:00
521,0.0,147128,0.0,11906.9,2011-06-06,6837.16,10641.26,8559.272916666667,1042.508230854713,8.7,16.8,12.439583333333333,2.3570392158910356,17.1,3.5,0.0,540.9,133.12958333333333,195.7718376880025,18:30:00
522,0.0,147128,0.0,12458.3,2011-06-07,6907.87,11906.9,9568.894791666668,1445.0085949077938,3.5,17.1,10.733333333333334,3.9893119618648543,14.4,4.0,0.0,519.22,115.92750000000001,173.80736196243365,18:00:00
523,0.4,147128,0.0,12736.43,2011-06-08,7366.16,12458.3,10094.165833333334,1413.0942769663422,4.0,14.4,8.6875,3.0789349498701517,13.4,3.8,0.0,517.17,116.78125,174.0697778267657,18:30:00
524,0.0,147128,0.0,12367.92,2011-06-09,7354.23,12736.43,10154.150833333333,1476.7385139554292,3.8,13.4,9.489583333333334,2.374083436427745,15.8,5.0,0.0,542.9,138.66833333333332,201.5777532851866,18:30:00
525,0.0,147128,0.0,12058.56,2011-06-10,7581.7,12367.92,10190.487291666666,1338.9406573978308,5.0,15.8,10.00625,3.690205913069224,15.8,4.0,0.0,533.42,128.21875,190.60426867666408,18:30:00
526,1.4,147128,0.0,11188.64,2011-06-11,7519.97,12058.56,10106.130625,1241.9194991666072,4.0,15.8,10.19375,3.6508469579863667,14.9,8.5,0.0,443.42,87.73583333333333,137.6135715811974,18:00:00
527,1.2,147128,0.0,10926.82,2011-06-12,7250.59,11188.64,9364.590624999999,1054.617660839661,8.5,14.9,12.277083333333332,1.6748756172723194,15.5,11.5,0.0,317.17,78.29041666666667,115.2023608599018,18:00:00
528,3.6,147128,0.0,11287.52,2011-06-13,6802.36,10926.82,8984.724166666667,1198.3064770818496,11.5,15.5,13.777083333333332,0.8980450596033669,16.3,12.4,0.0,207.48,48.90625,70.42194582460361,18:30:00
529,7.0,147128,0.0,12032.11,2011-06-14,6774.55,11287.52,8937.943333333335,1285.0016551563704,12.4,16.3,14.108333333333334,1.0866370791777595,16.7,14.2,0.0,295.38,65.49041666666666,99.87321796579889,18:00:00
530,4.6,147128,0.0,11700.25,2011-06-15,6981.74,12032.11,9736.0775,1390.9405053133203,14.2,16.7,15.614583333333334,0.6378119456502716,17.3,14.2,0.0,305.67,62.986250000000005,97.64589566332842,18:00:00
531,9.2,147128,0.0,11542.68,2011-06-16,7126.8,11700.25,9697.207708333333,1250.8068902218874,14.2,17.3,15.9125,0.8976624489976314,16.6,7.0,0.0,259.83,50.41833333333333,78.19219026501122,18:00:00
532,0.0,147128,0.0,11471.28,2011-06-17,7115.95,11542.68,9601.092083333333,1211.7229858503624,7.0,16.6,13.56875,2.7585192026682286,18.0,4.9,0.0,331.2,73.245,108.48762760127623,18:30:00
533,0.0,147128,0.0,10873.65,2011-06-18,7122.97,11471.28,9595.425416666667,1186.0025169144806,4.9,18.0,11.397916666666667,3.939353526363654,17.0,4.8,0.0,524.08,126.00791666666667,185.8802153608303,18:00:00
534,0.0,147128,0.0,10985.96,2011-06-19,7016.02,10873.65,8993.532916666667,1022.7124887694131,4.8,17.0,12.314583333333333,2.985282308424599,17.9,4.9,0.0,517.1,127.97375,188.45021126281603,18:00:00
535,0.0,147128,0.0,11693.97,2011-06-20,6899.75,10985.96,8721.083333333334,1151.9536676120358,4.9,17.9,10.424999999999999,4.3704277019386035,18.9,3.1,0.0,514.65,122.47958333333334,185.80841695554275,18:30:00
536,0.0,147128,0.0,12159.88,2011-06-21,6843.73,11693.97,9483.679375,1407.8328190088207,3.1,18.9,11.197916666666666,5.46553960986016,20.4,9.8,0.0,509.27,125.21166666666666,184.13418998554076,18:00:00
537,0.0,147128,0.0,12354.12,2011-06-22,7091.07,12159.88,9785.637916666667,1397.2229232118825,9.8,20.4,13.15,3.3907257743137746,15.5,6.2,0.0,494.65,117.39416666666666,175.76518553787355,18:00:00
538,0.0,147128,0.0,11528.74,2011-06-23,7282.36,12354.12,9960.708958333335,1387.2928049741106,6.2,15.5,10.845833333333333,2.6905633621369645,19.2,6.1,0.0,520.62,129.55416666666667,191.17982336548158,18:30:00
539,0.0,147128,0.0,11451.68,2011-06-24,7268.79,11528.74,9686.573333333334,1182.7152138524364,6.1,19.2,12.475,4.351448768281516,17.5,2.9,0.0,518.05,129.78833333333333,190.01499619244316,18:30:00
540,0.0,147128,0.0,10864.1,2011-06-25,7327.95,11451.68,9735.628541666667,1182.4817767153058,2.9,17.5,9.129166666666666,5.011347053515666,18.8,4.7,0.0,519.7,131.14541666666668,191.443222928214,18:00:00
541,0.0,147128,0.0,10926.03,2011-06-26,7268.43,10864.1,9124.386041666667,982.7045437275237,4.7,18.8,10.0,4.956663256496034,20.0,3.7,0.0,508.92,126.62916666666666,185.19251772008374,18:30:00
542,0.0,147128,0.0,11937.5,2011-06-27,6977.15,10926.03,8772.330625,1116.6726508074348,3.7,20.0,9.393749999999999,5.501698238783939,18.3,2.0,0.0,526.25,133.19125,194.73676211119766,18:30:00
543,0.0,147128,0.0,11996.36,2011-06-28,7157.53,11937.5,9720.623541666666,1409.114591041903,2.0,18.3,9.220833333333333,5.793648699069261,16.1,5.5,0.0,482.3,118.27041666666666,174.07295382094932,18:30:00
544,0.8,147128,0.0,11713.4,2011-06-29,7453.35,11996.36,9920.197916666666,1238.0841045572251,5.5,16.1,11.733333333333334,3.763561765551426,17.2,10.1,0.0,266.2,67.41833333333334,97.46741280482031,18:00:00
545,2.6,147128,0.0,11602.13,2011-06-30,7228.83,11713.4,9682.923333333334,1189.04455424161,10.1,17.2,13.50625,1.6368634055750153,16.3,11.2,0.0,315.8,77.89333333333333,114.92780157945474,18:00:00
546,1.2,149418,0.0,11419.11,2011-07-01,7140.74,11602.13,9603.784791666667,1206.7046145316044,11.2,16.3,13.125,1.7652074798188753,16.4,9.3,0.0,262.67,67.88083333333333,97.92511455695575,18:30:00
547,1.2,149418,0.0,10495.64,2011-07-02,7241.26,11419.11,9619.132916666667,1130.0095893228179,9.3,16.4,13.135416666666666,2.2376364414201935,18.8,7.3,0.0,260.15,68.37208333333334,98.88678399979793,18:00:00
548,0.0,149418,0.0,10429.98,2011-07-03,7049.71,10495.64,8797.77625,914.5179494315282,7.3,18.8,12.960416666666667,3.0894976237854412,19.6,5.8,0.0,430.65,109.46041666666667,159.64086389233418,18:30:00
549,0.0,149418,0.0,10990.02,2011-07-04,6699.28,10429.98,8440.905625,1019.2188726372892,5.8,19.6,12.479166666666666,4.963610488144107,19.9,12.0,0.0,486.3,124.63541666666667,180.8871380841954,18:30:00
550,2.2,149418,0.0,11564.27,2011-07-05,6650.33,10990.02,9039.800833333333,1247.4389542712433,12.0,19.9,16.006249999999998,2.3305013842792834,16.3,8.5,0.0,463.58,107.61958333333332,160.70437211158924,18:00:00
551,0.0,149418,0.0,11409.05,2011-07-06,6883.88,11564.27,9425.956458333332,1256.0765260507414,8.5,16.3,13.15625,2.030292532113894,17.0,5.6,0.0,538.2,137.1775,199.46632114272518,18:00:00
552,0.0,149418,0.0,11615.54,2011-07-07,6992.94,11409.05,9387.832083333333,1196.5047047305652,5.6,17.0,12.362499999999999,3.021809025606027,16.4,7.7,0.0,509.75,128.18916666666667,186.77496901161783,18:30:00
553,0.0,149418,0.0,11544.42,2011-07-08,7008.25,11615.54,9478.352083333333,1239.8548521894413,7.7,16.4,12.927083333333334,2.1745862490620884,16.2,1.0,0.0,526.53,132.555,193.2581666519156,18:30:00
554,0.0,149418,0.0,11274.29,2011-07-09,7394.1,11544.42,9791.772291666666,1192.1628322350596,1.0,16.2,8.752083333333333,4.545982073676093,16.0,3.7,0.0,551.58,140.58625,205.00003634535224,18:30:00
555,0.0,149418,0.0,11309.1,2011-07-10,7189.78,11274.29,9271.054166666667,1110.3115415280322,3.7,16.0,10.179166666666667,3.514768739302792,15.9,2.9,0.0,544.47,137.89666666666668,200.70233937651466,18:30:00
556,0.0,149418,0.0,12055.05,2011-07-11,6959.94,11309.1,9036.593333333332,1248.9200198764652,2.9,15.9,9.879166666666666,4.099193399294879,16.7,3.6,0.0,557.8,142.75166666666667,206.564667030081,18:30:00
557,0.0,149418,0.0,11960.01,2011-07-12,7062.39,12055.05,9713.643958333332,1458.6730226166264,3.6,16.7,10.866666666666667,3.5859259959216887,17.8,3.4,0.0,546.33,138.27875,201.0651270997492,18:30:00
558,0.0,149418,0.0,12537.66,2011-07-13,7421.79,11960.01,9881.323125,1231.7457011971603,3.4,17.8,10.44375,4.533135979486015,12.2,7.8,0.0,552.0,143.12958333333333,206.92549302503178,18:30:00
559,0.0,149418,0.0,12376.63,2011-07-14,7284.91,12537.66,10211.847083333332,1465.9224120029646,7.8,12.2,10.78125,0.9568690632763307,14.0,5.2,0.0,229.8,51.83083333333334,76.85822017065851,18:00:00
560,0.0,149418,0.0,12264.18,2011-07-15,7612.08,12376.63,10091.595625,1299.0645434572093,5.2,14.0,10.133333333333333,2.5761866369990507,13.3,4.0,0.0,470.17,114.71083333333333,166.64849903995386,18:30:00
561,2.4,149418,0.0,11159.97,2011-07-16,7605.67,12264.18,10267.276458333334,1294.7024743792617,4.0,13.3,8.960416666666667,3.0723710147835783,16.2,8.7,0.0,359.67,79.34833333333334,117.11847587739508,18:00:00
562,1.0,149418,0.0,11102.21,2011-07-17,7263.5,11159.97,9370.648541666667,1044.405700468055,8.7,16.2,11.28125,2.4232610567035837,15.7,7.1,0.0,350.9,85.8525,127.73286599925243,18:00:00
563,0.0,149418,0.0,11752.82,2011-07-18,6821.4,11102.21,8914.539166666667,1211.272477086897,7.1,15.7,11.722916666666668,2.314178277335344,18.2,7.2,0.0,281.73,73.05583333333333,104.59142339199289,18:30:00
564,0.0,149418,0.0,12883.81,2011-07-19,6918.36,11752.82,9579.115,1401.9944418046248,7.2,18.2,12.03125,3.5067203717943425,13.9,5.6,0.0,530.2,126.92541666666666,186.60074655455247,18:30:00
565,21.4,149418,0.0,12001.53,2011-07-20,7518.31,12883.81,10341.10125,1485.6410004519716,5.6,13.9,9.30625,2.2630619673542083,16.7,11.7,0.0,542.58,127.84625,190.21083732996382,18:30:00
566,7.6,149418,0.0,12553.71,2011-07-21,7367.69,12001.53,9963.3075,1241.5281810299305,11.7,16.7,13.84375,1.235624788121894,12.3,10.9,0.0,281.75,68.55791666666667,100.15459318470076,18:30:00
567,50.0,149418,0.0,12075.02,2011-07-22,7363.17,12553.71,10207.740625,1461.9616298155,10.9,12.3,11.583333333333334,0.3204606613314537,12.7,9.5,0.0,215.12,59.584583333333335,83.13394026684155,18:00:00
568,23.6,149418,0.0,11341.1,2011-07-23,7204.09,12075.02,10069.334166666666,1385.4130162193271,9.5,12.7,11.520833333333334,0.7505907838647463,14.9,7.9,0.0,146.77,33.72375,50.108953212188304,18:00:00
569,1.0,149418,0.0,11676.46,2011-07-24,7313.93,11341.1,9484.314583333333,1109.7935397966107,7.9,14.9,10.835416666666667,2.37679290295686,14.5,4.9,0.0,360.58,92.47916666666667,133.95734697606267,18:30:00
570,0.2,149418,0.0,11999.1,2011-07-25,7169.59,11676.46,9309.666458333333,1273.9282280035275,4.9,14.5,9.672916666666667,3.075416566375617,17.8,5.9,0.0,472.4,112.73041666666666,165.07862360754987,18:30:00
571,0.0,149418,0.0,11881.1,2011-07-26,7178.53,11999.1,9823.206250000001,1413.1245977629355,5.9,17.8,10.672916666666666,4.229719551255084,17.6,3.8,0.0,559.5,122.54083333333334,182.9826403530329,18:30:00
572,0.0,149418,0.0,12030.48,2011-07-27,7421.56,11881.1,9836.33875,1241.968077961347,3.8,17.6,10.220833333333333,4.8600393279791,16.3,4.4,0.0,568.88,127.46416666666666,188.60566430183795,18:30:00
573,0.0,149418,0.0,11572.17,2011-07-28,7466.15,12030.48,9899.263541666667,1264.5371180699092,4.4,16.3,10.208333333333334,3.822599835654538,19.2,4.6,0.0,459.95,102.23375,148.7751322609236,18:30:00
574,0.0,149418,0.0,11314.46,2011-07-29,7511.3,11572.17,9727.72625,1163.0100288047963,4.6,19.2,10.685416666666667,4.920862646365692,19.1,3.8,0.0,588.35,156.34833333333333,221.24114713706584,19:00:00
575,0.0,149418,0.0,10657.41,2011-07-30,7415.92,11314.46,9669.377916666666,1143.2122961869397,3.8,19.1,10.045833333333333,5.315091253728479,19.7,3.9,0.0,608.58,161.25583333333333,227.52110457950496,18:30:00
576,0.0,149418,0.0,10657.64,2011-07-31,7208.21,10657.41,8999.220208333334,959.9978263040314,3.9,19.7,10.31875,5.594931454336452,19.8,3.7,0.0,616.65,163.22041666666667,230.87249211584336,18:30:00
577,0.0,151441,0.0,11064.34,2011-08-01,6939.18,10657.64,8672.432916666667,1027.4846619882462,3.7,19.8,10.752083333333333,5.156982029489949,21.9,5.1,0.0,580.25,153.32,216.80731092672258,18:30:00
578,0.0,151441,0.0,10851.77,2011-08-02,7002.63,11064.34,9299.539166666667,1193.7358236098576,5.1,21.9,12.549999999999999,5.575783505672333,22.1,4.9,0.0,556.22,146.0625,204.95545273380543,18:30:00
579,0.0,151441,0.0,10496.71,2011-08-03,7181.96,10851.77,9290.915625,1000.9445647113201,4.9,22.1,12.189583333333333,5.707115364187222,24.8,7.7,0.0,602.08,156.55291666666668,220.97666541590613,19:00:00
580,0.0,151441,0.0,10383.83,2011-08-04,6950.53,10496.71,9135.568958333333,986.0573678862315,7.7,24.8,14.070833333333333,5.717236288639979,25.3,7.3,0.0,491.17,109.68166666666667,162.51509510685045,18:30:00
581,0.0,151441,485.925,10031.96,2011-08-05,6956.21,10383.83,8997.445833333333,931.949625179188,7.3,25.3,15.266666666666666,6.279596590015423,23.4,6.5,0.0,599.35,160.68375,225.45715507844014,18:30:00
582,0.0,151441,0.0,9491.69,2011-08-06,6959.75,10031.96,8879.713958333334,854.8043408046458,6.5,23.4,14.518749999999999,6.0729836422592935,22.9,5.7,0.0,605.15,163.0425,227.74677413461512,08:30:00
583,1.2,151441,0.0,10103.32,2011-08-07,6702.49,9491.69,8281.908541666666,747.9556885185046,5.7,22.9,14.302083333333334,5.563272019897632,18.8,10.8,0.0,516.88,147.98666666666665,204.53298169330688,18:30:00
584,1.2,151441,0.0,11448.0,2011-08-08,6504.74,10103.32,8235.744791666666,1004.5046044862103,10.8,18.8,14.483333333333334,2.1460833531960604,16.2,5.3,0.0,368.55,86.15958333333333,125.7412394936409,18:30:00
585,0.0,151441,0.0,11731.44,2011-08-09,6745.8,11448.0,9266.085000000001,1340.602392946718,5.3,16.2,11.358333333333334,3.375810908623311,15.4,4.5,0.0,565.42,148.61541666666668,209.1282063223656,18:30:00
586,0.0,151441,0.0,11627.38,2011-08-10,7196.2,11731.44,9719.045416666666,1243.2406008303512,4.5,15.4,9.452083333333333,3.3543867488697408,17.3,3.3,0.0,457.95,116.11625,164.6878550874286,18:30:00
587,0.0,151441,0.0,11637.49,2011-08-11,7352.27,11627.38,9647.149583333334,1154.7173855563983,3.3,17.3,9.845833333333333,4.6722338879326335,16.6,2.1,0.0,613.28,155.72916666666666,222.7504003562401,18:30:00
588,8.4,151441,0.0,11059.76,2011-08-12,7292.51,11637.49,9694.515,1190.9029806527735,2.1,16.6,9.739583333333334,4.729479283259431,16.1,8.3,0.0,511.27,140.95083333333335,196.73652908906922,19:00:00
589,0.0,151441,0.0,10382.26,2011-08-13,7267.23,11059.76,9446.7525,1021.0524011736866,8.3,16.1,12.308333333333332,1.928380792859518,18.5,4.6,0.0,454.2,120.73416666666667,166.96272840970877,18:30:00
590,0.4,151441,0.0,10504.59,2011-08-14,7155.93,10382.26,8825.900625,846.2071097083025,4.6,18.5,11.38125,4.213789735638242,15.7,9.1,0.0,496.9,138.13750000000002,190.9598168380157,18:30:00
591,0.0,151441,0.0,11417.66,2011-08-15,6796.01,10504.59,8542.460000000001,1021.1768773623769,9.1,15.7,12.310416666666667,2.1774706762891882,17.2,7.2,0.0,244.45,64.45583333333333,89.02836498347709,18:30:00
592,0.0,151441,0.0,10920.83,2011-08-16,6879.84,11417.66,9316.724166666667,1281.8245360503,7.2,17.2,12.025,3.230143926705751,17.9,7.7,0.0,528.83,142.21708333333333,201.42904390251735,18:30:00
593,0.0,151441,0.0,11539.07,2011-08-17,7193.62,10920.83,9249.205416666666,1000.0283788589328,7.7,17.9,12.158333333333333,3.325583188870683,15.8,6.6,0.0,509.58,135.04958333333335,184.32886815109902,18:30:00
594,8.4,151441,0.0,11169.73,2011-08-18,6844.15,11539.07,9480.911041666666,1288.7457262570065,6.6,15.8,12.235416666666666,3.038020743092613,17.6,6.7,0.0,236.3,48.767500000000005,72.17082196118588,18:00:00
595,0.8,151441,0.0,11396.53,2011-08-19,7008.05,11169.73,9265.605,1115.1616253585578,6.7,17.6,13.308333333333332,2.928570440111529,16.2,6.5,0.0,563.78,148.40625,205.85161103432134,18:30:00
596,13.6,151441,0.0,10233.12,2011-08-20,7128.24,11396.53,9669.524374999999,1207.3030555762953,6.5,16.2,11.825000000000001,3.3118420663341475,17.3,12.9,0.0,284.83,77.52374999999999,107.42405396223349,18:30:00
597,2.0,151441,0.0,10480.0,2011-08-21,6943.26,10233.12,8652.875625,857.628589725468,12.9,17.3,15.222916666666668,1.2919125824015247,16.7,10.0,0.0,598.95,149.07708333333332,206.68700204331302,18:30:00
598,0.0,151441,0.0,11174.28,2011-08-22,6693.43,10480.0,8413.598958333334,1035.0897455596403,10.0,16.7,14.418750000000001,1.2858735337041713,16.0,9.2,0.0,525.9,136.47875000000002,186.8019524406485,18:30:00
599,0.2,151441,0.0,10863.28,2011-08-23,6869.35,11174.28,9211.304166666667,1233.2861966339372,9.2,16.0,13.583333333333334,1.975954747235008,17.0,8.6,0.0,498.0,143.53,193.24188314956848,18:30:00
600,0.0,151441,0.0,10495.38,2011-08-24,6994.69,10863.28,9191.486458333333,1027.4220094840755,8.6,17.0,12.581249999999999,2.515793200072675,19.1,6.6,0.0,536.95,142.64166666666668,193.22597110894,18:30:00
601,0.0,151441,0.0,10146.55,2011-08-25,7034.67,10495.38,9048.398125,927.0711590229486,6.6,19.1,12.720833333333333,4.347410984655527,22.1,5.5,0.0,612.83,155.145,213.10766042273343,19:00:00
602,0.0,151441,0.0,9941.81,2011-08-26,6924.36,10146.55,8858.13875,892.1889770876473,5.5,22.1,12.975,5.592415076063178,19.3,6.8,0.0,729.72,207.4054166666667,277.7450147087565,19:00:00
603,0.0,151441,0.0,9760.19,2011-08-27,6984.26,9941.81,8841.085416666667,833.4770244365781,6.8,19.3,13.466666666666667,4.5901065362564735,19.6,8.7,0.0,722.25,200.17208333333335,267.82972769080186,18:30:00
604,0.0,151441,0.0,9647.79,2011-08-28,6818.58,9760.19,8465.57625,793.2712314118287,8.7,19.6,13.627083333333333,3.253785983581336,20.4,9.2,0.0,344.58,73.425,103.0193232803872,18:30:00
605,0.0,151441,0.0,10439.7,2011-08-29,6638.48,9647.79,8030.572499999999,825.1530714229476,9.2,20.4,14.297916666666666,3.4186901549989175,22.1,8.1,0.0,654.72,176.11666666666667,237.2440035525265,18:30:00
606,0.0,151441,0.0,10775.43,2011-08-30,6677.09,10439.7,8796.689583333333,1062.6927351077943,8.1,22.1,14.245833333333332,4.9796162516989595,16.6,9.8,0.0,649.6,189.83124999999998,252.36699564303888,18:30:00
607,0.0,151441,0.0,10354.61,2011-08-31,6962.4,10775.43,9086.658958333333,1006.6929111324993,9.8,16.6,14.302083333333334,1.4208911772506194,18.4,7.9,0.0,459.42,128.4466666666667,169.704487933651,18:30:00
608,0.0,153231,0.0,10211.69,2011-09-01,7014.54,10354.61,8927.241458333334,871.7760925028449,7.9,18.4,14.168750000000001,3.055943372122104,18.2,11.1,0.0,610.47,162.96625,218.66539793906824,18:30:00
609,0.0,153231,0.0,10111.38,2011-09-02,6931.36,10211.69,8793.651666666667,854.9200335114917,11.1,18.2,15.21875,2.1653613771417053,17.1,8.5,0.0,630.92,169.6375,228.44142635593025,18:30:00
610,0.0,153231,0.0,9431.07,2011-09-03,6795.8,10111.38,8796.7475,918.2811382872029,8.5,17.1,13.331249999999999,2.183707198243294,19.7,6.6,0.0,549.33,149.93041666666667,202.03698013838877,19:00:00
611,0.0,153231,0.0,9237.76,2011-09-04,6716.45,9431.07,8171.446666666667,722.6472616774583,6.6,19.7,13.358333333333334,4.3575238593032575,21.2,6.1,0.0,689.97,195.92958333333334,259.03535130021726,18:30:00
612,0.0,153231,0.0,10169.53,2011-09-05,6408.14,9237.76,7774.772083333333,767.6911736207087,6.1,21.2,14.225,5.129700750261564,22.3,10.6,0.0,763.75,218.36791666666667,288.31166740258885,19:00:00
613,0.0,153231,0.0,10160.6,2011-09-06,6507.22,10169.53,8620.418333333333,1067.9173209417374,10.6,22.3,16.522916666666667,3.7301668198012394,25.4,10.5,0.0,704.12,196.83666666666667,261.0978644606012,18:30:00
614,1.2,153231,0.0,10160.66,2011-09-07,6548.41,10160.6,8633.352708333334,958.8168330718181,10.5,25.4,18.414583333333333,4.9527550718179505,19.1,11.2,0.0,742.83,214.6075,282.80671707053347,18:30:00
615,0.0,153231,0.0,10401.83,2011-09-08,6691.69,10160.66,8684.189791666666,933.7961062119238,11.2,19.1,14.404166666666667,2.1238221600162026,17.7,10.6,0.0,748.05,208.95125,283.2974473837505,19:00:00
616,13.8,153231,0.0,10809.74,2011-09-09,6778.38,10401.83,8870.6525,985.4019348674054,10.6,17.7,14.458333333333334,2.210789146997576,13.7,9.5,0.0,368.73,101.17625,131.36040427453858,18:30:00
617,1.6,153231,0.0,10157.7,2011-09-10,6690.1,10809.74,9179.355625,1207.68743976652,9.5,13.7,11.829166666666666,1.1300458159292892,16.3,5.2,0.0,237.52,52.37916666666666,71.77097755711252,18:30:00
618,0.0,153231,0.0,10139.17,2011-09-11,6883.12,10157.7,8606.550000000001,860.5104399208449,5.2,16.3,11.702083333333334,3.5770241752544276,17.7,6.9,0.0,725.4,191.78625,256.15972611123516,18:30:00
619,0.2,153231,0.0,10694.88,2011-09-12,6533.71,10139.17,8188.2595833333335,970.8712375105954,6.9,17.7,13.260416666666666,3.095689493427324,17.1,7.4,0.0,793.6,212.845,281.19261444441435,19:00:00
620,0.0,153231,0.0,10244.11,2011-09-13,6846.4,10694.88,8997.896875,1113.424328501285,7.4,17.1,12.089583333333332,3.328806545022465,22.9,4.0,0.0,592.67,185.21916666666667,232.5463060872451,19:00:00
621,0.0,153231,0.0,9789.78,2011-09-14,6985.34,10244.11,8923.154583333333,876.9049076031828,4.0,22.9,13.404166666666667,6.536866265067375,25.7,4.7,0.0,840.5,247.30375,319.7448916207313,19:00:00
622,0.0,153231,0.0,9802.14,2011-09-15,6899.41,9789.78,8673.488333333333,764.9430546079279,4.7,25.7,15.520833333333334,7.142142188129622,20.2,11.9,0.0,831.53,248.8670833333333,319.74898682792144,19:00:00
623,0.0,153231,0.0,9372.8,2011-09-16,6711.83,9802.14,8551.692291666666,808.6596979932074,11.9,20.2,15.922916666666666,2.2153468181805502,24.2,7.3,0.0,750.0,217.85,285.62011797215115,19:00:00
624,0.0,153231,0.0,8939.25,2011-09-17,6665.41,9372.8,8477.824583333333,797.187602021534,7.3,24.2,15.06875,5.324577947513673,23.2,8.8,0.0,803.17,211.65374999999997,269.56917882590426,19:00:00
625,0.0,153231,0.0,8965.39,2011-09-18,6357.01,8939.25,7786.675833333334,673.4258021105414,8.8,23.2,16.3625,4.924391095310614,29.4,8.8,0.0,821.9,239.42208333333335,309.1225957100938,18:30:00
626,0.0,153231,0.0,9767.35,2011-09-19,5958.17,8965.39,7497.380416666667,825.2106235327517,8.8,29.4,17.258333333333333,5.664741016157918,22.1,10.8,0.0,800.45,239.63958333333335,309.4549953939842,19:00:00
627,0.0,153231,0.0,9692.28,2011-09-20,6165.48,9767.35,8373.943333333333,1114.4217550711612,10.8,22.1,17.5625,3.3660776466689297,27.2,12.3,0.0,809.55,222.97458333333336,291.89068722950384,18:30:00
628,0.0,153231,0.0,9582.52,2011-09-21,6302.17,9692.28,8401.009583333334,997.0127981593012,12.3,27.2,19.59375,4.365210932974683,21.4,6.9,0.0,740.65,205.55375,269.8170763753165,19:00:00
629,0.0,153231,0.0,9648.56,2011-09-22,6486.88,9582.52,8418.587708333334,858.183079580118,6.9,21.4,14.214583333333332,4.640432370873698,22.8,7.5,0.0,870.83,264.62708333333336,334.5218605629587,19:00:00
630,0.0,153231,0.0,9272.15,2011-09-23,6566.08,9648.56,8505.281666666668,877.0229701577928,7.5,22.8,15.285416666666668,5.205234255293633,30.6,8.4,0.0,849.28,248.41458333333333,320.17190548275937,19:00:00
631,0.0,153231,0.0,9034.74,2011-09-24,6374.61,9272.15,8355.956041666666,933.037769356471,8.4,30.6,17.974999999999998,7.117718376953181,17.4,13.2,0.0,866.62,256.0570833333333,331.2650640217167,18:30:00
632,15.6,153231,0.0,9644.48,2011-09-25,6181.28,9034.74,7805.8075,793.6823817390557,13.2,17.4,15.072916666666666,1.3328484268955771,15.1,12.0,0.0,270.8,83.32708333333333,100.21178501125425,18:30:00
633,27.8,153231,0.0,10014.74,2011-09-26,5992.43,9644.48,7892.665208333333,1098.363018682106,12.0,15.1,13.929166666666667,0.7699014397637896,17.7,10.8,0.0,198.6,44.156666666666666,54.445416735902576,19:00:00
634,0.0,153231,0.0,9793.67,2011-09-27,6236.93,10014.74,8448.881458333333,1107.650738332086,10.8,17.7,14.8375,1.9981507408047887,19.7,7.7,0.0,744.7,215.26895833333333,274.9700411900965,19:00:00
635,0.0,153231,0.0,10276.79,2011-09-28,6662.12,9793.67,8494.6625,825.0625961797645,7.7,19.7,14.716666666666667,3.7247495036912524,17.6,9.0,0.0,799.97,230.98354166666664,292.25882944993305,19:00:00
636,5.6,153231,0.0,10083.41,2011-09-29,6517.34,10276.79,8643.331458333332,1042.0323699100622,9.0,17.6,14.120833333333332,2.831807056576024,21.4,13.1,0.0,497.75,99.036875,142.92515259492257,18:30:00
637,0.0,153231,0.0,9457.91,2011-09-30,6338.73,10083.41,8522.90625,1031.7394272153924,13.1,21.4,16.272916666666667,2.127303715808059,20.1,8.5,0.0,566.97,142.5965625,200.13033753605143,19:00:00
638,0.0,155129,0.0,9185.15,2011-10-01,6488.04,9457.91,8350.915833333334,828.1122628100086,8.5,20.1,14.845833333333333,3.496561127209427,18.9,6.2,0.0,909.53,252.50510416666668,331.28906072467885,19:00:00
639,3.4,155129,0.0,9120.34,2011-10-02,6438.76,9185.15,7998.106666666667,750.6689516332076,6.2,18.9,13.383333333333333,4.383592878544116,16.3,11.3,0.0,731.97,186.7721875,246.33035041384295,19:00:00
640,8.2,155129,0.0,8997.73,2011-10-03,6208.43,9120.34,7908.308958333334,877.5982843454775,11.3,16.3,13.677083333333334,1.466975406737152,16.9,9.8,0.0,293.0,77.310625,98.57908539472577,19:00:00
641,0.0,155129,0.0,9537.59,2011-10-04,6286.49,8997.73,7726.03875,788.499169771484,9.8,16.9,13.231250000000001,2.4039113739106566,18.0,9.3,0.0,694.85,197.39104166666667,252.4358641549529,19:00:00
642,0.0,155129,0.0,9480.77,2011-10-05,6579.85,9537.59,8534.814375,880.0095872952265,9.3,18.0,13.21875,2.9655221814228003,18.7,7.7,0.0,582.25,177.71729166666668,217.69964912392274,19:00:00
643,0.0,155129,0.0,9837.67,2011-10-06,6726.94,9480.77,8527.968958333333,781.4226464085674,7.7,18.7,13.578125,3.7497504349580493,18.7,10.9,0.0,700.35,192.58614583333335,253.22474280017016,18:30:00
644,2.2,155129,484.225,9363.79,2011-10-07,6577.18,9837.67,8643.76,962.7280520744494,10.9,18.7,14.795833333333334,2.431089269331958,22.0,13.8,0.0,441.45,115.56604166666666,148.2861478873695,18:30:00
645,0.6,155129,269.29999999999995,8684.4,2011-10-08,6502.42,9363.79,8416.975833333334,847.8633911488063,13.8,22.0,16.897916666666667,2.558464431690803,20.1,13.1,0.0,738.12,217.41114583333334,275.9965310166662,09:30:00
646,0.8,155129,0.0,8583.44,2011-10-09,6411.22,8684.4,7823.537708333333,671.1368400634713,13.1,20.1,16.579166666666666,1.964033879039305,23.1,13.0,0.0,687.78,179.99468749999997,243.58030099403985,09:30:00
647,0.0,155129,0.0,9262.05,2011-10-10,5992.27,8583.44,7448.926666666666,730.8131735246455,13.0,23.1,17.33125,3.407011309612838,20.9,9.9,0.0,847.2,211.27291666666667,281.57697678835444,19:00:00
648,0.0,155129,0.0,9213.07,2011-10-11,6353.92,9262.05,8270.616458333334,932.3935912831615,9.9,20.9,15.277083333333332,3.413629726230046,20.2,10.0,0.0,866.6,254.59125000000003,323.9414559934715,19:00:00
649,0.0,155129,871.95,9271.04,2011-10-12,6476.56,9213.07,8368.162291666666,818.5387080573853,10.0,20.2,15.366666666666667,3.071096091898423,19.9,7.1,0.0,806.9,259.15416666666664,306.35579010382975,19:00:00
650,0.0,155129,423.25,9188.62,2011-10-13,6561.05,9271.04,8438.054583333333,813.7291294913812,7.1,19.9,14.0875,3.8716440512493473,20.1,13.9,0.0,898.28,275.4134375,339.53709722922326,07:00:00
651,0.0,155129,115.97,9416.13,2011-10-14,6480.11,9188.62,8407.749375,852.4382207536979,13.9,20.1,16.692763157894735,1.8334573890313437,18.4,15.6,0.0,820.72,216.99520833333335,273.88141318313245,09:30:00
652,0.6,155129,675.1800000000001,8619.77,2011-10-15,6465.49,9416.13,8459.765625,925.5208222146018,15.6,18.4,17.279166666666665,0.7199167603577292,23.8,15.5,0.0,261.7,83.4784375,103.10481281023843,10:00:00
653,0.0,155129,0.0,8338.06,2011-10-16,6251.51,8619.77,7660.663541666666,674.6774047646444,15.5,23.8,19.683333333333334,2.5415134821876983,21.1,13.0,0.0,747.03,222.79197916666666,281.16273941218725,08:30:00
654,0.0,155129,569.815,9307.79,2011-10-17,5941.78,8338.06,7276.911041666666,699.2791900303688,13.0,21.1,17.322916666666668,2.5651709397922433,17.9,11.2,0.0,960.67,306.8746875,370.7337240490008,19:00:00
655,0.0,155129,663.35,9225.94,2011-10-18,6272.64,9307.79,8320.410625,1002.595109096741,11.2,17.9,14.872916666666667,2.097692712556361,19.9,9.9,0.0,872.62,257.66562500000003,324.2810885219878,09:30:00
656,0.0,155129,0.0,9056.08,2011-10-19,6545.99,9225.94,8425.765,859.8504407484592,9.9,19.9,15.362499999999999,3.182974990042184,22.5,8.6,0.0,903.95,280.9114583333333,343.7523968395484,09:00:00
657,0.0,155129,0.0,9267.37,2011-10-20,6511.87,9056.08,8360.396875,836.4119257474624,8.6,22.5,15.914583333333333,4.815665464424231,26.3,9.3,0.0,975.67,317.9085416666667,378.4167242196156,16:30:00
658,0.0,155129,0.0,9535.75,2011-10-21,6421.08,9267.37,8418.777916666668,938.9596685987864,9.3,26.3,18.008333333333333,5.693102707638105,30.0,12.0,0.0,992.53,318.2725,380.61279372594976,17:00:00
659,0.0,155129,547.025,8561.87,2011-10-22,6411.44,9535.75,8468.503541666667,1008.1933972072502,12.0,30.0,21.197916666666668,6.078650801565746,27.6,15.9,0.0,965.5,310.3130208333333,372.2939651840853,16:00:00
660,0.0,155129,0.0,8776.53,2011-10-23,6282.95,8561.87,7761.973125,718.6411898089519,15.9,27.6,20.73125,3.539753342170081,26.4,17.7,0.0,914.88,280.0684375,347.6955512785426,09:30:00
661,0.0,155129,0.0,10337.52,2011-10-24,6064.62,8776.53,7546.05,863.1648727496597,17.7,26.4,21.2,2.7625920606591614,32.4,15.1,0.0,829.65,259.85854166666667,317.29078220002657,19:00:00
662,3.0,155129,111.18,9348.93,2011-10-25,6102.83,10337.52,8694.739791666667,1404.4755612418069,15.1,32.4,25.010416666666668,6.257633281903002,22.8,15.6,0.0,958.92,300.2213541666667,363.7439260116397,16:00:00
663,5.4,155129,0.0,9082.57,2011-10-26,6478.34,9348.93,8367.7175,955.8178727955034,15.6,22.8,17.697916666666668,2.0558675327113707,17.1,13.4,0.0,419.77,105.99510416666668,136.6503100108183,09:30:00
664,3.4,155129,0.0,9083.63,2011-10-27,6180.98,9082.57,8216.20875,966.4272060965119,13.4,17.1,15.191666666666668,1.0299418147856563,19.1,13.3,0.0,419.05,115.62989583333332,146.17556744752505,17:00:00
665,0.0,155129,460.27,9295.5,2011-10-28,6225.43,9083.63,8210.507916666667,905.952567277818,13.3,19.1,16.597916666666666,1.80536901200379,22.2,12.9,0.0,668.5,204.89229166666667,243.24591704596017,19:00:00
666,0.0,155129,395.23,8604.03,2011-10-29,6265.77,9295.5,8301.015833333333,960.1501913648791,12.9,22.2,18.604166666666668,2.4716226329511373,28.1,15.1,0.0,877.83,269.6432291666667,325.4056575040256,10:00:00
667,0.0,155129,0.0,8560.64,2011-10-30,6271.56,8604.03,7787.767916666667,762.893979413493,15.1,28.1,21.97083333333333,4.341191048124012,26.2,15.0,0.0,515.75,189.47885416666668,212.5109457512357,09:30:00
668,0.0,155129,397.465,9109.43,2011-10-31,6127.92,8560.64,7455.46125,741.1995069139405,15.0,26.2,19.73125,3.113331406517542,20.4,11.8,0.0,603.12,186.04177083333332,213.2312157362299,19:00:00
669,0.0,157316,454.65,9036.1,2011-11-01,6103.93,9109.43,8147.310624999999,1027.841162139833,11.8,20.4,16.797916666666666,2.1876334812365044,19.8,14.8,0.0,867.65,262.4435416666667,307.23045395639673,10:30:00
670,0.0,157316,472.38,9067.17,2011-11-02,6223.73,9036.1,8097.360625,875.0100229709379,14.8,19.8,16.925,1.532693360124658,22.8,12.3,0.0,709.33,205.703125,241.23613878738786,10:00:00
671,7.0,157316,541.75,9041.9,2011-11-03,6182.91,9067.17,8153.976875,951.9624885246859,12.3,22.8,18.070833333333333,2.777106892979718,17.8,13.4,0.0,883.47,299.94697916666667,350.6127165189953,10:00:00
672,6.6,157316,482.02,9129.88,2011-11-04,6320.51,9041.9,8186.118750000001,903.2721004112675,13.4,17.8,15.21875,1.3203249519430464,21.3,14.1,0.0,600.05,168.988125,207.61291812394884,09:30:00
673,0.2,157316,646.9749999999999,8545.1,2011-11-05,6295.63,9129.88,8193.063541666666,885.5803399370008,14.1,21.3,17.618750000000002,2.269657041296413,24.4,13.3,0.0,897.08,300.70916666666665,353.7596559652506,10:00:00
674,0.0,157316,0.0,8761.23,2011-11-06,6192.34,8545.1,7724.402083333333,735.4557442518311,13.3,24.4,19.243750000000002,3.516097101871225,31.9,14.9,0.0,1007.97,326.27479166666666,382.1095011110263,09:30:00
675,0.6,157316,1.415,10475.87,2011-11-07,6032.53,8761.23,7696.460625,940.9664659125432,14.9,31.9,23.65625,5.523062142103049,28.9,19.1,0.0,899.7,263.42114583333336,329.5029809864825,19:30:00
676,7.8,157316,0.0,11038.81,2011-11-08,6259.45,10475.87,8796.738541666668,1425.8849363159432,19.1,28.9,23.004166666666666,2.905750595770858,32.8,18.9,0.0,903.08,253.77572916666668,313.005664578933,13:30:00
677,9.2,157316,0.0,11492.71,2011-11-09,6527.18,11038.81,9057.822708333333,1441.3112459998708,18.9,32.8,23.364583333333332,4.430286940581446,32.0,18.0,0.0,879.55,266.77427083333333,326.73582676449524,15:30:00
678,0.2,157316,0.0,9956.47,2011-11-10,6515.31,11492.71,9344.978125,1601.6918728599994,18.0,32.0,25.504166666666666,4.4062797707862025,28.5,17.9,0.0,854.53,270.6215625,311.1670391003948,15:30:00
679,0.4,157316,448.85,9631.06,2011-11-11,6597.65,9956.47,8810.786458333334,1149.4386678916958,17.9,28.5,23.854166666666668,3.620153889601537,22.9,16.3,0.0,500.33,151.16041666666666,182.09173549320977,15:00:00
680,0.0,157316,581.66,8601.81,2011-11-12,6390.2,9631.06,8448.260625,1046.3448320466182,16.3,22.9,19.741666666666667,1.9827804819788573,25.7,18.4,0.0,972.72,309.22125,368.6608851345522,10:00:00
681,0.0,157316,0.0,8595.65,2011-11-13,6270.56,8601.81,7793.703958333333,777.4871257817325,18.4,25.7,21.58125,2.4486779976489785,24.2,18.2,0.0,889.95,257.6458333333333,315.9171428156799,09:30:00
682,0.0,157316,0.0,11716.76,2011-11-14,6042.15,8595.65,7571.53625,852.1285306123199,18.2,24.2,20.810416666666665,1.737721617072112,36.0,16.5,0.0,813.3,242.90239583333334,293.6683628216178,19:30:00
683,0.0,157316,0.0,10346.73,2011-11-15,6312.13,11716.76,9353.761666666667,1827.9244082167654,16.5,36.0,26.18958333333333,7.3872587143037505,24.4,15.6,0.0,945.72,283.22333333333336,336.9202545781947,16:00:00
684,0.0,157316,77.32,9648.11,2011-11-16,6580.8,10346.73,8895.099583333335,1257.9767539220798,15.6,24.4,20.764583333333334,2.6370913686341675,21.5,15.7,0.0,1029.55,339.7780208333333,392.3678612531915,16:00:00
685,10.2,157316,2.72,9326.95,2011-11-17,6415.51,9648.11,8521.62625,1066.3293309105334,15.7,21.5,18.404166666666665,1.854948337106273,19.0,15.6,0.0,508.2,105.27822916666666,145.1767077417504,10:00:00
686,2.2,157316,0.0,9852.57,2011-11-18,6270.84,9326.95,8381.832083333333,1043.3523286389973,15.6,19.0,17.254166666666666,0.938753889604846,24.4,15.9,0.0,368.23,69.641875,95.07825619280621,13:00:00
687,0.0,157316,0.0,9873.39,2011-11-19,6342.72,9852.57,8570.8025,1153.5962590045804,15.9,24.4,20.371875,2.5028686998569056,30.6,15.6,0.0,840.53,230.150625,279.27535206091846,16:00:00
688,0.0,157316,4.15,9282.73,2011-11-20,6327.06,9873.39,8397.9125,1148.7273271543013,15.6,30.6,23.789583333333336,4.972059789071257,34.4,17.9,0.0,977.08,305.4838541666667,358.3209867165632,16:00:00
689,3.2,157316,152.98,9541.55,2011-11-21,6352.63,9282.73,7994.265208333333,1019.0053113489656,17.9,34.4,22.675,4.2478279806498165,21.9,15.4,0.0,873.92,216.82802083333334,299.3451581755202,13:00:00
690,6.4,157316,0.0,9594.61,2011-11-22,6228.01,9541.55,8402.685208333334,1144.8047946228417,15.4,21.9,18.966666666666665,1.965807000476029,21.3,14.8,0.0,551.33,158.00302083333335,196.30152986239997,10:00:00
691,33.6,157316,133.375,9402.73,2011-11-23,6410.79,9594.61,8530.962708333334,1089.176318340119,14.8,21.3,17.825,2.1553002456586334,17.8,14.6,0.0,531.22,118.98812500000001,164.69937088146395,17:00:00
692,13.0,157316,124.81,9200.22,2011-11-24,6381.26,9402.73,8350.35,981.4384231797825,14.6,17.8,16.080208333333335,1.195770008455039,17.9,15.6,0.0,151.5,54.65947916666667,58.48956092747592,10:30:00
693,7.4,157316,115.205,9470.3,2011-11-25,6137.23,9200.22,8205.128958333333,992.370837499857,15.6,17.9,16.827083333333334,0.7854364780126443,19.2,15.3,0.0,270.25,80.25177083333334,94.52959297697825,09:30:00
694,31.6,157316,621.81,8924.59,2011-11-26,6217.63,9470.3,8316.266666666666,1011.945494191355,15.3,19.2,17.477083333333333,1.3221902498270013,28.8,18.7,0.0,240.35,74.1515625,87.01571639747748,09:30:00
695,5.6,157316,0.0,8448.93,2011-11-27,6172.96,8924.59,7705.42875,771.6092056453853,18.7,28.8,22.71666666666667,3.3414440331913893,28.7,16.3,0.0,813.4,199.83875,267.9472613310075,09:30:00
696,0.0,157316,0.0,10438.1,2011-11-28,5856.35,8448.93,7432.644583333334,885.0024574408925,16.3,28.7,21.766666666666666,3.864807574595726,27.8,14.3,0.0,1009.97,330.18541666666664,370.05581142008856,17:30:00
697,0.0,157316,0.0,10880.01,2011-11-29,6102.46,10438.1,8682.853125,1437.9365532228057,14.3,27.8,21.616666666666664,4.515379550189499,27.0,16.8,0.0,1022.53,349.91562500000003,390.7476559269,16:00:00
698,0.0,157316,0.0,10371.48,2011-11-30,6415.65,10880.01,9071.233958333332,1500.2244032962874,16.8,27.0,22.316666666666666,3.1077345743156957,30.8,17.3,0.0,913.62,286.7376041666667,338.13375748676236,15:00:00
699,1.8,159367,589.12,9098.75,2011-12-01,6554.05,10371.48,8932.326458333333,1300.3531439827846,17.3,30.8,24.722916666666666,3.5692683309664055,19.1,13.4,0.0,821.08,217.82385416666668,275.32890254152943,15:30:00
700,1.0,159367,468.885,9018.85,2011-12-02,6340.07,9098.75,8164.353749999999,882.1426161043006,13.4,19.1,16.8625,1.369675376977287,19.5,13.2,0.0,857.2,259.44875,305.2864495315068,10:00:00
701,0.2,159367,716.39,8248.24,2011-12-03,6200.26,9018.85,8012.125,875.5691894941771,13.2,19.5,16.147916666666667,2.0127243718808394,21.9,11.3,0.0,868.17,246.46291666666664,289.5346168768692,09:30:00
702,0.0,159367,0.0,8080.59,2011-12-04,6113.71,8248.24,7413.011041666668,627.559173764106,11.3,21.9,16.939583333333335,3.617906975935786,20.2,11.9,0.0,1016.7,352.4280208333333,394.3282550065763,09:30:00
703,3.2,159367,384.655,8817.62,2011-12-05,5849.89,8080.59,7185.53,729.483439121952,11.9,20.2,15.825000000000001,2.2247639128871866,18.1,11.4,0.0,729.45,188.90479166666668,245.72647990077053,19:30:00
704,2.8,159367,332.25,8907.36,2011-12-06,5945.6,8817.62,7956.67625,972.3407758898006,11.4,18.1,14.547916666666666,1.9115538497691802,17.9,11.1,0.0,798.1,247.1797916666667,286.9853716395002,09:30:00
705,0.0,159367,0.0,9049.84,2011-12-07,6192.97,8907.36,8119.355625,894.937342123604,11.1,17.9,15.00625,2.2679455742278245,20.1,9.2,0.0,746.08,258.0546875,291.70742569525265,11:00:00
706,15.6,159367,228.82,9204.87,2011-12-08,6223.75,9049.84,8196.812916666668,905.6121048382738,9.2,20.1,15.391666666666666,3.6230252630553914,22.0,16.1,0.0,438.62,147.66447916666667,168.7975453563824,17:00:00
707,1.0,159367,391.395,9282.49,2011-12-09,6289.04,9204.87,8318.620416666667,956.212157278646,16.1,22.0,18.245833333333334,1.7884925702274679,23.3,13.6,0.0,586.8,187.58666666666667,215.55532071277813,11:00:00
708,0.0,159367,545.9549999999999,8648.45,2011-12-10,6265.73,9282.49,8242.755625,954.7819883537335,13.6,23.3,19.0,3.0511246618464583,23.6,15.5,0.0,863.45,286.30604166666666,321.7907367588219,10:30:00
709,0.0,159367,49.38,8290.3,2011-12-11,6143.73,8648.45,7642.083125,764.5676040302653,15.5,23.6,19.558333333333334,2.4478243343081627,27.8,15.7,0.0,728.53,236.65354166666665,267.0850624302301,09:30:00
710,28.6,159367,149.85,9525.99,2011-12-12,5923.86,8290.3,7413.269375,827.249881264902,15.7,27.8,20.314583333333335,3.1584395273975003,19.7,17.0,0.0,981.45,201.0915625,292.50051601364964,12:00:00
711,5.8,159367,530.08,9174.99,2011-12-13,6162.75,9525.99,8346.08375,1142.044205401884,17.0,19.7,18.006249999999998,0.7541110731439359,21.0,16.1,0.0,230.48,66.45916666666666,75.86766995217154,10:00:00
712,0.0,159367,586.53,9148.45,2011-12-14,6366.96,9174.99,8267.939166666667,911.6182033459128,16.1,21.0,18.3625,1.595689006120964,19.8,13.8,0.0,779.4,233.064375,263.4508829300489,10:00:00
713,0.0,159367,608.47,9172.88,2011-12-15,6260.11,9148.45,8174.013958333333,918.1484721142328,13.8,19.8,17.625,1.639213615303309,21.0,14.0,0.0,772.15,257.7892708333333,288.8633766620211,10:00:00
714,0.0,159367,570.145,9225.96,2011-12-16,6137.75,9172.88,8195.998541666666,972.4875394968055,14.0,21.0,18.131249999999998,2.090215936111498,21.0,12.5,0.0,930.7,309.12833333333333,344.2893266251718,10:00:00
715,0.0,159367,717.51,8493.85,2011-12-17,6263.65,9225.96,8145.22625,883.109566671848,12.5,21.0,17.279166666666665,2.5590854694043177,21.5,14.6,0.0,1001.12,276.61854166666666,313.6911122476171,09:30:00
716,0.0,159367,0.0,8162.64,2011-12-18,6188.28,8493.85,7582.006249999999,670.7002899942748,14.6,21.5,18.150000000000002,2.088163195709303,23.5,13.6,0.0,900.95,311.0478125,341.22709216058496,09:30:00
717,0.0,159367,150.25,9521.17,2011-12-19,5950.73,8162.64,7314.7075,720.483809487793,13.6,23.5,18.943749999999998,3.092468975058947,23.9,18.6,0.0,840.58,244.59843750000002,286.5781283156299,20:00:00
718,15.8,159367,524.75,9308.97,2011-12-20,6181.12,9521.17,8384.65875,1165.5180151343263,18.6,23.9,19.8,1.069698704845872,22.6,17.3,0.0,300.83,90.84375,107.28928177367317,10:00:00
719,0.0,159367,480.35,9370.19,2011-12-21,6328.26,9308.97,8355.741458333334,979.0337447425576,17.3,22.6,19.883333333333333,1.3669866430472186,22.3,17.8,0.0,795.28,243.28697916666667,283.8717569040782,10:00:00
720,0.0,159367,388.435,9279.81,2011-12-22,6110.57,9370.19,8296.771875,1030.4434885237963,17.8,22.3,19.9375,1.4899128919275506,21.4,18.3,0.0,807.08,269.24604166666666,307.5097301158341,10:00:00
721,5.2,159367,506.38,9077.98,2011-12-23,6240.48,9279.81,8220.822083333334,957.3327084365061,18.3,21.4,19.360416666666666,0.7894893537700903,25.4,18.4,0.0,412.42,122.30322916666667,135.27922025758264,09:30:00
722,30.8,159367,0.0,8668.75,2011-12-24,6244.51,9077.98,8115.826666666667,902.4241651956561,18.4,25.4,21.260416666666668,2.1992977199535546,26.5,18.0,0.0,849.7,281.32458333333335,325.03799114583603,10:00:00
723,0.0,159367,552.56,7684.56,2011-12-25,6091.38,8668.75,7719.692708333333,864.7581730362162,18.0,26.5,21.93958333333333,2.734783011605741,26.1,17.0,0.0,964.97,332.22625,373.1629224507994,16:00:00
724,0.0,159367,0.0,7843.28,2011-12-26,5655.09,7684.56,6886.291458333333,629.5022462569204,17.0,26.1,22.18541666666667,3.040645898862523,27.8,19.4,0.0,954.38,333.32177083333335,367.1199555228155,10:30:00
725,0.0,159367,0.0,7679.13,2011-12-27,5514.77,7843.28,6958.243125,787.7834135473022,19.4,27.8,23.28125,2.9327683712064516,22.4,18.8,0.0,681.05,187.18270833333335,214.7498729768488,17:00:00
726,0.0,159367,0.0,8267.34,2011-12-28,5793.79,7679.13,7068.587083333333,636.9702826862136,18.8,22.4,20.164583333333333,0.9089366205307432,22.8,17.5,0.0,543.45,184.44541666666666,208.41059056438843,17:00:00
727,0.0,159367,0.0,8339.79,2011-12-29,5792.86,8267.34,7403.178958333334,808.294017669944,17.5,22.8,20.114583333333332,1.592133532213035,23.0,15.7,0.0,836.97,305.7940625,336.01114419787655,16:30:00
728,0.0,159367,0.0,8269.52,2011-12-30,5908.62,8339.79,7476.128333333334,801.485977778706,15.7,23.0,19.741666666666667,2.0340540520165185,23.4,16.2,0.0,830.45,283.101875,312.073485334043,17:00:00
729,0.0,159367,582.65,8016.84,2011-12-31,5889.76,8269.52,7480.716458333333,794.9922479817142,16.2,23.4,19.852083333333333,2.539893579889346,23.0,14.4,0.0,979.1,329.4863541666667,368.7534197976866,17:00:00
730,0.0,161010,0.0,8124.52,2012-01-01,5921.71,8016.84,7261.283333333333,696.2188145132744,14.4,23.0,18.708333333333332,2.9878358590403473,26.0,12.9,0.0,950.5,314.6696875,353.73934882003675,10:30:00
731,0.0,161010,0.0,8973.61,2012-01-02,5754.77,8124.52,7117.78125,767.9034532029121,12.9,26.0,20.354166666666668,4.595416696005825,26.5,15.1,0.0,1086.72,368.6370833333333,408.67932026670064,17:30:00
732,0.0,161010,0.0,10704.49,2012-01-03,5748.51,8973.61,7560.392708333333,1081.055130921874,15.1,26.5,21.727083333333336,3.9773154414211866,27.4,17.1,0.0,1082.1,368.88124999999997,412.57315283590316,17:00:00
733,0.0,161010,0.0,11220.06,2012-01-04,6240.72,10704.49,8761.37625,1466.4197141984598,17.1,27.4,23.114583333333332,3.2161817975061573,35.5,18.8,0.0,1054.05,366.33239583333335,407.4762268838771,16:30:00
734,0.0,161010,0.0,9740.3,2012-01-05,6462.67,11220.06,9035.712291666667,1607.8585854923456,18.8,35.5,25.110416666666666,5.533927833781673,25.7,19.7,0.0,987.65,267.6203125,338.2139321768357,14:00:00
735,0.0,161010,329.15,9117.6,2012-01-06,6256.75,9740.3,8390.44125,1143.8863150766688,19.7,25.7,21.912499999999998,1.4288255852942626,21.3,14.2,0.0,833.7,227.033125,278.7054726932637,16:00:00
736,0.0,161010,0.0,8445.47,2012-01-07,6403.44,9117.6,8115.597916666667,885.4463740119363,14.2,21.3,19.477083333333333,1.5951041563181845,24.7,12.4,0.0,542.38,151.0740625,187.04418024483977,10:00:00
737,0.2,161010,0.0,9025.04,2012-01-08,6033.14,8445.47,7629.554375,805.6171784280201,12.4,24.7,19.720833333333335,4.233953855231177,27.9,18.3,0.0,1041.9,337.63927083333334,392.11863090547035,16:00:00
738,11.8,161010,0.0,10186.78,2012-01-09,6194.58,9025.04,7754.199583333334,965.3134968495065,18.3,27.9,22.552083333333332,2.5861323774623095,25.3,20.3,0.0,674.1,207.68645833333335,237.2980718846414,17:30:00
739,0.0,161010,0.0,9859.28,2012-01-10,6300.64,10186.78,8693.199166666667,1357.9908527608973,20.3,25.3,22.849999999999998,1.3706653144569314,28.3,18.1,0.0,996.88,327.1540625,378.6923610964787,16:00:00
740,0.0,161010,0.0,9353.06,2012-01-11,6295.28,9859.28,8502.221875000001,1140.8760801274818,18.1,28.3,22.427083333333332,2.825924031393216,26.8,16.0,0.0,904.05,274.0642708333333,323.2510871120743,16:00:00
741,0.0,161010,464.25,9000.88,2012-01-12,6268.35,9353.06,8251.72125,1035.806215533982,16.0,26.8,21.46875,3.8890001039483963,20.7,12.2,0.0,1095.78,360.1063541666667,420.80553813899155,16:00:00
742,0.2,161010,0.0,9490.09,2012-01-13,6248.66,9000.88,8126.151666666668,926.9236564063269,12.2,20.7,17.195833333333333,2.6559414192890336,25.4,12.5,0.0,984.33,354.22291666666666,395.85103105737187,11:00:00
743,3.2,161010,324.905,8539.42,2012-01-14,6366.19,9490.09,8344.937708333333,1026.3921391492643,12.5,25.4,19.795833333333334,4.270081883381178,21.6,17.5,0.0,1045.55,342.70604166666664,389.6578344194092,16:00:00
744,5.0,161010,0.0,8325.82,2012-01-15,6307.3,8539.42,7668.343124999999,694.5319313559348,17.5,21.6,19.858333333333334,1.1066209509484322,23.1,17.3,0.0,527.25,147.77166666666668,187.31564100535815,09:30:00
745,2.2,161010,435.62,9732.95,2012-01-16,6081.79,8325.82,7481.755625000001,783.8649508437682,17.3,23.1,19.822916666666668,1.692315495877957,24.6,16.7,0.0,683.38,197.44572916666667,242.86755951522744,17:30:00
746,25.2,161010,0.0,10144.54,2012-01-17,6330.41,9732.95,8510.794583333334,1214.6017950804248,16.7,24.6,20.920833333333334,2.087649429823876,25.6,15.6,0.0,958.15,296.5292708333333,351.8382887776555,11:00:00
747,0.0,161010,0.0,10936.74,2012-01-18,6497.77,10144.54,8782.272083333333,1200.683740549983,15.6,25.6,21.525000000000002,3.333549638371889,28.4,18.7,0.0,1020.38,340.8965625,386.68991263983116,15:30:00
748,0.0,161010,0.0,10668.94,2012-01-19,6644.71,10936.74,9174.049375,1408.243083571604,18.7,28.4,23.15625,3.1452027807305054,25.6,19.3,0.0,1016.88,322.02270833333336,368.3716398368988,16:00:00
749,0.0,161010,0.0,10542.15,2012-01-20,6546.87,10668.94,9052.660833333333,1371.976170200959,19.3,25.6,22.614583333333332,1.8957948519202643,25.6,19.2,0.0,877.35,275.5721875,318.70156858913776,15:30:00
750,0.0,161010,354.75,8921.79,2012-01-21,6661.31,10542.15,8968.164583333333,1297.0548198227223,19.2,25.6,22.587500000000002,1.5120262577929386,24.1,21.0,0.0,908.33,278.30125,323.49928582495414,15:00:00
751,5.8,161010,0.0,8390.93,2012-01-22,6505.12,8921.79,7974.100208333333,780.5708005411183,21.0,24.1,22.272916666666664,0.7527932618159264,24.5,20.5,0.0,530.15,151.988125,170.92959763444543,09:30:00
752,0.8,161010,219.9,9778.67,2012-01-23,6070.19,8390.93,7533.043333333334,822.0918099226166,20.5,24.5,22.035416666666666,1.1069393462661181,23.5,19.7,0.0,865.28,275.81635416666666,330.04521639569396,20:00:00
753,0.0,161010,130.1,9895.26,2012-01-24,6255.78,9778.67,8501.103125,1227.5275785716,19.7,23.5,21.70625,1.0403367396736956,23.3,15.6,0.0,683.12,213.72125000000003,245.80097943016787,11:30:00
754,1.6,161010,64.11,10161.24,2012-01-25,6468.61,9895.26,8671.067916666667,1155.6041890108388,15.6,23.3,20.712500000000002,2.119275769510432,24.2,20.2,0.0,465.8,140.5509375,164.81107225849854,11:30:00
755,31.6,161010,185.35,8722.07,2012-01-26,6561.48,10161.24,8758.328958333334,1197.597554568062,20.2,24.2,21.552083333333332,1.0673071270942123,27.2,19.8,0.0,309.52,91.07677083333334,105.47215876204056,11:30:00
756,2.6,161010,211.465,9700.83,2012-01-27,6351.13,8722.07,7848.645833333333,809.6364479928258,19.8,27.2,22.802083333333332,1.9780163697161965,23.9,19.9,0.0,638.92,186.75822916666667,222.7137922228112,11:30:00
757,0.8,161010,289.65,8957.42,2012-01-28,6253.49,9700.83,8434.82875,1157.3735845468884,19.9,23.9,22.162499999999998,1.0092392331787516,25.9,19.5,0.0,556.28,202.58041666666668,228.27108061593646,11:30:00
758,0.0,161010,0.0,8963.04,2012-01-29,6354.91,8957.42,8051.025000000001,886.1902108320022,19.5,25.9,22.883333333333336,1.8277219087942584,26.7,18.5,0.0,650.95,194.74666666666667,238.5945727685563,10:00:00
759,3.6,161010,0.0,11885.53,2012-01-30,6315.42,8963.04,7939.430416666666,955.5327784728231,18.5,26.7,23.28333333333333,2.6833872951712587,32.4,21.7,0.0,856.95,233.421875,294.730115631639,20:00:00
760,0.0,161010,109.12,10665.14,2012-01-31,6520.95,11885.53,9576.056041666667,1762.0187886731487,21.7,32.4,27.397916666666664,3.7040799577402916,27.2,19.5,0.0,875.5,267.08885416666664,322.9194487666301,16:30:00
761,20.6,163406,149.34,9456.75,2012-02-01,6813.22,10665.14,9067.337916666665,1304.474768365395,19.5,27.2,23.727083333333336,2.44564220198741,20.4,17.0,0.0,465.9,129.74927083333333,161.2071886727641,11:00:00
762,4.4,163406,91.68,9360.67,2012-02-02,6320.99,9456.75,8369.570416666667,1019.5805351951157,17.0,20.4,18.602083333333333,0.9463231383990895,19.8,16.3,0.0,242.75,77.54229166666667,90.08563339163854,10:30:00
763,27.4,163406,226.93,9414.51,2012-02-03,6241.53,9360.67,8305.04625,1016.0694618147162,16.3,19.8,18.256249999999998,1.1431398064197091,21.0,16.4,0.0,232.55,62.20229166666667,74.51987054697997,10:00:00
764,29.4,163406,705.41,8779.94,2012-02-04,6233.84,9414.51,8356.115833333333,1037.323916968169,16.4,21.0,18.318749999999998,1.4548022092659556,24.2,18.0,0.0,368.2,102.24000000000001,121.02400661711536,10:00:00
765,0.2,163406,0.0,9128.0,2012-02-05,6233.24,8779.94,7852.804166666666,813.859666817094,18.0,24.2,20.881249999999998,2.455792652727728,28.0,16.1,0.0,843.17,270.6147916666667,317.4383517481685,09:30:00
766,0.0,163406,115.62,9984.37,2012-02-06,6119.63,9128.0,7848.170416666667,1046.7876145678201,16.1,28.0,22.139583333333334,3.812730053517152,24.0,18.4,0.0,999.53,332.20520833333336,389.1918904109613,17:00:00
767,0.2,163406,208.18,9579.61,2012-02-07,6366.36,9984.37,8612.156458333333,1264.6669250607097,18.4,24.0,20.925,1.670966085704454,22.5,18.9,0.0,692.3,185.17197916666666,236.01975068981068,11:00:00
768,0.0,163406,20.25,9324.04,2012-02-08,6326.54,9579.61,8455.494166666665,1091.5856230738004,18.9,22.5,20.46875,1.1003203111976267,22.5,17.2,0.0,426.23,137.63041666666666,165.25976019985035,11:00:00
769,0.6,163406,457.62,9519.89,2012-02-09,6243.08,9324.04,8279.931041666667,1051.1094304231249,17.2,22.5,20.4375,1.3576614750559373,24.9,16.6,0.0,717.35,203.47708333333333,248.50109930368885,13:00:00
770,8.4,163406,7.724999999999999,9590.15,2012-02-10,6246.88,9519.89,8432.275,1117.2967957701742,16.6,24.9,21.102083333333333,2.5045906433547462,25.5,19.1,0.0,829.38,256.20739583333335,312.5756711071321,10:00:00
771,0.2,163406,326.52,8493.65,2012-02-11,6245.44,9590.15,8366.313125,1096.673201349478,19.1,25.5,21.245833333333334,1.7824150880474758,23.5,16.0,0.0,778.7,178.803125,255.2356339709196,13:30:00
772,13.8,163406,0.0,8227.5,2012-02-12,6110.85,8493.65,7611.1172916666665,737.2870028743233,16.0,23.5,19.775000000000002,2.01246117974981,25.5,14.5,0.0,828.5,235.989375,288.8507711560996,11:00:00
773,15.8,163406,17.12,9682.51,2012-02-13,5946.42,8227.5,7381.5060416666665,795.9993840122163,14.5,25.5,19.489583333333332,3.4930471720403786,24.4,16.6,0.0,972.62,289.00854166666664,366.37390231541866,17:00:00
774,0.0,163406,0.0,9608.3,2012-02-14,6125.24,9682.51,8370.025833333333,1233.0018205070742,16.6,24.4,20.54375,2.378262037528444,23.8,16.8,0.0,688.45,217.16375000000002,261.8114742997335,13:00:00
775,0.0,163406,0.0,9784.76,2012-02-15,6274.61,9608.3,8459.01375,1126.8633108571112,16.8,23.8,20.091666666666665,2.2830395317528107,25.1,17.5,0.0,859.88,279.25354166666665,333.3925883711375,15:30:00
776,0.0,163406,0.0,10033.92,2012-02-16,6318.21,9784.76,8555.559791666667,1131.0606938311237,17.5,25.1,21.295833333333334,2.4996985633874793,26.4,16.0,0.0,885.78,284.7908333333333,339.32333605865017,16:00:00
777,0.0,163406,3.35,10201.17,2012-02-17,6393.73,10033.92,8713.744791666666,1215.01416424979,16.0,26.4,21.697916666666668,3.3075985749986825,27.4,16.3,0.0,927.17,306.5202083333333,359.88616717718895,16:00:00
778,5.2,163406,0.0,8888.48,2012-02-18,6395.93,10201.17,8644.766458333334,1226.7743407164908,16.3,27.4,21.414583333333336,3.3936103653862073,25.1,17.9,0.0,953.38,245.74072916666668,336.17648621050216,13:30:00
779,0.2,163406,0.0,9283.69,2012-02-19,6301.59,8888.48,7946.497916666667,881.2852485830191,17.9,25.1,21.7375,1.967028756185221,27.6,18.1,0.0,874.8,261.0670833333333,326.78947819241284,14:00:00
780,16.0,163406,2.44,10399.3,2012-02-20,6145.94,9283.69,7898.453333333334,1090.5260044707552,18.1,27.6,22.745833333333334,3.135924875167619,26.2,18.6,0.0,930.88,283.93,349.9188886119851,17:00:00
781,5.2,163406,0.0,9674.18,2012-02-21,6333.67,10399.3,8807.899374999999,1404.6117812003558,18.6,26.2,21.879166666666666,2.2852867349619195,24.4,19.1,0.0,789.78,222.01874999999998,292.5971184259514,13:30:00
782,0.2,163406,0.0,9615.66,2012-02-22,6312.33,9674.18,8513.839791666667,1146.018174818728,19.1,24.4,21.335416666666664,1.833667361575649,24.2,16.3,0.0,621.08,177.5296875,225.07231319848577,14:00:00
783,0.0,163406,0.0,10495.26,2012-02-23,6226.67,9615.66,8450.049375,1129.7518771429907,16.3,24.2,20.11875,2.6629575822957423,27.9,15.7,0.0,712.05,211.2591666666667,252.2312673522889,14:00:00
784,0.0,163406,0.0,10824.52,2012-02-24,6395.05,10495.26,8847.627708333333,1339.3634578605186,15.7,27.9,21.96875,4.200413163568657,28.3,16.4,0.0,963.55,310.12395833333335,371.83343160264985,16:00:00
785,0.0,163406,0.0,9231.6,2012-02-25,6452.19,10824.52,8997.323125,1398.6803926606788,16.4,28.3,22.558333333333334,3.7953405550856734,26.6,16.3,0.0,978.83,318.4270833333333,379.5190070420791,16:00:00
786,0.0,163406,0.0,8941.64,2012-02-26,6409.01,9231.6,8136.968958333334,942.5274415153812,16.3,26.6,22.202083333333334,3.2036209290016795,27.2,20.6,0.0,935.88,294.0258333333333,356.85833905414376,16:00:00
787,0.0,163406,0.0,11100.05,2012-02-27,6349.6,8941.64,7878.590208333334,888.0503585622318,20.6,27.2,23.489583333333332,1.7317116834536657,28.5,21.3,0.0,617.2,160.25541666666666,201.65334732420573,19:30:00
788,0.0,163406,0.0,11520.04,2012-02-28,6374.24,11100.05,9194.325416666667,1586.476980179077,21.3,28.5,24.291666666666668,2.2812681554703587,31.2,21.7,0.0,803.88,209.9729166666667,276.34218406817183,15:30:00
789,5.2,163406,133.77,9916.0,2012-02-29,6687.35,11520.04,9544.771458333335,1632.005369980983,21.7,31.2,25.683333333333334,3.613528559798895,21.5,19.7,0.0,748.8,209.89125,273.5287868286191,16:00:00
790,24.2,166725,0.0,10620.76,2012-03-01,6592.88,9916.0,8736.645208333333,1143.8494859808611,19.7,21.5,20.564583333333335,0.45076274994456755,29.9,18.9,0.0,321.23,87.24000000000001,109.60403997931479,10:00:00
791,12.0,166725,123.12,9571.54,2012-03-02,6301.31,10620.76,8955.01,1443.4462725948908,18.9,29.9,23.258333333333336,3.391719160727818,20.1,17.2,0.0,671.7,175.95125,233.03515452426686,15:30:00
792,11.4,166725,137.865,8644.75,2012-03-03,6353.72,9571.54,8337.809791666667,1041.5648597948818,17.2,20.1,18.54375,0.723733302824337,21.3,17.2,0.0,287.75,80.35208333333334,106.0346419147672,10:00:00
793,3.0,166725,0.0,9115.92,2012-03-04,6069.15,8644.75,7641.761458333333,811.927222645168,17.2,21.3,18.964583333333334,1.105977873529841,28.4,20.1,0.0,291.98,76.20375,97.61587259481324,09:30:00
794,10.6,166725,0.0,9736.7,2012-03-05,6005.38,9115.92,7737.909791666666,1041.9851631922222,20.1,28.4,23.087500000000002,2.499755307174018,25.5,17.8,0.0,913.33,267.75624999999997,338.7634284776564,17:30:00
795,0.0,166725,528.075,9407.06,2012-03-06,6233.35,9736.7,8511.8675,1215.1642995286422,17.8,25.5,21.962500000000002,1.8251930821789906,22.1,17.8,0.0,924.15,252.75458333333333,325.7460147660949,15:00:00
796,0.0,166725,416.565,9017.7,2012-03-07,6315.75,9407.06,8327.90125,1040.662010936747,17.8,22.1,20.077083333333334,1.2223520374859682,20.7,15.5,0.0,759.08,237.49166666666667,288.66225456945455,09:30:00
797,89.6,166725,419.625,9148.31,2012-03-08,6221.78,9017.7,8099.43625,926.3410015356455,15.5,20.7,18.014583333333334,1.480222752548792,20.4,14.5,0.0,569.38,169.53583333333333,213.99181725589946,09:30:00
798,4.8,166725,0.0,9177.88,2012-03-09,6104.71,9148.31,8177.678333333333,1022.2867875864182,14.5,20.4,16.724999999999998,1.8072548831766808,27.5,12.3,0.0,551.25,128.76666666666668,190.4501383127178,09:30:00
799,0.0,166725,599.44,8452.36,2012-03-10,6212.33,9177.88,8186.306874999999,975.5310676692459,12.3,27.5,19.491666666666667,5.276194362450514,25.2,14.1,0.0,883.05,254.385,319.9370523858743,13:00:00
800,0.0,166725,0.0,8308.83,2012-03-11,6121.34,8452.36,7569.587500000001,736.0171690570867,14.1,25.2,19.591666666666665,3.289560103381433,25.0,14.7,0.0,894.62,272.72499999999997,337.9712928259856,09:30:00
801,0.0,166725,87.47,9448.73,2012-03-12,5914.36,8308.83,7330.142083333333,787.7554198303962,14.7,25.0,20.41875,2.6955168651323214,24.1,16.9,0.0,825.72,258.03375,318.3648854151877,19:00:00
802,0.0,166725,0.0,9783.38,2012-03-13,5925.28,9448.73,8224.410625,1198.3447219560928,16.9,24.1,20.689583333333335,2.068737880554159,25.5,13.9,0.0,610.9,186.03875000000002,232.6939077700529,12:00:00
803,0.0,166725,0.0,9814.85,2012-03-14,6254.38,9783.38,8434.377708333333,1142.5467567884605,13.9,25.5,20.129166666666666,4.016188429785897,25.3,15.3,0.0,849.22,257.04791666666665,325.15992275624,16:00:00
804,0.0,166725,0.0,10181.22,2012-03-15,6231.56,9814.85,8516.675208333332,1194.5850888176558,15.3,25.3,20.783333333333335,3.533567501941932,27.2,17.5,0.0,666.03,209.21916666666667,260.70788547993413,16:00:00
805,0.0,166725,0.0,10584.64,2012-03-16,6371.76,10181.22,8736.888541666667,1266.0424978884116,17.5,27.2,22.110416666666666,3.0626952101628713,29.3,17.8,0.0,783.72,226.50833333333333,293.1012576418014,16:00:00
806,37.8,166725,132.72500000000002,8768.48,2012-03-17,6402.49,10584.64,8889.156458333333,1354.47164367244,17.8,29.3,23.221875,3.5992302109898615,23.0,18.0,0.0,849.33,254.32666666666668,322.8747731547268,16:00:00
807,1.2,166725,0.0,8257.84,2012-03-18,6335.35,8768.48,7701.826250000001,726.1918064475767,18.0,23.0,19.554166666666667,0.9985006490229694,21.7,15.9,0.0,298.25,69.65541666666667,94.72675919332144,09:30:00
808,2.8,166725,277.325,9226.65,2012-03-19,5881.38,8257.84,7234.883333333334,739.3917225876999,15.9,21.7,18.8625,1.5274265661214663,22.6,17.3,0.0,592.9,168.72166666666666,214.2535404368299,19:00:00
809,6.2,166725,0.0,9308.0,2012-03-20,5911.95,9226.65,8146.965625,1136.283729406742,17.3,22.6,19.8625,1.4058578058298636,24.6,15.2,0.0,675.03,164.83583333333334,224.80693590783508,09:30:00
810,0.2,166725,0.0,9621.12,2012-03-21,6175.99,9308.0,8298.910833333333,1072.549625232569,15.2,24.6,19.658333333333335,2.8596111425375352,26.9,17.8,0.0,729.35,215.57500000000002,275.14293687216156,13:30:00
811,0.0,166725,108.815,9216.88,2012-03-22,6213.31,9621.12,8461.911041666666,1138.9961977786452,17.8,26.9,21.235416666666666,2.6998415700826044,19.9,16.9,0.0,677.38,176.64458333333334,231.83909770647963,16:30:00
812,4.0,166725,494.17,9119.44,2012-03-23,6258.6,9216.88,8275.142083333334,978.8614807660383,16.9,19.9,18.029166666666665,0.6584825668004755,24.8,15.4,0.0,251.0,63.30708333333333,87.5231527960151,09:30:00
813,0.2,166725,670.08,8146.19,2012-03-24,6132.17,9119.44,8090.7247916666665,965.8187698836311,15.4,24.8,19.722916666666666,2.9320851329643154,23.2,11.6,0.0,828.1,256.46208333333334,325.8775661584495,10:00:00
814,0.0,166725,0.0,8157.52,2012-03-25,5967.3,8146.19,7330.899583333333,646.4029608696876,11.6,23.2,16.529166666666665,3.510952973217078,21.0,11.5,0.0,870.5,262.75666666666666,334.0738287643141,09:00:00
815,0.0,166725,399.6,9064.8,2012-03-26,5909.51,8157.52,7161.279583333333,683.871318482048,11.5,21.0,16.943749999999998,3.0559955894197857,23.8,13.4,0.0,536.88,157.80416666666667,202.06654932654632,19:00:00
816,0.0,166725,0.0,9272.5,2012-03-27,5877.78,9064.8,8078.05875,1132.2814752123445,13.4,23.8,19.179166666666667,2.930395248436074,25.0,15.7,0.0,652.33,187.51874999999998,245.39109359217113,10:00:00
817,0.0,166725,237.35,9350.44,2012-03-28,6176.93,9272.5,8263.626041666666,1061.6139106913392,15.7,25.0,20.3,3.206310267568457,22.9,18.0,0.0,780.08,205.0325,273.7628941721867,16:00:00
818,0.0,166725,0.0,9273.11,2012-03-29,6147.1,9350.44,8272.969166666668,1061.9653111012003,18.0,22.9,20.208333333333332,1.4502873278538033,26.0,14.3,0.0,562.67,152.81666666666666,206.07580032892184,10:00:00
819,0.2,166725,107.09,9128.76,2012-03-30,6148.81,9273.11,8246.696041666668,1057.29401839155,14.3,26.0,19.470833333333335,3.458751363267934,23.1,14.7,0.0,760.92,218.48749999999998,287.28160478689927,13:30:00
820,0.0,166725,0.0,8260.91,2012-03-31,6175.93,9128.76,8158.352708333333,997.2960954346025,14.7,23.1,18.525000000000002,2.938193105193097,26.8,12.7,0.0,661.92,176.87666666666667,235.16264218651278,11:30:00
821,0.0,170392,0.0,8742.11,2012-04-01,5957.15,8260.91,7442.837500000001,742.4662075768954,12.7,26.8,19.10625,4.535317964878888,25.9,13.4,0.0,770.38,220.56333333333336,287.4715997597672,18:30:00
822,2.6,170392,0.0,9602.4,2012-04-02,5820.1,8742.11,7253.221666666667,862.5896817891329,13.4,25.9,18.908333333333335,4.035788479650819,24.8,16.0,0.0,788.0,224.08208333333334,300.9771952604449,18:30:00
823,0.0,170392,0.0,9853.97,2012-04-03,5991.35,9602.4,8249.987708333332,1278.2209426024142,16.0,24.8,19.689583333333335,3.005897719366177,28.6,14.1,0.0,709.65,208.215,273.17289349888506,18:30:00
824,0.0,170392,0.0,9732.1,2012-04-04,6244.14,9853.97,8508.101041666667,1188.7925194637348,14.1,28.6,20.614583333333332,4.433479474208372,26.4,16.4,0.0,673.25,203.47541666666666,263.11212595044555,18:30:00
825,0.0,170392,0.0,9478.4,2012-04-05,6290.5,9732.1,8532.921458333332,1156.0072160619025,16.4,26.4,21.171875,3.4029228089418986,25.4,16.5,0.0,739.72,209.08041666666668,275.87635023497694,14:00:00
826,0.0,170392,0.0,8273.17,2012-04-06,6281.8,9478.4,8382.661875,1102.9012329068614,16.5,25.4,20.652083333333334,3.13985970572432,25.1,15.2,0.0,704.78,203.61666666666667,264.92021131287197,14:00:00
827,0.0,170392,0.0,8342.88,2012-04-07,5905.74,8273.17,7136.972708333334,643.5252961509166,15.2,25.1,20.325,3.3514366560587807,26.8,15.4,0.0,747.75,211.3225,277.6314820293797,18:30:00
828,0.0,170392,0.0,8094.94,2012-04-08,5690.54,8342.88,7165.234375,761.470058957647,15.4,26.8,20.141666666666666,2.827210739823951,24.1,17.3,0.0,738.72,198.28541666666663,265.55743786046395,18:30:00
829,9.4,170392,0.0,8470.58,2012-04-09,5714.86,8094.94,6932.467291666667,658.0174622973572,17.3,24.1,20.677083333333332,1.8356098857007357,23.5,9.5,0.0,434.67,123.89458333333334,167.1663365780595,18:30:00
830,0.0,170392,0.0,9510.65,2012-04-10,5589.64,8470.58,6955.603125000001,793.2061872945576,9.5,23.5,17.452083333333334,3.9209198651148798,17.6,9.3,0.0,771.12,221.1575,291.9589709370793,18:30:00
831,0.0,170392,0.0,9596.45,2012-04-11,5747.83,9510.65,7849.296041666667,1054.6674185747595,9.3,17.6,13.725,2.4689131039576138,18.6,9.5,0.0,602.25,157.70916666666668,208.05522973104937,18:30:00
832,2.4,170392,0.0,9615.37,2012-04-12,6075.28,9596.45,8075.580416666667,955.9193421684378,9.5,18.6,14.19375,3.1492252508912495,20.5,11.0,0.0,503.0,126.35916666666667,169.84916070710446,18:30:00
833,0.2,170392,0.0,9261.67,2012-04-13,6197.8,9615.37,8202.175416666667,954.7130002323153,11.0,20.5,15.383333333333333,3.359479020738208,25.0,9.4,0.0,466.08,128.755,171.68631563580058,18:30:00
834,0.0,170392,0.0,8697.45,2012-04-14,6299.58,9261.67,8154.660208333334,860.3239978536777,9.4,25.0,16.585416666666667,5.213117235594909,25.1,11.5,0.0,708.45,204.92125000000001,272.3431692843627,18:30:00
835,0.0,170392,0.0,8706.13,2012-04-15,6082.06,8697.45,7569.010833333334,725.8304584400487,11.5,25.1,18.35537280701754,4.493998406417449,25.3,15.6,0.0,676.35,180.17166666666665,246.02147445694982,18:30:00
836,0.0,170392,0.0,9598.52,2012-04-16,5969.32,8706.13,7357.999791666666,769.1205380684349,15.6,25.3,19.545833333333334,3.195805650984625,23.7,11.9,0.0,498.52,117.80375,169.02593995653888,18:30:00
837,3.2,170392,0.0,9714.27,2012-04-17,6064.49,9598.52,8158.896458333334,1122.1908014113712,11.9,23.7,18.116666666666667,3.7341880987038114,20.0,15.7,0.0,492.33,138.61708333333334,187.23357695736152,18:30:00
838,56.6,170392,0.0,9754.97,2012-04-18,6222.85,9714.27,8309.995625,1066.3817825930867,15.7,20.0,17.86688596491228,1.006813824137933,20.7,16.4,0.0,177.85,44.85874999999999,62.58091599953156,18:30:00
839,77.4,170392,0.0,9694.07,2012-04-19,6149.41,9754.97,8359.561041666666,1096.332589413236,16.4,20.7,18.48125,1.0241044349171706,23.7,17.3,0.0,267.77,47.82,77.11211285483085,18:00:00
840,6.2,170392,0.0,9600.49,2012-04-20,6300.66,9694.07,8367.660833333333,1052.599446401739,17.3,23.7,19.530208333333334,1.899320695567216,26.1,15.9,0.0,474.77,103.14791666666667,147.64070560638197,18:30:00
841,0.0,170392,0.0,8840.16,2012-04-21,6323.06,9600.49,8380.786666666667,1043.5194714070615,15.9,26.1,20.410416666666666,2.933463538776875,23.9,16.2,0.0,618.28,175.97666666666666,238.56371460224767,18:30:00
842,0.0,170392,0.0,9001.32,2012-04-22,6317.81,8840.16,7783.958125,737.6318167944448,16.2,23.9,19.310416666666665,2.438977775350257,23.4,14.0,0.0,519.28,128.4775,181.40421460245057,18:30:00
843,0.8,170392,0.0,9955.21,2012-04-23,5982.11,9001.32,7487.046666666666,862.3215676506421,14.0,23.4,18.568749999999998,2.9446060495818522,19.1,14.7,0.0,512.53,119.14375,176.52734873854405,18:30:00
844,2.4,170392,0.0,9730.71,2012-04-24,6076.72,9955.21,8376.625833333334,1231.2423308132823,14.7,19.1,18.127083333333335,0.9350707296796033,24.0,12.4,0.0,122.32,30.868750000000002,43.34060661069452,18:30:00
845,1.8,170392,0.0,9033.08,2012-04-25,6347.28,9730.71,8414.208333333334,981.1293312633384,12.4,24.0,16.158333333333335,3.54201729595194,19.4,8.6,0.0,590.25,152.6,211.26632707395456,18:30:00
846,0.0,170392,0.0,9888.86,2012-04-26,6166.16,9033.08,7546.636875,740.5895326055589,8.6,19.4,14.387500000000001,2.9821900420342957,19.8,12.7,0.0,682.08,188.21333333333334,257.469246420776,18:30:00
847,0.0,170392,0.0,9592.9,2012-04-27,5857.97,9888.86,8300.031458333333,1074.1017246508025,12.7,19.8,15.737499999999999,2.6622359023948268,21.8,9.1,0.0,571.47,149.46416666666667,208.8410269450449,18:30:00
848,0.0,170392,0.0,8952.87,2012-04-28,6426.22,9592.9,8351.675625,893.1268585071415,9.1,21.8,15.18125,3.756620043195235,22.9,11.5,0.0,570.62,158.46791666666667,218.612506423389,18:30:00
849,0.0,170392,0.0,9426.89,2012-04-29,6306.17,8952.87,7760.746875,715.4822618915973,11.5,22.9,15.977083333333333,3.9123503075616863,18.9,8.9,0.0,387.65,98.87583333333333,140.96906158736635,18:30:00
850,0.0,170392,0.0,10270.14,2012-04-30,6072.38,9426.89,7675.793541666667,918.908723898844,8.9,18.9,14.035416666666668,3.225397193639504,19.3,8.4,0.0,273.92,85.07041666666667,109.91222663887905,18:30:00
851,0.0,177861,0.0,10012.7,2012-05-01,6246.65,10270.14,8534.699375,1174.2051267739182,8.4,19.3,13.401041666666666,3.8638324264263257,22.3,9.6,0.0,405.85,113.73083333333334,157.10425377292017,18:30:00
852,0.0,177861,0.0,10069.05,2012-05-02,6584.28,10012.7,8560.466041666667,937.4535191626208,9.6,22.3,15.483333333333334,4.105954852190529,24.7,9.1,0.0,605.28,159.30791666666667,221.7956382761693,18:30:00
853,2.2,177861,0.0,9919.73,2012-05-03,6475.99,10069.05,8530.337083333334,974.9463163550556,9.1,24.7,16.704166666666666,5.074968119943191,21.8,12.1,0.0,645.67,172.01166666666666,239.34352655450303,18:00:00
854,0.0,177861,0.0,9790.99,2012-05-04,6334.47,9919.73,8425.108958333332,991.0892656669072,12.1,21.8,16.31875,2.913771866389286,20.8,9.9,0.0,533.0,137.50958333333332,193.54480833062303,18:30:00
855,0.0,177861,0.0,9283.14,2012-05-05,6428.62,9790.99,8438.390208333332,949.8388504742087,9.9,20.8,14.035416666666668,3.4274542120773144,19.6,11.1,0.0,622.6,165.51416666666668,229.88560086818143,18:00:00
856,0.0,177861,0.0,9556.21,2012-05-06,6425.82,9283.14,7975.888750000001,744.6916811463773,11.1,19.6,14.379166666666668,3.070862262534905,21.4,7.6,0.0,481.2,119.05125,167.939460259446,18:30:00
857,0.0,177861,0.0,10698.38,2012-05-07,6222.71,9556.21,7785.45375,894.4408919319974,7.6,21.4,12.940624999999999,4.405299712676839,18.0,8.1,0.0,653.53,174.64291666666668,242.5685583452543,18:30:00
858,0.0,177861,0.0,10148.45,2012-05-08,6386.51,10698.38,8781.847291666667,1260.9605678697087,8.1,18.0,12.0,3.1160531500670126,23.0,6.8,0.0,394.23,90.83416666666666,134.0227550635439,18:30:00
859,0.0,177861,0.0,10029.34,2012-05-09,6628.56,10148.45,8634.115833333333,942.7494394697702,6.8,23.0,13.520833333333334,5.4834745287820414,26.8,7.1,0.0,621.17,165.26624999999999,231.7203345917183,18:00:00
860,0.0,177861,0.0,9940.74,2012-05-10,6544.5,10029.34,8554.206250000001,947.4533253189718,7.1,26.8,15.21875,6.597731920089032,27.3,10.0,0.0,619.7,165.0925,230.76520310673706,18:00:00
861,0.0,177861,0.0,9750.34,2012-05-11,6535.05,9940.74,8547.74625,946.5656873647366,10.0,27.3,16.341666666666665,5.484788765432854,25.3,10.6,0.0,612.25,163.245,229.2244316190223,18:00:00
862,0.0,177861,0.0,9329.88,2012-05-12,6403.39,9750.34,8394.6175,906.2840954290543,10.6,25.3,15.754166666666668,4.724718086077496,19.0,9.6,0.0,419.62,113.43624999999999,157.2674433666584,18:00:00
863,0.0,177861,0.0,9699.31,2012-05-13,6331.62,9329.88,7892.297708333333,789.2506328702724,9.6,19.0,14.25,2.7659017997675632,17.3,5.2,0.0,593.9,152.02541666666667,217.9348635946884,18:00:00
864,0.0,177861,0.0,11227.89,2012-05-14,6096.57,9699.31,7870.080000000001,1011.7559609275062,5.2,17.3,12.106250000000001,3.751901999922342,16.9,6.6,0.0,607.4,154.61875,219.81776927936795,18:30:00
865,0.0,177861,0.0,10892.05,2012-05-15,6548.76,11227.89,8997.206041666666,1336.2826927915407,6.6,16.9,11.245833333333332,3.49132410005591,18.5,6.7,0.0,598.55,151.34708333333333,213.36204471092543,18:30:00
866,0.0,177861,0.0,10687.08,2012-05-16,6847.03,10892.05,9054.067708333334,1095.107577172097,6.7,18.5,12.289583333333333,4.047076148852395,19.1,7.6,0.0,582.97,152.73916666666668,216.97536159355164,18:30:00
867,0.0,177861,0.0,10622.89,2012-05-17,6781.04,10687.08,8939.918541666668,1057.6915100429676,7.6,19.1,12.216666666666667,3.8907054183633942,20.3,7.1,0.0,540.4,138.6966666666667,198.0680146059153,18:00:00
868,0.0,177861,0.0,10208.29,2012-05-18,6777.56,10622.89,8921.097291666667,1040.9568760698921,7.1,20.3,12.283333333333333,4.4037862497325335,22.0,7.3,0.0,567.22,145.82208333333332,208.37045610263092,18:30:00
869,0.0,177861,0.0,9822.42,2012-05-19,6714.81,10208.29,8839.59,968.9924306842663,7.3,22.0,12.50625,5.032211402131738,20.9,6.5,0.0,577.92,150.52833333333334,213.97833416954066,18:00:00
870,0.0,177861,0.0,10231.65,2012-05-20,6701.34,9822.42,8311.361666666666,830.2648107408925,6.5,20.9,11.975,4.958701786179052,16.0,6.0,0.0,526.15,138.02875,197.3842118017979,18:00:00
871,0.0,177861,0.0,10798.92,2012-05-21,6427.91,10231.65,8210.183125,1024.0060165052566,6.0,16.0,10.90625,3.481526092990001,20.1,8.4,0.0,388.83,84.84875000000001,123.79309995422439,18:30:00
872,0.0,177861,0.0,10797.37,2012-05-22,6625.41,10798.92,8875.531458333333,1195.2596038980785,8.4,20.1,13.316666666666668,3.982158792976778,20.4,5.8,0.0,531.25,130.725,190.40541514626435,18:00:00
873,0.0,177861,0.0,10564.02,2012-05-23,6750.38,10797.37,8986.302291666667,1094.302950817084,5.8,20.4,11.739583333333334,4.988870148100662,21.7,3.7,0.0,582.17,153.36583333333334,218.37147510298246,18:30:00
874,0.0,177861,0.0,11473.83,2012-05-24,6817.99,10564.02,8950.268333333333,1038.527381151513,3.7,21.7,11.722916666666668,6.541300527315074,14.5,4.0,0.0,588.7,153.21541666666667,218.3145959337008,18:00:00
875,10.4,177861,0.0,10967.16,2012-05-25,6739.32,11473.83,9328.650625,1318.4551635142818,4.0,14.5,9.747916666666667,3.422515535195199,17.7,11.6,0.0,211.6,47.87625,69.65429064925624,18:00:00
876,0.0,177861,0.0,10332.7,2012-05-26,6591.2,10967.16,9073.367708333333,1207.6937983510095,11.6,17.7,14.147916666666667,1.8327969073375525,16.7,7.3,0.0,341.73,66.16125000000001,102.77337017189505,18:30:00
877,0.0,177861,0.0,10375.32,2012-05-27,6747.44,10332.7,8606.107916666666,938.4497757743281,7.3,16.7,12.760416666666666,2.3160622840386007,17.7,8.3,0.0,560.95,140.3975,204.01616909482357,18:00:00
878,0.0,177861,0.0,11364.32,2012-05-28,6588.63,10375.32,8330.596041666666,1044.956634406606,8.3,17.7,13.297916666666666,2.8968427114766615,17.5,7.3,0.0,475.05,113.59125,167.42327971628512,18:30:00
879,1.4,177861,0.0,11198.67,2012-05-29,6695.15,11364.32,9148.964166666667,1320.7617016720108,7.3,17.5,12.972916666666668,3.259143575231325,16.0,7.7,0.0,495.73,120.97083333333335,176.8356675095443,18:00:00
880,0.0,177861,0.0,11094.39,2012-05-30,6960.36,11198.67,9293.823333333334,1157.3476991634204,7.7,16.0,11.939583333333333,2.4419855527247316,17.7,6.6,0.0,329.45,79.42291666666667,114.46081852994978,18:00:00
881,0.2,177861,0.0,10901.26,2012-05-31,6903.74,11094.39,9210.928750000001,1124.5177720621002,6.6,17.7,11.745833333333332,3.827557319683272,18.0,11.0,0.0,399.2,95.67166666666667,139.92483607786875,18:00:00
882,0.0,190081,0.0,10693.58,2012-06-01,6875.54,10901.26,9112.867083333333,1078.295563257241,11.0,18.0,14.375,2.299722462440918,18.5,8.8,0.0,358.0,83.78583333333334,122.02420287190905,18:30:00
883,0.0,190081,0.0,10224.45,2012-06-02,6873.57,10693.58,9060.22375,1049.065126868285,8.8,18.5,13.700000000000001,3.086346045875869,17.4,12.3,0.0,305.85,68.40458333333333,101.6386850346234,18:00:00
884,8.0,190081,0.0,10289.52,2012-06-03,6573.0,10224.45,8544.503958333333,1015.5424110815237,12.3,17.4,14.59375,1.1984753168532019,14.9,12.5,0.0,174.55,37.56,58.19969118694119,18:00:00
885,6.4,190081,0.0,11010.85,2012-06-04,6232.98,10289.52,8318.964583333332,1214.4399914923727,12.5,14.9,14.029166666666667,0.59105327309068,20.0,9.3,0.0,135.55,24.62,35.43474842220107,18:30:00
886,0.0,190081,0.0,12152.87,2012-06-05,6465.5,11010.85,8933.106458333334,1311.387549237715,9.3,20.0,14.304166666666667,3.0087078115090304,15.3,7.5,0.0,463.38,109.50416666666666,162.4889962962904,18:00:00
887,15.8,190081,0.0,11874.83,2012-06-06,6771.21,12152.87,9577.829375,1482.6696628851712,7.5,15.3,11.668750000000001,2.1181240445462826,14.6,9.7,0.0,505.58,95.85916666666667,149.97981121702696,18:00:00
888,0.6,190081,0.0,11597.89,2012-06-07,6984.26,11874.83,9601.365625,1331.5906935546311,9.7,14.6,12.329166666666666,1.3048124236812382,15.8,5.2,0.0,310.45,78.23833333333333,113.69161841678107,18:00:00
889,0.0,190081,0.0,11504.56,2012-06-08,7160.48,11597.89,9554.780833333332,1230.8578714290566,5.2,15.8,10.302083333333334,3.272092803093569,16.6,3.8,0.0,416.8,97.37916666666666,143.70879380669743,18:30:00
890,0.0,190081,0.0,10756.06,2012-06-09,7231.74,11504.56,9618.663541666667,1205.0331119640402,3.8,16.6,8.383333333333333,4.068840251583712,17.3,4.4,0.0,522.75,129.43041666666667,189.1588839001048,18:00:00
891,0.4,190081,0.0,10633.87,2012-06-10,7101.82,10756.06,8969.395625,989.9160929624209,4.4,17.3,8.877083333333333,4.462192933989054,14.0,8.3,0.0,504.17,124.87374999999999,181.37474452817173,18:00:00
892,28.8,190081,0.0,11453.97,2012-06-11,6845.81,10633.87,8802.149583333334,1086.9286823576497,8.3,14.0,10.94375,1.9747239236075729,13.7,11.1,0.0,227.93,53.50791666666667,78.81830614689234,18:30:00
893,56.4,190081,0.0,11446.72,2012-06-12,6629.53,11453.97,9001.786666666667,1437.7096698189027,11.1,13.7,12.272916666666667,0.731579341789619,17.7,12.2,0.0,130.75,28.125416666666666,40.65145383327471,18:00:00
894,2.6,190081,0.0,11306.18,2012-06-13,6877.39,11446.72,9370.366458333334,1267.628530530473,12.2,17.7,14.320833333333333,1.533589633220233,15.5,8.3,0.0,391.23,95.84083333333332,142.13280805975216,18:00:00
895,0.4,190081,0.0,10958.89,2012-06-14,6957.61,11306.18,9344.067291666666,1157.5467834775918,8.3,15.5,12.424999999999999,2.2394433198852615,18.5,8.9,0.0,327.85,80.61916666666667,118.24409403781101,18:00:00
896,0.0,190081,0.0,10523.78,2012-06-15,6831.08,10958.89,9120.594374999999,1115.031119580814,8.9,18.5,13.008333333333333,2.9991369917086916,20.4,7.7,0.0,399.58,102.97083333333335,151.24604022013108,18:30:00
897,0.2,190081,0.0,10753.98,2012-06-16,6807.99,10523.78,8973.9625,1045.4705731025633,7.7,20.4,12.78125,4.0759625543766775,13.0,7.8,0.0,388.42,90.56666666666666,131.7348809094499,18:00:00
898,9.2,190081,0.0,10618.92,2012-06-17,6684.65,10753.98,8908.64875,1164.109935547736,7.8,13.0,10.945833333333333,1.640440824684262,18.2,7.4,0.0,116.5,24.25208333333333,35.98057290286578,18:00:00
899,0.0,190081,0.0,11415.61,2012-06-18,6469.61,10618.92,8362.511041666667,1150.8000973314354,7.4,18.2,12.393749999999999,3.5906146128305583,18.2,4.6,0.0,521.2,130.56958333333333,191.22133892550016,18:30:00
900,0.0,190081,0.0,11455.29,2012-06-19,6592.09,11415.61,9134.034166666666,1369.4168842602924,4.6,18.2,10.845833333333333,4.526985673798862,18.7,4.1,0.0,529.35,132.69416666666666,194.18990732186305,18:30:00
901,0.0,190081,0.0,11629.04,2012-06-20,6930.03,11455.29,9329.730208333332,1220.602669762717,4.1,18.7,11.433333333333332,5.121599373422717,16.8,4.6,0.0,518.58,129.43125,190.1618766312958,18:30:00
902,0.0,190081,0.0,11666.13,2012-06-21,7104.92,11629.04,9527.0575,1262.296673695769,4.6,16.8,9.137500000000001,4.001894498168097,17.6,2.6,0.0,493.52,128.58916666666667,186.6477513652825,18:30:00
903,0.0,190081,0.0,11310.94,2012-06-22,6975.1,11666.13,9562.990625,1290.4376436094385,2.6,17.6,10.285416666666666,4.801063250295014,17.2,6.3,0.0,376.33,73.68958333333333,113.82955109730595,18:30:00
904,0.0,190081,0.0,10960.18,2012-06-23,6881.87,11310.94,9399.334791666666,1227.3689296491245,6.3,17.2,13.5,2.6969644086039755,16.3,4.6,0.0,302.62,64.70041666666667,97.14938446511307,18:00:00
905,0.0,190081,0.0,11145.74,2012-06-24,6994.3,10960.18,8950.904166666667,1093.2975531183672,4.6,16.3,10.418750000000001,3.450109850240047,17.4,2.8,0.0,531.5,133.81083333333333,196.02163138973984,18:00:00
906,0.0,190081,0.0,11805.74,2012-06-25,6822.67,11145.74,8783.796041666666,1196.9584761683382,2.8,17.4,9.893749999999999,4.7445559507937904,18.9,1.7,0.0,533.53,135.13875,197.12277925596462,18:30:00
907,0.0,190081,0.0,12096.07,2012-06-26,6856.9,11805.74,9496.824999999999,1451.3626990169862,1.7,18.9,10.416666666666666,5.490856358173951,12.9,6.6,0.0,534.6,135.86625,197.98000476488053,18:00:00
908,0.0,190081,0.0,11654.65,2012-06-27,7082.14,12096.07,9811.067291666666,1385.5633518809184,6.6,12.9,10.771875,1.6214947874552916,15.3,5.2,0.0,204.43,52.08208333333334,75.52116415941235,18:00:00
909,0.0,190081,0.0,11234.93,2012-06-28,6931.02,11654.65,9557.30125,1288.6590253794911,5.2,15.3,10.65625,3.028229329548941,17.5,5.0,0.0,282.52,70.69500000000001,103.98175238851883,18:00:00
910,0.0,190081,0.0,10441.34,2012-06-29,7003.68,11234.93,9393.769791666668,1165.2750436398012,5.0,17.5,10.612499999999999,3.8820166397749194,19.5,8.5,0.0,358.4,86.79375,128.27140326359873,18:30:00
911,0.0,190081,0.0,10128.04,2012-06-30,6814.05,10441.34,9005.821875,1007.8325896244748,8.5,19.5,12.799999999999999,3.677938830724785,19.2,4.8,0.0,440.92,103.31375000000001,154.4460313697023,18:30:00
912,0.0,193251,0.0,10901.71,2012-07-01,6658.89,10128.04,8429.697083333334,923.5872646739499,4.8,19.2,11.041666666666666,4.731732323382404,15.5,6.0,0.0,528.45,127.70125,188.49866003954014,18:30:00
913,0.0,193251,0.0,11695.39,2012-07-02,6458.57,10901.71,8548.618958333334,1254.3759555036524,6.0,15.5,9.904166666666667,3.1062023288577674,15.7,2.0,0.0,344.0,85.19625,125.15362317202448,18:30:00
914,0.0,193251,0.0,11801.08,2012-07-03,6800.31,11695.39,9417.6175,1403.8572782364483,2.0,15.7,9.504166666666666,4.50210155812997,15.4,5.4,0.0,473.42,114.74708333333332,167.89579106161557,18:30:00
915,0.0,193251,0.0,11738.11,2012-07-04,7094.82,11801.08,9569.311458333334,1274.1784455124264,5.4,15.4,9.5375,3.06584652153643,15.5,6.4,0.0,522.62,128.67458333333335,188.81214833074037,18:30:00
916,0.0,193251,0.0,11828.56,2012-07-05,6995.28,11738.11,9593.820833333333,1297.7653242513,6.4,15.5,10.608333333333333,2.911447204174418,14.5,8.4,0.0,409.12,94.085,139.3178968471563,18:30:00
917,10.8,193251,0.0,11386.69,2012-07-06,7060.88,11828.56,9583.00625,1296.7041985653964,8.4,14.5,10.73357843137255,1.6888511339347534,14.5,8.8,0.0,375.65,87.35875,128.09181877349593,18:30:00
918,1.2,193251,0.0,10627.3,2012-07-07,7109.19,11386.69,9547.981249999999,1175.5558955110316,8.8,14.5,11.21875,1.8384378486650716,14.6,8.1,0.0,314.7,80.23708333333333,115.34526998221256,18:00:00
919,0.0,193251,0.0,10490.4,2012-07-08,6953.28,10627.3,8895.054375,998.9368837449069,8.1,14.6,11.206249999999999,2.020049109367226,18.0,6.2,0.0,402.88,104.47625,152.91058110661177,18:30:00
920,0.0,193251,0.0,11270.91,2012-07-09,6616.38,10490.4,8397.28625,1091.7324114620317,6.2,18.0,11.139583333333334,3.472061107373159,17.9,4.2,0.0,496.27,124.58458333333333,181.52715244948465,18:30:00
921,0.0,193251,0.0,11338.83,2012-07-10,6742.18,11270.91,9215.729583333334,1299.7737562752802,4.2,17.9,9.84375,4.716467585954738,17.9,5.8,0.0,521.22,130.27625,189.843266170034,18:00:00
922,6.8,193251,0.0,10519.17,2012-07-11,6979.73,11338.83,9387.457916666666,1188.5998592156584,5.8,17.9,11.383333333333333,4.282638545079589,19.4,8.8,0.0,409.85,100.43833333333333,147.6437381007221,18:00:00
923,0.0,193251,0.0,10971.92,2012-07-12,6673.44,10519.17,8839.291458333333,1024.8789627072824,8.8,19.4,13.450000000000001,3.3895960971961916,16.1,8.1,0.0,480.95,119.42083333333333,172.36653536630712,18:00:00
924,1.0,193251,0.0,9853.22,2012-07-13,6625.36,10971.92,9128.071875,1229.022039614469,8.1,16.1,11.885416666666666,2.656344439289046,23.1,8.7,0.0,149.73,40.17166666666667,55.34188455884767,18:00:00
925,0.0,193251,0.0,9563.39,2012-07-14,6625.65,9853.22,8591.519166666667,917.698348408468,8.7,23.1,15.022916666666667,4.657377564696881,19.2,6.6,0.0,456.6,81.34166666666667,132.19188185769204,18:00:00
926,0.0,193251,0.0,10327.84,2012-07-15,6317.38,9563.39,8036.9470833333335,883.3292426683355,6.6,19.2,12.439583333333333,4.429962757796164,17.0,4.6,0.0,519.62,135.24291666666667,193.9886318007007,18:30:00
927,0.0,193251,0.0,11186.8,2012-07-16,6151.53,10327.84,8006.2283333333335,1198.3963255726794,4.6,17.0,10.927083333333334,3.968747033281965,19.7,5.1,0.0,550.42,142.69416666666666,205.30984129165765,18:30:00
928,0.0,193251,0.0,10903.66,2012-07-17,6411.01,11186.8,8985.213125,1375.2617235448215,5.1,19.7,11.06875,4.788557116221873,19.9,3.9,0.0,562.0,146.38208333333333,210.15437625564013,18:30:00
929,0.0,193251,0.0,10780.39,2012-07-18,6906.15,10903.66,9069.90875,1120.4381548411923,3.9,19.9,10.277083333333334,5.592481258905181,18.5,5.4,0.0,568.47,147.72833333333332,211.97227117517775,18:30:00
930,0.0,193251,0.0,11467.0,2012-07-19,6624.65,10780.39,8900.838541666666,1134.3632006248579,5.4,18.5,10.5375,4.762693007202024,14.1,3.9,0.0,526.92,129.03333333333333,186.57429018151882,18:30:00
931,0.0,193251,0.0,11023.44,2012-07-20,6806.8,11467.0,9265.255833333335,1285.7645685554114,3.9,14.1,9.356250000000001,3.434611455618208,15.6,4.7,0.0,344.1,84.17833333333333,116.50628662762738,18:30:00
932,0.0,193251,0.0,10482.85,2012-07-21,7034.77,11023.44,9278.52875,1132.7071623884358,4.7,15.6,10.047916666666667,3.9540439618803265,14.9,9.1,0.0,491.2,126.32791666666667,182.74538097848503,18:30:00
933,0.0,193251,0.0,10649.18,2012-07-22,6826.31,10482.85,8684.421041666666,973.0069536919744,9.1,14.9,12.19375,1.9962098395219523,16.2,8.4,0.0,307.58,77.02208333333333,111.39473757974832,18:30:00
934,2.2,193251,0.0,11441.97,2012-07-23,6462.97,10649.18,8381.5725,1159.9737510575635,8.4,16.2,11.785416666666668,2.467576085471055,15.2,8.7,0.0,345.4,85.71875,122.28086699688807,18:30:00
935,4.4,193251,0.0,11442.57,2012-07-24,6550.54,11441.97,9145.723125,1410.8254525000398,8.7,15.2,12.00625,1.6190890859014233,13.9,9.5,0.0,380.25,103.96041666666667,148.85988213908067,18:30:00
936,1.6,193251,0.0,10842.58,2012-07-25,6854.37,11442.57,9330.405416666666,1231.2390158092328,9.5,13.9,11.547916666666666,1.3056325740573873,18.7,8.1,0.0,284.75,74.15333333333334,105.67745439988472,18:00:00
937,0.0,193251,0.0,10844.47,2012-07-26,6809.77,10842.58,9005.199999999999,1105.6101882959604,8.1,18.7,12.035416666666668,3.5198821053354896,18.7,7.7,0.0,582.15,149.41291666666666,213.83080511169644,18:30:00
938,0.0,193251,0.0,10808.8,2012-07-27,6634.79,10844.47,8959.43375,1139.9182428794916,7.7,18.7,12.61875,3.2805458970998598,17.1,4.7,0.0,342.33,73.22708333333334,106.1832956963056,18:30:00
939,0.0,193251,0.0,10183.27,2012-07-28,6709.87,10808.8,9030.41,1127.8959583978544,4.7,17.1,10.9375,3.64368442242365,17.2,5.4,0.0,586.6,149.59166666666667,214.95137291592184,18:30:00
940,0.0,193251,0.0,10692.91,2012-07-29,6751.04,10183.27,8529.444166666666,909.6267368561386,5.4,17.2,11.070833333333333,4.075665111278253,15.2,4.7,0.0,573.47,146.65166666666667,209.65037578893035,18:30:00
941,0.0,193251,0.0,11832.23,2012-07-30,6474.8,10692.91,8418.771041666667,1167.2793980608033,4.7,15.2,10.049999999999999,3.4857155314163895,14.4,5.4,0.0,468.85,114.59958333333333,158.74880600265786,18:30:00
942,0.0,193251,0.0,11897.55,2012-07-31,6773.31,11832.23,9349.903333333334,1443.5483225472829,5.4,14.4,10.591666666666667,2.987408564136819,14.5,6.3,0.0,419.5,116.18541666666665,161.75619017335057,18:30:00
943,0.0,196738,0.0,11887.6,2012-08-01,7075.85,11897.55,9643.917083333334,1314.2935447445789,6.3,14.5,10.277083333333334,2.431638934505166,15.0,5.4,0.0,409.85,103.35208333333334,145.39838340446295,18:30:00
944,0.0,196738,0.0,11542.51,2012-08-02,7158.18,11887.6,9592.762916666667,1284.5398037495156,5.4,15.0,9.777083333333334,3.2637427662074763,15.5,4.3,0.0,569.62,131.8925,195.94319968058048,18:30:00
945,0.0,196738,0.0,10932.16,2012-08-03,7246.5,11542.51,9496.641458333334,1204.4751472330533,4.3,15.5,9.247916666666667,3.6586237142222617,17.6,3.1,0.0,612.15,159.88250000000002,225.99255393966018,19:00:00
946,0.0,196738,0.0,9878.96,2012-08-04,7076.17,10932.16,9272.800416666667,1128.4462222444158,3.1,17.6,9.262500000000001,5.021046131566524,19.5,1.3,0.0,605.17,148.2475,211.16077757269784,18:30:00
947,0.0,196738,0.0,9905.91,2012-08-05,6724.91,9878.96,8407.991458333332,888.580646979884,1.3,19.5,9.883333333333335,6.357884477989593,20.8,1.6,0.0,627.97,167.13583333333332,233.79037071868498,18:30:00
948,0.0,196738,0.0,10983.0,2012-08-06,6451.24,9905.91,8015.94,941.6444216256594,1.6,20.8,12.125,7.024289166732269,17.4,4.8,0.0,626.12,158.96375,226.88007966413508,18:30:00
949,0.0,196738,0.0,11230.69,2012-08-07,6386.83,10983.0,8796.688333333334,1294.1996667016958,4.8,17.4,11.897916666666667,4.256833784075697,17.3,4.0,0.0,643.47,175.04208333333335,242.86480253957893,18:30:00
950,0.0,196738,0.0,10747.61,2012-08-08,7013.16,11230.69,9208.0625,1180.2480983674573,4.0,17.3,9.522916666666667,4.670561476262367,20.8,1.0,0.0,651.65,175.19416666666666,243.76209529255866,19:00:00
951,0.0,196738,0.0,11061.25,2012-08-09,6969.16,10747.61,9010.243541666667,1049.866745756164,1.0,20.8,9.829166666666667,6.656750160178424,18.5,5.5,0.0,649.97,179.7125,247.25395794650646,18:30:00
952,0.0,196738,0.0,11344.03,2012-08-10,6614.58,11061.25,8972.045416666666,1216.7403398301685,5.5,18.5,11.7875,4.281808377160684,14.6,6.5,0.0,543.85,119.98291666666667,178.16496622582181,19:00:00
953,0.0,196738,0.0,10487.82,2012-08-11,6978.67,11344.03,9426.210833333333,1181.3709045180692,6.5,14.6,10.983333333333334,3.0085221743837725,15.7,8.9,0.0,399.98,87.18708333333332,123.11166454765787,18:30:00
954,0.0,196738,0.0,10642.42,2012-08-12,6830.67,10487.82,8762.559791666667,990.0257938494278,8.9,15.7,12.777083333333332,1.9570102668093396,14.4,10.3,0.0,319.55,86.78416666666668,120.17716042847945,18:30:00
955,0.0,196738,0.0,10934.24,2012-08-13,6465.33,10642.42,8420.404166666667,1148.6845251423115,10.3,14.4,12.495833333333332,1.1998152931133417,18.3,6.6,0.0,439.95,96.44208333333334,138.48135129781735,18:30:00
956,0.0,196738,0.0,11114.87,2012-08-14,6736.52,10934.24,8987.656874999999,1208.720767104814,6.6,18.3,11.739583333333334,3.4555991926353147,18.0,3.7,0.0,590.78,162.0975,223.3278974793637,19:00:00
957,0.0,196738,0.0,10334.43,2012-08-15,6985.59,11114.87,9168.332291666668,1109.079410412537,3.7,18.0,10.447303921568627,4.984880616583434,21.7,3.3,0.0,573.92,140.27708333333334,204.3702949899784,18:30:00
958,0.0,196738,0.0,10336.06,2012-08-16,6848.09,10334.43,8814.03625,946.6612950103886,3.3,21.7,12.377083333333333,6.23057797883588,19.2,5.9,0.0,516.95,134.19041666666666,186.62910427241732,18:30:00
959,0.0,196738,0.0,10504.07,2012-08-17,6731.29,10336.06,8714.53,979.4250891037851,5.9,19.2,12.570833333333333,3.7505153310214516,21.2,3.2,0.0,674.28,186.17208333333335,255.10318465286835,19:00:00
960,0.0,196738,0.0,9885.4,2012-08-18,6673.59,10504.07,8827.487500000001,1035.8120239233845,3.2,21.2,11.429166666666667,5.399722543436773,17.8,9.2,0.0,679.05,169.55625,235.64131305119093,18:30:00
961,0.0,196738,0.0,9845.55,2012-08-19,6548.52,9885.4,8238.238958333333,889.3109743640994,9.2,17.8,12.960416666666667,2.891126525880955,18.7,4.9,0.0,584.0,155.66333333333333,212.89573453282125,18:30:00
962,0.0,196738,0.0,11014.04,2012-08-20,6439.44,9845.55,8001.7127083333335,952.3030892363548,4.9,18.7,11.658333333333333,4.107379624028746,18.2,3.4,0.0,686.75,183.31416666666667,253.88866552330705,19:00:00
963,0.0,196738,0.0,10321.09,2012-08-21,6646.14,11014.04,8966.211041666667,1240.89988674527,3.4,18.2,10.200000000000001,4.779165777823039,21.1,6.4,0.0,678.2,192.525,260.68273708646996,18:30:00
964,0.0,196738,0.0,9740.96,2012-08-22,6887.3,10321.09,8782.076458333333,943.5829835677827,6.4,21.1,13.041666666666666,5.123406169741165,23.1,6.8,0.0,694.4,190.07083333333333,258.81283989189524,19:00:00
965,0.0,196738,0.0,9630.98,2012-08-23,6542.56,9740.96,8406.484375,849.4532961123859,6.8,23.1,14.8125,5.709291605645824,28.7,10.4,0.0,662.53,161.32666666666668,229.77854879078063,18:30:00
966,6.8,196738,0.0,9655.18,2012-08-24,6156.29,9630.98,8196.007708333333,936.1370172927145,10.4,28.7,18.847916666666666,5.635638481954887,18.8,10.8,0.0,655.08,158.085,224.47119441791244,18:30:00
967,0.0,196738,0.0,9093.08,2012-08-25,6183.43,9655.18,8236.317708333334,961.781538275182,10.8,18.8,14.875,2.395430046230317,19.3,6.7,0.0,730.05,208.02583333333334,279.0299938108792,18:30:00
968,0.0,196738,0.0,9575.6,2012-08-26,6301.32,9093.08,7730.158541666667,731.3675828229003,6.7,19.3,12.762500000000001,3.9517098373106627,19.6,3.2,0.0,727.3,205.9708333333333,275.7791031696119,18:30:00
969,0.0,196738,0.0,10492.66,2012-08-27,6145.07,9575.6,7677.055416666667,940.1825503410395,3.2,19.6,10.625,5.3062588495778655,18.9,5.8,0.0,626.25,179.16125,241.59256964783205,19:00:00
970,0.0,196738,0.0,10311.26,2012-08-28,6487.59,10492.66,8627.239583333334,1110.5691126586007,5.8,18.9,12.28125,4.2912407693376435,19.5,4.5,0.0,657.67,180.74791666666667,241.3276788818546,18:30:00
971,0.0,196738,0.0,9882.16,2012-08-29,6704.75,10311.26,8676.157708333334,936.2952982542068,4.5,19.5,12.614583333333334,4.991140644089085,21.1,5.9,0.0,725.2,200.47916666666666,268.7406886409382,18:30:00
972,0.0,196738,0.0,9871.63,2012-08-30,6558.0,9882.16,8483.647916666667,884.2699818060242,5.9,21.1,14.383333333333333,5.421051689334802,21.2,8.6,0.0,539.72,157.74125,209.22690418182512,18:30:00
973,0.0,196738,0.0,10378.47,2012-08-31,6326.2,9871.63,8276.587708333334,928.251281160165,8.6,21.2,14.725,4.133233240609172,17.4,6.1,0.0,722.7,207.28208333333336,275.42337922410826,18:30:00
974,1.2,199993,0.0,9812.72,2012-09-01,6424.13,10378.47,8607.606041666668,1069.5393240435287,6.1,17.4,11.53125,3.4369182292998492,15.9,2.9,0.0,757.75,198.665,274.50272634773677,18:30:00
975,0.0,199993,0.0,9263.42,2012-09-02,6706.27,9812.72,8275.843958333333,839.2341277636103,2.9,15.9,10.225,4.268314730464223,19.6,6.0,0.0,746.8,194.2325,264.26625975257804,18:30:00
976,0.0,199993,0.0,10017.47,2012-09-03,6419.12,9263.42,7725.740624999999,804.6315646846286,6.0,19.6,11.335416666666667,4.621940717156355,20.3,4.0,0.0,770.53,223.18458333333334,294.2940143563795,19:00:00
977,0.0,199993,0.0,9749.72,2012-09-04,6420.58,10017.47,8448.020416666666,1034.5577569491484,4.0,20.3,11.522916666666667,5.925431650793632,23.7,4.7,0.0,786.0,228.31500000000003,299.23599086282985,18:30:00
978,0.0,199993,0.0,9263.74,2012-09-05,6550.6,9749.72,8401.285,839.2083956286529,4.7,23.7,12.9,6.370811097698094,27.2,4.5,0.0,760.3,217.65416666666667,287.5857491925712,18:30:00
979,0.0,199993,0.0,9205.33,2012-09-06,6292.79,9263.74,8050.09875,760.1803820416295,4.5,27.2,17.277083333333334,8.537034204815182,26.9,11.4,0.0,796.25,230.30624999999998,301.92486100356365,18:30:00
980,0.0,199993,0.0,9280.25,2012-09-07,5959.91,9205.33,7868.791458333333,882.4911657034517,11.4,26.9,21.229166666666668,3.6902954003499473,20.7,7.5,0.0,792.12,228.73041666666666,300.5617062849641,18:30:00
981,0.0,199993,0.0,8724.54,2012-09-08,5995.11,9280.25,7962.912083333334,908.7353782603336,7.5,20.7,15.104166666666666,4.0144928051086985,20.1,9.2,0.0,729.53,165.57833333333335,237.76748494295703,18:30:00
982,0.0,199993,0.0,8852.08,2012-09-09,6031.9,8724.54,7462.0389583333335,688.5228350027099,9.2,20.1,14.933333333333332,3.0644379813995215,19.5,6.8,0.0,802.72,233.92166666666665,303.8065759225084,19:00:00
983,0.0,199993,0.0,9430.58,2012-09-10,5883.97,8852.08,7244.825416666667,788.7633107969699,6.8,19.5,13.914583333333333,4.098624033944954,24.1,4.7,0.0,799.62,232.48791666666668,303.2734463894409,19:00:00
984,0.0,199993,0.0,9386.36,2012-09-11,6213.21,9430.58,8070.069791666666,915.8708689373412,4.7,24.1,14.220833333333333,6.323746476855796,20.0,9.5,0.0,811.95,238.48166666666665,309.0314138138045,18:30:00
985,0.0,199993,0.0,9218.51,2012-09-12,6251.6,9386.36,8105.3985416666665,814.7162299190884,9.5,20.0,14.785416666666668,3.3114880362435857,22.0,7.6,0.0,673.42,201.96333333333334,265.0621602514458,19:00:00
986,0.0,199993,0.0,9987.44,2012-09-13,6250.89,9218.51,8028.091458333333,803.1642753721047,7.6,22.0,15.091666666666667,5.045066405456027,22.4,8.2,0.0,760.1,219.235,289.1373421462614,19:00:00
987,2.0,199993,0.0,9320.27,2012-09-14,6081.74,9987.44,8256.639375,1055.3184324001124,8.2,22.4,12.69375,3.916001339295187,17.7,6.0,0.0,432.77,102.78291666666667,138.56745740595213,19:00:00
988,0.0,199993,0.0,8835.44,2012-09-15,6449.8,9320.27,8205.584791666666,809.4884536308458,6.0,17.7,11.262500000000001,3.8781781750516324,17.8,5.1,0.0,842.22,249.93041666666667,320.40848667246263,19:00:00
989,0.0,199993,0.0,8737.92,2012-09-16,6299.43,8835.44,7643.717291666667,659.0708813097273,5.1,17.8,12.235416666666666,4.445341313910905,19.9,7.0,0.0,664.85,201.52666666666667,253.18401029797943,19:00:00
990,0.0,199993,0.0,9516.14,2012-09-17,6080.29,8737.92,7269.549583333333,688.6455475847733,7.0,19.9,14.072916666666666,4.195019315418895,19.0,12.1,0.0,784.2,230.9325,298.34300040995936,18:30:00
991,0.0,199993,0.0,9577.98,2012-09-18,6000.19,9516.14,7996.234166666666,984.7374441429371,12.1,19.0,15.602083333333333,2.0678377630231046,22.2,10.7,0.0,566.1,161.78416666666666,214.20877461399942,18:30:00
992,1.2,199993,0.0,9170.69,2012-09-19,6216.5,9577.98,8127.8341666666665,866.0458600795877,10.7,22.2,15.627083333333333,3.2588824336437883,21.5,8.3,0.0,808.65,228.36333333333334,301.1604319577032,18:30:00
993,0.0,199993,0.0,9161.64,2012-09-20,6195.55,9170.69,7972.044791666667,772.5275847006116,8.3,21.5,14.397916666666667,3.778634763212616,21.8,8.9,0.0,796.78,237.69041666666666,302.53766226392463,19:00:00
994,0.0,199993,0.0,8740.35,2012-09-21,6176.26,9161.64,7957.489791666667,798.1047736249512,8.9,21.8,15.397916666666667,4.170182382017694,23.8,11.1,0.0,824.95,236.87666666666667,305.6665752878894,19:00:00
995,0.4,199993,0.0,8219.22,2012-09-22,5988.12,8740.35,7741.755625000001,781.8932400676134,11.1,23.8,16.58125,3.477811506154472,20.2,8.7,0.0,657.1,149.42208333333335,196.2904240974987,19:00:00
996,0.0,199993,0.0,8144.59,2012-09-23,6021.88,8219.22,7246.81,588.0196677959782,8.7,20.2,14.65625,3.8491726798299046,25.3,7.3,0.0,826.17,253.63250000000002,320.68787858986525,19:00:00
997,0.0,199993,0.0,9064.93,2012-09-24,5765.65,8144.59,6893.410208333334,606.2362852828697,7.3,25.3,16.710416666666667,6.370217925506138,22.5,11.2,0.0,873.08,260.7766666666667,333.06125800259264,19:00:00
998,0.0,199993,0.0,9058.66,2012-09-25,5884.06,9064.93,7681.011875,918.9048445924957,11.2,22.5,17.060416666666665,3.0607841842728845,17.1,11.3,0.0,886.28,270.09166666666664,339.6204397627003,19:00:00
999,0.0,199993,0.0,8955.99,2012-09-26,6202.35,9058.66,7900.208541666667,771.9617502485238,11.3,17.1,14.63125,2.0056469482067536,21.1,10.9,0.0,575.33,165.41,207.374361492098,19:00:00
1000,0.0,199993,0.0,8864.65,2012-09-27,6061.88,8955.99,7766.454583333333,778.4291099932793,10.9,21.1,16.58125,3.020473138222455,25.3,9.9,0.0,791.65,239.4695833333333,303.251848339131,19:00:00
1001,0.0,199993,0.0,8862.64,2012-09-28,5968.13,8864.65,7699.734583333334,817.0147847928066,9.9,25.3,18.072916666666668,5.201543943596277,32.0,17.2,0.0,809.47,219.6421875,291.68320911875475,19:00:00
1002,15.6,199993,0.0,7971.47,2012-09-29,5816.39,8862.64,7743.721875,981.5347110599599,17.2,32.0,24.520833333333332,5.244853945325973,21.9,11.9,0.0,796.85,228.28614583333334,295.54001486503495,18:30:00
1003,0.0,199993,0.0,7766.57,2012-09-30,5691.33,7971.47,6966.465625,631.269034388924,11.9,21.9,17.95,2.9944629753326906,20.4,4.4,0.0,740.1,192.13197916666664,257.1736291569676,19:00:00
1004,0.0,203602,0.0,8220.07,2012-10-01,5560.8,7766.57,6724.1033333333335,625.144873290518,4.4,20.4,13.206249999999999,4.4541353603713745,19.6,7.9,0.0,927.03,285.9503125,353.2080361929542,19:00:00
1005,0.0,203602,0.0,8956.05,2012-10-02,5689.1,8220.07,6893.356666666667,664.6605243002779,7.9,19.6,14.172916666666666,3.5956675812163086,20.2,9.8,0.0,786.42,251.87114583333332,309.02308098098155,19:00:00
1006,0.0,203602,0.0,8830.36,2012-10-03,5881.6,8956.05,7659.914375,831.4322328519223,9.8,20.2,15.043750000000001,3.194869973713512,29.5,8.5,0.0,878.88,264.4839583333333,330.42509177485874,19:00:00
1007,0.0,203602,0.0,9037.95,2012-10-04,6024.54,8830.36,7719.536458333333,783.125644383738,8.5,29.5,17.587500000000002,7.194490356471521,31.4,9.5,0.0,919.03,286.71760416666666,352.9747426832824,19:00:00
1008,0.0,203602,19.86,9102.02,2012-10-05,5857.7,9037.95,7754.376041666666,963.9483078392353,9.5,31.4,21.033333333333335,7.633780841043186,33.1,14.6,0.0,922.95,290.36291666666665,356.93771959848004,19:00:00
1009,0.0,203602,0.0,8324.22,2012-10-06,5879.5,9102.02,7895.140625,1055.9899260931616,14.6,33.1,20.639583333333334,4.982298007919268,17.8,15.5,0.0,908.12,277.4941666666667,344.08546817604645,12:30:00
1010,2.0,203602,0.0,8082.64,2012-10-07,5813.54,8324.22,7258.057291666667,722.9554316322351,15.5,17.8,16.585416666666667,0.6314419780401087,18.6,11.2,0.0,314.62,86.09531249999999,111.7223519294369,18:30:00
1011,0.0,203602,0.0,8726.69,2012-10-08,5656.46,8082.64,6852.084583333333,654.2582431320269,11.2,18.6,15.320833333333333,1.8959035720758395,17.7,12.9,0.0,962.38,297.0707291666667,365.3544708021174,19:00:00
1012,2.4,203602,0.0,8715.65,2012-10-09,5800.22,8726.69,7692.027291666666,912.5274465023876,12.9,17.7,14.945833333333333,1.3440108809927662,18.4,9.4,0.0,665.25,204.25208333333333,255.45277019198463,18:30:00
1013,0.0,203602,0.0,8617.89,2012-10-10,6014.03,8715.65,7818.7891666666665,770.0120861605573,9.4,18.4,13.924999999999999,2.2153718289320032,23.8,6.9,0.0,871.92,239.17083333333335,310.927169950007,19:00:00
1014,7.2,203602,0.0,8978.86,2012-10-11,5989.71,8617.89,7780.966041666667,787.0719637209091,6.9,23.8,15.364583333333334,5.465111378177624,18.5,11.8,0.0,932.7,293.2376041666667,359.87882141518196,19:00:00
1015,10.6,203602,322.935,9434.51,2012-10-12,6076.74,8978.86,8008.332291666667,926.0731758877864,11.8,18.5,14.856250000000001,1.9853619906814362,15.7,8.0,0.0,431.45,86.31583333333333,120.27681389608269,19:00:00
1016,10.4,203602,734.81,8257.34,2012-10-13,6153.52,9434.51,8277.631666666666,981.1819734757457,8.0,15.7,11.429166666666667,2.133716997858516,17.7,6.0,0.0,442.65,132.70385416666667,154.61931224592809,08:30:00
1017,0.0,203602,0.0,8157.89,2012-10-14,6192.03,8257.34,7412.372708333333,575.1635010012358,6.0,17.7,12.510416666666666,4.201430333109384,19.2,9.8,0.0,878.62,285.7246875,346.85784780427116,08:30:00
1018,0.0,203602,0.0,8562.86,2012-10-15,5799.42,8157.89,7025.001666666667,631.3218484490124,9.8,19.2,14.354166666666666,3.1720829007259588,26.4,8.3,0.0,862.83,260.6584375,323.8671573808518,19:00:00
1019,0.0,203602,0.0,8912.52,2012-10-16,5832.29,8562.86,7716.985833333333,905.9163409189454,8.3,26.4,16.66875,6.095521769159539,32.3,10.3,0.0,953.53,306.27760416666666,368.8794449121722,19:00:00
1020,0.0,203602,573.6600000000001,8571.28,2012-10-17,5906.39,8912.52,7842.438125000001,943.0709042558017,10.3,32.3,21.464583333333334,7.724773344697591,21.8,14.4,0.0,942.67,290.85833333333335,355.65773993530144,17:00:00
1021,0.0,203602,0.0,8560.95,2012-10-18,5773.02,8571.28,7680.935416666667,865.89971560752,14.4,21.8,18.052083333333332,1.6386280695614284,21.5,16.0,0.0,903.53,289.2734375,346.88121290913875,09:30:00
1022,0.0,203602,0.0,9000.51,2012-10-19,5866.37,8560.95,7775.856458333333,872.4060966659711,16.0,21.5,18.414583333333333,1.7549916146169695,29.1,12.8,0.0,858.7,247.48833333333334,308.79574329646147,19:00:00
1023,0.0,203602,571.7149999999999,7976.82,2012-10-20,5909.11,9000.51,7896.9975,965.6849317949119,12.8,29.1,20.133333333333333,4.873913772420776,31.9,14.0,0.0,934.78,265.15781250000003,341.2807898055878,16:00:00
1024,0.0,203602,0.0,7705.9,2012-10-21,5755.51,7976.82,7256.160208333334,736.9170995942651,14.0,31.9,19.654166666666665,4.783836185790885,27.6,11.6,0.0,951.35,312.64708333333334,373.64898055959804,09:30:00
1025,0.0,203602,0.0,8540.04,2012-10-22,5650.89,7705.9,6817.095,622.2737763834089,11.6,27.6,18.654166666666665,5.218704426054881,17.1,11.5,0.0,419.77,138.94979166666667,158.74211460381846,19:00:00
1026,1.0,203602,0.0,8370.29,2012-10-23,5748.54,8540.04,7611.766458333333,914.6597518865866,11.5,17.1,14.008333333333333,1.6727901692545328,18.9,9.0,0.0,686.28,204.8946875,245.2829641051725,19:00:00
1027,0.0,203602,0.0,8466.74,2012-10-24,5950.09,8370.29,7602.598541666666,754.7656907800454,9.0,18.9,14.725,2.6184695871297423,22.8,8.4,0.0,906.12,283.06583333333333,342.6240956461992,19:00:00
1028,0.0,203602,0.0,8974.71,2012-10-25,5961.06,8466.74,7758.284791666666,804.8127133846031,8.4,22.8,16.462500000000002,4.836634358197199,28.5,10.0,0.0,1001.15,326.12364583333334,386.28405335768963,19:00:00
1029,0.0,203602,242.88,8595.23,2012-10-26,5856.8,8974.71,7829.941458333334,924.7166821823532,10.0,28.5,19.90369623655914,6.46247578926235,23.7,16.3,0.0,978.0,312.74510416666664,368.95973311761674,17:00:00
1030,0.0,203602,622.165,7694.94,2012-10-27,5900.98,8595.23,7643.826041666667,799.6472145883404,16.3,23.7,18.585416666666667,1.4724403803749972,19.0,8.7,0.0,593.88,171.57895833333336,211.10419832637032,10:00:00
1031,0.0,203602,0.0,7757.22,2012-10-28,5780.11,7694.94,6973.686458333334,551.8218590038127,8.7,19.0,15.49375,2.711316414977724,19.2,10.5,0.0,954.03,309.86020833333333,364.184355342938,09:30:00
1032,0.0,203602,0.0,8486.27,2012-10-29,5517.6,7757.22,6787.060416666667,651.8186653721126,10.5,19.2,15.762500000000001,2.0409243838088487,22.0,8.9,0.0,774.53,229.52510416666667,279.0662233796342,19:00:00
1033,0.0,203602,0.0,8662.14,2012-10-30,5640.38,8486.27,7635.81625,973.2763505363204,8.9,22.0,16.099999999999998,4.6260134024881525,24.5,10.9,0.0,861.85,278.52197916666665,328.2425752101243,17:00:00
1034,0.0,203602,0.0,9180.57,2012-10-31,5926.47,8662.14,7821.315,907.3736314220295,10.9,24.5,18.052083333333332,4.29933144646058,28.8,12.5,0.0,816.28,267.023125,318.86783784899774,16:00:00
1035,0.0,207961,0.0,9117.7,2012-11-01,5852.72,9180.57,7984.167916666666,1049.2084107797111,12.5,28.8,20.51875,5.407742922018233,32.1,13.4,0.0,962.53,308.720625,359.5691695414214,16:00:00
1036,0.0,207961,625.41,8432.05,2012-11-02,5839.67,9117.7,7962.542083333334,1098.6488657591483,13.4,32.1,22.933333333333334,6.926708509829314,18.8,14.9,0.0,753.38,177.755625,240.07742788398144,14:00:00
1037,0.2,207961,305.625,7878.17,2012-11-03,5860.11,8432.05,7558.127291666667,776.1490730296913,14.9,18.8,17.070833333333333,1.0426966539011895,17.8,13.1,0.0,914.03,303.49104166666666,352.92972023999215,09:30:00
1038,0.0,207961,0.0,8003.54,2012-11-04,5717.09,7878.17,7078.223125,642.9204663831152,13.1,17.8,15.549999999999999,1.4759057803059192,23.1,14.2,0.0,516.42,162.86729166666666,192.98242543717618,09:30:00
1039,0.0,207961,0.0,9423.99,2012-11-05,5621.85,8003.54,6925.137708333333,708.1603007561056,14.2,23.1,18.570833333333333,3.1065447956493197,27.6,13.3,0.0,909.3,295.87927083333335,350.9316385814134,19:30:00
1040,0.4,207961,0.0,9503.09,2012-11-06,5747.54,9423.99,8025.185624999999,1217.201421049063,13.3,27.6,20.84375,4.4616525060908065,28.6,19.1,0.0,974.75,308.3620833333334,362.36354187859655,16:00:00
1041,0.0,207961,82.265,9101.17,2012-11-07,5954.23,9503.09,8176.1797916666665,1191.0337840385691,19.1,28.6,22.537499999999998,3.0652912811505963,25.5,18.7,0.0,915.1,285.9636458333334,344.18604719970415,14:00:00
1042,0.0,207961,258.75,9230.62,2012-11-08,5977.83,9101.17,8025.204166666666,1047.0562239508363,18.7,25.5,21.368750000000002,1.979915778350608,25.5,17.3,0.0,547.75,158.63489583333333,192.38833423155674,11:30:00
1043,3.6,207961,416.2,9129.08,2012-11-09,5908.06,9230.62,8048.829583333333,1119.6660629714715,17.3,25.5,20.964583333333334,2.6486841039032014,27.4,17.7,0.0,736.0,216.14364583333335,261.5540325157594,10:00:00
1044,5.0,207961,433.55,7796.4,2012-11-10,5995.41,9129.08,7974.399166666666,1007.0051759186495,17.7,27.4,21.158333333333335,2.8735650134501607,19.0,14.1,0.0,775.75,231.1682291666667,265.1362748994225,10:00:00
1045,0.0,207961,0.0,7606.3,2012-11-11,5822.14,7796.4,7007.647916666666,560.4548164943697,14.1,19.0,17.29375,0.9415709485024627,20.4,10.2,0.0,496.6,166.404375,193.81558973708223,08:30:00
1046,0.0,207961,0.0,8603.5,2012-11-12,5518.79,7606.3,6697.952708333333,623.0232932763023,10.2,20.4,15.841666666666667,3.358497215437181,24.0,9.6,0.0,960.45,333.83958333333334,379.48857370295,19:30:00
1047,0.0,207961,456.62,8513.34,2012-11-13,5663.65,8603.5,7631.541041666666,998.1251204052509,9.6,24.0,17.55,5.0483197120322725,20.4,14.1,0.0,1047.25,341.87416666666667,394.82999584164327,16:00:00
1048,1.0,207961,190.815,8637.33,2012-11-14,5788.41,8513.34,7672.229583333334,911.2730594016878,14.1,20.4,17.697916666666668,1.6612594022061815,19.0,15.0,0.0,952.95,313.55916666666667,366.4546302348592,10:00:00
1049,0.0,207961,0.0,8912.74,2012-11-15,5816.45,8637.33,7761.299583333333,938.7679198866639,15.0,19.0,17.183333333333334,1.3086184583382376,26.0,13.6,0.0,414.75,114.9578125,140.56167128325853,09:30:00
1050,2.2,207961,118.31,8812.35,2012-11-16,5921.22,8912.74,7941.981041666667,997.8789612531465,13.6,26.0,20.216666666666665,3.6141173156984236,19.4,14.8,0.0,850.35,255.52312500000002,312.2388689422323,16:30:00
1051,5.8,207961,463.585,7905.25,2012-11-17,5937.83,8812.35,7794.343124999999,903.6200244834519,14.8,19.4,16.931250000000002,1.06374614032852,20.5,13.1,0.0,199.75,60.73885416666667,71.4762466364428,09:30:00
1052,0.0,207961,0.0,7692.39,2012-11-18,5753.18,7905.25,7004.96875,595.9847519062777,13.1,20.5,16.935416666666665,2.1657380033814753,24.0,12.7,0.0,778.33,225.16333333333333,271.14384316347844,09:30:00
1053,0.0,207961,572.415,8488.29,2012-11-19,5492.63,7692.39,6770.132083333334,683.2563408957808,12.7,24.0,18.204166666666666,3.8169252599070247,18.8,10.8,0.0,920.45,273.486875,326.19463938650904,19:30:00
1054,2.6,207961,428.39,8430.17,2012-11-20,5728.1,8488.29,7565.489375,908.1322412943626,10.8,18.8,15.922916666666666,2.315924481858973,20.8,11.9,0.0,790.53,259.9034375,281.5311141966453,09:30:00
1055,0.0,207961,0.0,8687.25,2012-11-21,5755.52,8430.17,7607.340625,854.845029233944,11.9,20.8,17.33125,2.4567887923492258,24.5,10.1,0.0,882.33,284.8198958333333,330.6764266467789,10:30:00
1056,0.0,207961,287.08500000000004,8636.24,2012-11-22,5842.69,8687.25,7765.265,919.5585925913093,10.1,24.5,18.391666666666666,4.91077119797545,19.3,16.5,0.0,785.67,278.8284375,308.75819604274557,16:30:00
1057,0.0,207961,372.77,8617.55,2012-11-23,5915.96,8636.24,7759.602708333333,896.2350719389191,16.5,19.3,18.060416666666665,0.8015250313536825,21.0,13.5,0.0,540.33,164.43041666666667,190.24671328788827,09:30:00
1058,0.0,207961,0.0,8089.64,2012-11-24,5892.32,8617.55,7727.245416666668,883.3950729826585,13.5,21.0,17.727083333333333,2.2326150665667828,25.4,14.3,0.0,878.05,263.5997916666667,308.67368979603054,10:00:00
1059,0.0,207961,0.0,9240.74,2012-11-25,5775.94,8089.64,7312.144791666667,773.7944569374927,14.3,25.4,20.370833333333334,3.4356676289678543,33.1,16.7,0.0,926.0,291.13906249999997,321.7705595419385,16:00:00
1060,0.0,207961,0.0,10245.85,2012-11-26,5810.02,9240.74,7713.077499999999,1219.1814435391532,16.7,33.1,24.366666666666664,5.305811078965568,24.9,20.1,0.0,973.72,326.0727083333333,367.888152630253,17:00:00
1061,0.8,207961,116.29,9593.67,2012-11-27,6064.52,10245.85,8512.768125,1410.9668682444828,20.1,24.9,21.818749999999998,1.4313594564668317,23.8,18.2,0.0,869.1,220.8708333333333,292.2781580201876,14:00:00
1062,10.6,207961,230.43,9209.98,2012-11-28,6166.45,9593.67,8328.391458333334,1160.8776822860125,18.2,23.8,20.545833333333334,1.5629974385480594,21.8,16.8,0.0,721.67,219.0028125,254.52380277207834,11:30:00
1063,0.0,207961,0.0,10587.76,2012-11-29,6006.49,9209.98,8175.67875,1104.5354257259069,16.8,21.8,19.775000000000002,1.4391930363035685,27.7,19.8,0.0,615.47,186.37229166666668,220.795158885311,11:00:00
1064,0.0,207961,0.0,11913.49,2012-11-30,6153.14,10587.76,8762.694375000001,1431.5740783173742,19.8,27.7,23.35625,2.683353431491623,33.4,20.4,0.0,949.7,315.00927083333335,359.8760537042943,16:00:00
1065,0.8,214795,0.0,10659.26,2012-12-01,6405.0,11913.49,9502.038333333334,1851.6083035340691,20.4,33.4,25.51875,3.763240808529097,35.6,23.2,0.0,928.33,280.4272916666667,333.1085292921658,16:00:00
1066,0.0,214795,0.0,8122.79,2012-12-02,6544.02,10659.26,8757.718541666667,1379.7350396454706,23.2,35.6,27.827083333333334,4.185473337238881,24.8,19.3,0.0,794.1,211.63614583333333,258.98984585829163,17:00:00
1067,1.6,214795,364.05,9180.14,2012-12-03,6335.35,8122.79,7473.904583333333,655.9636226776744,19.3,24.8,21.506249999999998,1.6939700630377423,22.3,16.7,0.0,676.3,187.12145833333332,236.64830903720485,15:00:00
1068,0.2,214795,0.0,9084.81,2012-12-04,5988.03,9180.14,8040.151041666667,1104.1968759204617,16.7,22.3,19.175,1.3840274256291365,29.4,14.6,0.0,693.75,154.07989583333332,200.75297751028316,10:00:00
1069,0.0,214795,0.0,8551.15,2012-12-05,5992.45,9084.81,7924.794583333333,998.8423956525946,14.6,29.4,21.289583333333333,4.803865446382773,25.0,11.3,0.0,1090.8,380.7516666666667,424.3398410752387,16:00:00
1070,0.0,214795,0.0,8611.1,2012-12-06,5883.65,8551.15,7698.557916666666,867.8411008492436,11.3,25.0,18.191666666666666,4.142711278569707,21.2,9.7,0.0,1104.8,374.7221875,421.91242238360604,16:00:00
1071,0.0,214795,119.65,8918.6,2012-12-07,6025.47,8611.1,7811.973125,869.0306295220403,9.7,21.2,16.66875,3.6531627946555183,22.4,16.4,0.0,1044.75,365.8333333333333,407.11425180493876,16:00:00
1072,0.0,214795,0.0,8745.96,2012-12-08,6032.43,8918.6,7893.767083333333,928.4969694859008,16.4,22.4,19.070833333333333,1.8945564049748433,27.0,17.0,0.0,671.75,190.68083333333334,237.56486874771818,11:00:00
1073,0.0,214795,133.23,8042.71,2012-12-09,5965.72,8745.96,7622.787708333333,893.607685654389,17.0,27.0,21.962500000000002,3.5186206799485635,25.4,17.7,0.0,948.08,313.94354166666665,368.19667879619914,16:00:00
1074,0.0,214795,151.95,8776.49,2012-12-10,5921.88,8042.71,7162.0060416666665,706.0697702965,17.7,25.4,20.027083333333334,1.8913846760793547,20.6,16.0,0.0,764.95,200.78593750000002,261.23160278225816,10:00:00
1075,0.0,214795,346.95,8653.31,2012-12-11,5778.41,8776.49,7778.583958333334,1005.4806290710867,16.0,20.6,18.368750000000002,1.1962985911338897,20.5,17.5,0.0,358.4,107.555,124.2839799462368,10:00:00
1076,1.2,214795,0.0,9047.87,2012-12-12,5918.22,8653.31,7798.908124999999,888.4619133724478,17.5,20.5,18.802083333333332,1.0129984107301657,25.8,15.7,0.0,549.67,171.798125,187.29033916714909,10:00:00
1077,1.0,214795,0.0,9524.34,2012-12-13,5964.43,9047.87,7997.704166666666,1018.248000312162,15.7,25.8,20.3,3.4254367635787126,26.6,13.1,0.0,1010.6,332.2515625,374.26894310727187,16:00:00
1078,0.0,214795,0.0,9688.49,2012-12-14,5989.99,9524.34,8228.226875,1158.697008630459,13.1,26.6,20.816666666666666,4.4748628094189185,27.2,16.2,0.0,1046.57,368.02885416666663,409.7880761030172,16:00:00
1079,0.0,214795,177.20999999999998,8335.01,2012-12-15,6161.16,9688.49,8296.803125,1133.4026365868142,16.2,27.2,22.05,3.1686630511802436,26.4,18.3,0.0,808.97,263.47875,287.91610183571987,16:00:00
1080,0.0,214795,0.0,9269.43,2012-12-16,6002.91,8335.01,7467.39875,740.7708292491601,18.3,26.4,23.27916666666667,2.5291457083735636,35.0,17.6,0.0,609.17,127.7378125,164.39092654630102,09:30:00
1081,0.0,214795,480.39,9027.78,2012-12-17,5746.38,9269.43,7727.202916666666,1259.7785770944852,17.6,35.0,25.587500000000002,4.984726672546851,21.7,18.5,0.0,987.67,289.12635416666666,343.24963224126765,17:00:00
1082,0.0,214795,0.0,9988.96,2012-12-18,5958.21,9027.78,7981.732708333333,1059.9721382041625,18.5,21.7,19.677083333333332,0.7749370827812453,28.1,14.8,0.0,525.08,176.86468749999997,198.5515460416729,09:30:00
1083,0.0,214795,0.0,10437.47,2012-12-19,6068.84,9988.96,8336.119791666666,1231.8968005279582,14.8,28.1,21.697916666666668,4.141666309916221,27.0,20.4,0.0,1028.22,341.2030208333333,386.55532643938454,16:00:00
1084,0.0,214795,15.275,10225.79,2012-12-20,6185.6,10437.47,8723.425833333333,1377.7195049541856,20.4,27.0,23.660416666666666,1.9824484735686339,33.4,19.6,0.0,850.15,274.8875,315.5872165587813,16:00:00
1085,0.0,214795,342.83,8954.61,2012-12-21,6274.79,10225.79,8645.648541666667,1365.3112767392806,19.6,33.4,23.9375,4.050249532633236,23.5,19.4,0.0,801.83,188.48906250000002,229.14601687490511,13:30:00
1086,0.0,214795,0.0,8625.01,2012-12-22,6083.04,8954.61,7880.18375,909.9847535351839,19.4,23.5,21.2625,1.4155105837703787,26.3,19.4,0.0,623.9,192.41552083333332,226.13817764959637,10:00:00
1087,0.0,214795,0.0,9679.33,2012-12-23,5943.44,8625.01,7571.212291666667,876.7509422723691,19.4,26.3,22.8125,2.1496783529813452,30.8,20.4,0.0,791.85,222.86885416666667,261.1315636337108,17:00:00
1088,0.0,214795,0.0,10543.27,2012-12-24,5929.45,9679.33,7947.66125,1276.357874383409,20.4,30.8,24.972916666666666,3.288648405246954,31.6,20.4,0.0,1021.75,342.9953125,394.2411091759229,15:00:00
1089,6.0,214795,17.77,7006.52,2012-12-25,5843.55,10543.27,8295.06625,1547.6472995549348,20.4,31.6,25.270833333333332,3.46698460762426,22.0,16.2,0.0,1033.62,313.09729166666665,381.5715203197228,14:30:00
1090,23.4,214795,0.0,6746.09,2012-12-26,5493.49,7006.52,6281.964791666666,416.23270499365907,16.2,22.0,18.91875,1.755557285587323,22.2,17.1,0.0,280.5,64.930625,76.55184623053313,00:00:00
1091,0.0,214795,0.0,7790.37,2012-12-27,5074.63,6746.09,6151.1325,540.6606039167821,17.1,22.2,19.360416666666666,1.2652036390348191,24.4,12.2,0.0,672.47,209.37708333333333,240.69197497612544,20:00:00
1092,0.0,214795,178.0,8235.98,2012-12-28,5359.67,7790.37,6903.1952083333335,793.9196355545708,12.2,24.4,18.91875,4.04210058356538,32.2,13.8,0.0,991.9,346.14302083333337,375.5990795733114,17:00:00
1093,0.0,214795,0.0,7426.61,2012-12-29,5549.37,8235.98,7131.463958333334,855.5837676181436,13.8,32.2,20.235416666666666,4.433407487515059,23.9,18.4,0.0,991.35,317.6588541666667,361.06439335699497,12:00:00
1094,0.0,214795,0.0,7324.85,2012-12-30,5515.87,7426.61,6774.405624999999,648.5074466538983,18.4,23.9,20.583333333333332,1.8099410279958565,22.6,17.4,0.0,1013.55,296.9365625,349.5611007196545,16:00:00
1095,0.0,214795,0.0,9205.53,2012-12-31,5432.02,7324.85,6654.798125,659.960749724755,17.4,22.6,20.014583333333334,1.5913315157150023,28.1,17.0,0.0,791.2,245.32770833333333,281.43926610609725,20:00:00
1096,0.0,217774,0.0,8840.88,2013-01-01,5530.52,9205.53,7458.645,1144.2108937752873,17.0,28.1,23.40833333333333,3.86742166754673,27.7,19.9,0.0,1051.75,360.1613541666666,404.2492241097562,16:30:00
1097,0.0,217774,111.91,8612.44,2013-01-02,5622.05,8840.88,7368.483749999999,1079.7201057851537,19.9,27.7,23.129166666666666,2.632041383407875,23.2,17.1,0.0,1036.15,344.39947916666665,386.8150586441431,17:00:00
1098,0.0,217774,0.0,9068.26,2013-01-03,5721.18,8612.44,7527.440416666667,980.5788060314784,17.1,23.2,20.35625,1.4080175062378832,25.2,18.0,0.0,867.28,243.09270833333335,307.3449151145407,11:30:00
1099,0.0,217774,0.0,10011.36,2013-01-04,5719.07,9068.26,7722.173125,1085.8854902976482,18.0,25.2,21.3125,2.4656469523467908,28.7,15.1,0.0,1011.4,322.02708333333334,371.78340153401905,17:00:00
1100,0.0,217774,0.0,10203.36,2013-01-05,6034.67,10011.36,8289.771875,1300.6392075513534,15.1,28.7,22.241666666666664,4.200042215255588,30.5,15.9,0.0,1065.85,368.65124999999995,411.9370084378735,16:30:00
1101,0.0,217774,0.0,9593.61,2013-01-06,6127.34,10203.36,8250.398333333333,1370.4762051608386,15.9,30.5,23.900000000000002,4.611410454836865,29.3,19.1,0.0,1060.28,372.40989583333334,411.97318246160404,16:00:00
1102,0.0,217774,0.0,11012.95,2013-01-07,6037.63,9593.61,7971.729791666668,1270.9921099818541,19.1,29.3,24.29375,3.236257771207684,27.6,21.1,0.0,1063.05,364.408125,410.56679265302057,15:30:00
1103,0.0,217774,0.0,12972.78,2013-01-08,6192.26,11012.95,8865.505208333334,1592.1901744893346,21.1,27.6,23.81458333333333,1.997444067156435,40.3,18.7,0.0,994.0,329.1167708333333,375.0428632205238,16:00:00
1104,0.0,217774,336.21500000000003,9314.95,2013-01-09,6430.26,12972.78,10025.884375,2287.3019135550935,18.7,40.3,31.410416666666666,7.939779716739918,32.3,19.7,0.0,995.12,338.37145833333335,377.4839922348663,16:00:00
1105,0.0,217774,0.0,9345.61,2013-01-10,6881.66,9314.95,8363.634375,815.3904227695351,19.7,32.3,21.349999999999998,2.373703453489165,24.7,20.0,0.0,788.28,251.69364583333333,290.4513427202926,10:30:00
1106,0.0,217774,0.0,11841.88,2013-01-11,6091.36,9345.61,8147.051041666667,1115.4229407894202,20.0,24.7,22.072916666666668,1.6141316858579982,30.9,17.5,0.0,519.55,168.09979166666668,193.90535282505994,16:00:00
1107,0.0,217774,0.0,10186.12,2013-01-12,6162.76,11841.88,9255.343125000001,1893.0363479523446,17.5,30.9,25.00208333333333,4.575582259580129,30.5,19.2,0.0,1018.9,344.2626041666667,394.6152375038269,16:00:00
1108,0.0,217774,0.0,8310.1,2013-01-13,6399.17,10186.12,8413.59875,1266.3651640744797,19.2,30.5,23.391666666666666,3.168047477973624,23.9,16.9,0.0,882.08,212.1029166666667,268.642254496359,14:30:00
1109,6.6,217774,697.31,8739.53,2013-01-14,6109.44,8310.1,7461.991875,795.7042705402448,16.9,23.9,20.497916666666665,1.4953103404258243,21.8,16.4,0.0,490.25,129.23802083333334,159.37364158032537,17:00:00
1110,0.0,217774,0.0,9108.81,2013-01-15,6012.34,8739.53,7753.034583333333,939.2359001166365,16.4,21.8,18.929166666666667,1.7283565349940784,24.8,13.5,0.0,996.28,306.9301041666667,363.133832789618,09:30:00
1111,0.0,217774,0.0,10531.31,2013-01-16,5982.64,9108.81,7974.023958333334,1037.7337598697277,13.5,24.8,20.381249999999998,3.3175648753457185,29.7,14.9,0.0,888.1,293.09708333333333,338.5955183828807,16:30:00
1112,0.0,217774,0.0,11476.07,2013-01-17,6133.01,10531.31,8579.439375,1406.6537283460398,14.9,29.7,22.558333333333334,4.740447655193678,29.0,20.1,0.0,1022.17,339.0208333333333,390.54094514454835,15:30:00
1113,0.0,217774,0.0,13787.85,2013-01-18,6399.0,11476.07,9277.05125,1719.8528010103325,20.1,29.0,24.3625,3.0528413692054026,44.4,20.3,0.0,989.53,334.11052083333334,382.80567176904884,16:00:00
1114,0.2,217774,83.45,8502.22,2013-01-19,6653.08,13787.85,10362.094374999999,2510.450394205302,20.3,44.4,29.068749999999998,8.519693238159485,22.8,19.8,0.0,957.45,308.6521875,366.27352305827037,15:30:00
1115,1.0,217774,0.0,8041.14,2013-01-20,6568.97,8502.22,7645.364791666667,612.0259782311063,19.8,22.8,21.04375,0.776217300678322,23.9,19.6,0.0,601.92,141.66052083333332,194.4470845544984,11:00:00
1116,0.0,217774,0.0,10117.8,2013-01-21,5899.23,8041.14,7249.484583333334,755.34292224032,19.6,23.9,21.008333333333333,1.200856668211762,27.7,20.4,0.0,330.75,103.3253125,120.2635992858942,17:30:00
1117,0.0,217774,14.77,11044.9,2013-01-22,6180.51,10117.8,8612.939583333333,1357.9349507513832,20.4,27.7,23.147916666666664,2.2548283496809303,32.2,18.4,0.0,795.83,270.77375,306.57738685067994,16:00:00
1118,0.4,217774,10.475,9568.2,2013-01-23,6427.27,11044.9,8910.108541666666,1498.6589766144891,18.4,32.2,24.18541666666667,4.196806769049249,24.7,20.2,0.0,988.78,261.86927083333336,347.5446324911279,13:00:00
1119,0.0,217774,0.0,10531.6,2013-01-24,6324.76,9568.2,8295.718333333332,1077.5769639518637,20.2,24.7,21.631249999999998,1.2630857604683354,26.9,19.7,0.0,400.85,126.54562500000002,145.46619096350486,13:30:00
1120,0.0,217774,0.0,11367.57,2013-01-25,6201.08,10531.6,8783.270416666666,1446.6452439453187,19.7,26.9,23.27916666666667,2.439389384123799,30.3,19.8,0.0,863.12,281.8491666666667,326.7222838207329,16:00:00
1121,0.0,217774,0.0,9362.05,2013-01-26,6525.59,11367.57,9219.02125,1595.2199561224054,19.8,30.3,25.118750000000002,3.3545558890508844,29.5,23.4,0.0,964.38,328.4480208333333,376.0434673589477,16:00:00
1122,9.4,217774,133.95,8048.45,2013-01-27,6461.18,9362.05,8184.401875,1008.790877636585,23.4,29.5,25.881249999999998,1.9778191568040975,24.4,19.6,0.0,791.15,270.6534375,308.20647554389177,15:30:00
1123,9.0,217774,0.0,8449.77,2013-01-28,6284.19,8048.45,7398.378333333333,599.7197377191526,19.6,24.4,21.56041666666667,1.3299719375272303,22.6,19.5,0.0,219.82,69.3528125,77.80025916728049,10:00:00
1124,102.4,217774,439.73,9661.3,2013-01-29,5909.89,8449.77,7449.8220833333335,863.3559683323801,19.5,22.6,21.227083333333333,0.8170365713144347,25.9,19.9,0.0,138.23,42.66854166666667,45.050576447516704,17:00:00
1125,0.4,217774,0.0,9514.28,2013-01-30,5983.47,9661.3,8297.251041666666,1232.150054212001,19.9,25.9,21.84375,1.2337292109524873,25.8,19.8,0.0,609.75,181.69125,209.85278009681377,11:00:00
1126,0.0,217774,0.0,10928.47,2013-01-31,6153.51,9514.28,8308.96125,1111.6657238339867,19.8,25.8,22.40833333333333,1.7396298619929442,28.5,19.6,0.0,668.22,209.52979166666668,241.9326809368152,16:00:00
1127,0.0,221210,88.215,9679.53,2013-02-01,6273.82,10928.47,8936.370208333334,1516.628391539391,19.6,28.5,24.229166666666668,2.648882408523338,22.9,16.4,0.0,1006.42,326.2623958333333,385.693693004427,17:00:00
1128,41.0,221210,314.275,7982.33,2013-02-02,6468.7,9679.53,8203.647916666667,1011.3305548884027,16.4,22.9,19.90625,1.846953356781825,20.0,13.3,0.0,484.02,122.66031249999999,168.15443318380977,09:30:00
1129,1.0,221210,0.0,7706.25,2013-02-03,5930.62,7982.33,7128.481875,599.8507129017604,13.3,20.0,16.102083333333333,1.7007494697530408,22.5,15.0,0.0,379.5,100.28135416666667,127.52579897825424,09:30:00
1130,0.0,221210,0.0,9047.93,2013-02-04,5670.71,7706.25,6936.050833333334,677.0928952226516,15.0,22.5,18.175,2.290266174254898,24.1,15.0,0.0,779.8,240.84677083333335,282.6740651717692,20:00:00
1131,0.0,221210,0.0,9383.88,2013-02-05,5980.27,9047.93,8001.599999999999,1069.3000528522332,15.0,24.1,19.954166666666666,2.845299096818226,24.9,15.6,0.0,876.47,268.58750000000003,318.69157413472374,14:00:00
1132,0.0,221210,0.0,9595.78,2013-02-06,6184.16,9383.88,8200.650208333334,1042.8669374995743,15.6,24.9,20.027083333333334,2.9516486257563055,26.1,17.6,0.0,867.62,281.3077083333333,322.04291630708576,16:00:00
1133,0.0,221210,0.0,10178.97,2013-02-07,6203.28,9595.78,8315.735625,1108.0373237758965,17.6,26.1,21.743750000000002,2.677876758958525,27.5,15.1,0.0,958.75,325.9140625,373.0861484632821,16:00:00
1134,0.0,221210,0.0,11109.74,2013-02-08,6208.23,10178.97,8523.542916666667,1266.2460174778623,15.1,27.5,21.920833333333334,4.155588819856495,29.5,16.3,0.0,1027.95,344.9786458333333,398.39474227862866,16:00:00
1135,0.0,221210,0.0,9670.57,2013-02-09,6245.39,11109.74,8889.5025,1501.9401817712808,16.3,29.5,23.427083333333332,4.425782276486864,28.4,18.4,0.0,1017.22,338.3339583333333,393.7208768884729,16:00:00
1136,0.0,221210,0.0,9158.62,2013-02-10,6326.81,9670.57,8219.863333333333,1106.5507781627025,18.4,28.4,23.81458333333333,3.0513331291827566,29.1,19.5,0.0,879.3,290.275,339.7392545558581,15:30:00
1137,7.8,221210,135.27,9241.59,2013-02-11,6266.83,9158.62,7800.521458333333,998.4000491147298,19.5,29.1,22.514583333333334,2.454434942410336,21.5,18.4,0.0,923.55,272.4270833333333,340.10455095554636,14:30:00
1138,2.2,221210,0.0,9148.64,2013-02-12,6066.43,9241.59,8080.636041666666,1113.4245468512029,18.4,21.5,20.045833333333334,0.9376199686833436,22.4,18.2,0.0,335.15,105.71145833333333,123.34909266653646,11:00:00
1139,0.0,221210,0.0,9049.0,2013-02-13,6091.14,9148.64,8088.027083333333,1033.2842226381927,18.2,22.4,20.097916666666666,1.27487831431555,23.6,16.7,0.0,355.1,112.72708333333334,130.92487489312387,16:00:00
1140,0.0,221210,0.0,9389.07,2013-02-14,6024.07,9049.0,8000.68,1000.5380666038664,16.7,23.6,20.2625,1.6445428777005937,25.4,15.0,0.0,727.53,212.8970833333333,258.65501229011863,16:00:00
1141,1.2,221210,595.425,9395.34,2013-02-15,6098.18,9389.07,8188.729583333334,1082.700467503241,15.0,25.4,20.5625,3.7040302948993147,25.3,17.0,0.0,871.42,262.1557291666667,313.1533309313397,16:00:00
1142,1.2,221210,502.77,8262.74,2013-02-16,6249.17,9395.34,8226.95375,1032.7740885443513,17.0,25.3,20.693749999999998,2.3218120445489916,24.7,15.8,0.0,836.1,237.84614583333334,297.55185803565,09:30:00
1143,8.6,221210,0.0,8113.38,2013-02-17,5875.96,8262.74,7453.121666666667,739.0749572854727,15.8,24.7,19.945833333333333,2.541649517440113,25.2,16.1,0.0,879.85,272.51458333333335,327.3574531060473,10:00:00
1144,0.0,221210,0.0,9541.32,2013-02-18,5937.03,8113.38,7251.850625,765.8907698393643,16.1,25.2,20.560416666666665,2.9245650400972214,26.2,14.9,0.0,875.88,288.8046875,341.41197169615106,18:00:00
1145,1.0,221210,0.0,10195.97,2013-02-19,6048.54,9541.32,8267.634791666665,1194.9618907962197,14.9,26.2,20.712500000000002,3.7149854671689653,27.4,16.6,0.0,919.53,284.99552083333333,343.6977925201639,14:00:00
1146,0.0,221210,0.0,9958.8,2013-02-20,6279.35,10195.97,8581.707083333333,1244.1421029033804,16.6,27.4,22.204166666666666,3.5328825150644674,26.2,18.3,0.0,910.1,296.83229166666666,354.39560591141264,16:00:00
1147,5.4,221210,0.0,9767.03,2013-02-21,6165.39,9958.8,8558.322708333333,1245.1820799961642,18.3,26.2,22.527083333333334,2.7029329683152823,25.9,17.6,0.0,948.78,289.2320833333333,349.1531420555591,16:00:00
1148,0.2,221210,143.48,9516.66,2013-02-22,6279.13,9767.03,8505.481249999999,1176.0401870460637,17.6,25.9,22.610416666666666,2.4280488255574237,25.1,22.2,0.0,795.58,257.575,309.29593766550346,15:30:00
1149,21.6,221210,224.8,8447.03,2013-02-23,6245.31,9516.66,8304.015416666667,1078.5432382438478,22.2,25.1,23.433333333333334,0.8793937305515279,23.8,19.2,0.0,576.38,164.5221875,208.11278515150687,11:00:00
1150,42.8,221210,0.0,9322.43,2013-02-24,6102.32,8447.03,7609.7075,780.5328731297423,19.2,23.8,22.24791666666667,1.1932415323855956,27.9,22.2,0.0,346.88,94.1878125,120.47193626992002,10:00:00
1151,0.8,221210,0.0,11186.0,2013-02-25,5955.42,9322.43,7880.925625,1173.289885706737,22.2,27.9,24.545833333333334,1.7120298184584246,28.5,21.7,0.0,788.88,232.42916666666667,295.47107064233006,17:00:00
1152,0.0,221210,0.0,10286.76,2013-02-26,6396.09,11186.0,9138.1575,1626.784611956975,21.7,28.5,24.65416666666667,2.1044995699016704,27.2,21.0,0.0,770.17,251.02541666666664,304.7099103399775,15:00:00
1153,0.0,221210,0.0,10570.92,2013-02-27,6429.95,10286.76,8811.058541666667,1298.1997396968202,21.0,27.2,23.65625,1.9105425596778598,28.1,20.4,0.0,703.17,225.74625,274.95721855137873,15:00:00
1154,0.0,221210,102.62,9810.37,2013-02-28,6452.39,10570.92,8834.495416666667,1320.2790936058134,20.4,28.1,23.522916666666664,2.575270246784138,28.1,15.9,0.0,858.7,270.1295833333333,331.4545910698961,16:00:00
1155,33.2,224281,129.135,9031.37,2013-03-01,6360.7,9810.37,8395.549375,1144.0681862851598,15.9,28.1,20.266666666666666,3.9471149352478623,19.8,16.2,0.0,524.7,141.65541666666667,179.77582248702558,11:00:00
1156,16.4,224281,183.845,8049.88,2013-03-02,6029.77,9031.37,7877.641041666667,955.6964928688767,16.2,19.8,18.41875,1.1271610449605667,20.5,17.1,0.0,273.6,72.92291666666667,91.37675797321242,09:30:00
1157,4.2,224281,0.0,7907.98,2013-03-03,5762.29,8049.88,7184.310624999999,703.0648195122347,17.1,20.5,19.004166666666666,0.8946551298787917,23.5,19.1,0.0,344.73,85.34916666666668,112.39113552220937,09:30:00
1158,2.2,224281,5.32,9041.68,2013-03-04,5689.53,7907.98,7017.537083333334,731.379475648464,19.1,23.5,21.429166666666664,1.2872464978003597,25.3,17.3,0.0,667.85,183.13958333333335,231.45784306617037,19:30:00
1159,0.0,224281,0.0,9268.57,2013-03-05,5856.37,9041.68,8004.571458333333,1113.4607203496928,17.3,25.3,21.552083333333332,2.2916118626586863,26.2,16.0,0.0,823.47,251.97666666666666,306.4349220806391,13:00:00
1160,0.0,224281,0.0,9561.33,2013-03-06,6155.04,9268.57,8228.722083333332,1046.606041360639,16.0,26.2,21.55,3.317137961453994,26.2,18.0,0.0,837.38,260.17041666666665,319.5774679662782,15:30:00
1161,0.0,224281,0.0,10045.54,2013-03-07,6252.09,9561.33,8330.430624999999,1072.5363766690264,18.0,26.2,22.264583333333334,2.604781984043416,27.0,15.6,0.0,775.92,233.04833333333332,282.1677356047499,16:00:00
1162,0.0,224281,0.0,9557.36,2013-03-08,6210.9,10045.54,8508.6825,1224.029222953717,15.6,27.0,21.96666666666667,3.821013195995484,26.3,17.4,0.0,925.2,288.76208333333335,353.41194912885555,16:00:00
1163,0.0,224281,0.0,8563.92,2013-03-09,6332.91,9557.36,8396.035625,1079.5556843283066,17.4,26.3,22.208333333333332,2.875933397664386,27.1,19.1,0.0,789.38,225.13250000000002,282.58589647239364,16:00:00
1164,0.0,224281,0.0,8635.91,2013-03-10,6183.96,8563.92,7738.926875,821.4452298577096,19.1,27.1,22.741666666666664,2.4052100658763473,27.8,16.2,0.0,681.92,220.7733333333333,272.9177595601527,16:00:00
1165,0.0,224281,0.0,9826.19,2013-03-11,6071.03,8635.91,7562.745208333334,912.0426544219631,16.2,27.8,22.068749999999998,3.5348812764077207,27.4,18.3,0.0,870.4,268.72875,336.26545662726744,16:00:00
1166,0.0,224281,0.0,9726.27,2013-03-12,6140.62,9826.19,8457.425625,1291.611841003666,18.3,27.4,22.714583333333334,2.7886540323347284,26.3,17.7,0.0,681.85,202.6825,245.6576457424074,15:30:00
1167,0.0,224281,0.0,9833.87,2013-03-13,6291.63,9726.27,8439.888125,1141.7931107070626,17.7,26.3,21.90625,2.7296174036323775,28.4,15.5,0.0,821.08,232.42541666666668,303.8963041891472,16:00:00
1168,0.0,224281,0.0,9295.76,2013-03-14,6153.39,9833.87,8402.493541666667,1169.8979428656296,15.5,28.4,21.8125,4.138692619142509,24.1,18.6,0.0,861.35,273.21708333333333,338.2878042481197,16:00:00
1169,0.0,224281,217.62,9234.87,2013-03-15,6181.6,9295.76,8267.152291666667,1078.5392516066986,18.6,24.1,21.522916666666664,1.531962943740125,23.2,19.0,0.0,508.08,144.84833333333333,183.17170888393494,16:00:00
1170,0.0,224281,0.0,8628.77,2013-03-16,6159.98,9234.87,8163.93375,1018.1618338208651,19.0,23.2,20.977083333333333,1.2277361251131271,28.5,19.3,0.0,385.4,105.61874999999999,136.10909616960353,10:00:00
1171,0.0,224281,0.0,7755.92,2013-03-17,6066.41,8628.77,7655.167291666668,839.6399224635745,19.3,28.5,23.15625,2.7625078222667714,22.4,16.6,0.0,864.28,252.40625,321.86842234634224,16:00:00
1172,0.0,224281,0.0,8747.61,2013-03-18,5835.82,7755.92,6979.701666666667,585.2403333977081,16.6,22.4,19.760416666666668,1.5809692130089914,21.2,12.7,0.0,819.15,243.09041666666667,311.8269039114717,19:00:00
1173,0.0,224281,0.0,8639.07,2013-03-19,5844.87,8747.61,7784.358958333333,979.6208301527195,12.7,21.2,17.20625,2.9141917057517572,22.4,10.9,0.0,746.22,239.55958333333334,297.53730526488744,16:30:00
1174,0.0,224281,0.0,8856.15,2013-03-20,5973.81,8639.07,7841.250208333334,891.4022554654503,10.9,22.4,16.9375,4.032718580428862,24.8,13.0,0.0,758.12,236.71333333333334,295.34812728143794,15:30:00
1175,0.0,224281,0.0,9018.88,2013-03-21,5890.31,8856.15,7898.802500000001,971.6567753694076,13.0,24.8,19.341666666666665,4.081344862484034,26.6,13.6,0.0,739.72,231.25458333333333,290.85453308994795,16:00:00
1176,0.0,224281,0.0,9709.58,2013-03-22,5993.07,9018.88,8047.234375,1019.5689658805999,13.6,26.6,20.772916666666667,4.258195581455726,31.1,16.8,0.0,826.05,230.25583333333336,297.2198963217361,14:00:00
1177,0.0,224281,0.0,8637.83,2013-03-23,5970.89,9709.58,8332.716458333334,1214.0056478179977,16.8,31.1,24.599999999999998,4.415880433163926,29.8,18.3,0.0,749.12,182.35666666666665,260.8782456543162,15:30:00
1178,0.0,224281,0.0,9203.29,2013-03-24,6053.53,8637.83,7718.039375,869.9324315957845,18.3,29.8,22.787499999999998,2.9784063281089006,30.3,17.9,0.0,742.22,201.21625000000003,264.4700373579328,16:00:00
1179,0.0,224281,0.0,10080.21,2013-03-25,5995.17,9203.29,7709.34125,1065.3321148897294,17.9,30.3,23.48125,3.7628450219979133,27.1,14.2,0.0,839.45,244.0354166666667,313.374848497928,19:00:00
1180,0.0,224281,0.0,10017.53,2013-03-26,6077.19,10080.21,8492.434374999999,1295.4980632730726,14.2,27.1,21.335416666666664,4.303263955854771,27.5,19.1,0.0,822.95,242.7175,311.5291813523134,16:00:00
1181,0.0,224281,0.0,10724.86,2013-03-27,6337.75,10017.53,8602.794375,1221.0715287444207,19.1,27.5,22.96875,2.511772812093974,29.1,18.0,0.0,730.38,188.64291666666668,256.82464311780643,16:00:00
1182,0.4,224281,0.0,10068.48,2013-03-28,6231.01,10724.86,8769.822916666666,1430.5720106276758,18.0,29.1,23.483333333333334,3.706425319965624,31.8,19.4,0.0,793.55,233.24958333333333,302.9136367824315,16:00:00
1183,5.2,224281,0.0,7492.19,2013-03-29,6298.03,10068.48,8564.99625,1273.0263170043404,19.4,31.8,24.40833333333333,4.426796225567094,20.8,15.0,0.0,785.25,207.70375,282.1046962122396,13:30:00
1184,0.0,224281,0.0,7589.82,2013-03-30,5728.4,7492.19,6776.465208333334,503.61899462255843,15.0,20.8,18.516666666666666,1.3995946728345854,24.0,11.4,0.0,619.25,162.58458333333334,213.80545911574623,18:30:00
1185,0.0,224281,0.0,7419.82,2013-03-31,5449.59,7589.82,6816.870208333334,601.257498965009,11.4,24.0,18.352083333333333,4.17500106170624,25.0,16.3,0.0,799.7,228.56833333333336,297.4204341095052,18:30:00
1186,0.0,226959,0.0,7829.62,2013-04-01,5455.57,7419.82,6622.976875,596.2278446364398,16.3,25.0,19.802083333333332,2.920615614451154,23.3,16.8,0.0,514.78,135.17833333333334,182.80952690714503,19:00:00
1187,0.0,226959,0.0,8691.5,2013-04-02,5571.35,7829.62,6889.188541666666,695.8027833755386,16.8,23.3,19.677083333333332,2.351481161413433,24.1,14.0,0.0,581.3,173.91416666666666,225.40991763313315,18:30:00
1188,11.2,226959,215.21,8719.31,2013-04-03,5758.48,8691.5,7736.739166666666,997.3030346844337,14.0,24.1,19.006249999999998,3.3244680425531903,18.7,14.5,0.0,802.25,235.43208333333334,306.2781656485068,15:30:00
1189,18.8,226959,0.0,8717.34,2013-04-04,5933.18,8719.31,7804.32375,915.0446681240401,14.5,18.7,16.537499999999998,1.0984757330820798,20.3,15.4,0.0,263.9,84.69958333333334,106.70551727461877,09:30:00
1190,1.2,226959,467.965,8682.62,2013-04-05,5913.73,8717.34,7813.5975,906.7248163759031,15.4,20.3,16.775000000000002,1.090871211463574,22.7,14.9,0.0,445.27,116.28291666666667,158.4859239767332,18:30:00
1191,0.2,226959,0.0,7915.21,2013-04-06,5990.86,8682.62,7768.978958333333,845.4526790065289,14.9,22.7,18.28125,2.387703984824949,21.2,13.0,0.0,701.85,195.99708333333334,258.02611001567783,09:30:00
1192,0.0,226959,0.0,8404.87,2013-04-07,5886.9,7915.21,7169.289375,637.0077910589589,13.0,21.2,16.8125,2.11776930011525,23.5,13.2,0.0,442.9,122.04,162.73850707205884,18:30:00
1193,0.2,226959,0.0,9178.61,2013-04-08,5648.79,8404.87,6974.5877083333335,764.8458235132756,13.2,23.5,17.452083333333334,3.2349809814517636,24.1,13.3,0.0,643.97,186.82458333333332,247.3750314930868,18:30:00
1194,1.8,226959,0.0,9163.18,2013-04-09,5831.03,9178.61,7777.423125,1036.8441163600507,13.3,24.1,17.410416666666666,3.6214631804528814,21.6,13.5,0.0,641.9,180.38166666666666,238.05178762134153,18:30:00
1195,0.0,226959,0.0,9231.82,2013-04-10,5992.17,9163.18,7928.553958333333,921.2561775946683,13.5,21.6,16.604166666666668,2.7380656577407514,24.6,12.6,0.0,422.38,127.60708333333334,163.72059309388715,18:30:00
1196,0.0,226959,0.0,9120.32,2013-04-11,6023.57,9231.82,7962.597708333334,949.532160700876,12.6,24.6,18.183333333333334,4.000390051904424,26.8,12.0,0.0,722.15,208.84166666666667,275.9144612135028,18:30:00
1197,0.0,226959,0.0,8990.35,2013-04-12,6047.02,9120.32,7924.115000000001,929.9597546473882,12.0,26.8,18.166666666666668,4.905417471263366,24.8,13.0,0.0,749.67,215.42458333333332,286.13837295897576,18:30:00
1198,0.0,226959,0.0,8362.15,2013-04-13,6034.67,8990.35,7933.997291666667,967.1233221122116,13.0,24.8,18.493750000000002,4.2027552386196225,25.3,11.9,0.0,675.55,197.91833333333332,259.96718794455853,18:30:00
1199,0.0,226959,0.0,8427.33,2013-04-14,5887.29,8362.15,7243.103958333333,654.0831571172146,11.9,25.3,18.552083333333332,4.409418815533417,28.6,13.4,0.0,712.67,204.85125000000002,271.44749144583017,18:30:00
1200,0.0,226959,0.0,9381.59,2013-04-15,5701.8,8427.33,7003.769583333334,740.5941677879487,13.4,28.6,19.908333333333335,5.050967184960332,27.0,13.1,0.0,721.45,205.55416666666667,275.08671247857376,18:30:00
1201,12.6,226959,0.0,9246.27,2013-04-16,5830.58,9381.59,7856.890833333334,1135.580008309248,13.1,27.0,19.279166666666665,4.312671005962983,20.7,14.7,0.0,583.3,146.19083333333333,201.53779583844423,18:30:00
1202,1.4,226959,0.0,9155.64,2013-04-17,6067.83,9246.27,7984.113125,956.7435592968392,14.7,20.7,17.681250000000002,1.3388874787864231,21.8,11.7,0.0,464.27,106.90875,150.1932343664923,18:30:00
1203,0.0,226959,0.0,9311.58,2013-04-18,6042.39,9155.64,7861.1310416666665,906.0622055091377,11.7,21.8,16.693749999999998,3.246038911815642,21.8,13.5,0.0,583.9,162.84875,221.01976099555426,18:30:00
1204,2.6,226959,0.0,9053.09,2013-04-19,5990.95,9311.58,7872.819791666666,926.013379418277,13.5,21.8,16.929166666666667,2.676132357930586,19.2,12.6,0.0,646.85,175.82583333333332,241.0959950741201,18:30:00
1205,20.2,226959,0.0,8701.94,2013-04-20,5891.02,9053.09,7689.295625,840.7486127329416,12.6,19.2,16.164583333333333,1.885046371497273,18.6,11.6,0.0,622.47,142.92708333333334,203.9775405889489,18:30:00
1206,6.2,226959,0.0,8633.92,2013-04-21,5835.62,8701.94,7448.641875,817.0866171112867,11.6,18.6,14.34375,2.076300540906882,19.8,9.4,0.0,178.57,46.34291666666667,61.7142670910759,18:30:00
1207,0.8,226959,0.0,9198.55,2013-04-22,5848.54,8633.92,7105.854375,723.1248199688073,9.4,19.8,13.947916666666666,3.296419048922525,24.0,11.0,0.0,617.72,171.43083333333334,232.4135453864038,18:30:00
1208,0.0,226959,0.0,9109.72,2013-04-23,5841.55,9198.55,7720.703541666667,966.380853275017,11.0,24.0,16.054166666666667,4.335894633118238,23.4,7.6,0.0,701.85,183.06333333333336,253.7269990379032,18:30:00
1209,0.0,226959,0.0,8995.18,2013-04-24,6027.25,9109.72,7741.719791666666,823.787861399594,7.6,23.4,14.591666666666667,4.9589735268214845,22.5,8.6,0.0,698.0,195.01333333333332,264.4018146048019,18:30:00
1210,0.0,226959,0.0,8303.07,2013-04-25,6060.7,8995.18,7761.179166666666,786.6393806427528,8.6,22.5,14.145833333333334,4.611223972528626,20.8,9.6,0.0,702.0,197.54541666666668,266.8624858959125,18:30:00
1211,0.0,226959,0.0,8643.5,2013-04-26,6016.14,8303.07,7061.35125,570.9397589291392,9.6,20.8,14.333333333333334,3.7748514601371133,25.2,7.6,0.0,687.83,188.50458333333333,256.65952161775874,18:30:00
1212,0.0,226959,0.0,8179.36,2013-04-27,5757.18,8643.5,7451.0,792.6442501861669,7.6,25.2,15.504166666666668,5.948715517828764,24.7,9.7,0.0,682.5,190.21708333333333,258.58520591667974,18:00:00
1213,0.0,226959,0.0,8338.02,2013-04-28,5671.23,8179.36,7028.030416666667,658.7347251503993,9.7,24.7,16.102083333333333,5.1307371451363855,27.8,9.6,0.0,670.17,183.96833333333333,251.52376118314615,18:30:00
1214,0.0,226959,0.0,9450.0,2013-04-29,5453.05,8338.02,6816.316666666667,763.4216396559865,9.6,27.8,17.264583333333334,6.520360569044829,24.1,10.5,0.0,681.35,187.96,256.9516385472715,18:30:00
1215,0.0,226959,0.0,9426.0,2013-04-30,5741.21,9450.0,7777.521458333334,1110.3297474614592,10.5,24.1,17.577083333333334,4.5686368181205355,21.4,14.8,0.0,654.72,178.5575,244.5050172373878,18:00:00
1216,0.0,230215,0.0,9411.36,2013-05-01,6006.87,9426.0,7967.916875,969.4619356449721,14.8,21.4,17.881249999999998,1.8288068718342265,24.9,13.6,0.0,544.1,120.78708333333333,174.21563194096174,18:00:00
1217,0.0,230215,0.0,9475.88,2013-05-02,6018.61,9411.36,7947.630416666667,936.9544921575916,13.6,24.9,18.185416666666665,2.906704618221234,18.3,10.5,0.0,639.28,166.67583333333332,234.42646875175686,18:00:00
1218,0.0,230215,0.0,9100.52,2013-05-03,5990.89,9475.88,7925.331041666667,931.3687334863209,10.5,18.3,15.06111111111111,1.9376046537061085,21.5,7.5,0.0,563.45,143.46041666666667,203.33427470294237,18:00:00
1219,0.0,230215,0.0,8545.29,2013-05-04,6177.73,9100.52,7901.9139583333335,782.5070102649472,7.5,21.5,14.489583333333334,4.7071805530344015,24.7,9.0,0.0,645.33,178.27041666666665,245.4502707570646,18:00:00
1220,0.0,230215,0.0,8809.98,2013-05-05,5874.71,8545.29,7326.874791666666,689.6556187553374,9.0,24.7,15.685416666666667,4.25195772598295,18.3,8.4,0.0,599.53,118.13875,188.41977442441902,18:00:00
1221,0.0,230215,0.0,9872.25,2013-05-06,5888.63,8809.98,7216.419166666667,788.7344501237774,8.4,18.3,14.191666666666668,2.6508796880596774,18.1,7.3,0.0,604.0,155.37958333333333,217.89369767875476,18:30:00
1222,0.0,230215,0.0,9637.83,2013-05-07,6070.75,9872.25,8090.597916666667,1064.311746697024,7.3,18.1,13.120833333333332,3.666754512164983,19.4,8.6,0.0,535.33,134.39166666666668,190.5288354407205,18:00:00
1223,0.0,230215,0.0,9490.89,2013-05-08,6214.0,9637.83,8136.531666666667,878.3905473959807,8.6,19.4,14.25625,3.7286074207232294,21.4,9.7,0.0,465.77,127.4975,177.4117288424051,18:00:00
1224,0.0,230215,0.0,9353.71,2013-05-09,6191.35,9490.89,8071.662708333333,882.3529054839191,9.7,21.4,14.583333333333334,4.012233067058439,23.8,9.4,0.0,424.83,112.825,158.51064110195625,18:00:00
1225,0.0,230215,0.0,9286.9,2013-05-10,6170.54,9353.71,8041.948958333333,860.8403579537097,9.4,23.8,15.016666666666666,5.010089111762525,22.1,8.7,0.0,614.03,164.63583333333332,230.02337995723468,18:00:00
1226,0.0,230215,0.0,8645.73,2013-05-11,6182.5,9286.9,8033.364583333333,841.1468681431663,8.7,22.1,14.53125,4.6350724133065855,21.8,11.0,0.0,601.5,158.135,223.40649161028654,18:00:00
1227,0.2,230215,0.0,8490.46,2013-05-12,5997.16,8645.73,7458.809791666667,686.8677971886945,11.0,21.8,15.71875,3.7483418319787374,22.5,10.1,0.0,458.23,95.93374999999999,136.82683265563983,18:00:00
1228,0.0,230215,0.0,9898.46,2013-05-13,5870.48,8490.46,7173.203750000001,719.0684493906291,10.1,22.5,15.356250000000001,3.7643855281115024,22.2,10.5,0.0,568.72,148.53875,211.155078280184,18:30:00
1229,0.6,230215,0.0,9727.35,2013-05-14,5971.79,9898.46,8136.26125,1141.6678598504143,10.5,22.2,15.975,4.036983284898909,19.5,8.3,0.0,444.8,87.32708333333333,135.17557476723553,18:00:00
1230,0.0,230215,0.0,9897.72,2013-05-15,6138.75,9727.35,8118.391041666667,955.4770103834171,8.3,19.5,14.372916666666667,2.8841267407549176,19.9,4.1,0.0,511.27,112.99874999999999,173.56120373216316,18:00:00
1231,0.0,230215,0.0,9905.43,2013-05-16,6139.03,9897.72,8193.1825,986.6821888994899,4.1,19.9,12.59375,5.497287774197422,19.7,11.3,0.0,596.25,156.85166666666666,222.37706218132567,18:00:00
1232,0.0,230215,0.0,9746.17,2013-05-17,6087.02,9905.43,8135.69625,1002.4884945158724,11.3,19.7,15.518749999999999,2.679366092861232,18.5,9.3,0.0,535.33,133.99416666666667,189.44850875783473,18:00:00
1233,0.0,230215,0.0,9162.27,2013-05-18,6209.8,9746.17,8184.213541666667,920.4439876459467,9.3,18.5,14.102083333333333,2.805047849808682,18.7,4.9,0.0,603.22,155.14708333333334,219.8462007201837,18:00:00
1234,0.0,230215,0.0,9482.87,2013-05-19,6051.91,9162.27,7653.031875000001,815.0255267185146,4.9,18.7,11.920833333333334,4.646616629257333,18.8,5.4,0.0,595.22,154.07291666666666,219.6492954927491,18:00:00
1235,0.0,230215,0.0,10391.76,2013-05-20,5988.64,9482.87,7562.334374999999,948.9841580856199,5.4,18.8,12.604166666666666,4.170053233668751,19.6,4.8,0.0,589.7,151.53916666666666,216.35893799015318,18:30:00
1236,0.0,230215,0.0,10046.82,2013-05-21,6200.42,10391.76,8453.766041666668,1206.984127919649,4.8,19.6,11.341666666666667,4.988149076127714,21.8,5.0,0.0,585.5,141.02875,205.8342543435621,18:00:00
1237,0.0,230215,0.0,10956.21,2013-05-22,6357.04,10046.82,8385.298958333333,967.6281936738458,5.0,21.8,12.566666666666668,5.740870025743684,16.0,5.0,0.0,574.78,135.4375,196.90896164892945,18:00:00
1238,23.6,230215,0.0,10683.11,2013-05-23,6474.31,10956.21,8880.824999999999,1215.1350236837798,5.0,16.0,10.581249999999999,3.48862322718814,18.3,10.4,0.0,331.17,61.129583333333336,97.4872656213792,18:00:00
1239,12.6,230215,0.0,10287.39,2013-05-24,6412.82,10683.11,8637.901458333334,1120.7810874374184,10.4,18.3,13.55625,2.4566805358693165,17.0,11.7,0.0,237.93,64.15625,89.53829938587673,18:00:00
1240,5.0,230215,0.0,9383.84,2013-05-25,6490.29,10287.39,8647.475,1017.8956084564334,11.7,17.0,13.883333333333333,1.6083999361508103,19.3,8.4,0.0,366.0,100.08208333333334,141.8344675078204,18:00:00
1241,0.2,230215,0.0,9726.19,2013-05-26,6377.22,9383.84,7933.157708333333,784.9627355547083,8.4,19.3,12.825000000000001,3.561107884030212,21.2,5.7,0.0,501.45,131.95916666666668,189.3859757196683,18:00:00
1242,0.0,230215,0.0,10668.16,2013-05-27,6227.03,9726.19,7837.113333333334,961.795761491334,5.7,21.2,11.597916666666668,4.99725412190187,18.8,9.0,0.0,578.03,149.55208333333334,214.30621818063642,18:30:00
1243,2.0,230215,0.0,10366.6,2013-05-28,6371.56,10668.16,8685.098541666666,1206.9125121970628,9.0,18.8,13.866666666666667,3.3877333998785213,19.8,11.5,0.0,418.17,89.46375,132.96655747961114,18:00:00
1244,0.4,230215,0.0,10098.45,2013-05-29,6644.6,10366.6,8660.373958333334,970.7837537602546,11.5,19.8,14.293750000000001,2.29999132745821,20.9,10.5,0.0,318.52,81.11083333333333,118.68691647289506,18:00:00
1245,0.0,230215,0.0,10074.65,2013-05-30,6428.28,10098.45,8495.432291666666,986.876049968293,10.5,20.9,14.102083333333333,3.317682450743535,22.2,8.7,0.0,530.97,130.29333333333332,190.38706794243225,18:00:00
1246,0.0,230215,0.0,9689.83,2013-05-31,6502.66,10074.65,8504.74625,964.2052369248457,8.7,22.2,14.3375,4.049408940321716,23.5,8.8,0.0,527.08,129.61791666666667,192.13989005086594,18:00:00
1247,0.2,232794,0.0,9216.24,2013-06-01,6349.92,9689.83,8299.665208333334,908.0703047484335,8.8,23.5,15.299999999999999,4.930279867762892,21.0,9.5,0.0,541.92,137.56083333333333,198.93623133988518,18:00:00
1248,16.0,232794,0.0,10139.25,2013-06-02,6069.65,9216.24,7771.5685416666665,858.5313124984893,9.5,21.0,15.360416666666666,3.789949732071813,15.2,12.2,0.0,364.02,90.43208333333332,132.84463516195174,18:00:00
1249,17.8,232794,0.0,10769.45,2013-06-03,5997.81,10139.25,7987.804375,1217.4493222078206,12.2,15.2,14.041666666666666,0.8404237364196644,18.5,6.1,0.0,159.12,24.375,37.326007774512654,18:00:00
1250,0.0,232794,0.0,10456.64,2013-06-04,6317.02,10769.45,8687.725833333334,1268.3419463838359,6.1,18.5,12.047916666666666,3.4998473877568785,18.9,6.6,0.0,492.65,117.94416666666666,170.4601343215117,18:00:00
1251,0.0,232794,0.0,10624.74,2013-06-05,6647.3,10456.64,8752.833125,1033.3190691086868,6.6,18.9,12.522916666666667,3.628623769556842,18.6,7.3,0.0,474.35,117.12958333333334,172.76717410961692,18:00:00
1252,0.0,232794,0.0,10293.12,2013-06-06,6613.17,10624.74,8802.946041666666,1088.284093650417,7.3,18.6,12.172916666666666,3.729853090674509,19.9,9.2,0.0,429.5,90.16625,135.78278632911412,18:00:00
1253,0.0,232794,0.0,9655.64,2013-06-07,6364.72,10293.12,8601.855625,1050.8021846430775,9.2,19.9,14.435416666666667,3.6075859544076985,22.0,12.5,0.0,290.73,66.7225,99.73282949321855,18:00:00
1254,0.0,232794,0.0,9405.84,2013-06-08,6223.83,9655.64,8277.261666666667,943.0532092958069,12.5,22.0,16.675,2.7328965227859103,17.8,10.0,0.0,311.52,66.03833333333334,102.21535720864445,18:00:00
1255,0.0,232794,0.0,9169.95,2013-06-09,6340.54,9405.84,7950.051041666667,796.2446737354563,10.0,17.8,14.308333333333332,2.040737594370725,19.2,7.9,0.0,356.95,90.55208333333333,133.21333625506745,18:00:00
1256,0.0,232794,0.0,9909.8,2013-06-10,6124.18,9169.95,7618.489791666667,834.7160284676506,7.9,19.2,12.735416666666666,3.7205861802708853,20.2,8.1,0.0,425.95,102.08375000000001,149.7479158044143,18:00:00
1257,2.0,232794,0.0,10448.13,2013-06-11,6018.77,9909.8,7843.812083333333,1035.6529600865308,8.1,20.2,12.504166666666668,3.7061167572595077,19.3,8.5,0.0,424.95,101.3075,149.3104061977469,18:00:00
1258,0.0,232794,0.0,10953.72,2013-06-12,6272.75,10448.13,8587.471666666666,1153.2987274757415,8.5,19.3,12.497916666666667,3.5034019687455116,14.9,7.4,0.0,525.58,126.48375,186.4794199628497,18:00:00
1259,7.6,232794,0.0,10336.18,2013-06-13,6497.51,10953.72,8979.124166666666,1240.7997748412527,7.4,14.9,10.820833333333333,2.312680891909088,19.6,9.9,0.0,187.52,47.57041666666667,68.4895675301063,18:00:00
1260,0.0,232794,0.0,10234.74,2013-06-14,6493.4,10336.18,8600.271875,1042.2604505422307,9.9,19.6,14.272916666666667,3.196323658373479,18.8,5.9,0.0,502.12,123.0125,181.50810466049938,18:00:00
1261,0.0,232794,0.0,9664.85,2013-06-15,6413.8,10234.74,8577.879375,1026.0588162984893,5.9,18.8,13.639583333333334,3.894062014353546,18.0,11.3,0.0,492.27,114.83583333333333,173.5184778048618,18:00:00
1262,0.2,232794,0.0,10047.6,2013-06-16,6353.98,9664.85,8028.05375,854.628517334261,11.3,18.0,14.554166666666667,1.89904324548625,17.2,5.8,0.0,414.8,83.58666666666666,129.77824419080505,18:00:00
1263,0.0,232794,0.0,11174.29,2013-06-17,6208.38,10047.6,7927.220416666667,1079.8634815212642,5.8,17.2,11.018749999999999,3.5253281875291034,17.0,6.2,0.0,498.88,121.27749999999999,178.28814029005156,18:30:00
1264,0.0,232794,0.0,11271.53,2013-06-18,6436.51,11174.29,9027.072291666667,1362.8004418393818,6.2,17.0,11.116666666666667,3.8034885069755413,17.2,5.4,0.0,313.75,75.635,110.45815947534544,18:00:00
1265,2.6,232794,0.0,11288.59,2013-06-19,6911.66,11271.53,9183.809374999999,1169.3036406984563,5.4,17.2,10.997916666666667,3.4722908976660043,15.9,8.2,0.0,503.67,121.69541666666667,180.21490196498243,18:30:00
1266,0.2,232794,0.0,11260.26,2013-06-20,6746.51,11288.59,9169.857083333334,1226.9948669142293,8.2,15.9,11.2875,2.2538501337781778,15.4,8.0,0.0,370.15,87.69875,133.6934939675649,18:00:00
1267,0.0,232794,0.0,11008.55,2013-06-21,6881.71,11260.26,9251.572083333333,1215.4008520245281,8.0,15.4,10.908333333333333,2.5908047984257907,15.5,6.9,0.0,330.12,80.04041666666667,120.47678778738828,18:30:00
1268,0.0,232794,0.0,10606.61,2013-06-22,6887.77,11008.55,9191.724583333335,1123.7677151628686,6.9,15.5,10.289583333333333,3.186890673230031,11.9,5.9,0.0,334.12,87.90666666666668,127.45488235656107,18:00:00
1269,17.0,232794,0.0,10814.96,2013-06-23,6808.2,10606.61,8792.427291666667,1011.4346340397196,5.9,11.9,9.139583333333333,2.0012485021545636,13.5,10.1,0.0,331.65,82.48041666666667,123.03351223035774,18:00:00
1270,37.6,232794,0.0,11553.75,2013-06-24,6366.79,10814.96,8552.535208333333,1261.202542059691,10.1,13.5,11.1875,0.8342725204019791,13.6,9.4,0.0,238.07,50.72833333333333,77.67340757280853,18:30:00
1271,11.2,232794,0.0,11537.78,2013-06-25,6526.52,11553.75,9315.550416666667,1486.830468064796,9.4,13.6,11.041666666666666,1.33668903962458,15.5,9.2,0.0,334.73,65.53666666666668,108.45321268076911,18:00:00
1272,21.2,232794,0.0,10751.77,2013-06-26,6766.67,11537.78,9360.100833333334,1307.8775975941526,9.2,15.5,11.847916666666668,2.0572642010465745,18.3,14.6,0.0,375.85,71.82208333333334,111.42711766390858,18:00:00
1273,4.2,232794,0.0,10684.59,2013-06-27,6626.67,10751.77,8928.640000000001,1087.789843251375,14.6,18.3,15.854166666666666,1.0784066917947983,18.4,10.5,0.0,340.83,83.15166666666667,121.33620919162138,18:00:00
1274,2.0,232794,0.0,10520.34,2013-06-28,6617.13,10684.59,8869.096041666666,1075.2431105088579,10.5,18.4,14.139583333333334,2.3656891023712325,15.6,10.5,0.0,367.65,89.03791666666666,131.2304772869917,18:00:00
1275,14.2,232794,0.0,10101.67,2013-06-29,6586.29,10520.34,8861.28875,1064.5393908757271,10.5,15.6,13.422916666666666,1.3090908950990385,13.9,12.0,0.0,229.4,44.31833333333333,68.84049916163228,18:00:00
1276,12.8,232794,0.0,10179.56,2013-06-30,6389.75,10101.67,8431.206666666667,1043.3063033500407,12.0,13.9,12.831249999999999,0.528005581047229,15.5,9.0,0.0,147.65,37.27625,53.61504136067027,18:00:00
1277,3.4,236030,0.0,10850.38,2013-07-01,6191.79,10179.56,8141.399791666667,1125.928624359031,9.0,15.5,12.385416666666666,1.5895924251248124,19.7,7.3,0.0,364.1,83.88000000000001,124.5690301322327,18:30:00
1278,0.0,236030,0.0,10749.21,2013-07-02,6376.89,10850.38,8816.338333333333,1285.3705454953263,7.3,19.7,11.666666666666666,4.181740110840215,18.9,5.9,0.0,415.27,111.51625,161.19898459535796,18:30:00
1279,0.0,236030,0.0,10732.79,2013-07-03,6704.83,10749.21,8888.372083333334,1085.1623766347839,5.9,18.9,10.822916666666666,4.2759714378827,19.0,5.1,0.0,512.88,131.27125,190.93584393856466,18:30:00
1280,0.0,236030,0.0,10281.63,2013-07-04,6716.91,10732.79,8900.791041666667,1101.4439855997143,5.1,19.0,10.314583333333333,4.699297801022515,22.6,2.8,0.0,538.38,137.33166666666668,199.6701213420215,18:30:00
1281,0.0,236030,0.0,10056.8,2013-07-05,6764.41,10281.63,8730.601875,952.6781452789577,2.8,22.6,12.277083333333332,6.85541375082755,19.0,4.2,0.0,539.83,136.40166666666667,198.27316784574924,18:30:00
1282,0.0,236030,0.0,10086.19,2013-07-06,6491.03,10056.8,8478.146458333335,960.0937390526201,4.2,19.0,13.116666666666667,4.801521626430314,16.8,3.1,0.0,528.1,133.34125,193.51522036873925,18:30:00
1283,0.0,236030,0.0,10192.17,2013-07-07,6441.49,10086.19,8281.841458333334,993.4268657594895,3.1,16.8,10.13125,4.3873200393474345,17.6,2.8,0.0,557.05,142.76583333333335,206.89403881495258,18:30:00
1284,0.0,236030,0.0,11145.74,2013-07-08,6426.17,10192.17,8164.226041666666,1069.2933477008023,2.8,17.6,9.483333333333333,4.993925387922996,17.9,2.5,0.0,545.85,139.61791666666667,202.04080460743182,18:30:00
1285,0.0,236030,0.0,11506.23,2013-07-09,6576.06,11145.74,9006.625208333333,1335.4771493062335,2.5,17.9,8.764583333333333,5.27077407950323,13.2,5.6,0.0,541.78,137.44,200.0397522275925,18:00:00
1286,2.2,236030,0.0,11075.95,2013-07-10,6939.38,11506.23,9316.392083333334,1216.2205501767198,5.6,13.2,9.458333333333334,2.0718820032668352,15.4,7.5,0.0,319.3,79.20708333333333,115.03273267664618,18:30:00
1287,0.0,236030,0.0,10888.22,2013-07-11,6804.34,11075.95,9163.412708333333,1170.0289460589916,7.5,15.4,10.410416666666666,2.8187245933814338,17.4,4.8,0.0,339.23,66.07375,102.76159690470101,18:30:00
1288,0.0,236030,0.0,10479.13,2013-07-12,6839.4,10888.22,9033.482083333334,1097.5355399818397,4.8,17.4,10.020833333333334,4.1349552125662825,19.6,4.9,0.0,478.15,119.23,174.52116448192655,18:30:00
1289,0.2,236030,0.0,9934.42,2013-07-13,6876.54,10479.13,8918.633125,1014.1351020580034,4.9,19.6,10.61875,4.709549205964862,16.6,4.8,0.0,526.38,130.93791666666667,190.53328549557312,18:00:00
1290,0.0,236030,0.0,10033.81,2013-07-14,6611.5,9934.42,8369.616250000001,900.1890316439209,4.8,16.6,9.933333333333334,4.0131874811507675,18.7,4.5,0.0,412.08,95.75958333333334,139.20276893275545,18:30:00
1291,0.2,236030,0.0,10719.66,2013-07-15,6355.9,10033.81,8040.819791666666,997.2526086618838,4.5,18.7,11.7875,5.0254935186887835,20.1,11.6,0.0,502.5,121.73083333333334,178.01273012491225,18:30:00
1292,0.0,236030,0.0,10249.25,2013-07-16,6332.39,10719.66,8716.298958333333,1248.554456209328,11.6,20.1,14.604166666666666,2.643253824388011,21.6,12.3,0.0,311.6,68.08291666666666,104.16765450226643,18:00:00
1293,0.0,236030,0.0,9758.14,2013-07-17,6508.98,10249.25,8575.605,989.9104653882129,12.3,21.6,15.154166666666667,2.8860602855157405,23.4,9.1,0.0,423.58,93.65583333333332,141.08997807470436,18:00:00
1294,0.0,236030,0.0,9836.08,2013-07-18,6369.21,9758.14,8308.346458333333,885.2940216012613,9.1,23.4,15.541666666666666,4.512527872647265,22.0,8.5,0.0,517.78,130.26624999999999,190.27467915392123,18:30:00
1295,0.0,236030,0.0,9847.06,2013-07-19,6326.85,9836.08,8269.105625,924.2344626883792,8.5,22.0,14.920833333333334,4.251455737335722,19.9,12.2,0.0,508.33,104.54666666666667,162.89805331155753,18:30:00
1296,1.2,236030,0.0,9391.34,2013-07-20,6207.46,9847.06,8325.266875,989.7857087186321,12.2,19.9,15.918750000000001,1.8202941368583403,19.3,9.8,0.0,387.65,71.75333333333333,108.6573220321837,18:00:00
1297,0.0,236030,0.0,10295.26,2013-07-21,6141.98,9391.34,7833.238541666667,869.3005078528058,9.8,19.3,15.15,2.8667573793993144,15.8,4.3,0.0,478.25,113.01916666666666,164.7387417175906,18:30:00
1298,0.0,236030,0.0,11183.61,2013-07-22,6167.26,10295.26,7959.278125,1158.3757633687956,4.3,15.8,10.697916666666666,3.304123122695201,16.7,2.4,0.0,579.58,153.20708333333332,218.42201142594266,18:30:00
1299,0.0,236030,0.0,11264.18,2013-07-23,6464.13,11183.61,8934.333958333335,1355.7187393184918,2.4,16.7,9.0625,5.184207812028553,16.8,1.7,0.0,565.58,141.54,204.48241995132233,18:30:00
1300,0.0,236030,0.0,11053.8,2013-07-24,6756.67,11264.18,9092.342916666666,1230.6162626323203,1.7,16.8,9.585416666666667,5.3395349858623655,16.5,7.1,0.0,568.4,135.07041666666666,198.0570844769882,18:30:00
1301,0.0,236030,0.0,10805.13,2013-07-25,6846.73,11053.8,9081.689791666666,1120.9897226728954,7.1,16.5,12.049999999999999,2.7477650492641192,17.9,5.0,0.0,337.6,84.465,120.69333474166596,18:30:00
1302,0.0,236030,0.0,10395.99,2013-07-26,6824.87,10805.13,8984.673541666667,1107.0516552508163,5.0,17.9,10.216666666666667,4.590894472402692,19.3,4.1,0.0,558.5,146.24166666666667,209.8906733717335,18:30:00
1303,0.0,236030,0.0,9906.67,2013-07-27,6758.11,10395.99,8877.423541666667,1055.5803528572594,4.1,19.3,9.735416666666667,5.156920142353373,18.6,3.7,0.0,595.65,149.77416666666667,216.1876052977995,18:30:00
1304,0.0,236030,0.0,9952.06,2013-07-28,6747.75,9906.67,8317.623125,851.0589859627233,3.7,18.6,10.152083333333334,5.006675950969283,18.8,3.9,0.0,579.35,153.99375,217.4240352264417,18:30:00
1305,0.0,236030,0.0,10165.53,2013-07-29,6400.02,9952.06,8029.93875,959.5493999249213,3.9,18.8,11.308333333333332,5.242779567047664,22.1,5.4,0.0,458.55,115.96041666666667,166.75460790096827,18:30:00
1306,0.0,236030,0.0,10259.55,2013-07-30,6211.91,10165.53,8442.174791666666,1128.4412921879664,5.4,22.1,13.731250000000001,5.686234077025268,19.8,6.7,0.0,589.5,156.7525,220.96726540083574,18:30:00
1307,2.4,236030,0.0,10475.67,2013-07-31,6487.98,10259.55,8534.31125,982.8471171921268,6.7,19.8,13.054166666666667,4.526186612174421,16.6,10.2,0.0,579.53,114.00208333333335,167.5811895446037,18:30:00
1308,0.0,239370,0.0,10454.93,2013-08-01,6465.08,10475.67,8619.598125,1041.323292411,10.2,16.6,13.714583333333332,1.7601969888953652,18.1,5.9,0.0,452.27,120.89541666666666,169.90202371540093,18:30:00
1309,0.2,239370,0.0,9919.0,2013-08-02,6759.44,10454.93,8774.286666666667,1009.0301861927753,5.9,18.1,10.860416666666666,4.009336952841261,19.5,5.1,0.0,558.05,146.21166666666667,205.4356052271258,18:30:00
1310,0.0,239370,0.0,9504.02,2013-08-03,6649.81,9919.0,8586.333333333334,920.604661326857,5.1,19.5,12.11875,5.177556157682642,18.2,6.7,0.0,590.9,136.65958333333333,200.3478479588378,18:30:00
1311,0.0,239370,0.0,9754.09,2013-08-04,6378.31,9504.02,7888.4904166666665,815.5734914012459,6.7,18.2,12.93125,3.2152665254667823,18.2,7.9,0.0,615.88,163.73541666666668,229.8379176465898,18:30:00
1312,0.0,239370,0.0,10399.19,2013-08-05,6110.97,9754.09,7730.65375,1012.6215451303781,7.9,18.2,12.987499999999999,3.3646867642139573,19.9,5.0,0.0,607.65,161.25750000000002,226.1937729639337,18:30:00
1313,0.0,239370,0.0,9941.65,2013-08-06,6207.32,10399.19,8459.512499999999,1165.473252820684,5.0,19.9,12.885416666666666,4.783170389148939,22.4,6.3,0.0,629.42,169.75833333333333,236.29759438257702,18:30:00
1314,0.4,239370,0.0,10253.83,2013-08-07,6452.42,9941.65,8446.901875,937.5344575083942,6.3,22.4,14.68125,5.020199887942075,17.3,8.4,0.0,550.1,136.57833333333335,191.77329696843054,18:30:00
1315,8.6,239370,0.0,11073.49,2013-08-08,6409.14,10253.83,8476.747083333334,1025.8178037369269,8.4,17.3,12.839583333333332,2.44911964933067,13.5,8.8,0.0,585.42,148.14374999999998,210.75269643538897,18:30:00
1316,0.6,239370,0.0,10135.45,2013-08-09,6456.74,11073.49,8968.226458333333,1262.2201346352701,8.8,13.5,11.054166666666667,1.3328833460526082,17.8,6.0,0.0,242.8,67.7975,90.45263196716408,18:30:00
1317,0.0,239370,0.0,8833.34,2013-08-10,6627.09,10135.45,8687.31375,955.4693320520663,6.0,17.8,11.497916666666667,3.6097085155696274,22.7,8.3,0.0,615.22,159.70041666666665,221.65496644040044,18:30:00
1318,0.0,239370,0.0,9185.95,2013-08-11,6298.64,8833.34,7657.986666666667,702.842405159777,8.3,22.7,13.827083333333334,5.082374197387428,21.6,4.6,0.0,649.58,178.83708333333334,245.58496739944945,18:30:00
1319,0.0,239370,0.0,10114.37,2013-08-12,6195.03,9185.95,7520.930416666667,808.6761191719289,4.6,21.6,12.502083333333333,5.53412967972894,24.4,6.7,0.0,658.8,178.69791666666666,247.3876484576325,18:30:00
1320,0.0,239370,0.0,9890.78,2013-08-13,6118.28,10114.37,8331.305624999999,1126.4380646144596,6.7,24.4,14.299999999999999,5.6337886424754275,21.5,2.9,0.0,564.78,113.42833333333334,173.77735151726364,18:30:00
1321,0.0,239370,0.0,9752.57,2013-08-14,6433.38,9890.78,8327.400416666665,910.9751772337121,2.9,21.5,12.1875,6.63140898349536,22.8,6.9,0.0,672.0,186.17541666666668,255.7179060036402,18:30:00
1322,0.0,239370,0.0,10167.86,2013-08-15,6333.63,9752.57,8256.206666666667,902.0895136749286,6.9,22.8,16.152083333333334,4.674511674727438,16.6,5.3,0.0,658.67,178.63041666666666,245.2945296460783,18:30:00
1323,0.0,239370,629.9,9853.55,2013-08-16,6425.67,10167.86,8412.641875,1007.0251946977211,5.3,16.6,11.983333333333334,3.5868752081533657,20.2,2.6,0.0,684.25,189.84583333333333,258.9198391504092,18:30:00
1324,0.0,239370,0.0,8761.89,2013-08-17,6684.6,9853.55,8495.227499999999,881.4080421194062,2.6,20.2,11.772916666666667,6.245091334811833,23.7,6.2,0.0,685.53,191.58416666666665,260.38919568014023,08:00:00
1325,0.0,239370,0.0,8923.93,2013-08-18,6218.55,8761.89,7616.995,677.2881682591469,6.2,23.7,15.920833333333334,5.415735872017856,21.9,4.5,0.0,643.0,169.8925,235.3614133715536,18:30:00
1326,0.0,239370,0.0,10360.79,2013-08-19,5958.32,8923.93,7301.071666666667,770.7637673674895,4.5,21.9,13.927083333333334,6.214627206201248,20.3,8.3,0.0,701.42,195.83875,265.6393029400758,18:30:00
1327,0.0,239370,0.0,11058.37,2013-08-20,5983.64,10360.79,8258.961874999999,1192.777639288133,8.3,20.3,14.291666666666666,3.6112609534287134,15.0,6.5,0.0,604.62,165.88083333333333,224.51263496960019,18:30:00
1328,0.0,239370,0.0,10875.95,2013-08-21,6608.18,11058.37,8787.843958333333,1169.135172340284,6.5,15.0,10.577083333333333,2.5290852423594914,16.5,5.1,0.0,708.67,197.46124999999998,267.89673316787804,19:00:00
1329,0.0,239370,0.0,10764.41,2013-08-22,6803.35,10875.95,8885.361666666666,1085.7312733083263,5.1,16.5,11.002083333333333,3.5848671053639576,17.5,1.8,0.0,691.0,177.27791666666667,244.6909273327714,18:30:00
1330,0.0,239370,0.0,10023.68,2013-08-23,6720.68,10764.41,8897.771875,1080.3978179231035,1.8,17.5,10.268749999999999,5.566203345266059,18.2,10.4,0.0,593.08,160.22458333333333,222.89007706746804,19:00:00
1331,0.0,239370,0.0,8859.34,2013-08-24,6558.16,10023.68,8583.180833333334,928.2393328434171,10.4,18.2,14.783333333333333,2.5004964046172002,20.4,8.4,0.0,593.08,130.0175,188.45771888246708,18:30:00
1332,0.0,239370,0.0,8814.15,2013-08-25,6263.17,8859.34,7660.568125000001,697.7245904401826,8.4,20.4,14.766666666666666,3.54042510570101,23.5,6.0,0.0,700.6,195.95083333333332,263.394009542967,18:30:00
1333,0.0,239370,0.0,9807.87,2013-08-26,6064.6,8814.15,7296.662499999999,732.9741466007566,6.0,23.5,13.245833333333335,5.683981161472268,20.8,8.6,0.0,712.88,201.00708333333333,270.5531794597508,19:00:00
1334,0.0,239370,0.0,9587.2,2013-08-27,6213.87,9807.87,8184.794583333333,991.6344295644916,8.6,20.8,14.3375,3.5692316951435124,20.2,8.6,0.0,690.78,186.53625,255.62318771869676,18:30:00
1335,0.0,239370,0.0,9292.08,2013-08-28,6443.98,9587.2,8154.7579166666665,798.199093480984,8.6,20.2,14.275,3.6792402083362665,21.1,8.1,0.0,699.17,188.15874999999997,259.58133445890917,18:30:00
1336,0.0,239370,0.0,9504.16,2013-08-29,6327.19,9292.08,8056.0389583333335,761.6018740177853,8.1,21.1,14.483333333333334,4.107094709201946,21.6,7.8,0.0,722.65,204.69708333333335,272.8511040507947,18:30:00
1337,0.0,239370,0.0,8803.5,2013-08-30,6234.71,9504.16,8089.219375,859.0445764234697,7.8,21.6,15.418750000000001,4.566233899098532,27.7,12.2,0.0,599.65,165.29958333333335,222.0731044451529,18:30:00
1338,0.0,239370,0.0,8389.39,2013-08-31,6005.4,8803.5,7812.083333333333,747.6571332583248,12.2,27.7,19.720833333333335,5.241201678571528,22.5,10.2,0.0,714.95,200.28083333333333,267.36104482462713,18:30:00
1339,0.0,242581,0.0,8396.76,2013-09-01,6030.48,8389.39,7319.366666666666,614.733179522363,10.2,22.5,16.247916666666665,3.69104664757978,22.5,8.4,0.0,602.25,159.15416666666667,213.71195546046923,18:30:00
1340,0.0,242581,0.0,9212.16,2013-09-02,5811.57,8396.76,7028.495208333334,677.1195311492548,8.4,22.5,15.310416666666667,4.924763287683613,23.3,8.7,0.0,712.97,207.65,276.15340306323264,19:00:00
1341,0.0,242581,0.0,9133.97,2013-09-03,5975.44,9212.16,7812.541666666667,912.9811408094693,8.7,23.3,15.127083333333333,5.028291854261366,22.3,8.7,0.0,731.08,208.12583333333336,274.8888912667153,18:30:00
1342,0.0,242581,0.0,9104.76,2013-09-04,6167.0,9133.97,7872.391666666666,779.4965435741018,8.7,22.3,15.264583333333334,4.901649291834518,22.4,8.4,0.0,724.25,204.3116666666667,272.47734956680404,18:30:00
1343,0.0,242581,0.0,9206.67,2013-09-05,6049.99,9104.76,7826.305,800.230353734659,8.4,22.4,15.397916666666667,4.695425097259206,28.4,9.5,0.0,755.85,214.43833333333336,283.2386723849643,18:30:00
1344,0.0,242581,0.0,8779.48,2013-09-06,6015.6,9206.67,7866.048125,849.245469838427,9.5,28.4,17.4375,6.57469763077894,22.9,12.6,0.0,741.7,214.30791666666667,282.6961326828955,18:30:00
1345,0.0,242581,0.0,8295.42,2013-09-07,6060.89,8779.48,7785.376666666667,789.3938074414754,12.6,22.9,17.804166666666667,3.3126423427198013,30.8,13.2,0.0,650.55,188.6825,248.93437564905977,18:30:00
1346,0.0,242581,0.0,8455.74,2013-09-08,5831.16,8295.42,7145.264583333334,606.6075727265403,13.2,30.8,20.016666666666666,5.515638630616232,19.4,15.6,0.0,733.75,210.24333333333334,278.5197212417235,18:30:00
1347,0.0,242581,0.0,9031.5,2013-09-09,5728.88,8455.74,7054.591458333333,736.9337191275682,15.6,19.4,17.474999999999998,0.8983436294624375,24.3,12.7,0.0,402.95,94.0625,125.13579053733689,18:30:00
1348,0.0,242581,0.0,9031.59,2013-09-10,5863.83,9031.5,7695.473125,947.1309968692037,12.7,24.3,18.825,3.7052291972636886,31.3,16.8,0.0,649.7,144.33791666666667,202.65060012413912,18:30:00
1349,0.0,242581,0.0,8789.15,2013-09-11,5718.87,9031.59,7712.4279166666665,963.8605108711757,16.8,31.3,24.53125,4.117123363130383,24.2,13.7,0.0,745.97,214.18041666666667,280.19982190495296,18:30:00
1350,0.0,242581,0.0,9044.67,2013-09-12,5661.39,8789.15,7482.1935416666665,813.4196295323019,13.7,24.2,17.6875,3.1196443468869703,22.7,6.8,0.0,605.38,182.81083333333333,235.0964820712328,18:30:00
1351,0.0,242581,0.0,9010.42,2013-09-13,5805.57,9044.67,7638.816041666666,850.7990190972037,6.8,22.7,15.008333333333333,5.218536247586663,17.4,8.7,0.0,811.5,235.77166666666668,307.6399548023308,18:30:00
1352,8.0,242581,0.0,8300.83,2013-09-14,6018.27,9010.42,7821.296249999999,813.734243476895,8.7,17.4,13.714583333333332,2.938518195349001,20.5,12.6,0.0,546.6,154.65666666666667,205.92384608520894,18:30:00
1353,0.0,242581,0.0,8493.29,2013-09-15,5911.14,8300.83,7252.188541666666,630.6742364175077,12.6,20.5,16.360416666666666,2.1298026662494145,19.7,11.4,0.0,762.3,186.94291666666666,256.7694174737768,19:00:00
1354,0.6,242581,0.0,9916.19,2013-09-16,5802.12,8493.29,7039.9610416666665,702.6885257481009,11.4,19.7,15.210416666666667,2.310497743494902,16.9,12.0,0.0,554.65,151.76541666666665,196.10857700880507,18:30:00
1355,24.6,242581,0.0,9032.22,2013-09-17,5823.8,9916.19,8067.03125,1223.1777526444644,12.0,16.9,15.143749999999999,1.1969653561527116,22.1,15.4,0.0,238.75,56.54750000000001,74.74318671005717,18:30:00
1356,0.0,242581,0.0,8739.23,2013-09-18,6118.78,9032.22,7813.389791666667,775.0484598507231,15.4,22.1,18.502083333333335,2.3185183808349494,24.3,15.3,0.0,611.2,169.63875,223.081491239212,18:30:00
1357,0.0,242581,0.0,8915.92,2013-09-19,5744.01,8739.23,7556.769583333334,813.0944815502576,15.3,24.3,19.48125,3.0887342480891964,22.6,8.8,0.0,794.65,235.49166666666667,303.10399369167664,19:00:00
1358,0.0,242581,0.0,8716.7,2013-09-20,5801.19,8915.92,7589.991666666666,819.2209290833744,8.8,22.6,16.179166666666667,4.430357477211802,20.2,7.2,0.0,875.33,264.73833333333334,334.96463930132904,19:00:00
1359,0.0,242581,0.0,8220.71,2013-09-21,5966.29,8716.7,7643.2275,747.5597851264453,7.2,20.2,14.05625,3.9117883079171656,19.5,7.4,0.0,720.0,207.2904166666667,252.71563216018225,18:30:00
1360,0.0,242581,0.0,8272.04,2013-09-22,5916.01,8220.71,7129.116458333333,601.3736338370879,7.4,19.5,13.793750000000001,4.084709747754944,24.0,7.8,0.0,850.83,258.10833333333335,327.538758595482,19:00:00
1361,0.0,242581,0.0,8936.38,2013-09-23,5777.73,8272.04,6932.379791666666,641.7436027231796,7.8,24.0,15.927083333333334,5.57432333774772,25.1,9.4,0.0,859.12,254.39166666666668,325.6902710795742,19:00:00
1362,0.0,242581,0.0,8763.9,2013-09-24,5809.08,8936.38,7622.580625,927.6229742927737,9.4,25.1,17.358333333333334,5.136802272684093,30.4,13.4,0.0,872.67,263.91625,333.0664783948081,19:00:00
1363,0.0,242581,0.0,9081.59,2013-09-25,5878.57,8763.9,7665.000416666667,856.4878101577153,13.4,30.4,21.383333333333336,5.631799279144045,31.3,10.3,0.0,571.5,145.49708333333334,196.67329958327247,19:00:00
1364,0.0,242581,0.0,8808.32,2013-09-26,5870.28,9081.59,7800.4627083333335,964.3738695171086,10.3,31.3,20.5125,6.9861451032923245,30.3,11.0,0.0,852.38,260.6720833333333,327.6817555463041,19:00:00
1365,0.0,242581,0.0,8617.56,2013-09-27,5827.41,8808.32,7721.7075,944.0162340551005,11.0,30.3,19.733333333333334,6.196269754073674,21.9,8.8,0.0,875.78,266.8911458333333,332.4941076669383,19:00:00
1366,0.0,242581,0.0,8062.53,2013-09-28,5868.43,8617.56,7569.214583333333,787.6565612665241,8.8,21.9,15.910416666666668,3.8997675644501677,28.7,7.5,0.0,922.8,284.23447916666663,353.9943765544444,19:00:00
1367,0.0,242581,0.0,8086.26,2013-09-29,5868.97,8062.53,7041.214166666668,580.953085093918,7.5,28.7,18.589583333333334,7.472851276833613,22.1,11.3,0.0,916.33,284.63291666666663,352.910380997471,19:00:00
1368,0.0,242581,0.0,9076.25,2013-09-30,5699.65,8086.26,6791.010625,613.9140826588318,11.3,22.1,17.260416666666668,3.205231068998577,29.4,9.0,0.0,891.3,271.4378125,338.8258171006791,19:00:00
1369,0.0,245758,5.9,9007.87,2013-10-01,5749.26,9076.25,7627.935,1018.1059297058084,9.0,29.4,18.29375,7.105598818851799,31.3,12.5,0.0,881.7,267.51906249999996,336.53588258093356,19:00:00
1370,0.0,245758,0.0,8694.09,2013-10-02,5831.88,9007.87,7822.427291666667,1026.8565993997443,12.5,31.3,20.45625,6.307810297138054,25.9,8.0,0.0,614.03,121.83791666666667,175.75208297798153,12:30:00
1371,0.0,245758,0.0,9072.29,2013-10-03,5902.41,8694.09,7574.678541666667,783.1351654129311,8.0,25.9,18.070833333333333,5.845491382556823,18.3,9.9,0.0,914.0,282.4198958333333,351.69240905317696,19:00:00
1372,3.2,245758,0.0,8513.44,2013-10-04,5871.0,9072.29,7713.127916666667,876.4725416168675,9.9,18.3,14.654166666666667,2.4247797297050813,18.7,8.0,0.0,644.92,161.94791666666666,201.5095615988982,19:00:00
1373,0.0,245758,0.0,7892.76,2013-10-05,6105.55,8513.44,7594.457083333334,637.0356708972951,8.0,18.7,13.2125,3.726422333050201,28.0,7.2,0.0,749.8,225.62604166666668,276.52541888462514,19:00:00
1374,0.0,245758,0.0,7672.24,2013-10-06,5814.26,7892.76,6947.048333333333,524.5911291149511,7.2,28.0,16.372916666666665,7.0058862662682815,31.1,8.9,0.0,927.4,275.84302083333336,348.2663069569394,19:00:00
1375,0.0,245758,0.0,7797.91,2013-10-07,5669.16,7672.24,6765.578541666667,569.7324116168616,8.9,31.1,20.849999999999998,8.33735505791268,19.4,15.5,0.0,928.4,289.43125000000003,355.8028869085337,19:00:00
1376,0.0,245758,0.0,8493.27,2013-10-08,5563.34,7797.91,6750.550833333334,654.2009638265835,15.5,19.4,17.404166666666665,1.117550195613742,19.5,11.0,0.0,780.22,237.9821875,291.653839779988,19:00:00
1377,0.0,245758,0.0,8640.71,2013-10-09,5890.2,8493.27,7610.0825,785.1292198631891,11.0,19.5,15.24375,2.743107901167362,29.3,7.6,0.0,700.8,239.67041666666668,287.82634502464896,19:00:00
1378,0.0,245758,0.0,9971.55,2013-10-10,5993.45,8640.71,7738.439583333333,786.3644635375614,7.6,29.3,17.854166666666668,7.196185701639604,35.7,12.9,0.0,954.33,299.6528125,366.0741195759468,16:30:00
1379,0.0,245758,578.225,8551.3,2013-10-11,5933.31,9971.55,8231.221875000001,1256.7503845026165,12.9,35.7,25.754166666666666,7.77343973079016,21.6,13.0,0.0,924.67,293.541875,358.795486950413,16:30:00
1380,0.0,245758,0.0,8144.21,2013-10-12,6006.95,8551.3,7702.192291666666,775.3631138149716,13.0,21.6,18.10625,2.223415644376817,27.0,10.6,0.0,898.2,244.36385416666667,314.30645797996965,09:30:00
1381,0.0,245758,0.0,8694.04,2013-10-13,5876.74,8144.21,7212.612083333333,640.5651623702124,10.6,27.0,18.650000000000002,5.439571322283841,33.8,14.1,0.0,943.78,296.54604166666667,360.97084933279683,19:00:00
1382,2.0,245758,0.0,8421.82,2013-10-14,5776.47,8694.04,7292.537499999999,942.9921196405917,14.1,33.8,23.958333333333332,7.5736057163084,17.0,9.5,0.0,956.38,295.93302083333333,364.0016967457233,17:00:00
1383,0.0,245758,964.97,8310.83,2013-10-15,5850.48,8421.82,7582.77875,825.6709757720969,9.5,17.0,14.839583333333332,1.5281388462222054,23.9,6.7,0.0,931.1,246.79458333333332,326.3642643333753,19:00:00
1384,0.0,245758,0.0,8332.06,2013-10-16,6041.12,8310.83,7558.785,660.6334237072393,6.7,23.9,14.643749999999999,5.481570913602329,27.0,7.3,0.0,996.88,319.51,382.80863368173476,07:00:00
1385,0.0,245758,0.0,8998.59,2013-10-17,5854.61,8332.06,7569.544583333333,769.8183178695356,7.3,27.0,18.077083333333334,6.832128093850415,32.4,10.2,0.0,990.35,318.51270833333336,382.5133911227861,16:30:00
1386,0.0,245758,626.0,8437.73,2013-10-18,5736.48,8998.59,7820.010208333333,1038.9278184733666,10.2,32.4,21.93958333333333,7.522130175414843,20.8,10.6,0.0,883.38,277.5370833333333,342.2683710032003,16:00:00
1387,0.0,245758,0.0,7617.38,2013-10-19,6029.45,8437.73,7628.802500000001,734.3532398213888,10.6,20.8,16.172916666666666,2.6429142186941843,22.2,8.1,0.0,831.0,253.91385416666665,310.3509439863742,09:00:00
1388,0.0,245758,0.0,8016.86,2013-10-20,5852.08,7617.38,6984.444166666667,502.5713159040248,8.1,22.2,16.33125,5.026870616147721,27.7,11.3,0.0,973.1,316.3152083333333,376.7578406544933,19:00:00
1389,0.0,245758,0.0,10085.15,2013-10-21,5546.36,8016.86,6955.283958333333,758.7134743838797,11.3,27.7,19.277083333333334,5.412445845961048,33.0,13.5,0.0,950.78,307.68406250000004,369.5319869301275,19:00:00
1390,0.0,245758,0.0,9113.84,2013-10-22,5808.73,10085.15,8226.263958333333,1379.3539493695744,13.5,33.0,22.785416666666666,6.608504822795228,25.0,19.3,0.0,945.88,283.9198958333333,352.2559124664086,16:00:00
1391,3.8,245758,0.0,9909.27,2013-10-23,6071.77,9113.84,8050.955833333333,1032.815008664521,19.3,25.0,21.452083333333334,1.5895924251248141,32.2,19.2,0.0,696.4,178.9141666666667,232.73898924828228,16:30:00
1392,0.0,245758,559.25,8337.41,2013-10-24,5817.66,9909.27,8222.384166666667,1295.5395376343245,19.2,32.2,25.2375,4.618999845688252,22.3,12.3,0.0,928.78,300.15177083333333,360.41196898810466,16:00:00
1393,0.0,245758,933.28,8241.39,2013-10-25,5902.0,8337.41,7622.857916666667,800.425973562212,12.3,22.3,18.006249999999998,3.197033615114206,22.7,6.1,0.0,950.83,309.1638541666667,367.86153013958653,10:00:00
1394,0.0,245758,0.0,7518.72,2013-10-26,5964.05,8241.39,7497.57,676.900727072026,6.1,22.7,15.002083333333333,4.755041650636803,21.2,8.6,0.0,1018.53,333.074375,393.1660798049287,07:30:00
1395,0.0,245758,0.0,7684.24,2013-10-27,5859.94,7518.72,6923.675625,474.85393067811134,8.6,21.2,15.5875,4.141262270309543,22.8,10.7,0.0,959.17,301.8957291666667,360.5091275956492,19:00:00
1396,0.0,245758,0.0,8621.79,2013-10-28,5708.16,7684.24,6808.963333333333,590.9199752831619,10.7,22.8,17.085416666666667,3.6097969285332696,23.0,15.6,0.0,907.55,278.4922916666667,330.69350095100486,19:00:00
1397,0.0,245758,63.715,8591.29,2013-10-29,5795.57,8621.79,7675.76875,962.4267099714604,15.6,23.0,18.8875,2.3408150062781585,24.0,14.4,0.0,810.78,241.85583333333332,306.187580623405,17:00:00
1398,0.0,245758,0.0,8192.79,2013-10-30,5921.71,8591.29,7680.741041666667,854.6188267347785,14.4,24.0,17.772916666666667,2.435005315502375,20.3,11.9,0.0,746.38,160.0096875,235.0861436123305,10:30:00
1399,0.0,245758,0.0,8317.45,2013-10-31,5907.24,8192.79,7500.808958333334,736.9739943540822,11.9,20.3,16.21875,2.565122555240637,24.1,13.3,0.0,907.65,275.0964583333333,333.32306768671646,19:00:00
1400,0.0,248609,358.12,8529.98,2013-11-01,5827.44,8317.45,7578.77375,804.0488938229931,13.3,24.1,18.54375,2.796190893096946,22.6,16.2,0.0,983.9,308.29062500000003,368.1133911937961,16:00:00
1401,0.0,248609,0.0,8131.02,2013-11-02,5997.07,8529.98,7712.37,805.2945842545992,16.2,22.6,18.825,1.9350628116695274,30.1,12.7,0.0,926.92,259.92072916666666,317.0196349378997,10:00:00
1402,0.0,248609,0.0,7989.74,2013-11-03,5898.67,8131.02,7298.755,700.5475664291379,12.7,30.1,21.158333333333335,5.5633616553125,34.1,13.7,0.0,908.5,281.8903125,340.8336626885741,19:00:00
1403,0.0,248609,0.0,8345.44,2013-11-04,5709.05,7989.74,7087.124791666666,790.1772273518695,13.7,34.1,21.370833333333334,6.726415324715487,17.9,13.7,0.0,559.1,194.2303125,214.68066026772271,16:00:00
1404,0.0,248609,452.165,8377.87,2013-11-05,5813.11,8345.44,7523.178124999999,828.2836391526143,13.7,17.9,15.839583333333332,1.1462686149365917,19.0,10.5,0.0,980.35,320.1191666666667,375.2174879452303,19:00:00
1405,0.0,248609,0.0,8502.07,2013-11-06,5950.33,8377.87,7596.621875,742.2441522774202,10.5,19.0,15.845833333333333,2.341117966556433,22.5,8.7,0.0,516.9,181.000625,206.89735923169215,09:30:00
1406,0.0,248609,0.0,9524.84,2013-11-07,5983.63,8502.07,7718.987083333333,794.5576845466691,8.7,22.5,16.295833333333334,4.837176877254332,31.8,11.0,0.0,1012.85,339.0675,396.2639593500615,17:00:00
1407,0.0,248609,0.0,10049.8,2013-11-08,6009.23,9524.84,8107.379375,1088.2355080811035,11.0,31.8,20.804166666666667,6.792767064839124,35.2,14.4,0.0,983.08,326.36802083333333,377.2194040787837,16:00:00
1408,0.2,248609,0.0,8409.67,2013-11-09,6015.03,10049.8,8344.246666666668,1296.6286579110892,14.4,35.2,23.833333333333332,6.082354434015901,32.1,16.8,0.0,955.53,288.6801041666667,351.4802274991601,16:00:00
1409,0.0,248609,0.0,7809.94,2013-11-10,5898.96,8409.67,7384.426666666666,838.8815374318181,16.8,32.1,22.335416666666664,4.065448057447226,18.5,14.7,0.0,915.8,247.36333333333334,313.8892243975697,14:30:00
1410,29.8,248609,0.0,8741.97,2013-11-11,5605.35,7809.94,6890.811458333334,702.0518477791854,14.7,18.5,16.45,0.9847777587062745,17.9,14.3,0.0,457.25,132.21958333333333,168.93254763313868,18:00:00
1411,18.8,248609,504.025,8710.85,2013-11-12,5764.96,8741.97,7710.003541666666,996.1741534074133,14.3,17.9,16.189583333333335,1.0322954350612166,22.4,16.5,0.0,456.9,117.01875,151.17265679073785,17:00:00
1412,3.8,248609,0.0,8421.3,2013-11-13,5979.86,8710.85,7715.783541666667,830.7935789800154,16.5,22.4,18.40625,1.601117462168086,27.4,13.4,0.0,842.58,167.11135416666664,227.8057969573701,09:30:00
1413,0.0,248609,0.0,8543.4,2013-11-14,5828.94,8421.3,7638.503125,823.9720699334737,13.4,27.4,19.985416666666666,4.8023925590043275,26.6,13.1,0.0,997.53,337.31864583333333,386.88641576150843,16:00:00
1414,0.0,248609,349.35,8699.87,2013-11-15,5886.32,8543.4,7726.118541666667,862.7884940714512,13.1,26.6,19.570833333333333,3.97668515508772,22.0,13.9,0.0,1056.05,355.55406250000004,407.27543504242436,17:00:00
1415,6.8,248609,393.7,7742.42,2013-11-16,5955.88,8699.87,7696.195,848.7415487223773,13.9,22.0,17.814583333333335,2.6690495226971573,20.5,14.5,0.0,844.45,278.3535416666667,329.8174447681019,10:00:00
1416,13.4,248609,0.0,7901.19,2013-11-17,5752.53,7742.42,7004.281875000001,598.8499395051697,14.5,20.5,16.660416666666666,1.8990187369061324,17.5,14.8,0.0,745.65,217.89739583333335,272.71410402086605,09:30:00
1417,6.6,248609,0.0,8649.72,2013-11-18,5565.41,7901.19,6941.579583333333,740.5315216614957,14.8,17.5,15.858333333333334,0.7324785476005662,18.0,15.9,0.0,201.88,63.29229166666667,73.43226509786064,19:00:00
1418,50.4,248609,0.0,8587.93,2013-11-19,5803.63,8649.72,7720.020416666666,956.391326530962,15.9,18.0,16.952083333333334,0.489024031665213,22.7,16.0,0.0,567.1,161.76822916666666,199.2381659703889,17:00:00
1419,0.0,248609,0.0,9118.65,2013-11-20,5936.85,8587.93,7748.141875,830.1085285893854,16.0,22.7,19.2625,2.3800254781400456,26.0,14.1,0.0,887.15,261.9278125,303.15931038356825,17:00:00
1420,0.0,248609,0.0,9143.02,2013-11-21,5846.96,9118.65,7899.330000000001,1024.441412199734,14.1,26.0,20.364583333333332,3.8031056504720553,25.3,16.1,0.0,971.33,330.2260416666667,376.3737293186552,16:30:00
1421,4.8,248609,120.97,8854.99,2013-11-22,5929.43,9143.02,7961.49875,1063.213566668212,16.1,25.3,21.150000000000002,2.7727396391264327,24.6,19.0,0.0,968.72,307.7702083333333,363.3583329766536,15:30:00
1422,29.8,248609,494.85,8017.55,2013-11-23,5956.9,8854.99,7804.785625,917.1598364676613,19.0,24.6,20.6875,1.4427551951705087,23.8,16.8,0.0,650.45,118.70947916666667,181.84267356128058,10:00:00
1423,0.2,248609,0.0,7566.82,2013-11-24,5818.49,8017.55,7096.446875000001,633.556907988729,16.8,23.8,19.997916666666665,2.125777913515111,21.5,16.3,0.0,497.08,177.163125,188.0991583074843,09:30:00
1424,0.0,248609,292.3,8571.38,2013-11-25,5617.64,7566.82,6755.504583333332,605.588008253341,16.3,21.5,18.954166666666666,1.6506553609301293,21.2,14.1,0.0,971.55,337.87947916666667,381.69012002642506,19:30:00
1425,0.0,248609,0.0,8520.63,2013-11-26,5739.78,8571.38,7554.516666666666,907.2041082999528,14.1,21.2,17.775000000000002,2.021111975379216,20.5,12.8,0.0,724.0,248.604375,282.05841329832197,10:00:00
1426,0.0,248609,0.0,8733.85,2013-11-27,5909.42,8520.63,7670.171458333333,806.0768957564136,12.8,20.5,16.933333333333334,2.438200708521646,23.8,12.0,0.0,894.53,281.0158333333333,321.1991120409372,17:00:00
1427,0.0,248609,0.0,9568.13,2013-11-28,5980.37,8733.85,7744.624791666666,841.5848897068761,12.0,23.8,18.108333333333334,4.053306154257516,28.5,13.5,0.0,1081.3,369.37604166666665,417.4272925771069,16:30:00
1428,0.0,248609,186.6,8846.69,2013-11-29,6028.36,9568.13,8079.159583333333,1084.416070238409,13.5,28.5,21.460416666666664,5.108971649173318,22.9,14.7,0.0,1016.92,326.7628125,390.7290009330163,16:00:00
1429,4.6,248609,541.125,7661.6,2013-11-30,6089.63,8846.69,7735.373541666667,843.7562030246116,14.7,22.9,18.641666666666666,1.9564224115671616,20.5,13.6,0.0,294.3,76.41114583333334,84.86980334255412,11:00:00
1430,0.0,251136,0.0,7672.2,2013-12-01,5698.61,7661.6,6897.56375,567.8058584853796,13.6,20.5,17.314583333333335,2.1740235845315237,22.4,11.8,0.0,777.53,263.52958333333333,296.20958866638307,09:30:00
1431,0.0,251136,0.0,8960.2,2013-12-02,5528.32,7672.2,6765.382083333334,664.6149043249675,11.8,22.4,17.575,3.4234796283835873,23.8,13.8,0.0,814.15,287.19895833333334,313.35109130541747,19:30:00
1432,0.0,251136,0.0,9405.77,2013-12-03,5711.42,8960.2,7764.19,1045.8659497237152,13.8,23.8,19.079166666666666,3.3302583334293883,24.7,11.3,0.0,992.2,343.39177083333334,378.4266438084636,16:00:00
1433,0.0,251136,0.0,9995.99,2013-12-04,6021.97,9405.77,8053.636875,1051.775087694266,11.3,24.7,19.318749999999998,4.369997139587163,28.4,15.2,0.0,1102.35,384.5254166666667,428.0648947631025,16:30:00
1434,4.6,251136,405.88,8716.19,2013-12-05,5999.74,9995.99,8339.110208333334,1245.281776715256,15.2,28.4,23.210416666666664,4.733189270857322,24.9,13.1,0.0,832.45,269.5103125,301.02619846827616,16:30:00
1435,0.0,251136,769.665,8167.21,2013-12-06,6002.59,8716.19,7764.462916666667,814.894779212051,13.1,24.9,18.745833333333334,3.5231126429672184,20.8,11.9,0.0,930.05,241.14958333333334,292.2496257588804,10:00:00
1436,0.0,251136,715.48,7619.31,2013-12-07,5782.21,8167.21,7445.364583333333,736.5450401069883,11.9,20.8,16.320833333333333,3.1263436827538706,24.9,10.3,0.0,1065.7,378.5761458333333,415.58021715638034,09:30:00
1437,0.0,251136,0.0,8197.83,2013-12-08,5822.86,7619.31,7029.129166666667,560.1307232979365,10.3,24.9,17.716666666666665,5.070160236392438,25.5,13.3,0.0,970.88,353.1660416666667,386.8608963331107,09:30:00
1438,0.0,251136,0.0,10142.8,2013-12-09,5641.37,8197.83,7069.182708333334,837.0154471457472,13.3,25.5,20.154166666666665,4.22243039489301,32.4,16.6,0.0,1054.03,361.2825,403.4078295767569,20:00:00
1439,0.0,251136,0.0,10333.89,2013-12-10,5873.66,10142.8,8365.844374999999,1399.298331669257,16.6,32.4,23.729166666666668,4.859864210226865,32.0,20.3,0.0,851.5,243.08666666666667,283.01743199325506,16:00:00
1440,0.0,251136,0.0,9521.9,2013-12-11,6137.51,10333.89,8633.592708333334,1387.0727296256787,20.3,32.0,26.239583333333332,2.9739821847921344,27.9,16.1,0.0,998.78,345.3425,381.27241704447505,16:00:00
1441,0.0,251136,0.0,9209.04,2013-12-12,6091.88,9521.9,8176.55375,1073.8960500620306,16.1,27.9,21.977083333333336,3.3250973163383635,25.1,17.5,0.0,1026.5,357.89489583333335,399.02894945835703,16:00:00
1442,0.0,251136,0.0,10037.55,2013-12-13,6099.47,9209.04,8086.34875,1011.4134122794833,17.5,25.1,21.391666666666666,2.204524683013139,27.3,16.5,0.0,927.15,325.5753125,362.682106957064,16:00:00
1443,0.0,251136,322.19,8127.58,2013-12-14,5978.26,10037.55,8368.943541666666,1279.0232868864534,16.5,27.3,22.256249999999998,3.3702014745002082,23.4,16.7,0.0,1021.97,348.65708333333333,393.73268511451045,16:00:00
1444,0.0,251136,0.0,7938.09,2013-12-15,6056.11,8127.58,7344.656666666667,660.8656294695501,16.7,23.4,20.845833333333335,1.6605508357211418,24.1,16.8,0.0,786.85,249.89510416666667,290.88320750974805,10:30:00
1445,2.2,251136,0.0,9312.92,2013-12-16,5736.63,7938.09,7111.3202083333335,771.8913844893542,16.8,24.1,20.485416666666666,1.8347693441136677,24.4,17.6,0.0,888.0,289.2659375,331.38986432813766,16:00:00
1446,0.4,251136,0.0,9822.61,2013-12-17,5840.96,9312.92,8016.398958333334,1161.886407400976,17.6,24.4,20.391666666666666,2.1008441396949853,25.7,16.3,0.0,896.0,299.3565625,334.200474171322,15:30:00
1447,0.0,251136,0.0,9900.81,2013-12-18,6065.73,9822.61,8278.94875,1190.4026084706484,16.3,25.7,21.43541666666667,3.0225739054958467,26.0,16.8,0.0,1043.9,363.71031250000004,405.8466109997799,16:00:00
1448,0.0,251136,0.0,10291.22,2013-12-19,6095.14,9900.81,8346.581875,1221.0213288249092,16.8,26.0,21.695833333333336,2.80667580564877,26.2,15.1,0.0,1039.82,365.3907291666667,403.773545741192,16:00:00
1449,0.4,251136,0.0,11916.82,2013-12-20,6172.63,10291.22,8591.02125,1339.7245914304585,15.1,26.2,21.383333333333336,3.7278328273478794,38.2,17.3,0.0,1065.9,370.9239583333333,409.09495499075985,16:00:00
1450,0.0,251136,0.0,9101.27,2013-12-21,6198.14,11916.82,9376.936666666666,1902.1804990570465,17.3,38.2,27.789583333333336,6.886565384966473,25.3,21.3,0.0,1020.58,349.6215625,397.55601750899575,16:30:00
1451,0.0,251136,0.0,10546.32,2013-12-22,6435.4,9101.27,8046.579166666666,914.351058010213,21.3,25.3,23.260416666666668,1.4179307043256728,33.7,20.3,0.0,958.12,295.7886458333333,354.06578128109345,16:00:00
1452,0.0,251136,4.45,10457.39,2013-12-23,5994.66,10546.32,8436.58625,1659.7187358034885,20.3,33.7,27.006249999999998,4.113879271390262,35.6,20.4,0.0,839.22,269.61927083333336,306.69425361076026,17:00:00
1453,0.0,251136,150.55,8182.43,2013-12-24,6374.05,10457.39,8686.627708333333,1416.4764019096751,20.4,35.6,25.679166666666664,4.624999520797369,21.4,18.0,0.0,643.53,177.43270833333335,223.36810720641594,13:00:00
1454,0.2,251136,132.25,6899.69,2013-12-25,5919.86,8182.43,7247.173750000001,671.5527818822012,18.0,21.4,19.427083333333332,0.9582207766154888,20.2,17.9,0.0,409.92,117.74510416666668,137.38691141897118,10:00:00
1455,19.6,251136,0.0,7252.09,2013-12-26,5180.4,6899.69,6186.886458333333,492.4674997657072,17.9,20.2,19.1875,0.7796957944704443,23.6,18.6,0.0,230.57,74.24572916666666,80.05383408090302,10:00:00
1456,4.0,251136,0.0,7978.24,2013-12-27,5113.03,7252.09,6399.329166666666,695.1069865421545,18.6,23.6,20.75,1.842985551945768,24.9,16.7,0.0,972.1,316.1927083333333,365.8741708449028,20:00:00
1457,0.0,251136,0.0,8140.19,2013-12-28,5438.4,7978.24,7018.203958333333,830.1982405470408,16.7,24.9,20.881249999999998,2.5503154790247384,25.5,16.2,0.0,992.85,328.25708333333336,367.67755367208747,16:00:00
1458,0.0,251136,0.0,7249.09,2013-12-29,5472.66,8140.19,7041.799166666667,866.9056854682425,16.2,25.5,21.83125,2.9234311122523695,22.2,17.3,0.0,985.83,337.1976041666667,371.74121578568423,17:30:00
1459,0.0,251136,0.0,8100.55,2013-12-30,5419.74,7249.09,6621.583750000001,613.8331268198077,17.3,22.2,20.377083333333335,1.1244364230598116,24.8,17.0,0.0,828.9,274.35364583333336,314.20377961982337,18:00:00
1460,0.0,251136,0.0,8363.62,2013-12-31,5450.87,8100.55,7035.690625,867.3096874044237,17.0,24.8,20.908333333333335,2.1467276763278678,26.3,14.9,0.0,1048.6,352.54802083333334,396.81436330512895,17:00:00
1461,0.0,253351,0.0,7753.16,2014-01-01,5585.82,8363.62,7122.569166666667,857.4564375780099,14.9,26.3,21.077083333333334,3.7601063578966785,26.7,17.1,0.0,1071.43,359.9080208333333,406.80825249576617,16:00:00
1462,0.0,253351,0.0,9811.47,2014-01-02,5484.19,7753.16,6840.118541666667,763.9961547663897,17.1,26.7,22.318749999999998,2.790611635085101,35.7,21.0,0.0,1039.68,271.9691666666667,328.10583003752,17:00:00
1463,0.6,253351,0.0,9562.18,2014-01-03,5628.16,9811.47,7981.055833333333,1431.1285579091486,21.0,35.7,25.145833333333332,5.108772527485313,26.9,20.2,0.0,714.7,187.5638541666667,235.5682700480826,14:00:00
1464,0.2,253351,0.0,8108.13,2014-01-04,6052.55,9562.18,8026.922291666667,1125.2597422916615,20.2,26.9,22.964583333333334,2.093504603487342,25.7,19.6,0.0,869.33,245.35239583333336,304.03929259818693,16:00:00
1465,0.0,253351,0.0,8466.4,2014-01-05,5961.36,8108.13,7311.677291666667,713.271160459732,19.6,25.7,22.46666666666667,1.7948310337511757,27.6,18.0,0.0,1021.65,330.39354166666664,386.0302775096935,16:00:00
1466,0.0,253351,0.0,9245.2,2014-01-06,5733.63,8466.4,7225.685208333333,913.0833592133278,18.0,27.6,22.989583333333332,2.8528626596122555,30.8,16.1,0.0,986.15,314.0778125,365.8295798358561,17:30:00
1467,0.0,253351,316.92,8278.34,2014-01-07,5822.19,9245.2,7831.06625,1121.3786800291573,16.1,30.8,22.5625,4.130768049751891,21.0,17.4,0.0,1104.88,382.95604166666664,427.4120628007768,16:00:00
1468,4.6,253351,151.98,8208.71,2014-01-08,5990.12,8278.34,7481.536875000001,746.5671519500961,17.4,21.0,19.485416666666666,0.8137095470438813,21.6,16.1,0.0,527.2,159.02072916666665,180.32257276298293,10:00:00
1469,0.0,253351,227.68,8379.02,2014-01-09,5794.83,8208.71,7406.774791666667,819.0365587091229,16.1,21.6,18.51875,1.5479095374634184,23.6,15.7,0.0,647.25,195.9253125,239.43809162199133,11:00:00
1470,0.0,253351,0.0,8975.64,2014-01-10,5814.12,8379.02,7528.827916666666,851.7242029740249,15.7,23.6,19.985416666666666,2.1122731109010155,26.5,18.6,0.0,680.85,214.58447916666668,252.45037184550893,11:00:00
1471,0.0,253351,0.0,9235.59,2014-01-11,5955.93,8975.64,7840.059583333333,990.0901237507426,18.6,26.5,22.097916666666666,2.5238850146898324,32.0,16.5,0.0,883.05,257.0257291666667,305.6554806964471,16:00:00
1472,0.0,253351,0.0,8882.13,2014-01-12,5948.73,9235.59,7755.9764583333335,1082.9714092717113,16.5,32.0,23.6875,5.071724915353873,26.9,19.1,0.0,1036.35,352.64604166666663,399.5930653189811,16:00:00
1473,0.0,253351,0.0,9986.19,2014-01-13,5955.21,8882.13,7579.056458333333,1023.2732562140641,19.1,26.9,23.004166666666666,2.4814167481529963,25.2,17.1,0.0,996.62,335.10145833333337,385.3672124960516,15:00:00
1474,0.0,253351,0.0,10861.94,2014-01-14,6015.89,9986.19,8330.319583333334,1321.4722725807842,17.1,25.2,21.670833333333334,2.527546816144344,28.9,15.6,0.0,1029.8,338.88,385.3762038248704,16:00:00
1475,0.0,253351,0.0,11801.11,2014-01-15,6242.75,10861.94,8811.24375,1509.542786108436,15.6,28.9,23.047916666666666,3.6253240256258676,30.3,17.9,0.0,1067.95,355.358125,405.01500564219316,16:30:00
1476,0.0,253351,0.0,11845.77,2014-01-16,6545.11,11801.11,9379.778124999999,1754.540943204664,17.9,30.3,24.383333333333336,4.096045489552366,30.1,17.6,0.0,1071.75,368.82874999999996,413.356044757744,16:00:00
1477,0.0,253351,0.0,11568.42,2014-01-17,6625.95,11845.77,9511.005416666667,1777.0063936701263,17.6,30.1,24.602083333333336,3.826919742601358,29.9,17.8,0.0,1070.47,370.20020833333336,415.6416360215089,16:00:00
1478,0.0,253351,0.0,10499.93,2014-01-18,6580.03,11568.42,9318.003333333332,1668.17608122768,17.8,29.9,24.224999999999998,3.5130455963027476,32.0,16.6,0.0,1074.55,371.4065625,418.0668872794495,16:00:00
1479,0.0,253351,0.0,9132.78,2014-01-19,6375.41,10499.93,8508.52,1385.9165981645804,16.6,32.0,24.40416666666667,4.690822108835252,27.0,19.2,0.0,1080.22,375.8126041666667,420.40386462734364,15:00:00
1480,0.0,253351,0.0,10059.58,2014-01-20,6135.36,9132.78,7788.005416666667,1034.0716070619771,19.2,27.0,22.989583333333332,2.037649833502222,24.6,19.5,0.0,1006.72,327.8070833333333,383.6189352894206,16:00:00
1481,2.4,253351,0.0,9816.5,2014-01-21,6265.83,10059.58,8576.5975,1346.5949098208116,19.5,24.6,21.758333333333336,1.7580009601494875,25.4,19.5,0.0,663.72,214.69500000000002,247.48352586264048,14:00:00
1482,1.6,253351,241.38,9313.84,2014-01-22,6381.08,9816.5,8527.549791666666,1149.961305296261,19.5,25.4,21.895833333333332,1.7694762217364752,22.4,19.6,0.0,543.75,157.79083333333332,189.91152975915125,15:30:00
1483,0.0,253351,25.08,9242.85,2014-01-23,6350.88,9313.84,8201.34375,973.0035635469166,19.6,22.4,20.985416666666666,0.7417602937157881,24.3,19.2,0.0,577.7,128.25833333333335,153.68059271061693,09:30:00
1484,0.0,253351,243.33,9316.97,2014-01-24,6193.37,9242.85,8179.37125,1037.5459011299674,19.2,24.3,22.087500000000002,1.6318146797158601,27.2,17.8,0.0,569.6,195.06677083333332,225.38458049282147,13:00:00
1485,5.0,253351,443.145,7904.68,2014-01-25,6313.53,9316.97,8211.020416666666,1001.9021243656149,17.8,27.2,22.666666666666668,2.844654062902665,22.6,18.0,0.0,666.47,187.90489583333337,233.25161975102827,09:30:00
1486,0.0,253351,614.425,7346.23,2014-01-26,5991.32,7904.68,7093.897916666666,554.9523276591337,18.0,22.6,20.564583333333335,1.2101502602909566,21.9,14.6,0.0,854.28,254.83708333333334,314.93005821089275,09:30:00
1487,0.0,253351,0.0,8246.15,2014-01-27,5610.58,7346.23,6686.859583333334,562.5188914575502,14.6,21.9,18.864583333333332,1.9083790139783325,26.0,14.4,0.0,808.03,231.49729166666665,277.2249923739997,09:30:00
1488,0.0,253351,0.0,10070.52,2014-01-28,5616.96,8246.15,7071.53125,862.2648044752278,14.4,26.0,20.883333333333333,4.0161023410994385,27.7,14.4,0.0,945.0,303.6177083333333,354.54960051970033,17:30:00
1489,0.0,253351,0.0,11278.09,2014-01-29,5954.68,10070.52,8365.834791666666,1328.5854796529416,14.4,27.7,22.15416666666667,4.144412199850482,31.0,16.8,0.0,1059.5,360.84437499999996,411.4343438426332,16:30:00
1490,0.0,253351,0.0,11004.94,2014-01-30,6299.62,11278.09,8911.289999999999,1607.0959207652866,16.8,31.0,23.7,4.40164379352832,29.0,16.8,0.0,1064.4,364.52197916666665,413.5954649154885,16:00:00
1491,0.0,253351,0.0,11335.48,2014-01-31,6376.96,11004.94,8904.769166666667,1487.4172881317909,16.8,29.0,23.35625,3.5647151567742617,30.7,15.5,0.0,1060.15,357.89697916666665,409.37594529465593,16:00:00
1492,0.0,255921,0.0,9897.56,2014-02-01,6401.43,11335.48,9032.854166666666,1562.146093543674,15.5,30.7,23.491666666666664,5.000375872396818,27.3,21.5,0.0,1038.7,344.6973958333333,394.7575330597703,16:00:00
1493,0.0,255921,0.0,9732.0,2014-02-02,6303.98,9897.56,8232.509166666667,1169.0511156686432,21.5,27.3,23.727083333333336,2.012063573224025,28.4,21.5,0.0,992.05,316.24062499999997,372.22145165328345,16:00:00
1494,0.0,255921,0.0,11095.83,2014-02-03,6260.25,9732.0,8087.072916666667,1204.9874846193143,21.5,28.4,24.316666666666666,2.3479582196918325,28.5,18.6,0.0,1024.68,337.6326041666667,390.5711893632546,17:00:00
1495,0.0,255921,193.0,9532.46,2014-02-04,6324.27,11095.83,8969.678333333333,1554.4627929059857,18.6,28.5,23.854166666666668,2.8428303496978375,24.6,18.3,0.0,1036.22,347.94822916666664,401.80032448184045,16:00:00
1496,0.0,255921,361.73,8735.29,2014-02-05,6353.68,9532.46,8244.339791666667,1025.4766258288053,18.3,24.6,20.28125,1.4424648305016112,22.5,18.0,0.0,608.65,164.47208333333333,203.75877329194864,10:00:00
1497,0.0,255921,0.0,8860.39,2014-02-06,5956.45,8735.29,7855.8204166666665,927.5939788322148,18.0,22.5,19.908333333333335,1.1203786087525751,23.1,14.3,0.0,680.9,203.20479166666667,239.14215389408997,10:30:00
1498,0.0,255921,0.0,9718.76,2014-02-07,6131.7,8860.39,7978.610833333333,924.4087165958788,14.3,23.1,19.125,2.42105129266237,26.8,11.6,0.0,673.45,203.45062500000003,237.02917498544758,17:00:00
1499,0.0,255921,0.0,9478.43,2014-02-08,6103.91,9718.76,8230.314791666666,1106.1362610860008,11.6,26.8,19.997916666666665,5.228664431533988,29.3,14.6,0.0,1043.88,348.39208333333335,403.23852794333504,16:00:00
1500,0.0,255921,0.0,9901.44,2014-02-09,6039.8,9478.43,7922.600208333333,1102.028545289037,14.6,29.3,22.264583333333334,4.93120716235023,29.3,17.5,0.0,1035.62,345.5155208333333,400.09820978163293,17:00:00
1501,0.0,255921,0.0,10179.52,2014-02-10,6081.6,9901.44,8002.200208333333,1289.9756588805126,17.5,29.3,23.604166666666668,3.9240100165429075,24.4,19.1,0.0,1039.9,343.86791666666664,401.15988154540685,17:00:00
1502,0.0,255921,0.0,10052.42,2014-02-11,6176.19,10179.52,8521.266041666668,1299.1465077597766,19.1,24.4,21.679166666666664,1.4805057119513478,25.3,19.8,0.0,702.97,217.13750000000002,258.0408980902718,16:00:00
1503,0.0,255921,0.0,10419.07,2014-02-12,6308.24,10052.42,8501.498541666666,1204.568217603109,19.8,25.3,22.360416666666666,1.5903618728216642,26.3,22.0,0.0,852.67,252.2380208333333,310.3644788239794,16:00:00
1504,0.6,255921,0.0,10436.14,2014-02-13,6293.91,10419.07,8760.058333333332,1350.0406013316674,22.0,26.3,23.639583333333334,1.488500542575724,28.6,18.6,0.0,843.9,251.681875,306.17243507648584,16:00:00
1505,1.2,255921,227.125,9568.52,2014-02-14,6361.13,10436.14,8752.045208333333,1325.6839284734203,18.6,28.6,23.264583333333334,2.9799678409897874,24.1,20.2,0.0,872.25,251.07791666666665,309.468230232486,15:00:00
1506,1.8,255921,186.7,8441.51,2014-02-15,6367.79,9568.52,8378.450625,1047.9156892661927,20.2,24.1,21.849999999999998,1.286261281818893,25.9,20.7,0.0,366.35,106.82916666666667,127.00205945027002,09:30:00
1507,5.0,255921,92.5,8355.52,2014-02-16,6124.84,8441.51,7616.0125,771.414661632025,20.7,25.9,22.633333333333336,1.6477364658806681,24.7,19.2,0.0,439.45,103.04416666666667,132.6051672372317,09:30:00
1508,17.8,255921,0.0,9106.93,2014-02-17,5949.13,8355.52,7421.639166666667,852.6260296430224,19.2,24.7,21.9875,1.5103367244679564,24.6,17.3,0.0,228.07,72.9428125,83.7782961084578,11:00:00
1509,0.0,255921,0.0,9398.5,2014-02-18,5972.42,9106.93,8038.910416666667,1083.1124549677218,17.3,24.6,20.422916666666666,2.2708363426357825,25.3,16.7,0.0,823.28,273.5309375,325.0917276718959,16:00:00
1510,0.0,255921,26.625,9814.5,2014-02-19,6133.43,9398.5,8258.315416666666,1082.1410013859902,16.7,25.3,21.477083333333336,2.5127114779916933,27.6,19.9,0.0,456.5,129.50614583333333,161.91026816898537,17:00:00
1511,27.4,255921,0.0,9072.56,2014-02-20,6169.0,9814.5,8389.864375,1210.9279825642182,19.9,27.6,22.579166666666666,2.0096531227450325,27.7,16.4,0.0,563.42,116.74770833333334,167.67869450344966,11:30:00
1512,0.0,255921,0.0,8780.35,2014-02-21,6027.37,9072.56,8022.072499999999,1013.3713946252287,16.4,27.7,21.912499999999998,3.1595599612819774,24.6,16.1,0.0,920.8,282.7370833333333,344.9953002652961,16:00:00
1513,0.0,255921,587.1600000000001,7895.98,2014-02-22,6049.1,8780.35,7819.328750000001,894.9081283968453,16.1,24.6,20.35625,2.5499191685144535,23.6,17.8,0.0,984.72,309.59812500000004,375.07049928465926,16:00:00
1514,0.0,255921,0.0,7968.06,2014-02-23,5831.37,7895.98,7152.115624999999,646.089551700554,17.8,23.6,20.693749999999998,1.473656077259058,23.7,17.8,0.0,862.97,264.96104166666663,319.97543276532963,09:30:00
1515,0.0,255921,0.0,9665.07,2014-02-24,5730.32,7968.06,6995.937916666667,702.6434049615729,17.8,23.7,20.852083333333333,1.570741738774735,26.8,18.6,0.0,766.0,233.8190625,291.92620275682225,19:30:00
1516,0.0,255921,0.0,9924.94,2014-02-25,5954.51,9665.07,8205.992916666666,1216.4977425746356,18.6,26.8,22.164583333333336,2.694556339223255,27.2,16.6,0.0,887.0,277.3980208333333,336.15103265819334,16:30:00
1517,0.0,255921,0.0,10113.55,2014-02-26,6223.49,9924.94,8460.122916666667,1214.5789832273967,16.6,27.2,22.204166666666666,3.511861865003412,33.0,17.0,0.0,918.6,285.3225,345.01132127585413,16:00:00
1518,4.6,255921,168.3,9302.16,2014-02-27,6177.02,10113.55,8507.907708333334,1275.047080265916,17.0,33.0,23.652083333333334,5.15310233281683,21.7,19.2,0.0,714.25,213.86625,273.07116717251097,16:00:00
1519,0.0,255921,112.2,8950.72,2014-02-28,6276.99,9302.16,8196.352291666666,1032.7180765591756,19.2,21.7,20.40625,0.6805524195421528,21.1,18.3,0.0,431.27,123.77708333333334,160.03633808046746,10:00:00
1520,3.4,258627,150.02,8136.16,2014-03-01,5993.62,8950.72,7884.017916666667,926.8988502527244,18.3,21.1,19.820833333333333,0.9192870348711939,22.7,17.7,0.0,211.48,57.22291666666666,71.4889445762854,10:00:00
1521,37.8,258627,0.0,7831.32,2014-03-02,5841.0,8136.16,7246.866875,704.0453469351888,17.7,22.7,19.560416666666665,1.4953459122099886,22.6,17.6,0.0,349.95,88.64083333333333,116.50723380579427,10:00:00
1522,0.0,258627,291.5,8934.83,2014-03-03,5692.52,7831.32,6998.708958333334,715.7067609348317,17.6,22.6,20.089583333333334,1.598302235330037,24.8,16.6,0.0,513.83,149.07,186.1451814373405,19:30:00
1523,0.2,258627,0.0,9158.66,2014-03-04,5799.03,8934.83,7917.920833333334,1094.6696367588918,16.6,24.8,20.46875,2.1910996219230867,25.4,17.7,0.0,570.85,164.6975,206.63349350809924,10:00:00
1524,0.0,258627,0.0,9384.05,2014-03-05,6136.89,9158.66,8131.088958333334,1026.8358763350059,17.7,25.4,21.1375,2.3554034753975555,29.6,15.2,0.0,718.47,229.05375,277.34495116305663,15:30:00
1525,0.8,258627,0.0,9145.19,2014-03-06,6055.57,9384.05,8123.330000000001,1074.7462106816045,15.2,29.6,21.322916666666668,4.477710261327452,25.1,18.7,0.0,911.95,258.69374999999997,339.5606496268376,15:30:00
1526,0.0,258627,0.0,9346.45,2014-03-07,6094.03,9145.19,8128.813958333333,1044.1175353475141,18.7,25.1,21.839583333333334,1.7832243785898518,27.6,17.7,0.0,588.15,176.75333333333333,216.39152956230072,16:00:00
1527,0.6,258627,589.12,7953.0,2014-03-08,6045.74,9346.45,8107.075,1091.8460226353714,17.7,27.6,22.375,3.329270573743066,27.4,18.0,0.0,871.03,240.67375,317.32185056711813,14:00:00
1528,0.0,258627,0.0,8146.35,2014-03-09,5819.01,7953.0,7245.900416666666,702.4730822311964,18.0,27.4,22.333333333333332,2.9352830399848475,26.7,18.1,0.0,830.42,257.40208333333334,318.452230333025,09:30:00
1529,0.0,258627,0.0,9649.68,2014-03-10,5726.25,8146.35,7156.192916666667,813.0096354613609,18.1,26.7,22.445833333333336,2.8781612284126106,27.6,18.6,0.0,860.5,254.89,315.98194223418074,17:30:00
1530,0.0,258627,0.0,9653.68,2014-03-11,5940.74,9649.68,8222.113333333333,1260.081938638225,18.6,27.6,22.96875,2.787522063647059,27.1,16.7,0.0,858.78,268.74791666666664,332.46062025934276,16:00:00
1531,0.0,258627,0.0,9459.83,2014-03-12,6124.25,9653.68,8288.509583333334,1173.4534398743795,16.7,27.1,22.03125,3.3916139539702868,28.4,16.2,0.0,872.35,270.795,334.3437366677237,15:30:00
1532,6.4,258627,0.0,9118.17,2014-03-13,6049.92,9459.83,8203.077083333334,1131.46776994358,16.2,28.4,22.287499999999998,4.11451116509113,23.9,18.1,0.0,791.22,213.50250000000003,276.21519923090807,16:00:00
1533,0.0,258627,0.0,9331.15,2014-03-14,6111.77,9118.17,8126.672500000001,1028.6785378452319,18.1,23.9,20.55,2.0667581768804304,27.0,16.0,0.0,703.4,200.07458333333332,259.5338153670377,16:00:00
1534,0.0,258627,0.0,8081.18,2014-03-15,6092.04,9331.15,8145.411458333333,1061.8006714368685,16.0,27.0,21.772916666666664,3.6988059938501556,28.5,17.4,0.0,856.45,254.82791666666665,321.34954673872556,16:00:00
1535,10.4,258627,0.0,7818.77,2014-03-16,5905.45,8081.18,7284.577291666667,692.994297384475,17.4,28.5,21.75,3.292092395487332,27.7,15.3,0.0,619.42,198.23166666666668,240.87114960725492,16:00:00
1536,1.4,258627,0.0,8741.49,2014-03-17,5584.78,7818.77,6914.399166666666,737.3422705787794,15.3,27.7,21.147916666666667,3.478260116741746,27.0,10.6,0.0,742.55,155.10916666666665,219.70189718801745,19:00:00
1537,0.0,258627,0.0,9302.47,2014-03-18,5692.56,8741.49,7689.824583333334,1021.9859716548933,10.6,27.0,18.902083333333334,5.128497336362574,29.7,13.0,0.0,906.78,280.7325,349.33057520397546,17:00:00
1538,0.0,258627,0.0,9478.3,2014-03-19,6041.19,9302.47,8100.022708333334,1043.9118768337858,13.0,29.7,20.95,5.866166967758164,26.2,15.1,0.0,864.53,261.13666666666666,330.95872804711973,16:00:00
1539,0.0,258627,0.0,9494.72,2014-03-20,6109.77,9478.3,8253.318541666666,1108.2404460281716,15.1,26.2,21.910416666666666,3.302818885233109,27.0,17.5,0.0,741.45,222.52333333333334,284.876809553939,14:00:00
1540,0.0,258627,263.67,9192.19,2014-03-21,6120.5,9494.72,8317.434583333334,1131.3062153686496,17.5,27.0,22.8875,2.7101562332291187,26.8,18.5,0.0,759.08,228.06125,292.36246817493594,16:00:00
1541,0.0,258627,0.0,8187.03,2014-03-22,6264.63,9192.19,8169.641875,1000.5204000592435,18.5,26.8,21.977083333333336,2.317026669818991,28.8,15.9,0.0,555.97,139.23541666666668,185.30266523853228,10:00:00
1542,0.0,258627,0.0,8401.23,2014-03-23,5903.43,8187.03,7373.731666666667,754.0390970966655,15.9,28.8,22.008333333333336,4.096746676734278,28.1,19.9,0.0,834.38,232.89083333333335,307.8179982854151,15:30:00
1543,0.0,258627,50.725,9017.14,2014-03-24,5757.48,8401.23,7214.926458333332,836.1515019331496,19.9,28.1,23.15416666666667,2.7098683593161277,21.3,16.5,0.0,815.95,211.93041666666667,294.20288498020165,19:00:00
1544,65.0,258627,0.0,8829.54,2014-03-25,5829.11,9017.14,7885.119374999999,1094.6107668907787,16.5,21.3,19.035416666666666,1.6167329261847574,25.7,15.6,0.0,344.12,67.28750000000001,96.84268032182347,11:30:00
1545,0.0,258627,0.0,9188.0,2014-03-26,5797.85,8829.54,7869.939375000001,1036.303012473333,15.6,25.7,20.695833333333333,3.2711477804309665,24.6,19.0,0.0,541.78,136.94458333333333,179.7506075621766,16:00:00
1546,8.4,258627,101.14,9247.8,2014-03-27,6046.22,9188.0,8151.670208333333,1090.9396619418637,19.0,24.6,21.541666666666668,1.7570324756723688,21.0,18.4,0.0,395.45,104.57,140.78793257795382,13:00:00
1547,4.0,258627,133.32,9073.15,2014-03-28,6131.81,9247.8,8150.894375,1038.3280164066273,18.4,21.0,19.795833333333334,0.7437565185363068,24.1,16.9,0.0,154.9,41.283750000000005,55.314578870658494,09:30:00
1548,2.8,258627,392.59,8070.02,2014-03-29,6050.09,9073.15,8062.933541666666,989.6059468561951,16.9,24.1,20.175,2.407921324790943,24.6,19.0,0.0,468.6,104.44749999999999,155.02878031019947,10:00:00
1549,0.0,258627,0.0,8258.93,2014-03-30,5888.85,8070.02,7293.646458333334,695.2983941047443,19.0,24.6,21.245833333333334,1.7441645361255362,25.4,18.0,0.0,659.9,174.02333333333334,231.94048390658907,09:30:00
1550,3.4,258627,0.0,9116.18,2014-03-31,5710.86,8258.93,7116.1375,789.3590927374149,18.0,25.4,21.43541666666667,2.339711710131148,24.5,16.0,0.0,682.08,203.99791666666667,266.6118710183547,18:30:00
1551,0.0,261403,0.0,9139.24,2014-04-01,5900.12,9116.18,8005.77875,1122.9265183394207,16.0,24.5,19.933333333333334,2.8460000548237407,27.3,15.1,0.0,643.65,188.54791666666665,245.48707524766442,16:00:00
1552,0.0,261403,0.0,9331.91,2014-04-02,5982.12,9139.24,8058.872291666667,1057.1357882509799,15.1,27.3,20.454166666666666,4.006853614311962,27.0,15.6,0.0,656.72,194.01250000000002,253.72789463299782,14:00:00
1553,0.0,261403,0.0,9563.73,2014-04-03,5973.86,9331.91,8114.467916666667,1082.4249866416633,15.6,27.0,20.922916666666666,3.7524595952767275,27.9,16.4,0.0,764.35,217.16375000000002,285.9712609695805,16:00:00
1554,0.6,261403,99.6,9026.3,2014-04-04,6004.44,9563.73,8249.797291666668,1189.1608459244455,16.4,27.9,22.164583333333336,3.71560765531386,22.0,18.6,0.0,772.22,206.80541666666667,278.056811281117,16:00:00
1555,7.2,261403,344.55,7996.13,2014-04-05,5988.18,9026.3,7910.310625000001,999.8816963200057,18.6,22.0,19.925,1.0148891565092226,24.3,16.7,0.0,279.9,73.43583333333333,99.50951255358696,10:00:00
1556,0.0,261403,0.0,8203.03,2014-04-06,5834.36,7996.13,7158.854583333334,676.5887765874319,16.7,24.3,20.241666666666667,2.2387148035493962,21.6,16.9,0.0,614.95,154.59375,208.47831128711601,09:30:00
1557,5.6,261403,0.0,9074.65,2014-04-07,5583.04,8203.03,6926.974999999999,775.6165275690669,16.9,21.6,18.627083333333335,1.3117698914927678,20.9,14.7,0.0,361.3,96.07208333333334,124.0419357658776,18:30:00
1558,0.6,261403,0.0,9100.55,2014-04-08,5693.88,9074.65,7662.973958333333,1050.5590272655338,14.7,20.9,17.652083333333334,1.9985089743524727,22.9,14.5,0.0,566.28,149.83875,201.5487644902672,18:30:00
1559,0.0,261403,0.0,9265.07,2014-04-09,5889.42,9100.55,7808.159166666667,950.5653124679943,14.5,22.9,18.666666666666668,2.74608683544447,23.5,13.2,0.0,555.65,157.98291666666668,210.6536608830706,18:30:00
1560,0.0,261403,0.0,9391.29,2014-04-10,5973.66,9265.07,7942.89875,994.1573179152099,13.2,23.5,18.433333333333334,3.6261070698849345,20.4,15.5,0.0,575.3,166.54625000000001,218.9336147112451,18:30:00
1561,6.6,261403,0.0,9126.25,2014-04-11,5976.76,9391.29,8042.682916666668,1027.7938753341018,15.5,20.4,18.445833333333333,1.687621810681092,26.4,18.2,0.0,310.48,80.10791666666667,107.1385180245814,18:30:00
1562,12.0,261403,0.0,8220.59,2014-04-12,5965.21,9126.25,8009.480833333334,1032.01704759306,18.2,26.4,21.339583333333334,2.8420654448671296,21.4,16.9,0.0,613.25,156.20208333333332,216.20627985996737,18:30:00
1563,0.4,261403,0.0,8251.32,2014-04-13,5885.58,8220.59,7167.585625,643.48891781661,16.9,21.4,18.745833333333334,1.2093533234720564,20.4,15.1,0.0,527.22,122.12958333333334,163.41951010126544,18:30:00
1564,0.0,261403,0.0,9199.8,2014-04-14,5611.3,8251.32,6922.769791666667,722.2898914415725,15.1,20.4,17.677083333333332,1.6518512610560563,19.6,11.7,0.0,363.73,110.58791666666667,144.60371336508487,18:30:00
1565,0.0,261403,0.0,9071.96,2014-04-15,5741.62,9199.8,7681.133125,1023.7164584361268,11.7,19.6,16.275000000000002,2.353313643861136,21.2,12.4,0.0,464.42,112.41000000000001,154.1691324660003,18:30:00
1566,1.6,261403,0.0,9018.59,2014-04-16,5962.48,9071.96,7798.430416666666,881.2135823915296,12.4,21.2,16.720833333333335,2.633011247023141,21.2,13.9,0.0,427.77,111.03291666666667,153.2228233333671,18:30:00
1567,0.6,261403,0.0,8766.31,2014-04-17,5996.0,9018.59,7733.029583333333,836.5652567034015,13.9,21.2,17.416666666666668,2.5876411120599196,22.0,11.6,0.0,600.55,150.97083333333333,208.63051022090573,18:30:00
1568,0.0,261403,0.0,7802.17,2014-04-18,5932.3,8766.31,7592.40625,769.3303494643349,11.6,22.0,16.997916666666665,3.4730261244328275,25.2,11.5,0.0,562.35,152.42458333333335,204.2689424608597,18:30:00
1569,0.0,261403,0.0,7939.75,2014-04-19,5651.11,7802.17,6650.634375000001,514.8116382568559,11.5,25.2,17.722916666666666,4.562671836849559,19.8,11.3,0.0,718.08,201.295,270.52037410390955,18:30:00
1570,0.0,261403,0.0,7601.37,2014-04-20,5546.02,7939.75,6725.106875,609.0527527379597,11.3,19.8,15.914583333333333,2.8351133853518835,22.7,9.7,0.0,654.72,182.98291666666668,243.4710623873717,18:30:00
1571,0.0,261403,0.0,8224.06,2014-04-21,5507.79,7601.37,6503.003333333333,549.3337047049109,9.7,22.7,16.383333333333333,4.230101519496693,23.6,10.3,0.0,656.38,186.75041666666667,252.10010192009156,18:30:00
1572,0.0,261403,0.0,8899.68,2014-04-22,5510.84,8224.06,6692.732708333333,692.3374548177885,10.3,23.6,16.145833333333332,3.855527026553214,24.1,9.1,0.0,705.25,195.73791666666668,266.42820802760616,18:30:00
1573,0.0,261403,0.0,8847.83,2014-04-23,5656.41,8899.68,7456.460416666666,884.2957201697067,9.1,24.1,15.416666666666666,4.899949341176836,24.9,8.5,0.0,583.95,160.89124999999999,221.2735806029999,18:30:00
1574,0.0,261403,0.0,8877.55,2014-04-24,5870.68,8847.83,7557.5858333333335,818.0641374086666,8.5,24.9,15.935416666666667,5.525395512302797,28.7,10.1,0.0,621.65,169.24208333333334,228.75702773493222,18:30:00
1575,0.0,261403,0.0,8093.5,2014-04-25,5769.2,8877.55,7537.04375,871.019639472808,10.1,28.7,18.837500000000002,6.360972259419654,21.2,12.8,0.0,619.92,169.25208333333333,232.5694761851051,18:30:00
1576,0.4,261403,0.0,8213.54,2014-04-26,5677.38,8093.5,6892.760208333333,634.0806083144168,12.8,21.2,18.335416666666667,2.3515942607890277,22.9,12.2,0.0,401.95,82.87791666666666,123.57489027820134,18:30:00
1577,0.0,261403,0.0,8556.37,2014-04-27,5571.71,8213.54,6957.6658333333335,700.1583314396801,12.2,22.9,16.345833333333335,3.575148164365096,18.6,14.0,0.0,267.7,64.38875,88.22522115814876,18:30:00
1578,0.0,261403,0.0,9331.71,2014-04-28,5631.95,8556.37,7029.791458333333,806.1117350933897,14.0,18.6,16.83125,0.9267091742380785,21.2,13.4,0.0,207.18,59.90833333333333,79.5434078492335,18:30:00
1579,0.0,261403,0.0,9347.03,2014-04-29,5703.31,9331.71,7738.502916666667,1074.1873484737655,13.4,21.2,17.114583333333332,2.1166000017423916,25.8,10.6,0.0,425.75,100.515,138.36812393110188,18:00:00
1580,3.2,261403,0.0,9249.56,2014-04-30,5999.96,9347.03,7840.767708333333,886.7403429012795,10.6,25.8,18.302083333333332,5.258569079023802,23.0,13.9,0.0,650.55,163.19208333333333,228.6312851254626,18:00:00
1581,0.0,264717,0.0,9349.65,2014-05-01,5849.26,9249.56,7840.945,958.7467452989222,13.9,23.0,19.004166666666666,2.5159878846013948,20.9,9.8,0.0,436.0,95.95125,143.69485308710054,18:30:00
1582,0.0,264717,0.0,9170.62,2014-05-02,6058.42,9349.65,7877.133541666666,859.0582065769408,9.8,20.9,14.460416666666667,3.5266607425307868,21.0,11.0,0.0,640.22,168.42208333333335,233.0413674875364,18:30:00
1583,2.8,264717,0.0,9262.79,2014-05-03,6026.01,9170.62,7885.552291666667,859.6441998434141,11.0,21.0,15.4625,3.458300222006747,14.6,10.7,0.0,601.42,143.525,202.38687721313627,18:00:00
1584,3.4,264717,0.0,9240.78,2014-05-04,5941.49,9262.79,7611.821666666667,870.8936465477076,10.7,14.6,12.829166666666666,1.0780120264069482,19.4,10.4,0.0,527.58,126.58375000000001,180.4348921046863,18:00:00
1585,0.0,264717,0.0,10022.32,2014-05-05,5762.59,9240.78,7309.6225,943.2850907661486,10.4,19.4,14.0,3.119669922528971,19.5,6.8,0.0,634.8,164.04166666666666,233.25702301879062,18:30:00
1586,0.0,264717,0.0,9851.82,2014-05-06,5959.68,10022.32,8149.858333333334,1148.2063238666542,6.8,19.5,13.28125,3.8389746109905167,21.6,9.0,0.0,636.03,173.33791666666664,240.96229317192714,18:00:00
1587,0.0,264717,0.0,9847.12,2014-05-07,6380.7,9851.82,8249.575208333334,910.6939850348631,9.0,21.6,14.13125,4.068517229508623,18.6,10.3,0.0,562.42,142.45708333333332,201.53598573348472,18:00:00
1588,0.0,264717,0.0,9901.55,2014-05-08,6261.44,9847.12,8194.237291666666,948.1569761692764,10.3,18.6,14.197916666666666,2.8756120224303725,19.0,8.6,0.0,533.83,132.05625,187.7997037206215,18:00:00
1589,0.6,264717,0.0,9577.3,2014-05-09,6270.91,9901.55,8258.745416666667,956.4443337406019,8.6,19.0,14.304166666666667,3.4271729142833105,20.1,10.4,0.0,401.33,106.26833333333333,148.81636075740468,18:00:00
1590,0.0,264717,0.0,8860.59,2014-05-10,6375.93,9577.3,8222.70875,850.9097162989855,10.4,20.1,14.375,3.2381699586110457,22.6,7.5,0.0,450.25,105.395,150.30235515064223,18:00:00
1591,0.2,264717,0.0,8530.42,2014-05-11,6134.6,8860.59,7567.264375,703.3043878747352,7.5,22.6,15.452083333333334,5.0110511736808485,21.6,13.3,0.0,564.25,142.01583333333335,201.64542198308789,18:00:00
1592,0.0,264717,0.0,9716.3,2014-05-12,5811.4,8530.42,7133.673125,748.9506848809492,13.3,21.6,17.029166666666665,2.417749818404947,20.4,9.9,0.0,510.98,133.16208333333333,188.2360506058684,18:30:00
1593,0.0,264717,0.0,9700.66,2014-05-13,5986.3,9716.3,7959.225416666667,1045.4380183118162,9.9,20.4,16.164583333333333,3.813218308102517,22.7,11.3,0.0,510.67,127.95416666666667,181.70982562905576,18:00:00
1594,0.2,264717,0.0,9701.89,2014-05-14,6285.43,9700.66,8164.919166666667,911.1247422591146,11.3,22.7,15.975,3.3231937983326527,22.4,9.5,0.0,546.47,138.87041666666667,197.24591898761685,18:00:00
1595,0.0,264717,0.0,9659.0,2014-05-15,6319.51,9701.89,8186.765833333334,883.4497245309201,9.5,22.4,15.018749999999999,4.424047258894977,23.3,7.6,0.0,577.6,149.4175,212.2879644417189,18:00:00
1596,0.0,264717,0.0,9392.25,2014-05-16,6319.71,9659.0,8174.253333333333,876.0807540849279,7.6,23.3,14.602083333333333,5.091272866107565,24.7,7.7,0.0,608.72,161.59208333333333,227.34519242546483,18:00:00
1597,0.0,264717,0.0,8680.0,2014-05-17,6328.82,9392.25,8088.592291666667,810.0220486629787,7.7,24.7,15.329166666666666,5.346383081742048,24.5,8.2,0.0,604.88,159.51500000000001,225.37849290905606,18:00:00
1598,0.0,264717,0.0,8824.61,2014-05-18,6074.3,8680.0,7358.124375,650.0717390130347,8.2,24.5,14.952083333333334,5.620100308915272,22.7,8.2,0.0,591.33,152.34041666666667,218.9940632097119,18:00:00
1599,0.0,264717,0.0,9628.32,2014-05-19,5856.15,8824.61,7259.148125,789.113000118478,8.2,22.7,14.197916666666666,4.7074178486106835,25.0,9.6,0.0,441.6,108.16791666666667,156.00515583007945,18:00:00
1600,0.0,264717,0.0,9635.56,2014-05-20,6026.02,9628.32,7982.707083333334,1005.9658535149799,9.6,25.0,15.762500000000001,5.3267140883215625,24.1,9.8,0.0,529.22,127.18,184.29401078630343,18:00:00
1601,0.0,264717,0.0,9571.67,2014-05-21,6227.19,9635.56,8099.584791666667,904.7211545071342,9.8,24.1,15.8375,4.632338915686894,21.8,10.1,0.0,431.02,108.10208333333333,157.31674833681728,18:00:00
1602,0.0,264717,0.0,9556.78,2014-05-22,6244.57,9571.67,8127.134166666667,886.7663323483387,10.1,21.8,15.704166666666666,3.9019884910641602,25.5,10.6,0.0,536.88,134.88958333333332,192.50594183930983,18:00:00
1603,0.0,264717,0.0,9132.05,2014-05-23,6206.53,9556.78,8052.396458333334,880.5634668790685,10.6,25.5,15.799999999999999,5.141280575639381,24.8,8.8,0.0,571.1,146.69791666666666,210.620433289298,18:00:00
1604,0.0,264717,0.0,8506.52,2014-05-24,6152.9,9132.05,7894.742708333334,816.0605911529698,8.8,24.8,15.737499999999999,5.491138896711568,23.7,9.9,0.0,530.47,133.98666666666665,194.37533306623536,18:00:00
1605,0.0,264717,0.0,8506.14,2014-05-25,5786.43,8506.52,7242.102708333333,697.4757260314857,9.9,23.7,16.220833333333335,4.704138437558604,25.5,11.4,0.0,543.03,127.95583333333333,188.77405448339368,18:00:00
1606,0.0,264717,0.0,9686.7,2014-05-26,5671.01,8506.14,7034.16375,740.5129334530017,11.4,25.5,16.952083333333334,4.1981246868720845,25.0,10.6,0.0,359.3,89.88916666666667,128.42985865433175,18:00:00
1607,0.0,264717,0.0,9449.41,2014-05-27,5919.8,9686.7,7914.8654166666665,1063.6552867132345,10.6,25.0,17.310416666666665,4.779265481860081,23.6,12.0,0.0,541.08,136.34583333333333,197.69397627295055,18:00:00
1608,0.0,264717,0.0,9479.88,2014-05-28,5999.45,9449.41,7886.597708333334,912.9023258611634,12.0,23.6,18.125,4.069946938856376,23.1,10.6,0.0,417.33,102.26041666666667,150.1176134853805,18:00:00
1609,0.0,264717,0.0,9539.05,2014-05-29,5871.7,9479.88,7885.911041666666,949.8128394835622,10.6,23.1,18.34375,3.565729685701002,20.3,9.9,0.0,540.95,138.16833333333332,200.0685975081179,18:00:00
1610,0.0,264717,0.0,9316.94,2014-05-30,6132.25,9539.05,8011.718541666666,897.8646852535672,9.9,20.3,15.445833333333333,3.440247290303375,19.6,11.7,0.0,430.12,107.11583333333334,156.9249154828218,18:00:00
1611,0.0,264717,0.0,8768.65,2014-05-31,6111.26,9316.94,7938.232916666667,862.1756377364218,11.7,19.6,15.620833333333332,2.3554335855392994,20.8,13.2,0.0,459.9,89.65708333333333,135.56697639611352,18:00:00
1612,0.2,267767,0.0,9210.37,2014-06-01,5938.48,8768.65,7425.307083333333,735.38451978846,13.2,20.8,16.047916666666666,2.5545944911442184,19.2,12.2,0.0,374.0,98.07166666666666,141.25586257964858,18:00:00
1613,4.0,267767,0.0,9791.11,2014-06-02,5662.7,9210.37,7379.649375,1005.240406739678,12.2,19.2,14.758333333333333,1.9058513854826407,20.8,10.0,0.0,286.8,66.98458333333333,102.95966285051043,18:00:00
1614,0.0,267767,0.0,9943.32,2014-06-03,5974.44,9791.11,8087.207291666667,1120.2843208619431,10.0,20.8,14.18125,3.217879323471521,19.0,6.0,0.0,511.75,116.46916666666665,174.7616988636707,18:00:00
1615,0.0,267767,0.0,10006.57,2014-06-04,6072.9,9943.32,8150.651875,1006.181473011991,6.0,19.0,12.677083333333334,4.40600362094738,20.4,7.0,0.0,534.83,134.97041666666667,195.88707424484565,18:00:00
1616,8.6,267767,0.0,9987.09,2014-06-05,6396.07,10006.57,8353.788125000001,958.8846916959042,7.0,20.4,14.2875,4.190547874605621,18.8,14.2,0.0,485.3,113.59041666666667,168.76036463625906,18:00:00
1617,2.0,267767,0.0,9873.11,2014-06-06,6393.44,9987.09,8405.017916666666,970.3892732935709,14.2,18.8,15.479166666666666,1.108373992748576,16.3,11.9,0.0,209.05,48.52166666666667,72.18102670585988,18:00:00
1618,0.0,267767,0.0,9115.08,2014-06-07,6222.06,9873.11,8294.5075,981.2588459262467,11.9,16.3,14.558333333333332,1.1523949775997646,18.3,8.2,0.0,176.07,43.662083333333335,62.90239021296048,18:00:00
1619,0.0,267767,0.0,9234.09,2014-06-08,6147.76,9115.08,7658.84,778.6922454332473,8.2,18.3,12.585416666666667,3.216644847976565,17.0,8.0,0.0,419.55,96.69291666666668,142.9684264869804,18:00:00
1620,0.0,267767,0.0,9889.58,2014-06-09,5940.75,9234.09,7514.235833333333,895.1438966287106,8.0,17.0,12.002083333333333,2.898825116618385,17.9,5.8,0.0,413.48,85.00458333333333,130.21517265759866,18:00:00
1621,7.2,267767,0.0,10563.78,2014-06-10,5949.08,9889.58,7664.317291666666,1039.803351199085,5.8,17.9,11.918750000000001,3.808370190860954,17.6,9.9,0.0,435.27,95.04666666666667,142.3309924322092,18:00:00
1622,0.4,267767,0.0,10327.05,2014-06-11,6089.63,10563.78,8469.612916666667,1221.097960846222,9.9,17.6,13.227083333333333,2.510466565379138,18.0,6.9,0.0,389.9,89.68875000000001,133.73178770218124,18:00:00
1623,0.0,267767,0.0,10176.26,2014-06-12,6372.53,10327.05,8498.935416666667,1063.9716094995667,6.9,18.0,12.341666666666667,3.635512392305922,19.8,8.7,0.0,416.6,98.55624999999999,145.90721869583146,18:00:00
1624,0.0,267767,0.0,10117.23,2014-06-13,6407.14,10176.26,8448.222708333333,1015.5540925424614,8.7,19.8,12.602083333333333,3.7119983482739665,20.2,7.3,0.0,441.88,107.35333333333334,157.99244963892355,18:30:00
1625,3.2,267767,0.0,9265.63,2014-06-14,6344.3,10117.23,8467.809583333334,1031.7504876560738,7.3,20.2,12.864583333333334,3.9619192417329994,19.4,10.2,0.0,304.02,75.75708333333334,110.88449031961014,18:00:00
1626,0.4,267767,0.0,9906.52,2014-06-15,6188.18,9265.63,7830.244583333333,852.3533913691822,10.2,19.4,14.227083333333333,2.5311455301968437,17.3,7.5,0.0,341.85,70.12791666666668,111.53656392580812,18:00:00
1627,0.0,267767,0.0,10702.96,2014-06-16,5931.0,9906.52,7875.428333333333,1138.7357441597026,7.5,17.3,12.55625,2.9709162029761758,19.0,4.6,0.0,314.27,65.89916666666666,100.13644215350932,18:30:00
1628,0.0,267767,0.0,10458.78,2014-06-17,6216.88,10702.96,8514.242916666666,1293.9003766049943,4.6,19.0,11.237499999999999,4.710722264718983,18.7,5.3,0.0,520.97,132.06625,192.82791805764745,18:30:00
1629,0.0,267767,0.0,10371.94,2014-06-18,6437.5,10458.78,8536.41625,1065.3299217446029,5.3,18.7,13.689583333333333,3.991706273215905,17.9,7.3,0.0,507.08,118.13166666666666,177.22820804230497,18:00:00
1630,0.0,267767,0.0,10255.66,2014-06-19,6448.36,10371.94,8568.581041666666,1059.01544948094,7.3,17.9,12.770833333333334,3.2309644389367325,19.6,7.0,0.0,469.58,118.14999999999999,173.2795212697951,18:30:00
1631,0.0,267767,0.0,9875.13,2014-06-20,6600.57,10255.66,8582.958541666667,984.2146346717693,7.0,19.6,12.741666666666667,4.138240623863347,20.8,8.2,0.0,510.95,126.52791666666667,185.5509495719619,18:30:00
1632,0.6,267767,0.0,9298.63,2014-06-21,6308.54,9875.13,8348.9075,955.9282264152719,8.2,20.8,13.066666666666668,4.285022571669408,19.8,7.3,0.0,343.77,88.425,129.21728445990297,18:00:00
1633,0.0,267767,0.0,9672.95,2014-06-22,6233.64,9298.63,7819.579583333333,822.8044029892804,7.3,19.8,11.760416666666666,4.280621330091135,19.3,6.8,0.0,513.35,128.11666666666667,187.24261171213178,18:30:00
1634,0.0,267767,0.0,11079.9,2014-06-23,6079.13,9672.95,7703.658125000001,992.5921317860843,6.8,19.3,11.416666666666666,3.8053340688941524,16.2,5.8,0.0,455.25,103.83666666666666,156.79320634074017,18:30:00
1635,0.0,267767,0.0,11108.77,2014-06-24,6147.36,11079.9,8723.710208333334,1406.794337710686,5.8,16.2,11.86875,3.999423163194647,16.1,10.9,0.0,289.3,58.83208333333334,90.09594233568241,18:00:00
1636,0.0,267767,0.0,10483.98,2014-06-25,6454.52,11108.77,8847.586041666667,1256.7347234641816,10.9,16.1,13.68125,1.4783049882544113,17.7,5.2,0.0,520.62,131.07874999999999,192.50519619817507,18:30:00
1637,0.0,267767,0.0,10211.71,2014-06-26,6436.7,10483.98,8556.189166666667,1074.7749005827661,5.2,17.7,12.71875,3.9590271881607166,20.7,4.6,0.0,518.7,130.13708333333332,190.64081959145983,18:30:00
1638,0.0,267767,0.0,10049.87,2014-06-27,6409.25,10211.71,8456.678750000001,1028.3665389543544,4.6,20.7,12.375,5.458840185443494,19.6,4.2,0.0,524.95,131.72958333333335,192.31799707452979,18:30:00
1639,0.0,267767,0.0,9649.97,2014-06-28,6417.65,10049.87,8409.775625,984.902165215616,4.2,19.6,11.637500000000001,5.424515862307486,21.4,7.0,0.0,479.83,111.74041666666666,168.0511995843457,18:00:00
1640,0.0,267767,0.0,10079.5,2014-06-29,6215.49,9649.97,7950.449791666666,920.0670780830585,7.0,21.4,14.3125,3.6799991327473536,16.1,9.3,0.0,498.98,111.01416666666667,167.83509219359107,18:00:00
1641,0.0,267767,0.0,11265.85,2014-06-30,6071.77,10079.5,7900.505208333333,1112.9991717188134,9.3,16.1,12.28125,2.083231557797706,15.0,8.6,0.0,520.38,129.95791666666668,189.84092795115234,18:30:00
1642,0.0,271095,0.0,11050.83,2014-07-01,6313.88,11265.85,8824.2125,1412.0838726468626,8.6,15.0,11.339583333333332,2.0968811270534395,17.8,4.8,0.0,517.85,127.29958333333333,185.212690855886,18:30:00
1643,0.0,271095,0.0,10902.47,2014-07-02,6813.64,11050.83,9034.400208333334,1153.0881862374551,4.8,17.8,10.866666666666667,3.7326240460972677,18.3,4.9,0.0,519.7,126.94416666666666,186.64222750667247,18:30:00
1644,0.0,271095,0.0,10929.12,2014-07-03,6862.19,10902.47,9003.894791666668,1101.0952386388506,4.9,18.3,10.314583333333333,4.626012923390498,18.9,3.2,0.0,509.73,128.36833333333334,188.1105573188881,18:30:00
1645,0.0,271095,0.0,10253.76,2014-07-04,6839.22,10929.12,8991.028124999999,1134.643054042943,3.2,18.9,8.94375,5.498506808912722,20.8,2.3,0.0,533.08,134.48083333333332,196.15256494201984,18:30:00
1646,0.0,271095,0.0,9866.52,2014-07-05,6804.35,10253.76,8733.78,975.1372049690725,2.3,20.8,9.914583333333333,6.350774440405501,17.4,2.4,0.0,542.92,139.9625,203.0813275748769,18:00:00
1647,0.0,271095,0.0,10127.61,2014-07-06,6493.0,9866.52,8139.815833333333,887.3022065210718,2.4,17.4,10.147916666666667,5.252800249485308,16.8,6.5,0.0,531.17,134.10458333333335,195.42903379714727,18:30:00
1648,0.0,271095,0.0,10989.26,2014-07-07,6179.84,10127.61,7931.58875,1094.3962102585112,6.5,16.8,11.247916666666667,3.5625707657522976,18.1,4.4,0.0,533.05,136.1275,197.97280503387006,18:30:00
1649,0.0,271095,0.0,11068.34,2014-07-08,6409.48,10989.26,8752.284583333334,1307.2661187557158,4.4,18.1,11.19375,4.297817667389772,18.2,4.0,0.0,527.15,131.72625,193.36382032351963,18:30:00
1650,0.0,271095,0.0,10715.74,2014-07-09,6801.18,11068.34,9012.760208333333,1168.8922064938597,4.0,18.2,10.116666666666667,4.119767259142627,20.4,0.2,0.0,543.12,140.205,202.9079181576309,18:30:00
1651,0.2,271095,0.0,11066.85,2014-07-10,6732.15,10715.74,8912.502708333333,1088.4276018510525,0.2,20.4,10.522916666666667,6.962062533208966,16.5,3.6,0.0,545.42,137.28041666666667,199.97628893444565,18:00:00
1652,0.0,271095,0.0,10437.06,2014-07-11,6611.87,11066.85,8889.775208333334,1205.6487109047723,3.6,16.5,11.168750000000001,3.6558409254698745,17.3,6.0,0.0,528.03,136.28916666666666,197.4197983516488,18:30:00
1653,0.0,271095,0.0,10031.22,2014-07-12,6624.86,10437.06,8692.516666666666,1044.856006832608,6.0,17.3,11.408333333333333,3.550417016761243,17.7,0.7,0.0,547.05,140.80833333333334,203.6481153130747,18:30:00
1654,0.0,271095,0.0,10627.93,2014-07-13,6545.63,10031.22,8292.273125,950.0996643693265,0.7,17.7,10.397916666666667,5.680294028325203,14.6,5.1,0.0,544.12,138.64833333333334,201.70658150564913,18:30:00
1655,0.0,271095,0.0,11282.96,2014-07-14,6442.35,10627.93,8259.477916666667,1167.933141947516,5.1,14.6,9.845833333333333,3.0840673843490634,16.7,2.8,0.0,437.73,105.35916666666667,154.9148173665654,18:30:00
1656,0.4,271095,0.0,11235.57,2014-07-15,6698.69,11282.96,9115.992708333333,1319.7943623667527,2.8,16.7,10.46875,4.4038260082158445,14.9,8.8,0.0,501.2,113.83083333333333,172.41227027326138,18:00:00
1657,2.0,271095,0.0,10778.58,2014-07-16,6768.89,11235.57,9184.343125000001,1239.920643732434,8.8,14.9,11.9,1.9218785136622438,17.8,6.0,0.0,267.88,56.47625,85.95283230576511,18:00:00
1658,0.6,271095,0.0,10874.11,2014-07-17,6586.45,10778.58,8874.293958333334,1136.1781089823928,6.0,17.8,12.135416666666666,3.0711761960119373,18.9,3.5,0.0,436.35,85.24000000000001,136.5146499425471,18:30:00
1659,0.0,271095,0.0,11246.99,2014-07-18,6526.6,10874.11,8812.7575,1183.6196814702903,3.5,18.9,9.9125,5.784779184443081,15.0,4.3,0.0,554.55,137.40041666666667,199.4753207761774,18:30:00
1660,0.0,271095,0.0,10449.17,2014-07-19,6762.79,11246.99,9167.185625,1244.1812775115357,4.3,15.0,9.854166666666666,3.35482874175789,14.8,7.7,0.0,550.72,135.19125,198.77069469537219,18:00:00
1661,0.0,271095,0.0,10445.28,2014-07-20,6783.12,10449.17,8688.8075,966.3600296649496,7.7,14.8,11.220833333333333,2.4049557286440013,15.2,6.3,0.0,326.67,79.47,113.36003211384099,18:30:00
1662,0.0,271095,0.0,11125.12,2014-07-21,6518.89,10445.28,8358.737708333332,1102.3083559980603,6.3,15.2,11.435416666666667,2.6161112592103906,16.4,7.0,0.0,315.23,75.07291666666667,108.58256026379063,18:30:00
1663,0.0,271095,0.0,10913.8,2014-07-22,6653.96,11125.12,9037.3675,1296.5982997903202,7.0,16.4,10.7875,3.3223053390616344,17.6,5.8,0.0,400.38,94.72916666666667,138.07783889135794,18:30:00
1664,0.0,271095,0.0,10870.97,2014-07-23,6922.5,10913.8,9036.375833333334,1087.0676562648546,5.8,17.6,10.9125,3.6886614651192,18.0,4.7,0.0,516.92,128.20125,186.07979477043847,18:30:00
1665,0.0,271095,0.0,10881.26,2014-07-24,6927.54,10870.97,9000.739791666667,1075.4626759193914,4.7,18.0,10.63125,4.396137388227329,18.6,4.7,0.0,487.58,124.14166666666667,178.9897680194982,18:30:00
1666,0.2,271095,0.0,10260.63,2014-07-25,6837.96,10881.26,9098.559791666667,1108.1885055225473,4.7,18.6,10.583333333333334,4.446003863539699,19.4,5.4,0.0,314.33,86.30083333333334,122.52286191066605,18:30:00
1667,4.6,271095,0.0,9603.47,2014-07-26,6753.32,10260.63,8835.949375,1008.0639061078786,5.4,19.4,12.69375,5.145185985927743,18.3,7.2,0.0,197.18,46.58416666666667,66.15217900862112,18:00:00
1668,1.0,271095,0.0,9669.33,2014-07-27,6405.77,9603.47,8147.873541666667,897.2752036463942,7.2,18.3,12.283333333333333,2.991998786361494,19.2,4.7,0.0,402.85,70.69541666666667,120.55148937382828,18:30:00
1669,0.0,271095,0.0,10586.7,2014-07-28,6247.81,9669.33,7738.558333333333,960.0063313739212,4.7,19.2,10.6625,4.912624856298656,17.8,5.8,0.0,583.85,153.57208333333332,218.1163370719741,19:00:00
1670,0.0,271095,0.0,9935.86,2014-07-29,6237.14,10586.7,8562.394166666667,1227.9126397521609,5.8,17.8,11.30625,4.191755141967713,22.7,12.2,0.0,588.7,135.2875,199.22808719837525,18:30:00
1671,0.0,271095,0.0,9521.6,2014-07-30,6352.23,9935.86,8349.102916666667,970.1924946330889,12.2,22.7,16.48125,3.410288329358927,23.1,8.3,0.0,490.2,114.77041666666666,169.17148234926663,18:30:00
1672,0.0,271095,0.0,9344.26,2014-07-31,6246.29,9521.6,8107.609791666667,865.7988104548664,8.3,23.1,16.92083333333333,4.080360764887242,24.5,7.1,0.0,589.4,155.79875,219.3545421969803,18:30:00
1673,0.0,274293,0.0,10020.93,2014-08-01,6157.55,9344.26,7967.879375,851.2006463423546,7.1,24.5,17.631249999999998,5.516364677513549,18.4,7.0,0.0,610.03,164.19958333333332,230.29179073429844,18:30:00
1674,0.0,274293,0.0,10100.38,2014-08-02,6083.44,10020.93,8239.518958333332,1075.5469899548875,7.0,18.4,14.770833333333334,3.285102306340023,14.3,4.4,0.0,473.17,124.35374999999999,168.44316344759753,19:00:00
1675,0.0,274293,0.0,10443.39,2014-08-03,6560.14,10100.38,8227.070833333333,958.7828953480844,4.4,14.3,9.920833333333333,3.0102631773921558,15.4,2.1,0.0,597.45,145.18708333333333,204.6942618566938,18:30:00
1676,0.0,274293,0.0,10885.23,2014-08-04,6494.49,10443.39,8209.133333333333,1075.8551984516603,2.1,15.4,8.127083333333333,4.689859571609627,17.7,2.4,0.0,542.22,139.69708333333332,199.30597312213982,18:30:00
1677,0.0,274293,0.0,10683.85,2014-08-05,6610.76,10885.23,8830.11375,1220.467622999435,2.4,17.7,9.856250000000001,5.357194655271365,18.3,3.6,0.0,595.22,162.08791666666667,226.00088146324367,18:30:00
1678,0.0,274293,0.0,10463.99,2014-08-06,6847.82,10683.85,8855.405833333332,1062.909379425937,3.6,18.3,9.46875,4.7621359524678875,20.7,1.8,0.0,625.17,168.195,235.48520923873917,18:30:00
1679,0.0,274293,0.0,10724.37,2014-08-07,6956.95,10463.99,8850.754583333333,991.5848065617373,1.8,20.7,10.44375,6.341384044177159,17.7,5.2,0.0,634.65,171.55958333333334,238.6662466371507,19:00:00
1680,0.0,274293,0.0,10297.68,2014-08-08,6834.23,10724.37,8886.928125,1077.644739994046,5.2,17.7,11.261458333333332,3.791034209975645,16.5,6.3,0.0,460.12,126.53500000000001,173.98578545509264,19:00:00
1681,0.2,274293,0.0,9318.92,2014-08-09,6866.12,10297.68,8837.661666666667,974.9069691488698,6.3,16.5,10.75625,3.2660019315703535,21.6,5.1,0.0,412.35,113.55250000000001,154.14063319965797,18:30:00
1682,0.2,274293,0.0,9560.34,2014-08-10,6598.12,9318.92,7963.312708333334,769.2758498681615,5.1,21.6,11.277083333333332,5.20033712423279,21.7,5.3,0.0,638.55,163.93875,229.99187204070336,18:30:00
1683,0.0,274293,0.0,11576.82,2014-08-11,6163.56,9560.34,7723.048750000001,945.3696445005443,5.3,21.7,12.929166666666667,5.6832698983585725,12.8,4.4,0.0,419.92,109.25041666666668,154.49791348805692,19:00:00
1684,1.0,274293,0.0,11421.16,2014-08-12,6357.93,11576.82,8988.705833333333,1456.0609796834538,4.4,12.8,9.541666666666666,2.351444402945101,14.1,5.8,0.0,355.4,100.71458333333334,135.5406518309502,18:30:00
1685,5.8,274293,0.0,10998.63,2014-08-13,6892.3,11421.16,9244.068958333333,1224.8634590256734,5.8,14.1,9.75625,2.6009741423862143,14.8,5.3,0.0,485.08,120.64541666666666,170.55839456075404,18:30:00
1686,0.0,274293,0.0,10740.72,2014-08-14,6810.26,10998.63,8974.187083333332,1133.5122202326922,5.3,14.8,9.772916666666667,3.4271593338055917,16.8,5.1,0.0,539.55,150.28166666666667,206.7602025071076,19:00:00
1687,0.0,274293,0.0,10103.93,2014-08-15,6884.21,10740.72,8941.565208333333,1065.3793163739394,5.1,16.8,10.06875,4.230696147635401,17.6,4.5,0.0,502.25,131.89583333333334,180.37045153974773,19:00:00
1688,0.0,274293,0.0,9845.86,2014-08-16,6803.66,10103.93,8670.440208333333,925.0380238751536,4.5,17.6,10.700000000000001,4.352255468096337,16.2,4.9,0.0,554.55,162.26666666666668,219.04805352118157,18:30:00
1689,22.2,274293,0.0,9766.93,2014-08-17,6434.95,9845.86,8237.002916666666,902.9486763175706,4.9,16.2,11.029166666666667,4.2220272600253494,16.2,11.1,0.0,391.9,91.00541666666668,126.86871760290504,18:30:00
1690,57.8,274293,0.0,11196.49,2014-08-18,6060.83,9766.93,7873.342291666667,1053.9332830235737,11.1,16.2,13.566666666666668,1.220103471952073,14.3,11.0,0.0,531.5,115.18,179.45820847585014,18:30:00
1691,47.0,274293,0.0,11041.98,2014-08-19,6214.38,11196.49,8890.335625,1469.1005675436418,11.0,14.3,12.69375,1.0661935176229858,17.2,12.2,0.0,279.08,65.24416666666666,88.75030902753112,18:30:00
1692,1.8,274293,0.0,10613.01,2014-08-20,6729.54,11041.98,8963.697708333333,1138.2847752523226,12.2,17.2,13.74375,1.0903652033129754,15.6,9.2,0.0,394.58,102.25666666666666,141.90774485684216,18:30:00
1693,0.0,274293,0.0,10543.45,2014-08-21,6783.9,10613.01,8807.633541666666,1014.4603651318075,9.2,15.6,12.270833333333334,2.076920626981239,16.2,8.4,0.0,366.77,104.76833333333333,141.55180178525626,18:30:00
1694,0.2,274293,0.0,9743.71,2014-08-22,6714.65,10543.45,8750.128958333333,1022.1925418104631,8.4,16.2,12.387500000000001,2.666787452938263,17.2,8.9,0.0,507.15,131.80875,183.55645515260827,18:30:00
1695,0.0,274293,0.0,9420.01,2014-08-23,6567.94,9743.71,8445.13625,862.0965189154074,8.9,17.2,13.049999999999999,2.7631311255568884,16.9,7.1,0.0,580.0,153.44291666666666,212.79744944988383,18:30:00
1696,0.6,274293,0.0,9194.98,2014-08-24,6327.98,9420.01,7927.206666666666,788.9830711916136,7.1,16.9,12.197916666666666,2.8145888618043142,19.7,8.4,0.0,436.23,108.14083333333333,150.90549358446708,18:30:00
1697,0.0,274293,0.0,10123.1,2014-08-25,6070.57,9194.98,7465.306041666667,825.2335795571338,8.4,19.7,13.245833333333332,3.663097069672597,19.8,7.0,0.0,562.45,152.98083333333332,208.10445911499852,19:00:00
1698,2.4,274293,0.0,10611.36,2014-08-26,6206.38,10123.1,8228.296666666667,1061.4048788066746,7.0,19.8,12.977083333333333,3.9613150397275443,14.9,10.4,0.0,593.92,171.81291666666667,233.20966618691898,18:30:00
1699,26.4,274293,0.0,10397.76,2014-08-27,6428.04,10611.36,8660.298125,1128.5855514487876,10.4,14.9,13.147916666666667,1.4748948153383883,16.4,10.9,0.0,304.92,77.73958333333333,108.08676486101602,18:30:00
1700,12.8,274293,0.0,10223.29,2014-08-28,6505.27,10397.76,8539.495833333332,1006.5384432751595,10.9,16.4,14.15,1.430518430053736,17.3,9.4,0.0,539.85,135.09541666666667,188.78232052668415,18:30:00
1701,0.8,274293,0.0,10002.85,2014-08-29,6613.29,10223.29,8551.105,957.5739124519376,9.4,17.3,13.5,2.458506725463434,17.1,8.2,0.0,613.38,167.28166666666667,225.10782602002303,19:00:00
1702,0.0,274293,0.0,9365.13,2014-08-30,6631.86,10002.85,8497.584583333333,886.897486131405,8.2,17.1,12.5625,2.9257932185044813,16.6,12.2,0.0,506.65,140.06125,184.9593802401754,18:30:00
1703,0.0,274293,0.0,8872.39,2014-08-31,6269.58,9365.13,7875.594791666666,778.5806210321224,12.2,16.6,14.141666666666666,1.1933919712999235,19.5,10.3,0.0,415.3,119.34125,158.76478456033428,18:30:00
1704,0.0,278180,0.0,9461.96,2014-09-01,6030.35,8872.39,7274.749583333333,745.9079981257123,10.3,19.5,14.195833333333333,3.107982744094415,23.5,8.2,0.0,661.47,192.03208333333336,252.92584645532347,19:00:00
1705,0.0,278180,0.0,10376.23,2014-09-02,6135.16,9461.96,7924.832708333334,907.3107125649196,8.2,23.5,15.147916666666667,4.929329917921533,16.7,8.6,0.0,713.9,202.4595833333333,272.98790359537395,18:30:00
1706,1.6,278180,0.0,10513.66,2014-09-03,6037.23,10376.23,8349.950416666667,1144.9618008362952,8.6,16.7,13.641666666666666,2.1879586651871143,15.5,9.1,0.0,309.73,84.57791666666667,111.983112874092,18:30:00
1707,0.0,278180,0.0,10468.05,2014-09-04,6416.75,10513.66,8560.099375,1054.9233788701597,9.1,15.5,12.204166666666666,2.1674534850669986,16.1,8.7,0.0,519.38,141.05958333333334,187.60685907263434,19:00:00
1708,0.6,278180,0.0,10037.55,2014-09-05,6624.03,10468.05,8607.820833333333,990.2728559338042,8.7,16.1,12.0875,2.475034923458743,16.4,8.7,0.0,554.12,161.16333333333333,209.6205424152945,19:00:00
1709,4.2,278180,0.0,9255.14,2014-09-06,6567.4,10037.55,8413.357291666667,881.8216544653445,8.7,16.4,12.1875,2.5458038065170285,16.9,9.1,0.0,591.72,161.80708333333334,215.41341498169984,18:30:00
1710,2.0,278180,0.0,9053.16,2014-09-07,6318.49,9255.14,7857.4608333333335,766.0091243521717,9.1,16.9,12.739583333333334,2.6159689294248714,17.1,10.2,0.0,584.2,148.01375,201.51861067241515,18:30:00
1711,0.2,278180,0.0,9633.98,2014-09-08,6103.73,9053.16,7458.595,788.0514300691568,10.2,17.1,13.470833333333333,2.1210152459986853,19.1,8.7,0.0,615.88,159.24916666666667,215.18875220332188,19:00:00
1712,0.0,278180,0.0,9171.66,2014-09-09,6084.74,9633.98,7963.957708333332,964.0620833902802,8.7,19.1,14.110416666666666,3.65910345857662,23.8,8.5,0.0,692.62,210.95416666666668,272.064405041858,19:00:00
1713,6.8,278180,0.0,9054.3,2014-09-10,6145.54,9171.66,7828.535,772.1500012689087,8.5,23.8,16.547916666666666,5.2297019801723374,22.5,11.9,0.0,769.83,216.62666666666667,285.48431906173386,18:30:00
1714,0.0,278180,0.0,9093.57,2014-09-11,5958.86,9054.3,7661.376041666666,804.1675997821085,11.9,22.5,17.466666666666665,3.125756645986548,24.8,7.2,0.0,777.8,210.54375000000002,285.93012521939465,19:00:00
1715,0.0,278180,0.0,9227.04,2014-09-12,6080.23,9093.57,7727.121666666667,763.0467142425244,7.2,24.8,16.572916666666668,5.790371302662295,16.1,13.6,0.0,814.22,238.03291666666667,311.81048764797737,18:30:00
1716,0.0,278180,0.0,8426.83,2014-09-13,6260.51,9227.04,7975.030624999999,797.4067609936127,13.6,16.1,14.93125,0.7041386015641837,17.7,12.3,0.0,432.85,132.08958333333334,172.3889038205794,18:30:00
1717,0.0,278180,0.0,8512.19,2014-09-14,5902.26,8426.83,7314.55875,659.8655872789557,12.3,17.7,14.858333333333334,1.5069813893347912,23.8,9.7,0.0,546.08,141.43833333333333,186.28056535812271,18:30:00
1718,0.0,278180,0.0,9249.36,2014-09-15,5826.56,8512.19,6980.080208333333,676.4237233955467,9.7,23.8,16.006249999999998,4.126685664606417,20.4,10.8,0.0,812.12,237.94708333333335,309.1742748784757,19:00:00
1719,0.0,278180,0.0,8898.36,2014-09-16,5922.13,9249.36,7713.943749999999,884.6601674296761,10.8,20.4,15.764583333333334,3.0280595277415046,22.0,13.0,0.0,760.2,227.72125000000003,294.2891065076017,18:30:00
1720,0.0,278180,0.0,8998.41,2014-09-17,5958.07,8898.36,7637.797083333334,771.8130293512912,13.0,22.0,17.359375,2.918004569032341,20.8,9.6,0.0,716.7,165.27833333333334,232.17984804368498,18:30:00
1721,0.0,278180,0.0,9360.05,2014-09-18,5693.03,8998.41,7504.212083333333,825.9097695963621,9.6,20.8,16.125,3.212972376065768,17.4,6.3,0.0,841.25,234.04583333333332,307.9314614925704,19:00:00
1722,0.0,278180,0.0,9068.96,2014-09-19,6040.02,9360.05,7793.521250000001,851.1330474354188,6.3,17.4,13.591666666666667,2.720906711619002,20.0,6.0,0.0,868.33,257.2416666666667,329.78595447255765,19:00:00
1723,0.0,278180,0.0,8441.67,2014-09-20,6304.13,9068.96,7914.625625,726.2754717074341,6.0,20.0,12.285416666666668,4.444790858987838,17.6,5.7,0.0,777.5,219.15875000000003,284.78995141156224,19:00:00
1724,0.0,278180,0.0,8463.02,2014-09-21,6121.58,8441.67,7306.5720833333335,605.4991115792219,5.7,17.6,12.227083333333333,4.149377783825883,18.6,10.3,0.0,753.95,240.29083333333335,299.6886019498447,19:00:00
1725,0.0,278180,0.0,9106.04,2014-09-22,5811.77,8463.02,6998.449791666667,685.5070210590347,10.3,18.6,14.214583333333335,2.872910125404635,20.1,9.0,0.0,721.65,191.33249999999998,249.31246529845131,19:00:00
1726,0.0,278180,0.0,9010.31,2014-09-23,5826.6,9106.04,7576.669375,891.7991296093205,9.0,20.1,14.477083333333333,3.753480063707876,21.4,7.3,0.0,806.88,243.8575,308.37919054583136,19:00:00
1727,0.0,278180,0.0,8947.56,2014-09-24,6145.26,9010.31,7741.378541666666,716.9816017966215,7.3,21.4,14.466666666666667,4.895996338013743,25.2,8.4,0.0,867.7,260.02125,331.0520957581315,19:00:00
1728,0.0,278180,0.0,9097.13,2014-09-25,6136.9,8947.56,7797.830625,741.2036250253132,8.4,25.2,16.897916666666667,5.5382418895305,23.2,14.7,0.0,843.42,255.39458333333334,321.60101498303857,18:30:00
1729,3.2,278180,0.0,8668.19,2014-09-26,5926.0,9097.13,7830.223958333333,892.6510070516816,14.7,23.2,17.462500000000002,1.9661632364431068,18.4,13.2,0.0,453.35,106.23291666666667,145.3808391880243,18:30:00
1730,0.0,278180,0.0,8021.02,2014-09-27,6079.06,8668.19,7615.860416666666,685.0506532412082,13.2,18.4,16.222916666666666,1.4575175022975,19.1,10.5,0.0,792.9,242.198125,305.770175922446,19:00:00
1731,0.0,278180,0.0,7887.85,2014-09-28,5874.55,8021.02,6988.255625000001,544.4611191280372,10.5,19.1,15.3375,2.7210468104538115,24.1,8.0,0.0,751.83,230.4070833333333,288.8710796576713,19:00:00
1732,0.0,278180,0.0,8842.28,2014-09-29,5592.46,7887.85,6591.101875,576.819163002624,8.0,24.1,16.283333333333335,5.319867752848883,31.3,10.2,0.0,886.85,270.9915625,338.8280105199866,19:00:00
1733,0.0,278180,0.0,8975.59,2014-09-30,5491.05,8842.28,7378.384791666666,1001.3143176186186,10.2,31.3,20.829166666666666,7.638339975979889,33.0,12.7,0.0,889.12,271.59552083333335,339.4615305394888,19:00:00
1734,0.0,282305,0.0,8710.65,2014-10-01,5814.48,8975.59,7610.270416666666,917.1734674994309,12.7,33.0,23.40625,7.407655793954123,24.3,11.3,0.0,527.95,166.27281250000001,204.13074363434032,19:00:00
1735,0.0,282305,0.0,8719.77,2014-10-02,5737.85,8710.65,7403.805208333334,773.333504073993,11.3,24.3,16.954166666666666,2.9105792604232024,24.9,8.1,0.0,933.53,289.3190625,359.8869464885131,19:00:00
1736,0.0,282305,0.0,8382.94,2014-10-03,5930.69,8719.77,7513.350208333333,702.8738354737442,8.1,24.9,15.470833333333333,5.0603573304715095,19.7,10.3,0.0,909.3,283.7111458333333,350.18955723132564,19:00:00
1737,0.0,282305,0.0,7858.37,2014-10-04,6029.41,8382.94,7489.78125,639.5168333972177,10.3,19.7,15.660416666666668,3.26299298604063,22.7,12.2,0.0,789.33,250.60385416666668,308.1383055411064,19:00:00
1738,0.0,282305,0.0,7794.43,2014-10-05,5793.62,7858.37,6869.675,530.5364975633715,12.2,22.7,17.85625,3.4953407437463953,32.7,11.3,0.0,788.45,224.37250000000003,287.82805360588674,19:00:00
1739,0.0,282305,0.0,8001.54,2014-10-06,5564.74,7794.43,6690.066875,618.2503784794854,11.3,32.7,21.058333333333334,7.546982864337902,25.2,16.9,0.0,912.8,286.98583333333335,352.3932368143326,18:30:00
1740,0.0,282305,0.0,8546.08,2014-10-07,5489.52,8001.54,6797.6795833333335,754.2596043463813,16.9,25.2,20.595833333333335,2.7359667732626356,26.1,17.2,0.0,890.6,266.6322916666667,333.46098895404685,18:30:00
1741,0.0,282305,0.0,8344.42,2014-10-08,5754.97,8546.08,7614.262083333334,899.356016702255,17.2,26.1,22.539583333333336,2.636385306109391,19.1,14.9,0.0,804.4,229.73416666666665,305.58149671818285,19:00:00
1742,0.0,282305,0.0,8475.11,2014-10-09,6024.82,8344.42,7558.406875,699.7469459197873,14.9,19.1,16.852083333333333,1.1089557256349074,21.5,12.1,0.0,482.75,143.4140625,184.06863729834134,19:00:00
1743,0.0,282305,742.78,8176.85,2014-10-10,6022.77,8475.11,7583.375625000001,701.4588200342602,12.1,21.5,17.147916666666667,2.8059958283383963,23.8,10.2,0.0,850.5,256.99062499999997,315.9529890556791,19:00:00
1744,0.0,282305,0.0,7752.19,2014-10-11,5973.54,8176.85,7544.153541666667,701.8673701511813,10.2,23.8,17.095833333333335,4.556125562563435,29.1,11.3,0.0,849.8,250.0140625,313.5107857737,07:00:00
1745,0.0,282305,0.0,7815.41,2014-10-12,5727.91,7752.19,6974.907916666667,570.8017888264565,11.3,29.1,19.427083333333332,5.87427640028543,28.5,10.8,0.0,932.15,292.16375,356.3184308140206,19:00:00
1746,0.0,282305,0.0,8653.24,2014-10-13,5514.73,7815.41,6754.495625,689.2609811591949,10.8,28.5,19.566666666666666,5.614393862182839,24.4,14.3,0.0,933.38,299.66520833333334,362.25702885117806,19:00:00
1747,9.8,282305,0.0,8786.44,2014-10-14,5595.83,8653.24,7551.610208333333,986.6190032944116,14.3,24.4,18.860416666666666,3.5684634981443555,18.2,10.4,0.0,447.6,141.7190625,162.45168976042473,17:30:00
1748,78.4,282305,0.0,8919.31,2014-10-15,5876.8,8786.44,7733.454791666667,861.5612073958055,10.4,18.2,14.352083333333333,1.943016910969139,16.3,9.7,0.0,332.6,102.12260416666668,120.06246077447753,18:30:00
1749,0.6,282305,921.8,8783.95,2014-10-16,6034.37,8919.31,7948.847083333333,878.3452177646535,9.7,16.3,13.110416666666666,1.7774281663473275,22.0,6.0,0.0,442.33,127.45447916666667,155.28086072908505,19:00:00
1750,0.0,282305,627.04,8421.5,2014-10-17,6217.71,8783.95,7701.75,663.9856346241488,6.0,22.0,14.00625,5.200712154589372,18.5,9.5,0.0,972.5,301.74343749999997,366.13514530397373,07:00:00
1751,0.0,282305,0.0,7530.75,2014-10-18,6046.87,8421.5,7554.633125,652.5790299874707,9.5,18.5,14.918750000000001,2.578029616223921,20.2,10.4,0.0,693.33,206.725,247.06488877181593,07:30:00
1752,0.0,282305,0.0,7747.09,2014-10-19,5781.53,7530.75,6841.014166666667,489.63573695290984,10.4,20.2,15.108333333333334,3.256210650651833,25.3,9.1,0.0,895.38,278.32479166666667,335.8161285837489,19:00:00
1753,0.0,282305,0.0,8543.82,2014-10-20,5519.71,7747.09,6666.363333333334,609.296231252451,9.1,25.3,17.475,5.660144348208197,19.5,13.1,0.0,953.4,305.99125,367.35830871133885,19:00:00
1754,0.4,282305,0.0,8539.16,2014-10-21,5657.09,8543.82,7453.15625,911.6333982791431,13.1,19.5,16.570833333333333,1.7941937480868,17.7,13.9,0.0,512.97,141.580625,179.77048242318563,18:00:00
1755,0.0,282305,0.0,8360.24,2014-10-22,5868.23,8539.16,7653.080000000001,825.6824030525536,13.9,17.7,16.0625,1.0963430508314358,21.4,12.8,0.0,577.97,162.38270833333334,200.8549771441392,18:30:00
1756,0.0,282305,0.0,8875.8,2014-10-23,5914.97,8360.24,7558.858125,725.4072823862209,12.8,21.4,17.306250000000002,2.9236676361735303,28.8,12.0,0.0,951.03,274.1383333333333,343.53879527016124,19:00:00
1757,0.0,282305,0.0,8959.76,2014-10-24,5867.24,8875.8,7799.012291666667,945.2687012184138,12.0,28.8,19.602083333333333,5.333095767093713,27.5,17.9,0.0,952.33,296.1746875,360.53532245786107,16:00:00
1758,0.4,282305,0.0,8054.19,2014-10-25,5970.77,8959.76,7876.019375,938.7063590635838,17.9,27.5,21.587500000000002,2.804602979450109,26.8,15.9,0.0,896.47,248.57156250000003,312.62107184386105,15:30:00
1759,0.0,282305,0.0,8115.82,2014-10-26,5803.31,8054.19,7244.946875000001,759.6650902841404,15.9,26.8,20.79375,2.802081767908022,31.8,15.7,0.0,950.22,294.57197916666667,357.82420343303903,16:00:00
1760,0.0,282305,0.0,9175.22,2014-10-27,5581.38,8115.82,7071.156041666666,874.470279452482,15.7,31.8,21.47083333333333,3.7808002267522594,31.7,17.3,0.0,961.92,306.5934375,369.25136192600394,16:30:00
1761,0.0,282305,0.0,8518.35,2014-10-28,5765.49,9175.22,7872.641875,1170.1099436989741,17.3,31.7,23.572916666666668,4.577499995158247,27.6,11.2,0.0,733.38,203.6876041666667,258.55439459390107,13:30:00
1762,0.0,282305,0.0,8398.96,2014-10-29,5797.9,8518.35,7528.433125,845.7345745089385,11.2,27.6,20.35625,5.005397352815702,22.8,12.8,0.0,825.15,300.254375,339.1409414344542,17:00:00
1763,0.0,282305,0.0,9184.29,2014-10-30,5814.44,8398.96,7549.562291666666,830.529836763383,12.8,22.8,18.816666666666666,2.9946998097229396,30.9,12.4,0.0,969.42,311.36145833333336,371.50193066271663,17:00:00
1764,0.0,282305,0.0,9930.88,2014-10-31,5851.58,9184.29,7876.548541666667,1026.3152924034753,12.4,30.9,20.966666666666665,6.114034546820642,31.9,12.5,0.0,955.8,320.8828125,375.2726647186105,17:00:00
1765,0.0,285847,0.0,9191.26,2014-11-01,5969.53,9930.88,8166.438958333333,1177.0149775240388,12.5,31.9,22.666666666666668,6.368049680835464,34.8,17.9,0.0,964.2,321.27791666666667,376.8416342470008,16:00:00
1766,0.0,285847,0.0,7528.87,2014-11-02,5931.64,9191.26,7559.157291666666,1023.2863671352461,17.9,34.8,26.318749999999998,4.5498027195949975,20.7,11.6,0.0,917.45,258.6934375,333.1859835612171,13:00:00
1767,0.0,285847,0.0,8255.35,2014-11-03,5503.7,7528.87,6519.569375,564.5493136947539,11.6,20.7,16.420833333333334,2.486299337803699,20.6,11.4,0.0,1064.35,355.7497916666667,412.408433895123,19:30:00
1768,0.0,285847,0.0,8392.62,2014-11-04,5720.06,8255.35,7448.428333333333,846.707080250366,11.4,20.6,16.40625,2.892279249194163,22.1,13.2,0.0,906.0,281.8690625,339.96524772277644,16:30:00
1769,0.0,285847,1.73,8530.83,2014-11-05,5895.0,8392.62,7625.18,823.8435289027238,13.2,22.1,18.647916666666667,2.5130289923341635,24.8,14.5,0.0,816.65,264.80104166666666,315.5004297278631,16:00:00
1770,7.8,285847,0.0,8349.75,2014-11-06,5973.59,8530.83,7651.402708333334,827.8435816272571,14.5,24.8,18.608333333333334,2.728481249537554,20.6,13.0,0.0,836.83,176.65572916666667,275.7930115179074,13:00:00
1771,0.0,285847,396.69,8377.34,2014-11-07,5885.46,8349.75,7584.705833333333,779.5616846550827,13.0,20.6,17.71875,1.8398261076479419,22.4,13.5,0.0,867.92,269.2945833333333,317.5445628348766,17:00:00
1772,0.0,285847,0.0,7728.74,2014-11-08,5931.77,8377.34,7604.54,791.5199338170752,13.5,22.4,18.197916666666668,2.874946037113055,24.0,11.6,0.0,948.45,308.34499999999997,361.72350528040124,10:30:00
1773,0.0,285847,0.0,7804.12,2014-11-09,5767.08,7728.74,7023.923750000001,619.5951191469672,11.6,24.0,18.3,4.113858260469611,23.4,13.6,0.0,1021.9,334.01989583333335,387.2504252081915,19:30:00
1774,0.0,285847,0.0,8664.01,2014-11-10,5649.48,7804.12,6873.681666666666,701.1006794982504,13.6,23.4,19.404166666666665,2.7719689855295253,22.0,17.4,0.0,966.35,295.45968750000003,361.0821405451189,19:30:00
1775,0.0,285847,47.62,8429.08,2014-11-11,5789.4,8664.01,7716.457083333334,997.928020121944,17.4,22.0,19.662499999999998,1.2613105308841073,21.0,13.5,0.0,736.03,218.56072916666665,263.60289744515,16:00:00
1776,0.0,285847,0.0,8487.1,2014-11-12,5916.17,8429.08,7629.168958333333,823.1411816890885,13.5,21.0,17.679166666666667,1.905195397733813,22.0,15.9,0.0,671.15,209.04375000000002,252.14903713305682,12:00:00
1777,0.0,285847,0.0,8932.04,2014-11-13,5856.87,8487.1,7625.925208333334,838.8563984047784,15.9,22.0,18.504166666666666,2.0005274127284562,22.9,18.2,0.0,882.83,280.2115625,330.1539064977093,17:00:00
1778,0.0,285847,0.0,11321.23,2014-11-14,5928.9,8932.04,7852.3670833333335,961.7380912634464,18.2,22.9,20.252083333333335,1.5862426611782443,37.4,15.5,0.0,853.85,273.51958333333334,323.2134932287664,17:00:00
1779,0.0,285847,241.165,7852.71,2014-11-15,5898.66,11321.23,8708.1925,1723.8875369739305,15.5,37.4,25.045833333333334,7.3442974935495915,21.8,18.3,0.0,974.08,329.31666666666666,378.05228239036904,16:00:00
1780,6.8,285847,0.0,7590.31,2014-11-16,5914.72,7852.71,7171.562083333333,626.3839372276749,18.3,21.8,19.460416666666667,1.0035552934195275,27.9,15.2,0.0,558.95,157.69333333333336,193.902649267378,09:30:00
1781,0.2,285847,0.0,8493.72,2014-11-17,5536.15,7590.31,6715.283125000001,652.7817796566691,15.2,27.9,21.041666666666668,3.801054351676276,24.6,11.2,0.0,933.17,238.74249999999998,342.5607042042236,19:30:00
1782,0.0,285847,0.0,8652.36,2014-11-18,5538.92,8493.72,7494.766458333333,968.7135234247083,11.2,24.6,18.722916666666666,4.267952799562196,23.5,15.7,0.0,1009.25,345.20604166666664,394.39294839753444,17:00:00
1783,0.0,285847,0.0,8772.86,2014-11-19,5884.69,8652.36,7711.412083333334,883.6422273554949,15.7,23.5,19.8625,2.3715176037046084,23.4,15.7,0.0,971.67,300.2552083333333,356.34294216947563,16:00:00
1784,0.0,285847,0.0,10426.47,2014-11-20,5902.88,8772.86,7806.454791666667,922.7558587442093,15.7,23.4,20.1125,2.0502853978814657,30.3,16.5,0.0,838.22,283.6173958333333,325.24493996422046,16:00:00
1785,0.0,285847,0.0,11724.94,2014-11-21,5926.72,10426.47,8479.574791666668,1419.3638147918175,16.5,30.3,23.64375,4.051734918656925,38.1,19.7,0.0,979.17,305.75708333333336,359.4037779357691,16:00:00
1786,0.0,285847,0.0,8817.19,2014-11-22,6155.77,11724.94,9071.631875000001,1790.2693869450438,19.7,38.1,25.420833333333334,5.430565909671916,26.0,18.2,0.0,967.05,289.77968749999997,341.8924399968914,16:00:00
1787,0.0,285847,0.0,10685.71,2014-11-23,6059.46,8817.19,7674.199166666666,880.3373035662839,18.2,26.0,21.489583333333332,2.3336793689714788,33.2,18.0,0.0,1003.08,289.7496875,353.3828734221451,16:00:00
1788,0.0,285847,0.0,10815.72,2014-11-24,5942.43,10685.71,8287.852916666667,1647.5784694707722,18.0,33.2,23.879166666666666,4.90097508028644,30.2,20.6,0.0,964.58,283.98104166666667,350.41787701676174,15:30:00
1789,8.8,285847,508.99,9021.42,2014-11-25,6260.1,10815.72,8700.774583333334,1454.5057970861683,20.6,30.2,23.352083333333336,2.7270114249956374,24.0,19.2,0.0,894.9,223.27593750000003,303.65512259528526,14:00:00
1790,0.0,285847,0.0,8797.23,2014-11-26,6148.96,9021.42,8009.200208333333,944.1638262065413,19.2,24.0,21.693749999999998,1.6552182153497252,23.3,18.4,0.0,650.95,188.36875,227.1184641174845,08:30:00
1791,2.6,285847,307.88,8597.9,2014-11-27,5980.56,8797.23,7839.584583333333,923.7383248309691,18.4,23.3,20.808333333333334,1.4386508652403258,20.0,17.4,0.0,512.58,186.66864583333336,201.71859496596267,16:00:00
1792,0.2,285847,686.79,8496.3,2014-11-28,6068.24,8597.9,7749.980416666666,824.7975173207944,17.4,20.0,18.958333333333332,0.548046174997216,22.9,11.9,0.0,520.58,173.25166666666667,196.05821682448595,10:00:00
1793,0.0,285847,0.0,8233.56,2014-11-29,5914.13,8496.3,7648.838124999999,828.7642886715504,11.9,22.9,18.462500000000002,3.292132788614752,26.6,12.9,0.0,964.9,318.898125,359.0873427452071,09:30:00
1794,0.0,285847,0.0,8355.58,2014-11-30,5784.59,8233.56,7295.243541666667,769.0082133210773,12.9,26.6,20.45,4.464660288237136,28.7,15.1,0.0,1020.4,354.074375,401.41828158421816,17:00:00
1795,3.8,289143,5.99,9886.64,2014-12-01,5772.93,8355.58,7281.137291666667,924.0958034167829,15.1,28.7,21.708333333333332,4.217432582585346,28.3,18.2,0.0,1030.5,293.04812499999997,359.00981637534153,14:00:00
1796,6.6,289143,0.0,10680.28,2014-12-02,5908.84,9886.64,8260.610625,1323.202047443691,18.2,28.3,22.983333333333334,3.002717445371373,30.9,18.7,0.0,978.67,249.1846875,335.2686288101856,13:30:00
1797,0.6,289143,0.0,11079.36,2014-12-03,6204.42,10680.28,8714.69375,1466.73410648055,18.7,30.9,24.322916666666668,4.006337510523415,31.9,20.1,0.0,998.85,301.72166666666664,371.7617313110318,16:00:00
1798,30.0,289143,0.0,10287.0,2014-12-04,6288.09,11079.36,8804.663958333333,1571.2505880399574,20.1,31.9,24.256249999999998,4.111370131927085,29.4,19.3,0.0,923.33,267.44145833333334,336.6256922612729,15:00:00
1799,28.0,289143,0.0,10099.04,2014-12-05,6176.13,10287.0,8546.544166666667,1301.3304451228157,19.3,29.4,23.75208333333333,3.4354218411936475,28.4,18.9,0.0,630.9,181.5909375,211.70672931157506,16:00:00
1800,1.8,289143,0.0,8255.67,2014-12-06,6231.22,10099.04,8300.185416666667,1209.2162512191896,18.9,28.4,22.589583333333334,3.1786682333311633,27.1,18.5,0.0,942.85,279.0804166666667,346.11215708150144,15:00:00
1801,39.8,289143,0.0,8077.69,2014-12-07,5843.26,8255.67,7338.324166666666,790.4186438785341,18.5,27.1,22.06458333333333,2.9603399447787213,28.4,16.9,0.0,896.62,250.00541666666666,305.75557515112126,15:30:00
1802,3.8,289143,0.0,9586.84,2014-12-08,5667.78,8077.69,7118.945625,839.2828553400135,16.9,28.4,21.460416666666664,3.3261529489360973,29.9,17.5,0.0,954.38,306.944375,361.1866606647514,16:00:00
1803,0.8,289143,0.0,9278.46,2014-12-09,5857.95,9586.84,8188.862291666667,1261.477146162538,17.5,29.9,22.979166666666668,3.9418085455700482,23.6,20.1,0.0,955.62,249.8346875,313.75494455272457,17:00:00
1804,0.0,289143,0.0,9354.04,2014-12-10,5989.25,9278.46,8087.994166666666,1096.7123393799432,20.1,23.6,21.385416666666668,0.9209129566679265,24.5,18.2,0.0,841.47,258.0577083333333,304.02868882679957,14:00:00
1805,13.0,289143,246.19,8951.63,2014-12-11,5988.13,9354.04,8102.23875,1109.9560886668523,18.2,24.5,21.43958333333333,1.6960203209507883,21.3,16.4,0.0,782.65,210.0478125,273.8635068728741,15:00:00
1806,22.6,289143,581.97,8182.41,2014-12-12,6004.03,8951.63,7786.467708333334,915.5059825716181,16.4,21.3,19.060416666666665,1.7162229165498246,20.9,17.1,0.0,407.98,119.6853125,138.28840959034827,09:30:00
1807,0.0,289143,572.08,7467.23,2014-12-13,5677.91,8182.41,7347.80125,755.6893712749824,17.1,20.9,18.791666666666668,1.064481360746108,21.5,13.7,0.0,866.3,280.01197916666666,313.7782316038612,10:00:00
1808,0.0,289143,0.0,7730.14,2014-12-14,5631.14,7467.23,6846.561666666667,574.8721386880013,13.7,21.5,18.51875,2.2323212086801942,23.6,13.2,0.0,872.67,295.92020833333333,339.30661871089325,09:30:00
1809,0.0,289143,0.0,9325.31,2014-12-15,5558.82,7730.14,6773.496666666667,688.2657700686758,13.2,23.6,19.183333333333334,3.716572049808594,25.5,14.8,0.0,1066.8,350.44979166666667,402.6819135654365,18:00:00
1810,0.0,289143,0.0,9243.44,2014-12-16,5669.09,9325.31,7831.284375,1180.3749518040486,14.8,25.5,20.83125,3.67285362128744,25.5,18.0,0.0,1057.2,371.21166666666664,409.9459390050566,16:00:00
1811,0.0,289143,0.0,8718.3,2014-12-17,5886.12,9243.44,7884.109375,1049.308602594262,18.0,25.5,21.414583333333336,2.6194842421811697,21.4,17.9,0.0,777.4,221.50447916666667,250.55700225068676,17:00:00
1812,0.0,289143,0.0,9129.38,2014-12-18,5911.13,8718.3,7751.980208333333,926.0568985953976,17.9,21.4,19.45625,0.9776015482976903,25.7,17.5,0.0,927.6,294.5266666666667,349.507550509457,15:30:00
1813,0.0,289143,568.88,8453.17,2014-12-19,5890.64,9129.38,7943.951041666667,1046.1999806396393,17.5,25.7,21.28125,2.813542950830893,21.0,17.6,0.0,718.08,226.78916666666666,270.52948603860557,16:30:00
1814,0.0,289143,0.0,7687.13,2014-12-20,5974.8,8453.17,7516.4075,748.8658576651728,17.6,21.0,19.358333333333334,0.9185634791609276,23.1,16.3,0.0,970.08,331.1328125,373.93615122431453,10:00:00
1815,0.0,289143,0.0,8377.39,2014-12-21,5713.1,7687.13,6948.240000000001,603.10616289975,16.3,23.1,19.735416666666666,2.141235434135434,25.7,13.9,0.0,1027.1,346.3792708333333,392.2244241746526,17:00:00
1816,0.0,289143,0.0,9603.89,2014-12-22,5545.72,8377.39,7085.875208333334,928.781507936641,13.9,25.7,20.854166666666668,3.9128788081636134,27.6,18.0,0.0,1050.1,364.5378125,406.61917569316574,17:30:00
1817,1.4,289143,26.45,8798.05,2014-12-23,5839.0,9603.89,8011.325416666667,1254.9320994227237,18.0,27.6,22.650000000000002,2.865643888137014,27.1,20.5,0.0,1039.5,327.04249999999996,389.58044761217434,14:00:00
1818,3.4,289143,279.73,8499.42,2014-12-24,6034.89,8798.05,7857.167291666666,935.4820791322591,20.5,27.1,22.745833333333334,1.9113277476312753,23.5,19.6,0.0,794.85,181.40156249999998,249.8673955622458,13:00:00
1819,0.0,289143,0.0,7458.77,2014-12-25,5950.84,8499.42,7434.006666666667,788.5990033539096,19.6,23.5,21.185416666666665,1.0710880495687922,27.8,19.3,0.0,606.72,204.79010416666665,236.65778015066394,10:00:00
1820,13.6,289143,0.0,6863.19,2014-12-26,5304.03,7458.77,6602.868125,667.4823179414518,19.3,27.8,22.179166666666664,3.002265692902636,28.1,19.1,0.0,1043.93,276.5911458333333,372.74539286397453,14:30:00
1821,0.0,289143,254.265,6939.38,2014-12-27,5138.11,6863.19,6308.18875,586.8541167254028,19.1,28.1,21.099999999999998,2.6480020569510576,21.3,18.4,0.0,1034.43,322.76145833333334,388.15891617113095,17:00:00
1822,0.0,289143,0.0,7115.13,2014-12-28,5177.15,6939.38,6350.015833333334,581.3280063193293,18.4,21.3,19.714583333333334,0.8142323321878954,24.1,17.9,0.0,468.62,136.15958333333333,161.95699145023016,09:30:00
1823,0.0,289143,0.0,8554.99,2014-12-29,5222.15,7115.13,6437.282916666667,655.0894780362942,17.9,24.1,20.422916666666666,1.9560315429877722,27.7,15.4,0.0,505.7,176.14354166666666,194.23534870937766,18:00:00
1824,0.4,289143,0.0,8864.77,2014-12-30,5275.22,8554.99,7085.647916666666,1006.333904587948,15.4,27.7,22.58125,4.231877821206209,33.3,18.0,0.0,1053.0,361.09864583333336,403.8074852163395,17:00:00
1825,0.0,289143,0.0,8148.76,2014-12-31,5448.36,8864.77,7330.438541666666,1056.7902895288678,18.0,33.3,25.110416666666666,4.818856560025343,24.4,18.9,0.0,1085.38,380.81583333333333,421.2278886757464,17:00:00
1826,0.0,291914,0.0,9324.24,2015-01-01,5637.77,8148.76,7107.470625000001,768.7230632662673,18.9,24.4,21.78125,1.7214116238492763,29.1,17.8,0.0,903.72,291.93645833333335,326.1412403260971,16:00:00
1827,0.0,291914,0.0,9337.47,2015-01-02,5580.51,9324.24,7399.2725,1231.2533237825317,17.8,29.1,24.102083333333336,3.750658925560485,26.2,20.8,0.0,1025.12,351.110625,398.8600150223679,17:00:00
1828,0.0,291914,0.0,9793.2,2015-01-03,5760.09,9337.47,7871.468958333334,1227.378978243909,20.8,26.2,23.39375,1.6315253599009738,29.4,20.4,0.0,903.53,247.06583333333333,320.738218050858,14:00:00
1829,0.0,291914,0.0,9690.85,2015-01-04,5899.93,9793.2,7992.936875,1327.078404714748,20.4,29.4,25.16875,2.7621419571574086,33.2,21.4,0.0,1042.43,364.7157291666667,406.19634451955966,17:00:00
1830,0.2,291914,0.0,9246.73,2015-01-05,5851.28,9690.85,7812.8175,1359.3221586566199,21.4,33.2,25.454166666666666,3.785580611659973,24.9,20.1,0.0,1013.33,310.46708333333333,372.80450830222134,15:00:00
1831,0.1,291914,0.0,10029.46,2015-01-06,5764.9,9246.73,7923.505416666667,1178.922217268821,20.1,24.9,22.15833333333333,1.4922257163889416,27.5,19.1,0.0,688.45,217.16958333333332,254.97589959710825,16:00:00
1832,0.0,291914,0.0,10351.72,2015-01-07,6005.74,10029.46,8329.925416666667,1317.7858799112396,19.1,27.5,23.625,2.610005298763677,29.5,19.8,0.0,981.33,335.0501041666667,377.55264182273885,16:30:00
1833,0.0,291914,0.0,10628.78,2015-01-08,6187.54,10351.72,8577.093125000001,1387.3163321260383,19.8,29.5,24.360416666666666,3.2031061775091305,28.7,17.4,0.0,1042.32,362.414375,405.1433608490044,15:30:00
1834,0.2,291914,0.0,11096.85,2015-01-09,6089.77,10628.78,8602.82875,1465.3332764206368,17.4,28.7,23.558333333333334,3.712591188554611,32.9,20.8,0.0,1079.18,372.366875,416.24376426563634,16:00:00
1835,1.4,291914,0.0,8952.69,2015-01-10,6250.75,11096.85,8792.930624999999,1546.0812449564166,20.8,32.9,25.447916666666668,3.4805838091449925,28.3,20.4,0.0,1029.47,296.994375,369.93788835859743,15:00:00
1836,37.2,291914,126.03,7669.94,2015-01-11,6164.1,8952.69,7802.762291666667,982.2758783434961,20.4,28.3,23.883333333333336,2.444649679757325,21.3,20.0,0.0,655.88,186.23,225.44447557912997,17:00:00
1837,3.4,291914,343.0,8789.77,2015-01-12,5738.03,7669.94,6958.539375,645.5450545095424,20.0,21.3,20.616666666666667,0.2905118984147934,23.5,19.2,0.0,261.62,78.82187499999999,90.56713426023651,10:00:00
1838,1.0,291914,0.0,9648.03,2015-01-13,5654.33,8789.77,7722.060625000001,1090.283882865271,19.2,23.5,21.477083333333336,1.154130340980443,26.9,18.5,0.0,575.7,194.02625,218.6943298608765,10:00:00
1839,1.0,291914,0.0,10647.05,2015-01-14,5957.39,9648.03,8201.685625,1193.5528668730499,18.5,26.9,22.570833333333336,2.832558300339589,32.0,22.3,0.0,978.67,287.1304166666667,346.79123132401565,16:00:00
1840,0.0,291914,0.0,9748.21,2015-01-15,6060.16,10647.05,8701.112291666666,1508.9918832787068,22.3,32.0,26.96875,3.415556167913245,26.8,21.2,0.0,1026.55,342.3221875,391.5126141508878,16:30:00
1841,0.0,291914,0.0,10098.17,2015-01-16,6156.18,9748.21,8360.984999999999,1211.041490725885,21.2,26.8,23.575,1.6740192428798164,30.1,19.0,0.0,992.08,345.60822916666666,385.82552785717223,16:00:00
1842,0.0,291914,0.0,9501.17,2015-01-17,6199.71,10098.17,8429.8575,1260.6743011807005,19.0,30.1,23.95,3.2935785362532486,33.8,15.8,0.0,1010.8,344.0208333333333,393.3109742740433,16:30:00
1843,0.0,291914,0.0,8777.76,2015-01-18,5772.38,9501.17,7741.092291666667,1188.0330674336944,15.8,33.8,25.01875,5.8174227038177,27.1,18.6,0.0,1074.88,374.9665625,419.0136728728808,17:00:00
1844,0.0,291914,156.4,8807.57,2015-01-19,5885.75,8777.76,7476.491458333333,975.7818402717958,18.6,27.1,23.160416666666666,2.311004164476334,21.9,17.9,0.0,1033.28,338.9513541666667,390.6328386961445,17:00:00
1845,0.6,291914,0.0,8799.27,2015-01-20,5988.49,8807.57,7775.430416666666,960.660613166369,17.9,21.9,20.256249999999998,1.0578795028514316,24.8,17.8,0.0,260.95,79.0259375,92.56798173910528,10:00:00
1846,2.8,291914,0.0,9781.66,2015-01-21,5863.44,8799.27,7793.896250000001,983.2651700148655,17.8,24.8,20.941666666666666,2.2569828601931543,28.1,19.2,0.0,900.1,246.51072916666666,304.3276206376405,15:30:00
1847,0.0,291914,0.0,10334.18,2015-01-22,6065.08,9781.66,8329.607708333333,1231.8617253127,19.2,28.1,24.0625,2.5649540661973105,27.8,19.4,0.0,973.62,315.55395833333336,366.5635767052927,16:00:00
1848,0.0,291914,0.0,11325.38,2015-01-23,6220.49,10334.18,8685.693958333333,1382.7372522671842,19.4,27.8,24.166666666666668,2.656131672374863,29.9,21.2,0.0,954.15,312.024375,364.36231719560993,16:00:00
1849,0.0,291914,0.0,9881.47,2015-01-24,6365.25,11325.38,9099.485208333334,1596.3031550655717,21.2,29.9,25.308333333333334,2.607912129225001,30.2,21.6,0.0,954.5,319.03000000000003,367.1331888038409,15:30:00
1850,1.4,291914,0.0,10044.85,2015-01-25,6349.57,9881.47,8262.363958333333,1167.620747825288,21.6,30.2,25.431250000000002,2.7418859986854343,35.1,20.0,0.0,996.53,330.30833333333334,382.8802298735392,15:30:00
1851,0.0,291914,126.825,7723.76,2015-01-26,6015.31,10044.85,8017.421666666666,1389.6207257658523,20.0,35.1,25.787499999999998,5.242487025521947,21.1,17.8,0.0,1043.7,324.980625,381.47755254311085,17:00:00
1852,22.6,291914,125.57,8965.99,2015-01-27,5922.66,7723.76,7033.551875,556.6404284736276,17.8,21.1,19.329166666666666,0.8901251007782333,19.7,17.2,0.0,249.73,78.1353125,90.86670064186639,10:30:00
1853,39.2,291914,265.25,8544.53,2015-01-28,5743.16,8965.99,7742.186666666667,1043.3331255865016,17.2,19.7,18.295833333333334,0.497636256689191,20.4,14.8,0.0,296.3,67.19052083333334,85.13205996117797,10:00:00
1854,15.2,291914,0.0,8246.89,2015-01-29,5853.2,8544.53,7619.7975,855.3917700803977,14.8,20.4,17.683333333333334,1.2221942829387762,22.5,13.2,0.0,457.48,122.44583333333334,145.48613888912323,09:30:00
1855,0.0,291914,0.0,8364.1,2015-01-30,5861.97,8246.89,7529.481041666667,754.5937423801748,13.2,22.5,18.008333333333333,2.960580257482122,25.6,10.7,0.0,952.03,327.4976041666667,371.77117444881713,17:00:00
1856,0.0,291914,0.0,7610.84,2015-01-31,5869.0,8364.1,7558.888749999999,785.615670643162,10.7,25.6,18.841666666666665,4.513517915288606,24.5,13.7,0.0,1004.1,330.12395833333335,381.700877859177,16:00:00
1857,0.0,295237,0.0,7868.91,2015-02-01,5709.1,7610.84,7007.673541666667,626.7633574181592,13.7,24.5,20.056250000000002,3.4957059525055842,24.5,17.1,0.0,946.97,328.7496875,379.03802180498514,16:00:00
1858,0.0,295237,0.0,8598.42,2015-02-02,5580.75,7868.91,6914.937083333333,741.8274556736983,17.1,24.5,20.952083333333334,2.015576532624165,23.8,18.3,0.0,788.88,247.19708333333335,292.977519115835,18:00:00
1859,0.0,295237,0.0,8619.4,2015-02-03,5753.39,8598.42,7649.724375000001,982.9241706210552,18.3,23.8,20.5625,1.686192361758014,23.6,15.6,0.0,815.22,248.42041666666668,300.01935632738645,16:00:00
1860,0.0,295237,227.68,8472.51,2015-02-04,5814.64,8619.4,7696.763749999999,905.1710036127878,15.6,23.6,20.03125,2.5600163106195826,23.8,14.5,0.0,737.83,252.7146875,285.2639472943683,16:30:00
1861,2.4,295237,0.0,8532.66,2015-02-05,5744.54,8472.51,7604.5216666666665,891.3935025167494,14.5,23.8,19.685416666666665,2.9920454530150096,22.8,16.5,0.0,488.0,163.18322916666668,183.30558238208602,11:00:00
1862,0.0,295237,0.0,8704.23,2015-02-06,5802.28,8532.66,7710.125833333333,916.5848404042385,16.5,22.8,20.216666666666665,1.331825388423056,23.5,14.5,0.0,808.2,229.55510416666667,281.8186621719598,17:00:00
1863,0.2,295237,0.0,8300.24,2015-02-07,5952.23,8704.23,7807.618750000001,900.0366487895703,14.5,23.5,19.610416666666666,3.2476007237640707,26.5,17.6,0.0,842.83,282.8746875,327.202796402837,16:30:00
1864,0.0,295237,0.0,10062.66,2015-02-08,5884.57,8300.24,7335.77,756.8143332585157,17.6,26.5,21.552083333333332,3.0917866199894997,32.9,16.1,0.0,883.67,258.470625,308.4946975726684,17:30:00
1865,0.0,295237,0.0,9596.05,2015-02-09,5849.48,10062.66,7862.342291666667,1423.4001258437775,16.1,32.9,24.10625,5.633199697311219,25.0,21.3,0.0,987.35,325.85145833333337,380.5772335823996,17:30:00
1866,0.4,295237,0.0,10403.79,2015-02-10,6130.21,9596.05,8350.387499999999,1205.1345612526143,21.3,25.0,23.27916666666667,0.986926959148971,27.5,19.8,0.0,641.25,214.23000000000002,247.22533912254084,16:30:00
1867,1.2,295237,0.0,10519.23,2015-02-11,6220.52,10403.79,8652.265000000001,1346.5960212422767,19.8,27.5,23.664583333333336,2.465376375679556,28.0,19.3,0.0,954.05,290.67572916666666,340.76028282355463,16:00:00
1868,0.0,295237,0.0,10150.83,2015-02-12,6242.96,10519.23,8719.525625,1366.912145333113,19.3,28.0,23.947916666666668,2.5853918245644767,28.1,17.8,0.0,925.05,296.5514583333333,354.26444324819795,16:00:00
1869,21.2,295237,73.7,9428.67,2015-02-13,6271.17,10150.83,8586.011875,1290.677694180021,17.8,28.1,23.508333333333336,3.0211195144461547,25.8,19.1,0.0,934.83,301.2975,358.6788041222895,15:30:00
1870,0.0,295237,0.0,8481.55,2015-02-14,6141.77,9428.67,8253.064791666666,1095.9010506388997,19.1,25.8,21.883333333333336,2.156764058879357,26.9,17.9,0.0,811.55,239.11281250000002,296.5865270087159,12:30:00
1871,0.6,295237,0.0,8824.72,2015-02-15,6014.47,8481.55,7556.344375000001,821.7136651157132,17.9,26.9,22.55,2.6934909721440072,28.7,18.4,0.0,764.67,238.70791666666665,291.0903556765628,16:00:00
1872,1.6,295237,0.0,10418.14,2015-02-16,5797.41,8824.72,7484.522916666666,1013.2406842655332,18.4,28.7,22.84166666666667,3.2005207909547053,27.7,19.2,0.0,922.05,264.88614583333333,329.0467407789905,17:30:00
1873,0.0,295237,0.0,10295.2,2015-02-17,6033.75,10418.14,8535.492708333333,1427.2372281987107,19.2,27.7,23.766666666666666,2.5791581451296555,27.8,17.6,0.0,925.6,301.66895833333336,355.418279557443,16:00:00
1874,0.0,295237,0.0,10237.62,2015-02-18,6251.44,10295.2,8574.827708333332,1286.6405579073287,17.6,27.8,23.287499999999998,3.0774834289268145,27.4,17.9,0.0,953.75,310.86302083333334,369.1487670616376,16:00:00
1875,0.0,295237,0.0,9739.22,2015-02-19,6220.0,10237.62,8544.953958333334,1286.8085173524485,17.9,27.4,23.589583333333334,2.659806390597067,26.8,19.7,0.0,864.05,281.49708333333336,332.1147351264628,16:00:00
1876,0.0,295237,0.0,9737.28,2015-02-20,6207.08,9739.22,8457.783541666666,1204.647178705776,19.7,26.8,23.099999999999998,2.2989359240698093,26.6,18.7,0.0,733.25,212.25125,263.8296774042968,15:30:00
1877,1.6,295237,248.79,8471.54,2015-02-21,6186.59,9737.28,8422.505,1191.698175930002,18.7,26.6,22.741666666666664,2.4965366080754734,24.9,19.1,0.0,484.9,149.60666666666665,184.16460584226127,15:30:00
1878,9.8,295237,0.0,8700.4,2015-02-22,6083.84,8471.54,7635.618125,813.3802707290748,19.1,24.9,21.825,1.4544868218356657,27.0,19.0,0.0,572.45,158.55010416666667,197.4508741878397,10:30:00
1879,1.2,295237,0.0,10110.71,2015-02-23,5905.78,8700.4,7504.571041666666,928.7853073137361,19.0,27.0,22.775000000000002,2.427458175023695,27.2,19.2,0.0,790.58,242.91208333333336,298.10500892576636,17:00:00
1880,0.6,295237,358.62,9284.38,2015-02-24,6106.0,10110.71,8481.869166666667,1350.608959863335,19.2,27.2,22.914583333333336,2.431092004292172,24.1,20.0,0.0,823.25,257.6255208333333,316.96595100420416,16:00:00
1881,0.0,295237,0.0,8916.7,2015-02-25,6144.38,9284.38,8179.784583333333,1087.0763486956373,20.0,24.1,21.868750000000002,1.2051584604912393,22.4,19.1,0.0,734.53,195.603125,249.28597862274347,10:00:00
1882,2.0,295237,0.0,9311.82,2015-02-26,5804.05,8916.7,7885.598125,1048.5977326697973,19.1,22.4,20.445833333333333,0.7895483042998029,26.3,19.0,0.0,461.52,140.21666666666667,174.85473571040222,16:00:00
1883,0.0,295237,0.0,9622.95,2015-02-27,5943.75,9311.82,8081.371458333334,1105.0019951267052,19.0,26.3,21.931250000000002,2.266326698013254,26.1,18.4,0.0,717.08,172.39458333333334,219.47650530691791,16:30:00
1884,0.0,295237,0.0,9021.82,2015-02-28,6065.24,9622.95,8314.068541666666,1148.8584625266526,18.4,26.1,22.195833333333336,2.566805973929742,27.5,17.1,0.0,841.9,262.45916666666665,320.00525128559156,16:00:00
1885,0.0,298488,0.0,9884.55,2015-03-01,6079.62,9021.82,7722.654375000001,931.6533944322038,17.1,27.5,22.510416666666668,3.2932709978451857,34.9,18.3,0.0,880.55,239.87333333333333,301.6246065631867,17:00:00
1886,2.4,298488,0.0,8865.87,2015-03-02,5946.79,9884.55,7703.738541666667,1234.360309191096,18.3,34.9,23.425,5.444204414065259,22.6,15.4,0.0,902.15,238.78583333333333,328.9105591777991,14:30:00
1887,0.4,298488,0.0,9688.25,2015-03-03,5788.51,8865.87,7842.645208333334,1063.092880922472,15.4,22.6,19.479166666666668,2.257088911542903,26.8,13.2,0.0,420.77,144.97208333333333,165.51580943270383,17:00:00
1888,0.0,298488,0.0,10367.29,2015-03-04,6053.99,9688.25,8241.644375,1133.5862667111826,13.2,26.8,20.162499999999998,4.446831288753636,27.4,19.7,0.0,913.65,276.84625,348.2320801922189,15:30:00
1889,0.0,298488,507.12,8928.92,2015-03-05,6182.67,10367.29,8612.785416666668,1294.5066718399407,19.7,27.4,22.735416666666666,2.3193441464137123,25.6,15.6,0.0,773.42,212.34166666666667,275.74299559656527,16:30:00
1890,0.0,298488,0.0,8817.3,2015-03-06,6114.53,8928.92,8019.817708333333,950.6349967062656,15.6,25.6,19.983333333333334,2.59256985242757,29.0,12.2,0.0,866.6,272.7708333333333,333.5789842819987,10:00:00
1891,0.0,298488,0.0,8035.8,2015-03-07,5909.83,8817.3,7738.084374999999,869.307653162222,12.2,29.0,19.966666666666665,5.262364703201743,24.5,15.6,0.0,954.15,288.8075,359.46354088641,16:00:00
1892,0.0,298488,0.0,8423.87,2015-03-08,5939.78,8035.8,7310.656875000001,666.5127976238788,15.6,24.5,20.222916666666666,2.6642822340538617,24.9,17.5,0.0,834.1,244.38958333333335,305.7039269105749,17:00:00
1893,0.0,298488,0.0,10364.38,2015-03-09,5833.15,8423.87,7302.9141666666665,852.1120441805688,17.5,24.9,21.002083333333335,2.349693468766324,31.6,16.8,0.0,802.0,218.42375,291.8673666540218,17:30:00
1894,0.0,298488,0.0,9495.47,2015-03-10,5967.86,10364.38,8404.135208333333,1405.1792480116221,16.8,31.6,23.5,4.309563832400201,24.0,19.2,0.0,897.03,277.8725,343.24803083999177,16:30:00
1895,0.0,298488,0.0,10241.56,2015-03-11,6200.36,9495.47,8323.34375,1120.7844239080944,19.2,24.0,21.633333333333336,1.4940069402745944,28.4,18.3,0.0,630.78,199.75833333333333,250.28005271825495,13:30:00
1896,5.0,298488,0.0,9493.47,2015-03-12,6162.94,10241.56,8455.952916666667,1294.3616535146523,18.3,28.4,22.208333333333332,3.3381631675718513,25.9,17.7,0.0,874.22,252.91833333333332,324.5710917197369,16:00:00
1897,0.2,298488,291.52,8749.66,2015-03-13,6088.22,9493.47,8206.969375,1136.1061322526843,17.7,25.9,21.991666666666664,2.4905637517273953,21.7,16.2,0.0,804.83,207.36166666666668,271.5952887527599,15:00:00
1898,0.0,298488,0.0,7757.6,2015-03-14,6088.85,8749.66,7794.89375,851.3822337837805,16.2,21.7,18.985416666666666,1.4394132349651743,23.6,13.1,0.0,352.73,99.34791666666666,127.65412619208693,09:00:00
1899,0.0,298488,0.0,7788.97,2015-03-15,5813.68,7757.6,7041.448541666668,577.9848403812969,13.1,23.6,18.441666666666666,3.5081566556480026,22.2,14.4,0.0,883.65,260.2675,323.026192489158,19:00:00
1900,0.0,298488,0.0,8539.93,2015-03-16,5677.65,7788.97,6802.756666666667,637.6026485179956,14.4,22.2,18.752083333333335,2.3864858508510096,21.8,13.0,0.0,509.3,160.16458333333333,198.59720140041756,19:00:00
1901,0.0,298488,0.0,8700.28,2015-03-17,5663.78,8539.93,7615.367916666666,1001.1642461483436,13.0,21.8,17.681250000000002,2.558727763158373,22.0,9.9,0.0,761.22,201.99625,257.2330722001171,17:00:00
1902,0.0,298488,0.0,9537.38,2015-03-18,6012.08,8700.28,7842.922916666666,887.3165418054172,9.9,22.0,17.427083333333332,4.254546483485851,27.0,15.8,0.0,640.97,150.74833333333333,208.75381785611387,15:30:00
1903,0.0,298488,0.0,10322.3,2015-03-19,6025.32,9537.38,8201.635,1103.9426417415534,15.8,27.0,20.785416666666666,3.3083382460617017,26.8,15.8,0.0,743.92,193.985,257.36680350789675,16:00:00
1904,0.0,298488,0.0,9896.77,2015-03-20,6134.76,10322.3,8501.651666666667,1303.4586568202747,15.8,26.8,20.91875,3.679075754079458,28.4,16.2,0.0,858.97,260.18416666666667,329.2946843752589,17:00:00
1905,0.2,298488,301.29,7875.62,2015-03-21,6208.59,9896.77,8294.203125,1175.9291465306233,16.2,28.4,20.035416666666666,2.9833216945769228,21.0,17.2,0.0,829.15,222.13250000000002,292.6221948269119,13:30:00
1906,3.0,298488,0.0,8069.16,2015-03-22,5822.89,7875.62,7085.48875,605.5609772751253,17.2,21.0,18.897916666666667,1.1288272173033507,23.7,16.7,0.0,455.08,127.1125,166.53170328799254,09:30:00
1907,0.6,298488,0.0,9378.67,2015-03-23,5639.77,8069.16,7020.258958333333,764.1686284028293,16.7,23.7,19.7375,2.124189457431665,26.1,14.8,0.0,412.73,119.73916666666666,152.56381882755895,19:00:00
1908,0.0,298488,9.62,9332.58,2015-03-24,5810.8,9378.67,8026.165208333333,1173.8272597462367,14.8,26.1,20.66875,3.7664903382439605,25.1,17.0,0.0,795.08,230.84541666666667,298.42152358030893,17:00:00
1909,10.6,298488,0.0,8514.8,2015-03-25,6016.05,9332.58,8131.46875,1074.330287635194,17.0,25.1,19.53125,2.0894014464088326,21.7,12.1,0.0,668.45,124.84916666666668,192.4464395129348,12:00:00
1910,0.2,298488,0.0,8671.48,2015-03-26,6014.01,8514.8,7754.987916666666,823.5967631170267,12.1,21.7,17.141666666666666,2.756256583594845,26.3,13.5,0.0,729.33,218.65291666666667,277.2277982531526,16:00:00
1911,0.0,298488,830.76,8178.8,2015-03-27,5916.4,8671.48,7764.315208333333,891.1219424924092,13.5,26.3,19.635416666666668,3.9775695339193153,25.1,12.4,0.0,842.05,243.95749999999998,315.8360843501887,16:30:00
1912,0.0,298488,0.0,7636.5,2015-03-28,5792.37,8178.8,7437.483333333334,746.9132211417283,12.4,25.1,18.416666666666668,3.9525555069424403,21.1,8.0,0.0,873.2,262.8641666666667,334.44256795598386,07:30:00
1913,0.0,298488,0.0,7976.73,2015-03-29,5738.99,7636.5,6904.877916666667,527.1369431785755,8.0,21.1,15.752083333333333,3.7815334941496803,24.0,10.7,0.0,742.1,229.32791666666665,290.57527205826983,18:30:00
1914,0.0,298488,0.0,8686.62,2015-03-30,5552.69,7976.73,6838.530208333334,686.7691273265654,10.7,24.0,17.054166666666667,4.47299025753149,23.6,15.5,0.0,760.67,211.80791666666667,280.3104993191409,18:30:00
1915,0.2,298488,376.455,8551.77,2015-03-31,5748.33,8686.62,7725.647291666667,1017.5197375967172,15.5,23.6,18.197916666666668,2.33279027368362,21.1,14.7,0.0,520.97,123.28208333333333,166.30219029095008,17:00:00
1916,9.4,301012,0.0,8765.3,2015-04-01,5881.17,8551.77,7747.521874999999,898.5466185887411,14.7,21.1,17.779166666666665,1.9506636441176277,23.2,14.4,0.0,512.65,137.1575,186.8457395508334,09:30:00
1917,0.0,301012,0.0,8822.98,2015-04-02,5896.3,8765.3,7824.512708333333,935.9171084539291,14.4,23.2,18.945833333333333,2.9645392403881954,27.4,13.8,0.0,671.85,199.4141666666667,259.51047821737353,18:30:00
1918,0.6,301012,0.0,7527.73,2015-04-03,5868.17,8822.98,7795.882083333334,963.5116212550006,13.8,27.4,20.166666666666668,4.566638194247833,18.4,16.1,0.0,586.95,165.22041666666667,216.87010751323345,16:00:00
1919,18.8,301012,0.0,7723.44,2015-04-04,5658.15,7527.73,6774.488333333334,541.2279773843421,16.1,18.4,16.777083333333334,0.7125738732389034,17.6,14.0,0.0,217.43,52.18958333333333,71.07614717070142,18:30:00
1920,8.8,301012,0.0,7529.52,2015-04-05,5572.59,7723.44,6940.482708333333,688.7926761377616,14.0,17.6,15.741666666666667,1.066079182188191,22.5,14.0,0.0,195.15,43.028333333333336,60.32716076434002,18:30:00
1921,0.0,301012,0.0,8069.82,2015-04-06,5413.91,7529.52,6513.186041666667,585.1157947690818,14.0,22.5,17.154166666666665,2.8716485244937187,25.1,12.8,0.0,696.4,190.29875,256.0073528230548,18:30:00
1922,1.4,301012,0.0,8786.49,2015-04-07,5407.55,8069.82,6721.974583333334,732.9778817363565,12.8,25.1,16.8125,3.5545969637172754,21.5,11.6,0.0,759.78,179.0895833333333,268.9688294066357,18:30:00
1923,0.2,301012,0.0,8835.61,2015-04-08,5500.69,8786.49,7403.216666666667,948.0819656982558,11.6,21.5,15.304166666666667,2.9902649376205988,20.8,13.1,0.0,737.53,189.54916666666668,248.805732968116,18:30:00
1924,0.0,301012,0.0,8764.33,2015-04-09,5696.39,8835.61,7464.582083333334,848.0770375860155,13.1,20.8,16.943749999999998,2.4802115772822906,19.8,12.0,0.0,677.12,147.79833333333332,204.03192277433675,18:30:00
1925,0.0,301012,0.0,8581.61,2015-04-10,5824.8,8764.33,7474.589583333333,782.7719908446429,12.0,19.8,16.256249999999998,2.0463674354453207,19.7,13.3,0.0,423.7,129.42,163.4913952710037,18:30:00
1926,6.8,301012,0.0,7964.89,2015-04-11,5879.28,8581.61,7473.001041666666,744.0187571309755,13.3,19.7,15.664583333333333,2.0199525571986414,20.4,12.1,0.0,553.33,140.51624999999999,186.93124709339958,18:30:00
1927,0.2,301012,0.0,8032.67,2015-04-12,5701.37,7964.89,6922.415208333333,576.3756266015946,12.1,20.4,15.831249999999999,2.48930958983461,21.0,11.2,0.0,590.3,173.81208333333333,230.73576373371367,18:30:00
1928,0.0,301012,0.0,8902.39,2015-04-13,5420.47,8032.67,6698.390625,696.0419475021453,11.2,21.0,15.558333333333332,3.207957747197028,19.5,11.4,0.0,566.97,161.26208333333332,212.49508617055406,18:30:00
1929,0.0,301012,0.0,8859.53,2015-04-14,5638.27,8902.39,7426.625416666667,928.783658502857,11.4,19.5,15.227083333333333,2.513854341938345,22.0,9.8,0.0,633.7,170.78291666666667,227.65054812246996,18:30:00
1930,0.0,301012,0.0,9083.6,2015-04-15,5873.3,8859.53,7565.342916666667,808.7577552969835,9.8,22.0,16.264583333333334,3.5320712736678317,25.3,10.9,0.0,731.3,203.55083333333334,273.5444867945135,18:30:00
1931,7.4,301012,0.0,9310.82,2015-04-16,5826.83,9083.6,7628.038125,905.6732454700432,10.9,25.3,17.485416666666666,4.516211441035709,29.9,12.8,0.0,709.33,198.57500000000002,265.84788484706735,18:30:00
1932,2.4,301012,0.0,9037.16,2015-04-17,5765.69,9310.82,7776.134166666667,1053.568978767203,12.8,29.9,20.477083333333333,5.033472621481681,20.0,18.0,0.0,593.1,173.24,230.19976318914934,18:30:00
1933,1.4,301012,0.0,8344.53,2015-04-18,6024.15,9037.16,7898.103749999999,979.4065903797333,18.0,20.0,19.116666666666667,0.5766127552383377,26.7,17.3,0.0,342.7,91.67583333333334,124.78059857262204,18:00:00
1934,4.8,301012,0.0,8551.46,2015-04-19,5832.8,8344.53,7195.161458333333,682.727415014749,17.3,26.7,21.229166666666668,2.930322640963249,21.4,12.9,0.0,487.1,133.665,181.16776531536095,18:30:00
1935,4.6,301012,0.0,9777.55,2015-04-20,5640.17,8551.46,6985.521041666667,791.860673273787,12.9,21.4,16.325,2.030669106791303,15.6,11.9,0.0,494.77,136.3025,187.2210683782166,18:30:00
1936,79.0,301012,0.0,9691.27,2015-04-21,5645.26,9777.55,7976.916249999999,1267.7703426457108,11.9,15.6,13.704166666666666,1.2990927002995722,14.4,12.6,0.0,180.88,47.64833333333333,64.83901538666403,18:00:00
1937,72.8,301012,0.0,9156.62,2015-04-22,5863.78,9691.27,7900.6658333333335,1043.420684701582,12.6,14.4,13.4625,0.480967553202961,17.0,12.5,0.0,145.12,37.20041666666666,48.73983012124916,18:00:00
1938,61.0,301012,0.0,9057.07,2015-04-23,5696.54,9156.62,7706.416666666667,1004.0570110314546,12.5,17.0,15.297916666666666,1.1739168087044611,20.6,11.1,0.0,395.25,100.18291666666666,138.72584701732322,18:30:00
1939,0.2,301012,0.0,8768.42,2015-04-24,5899.31,9057.07,7687.579583333333,862.7895632265079,11.1,20.6,15.34375,3.1862674922101086,24.4,11.9,0.0,486.33,143.4908333333333,194.64276671208032,18:30:00
1940,0.0,301012,0.0,8308.86,2015-04-25,6019.12,8768.42,7660.770416666666,776.7486706806,11.9,24.4,16.677083333333332,4.208564701174456,23.5,9.5,0.0,647.05,164.1675,229.51122571164046,18:00:00
1941,14.0,301012,0.0,8989.72,2015-04-26,5819.87,8308.86,7043.944166666667,642.3583054711765,9.5,23.5,14.518749999999999,4.207321695694761,16.9,10.5,0.0,674.47,178.96125000000004,247.07725173946642,18:30:00
1942,0.4,301012,0.0,9645.22,2015-04-27,5628.44,8989.72,7231.092083333333,928.8381260408386,10.5,16.9,13.466666666666667,2.0224625113779187,18.3,8.9,0.0,290.7,61.308749999999996,85.25677978593893,18:30:00
1943,0.0,301012,0.0,9580.34,2015-04-28,5922.43,9645.22,7873.640625,1028.7106515468697,8.9,18.3,13.472916666666668,2.740534160026018,17.9,7.7,0.0,670.05,175.12541666666667,243.7998959794896,18:30:00
1944,0.0,301012,0.0,9594.61,2015-04-29,6210.11,9580.34,8022.028125,877.1375951297636,7.7,17.9,12.839583333333332,3.5502915423188823,17.6,8.0,0.0,597.35,163.46708333333333,225.10451322033308,18:30:00
1945,5.4,301012,0.0,9616.76,2015-04-30,6108.91,9594.61,8024.647083333333,906.8509579154467,8.0,17.6,12.958333333333334,3.4243081819285335,18.1,12.6,0.0,427.55,100.36541666666666,142.20920728276673,18:30:00
1946,3.0,304007,0.0,9409.06,2015-05-01,6097.95,9616.76,8060.898125,950.0370701852621,12.6,18.1,14.9125,1.6276369766196574,19.3,11.8,0.0,377.9,94.1275,132.3471672606365,18:30:00
1947,18.0,304007,0.0,8676.44,2015-05-02,6095.77,9409.06,8033.5372916666665,915.7462349380138,11.8,19.3,15.581249999999999,2.0207072966472404,21.5,12.9,0.0,400.17,91.24708333333332,125.33341496691735,18:00:00
1948,26.4,304007,0.0,8675.62,2015-05-03,5882.24,8676.44,7426.279166666667,750.3760715626254,12.9,21.5,17.410416666666666,2.489744033954079,20.5,16.8,0.0,319.27,80.84958333333333,113.89505557251044,18:30:00
1949,0.2,304007,0.0,9376.33,2015-05-04,5718.93,8675.62,7223.550208333333,830.4105929137462,16.8,20.5,18.477083333333333,0.91378091869763,20.6,12.3,0.0,230.12,61.843333333333334,84.83110581729088,18:30:00
1950,0.0,304007,0.0,9174.81,2015-05-05,5873.42,9376.33,7839.888333333333,1016.6353274348934,12.3,20.6,16.989583333333332,2.0919541493829557,26.2,12.0,0.0,274.12,76.15583333333333,103.20498942835953,18:00:00
1951,0.0,304007,0.0,9456.9,2015-05-06,5905.98,9174.81,7737.547708333333,850.5880920199415,12.0,26.2,18.460416666666667,4.600265467979703,19.2,10.7,0.0,635.88,168.33916666666667,234.84327703479124,18:00:00
1952,0.0,304007,0.0,9705.84,2015-05-07,5844.75,9456.9,7745.411041666666,931.6909054983054,10.7,19.2,14.8375,2.41419780959013,18.7,7.8,0.0,657.28,176.4333333333333,245.81689320818617,18:30:00
1953,0.0,304007,0.0,9334.85,2015-05-08,6001.87,9705.84,7976.833541666667,991.3476171643333,7.8,18.7,13.295833333333334,3.2788787869164637,19.7,6.6,0.0,654.15,175.56458333333333,243.52493815858338,18:30:00
1954,0.0,304007,0.0,8705.76,2015-05-09,6146.2,9334.85,7989.472916666667,861.3490464751519,6.6,19.7,12.666666666666666,3.8354080108808604,19.6,6.8,0.0,637.72,171.16333333333333,238.6207925909593,18:00:00
1955,0.0,304007,0.0,8702.92,2015-05-10,5895.6,8705.76,7336.9325,724.2874680515996,6.8,19.6,12.947916666666666,4.193307209662788,19.7,4.5,0.0,636.72,168.8025,236.3435933307917,18:30:00
1956,0.0,304007,0.0,9646.57,2015-05-11,5710.09,8702.92,7202.276875,819.5574580408943,4.5,19.7,13.416666666666666,5.590277781448687,20.2,13.5,0.0,591.03,142.81833333333333,198.7223428350319,18:30:00
1957,0.0,304007,0.0,9626.15,2015-05-12,5837.11,9646.57,7817.607083333333,1049.0862198081297,13.5,20.2,16.441666666666666,2.0762930688612857,20.8,6.1,0.0,605.42,159.80875,224.4171329966739,18:00:00
1958,0.0,304007,0.0,10627.02,2015-05-13,6072.79,9626.15,7978.237499999999,935.6445117410051,6.1,20.8,14.327083333333334,4.83945396881839,15.6,6.6,0.0,615.15,162.75208333333333,229.5153024259931,18:00:00
1959,0.2,304007,0.0,10517.3,2015-05-14,6093.1,10627.02,8360.645833333334,1212.6565812295291,6.6,15.6,11.629166666666668,2.8554508034249415,16.9,1.9,0.0,612.7,146.96833333333333,212.57621068773105,18:00:00
1960,0.0,304007,0.0,9822.28,2015-05-15,6435.44,10517.3,8558.791666666666,1122.372761224001,1.9,16.9,10.200000000000001,4.863367190078487,18.2,9.2,0.0,606.78,155.85166666666666,221.1526679437815,18:30:00
1961,0.0,304007,0.0,9059.4,2015-05-16,6544.65,9822.28,8374.095625,854.4739739096577,9.2,18.2,13.927083333333334,3.1130979017851805,18.4,10.2,0.0,471.5,120.2,172.4465953193453,18:00:00
1962,0.0,304007,0.0,9278.38,2015-05-17,6209.55,9059.4,7658.701249999999,726.6452803930907,10.2,18.4,13.924999999999999,2.650130466479282,18.5,7.0,0.0,385.38,98.4925,138.2796962181007,18:00:00
1963,0.0,304007,0.0,10185.62,2015-05-18,6010.63,9278.38,7511.499583333333,880.8887551059798,7.0,18.5,12.24375,3.501544112275721,18.6,8.0,0.0,492.02,109.27458333333334,153.7787485727097,18:30:00
1964,0.2,304007,0.0,9912.22,2015-05-19,6066.1,10185.62,8303.824583333333,1147.0473573260856,8.0,18.6,13.070833333333333,3.2504636875986117,20.1,11.3,0.0,286.58,72.07375,103.09402968608264,18:00:00
1965,1.4,304007,0.0,9555.85,2015-05-20,6230.05,9912.22,8293.356041666668,1006.7219443443277,11.3,20.1,15.029166666666667,2.605391981235554,23.7,12.2,0.0,388.12,81.61749999999999,121.48617252111364,18:00:00
1966,0.2,304007,0.0,9758.05,2015-05-21,6060.17,9555.85,8012.190416666667,925.5809941293309,12.2,23.7,16.933333333333334,3.5178773419361566,19.6,10.7,0.0,530.42,118.09666666666668,183.09398199533422,18:00:00
1967,6.2,304007,0.0,10168.37,2015-05-22,6216.69,9758.05,8146.528541666667,945.9640780503549,10.7,19.6,15.354166666666666,2.3934270216159543,16.0,10.8,0.0,559.2,136.69625,198.1897217999149,18:00:00
1968,17.2,304007,0.0,9447.19,2015-05-23,6137.1,10168.37,8441.300625,1108.329745000464,10.8,16.0,12.983333333333334,1.5364138035980162,17.1,6.9,0.0,244.65,46.98916666666667,76.46338617157033,18:00:00
1969,0.0,304007,0.0,9862.62,2015-05-24,6247.62,9447.19,7853.481666666667,850.1081962736457,6.9,17.1,12.029166666666667,3.036722640802601,17.7,6.3,0.0,378.9,93.37875000000001,134.63656746368818,18:00:00
1970,0.0,304007,0.0,10759.81,2015-05-25,6260.2,9862.62,7836.988125,1000.2081603190157,6.3,17.7,10.277083333333334,4.1022173341666806,17.3,6.2,0.0,384.65,103.03708333333333,147.07682090559013,18:30:00
1971,0.0,304007,0.0,10788.09,2015-05-26,6382.84,10759.81,8695.272083333333,1253.1924635242049,6.2,17.3,10.410416666666666,3.9030397092050193,17.5,4.3,0.0,502.95,112.28083333333335,165.41989463417076,18:30:00
1972,0.0,304007,0.0,10280.13,2015-05-27,6689.04,10788.09,8864.003333333332,1100.7788217387958,4.3,17.5,10.225,4.3453325412006185,19.9,7.2,0.0,488.1,113.40833333333335,167.5919937988119,18:30:00
1973,0.0,304007,0.0,10068.78,2015-05-28,6509.57,10280.13,8532.845416666667,995.3559805885737,7.2,19.9,12.385416666666666,4.017302449608595,21.3,6.5,0.0,469.33,116.68583333333333,171.0184438489744,18:00:00
1974,0.0,304007,0.0,9758.49,2015-05-29,6367.82,10068.78,8403.122083333334,988.0041738389714,6.5,21.3,13.012500000000001,4.714379316561782,18.4,9.7,0.0,543.12,130.28458333333333,190.37931129171517,18:00:00
1975,0.0,304007,0.0,9378.07,2015-05-30,6154.37,9758.49,8253.266666666666,972.9668211927084,9.7,18.4,14.077083333333334,2.7015550748957597,17.3,6.7,0.0,167.93,47.38333333333333,65.11370799178707,18:00:00
1976,0.2,304007,0.0,9899.19,2015-05-31,6231.26,9378.07,7833.888541666667,826.7198826508097,6.7,17.3,11.65,3.087104268721327,14.5,5.4,0.0,360.95,82.97166666666666,122.96430811649115,18:00:00
1977,0.0,306915,0.0,11462.1,2015-06-01,5852.76,9899.19,7847.633541666666,1198.2952594494825,5.4,14.5,10.30625,2.561117296905911,14.4,4.7,0.0,227.73,50.47083333333333,72.4228447731478,18:30:00
1978,0.0,306915,0.0,11625.47,2015-06-02,6181.71,11462.1,8793.452291666666,1530.9275842849079,4.7,14.4,10.28125,2.730104529991636,14.9,2.7,0.0,531.62,127.54958333333333,188.7362934401458,18:30:00
1979,0.0,306915,0.0,11410.1,2015-06-03,6925.23,11625.47,9325.684166666666,1315.650273666711,2.7,14.9,8.883333333333333,3.816667440924076,16.5,3.8,0.0,503.73,117.05166666666668,170.54908472135165,18:30:00
1980,0.4,306915,0.0,11258.43,2015-06-04,7005.78,11410.1,9307.492916666666,1236.2860526041914,3.8,16.5,8.789583333333333,3.822399802248183,16.7,4.2,0.0,503.48,122.65083333333332,181.33145055375556,18:30:00
1981,0.6,306915,0.0,11092.6,2015-06-05,6953.18,11258.43,9206.926458333333,1221.6843590288365,4.2,16.7,8.885416666666666,4.301656760659179,15.4,4.9,0.0,502.48,127.02458333333334,184.08030847406732,18:30:00
1982,0.0,306915,0.0,9585.37,2015-06-06,6873.36,11092.6,9198.315416666666,1174.063782108705,4.9,15.4,10.322916666666666,2.8665524985512407,19.4,7.0,0.0,370.23,77.39708333333333,120.06075154046385,18:00:00
1983,0.0,306915,0.0,9134.77,2015-06-07,6600.99,9585.37,8121.420416666667,824.357189505365,7.0,19.4,11.672916666666666,3.870551095146768,20.5,4.8,0.0,487.45,120.51833333333333,176.24125150260843,18:00:00
1984,0.0,306915,0.0,9335.91,2015-06-08,6188.72,9134.77,7620.377083333333,827.1057531909235,4.8,20.5,10.977083333333333,5.4422789181275,21.4,7.1,0.0,530.3,133.52708333333334,194.28163995402898,18:30:00
1985,0.0,306915,0.0,10245.71,2015-06-09,5957.37,9335.91,7446.225208333333,902.2251151034085,7.1,21.4,12.733333333333334,5.269152838095104,20.8,6.2,0.0,527.3,131.57208333333332,193.67003062577504,18:30:00
1986,0.0,306915,0.0,11118.81,2015-06-10,6165.01,10245.71,8302.121874999999,1101.6123025967793,6.2,20.8,14.089583333333332,4.651892297802541,14.5,5.7,0.0,491.45,121.58875,179.17619981251786,18:00:00
1987,0.0,306915,0.0,10652.46,2015-06-11,6603.73,11118.81,9021.415208333334,1235.1918020635765,5.7,14.5,10.40625,2.4490906910047165,16.5,10.2,0.0,208.07,51.55166666666667,75.65034131304459,18:00:00
1988,0.0,306915,0.0,10291.69,2015-06-12,6629.3,10652.46,8801.311041666666,1089.8078533007154,10.2,16.5,12.854166666666666,2.1606695508109093,18.1,11.6,0.0,291.6,71.01875,103.91280917755142,18:30:00
1989,0.0,306915,0.0,9514.25,2015-06-13,6619.23,10291.69,8673.745416666667,988.8210015456257,11.6,18.1,13.460416666666667,1.9400306625492296,18.5,7.7,0.0,338.8,82.78666666666668,122.0595518821602,18:00:00
1990,0.0,306915,0.0,9782.36,2015-06-14,6367.73,9514.25,7944.618333333333,836.6248264034544,7.7,18.5,12.56875,3.231767598159039,18.6,6.0,0.0,437.55,98.45916666666666,150.0707599602117,18:00:00
1991,0.0,306915,0.0,10744.71,2015-06-15,6244.8,9782.36,7849.077083333334,998.9095750674959,6.0,18.6,10.510416666666666,4.056370853798516,16.1,6.9,0.0,453.4,104.53875,155.45848681520204,19:00:00
1992,2.2,306915,0.0,10711.44,2015-06-16,6182.76,10744.71,8605.024166666666,1287.1408134192257,6.9,16.1,12.620833333333332,2.6548997924218183,14.6,10.8,0.0,236.93,54.40625,84.46279400901032,18:00:00
1993,9.2,306915,0.0,10539.62,2015-06-17,6401.15,10711.44,8762.397083333333,1169.1808817596032,10.8,14.6,13.379166666666668,1.0193778522578163,16.8,10.6,0.0,153.82,37.20083333333333,52.112845308036015,18:00:00
1994,3.2,306915,0.0,10829.81,2015-06-18,6383.53,10539.62,8771.182083333333,1155.327820238414,10.6,16.8,13.647916666666667,1.6207418295379992,16.5,7.8,0.0,180.35,36.69416666666667,56.37378019941212,18:00:00
1995,41.2,306915,0.0,11106.14,2015-06-19,6566.42,10829.81,8875.196458333334,1177.4670508548809,7.8,16.5,11.737499999999999,2.4891787075856717,13.6,8.9,0.0,365.55,76.6475,117.78728084442483,18:30:00
1996,0.0,306915,0.0,10460.63,2015-06-20,6700.61,11106.14,9158.056666666665,1213.917241781759,8.9,13.6,10.668750000000001,1.504342119587814,14.4,7.2,0.0,254.02,58.9975,88.71061729734832,18:00:00
1997,0.2,306915,0.0,10637.66,2015-06-21,6663.23,10460.63,8518.888541666667,1039.0537021609732,7.2,14.4,10.210416666666667,2.2513579432539115,13.2,6.7,0.0,445.0,103.29416666666667,155.59081423322797,18:00:00
1998,0.0,306915,0.0,11278.45,2015-06-22,6467.32,10637.66,8412.576458333333,1160.736382114296,6.7,13.2,10.016666666666667,1.9025552060470519,17.4,5.9,0.0,346.17,85.14,125.08949727584408,18:30:00
1999,0.0,306915,0.0,10841.32,2015-06-23,6629.3,11278.45,8956.027708333333,1340.033204735058,5.9,17.4,9.870833333333334,3.901933963111404,18.9,4.2,0.0,526.78,130.42875,191.67277075926017,18:30:00
2000,0.0,306915,0.0,10446.67,2015-06-24,6734.21,10841.32,8879.972083333332,1137.0331908214498,4.2,18.9,10.827083333333334,4.844243769158965,20.6,7.1,0.0,497.83,127.56208333333335,186.2843194878644,18:30:00
2001,0.0,306915,0.0,10509.13,2015-06-25,6494.36,10446.67,8641.180416666666,1052.3096628055189,7.1,20.6,13.258333333333333,3.831994832611745,18.2,9.5,0.0,389.27,92.95916666666666,138.72390394935675,18:00:00
2002,4.0,306915,0.0,10293.18,2015-06-26,6597.45,10509.13,8687.827708333332,1058.2525402681526,9.5,18.2,13.56875,2.3593324200046735,17.7,5.9,0.0,378.8,78.91125,123.76476192847765,18:00:00
2003,0.0,306915,0.0,9861.47,2015-06-27,6605.62,10293.18,8662.935416666667,1005.4397663941044,5.9,17.7,11.364583333333334,3.506983281623774,18.5,4.6,0.0,448.77,107.88166666666666,157.80362135279637,18:30:00
2004,0.0,306915,0.0,10287.0,2015-06-28,6587.72,9861.47,8220.696041666666,900.4901193941837,4.6,18.5,9.391666666666667,4.717501742981709,17.3,3.2,0.0,531.17,133.13958333333332,194.3162250396309,18:00:00
2005,0.0,306915,0.0,10930.1,2015-06-29,6424.87,10287.0,8163.826041666667,1085.1320522813123,3.2,17.3,8.797916666666667,4.643068023813442,18.2,5.3,0.0,512.38,127.83749999999999,188.01422809163574,18:30:00
2006,0.0,306915,0.0,10964.47,2015-06-30,6562.92,10930.1,8853.4275,1257.6564012471263,5.3,18.2,10.389583333333333,4.282633887479106,18.6,4.8,0.0,437.17,98.02083333333333,147.01108988901012,18:30:00
2007,3.4,310007,0.0,10943.66,2015-07-01,6846.09,10964.47,9076.456250000001,1125.9450178663164,4.8,18.6,10.508333333333333,4.225093897147885,15.6,5.6,0.0,352.45,90.42291666666667,129.38280230284698,18:00:00
2008,0.0,310007,0.0,11490.45,2015-07-02,6724.14,10943.66,8900.234791666668,1132.314771954862,5.6,15.6,10.393749999999999,2.894485310511346,15.4,2.5,0.0,396.23,100.65833333333335,147.10459677694578,18:30:00
2009,0.0,310007,0.0,11266.07,2015-07-03,6819.63,11490.45,9198.12,1300.1138038599672,2.5,15.4,8.945833333333333,4.368258737433386,13.9,3.3,0.0,521.9,127.90375,189.88357580678277,18:30:00
2010,0.0,310007,0.0,10721.53,2015-07-04,7125.17,11266.07,9346.272500000001,1162.8786243033696,3.3,13.9,7.8187500000000005,3.489720847825035,15.0,1.9,0.0,512.78,123.37416666666667,180.54705637086522,18:30:00
2011,0.0,310007,0.0,10719.19,2015-07-05,6889.38,10721.53,8802.350833333334,1098.10418229887,1.9,15.0,6.754166666666666,3.9621055187670073,17.4,2.6,0.0,524.35,131.43833333333333,192.55687057233226,18:30:00
2012,0.0,310007,0.0,11677.38,2015-07-06,6698.8,10719.19,8461.137291666668,1162.4007013161026,2.6,17.4,7.902083333333334,4.705745224782933,15.7,0.7,0.0,535.28,134.93041666666667,197.62624744336486,18:30:00
2013,0.0,310007,0.0,11788.16,2015-07-07,6634.4,11677.38,9237.029375,1443.9228514612346,0.7,15.7,8.279166666666667,4.886627794877953,14.3,4.0,0.0,547.83,137.95125,201.5528677978887,18:30:00
2014,0.0,310007,0.0,11533.73,2015-07-08,7105.64,11788.16,9563.634166666667,1269.9203160892857,4.0,14.3,9.2125,3.323905995035026,13.9,5.3,0.0,360.55,83.68249999999999,126.29665817835911,18:30:00
2015,0.0,310007,0.0,11274.68,2015-07-09,7094.59,11533.73,9385.28625,1205.284199058684,5.3,13.9,8.954166666666667,2.7910158551226654,16.3,2.1,0.0,384.8,91.81958333333334,135.16534405239167,18:30:00
2016,0.0,310007,0.0,11298.69,2015-07-10,7086.04,11274.68,9254.935625,1161.0034460115367,2.1,16.3,8.166666666666666,5.036181149181975,14.6,2.9,0.0,517.42,125.43166666666667,183.47805889850454,18:30:00
2017,1.2,310007,0.0,10124.17,2015-07-11,6938.12,11298.69,9328.496666666668,1195.0322542790955,2.9,14.6,8.549999999999999,3.725644310976947,18.0,2.5,0.0,477.4,120.42791666666666,175.3284904414026,18:00:00
2018,12.2,310007,0.0,11301.5,2015-07-12,6642.89,10124.17,8414.523125,964.7755466365727,2.5,18.0,9.55625,5.361601310897825,13.8,6.5,0.0,537.38,132.86916666666667,195.64036780867093,18:30:00
2019,4.6,310007,0.0,11772.29,2015-07-13,6344.87,11301.5,8663.585208333332,1412.251410479012,6.5,13.8,9.254166666666666,2.2570889115429043,16.4,6.9,0.0,464.05,102.97125,163.09340000115324,18:30:00
2020,0.4,310007,0.0,11535.91,2015-07-14,6621.18,11772.29,9373.667083333334,1499.602292979862,6.9,16.4,10.822916666666666,3.253818678554138,16.0,5.7,0.0,468.8,85.65750000000001,146.02631778975336,18:30:00
2021,0.0,310007,0.0,11788.26,2015-07-15,6826.78,11535.91,9136.954375,1272.8210408462294,5.7,16.0,10.647916666666667,2.979075223017565,15.0,0.7,0.0,564.53,142.02875,208.5941341903387,19:00:00
2022,0.0,310007,0.0,12137.29,2015-07-16,6918.49,11788.26,9403.373958333334,1336.7119473842297,0.7,15.0,7.7749999999999995,4.41219297045252,11.7,4.9,0.0,550.83,135.19541666666666,199.56537631636104,18:30:00
2023,16.6,310007,0.0,11804.72,2015-07-17,6866.3,12137.29,9660.916666666666,1467.0232621534292,4.9,11.7,7.808333333333334,1.9447510734252476,13.5,5.5,0.0,306.12,77.58833333333334,111.38306188475293,18:30:00
2024,1.6,310007,0.0,11018.12,2015-07-18,6976.47,11804.72,9880.602291666666,1406.073137786677,5.5,13.5,8.608333333333333,2.5690327125231756,13.6,6.0,0.0,272.65,63.64791666666667,98.24516938930553,18:30:00
2025,0.0,310007,0.0,10944.56,2015-07-19,7021.06,11018.12,9019.879791666666,1067.9636694981905,6.0,13.6,9.38125,2.396775870720516,14.9,5.7,0.0,394.67,89.41624999999999,132.61950289207252,18:30:00
2026,0.0,310007,0.0,11505.44,2015-07-20,6674.61,10944.56,8583.356875,1196.472237728893,5.7,14.9,9.510416666666666,3.310283113387758,15.4,5.7,0.0,457.17,106.41875,158.13765057460327,18:30:00
2027,0.0,310007,0.0,11134.88,2015-07-21,6706.69,11505.44,9218.416666666666,1384.1365745541302,5.7,15.4,10.260416666666666,3.2201981955214674,18.1,4.3,0.0,431.77,93.71458333333334,141.71963856552077,18:30:00
2028,0.0,310007,0.0,11286.07,2015-07-22,6945.15,11134.88,9100.62125,1164.5411670287945,4.3,18.1,10.814583333333333,4.690415287304088,16.1,5.7,0.0,562.75,142.26916666666668,205.76933709016225,19:00:00
2029,4.4,310007,0.0,10757.37,2015-07-23,6618.01,11286.07,9220.19875,1287.3524224111143,5.7,16.1,10.379166666666666,3.7811941338701702,17.6,8.9,0.0,268.92,64.055,94.2450274042378,18:30:00
2030,0.2,310007,0.0,10258.13,2015-07-24,6759.13,10757.37,8987.935208333334,1118.6070715716792,8.9,17.6,12.137500000000001,2.3860075261603058,18.7,8.8,0.0,492.23,95.20333333333333,149.15504672360424,18:30:00
2031,0.2,310007,0.0,9298.77,2015-07-25,6653.07,10258.13,8725.077083333334,997.3054333360087,8.8,18.7,13.395833333333334,3.146153229237884,19.3,5.2,0.0,546.4,107.12666666666667,172.2763999511885,18:00:00
2032,0.0,310007,0.0,9840.6,2015-07-26,6264.04,9298.77,7762.264999999999,816.7864666783698,5.2,19.3,13.389583333333334,4.071135529989895,19.5,5.5,0.0,591.05,152.88625,219.47843198088333,18:30:00
2033,0.0,310007,0.0,11612.41,2015-07-27,6063.11,9840.6,7699.919583333333,1061.004263111251,5.5,19.5,12.964583333333332,4.294206368274974,14.0,6.4,0.0,575.3,147.15291666666667,209.5219552270433,18:30:00
2034,0.0,310007,0.0,11594.04,2015-07-28,6418.89,11612.41,8986.009375,1502.051851230412,6.4,14.0,9.80625,2.330501384279283,16.9,3.0,0.0,608.67,157.06166666666667,225.57272795051153,18:30:00
2035,0.0,310007,0.0,11239.1,2015-07-29,6902.67,11594.04,9269.465833333334,1318.7767553753893,3.0,16.9,9.114583333333334,4.159479794772487,16.8,5.3,0.0,602.0,155.88833333333335,222.6595125740562,18:30:00
2036,0.0,310007,0.0,10703.03,2015-07-30,7080.27,11239.1,9238.759375,1190.8069671899423,5.3,16.8,9.410416666666666,3.8594035248177776,18.7,4.0,0.0,584.65,145.90333333333334,211.22930825852714,18:30:00
2037,0.0,310007,0.0,9947.15,2015-07-31,6867.11,10703.03,8863.514583333334,1085.4184310012756,4.0,18.7,11.71875,5.003133326736995,19.1,7.0,0.0,612.42,155.91416666666666,225.06054620435233,18:30:00
2038,0.0,313008,0.0,9110.23,2015-08-01,6617.9,9947.15,8492.240833333333,957.7663457450593,7.0,19.1,13.014583333333334,3.683140980504209,21.3,3.5,0.0,603.17,155.08291666666665,222.01026360890398,19:00:00
2039,0.0,313008,0.0,8986.13,2015-08-02,6363.59,9110.23,7817.888749999999,758.271033168936,3.5,21.3,12.645833333333334,6.30474182687492,23.8,6.8,0.0,572.53,142.95333333333335,205.24126241627667,18:30:00
2040,0.0,313008,0.0,10719.19,2015-08-03,5994.9,8986.13,7358.610833333333,760.4832601227649,6.8,23.8,14.84375,5.647741263813234,17.4,4.2,0.0,477.92,117.84791666666666,165.1466929115141,18:30:00
2041,0.0,313008,0.0,11463.39,2015-08-04,6049.34,10719.19,8376.471458333333,1322.5735692105848,4.2,17.4,11.643749999999999,3.6446350107661165,13.7,3.6,0.0,630.88,169.5525,237.33100557543426,18:30:00
2042,0.0,313008,0.0,11755.17,2015-08-05,6860.58,11463.39,9178.543541666668,1284.679228865587,3.6,13.7,8.566666666666666,2.71233065621662,14.5,3.4,0.0,409.55,101.34833333333334,143.6278554012526,18:30:00
2043,0.0,313008,0.0,11426.1,2015-08-06,6844.31,11755.17,9431.930624999999,1346.2924145212555,3.4,14.5,8.647916666666667,3.5282440683254555,15.6,3.9,0.0,494.23,118.26625,166.0051554938337,18:30:00
2044,0.0,313008,0.0,10777.3,2015-08-07,6887.76,11426.1,9208.397916666667,1270.6830257124975,3.9,15.6,9.941666666666666,3.644981004727281,17.2,3.9,0.0,628.45,155.63541666666666,224.81244162027488,19:00:00
2045,0.0,313008,0.0,10186.65,2015-08-08,7034.85,10777.3,9085.013333333334,1107.0398668873734,3.9,17.2,9.741666666666667,4.127841810702584,15.9,5.4,0.0,635.3,167.23333333333332,236.2820146096909,18:30:00
2046,0.0,313008,0.0,10250.05,2015-08-09,6780.24,10186.65,8409.394375,947.6965803280915,5.4,15.9,10.110416666666667,3.621933160992212,17.7,2.9,0.0,552.58,146.23041666666668,206.00129139967382,18:30:00
2047,0.0,313008,0.0,10508.45,2015-08-10,6518.35,10250.05,8107.4175,1037.8152153555109,2.9,17.7,10.127083333333333,4.9099438651440055,20.2,4.0,0.0,609.62,157.16791666666666,221.41346743725563,18:30:00
2048,0.0,313008,0.0,10431.6,2015-08-11,6400.54,10508.45,8493.614583333334,1164.4426905641747,4.0,20.2,12.262500000000001,5.085675544574275,19.3,3.7,0.0,648.03,175.22708333333333,243.19605123874965,18:30:00
2049,0.0,313008,0.0,11329.6,2015-08-12,6571.93,10431.6,8537.379375,1080.4947422901332,3.7,19.3,11.877083333333333,5.2846723195315235,17.1,2.4,0.0,656.1,174.43166666666664,242.6923574556395,19:00:00
2050,0.0,313008,0.0,10824.29,2015-08-13,6705.6,11329.6,9076.9,1259.1993490140665,2.4,17.1,9.645833333333334,4.744894606068193,18.5,8.7,0.0,421.3,117.56333333333333,155.63510300226238,18:30:00
2051,0.0,313008,586.6,10330.38,2015-08-14,6766.21,10824.29,8815.002708333333,1119.024278014613,8.7,18.5,12.779166666666667,3.4147339283490945,19.1,2.6,0.0,664.78,179.62750000000003,249.27830015184983,18:30:00
2052,0.0,313008,0.0,9718.72,2015-08-15,6874.86,10330.38,8769.557291666666,999.6908325582563,2.6,19.1,10.356250000000001,5.1516948770655056,16.8,5.0,0.0,666.38,179.77083333333334,248.4290166231687,08:00:00
2053,0.0,313008,0.0,9375.08,2015-08-16,6656.19,9718.72,8195.883125,792.203810800903,5.0,16.8,11.452083333333334,4.080570964603253,19.4,7.3,0.0,365.75,96.16791666666667,132.2997724818863,18:30:00
2054,0.0,313008,0.0,10436.93,2015-08-17,6313.6,9375.08,7607.316666666667,821.8135043948076,7.3,19.4,13.920833333333334,3.5943784911426144,19.8,4.5,0.0,631.5,168.9375,234.25724878768315,18:30:00
2055,0.0,313008,0.0,10918.55,2015-08-18,6265.89,10436.93,8388.515833333333,1167.3975418194518,4.5,19.8,12.954166666666666,5.155949190666798,15.2,6.3,0.0,658.92,181.47833333333332,247.5190494932798,18:30:00
2056,0.0,313008,0.0,10610.65,2015-08-19,6716.1,10918.55,8728.077500000001,1156.91625608495,6.3,15.2,11.55625,2.363004420989732,17.4,6.8,0.0,643.2,170.485,236.23466237278342,19:00:00
2057,0.0,313008,0.0,10124.74,2015-08-20,6845.49,10610.65,8782.647500000001,1010.3336808319348,6.8,17.4,11.191666666666668,3.763476964888748,20.3,4.3,0.0,587.0,158.85708333333332,220.01728564063723,18:30:00
2058,0.0,313008,597.58,9503.65,2015-08-21,6771.78,10124.74,8527.284166666666,948.310272068129,4.3,20.3,12.045833333333334,5.482776060841198,22.7,6.3,0.0,665.38,178.58791666666664,246.51554070348854,19:00:00
2059,0.0,313008,0.0,8220.01,2015-08-22,6598.15,9503.65,8224.93875,786.8923586708501,6.3,22.7,14.297916666666666,5.413595556002649,27.2,10.2,0.0,695.45,184.18708333333333,255.81081057337215,08:00:00
2060,4.0,313008,0.0,9147.76,2015-08-23,6097.44,8220.01,7195.235625,556.9077088630493,10.2,27.2,19.839583333333334,5.09023845043329,19.7,14.3,0.0,639.67,178.20791666666665,243.0336450415109,18:30:00
2061,4.0,313008,0.0,9944.97,2015-08-24,5623.02,9147.76,7272.539583333334,989.2353854752766,14.3,19.7,16.054166666666667,1.2179435638906655,16.8,14.2,0.0,220.02,48.937083333333334,73.23620862714026,18:30:00
2062,27.2,313008,0.0,9985.16,2015-08-25,5888.39,9944.97,8112.723333333334,1194.9717076047812,14.2,16.8,15.475,0.688970863726348,19.7,12.2,0.0,282.83,51.94166666666666,76.96332923648198,18:30:00
2063,10.0,313008,0.0,9785.41,2015-08-26,6061.82,9985.16,8173.113333333334,1032.4911141925265,12.2,19.7,15.270833333333334,2.3297299937914766,18.9,12.2,0.0,514.65,125.50083333333333,172.8679031537669,18:30:00
2064,2.2,313008,0.0,9869.91,2015-08-27,6168.38,9785.41,8125.2872916666665,941.8698627520653,12.2,18.9,15.19375,2.114026736480215,20.5,9.7,0.0,496.45,120.51375,170.90954407478557,18:30:00
2065,0.0,313008,0.0,9545.85,2015-08-28,6282.74,9869.91,8247.010416666666,955.7309923665943,9.7,20.5,14.508333333333333,3.5532324709914205,19.0,8.5,0.0,361.73,98.67458333333333,131.2766521139545,19:00:00
2066,0.0,313008,0.0,8993.25,2015-08-29,6324.37,9545.85,8161.327499999999,860.0776642034734,8.5,19.0,13.454166666666666,3.6004112255279686,19.2,5.6,0.0,636.75,174.52291666666667,241.36820069388935,18:30:00
2067,0.0,313008,0.0,9559.85,2015-08-30,6246.12,8993.25,7524.599999999999,763.8508715516484,5.6,19.2,11.914583333333333,4.311932458286273,16.8,6.6,0.0,737.3,204.62833333333333,277.0845141048802,19:00:00
2068,0.0,313008,0.0,10001.86,2015-08-31,6167.9,9559.85,7543.828541666667,912.1502116940898,6.6,16.8,12.208333333333334,3.426792640563249,17.7,5.8,0.0,725.95,199.14166666666665,270.6920366734857,19:00:00
2069,0.0,315835,0.0,10104.07,2015-09-01,6314.8,10001.86,8189.522291666667,1012.5970352477377,5.8,17.7,12.202083333333334,3.4581688416832175,17.6,4.2,0.0,730.78,198.09583333333333,269.025103938816,19:00:00
2070,0.0,315835,0.0,9895.63,2015-09-02,6631.8,10104.07,8349.543541666666,926.7141051907698,4.2,17.6,10.475,4.335773998977895,19.3,4.0,0.0,771.17,217.13,289.84419077783764,19:00:00
2071,1.6,315835,0.0,9957.26,2015-09-03,6643.13,9895.63,8354.567291666666,885.1909385388169,4.0,19.3,12.375,5.372328628594588,20.3,10.3,0.0,633.67,186.39833333333334,244.6742833792777,19:00:00
2072,1.2,315835,0.0,9500.38,2015-09-04,6260.19,9957.26,8238.68625,943.5541440735677,10.3,20.3,14.820833333333333,2.949573235148358,18.1,12.4,0.0,509.3,154.58,201.53996240648777,18:30:00
2073,0.2,315835,0.0,8844.39,2015-09-05,6482.97,9500.38,8214.861041666667,812.1649719435596,12.4,18.1,14.456249999999999,1.8460891670680366,19.5,7.7,0.0,437.88,111.87708333333335,153.59591846802266,19:00:00
2074,0.2,315835,0.0,9002.74,2015-09-06,6281.72,8844.39,7512.169791666667,662.212428668426,7.7,19.5,14.047916666666666,3.304477271136994,16.3,10.1,0.0,696.28,194.7975,263.09141338681576,18:30:00
2075,10.2,315835,0.0,9389.74,2015-09-07,5922.75,9002.74,7405.969375000001,847.1854352474116,10.1,16.3,13.90625,1.7273034266334255,22.8,8.2,0.0,417.3,109.53250000000001,148.80555015315448,18:30:00
2076,0.0,315835,0.0,9706.11,2015-09-08,5826.27,9389.74,7708.761666666666,953.806724186586,8.2,22.8,15.09375,5.1475838682678186,18.7,6.3,0.0,775.15,211.08416666666665,285.013289526537,19:00:00
2077,0.0,315835,0.0,9496.9,2015-09-09,6139.4,9706.11,7990.166666666667,919.5327394616486,6.3,18.7,13.502083333333333,3.5206678273240457,17.5,6.3,0.0,803.0,225.40083333333334,299.9812674157415,19:00:00
2078,0.0,315835,0.0,9518.95,2015-09-10,6318.64,9496.9,7967.714375,825.4460450836757,6.3,17.5,12.616666666666667,3.5152151553855813,18.0,8.4,0.0,785.58,219.6029166666667,292.11350457144937,19:00:00
2079,0.0,315835,0.0,8814.84,2015-09-11,6266.98,9518.95,7987.78875,815.7913119790701,8.4,18.0,13.660416666666668,3.1722023749756905,22.1,11.6,0.0,502.7,136.55125,180.2790643327786,19:00:00
2080,0.0,315835,0.0,8087.62,2015-09-12,6195.02,8814.84,7704.352083333334,674.9046429002648,11.6,22.1,16.349999999999998,3.1473055007249644,25.2,7.9,0.0,792.8,219.9525,293.51002048935163,19:00:00
2081,0.0,315835,0.0,8308.87,2015-09-13,5941.21,8087.62,7083.642083333333,544.461569634013,7.9,25.2,15.50625,5.74779906998637,23.8,10.1,0.0,820.88,238.6470833333333,309.64106490819705,19:00:00
2082,0.0,315835,0.0,9036.5,2015-09-14,5676.57,8308.87,6850.614375,670.7700747962411,10.1,23.8,16.84375,4.575880626790683,23.0,9.3,0.0,792.28,231.16166666666666,298.1686032074009,19:00:00
2083,0.0,315835,0.0,8919.15,2015-09-15,5754.5,9036.5,7511.081875,885.962957615397,9.3,23.0,16.854166666666668,4.5238826448524465,28.5,10.1,0.0,819.5,237.5929166666667,308.5365547566435,19:00:00
2084,0.0,315835,0.0,8927.9,2015-09-16,5882.89,8919.15,7587.649791666667,789.3153070494131,10.1,28.5,19.3625,6.575085955266967,19.8,7.8,0.0,810.0,232.27874999999997,301.22710676939346,19:00:00
2085,0.0,315835,0.0,9180.39,2015-09-17,6022.94,8927.9,7587.524375,737.800581478077,7.8,19.8,14.435416666666667,3.7579696636492166,18.2,9.6,0.0,841.5,246.34416666666667,317.4223896906932,19:00:00
2086,3.0,315835,0.0,8862.04,2015-09-18,6091.75,9180.39,7784.571666666667,793.3702392267943,9.6,18.2,14.35,2.8171964334566475,18.3,12.6,0.0,537.88,138.80958333333334,181.69811682952897,19:00:00
2087,3.2,315835,0.0,8425.92,2015-09-19,6187.84,8862.04,7737.276666666668,700.9975045098796,12.6,18.3,15.339583333333332,1.87749715509129,18.7,12.1,0.0,650.85,176.83166666666668,233.56228974923968,19:00:00
2088,3.4,315835,0.0,8510.82,2015-09-20,5999.99,8425.92,7259.693749999999,613.34641943395,12.1,18.7,14.977083333333333,2.215922994219803,18.1,9.2,0.0,617.0,172.01541666666665,228.95439767498752,19:00:00
2089,0.2,315835,0.0,9036.97,2015-09-21,5756.5,8510.82,7039.950625,718.1226285027413,9.2,18.1,13.897916666666667,2.6612658628757493,24.6,8.7,0.0,448.52,125.91333333333334,162.8539969699179,19:00:00
2090,0.2,315835,0.0,9532.06,2015-09-22,5810.08,9036.97,7565.566666666667,853.8031816932425,8.7,24.6,16.006249999999998,5.072177183713,17.9,11.5,0.0,836.38,230.28666666666666,302.3676603154014,19:00:00
2091,0.0,315835,0.0,10168.77,2015-09-23,5874.24,9532.06,7779.849166666667,919.1874759711803,11.5,17.9,14.779166666666667,1.818458352600314,14.9,8.5,0.0,746.3,217.92041666666668,282.7573974911937,19:00:00
2092,0.0,315835,0.0,10398.73,2015-09-24,6262.18,10168.77,8152.433333333333,987.083392991984,8.5,14.9,11.735416666666666,1.7853409690830835,15.3,7.7,0.0,635.97,177.90958333333333,234.3048090738682,19:00:00
2093,1.6,315835,0.0,9852.49,2015-09-25,6437.26,10398.73,8351.383958333334,1003.6134273898444,7.7,15.3,11.420833333333334,1.9834376276291208,16.5,10.4,0.0,674.1,174.70125,231.45933316928534,19:00:00
2094,7.0,315835,0.0,8694.73,2015-09-26,6446.01,9852.49,8318.121041666667,886.7128234323209,10.4,16.5,13.1625,1.8803151614511278,18.0,10.6,0.0,568.17,151.71625,200.59414157325392,19:00:00
2095,1.4,315835,0.0,8750.56,2015-09-27,6224.33,8694.73,7446.105833333334,622.578521264359,10.6,18.0,13.775,2.6112278028348794,17.6,12.2,0.0,576.88,162.13947916666666,207.36994960502608,19:00:00
2096,0.0,315835,0.0,9078.11,2015-09-28,5900.69,8750.56,7192.280416666667,740.409176474964,12.2,17.6,14.59375,1.8657502341337673,19.9,9.1,0.0,645.88,169.8496875,213.56227522521,19:00:00
2097,0.0,315835,0.0,8834.32,2015-09-29,5969.25,9078.11,7615.582083333334,811.4617308603573,9.1,19.9,14.760416666666666,3.594010359054759,24.5,8.2,0.0,891.08,267.8271875,336.56460061499985,19:00:00
2098,0.0,315835,0.0,8830.75,2015-09-30,6134.53,8834.32,7597.731666666667,663.0375523858044,8.2,24.5,16.818749999999998,5.305182382009405,20.2,13.7,0.0,897.1,265.3490625,336.0573462202105,19:00:00
2099,0.0,318501,0.0,8840.01,2015-10-01,6010.75,8830.75,7637.535,740.1890074321592,13.7,20.2,17.266666666666666,1.7335651781661827,24.5,13.5,0.0,765.8,211.34645833333335,269.517326709739,19:00:00
2100,0.0,318501,0.0,8461.38,2015-10-02,6089.33,8840.01,7651.130833333334,723.2035422145218,13.5,24.5,18.283333333333335,3.7060808762077624,23.2,14.3,0.0,876.8,248.98687500000003,320.2599418235679,19:00:00
2101,0.0,318501,0.0,7990.14,2015-10-03,6055.31,8461.38,7531.311874999999,676.1561845057294,14.3,23.2,18.347916666666666,2.915475187233788,32.4,11.6,0.0,841.33,268.5652083333333,332.0451049307403,19:00:00
2102,0.0,318501,0.0,8092.93,2015-10-04,5669.9,7990.14,6846.387916666667,599.8759263911602,11.6,32.4,20.327083333333334,6.907034329359478,32.8,11.7,0.0,927.3,280.35947916666663,350.38822852907634,19:00:00
2103,0.0,318501,0.0,9075.4,2015-10-05,5413.94,8092.93,6833.643958333333,819.3736255570269,11.7,32.8,22.1375,7.815822059648307,36.1,12.1,0.0,839.08,245.89104166666667,309.45321847309964,18:30:00
2104,0.0,318501,0.0,10391.0,2015-10-06,5459.65,9075.4,7145.966041666667,1185.082298084371,12.1,36.1,23.29375,8.245267017597998,35.4,14.1,0.0,923.33,281.4477083333333,349.9222053572527,17:00:00
2105,0.0,318501,0.0,8254.24,2015-10-07,5786.93,10391.0,8258.368958333334,1436.585440034866,14.1,35.4,23.98125,7.169606542811357,19.6,15.4,0.0,936.9,287.5919791666667,354.180492399753,17:00:00
2106,0.0,318501,0.0,8519.02,2015-10-08,5948.35,8254.24,7515.530416666667,733.258268110912,15.4,19.6,17.822916666666668,1.2204358452955544,21.1,16.7,0.0,299.75,98.97979166666666,117.62152420061058,18:30:00
2107,0.0,318501,0.0,8352.3,2015-10-09,5738.92,8519.02,7485.723333333332,808.5196739572189,16.7,21.1,17.847916666666666,1.1315569359474507,22.6,16.4,0.0,595.62,144.08510416666667,188.4902756210843,18:30:00
2108,0.0,318501,0.0,7880.77,2015-10-10,5975.4,8352.3,7607.15375,728.972130128983,16.4,22.6,19.193749999999998,2.133362768524766,26.1,13.2,0.0,915.5,273.8546875,341.31510224986596,16:00:00
2109,0.0,318501,0.0,8002.72,2015-10-11,5793.48,7880.77,7080.105625,613.7756406496754,13.2,26.1,19.193749999999998,4.342732067317835,26.6,12.4,0.0,916.6,267.9742708333333,337.1392668183876,19:00:00
2110,2.8,318501,0.0,8803.36,2015-10-12,5637.2,8002.72,6875.208541666667,673.4258232478005,12.4,26.6,18.349999999999998,4.290166886601686,30.0,15.0,0.0,872.62,222.519375,305.67882560111633,18:30:00
2111,0.0,318501,191.485,8513.63,2015-10-13,5731.32,8803.36,7720.134166666667,1020.4194551028914,15.0,30.0,21.460416666666664,4.614442617885594,19.5,16.0,0.0,899.6,254.8734375,329.863730178691,17:00:00
2112,1.4,318501,0.0,8497.52,2015-10-14,5929.41,8513.63,7748.255416666667,859.0192630762091,16.0,19.5,18.458333333333332,0.8268971309952805,24.1,14.0,0.0,527.2,148.15604166666665,179.99105074076374,10:30:00
2113,0.0,318501,0.0,9024.16,2015-10-15,5947.06,8497.52,7674.624374999999,790.5375445857076,14.0,24.1,19.01875,3.3354738251555593,25.4,13.9,0.0,846.3,261.6827083333333,322.7060435976118,17:00:00
2114,0.0,318501,0.0,9626.89,2015-10-16,5893.31,9024.16,7832.450833333333,935.508766357219,13.9,25.4,19.777083333333334,3.8116975379176377,31.2,14.5,0.0,948.47,294.94,357.5113741859696,17:00:00
2115,0.0,318501,0.0,7971.23,2015-10-17,5970.7,9626.89,8064.028125,1095.240844284958,14.5,31.2,22.212500000000002,5.617473688260399,25.0,16.6,0.0,968.28,306.0748958333333,369.06299326591005,16:30:00
2116,1.0,318501,0.0,7810.94,2015-10-18,5875.02,7971.23,7234.740833333333,656.4601701285834,16.6,25.0,21.179166666666667,1.9825792713977115,21.3,18.9,0.0,911.67,255.94885416666668,326.95743266962813,15:00:00
2117,0.0,318501,0.0,8980.8,2015-10-19,5612.58,7810.94,6820.889166666667,633.4372833548497,18.9,21.3,19.808333333333334,0.6909239368590607,24.7,18.0,0.0,552.95,163.80229166666666,205.07145389112432,19:00:00
2118,0.0,318501,0.0,9456.56,2015-10-20,5818.36,8980.8,7795.097291666666,1047.7559124487113,18.0,24.7,21.195833333333333,2.1488203922185267,30.8,16.1,0.0,924.95,282.3780208333333,347.47567879949486,16:30:00
2119,10.0,318501,0.0,8851.4,2015-10-21,5869.16,9456.56,8034.344583333333,1127.9257016593126,16.1,30.8,21.916666666666668,4.788920427951194,27.1,16.4,0.0,919.85,268.03687499999995,341.3775949341218,15:30:00
2120,1.8,318501,288.33,8483.92,2015-10-22,5867.65,8851.4,7907.944166666667,992.9541760865918,16.4,27.1,22.40416666666667,3.7846250177293252,20.9,15.1,0.0,618.6,193.63208333333333,241.99541357715003,16:00:00
2121,17.0,318501,322.2,8069.42,2015-10-23,5909.46,8483.92,7663.58125,819.6624747759591,15.1,20.9,18.370833333333334,1.668093360994192,19.5,11.6,0.0,589.85,162.30083333333332,209.21484289247934,09:00:00
2122,0.0,318501,0.0,7546.73,2015-10-24,5771.68,8069.42,7388.795833333334,712.9271222515271,11.6,19.5,16.241666666666667,1.989422383115189,22.5,10.7,0.0,755.2,219.45281250000002,275.1689319519964,10:00:00
2123,0.0,318501,0.0,7862.48,2015-10-25,5604.09,7546.73,6761.072499999999,534.4457584503144,10.7,22.5,16.964583333333334,4.068011672995939,25.0,12.2,0.0,927.62,294.2284375,353.50236330149295,19:00:00
2124,0.0,318501,0.0,8655.15,2015-10-26,5487.85,7862.48,6718.739791666667,681.1408499871617,12.2,25.0,18.91875,4.35531742742329,29.3,13.8,0.0,953.53,275.8153125,348.93354821757794,19:00:00
2125,7.6,318501,0.0,8290.57,2015-10-27,5727.92,8655.15,7636.857499999999,982.1255686639072,13.8,29.3,20.412499999999998,4.395918077567057,18.4,15.7,0.0,632.25,171.93291666666667,232.03439821760412,13:00:00
2126,0.0,318501,0.0,8189.07,2015-10-28,5765.05,8290.57,7493.12,786.0408317611402,15.7,18.4,16.772916666666667,0.6603479364419343,20.4,11.8,0.0,492.88,140.5725,177.13486616615634,19:00:00
2127,0.0,318501,0.0,8195.41,2015-10-29,5871.08,8189.07,7501.407916666667,720.5323851447454,11.8,20.4,16.08125,2.8154328679694256,22.3,12.3,0.0,842.83,241.31854166666668,300.87717456887856,19:00:00
2128,0.0,318501,0.0,8115.48,2015-10-30,5884.85,8195.41,7499.631875,732.3966428791606,12.3,22.3,17.502083333333335,3.2642805458890174,22.8,10.8,0.0,925.05,298.92843750000003,350.4002189171513,17:00:00
2129,0.0,318501,206.99,7563.67,2015-10-31,5888.38,8115.48,7459.543541666666,714.4362374821244,10.8,22.8,17.914583333333333,3.8530446421219153,24.6,13.1,0.0,956.4,281.1482291666667,341.09246917229456,16:00:00
2130,0.0,321232,0.0,8039.69,2015-11-01,5710.59,7563.67,6934.375,587.3804668004576,13.1,24.6,19.347916666666666,3.4740368071724075,28.2,15.3,0.0,823.35,209.6476041666667,280.83810925246513,09:30:00
2131,15.4,321232,0.0,9219.41,2015-11-02,5583.38,8039.69,6841.490208333333,771.303086395312,15.3,28.2,21.16875,4.206790672942672,30.5,17.7,0.0,968.1,297.17302083333334,363.1989062567589,18:00:00
2132,0.0,321232,123.935,8518.19,2015-11-03,5645.86,9219.41,7780.720833333333,1170.700802314459,17.7,30.5,22.852083333333336,4.134133451784439,20.5,17.0,0.0,883.72,255.4325,313.19328837473313,16:00:00
2133,3.2,321232,105.45,8435.22,2015-11-04,5789.55,8518.19,7507.707708333332,867.893351518221,17.0,20.5,18.575,0.7942613322010484,19.4,16.4,0.0,253.52,75.34572916666666,93.195378321108,09:30:00
2134,18.4,321232,0.0,8426.73,2015-11-05,5625.87,8435.22,7526.637916666667,922.8743625032505,16.4,19.4,17.631249999999998,0.9560904991438817,21.6,16.0,0.0,287.2,85.08145833333333,103.62550647648901,10:00:00
2135,13.0,321232,98.175,8476.05,2015-11-06,5633.24,8426.73,7562.07125,921.8658288345829,16.0,21.6,18.920833333333334,1.5685687110925186,27.9,17.3,0.0,461.58,113.24833333333333,142.73490536258205,17:00:00
2136,0.8,321232,357.37,7529.95,2015-11-07,5725.0,8476.05,7543.426458333332,857.9333767554558,17.3,27.9,21.110416666666666,2.994622100503284,24.4,15.6,0.0,804.85,196.57208333333332,262.6040307148675,10:30:00
2137,0.0,321232,0.0,7490.61,2015-11-08,5606.69,7529.95,6866.094583333333,593.5217960863865,15.6,24.4,19.204166666666666,2.646873573919249,20.3,14.0,0.0,848.7,246.50322916666667,306.8998487092408,09:30:00
2138,0.2,321232,0.0,8360.12,2015-11-09,5348.03,7490.61,6595.277291666666,642.6816124239343,14.0,20.3,17.710416666666667,1.6533961931827474,22.9,11.8,0.0,465.77,141.74510416666666,170.0106168758905,19:00:00
2139,0.0,321232,0.0,8780.33,2015-11-10,5565.92,8360.12,7396.169166666667,906.496858977163,11.8,22.9,17.806250000000002,3.7691020574069003,26.5,12.0,0.0,986.08,320.569375,368.80935490515765,17:00:00
2140,0.0,321232,0.0,8483.18,2015-11-11,5818.68,8780.33,7687.8675,923.7451716155165,12.0,26.5,19.960416666666667,4.757513188377796,22.8,18.3,0.0,1014.88,337.59510416666666,389.50252457801673,16:30:00
2141,0.8,321232,1.915,8608.06,2015-11-12,5843.41,8483.18,7675.375833333333,880.7431322440352,18.3,22.8,20.1375,1.3230565835988473,25.2,16.0,0.0,662.03,212.938125,251.8765667152055,17:00:00
2142,3.8,321232,1.075,8701.28,2015-11-13,5898.3,8608.06,7733.9470833333335,891.480503379746,16.0,25.2,20.254166666666666,2.5990144067559204,29.0,15.7,0.0,889.67,231.619375,307.23400082926776,13:30:00
2143,20.0,321232,237.45,7705.86,2015-11-14,5834.05,8701.28,7661.471666666667,928.2141170430526,15.7,29.0,20.516666666666666,3.5869345255775364,19.8,16.0,0.0,833.45,215.26989583333332,281.6309854818882,13:30:00
2144,20.0,321232,0.0,7508.03,2015-11-15,5561.77,7705.86,6943.702916666666,660.3515718256364,16.0,19.8,17.993750000000002,1.122574216851797,20.1,15.0,0.0,382.1,119.27583333333332,141.91826208837398,09:30:00
2145,1.0,321232,0.0,8272.36,2015-11-16,5470.86,7508.03,6656.298125,623.1607867093009,15.0,20.1,17.4375,1.605923211645604,21.1,12.7,0.0,435.77,131.04072916666667,154.66553905185756,19:30:00
2146,0.0,321232,0.0,8722.05,2015-11-17,5673.44,8272.36,7399.572916666667,832.6576777619914,12.7,21.1,17.181250000000002,3.063279861625167,24.9,11.4,0.0,982.03,334.19520833333337,382.2610883269337,17:00:00
2147,0.0,321232,0.0,10651.42,2015-11-18,5855.71,8722.05,7649.087500000001,846.7866582218651,11.4,24.9,19.097916666666666,4.536119326704192,35.3,13.2,0.0,1063.38,362.28572916666667,410.48031484532953,17:00:00
2148,0.0,321232,0.0,11697.3,2015-11-19,5771.74,10651.42,8321.250208333333,1480.292724421947,13.2,35.3,24.378125,7.735892487605244,33.7,16.0,0.0,1043.2,347.190625,396.8842008464384,17:00:00
2149,0.0,321232,0.0,12601.82,2015-11-20,6114.92,11697.3,9071.119375,1781.6493998675883,16.0,33.7,25.22083333333333,6.201714187645883,40.4,20.7,0.0,997.38,329.9071875,374.14281314291736,17:00:00
2150,0.0,321232,361.46,7998.31,2015-11-21,6512.21,12601.82,9677.099583333335,2029.9928079350204,20.7,40.4,28.645833333333332,7.931594734696232,21.1,18.8,0.0,1034.43,336.158125,391.2788974504332,16:00:00
2151,0.0,321232,0.0,7839.95,2015-11-22,6237.98,7998.31,7272.9747916666665,524.9654475721586,18.8,21.1,19.904166666666665,0.5786846174945574,21.1,16.2,0.0,523.28,182.59677083333335,200.46130885367714,09:30:00
2152,0.0,321232,0.0,8962.51,2015-11-23,5693.82,7839.95,6876.678958333334,659.9597229142885,16.2,21.1,19.09375,1.4117148542773204,23.9,14.1,0.0,380.9,148.64583333333334,157.77749188683183,19:30:00
2153,0.0,321232,0.0,9177.76,2015-11-24,5833.94,8962.51,7843.159375,1050.4821514021526,14.1,23.9,19.889583333333334,2.937305146698704,25.0,15.3,0.0,1024.85,342.2739583333334,395.41426605786904,16:30:00
2154,0.0,321232,0.0,10535.14,2015-11-25,6060.56,9177.76,7984.823125,965.0457310212647,15.3,25.0,20.729166666666668,2.9091900118113085,30.9,14.6,0.0,1007.0,348.32708333333335,392.00241576794883,16:00:00
2155,0.0,321232,0.0,11556.08,2015-11-26,6006.54,10535.14,8410.708333333334,1386.858367935261,14.6,30.9,23.441666666666666,5.288760999308007,36.4,17.3,0.0,1074.78,364.60864583333336,415.0999610895326,17:00:00
2156,0.0,321232,587.08,8586.8,2015-11-27,6058.77,11556.08,8902.784375000001,1804.8696210187027,17.3,36.4,25.87291666666667,7.250935070538358,21.7,14.7,0.0,1028.8,317.62083333333334,390.2505075811893,15:30:00
2157,0.0,321232,316.82500000000005,8012.58,2015-11-28,6174.85,8586.8,7779.252708333333,761.6123811396941,14.7,21.7,18.818749999999998,1.965625475679001,23.1,19.1,0.0,787.2,247.67385416666664,278.39437637088815,10:00:00
2158,1.2,321232,0.0,8554.06,2015-11-29,5923.18,8012.58,7213.539583333334,620.3028626609383,19.1,23.1,21.047916666666666,1.1797925499819488,26.9,19.2,0.0,478.38,150.02739583333334,177.276072889541,09:30:00
2159,0.0,321232,0.0,10018.13,2015-11-30,5890.43,8554.06,7334.556874999999,862.5398124345957,19.2,26.9,22.254166666666666,2.3098271403807953,26.4,16.9,0.0,880.42,237.25354166666668,298.39987603734795,17:30:00
2160,0.0,323667,0.0,11574.02,2015-12-01,6032.8,10018.13,8330.148125,1275.4875344623133,16.9,26.4,21.64375,2.8538071808606693,37.3,16.2,0.0,1061.45,359.7838541666667,408.0143930844654,17:00:00
2161,0.0,323667,412.305,8729.2,2015-12-02,6157.15,11574.02,9098.560416666667,1761.1881907429959,16.2,37.3,26.62291666666667,7.005597749135691,21.1,17.8,0.0,1048.18,326.684375,384.5796313420903,15:30:00
2162,0.0,323667,690.85,8339.54,2015-12-03,6339.09,8729.2,7836.109166666666,741.1921833010142,17.8,21.1,19.035416666666666,0.9537138121370569,21.1,13.2,0.0,773.75,195.03760416666668,250.3538129136731,08:30:00
2163,0.0,323667,0.0,8530.23,2015-12-04,5926.05,8339.54,7624.174791666667,786.688321309692,13.2,21.1,18.129166666666666,2.198738355195981,23.2,11.4,0.0,844.53,262.3541666666667,301.8573467211018,09:00:00
2164,0.0,323667,0.0,8116.84,2015-12-05,5988.73,8530.23,7697.605,804.0572889296201,11.4,23.2,17.720833333333335,3.772236671200006,25.8,11.4,0.0,872.47,295.90843750000005,326.7957889145665,16:30:00
2165,0.0,323667,0.0,8536.68,2015-12-06,5911.51,8116.84,7262.469166666667,687.8841433711195,11.4,25.8,19.191666666666666,4.705896406946058,27.1,13.7,0.0,1080.12,377.80052083333334,418.1509822767109,17:00:00
2166,0.0,323667,0.0,9687.81,2015-12-07,5799.54,8536.68,7302.425,918.4580488757676,13.7,27.1,20.954166666666666,4.43592482781372,25.4,16.7,0.0,1052.43,363.2808333333333,409.6648051051542,17:30:00
2167,0.0,323667,0.0,9495.2,2015-12-08,6150.87,9687.81,8263.273958333333,1156.3809418672486,16.7,25.4,21.483333333333334,2.5192309982800394,25.7,20.1,0.0,946.35,300.3321875,352.30028532233416,15:30:00
2168,1.8,323667,0.0,11283.72,2015-12-09,6414.03,9495.2,8377.308333333332,1038.4895904503614,20.1,25.7,22.460416666666664,1.6062033446600608,32.6,20.0,0.0,648.1,176.57239583333333,211.41188751573944,15:30:00
2169,10.6,323667,0.0,10041.71,2015-12-10,6320.23,11283.72,8960.766875,1565.195617363348,20.0,32.6,25.258333333333336,4.217281232370899,25.4,19.6,0.0,834.97,250.37125,298.8007067632774,16:30:00
2170,0.0,323667,0.0,10967.36,2015-12-11,6412.09,10041.71,8580.259791666665,1157.6136096931325,19.6,25.4,22.068749999999998,1.8552004250272474,34.3,19.6,0.0,962.97,262.0854166666667,326.3937395197632,16:00:00
2171,0.0,323667,700.95,7832.61,2015-12-12,6332.1,10967.36,8760.019375,1459.7388933078998,19.6,34.3,25.59375,5.550288712061205,21.7,17.5,0.0,1069.62,347.31093749999997,405.10949639159986,16:00:00
2172,0.0,323667,0.0,8005.76,2015-12-13,6103.94,7832.61,7162.1345833333335,528.8112404652303,17.5,21.7,19.291666666666668,1.0940522631985776,23.8,17.7,0.0,931.17,295.5865625,342.379994099744,09:00:00
2173,0.0,323667,0.0,10364.35,2015-12-14,5739.8,8005.76,6973.287083333334,701.7034225125185,17.7,23.8,20.375,2.00928694878387,29.7,15.1,0.0,854.38,222.08197916666666,276.74717410527404,20:00:00
2174,0.0,323667,0.0,10354.47,2015-12-15,5988.73,10364.35,8422.49,1416.1055264155564,15.1,29.7,22.070833333333336,4.738298389844785,28.0,16.2,0.0,1065.93,360.83020833333336,406.1554575318845,16:00:00
2175,2.4,323667,166.31,9260.18,2015-12-16,6210.81,10354.47,8534.359583333333,1323.3668708485175,16.2,28.0,22.147916666666664,3.372983374398932,23.1,15.1,0.0,832.6,281.5860416666667,322.20197634165174,15:30:00
2176,0.0,323667,0.0,9418.95,2015-12-17,6247.03,9260.18,8028.383125,905.3735408979607,15.1,23.1,19.91875,2.145024549777677,26.9,14.0,0.0,414.75,102.70572916666667,118.15480724226586,09:30:00
2177,0.0,323667,0.0,10644.0,2015-12-18,6046.99,9418.95,8163.593125,1102.225484459579,14.0,26.9,20.837500000000002,4.141416398677394,28.8,16.5,0.0,971.9,343.125,383.77769382641736,17:00:00
2178,0.0,323667,0.0,10426.28,2015-12-19,6281.65,10644.0,8724.622291666667,1403.6026683733712,16.5,28.8,23.06041666666667,4.189995154789935,32.8,16.8,0.0,1077.53,371.2660416666667,411.0517615072991,16:30:00
2179,0.0,323667,0.0,10926.62,2015-12-20,6215.97,10426.28,8445.246666666668,1419.1230589876113,16.8,32.8,24.427083333333332,5.472979646013108,32.8,15.8,0.0,1080.82,378.8246875,419.1758537822154,16:00:00
2180,0.0,323667,46.38,10131.51,2015-12-21,6092.65,10926.62,8498.377708333333,1678.4969853479915,15.8,32.8,26.006249999999998,5.783998699640828,29.2,18.0,0.0,1068.03,371.3823958333333,413.32894833908654,17:00:00
2181,11.5,323667,106.1,8591.31,2015-12-22,6502.03,10131.51,8487.283125,1223.0786840212074,18.0,29.2,22.474999999999998,3.3958359983455595,19.3,17.1,0.0,788.05,222.97906250000003,290.30988872248184,12:00:00
2182,23.0,323667,388.58,8262.57,2015-12-23,6024.15,8591.31,7721.027291666666,836.1379493476647,17.1,19.3,17.858333333333334,0.5213865855880893,22.8,16.8,0.0,253.45,69.36458333333333,79.94474500602281,11:00:00
2183,0.0,323667,592.25,7938.73,2015-12-24,5909.57,8262.57,7530.957083333334,761.5370428284,16.8,22.8,20.075,1.6138364493053123,23.8,13.8,0.0,621.15,193.53385416666666,222.50603761169975,10:00:00
2184,0.0,323667,0.0,6807.41,2015-12-25,5853.88,7938.73,7203.868333333333,620.5331283708177,13.8,23.8,19.6125,3.5129926019387803,24.8,13.7,0.0,855.28,296.41020833333334,325.28057987462574,10:00:00
2185,0.0,323667,0.0,7430.81,2015-12-26,5372.57,6807.41,6289.626041666666,447.88466035087157,13.7,24.8,20.189583333333335,3.4427994289242925,27.2,17.1,0.0,927.3,306.27833333333336,341.3977843496722,22:30:00
2186,2.4,323667,0.0,6917.01,2015-12-27,5399.86,7430.81,6637.640208333333,671.1267736901767,17.1,27.2,22.322916666666668,2.7799617005882626,20.9,16.2,0.0,979.92,245.60458333333335,325.6650402863597,20:00:00
2187,0.4,323667,0.0,7008.87,2015-12-28,5434.31,6917.01,6344.299375,455.3730725993106,16.2,20.9,18.474999999999998,1.2338316033932346,20.8,14.6,0.0,690.6,201.69572916666667,258.18818660243295,20:00:00
2188,0.0,323667,0.0,7703.26,2015-12-29,5337.43,7008.87,6381.988125,543.1479660067413,14.6,20.8,18.177083333333332,1.5646683535936885,22.7,12.8,0.0,673.45,209.74020833333336,238.59909293615448,18:00:00
2189,0.0,323667,0.0,8081.37,2015-12-30,5517.8,7703.26,6858.12375,653.6810896096787,12.8,22.7,18.354166666666668,3.3354293055740634,24.5,12.5,0.0,1018.17,340.89479166666666,379.87061689021346,17:00:00
2190,0.0,323667,0.0,8529.23,2015-12-31,5646.28,8081.37,7065.774375,742.5094035392965,12.5,24.5,18.775000000000002,4.220189569201838,26.2,14.3,0.0,1092.93,384.67468750000006,425.07440485292756,17:00:00
2191,0.0,325413,0.0,7913.75,2016-01-01,5645.67,8529.23,7243.315833333333,854.2722096461746,14.3,26.2,20.614583333333332,3.9139678720636035,26.0,15.2,0.0,1062.47,363.29760416666664,406.45913497453125,16:30:00
2192,0.0,325413,0.0,7390.04,2016-01-02,5631.74,7913.75,6861.518333333333,705.7527617158188,15.2,26.0,20.783333333333335,3.430298872490549,24.2,14.9,0.0,1077.75,368.9025,412.88243583914783,17:00:00
2193,0.0,325413,0.0,7328.39,2016-01-03,5559.37,7390.04,6731.957291666667,610.3555000013279,14.9,24.2,20.572916666666668,2.55765347771287,22.9,19.0,0.0,792.3,269.5734375,305.47910909550467,17:30:00
2194,14.0,325413,229.82,8313.11,2016-01-04,5476.66,7328.39,6618.04,628.145614582438,19.0,22.9,21.170833333333334,1.130986828249451,23.1,18.4,0.0,500.42,162.15625,180.17852271088418,18:00:00
2195,39.0,325413,182.23,8338.82,2016-01-05,5589.58,8313.11,7358.55,922.2138158154277,18.4,23.1,20.277083333333334,1.198268180002154,20.3,17.4,0.0,521.0,151.31385416666666,184.16817020956685,10:00:00
2196,31.6,325413,111.15,8256.95,2016-01-06,5768.6,8338.82,7460.061874999999,845.3465813037521,17.4,20.3,18.979166666666668,0.6973989161354849,18.1,16.6,0.0,303.38,85.68947916666667,103.85799887878613,10:00:00
2197,19.8,325413,0.0,7954.59,2016-01-07,5812.26,8256.95,7446.897083333333,800.1132578604592,16.6,18.1,17.460416666666667,0.40567232523428726,22.5,15.7,0.0,148.1,51.41489583333333,56.01867309770214,10:00:00
2198,0.0,325413,0.0,8340.45,2016-01-08,5766.16,7954.59,7324.388958333333,705.0995969824758,15.7,22.5,18.997916666666665,2.2171948525522964,25.2,13.9,0.0,730.72,248.80666666666664,276.9014098711894,17:00:00
2199,0.0,325413,0.0,8055.57,2016-01-09,5833.53,8340.45,7412.811666666667,751.2429565792482,13.9,25.2,19.7625,3.716737587975824,25.5,16.7,0.0,1036.47,359.60010416666665,406.0522281579185,17:00:00
2200,0.0,325413,0.0,8904.38,2016-01-10,5854.5,8055.57,7171.183125,689.1952199706927,16.7,25.5,21.297916666666666,2.8131522096413364,27.1,15.8,0.0,782.25,248.76260416666665,285.1414506424084,17:30:00
2201,0.0,325413,0.0,11713.57,2016-01-11,5724.97,8904.38,7350.264166666667,1052.5914230690084,15.8,27.1,21.95625,3.7419363658348685,33.9,18.2,0.0,1057.93,363.8385416666667,408.88016605810117,17:30:00
2202,0.0,325413,27.52,11300.21,2016-01-12,6037.21,11713.57,9098.258333333333,1929.9654172597086,18.2,33.9,25.741666666666664,5.308837807397043,33.8,20.2,0.0,1056.25,322.12010416666664,395.8145521250135,16:30:00
2203,0.0,325413,0.0,11569.19,2016-01-13,6493.62,11300.21,9070.002916666666,1622.9133485133464,20.2,33.8,24.375,3.6889426496410067,27.3,20.6,0.0,710.53,236.75875,269.6794780343368,13:00:00
2204,0.2,325413,5.25,12670.87,2016-01-14,6353.26,11569.19,9125.678750000001,1672.7371502670444,20.6,27.3,23.933333333333334,2.277767975531003,39.1,15.8,0.0,1038.45,314.0540625,385.2882237732652,17:00:00
2205,45.6,325413,564.94,8372.16,2016-01-15,6620.18,12670.87,9368.951875,1985.6656625827611,15.8,39.1,25.322916666666668,6.914961872276336,20.4,13.5,0.0,1003.88,264.8755208333333,372.7498221716254,13:30:00
2206,2.2,325413,0.0,7344.46,2016-01-16,6107.43,8372.16,7510.325833333333,689.0276145713196,13.5,20.4,17.077083333333334,2.192951919346929,22.2,15.1,0.0,569.88,143.14822916666665,182.76389355601637,08:30:00
2207,0.2,325413,0.0,7686.68,2016-01-17,5673.8,7344.46,6801.91875,512.0218543774347,15.1,22.2,18.914583333333333,2.2474562058387506,23.7,14.0,0.0,921.5,293.35802083333334,345.3350895341402,20:00:00
2208,0.0,325413,0.0,9471.14,2016-01-18,5597.48,7686.68,6750.140625,655.221012796628,14.0,23.7,19.527083333333334,3.234964538812734,26.1,14.9,0.0,724.12,241.72989583333333,277.988531344427,20:00:00
2209,0.0,325413,0.0,11196.17,2016-01-19,5867.71,9471.14,7981.096666666667,1154.6585584387644,14.9,26.1,21.116666666666667,3.8791495741257123,33.2,16.3,0.0,970.88,340.9603125,382.84505811876954,17:00:00
2210,0.0,325413,0.0,12566.79,2016-01-20,6182.37,11196.17,8868.038333333334,1631.1258804278161,16.3,33.2,24.724999999999998,5.655142641691041,37.6,18.5,0.0,1068.35,363.5957291666667,411.4183448727842,17:00:00
2211,0.0,325413,0.0,12777.07,2016-01-21,6378.98,12566.79,9605.786041666666,2031.7834307544338,18.5,37.6,27.650000000000002,6.529474906391132,36.1,22.6,0.0,1043.03,350.89739583333335,397.69485830645726,16:30:00
2212,29.6,325413,5.03,10629.0,2016-01-22,6828.86,12777.07,9828.883333333333,1950.7679189273927,22.6,36.1,26.90833333333333,4.865240731545204,28.1,22.3,0.0,956.35,264.1927083333333,341.9881051806656,15:00:00
2213,15.6,325413,536.905,8578.53,2016-01-23,6748.94,10629.0,8906.779375,1282.350933440354,22.3,28.1,24.1375,1.7658251039874648,25.6,21.8,0.0,583.05,129.3915625,193.2357156350107,13:00:00
2214,0.8,325413,0.0,7917.95,2016-01-24,6142.82,8578.53,7632.123333333333,780.5516474259036,21.8,25.6,23.243750000000002,0.9416839262838017,24.0,19.8,0.0,657.28,237.64010416666667,257.98719439705,09:30:00
2215,0.0,325413,0.0,8989.86,2016-01-25,5843.25,7917.95,7105.250833333333,697.9265247124255,19.8,24.0,21.9875,1.1523565125059585,24.5,20.4,0.0,588.62,170.9807291666667,201.96467350407087,17:30:00
2216,3.8,325413,0.0,8300.79,2016-01-26,5967.32,8989.86,7891.971666666667,1066.0013859404455,20.4,24.5,22.583333333333332,1.269500376397644,26.8,19.7,0.0,562.67,171.27729166666666,201.51400858321202,15:30:00
2217,0.6,325413,316.55,9201.38,2016-01-27,5847.58,8300.79,7335.990208333334,796.0683326157201,19.7,26.8,23.1375,2.539779266669497,24.2,19.4,0.0,966.95,307.2651041666667,363.26125741805487,17:00:00
2218,0.0,325413,0.0,10423.7,2016-01-28,6028.36,9201.38,8039.442916666667,1043.5923145639028,19.4,24.2,22.254166666666666,1.5684330618498015,28.9,21.5,0.0,573.5,162.97291666666666,190.14924180320398,10:00:00
2219,0.0,325413,434.73,10196.71,2016-01-29,6171.63,10423.7,8643.651458333334,1360.080541147643,21.5,28.9,24.222916666666666,2.378470774878338,28.6,20.2,0.0,813.3,228.52416666666667,282.91296158971045,16:00:00
2220,33.6,325413,0.0,8943.8,2016-01-30,6383.55,10196.71,8599.538958333333,1171.6324041272576,20.2,28.6,23.683333333333334,2.3781213158516117,26.7,18.8,0.0,784.55,239.45697916666666,268.9089632648771,11:00:00
2221,25.4,325413,0.0,8823.53,2016-01-31,6085.94,8943.8,7700.915208333333,905.5069442735464,18.8,26.7,21.989583333333332,2.540249575888447,29.0,18.2,0.0,957.22,299.21489583333334,362.2309169393069,15:30:00
2222,0.0,327841,0.0,9149.42,2016-02-01,5905.48,8823.53,7432.373541666667,927.6980273946208,18.2,29.0,23.514583333333334,3.9367331517136677,25.1,16.7,0.0,1046.43,332.8888541666667,396.48866072465876,18:00:00
2223,1.2,327841,0.0,9503.13,2016-02-02,6035.31,9149.42,8040.475416666667,1055.440893092829,16.7,25.1,21.381249999999998,2.0647658411363263,25.9,14.8,0.0,591.1,197.8559375,225.5770754410295,17:00:00
2224,0.0,327841,0.0,10422.29,2016-02-03,5989.89,9503.13,8104.04375,1098.4337457017039,14.8,25.9,20.760416666666668,3.74226803362092,29.8,16.8,0.0,1000.55,339.16322916666667,390.2679944240849,17:00:00
2225,1.2,327841,241.85,8760.57,2016-02-04,6114.79,10422.29,8539.184583333334,1362.0315632609143,16.8,29.8,23.46875,4.183206357034271,23.5,19.0,0.0,1005.05,315.5959375,380.26020515444725,16:00:00
2226,0.4,327841,302.835,8515.99,2016-02-05,6114.96,8760.57,7867.440625,859.4633672819346,19.0,23.5,21.2625,1.3075273073915021,23.8,20.1,0.0,402.48,120.43697916666667,147.3433340251192,10:00:00
2227,0.2,327841,0.0,7886.29,2016-02-06,5882.65,8515.99,7675.847708333334,857.8117667380246,20.1,23.8,21.7375,1.1847658894338393,25.4,19.6,0.0,680.45,199.67999999999998,244.32439109955888,10:30:00
2228,1.6,327841,0.0,8462.74,2016-02-07,5780.37,7886.29,7191.521041666667,687.6533356470771,19.6,25.4,22.18541666666667,1.7670735012628216,25.8,17.5,0.0,863.47,270.53125,321.8734613109266,17:30:00
2229,0.0,327841,0.0,10179.18,2016-02-08,5812.47,8462.74,7254.8341666666665,850.7788390216053,17.5,25.8,21.735416666666666,2.9515585196698133,27.4,16.8,0.0,907.38,289.2402083333333,340.1033429880656,17:30:00
2230,0.0,327841,0.0,9857.29,2016-02-09,5961.05,10179.18,8362.762499999999,1334.7797635190611,16.8,27.4,22.289583333333336,3.5911972509227996,25.1,19.3,0.0,949.17,308.04322916666666,359.3599726071659,17:00:00
2231,0.0,327841,0.0,10506.08,2016-02-10,6274.25,9857.29,8400.131458333333,1137.504605684367,19.3,25.1,22.275000000000002,2.114941777781188,28.2,17.9,0.0,891.72,268.3833333333333,319.24424261346354,17:00:00
2232,0.0,327841,0.0,10207.79,2016-02-11,6142.9,10506.08,8561.47,1340.9009747323987,17.9,28.2,22.972916666666666,3.4564610842522674,27.8,17.2,0.0,1019.53,335.3313541666667,391.29828630285704,16:30:00
2233,0.0,327841,0.0,10666.96,2016-02-12,6206.13,10207.79,8562.655625,1284.083370422398,17.2,27.8,23.006249999999998,3.468914003215144,28.4,18.8,0.0,957.88,301.1714583333333,358.94614499143324,16:00:00
2234,0.0,327841,0.0,9924.05,2016-02-13,6333.57,10666.96,8790.548958333333,1373.3820141274166,18.8,28.4,24.058333333333334,3.1728793107471627,29.6,18.6,0.0,950.55,309.28020833333335,364.8514409783772,16:00:00
2235,0.0,327841,0.0,10419.81,2016-02-14,6237.97,9924.05,8192.058125,1177.4316718787625,18.6,29.6,24.264583333333334,3.275667194233244,35.9,18.9,0.0,1015.42,331.470625,389.8844022743603,17:00:00
2236,0.0,327841,0.0,11389.48,2016-02-15,6005.09,10419.81,8193.130208333334,1535.2289017706353,18.9,35.9,24.964583333333334,4.381027256556967,28.1,22.0,0.0,990.9,315.49343749999997,376.64260790788876,17:00:00
2237,0.0,327841,0.0,9721.02,2016-02-16,6360.32,11389.48,9121.582083333333,1636.5558902768407,22.0,28.1,24.516666666666666,1.7915087345863787,25.6,17.1,0.0,916.92,276.2852083333333,339.60406704447337,16:00:00
2238,0.0,327841,0.0,8995.27,2016-02-17,6443.17,9721.02,8454.725833333334,1081.4705821592595,17.1,25.6,22.104166666666668,2.198448034151651,23.2,17.6,0.0,938.58,306.1877083333333,364.7627013566758,16:00:00
2239,0.0,327841,0.0,9645.84,2016-02-18,6144.0,8995.27,7998.106875,907.7826359149801,17.6,23.2,20.410416666666666,1.580094204481321,26.5,14.9,0.0,912.75,268.91895833333336,330.41656922281754,17:00:00
2240,0.0,327841,0.0,11446.13,2016-02-19,6134.86,9645.84,8259.624166666666,1092.5732644947211,14.9,26.5,21.766666666666666,3.4506449186507067,30.3,18.2,0.0,857.83,266.7284375,320.9711777428865,17:00:00
2241,0.0,327841,0.0,9019.13,2016-02-20,6328.87,11446.13,9057.845,1574.3534030968249,18.2,30.3,24.70625,3.9909688606663565,27.5,22.6,0.0,966.45,304.2163541666667,368.1544907498719,16:30:00
2242,2.8,327841,0.0,9251.29,2016-02-21,6507.09,9019.13,7977.969791666666,810.6378755541426,22.6,27.5,24.479166666666668,1.2184675295498766,27.4,20.2,0.0,667.83,204.82895833333336,249.57034263368735,16:00:00
2243,1.4,327841,0.0,11323.26,2016-02-22,6046.86,9251.29,7709.046666666666,1049.6603082990414,20.2,27.4,23.027083333333334,2.284148855242976,29.6,18.9,0.0,795.17,238.31291666666664,295.51819013717306,17:30:00
2244,0.0,327841,0.0,11687.88,2016-02-23,6235.92,11323.26,9009.062083333332,1660.273674610326,18.9,29.6,23.87291666666667,3.599629979999026,30.0,17.1,0.0,955.95,300.6227083333334,363.6542378501021,16:00:00
2245,0.0,327841,0.0,12399.8,2016-02-24,6328.07,11687.88,9182.966041666667,1682.8867895030853,17.1,30.0,23.929166666666664,4.0835403044955605,30.8,19.1,0.0,983.88,317.08947916666665,379.2117113748887,17:00:00
2246,0.0,327841,0.0,13458.63,2016-02-25,6458.21,12399.8,9502.744583333333,1881.6265761879663,19.1,30.8,24.995833333333334,3.981176899303284,37.7,19.2,0.0,977.25,315.3653125,377.2077366825847,16:30:00
2247,0.0,327841,0.0,10404.54,2016-02-26,6531.25,13458.63,10090.796875,2296.4376515211707,19.2,37.7,27.785416666666666,6.008610473536708,26.6,22.7,0.0,964.08,309.69666666666666,371.521336587438,17:00:00
2248,2.2,327841,0.0,8872.12,2016-02-27,6871.48,10404.54,8986.681458333334,1150.4292582835549,22.7,26.6,24.53125,1.0547070279910051,26.7,19.7,0.0,538.28,170.15916666666666,203.4236422307882,15:30:00
2249,0.0,327841,0.0,9122.6,2016-02-28,6294.97,8872.12,7893.466041666667,852.926734023302,19.7,26.7,23.472916666666666,2.085383742770122,28.0,18.0,0.0,789.05,246.08666666666667,299.0782853509089,17:30:00
2250,0.0,327841,0.0,9914.98,2016-02-29,6099.3,9122.6,7694.491041666667,999.1674633801963,18.0,28.0,22.83125,3.2793458253976784,26.2,17.6,0.0,871.05,279.10625,335.8691212607812,17:00:00
2251,0.2,330267,0.0,10539.38,2016-03-01,6169.72,9914.98,8526.144583333333,1272.8515666115015,17.6,26.2,21.895833333333332,2.623215367682994,28.8,18.7,0.0,901.9,255.56708333333333,315.4683199234981,16:00:00
2252,0.8,330267,0.0,11159.26,2016-03-02,6364.39,10539.38,8756.931666666665,1302.7689748743,18.7,28.8,23.28125,3.132374277927411,29.8,17.1,0.0,841.25,255.67458333333332,317.96493585091065,16:30:00
2253,0.0,330267,0.0,11607.13,2016-03-03,6467.18,11159.26,8968.617291666667,1465.7614308491168,17.1,29.8,23.672916666666666,4.144298292031273,30.1,19.3,0.0,884.28,269.2991666666667,329.04721416915584,16:00:00
2254,0.0,330267,0.0,10783.12,2016-03-04,6521.0,11607.13,9221.229583333334,1619.3816063389008,19.3,30.1,24.493750000000002,3.466705238806144,28.7,19.2,0.0,915.53,284.94958333333335,349.6744733880132,15:30:00
2255,0.0,330267,0.0,9820.14,2016-03-05,6522.29,10783.12,8908.3025,1357.021823105697,19.2,28.7,23.952083333333334,3.039386107061988,28.4,17.2,0.0,854.75,260.2295833333333,318.4054909378875,16:00:00
2256,0.0,330267,0.0,9759.57,2016-03-06,6282.82,9820.14,8153.919791666667,1126.7733927392253,17.2,28.4,23.10625,3.8358003547763166,28.9,16.7,0.0,942.97,291.2504166666667,359.98054082283295,16:00:00
2257,0.0,330267,0.0,11701.21,2016-03-07,6104.42,9759.57,7937.019583333334,1225.898393833714,16.7,28.9,23.077083333333334,3.9816194493844246,29.9,18.6,0.0,870.47,284.18583333333333,343.81998745529444,17:00:00
2258,0.0,330267,0.0,10875.53,2016-03-08,6358.78,11701.21,9131.95375,1707.4265543415754,18.6,29.9,24.175,3.5364063981344036,29.2,18.8,0.0,916.95,284.4470833333333,352.3475035068111,16:00:00
2259,0.0,330267,0.0,12191.08,2016-03-09,6434.37,10875.53,9020.233333333334,1449.0717202656872,18.8,29.2,24.34583333333333,2.8660862434005563,32.0,20.5,0.0,891.55,275.03125,340.36534827737495,15:30:00
2260,0.0,330267,0.0,11287.87,2016-03-10,6616.7,12191.08,9508.890833333333,1746.4300098575968,20.5,32.0,25.489583333333332,3.2096423598298593,27.7,20.1,0.0,905.7,280.39208333333335,347.1425407229858,16:00:00
2261,0.0,330267,0.0,10588.9,2016-03-11,6662.09,11287.87,9309.31,1521.8861664045764,20.1,27.7,24.344583333333333,2.4036859623656652,28.6,23.6,0.0,845.8,240.15041666666664,307.5104227983337,15:00:00
2262,0.0,330267,0.0,10208.39,2016-03-12,6740.68,10588.9,9018.65875,1257.41532464565,23.6,28.6,25.749166666666667,1.1110122532854259,30.9,19.5,0.0,869.35,203.36666666666667,287.3311120621386,14:00:00
2263,0.0,330267,0.0,9717.22,2016-03-13,6367.99,10208.39,8365.156874999999,1235.2769882459659,19.5,30.9,25.006249999999998,3.467073463925347,28.6,20.3,0.0,872.97,262.53791666666666,334.910257939686,15:30:00
2264,0.0,330267,0.0,10708.77,2016-03-14,6174.9,9717.22,8011.663125,1187.550837045144,20.3,28.6,24.59375,2.209207641724816,30.8,19.9,0.0,779.83,231.86791666666667,292.44025368137505,17:00:00
2265,1.2,330267,0.0,9342.42,2016-03-15,6365.16,10708.77,8816.188541666666,1445.9972838899025,19.9,30.8,23.78125,2.874144183445576,24.9,19.6,0.0,736.78,188.34041666666667,254.12031920490222,14:00:00
2266,9.0,330267,0.0,9265.79,2016-03-16,6342.17,9342.42,8306.282916666667,1048.6900312739883,19.6,24.9,22.104166666666668,1.4142072936820647,24.9,19.4,0.0,411.7,112.14375,143.67898564678606,16:30:00
2267,5.4,330267,0.0,9428.71,2016-03-17,6172.18,9265.79,8193.993541666667,1032.2060728372435,19.4,24.9,21.789583333333336,1.8605923997518068,25.8,18.5,0.0,745.42,171.93625,234.251520201021,16:30:00
2268,0.2,330267,196.07,9152.8,2016-03-18,6261.82,9428.71,8267.367083333333,1046.332197983028,18.5,25.8,21.59583333333333,2.4057518250999297,27.3,17.1,0.0,612.6,183.4645833333333,236.02475210495544,17:00:00
2269,0.2,330267,615.315,7688.97,2016-03-19,6284.16,9152.8,8054.904791666667,947.2843930336143,17.1,27.3,21.008333333333333,3.1916002344807524,21.9,13.8,0.0,461.98,117.16000000000001,142.44654348957602,11:00:00
2270,0.0,330267,0.0,7735.28,2016-03-20,5881.57,7688.97,7029.318958333333,535.022770699507,13.8,21.9,18.908333333333335,2.1847472548045186,21.6,15.4,0.0,858.65,242.1925,309.32568439010083,08:30:00
2271,6.2,330267,0.0,8430.23,2016-03-21,5663.23,7735.28,6847.361250000001,609.6573663485789,15.4,21.6,17.60625,1.6615048613396592,20.8,15.3,0.0,536.85,146.11416666666665,191.59054265662746,19:00:00
2272,0.4,330267,0.0,8517.17,2016-03-22,5817.73,8430.23,7656.508958333333,898.2132010908023,15.3,20.8,16.84375,1.4467728210554271,22.3,14.1,0.0,602.38,166.22625,219.85278293280228,17:00:00
2273,0.0,330267,0.0,8583.86,2016-03-23,6038.58,8517.17,7733.192291666666,783.1394845658886,14.1,22.3,17.989583333333332,2.6813175217572165,25.2,13.9,0.0,680.92,191.87749999999997,251.5452407958085,19:00:00
2274,0.0,330267,0.0,8793.67,2016-03-24,5734.52,8583.86,7749.655,801.9975549652336,13.9,25.2,18.927083333333332,3.7659018632953822,28.3,13.7,0.0,854.58,251.2725,323.4775599109734,19:00:00
2275,0.0,330267,0.0,7543.38,2016-03-25,6133.42,8793.67,7860.124583333333,863.2687320233393,13.7,28.3,20.870833333333334,4.798047401313188,24.9,15.9,0.0,841.35,244.52958333333333,318.8437557481876,16:00:00
2276,0.0,330267,0.0,7767.3,2016-03-26,5741.65,7543.38,6819.450416666667,539.8981315654901,15.9,24.9,20.172916666666666,2.6098617867809204,26.1,15.6,0.0,370.98,104.53791666666666,129.42977123831062,19:00:00
2277,0.0,330267,0.0,7476.95,2016-03-27,5627.48,7767.3,6853.341874999999,631.6034567826664,15.6,26.1,20.83125,3.383134405289765,24.5,15.8,0.0,743.45,216.05208333333334,282.40965783624404,19:00:00
2278,0.0,330267,0.0,8149.61,2016-03-28,5557.74,7476.95,6669.442083333332,565.0469496929162,15.8,24.5,20.672916666666666,2.7668816138838026,25.1,18.0,0.0,602.8,174.01958333333334,229.34422662914488,19:00:00
2279,0.0,330267,186.27,8839.14,2016-03-29,5502.48,8149.61,6978.634791666666,822.617653099814,18.0,25.1,21.412499999999998,1.6657532958254024,22.5,19.2,0.0,613.05,169.83041666666665,223.7663889679091,18:30:00
2280,4.4,330267,0.0,8580.38,2016-03-30,5813.38,8839.14,7877.511458333333,1044.223655378013,19.2,22.5,20.527083333333334,0.806552839105724,27.0,15.8,0.0,441.4,103.70291666666667,139.58364985271618,10:00:00
2281,0.0,330267,0.0,8673.24,2016-03-31,5955.26,8580.38,7798.424166666667,898.4958360713694,15.8,27.0,21.2625,3.581965762455618,23.8,13.9,0.0,771.3,193.53541666666663,267.3643840060397,18:30:00
2282,0.0,332652,0.0,8694.68,2016-04-01,5957.46,8673.24,7716.924375,836.3367456822181,13.9,23.8,18.816666666666666,3.37640960844084,26.5,13.7,0.0,710.92,208.21541666666667,268.95163245823653,18:30:00
2283,0.0,332652,0.0,8256.34,2016-04-02,6001.68,8694.68,7766.81125,854.3782985072282,13.7,26.5,20.308333333333334,4.370492612253093,30.6,15.2,0.0,807.17,231.61791666666667,304.1529867147161,16:30:00
2284,0.0,332652,0.0,8361.56,2016-04-03,5800.42,8256.34,7187.309791666667,717.8288829178025,15.2,30.6,21.849999999999998,5.122374781705779,24.2,19.0,0.0,812.75,237.10875,309.75766720457665,18:30:00
2285,3.8,332652,0.0,9232.02,2016-04-04,5662.85,8361.56,6983.222708333334,775.7506423739344,19.0,24.2,21.208333333333332,1.3673757025984985,22.6,18.4,0.0,626.12,173.30583333333334,227.94327994867245,18:30:00
2286,0.8,332652,0.0,9535.95,2016-04-05,5845.01,9232.02,7905.652083333333,1130.6729232986315,18.4,22.6,20.34375,1.336859809006228,27.5,15.0,0.0,448.42,128.70041666666665,168.2141916680816,18:30:00
2287,0.0,332652,0.0,10269.17,2016-04-06,6008.25,9535.95,8069.240000000001,1089.2843689946947,15.0,27.5,21.641666666666666,3.82660525811305,34.3,16.3,0.0,778.08,222.88041666666666,293.4832585167507,18:30:00
2288,0.0,332652,0.0,9008.67,2016-04-07,5855.0,10269.17,8310.767916666666,1381.9930280129563,16.3,34.3,24.335416666666664,5.792566387587622,22.0,18.5,0.0,763.55,220.8791666666667,290.2523754210957,17:00:00
2289,0.0,332652,0.0,8872.11,2016-04-08,6143.28,9008.67,7860.9783333333335,836.5796768716114,18.5,22.0,19.877083333333335,0.8453224446688926,20.5,16.7,0.0,260.08,69.99249999999999,90.24930549623743,18:30:00
2290,0.2,332652,0.0,8218.76,2016-04-09,6056.7,8872.11,7863.99875,903.9666835148228,16.7,20.5,18.660416666666666,0.9901084366432078,23.1,14.0,0.0,349.1,64.4375,95.63560208505102,18:30:00
2291,0.0,332652,0.0,8288.75,2016-04-10,5861.75,8218.76,7128.6175,613.1445459564733,14.0,23.1,18.39375,2.947079784349101,27.9,12.8,0.0,674.4,195.69041666666666,260.54340617834515,18:30:00
2292,0.0,332652,0.0,9075.29,2016-04-11,5623.22,8288.75,6843.514999999999,699.0508793067731,12.8,27.9,18.654166666666665,4.7893480359991685,24.7,11.1,0.0,754.03,207.22333333333333,276.92138515603597,18:30:00
2293,0.0,332652,0.0,8991.18,2016-04-12,5694.21,9075.29,7590.622291666667,997.2584717331674,11.1,24.7,18.3875,4.644494567467384,21.3,14.6,0.0,762.85,215.07791666666665,286.0696449680796,18:30:00
2294,0.0,332652,0.0,8850.58,2016-04-13,6056.53,8991.18,7758.263541666667,841.3474178894929,14.6,21.3,18.147916666666667,1.9067617177368956,22.5,12.5,0.0,498.4,125.8525,169.7398797816762,18:30:00
2295,1.6,332652,0.0,9130.21,2016-04-14,5918.68,8850.58,7612.115208333334,844.136635995466,12.5,22.5,17.633333333333333,3.40145984512741,22.2,13.5,0.0,657.0,186.2775,245.77437160378227,18:30:00
2296,0.0,332652,0.0,8861.44,2016-04-15,5859.38,9130.21,7711.0625,937.3843695034401,13.5,22.2,17.45625,3.046791563232911,26.0,12.8,0.0,430.5,118.02833333333332,156.91331929326842,18:30:00
2297,0.0,332652,0.0,8341.99,2016-04-16,5991.06,8861.44,7722.973333333334,853.3362203112179,12.8,26.0,19.704166666666666,4.255407490217759,27.1,13.0,0.0,721.28,197.91416666666666,265.92139209102976,18:30:00
2298,0.0,332652,0.0,8356.41,2016-04-17,5810.58,8341.99,7153.61625,673.8682477913493,13.0,27.1,19.897916666666667,4.589511149202329,21.6,15.3,0.0,655.65,173.01250000000002,235.24008761760922,18:30:00
2299,0.0,332652,0.0,9152.76,2016-04-18,5611.71,8356.41,6918.628333333333,742.4094791109263,15.3,21.6,19.247916666666665,1.4730182624185075,21.6,13.1,0.0,330.1,76.34541666666667,106.4274224322255,18:30:00
2300,1.0,332652,0.0,9120.32,2016-04-19,5671.52,9152.76,7647.349375000001,1037.4557864978624,13.1,21.6,17.729166666666668,2.607595969008362,22.4,15.5,0.0,566.05,148.50333333333333,206.1466720264691,18:30:00
2301,0.2,332652,0.0,9143.72,2016-04-20,5935.45,9120.32,7740.74625,886.7597471109494,15.5,22.4,18.695833333333333,2.2117633605611067,25.5,13.6,0.0,595.3,159.43666666666667,218.28924421688788,18:30:00
2302,0.0,332652,0.0,9282.79,2016-04-21,5837.42,9143.72,7755.5858333333335,941.9744931922639,13.6,25.5,18.958333333333332,3.5651285872983096,26.2,13.5,0.0,641.55,175.51583333333335,240.9873553236487,18:30:00
2303,0.0,332652,0.0,8846.04,2016-04-22,5892.44,9282.79,7862.761041666668,981.5614726660252,13.5,26.2,19.714583333333334,4.100751855470145,24.3,15.2,0.0,632.3,156.48833333333332,217.5880670380981,18:00:00
2304,0.8,332652,0.0,8175.8,2016-04-23,5991.34,8846.04,7774.873333333333,899.3690810083251,15.2,24.3,18.879166666666666,2.9402531612910945,18.0,15.0,0.0,564.35,160.1675,218.3624417280747,18:00:00
2305,8.2,332652,0.0,8095.27,2016-04-24,5739.04,8175.8,7028.0997916666665,637.5256313862396,15.0,18.0,16.21875,0.7673264583063867,20.9,12.0,0.0,406.85,108.985,147.82148428411023,18:30:00
2306,0.0,332652,0.0,8326.38,2016-04-25,5570.43,8095.27,6744.187083333333,661.883804136758,12.0,20.9,16.85625,2.964750805788831,22.3,9.9,0.0,628.75,168.24625,229.86094264516404,18:30:00
2307,0.0,332652,0.0,9115.41,2016-04-26,5601.27,8326.38,6768.455833333333,708.5667243099198,9.9,22.3,15.612499999999999,4.2248316093851095,23.7,10.9,0.0,637.95,175.10125000000002,238.71504708721454,18:30:00
2308,0.0,332652,0.0,9104.9,2016-04-27,5787.73,9115.41,7654.897291666667,940.7743626073772,10.9,23.7,16.954166666666666,4.380758621436564,24.3,11.8,0.0,627.8,171.085,235.3350892785533,18:30:00
2309,0.0,332652,0.0,9175.86,2016-04-28,5900.93,9104.9,7666.130625000001,864.9210771679627,11.8,24.3,18.166666666666668,4.157041364696942,26.1,12.6,0.0,637.58,165.86291666666668,227.52754260171645,18:30:00
2310,0.0,332652,0.0,8925.26,2016-04-29,5796.33,9175.86,7689.991041666667,923.8557957917681,12.6,26.1,18.414583333333333,4.2825221035478505,24.9,12.1,0.0,655.58,156.085,222.8578407816793,18:00:00
2311,0.0,332652,0.0,8326.57,2016-04-30,5875.2,8925.26,7697.900833333333,880.4708951823006,12.1,24.9,18.414583333333333,4.2298830315970815,25.7,16.2,0.0,516.85,137.73958333333334,189.05806971481215,18:00:00
2312,4.4,335084,0.0,8267.65,2016-05-01,5758.64,8326.57,7137.457708333334,695.7498348475417,16.2,25.7,20.133333333333333,3.0758035333692106,27.3,14.3,0.0,361.58,79.90083333333332,116.52497590158625,18:00:00
2313,0.0,335084,0.0,9324.2,2016-05-02,5446.77,8267.65,6841.241041666667,759.5169248691707,14.3,27.3,20.104166666666668,4.06897751458329,22.9,8.8,0.0,401.12,85.89333333333333,131.81851540891336,18:30:00
2314,0.0,335084,0.0,9070.99,2016-05-03,5639.58,9324.2,7590.074375,1038.6959096845162,8.8,22.9,15.643749999999999,4.338688214833133,25.4,7.7,0.0,662.03,148.21,220.08519598922825,18:00:00
2315,0.0,335084,0.0,9116.57,2016-05-04,5891.53,9070.99,7589.010833333334,827.6152396502964,7.7,25.4,17.0,6.0289373115320215,25.1,10.2,0.0,657.55,175.11,241.38510098304684,18:30:00
2316,0.0,335084,0.0,9196.86,2016-05-05,5780.49,9116.57,7604.866875,889.1202775877329,10.2,25.1,17.164583333333333,4.831566839087232,23.6,10.1,0.0,647.25,173.5875,240.6201121924129,18:30:00
2317,0.0,335084,0.0,8967.51,2016-05-06,5923.58,9196.86,7702.606666666667,867.5624141023634,10.1,23.6,16.270833333333332,4.056146286197708,25.9,9.7,0.0,649.55,173.95083333333332,241.92278212697695,18:00:00
2318,0.0,335084,0.0,8416.35,2016-05-07,6001.28,8967.51,7702.334791666667,785.3526060718108,9.7,25.9,15.887500000000001,5.392454341928844,24.8,8.7,0.0,645.53,172.24208333333334,240.6225391757746,18:00:00
2319,0.0,335084,0.0,8380.61,2016-05-08,5882.34,8416.35,7166.815208333333,619.6484653929077,8.7,24.8,16.068749999999998,5.4305736639096365,20.6,13.8,0.0,635.47,166.06875,233.50421803903515,18:00:00
2320,2.8,335084,0.0,9374.97,2016-05-09,5667.95,8380.61,7094.774583333333,785.8188712283168,13.8,20.6,17.189583333333335,2.2184180278070422,22.1,17.4,0.0,327.25,66.14541666666666,96.56891408682093,18:30:00
2321,0.6,335084,0.0,9305.45,2016-05-10,5678.22,9374.97,7753.968333333333,1126.7809673811867,17.4,22.1,19.483333333333334,1.5551333435792767,24.0,16.4,0.0,132.57,37.71041666666667,48.888541905132826,18:00:00
2322,0.0,335084,0.0,9297.85,2016-05-11,5825.87,9305.45,7718.731666666667,927.770372913868,16.4,24.0,19.71875,2.5766262165037572,21.9,7.1,0.0,621.0,161.53583333333333,228.58376226589502,18:00:00
2323,0.0,335084,0.0,9261.55,2016-05-12,5807.74,9297.85,7670.028541666667,906.3663459766716,7.1,21.9,14.975,4.475346177029806,23.8,9.4,0.0,638.03,163.1675,230.91946070879902,18:00:00
2324,0.0,335084,0.0,9001.85,2016-05-13,5846.53,9261.55,7714.411875000001,904.3740035025895,9.4,23.8,17.147916666666667,4.190109407160107,25.1,9.2,0.0,610.25,153.88166666666666,218.55014902698267,18:00:00
2325,0.0,335084,0.0,8346.44,2016-05-14,5961.06,9001.85,7661.976875,798.330902352983,9.2,25.1,16.670833333333334,5.0666182575141665,25.9,6.8,0.0,614.03,160.66708333333332,227.48240169678533,18:00:00
2326,0.0,335084,0.0,8375.15,2016-05-15,5852.41,8346.44,7119.027083333333,627.2320220771352,6.8,25.9,14.745833333333332,6.142906593660668,24.7,7.2,0.0,635.33,166.88375,235.98454833905382,18:00:00
2327,0.0,335084,0.0,9300.99,2016-05-16,5508.37,8375.15,6836.431041666667,742.4469103542935,7.2,24.7,14.845833333333333,6.061176008822799,23.4,8.4,0.0,543.92,129.04541666666668,188.81462311471094,18:30:00
2328,0.0,335084,0.0,9238.23,2016-05-17,5646.36,9300.99,7640.556250000001,999.2813210409682,8.4,23.4,16.270833333333332,5.156361835236791,27.7,10.5,0.0,572.83,146.90458333333333,211.40873940709037,18:00:00
2329,0.0,335084,0.0,9354.71,2016-05-18,5769.3,9238.23,7653.362291666667,912.5079103620749,10.5,27.7,18.485416666666666,5.594792015351013,21.0,7.6,0.0,597.97,153.70208333333332,220.2795084896936,18:00:00
2330,0.0,335084,0.0,9299.37,2016-05-19,6044.23,9354.71,7854.020416666666,879.0744414341721,7.6,21.0,14.06875,4.399814128085656,22.3,7.6,0.0,399.12,99.47625,144.3869478228408,18:00:00
2331,0.0,335084,0.0,9129.51,2016-05-20,5943.61,9299.37,7756.08875,883.0701777433545,7.6,22.3,14.760416666666666,4.678276623193693,23.2,7.3,0.0,599.85,155.2229166666667,221.49704986468527,18:00:00
2332,0.0,335084,0.0,8613.25,2016-05-21,6041.25,9129.51,7763.30125,802.450956122168,7.3,23.2,14.2875,4.987116379956861,21.2,10.5,0.0,580.12,149.73499999999999,214.31396179238752,18:00:00
2333,0.0,335084,0.0,8576.65,2016-05-22,5915.51,8613.25,7281.123541666667,664.8701085478143,10.5,21.2,15.50625,3.3676436771383953,23.6,11.1,0.0,411.12,104.01416666666667,149.62956422706088,18:00:00
2334,0.0,335084,0.0,9371.66,2016-05-23,5749.03,8576.65,7006.435416666667,731.054774170937,11.1,23.6,16.285416666666666,4.3328527079341725,26.6,9.7,0.0,568.85,142.73916666666668,207.6033565053068,18:30:00
2335,0.0,335084,0.0,9594.28,2016-05-24,5770.77,9371.66,7673.639583333334,980.5130413249664,9.7,26.6,16.722916666666666,5.393464902313008,21.1,8.0,0.0,542.97,127.29708333333333,183.6421740453989,18:00:00
2336,0.0,335084,0.0,9759.65,2016-05-25,6049.13,9594.28,7883.87,933.0511831004264,8.0,21.1,14.691666666666668,3.76652858593327,20.7,4.7,0.0,570.83,147.34541666666667,211.95985140916937,18:00:00
2337,0.4,335084,0.0,9909.25,2016-05-26,6149.05,9759.65,8028.515833333334,960.3253049032859,4.7,20.7,12.170833333333334,5.0212297524561,20.4,11.2,0.0,582.35,143.00291666666666,209.17539209810784,18:00:00
2338,0.0,335084,0.0,9774.66,2016-05-27,6000.85,9909.25,8166.454583333333,1066.4248376142941,11.2,20.4,14.549999999999999,2.9712093676452644,17.9,8.4,0.0,426.42,69.92999999999999,120.64127816302555,18:00:00
2339,0.0,335084,0.0,9751.75,2016-05-28,6104.69,9774.66,8033.25875,965.1485226695273,8.4,17.9,14.34375,2.40654305344515,15.2,3.8,0.0,577.78,147.26708333333332,212.9244604059956,18:00:00
2340,5.8,335084,0.0,9914.2,2016-05-29,6186.71,9751.75,8095.030208333334,980.9435823573342,3.8,15.2,9.924999999999999,3.1896441474299366,18.4,3.8,0.0,362.92,72.56625000000001,111.87526738111401,18:00:00
2341,0.0,335084,0.0,11100.67,2016-05-30,6201.77,9914.2,7803.750208333334,1035.6114821431656,3.8,18.4,11.189583333333333,4.329671973390492,18.5,5.7,0.0,569.55,143.0375,209.44958239115633,18:30:00
2342,0.0,335084,0.0,10892.26,2016-05-31,6317.23,11100.67,8725.306666666665,1349.2141152006734,5.7,18.5,10.385416666666666,4.31316587006517,16.7,5.8,0.0,564.9,139.5825,204.8431436567782,18:30:00
2343,5.2,337347,0.0,10571.67,2016-06-01,6693.23,10892.26,8891.681666666667,1149.5918521738042,5.8,16.7,11.63125,3.443165061146192,17.8,10.1,0.0,405.73,88.75625000000001,134.7556333030827,18:00:00
2344,0.0,337347,0.0,10283.48,2016-06-02,6520.92,10571.67,8627.116875,1084.4256281320543,10.1,17.8,13.139583333333334,1.9436464505724007,18.1,8.9,0.0,359.62,86.30583333333334,128.89789326692846,18:00:00
2345,0.0,337347,0.0,10100.42,2016-06-03,6550.04,10283.48,8516.411666666667,1007.0291817515962,8.9,18.1,13.545833333333334,2.971636008560922,17.9,10.2,0.0,395.1,95.23,141.2101341218944,18:30:00
2346,24.2,337347,0.0,9429.86,2016-06-04,6495.21,10100.42,8496.17125,971.3012809466574,10.2,17.9,14.46875,2.642303657231937,20.9,14.6,0.0,313.48,75.64333333333333,111.92989314808553,18:00:00
2347,141.0,337347,0.0,9802.31,2016-06-05,6243.3,9429.86,8080.588333333333,953.5356085761522,14.6,20.9,17.1,1.647435143849825,19.3,13.8,0.0,170.88,27.082083333333333,44.36242543243354,18:00:00
2348,127.4,337347,0.0,10603.14,2016-06-06,6059.86,9802.31,7933.716041666667,1113.9986082667099,13.8,19.3,17.41875,1.7398528000832267,18.1,8.3,0.0,99.97,24.62625,34.720735350765146,18:00:00
2349,0.0,337347,0.0,10663.23,2016-06-07,6026.08,10603.14,8409.760208333333,1296.0742861827828,8.3,18.1,14.866666666666667,1.9311922602628904,19.4,7.3,0.0,368.62,85.01458333333333,125.14392758549982,18:00:00
2350,0.0,337347,0.0,10162.82,2016-06-08,6376.76,10663.23,8603.516666666666,1144.250175794469,7.3,19.4,13.3125,3.937794230816958,20.4,9.0,0.0,440.75,94.49333333333334,145.81335069457847,18:00:00
2351,0.0,337347,0.0,9670.84,2016-06-09,6459.44,10162.82,8374.244375,978.317912102209,9.0,20.4,14.34375,3.69040770681956,22.1,11.8,0.0,525.1,129.63166666666666,190.61390278639433,18:00:00
2352,0.0,337347,0.0,9469.29,2016-06-10,6177.65,9670.84,8093.778958333333,926.2694024757169,11.8,22.1,17.39375,2.6595797340373393,21.0,8.0,0.0,314.38,78.57875,114.44777514034281,18:00:00
2353,0.0,337347,0.0,9293.55,2016-06-11,6225.04,9469.29,8076.291249999999,881.3001548766682,8.0,21.0,13.502083333333333,4.49252284633286,19.8,7.6,0.0,523.78,130.40125,191.02839681826742,18:00:00
2354,0.0,337347,0.0,9661.81,2016-06-12,6143.27,9293.55,7679.628333333333,857.5796679158705,7.6,19.8,13.764583333333334,3.4579842599184816,17.2,5.5,0.0,505.45,123.43124999999999,183.90822401722605,18:30:00
2355,0.0,337347,0.0,10042.85,2016-06-13,6281.18,9661.81,7863.1658333333335,965.9920117876684,5.5,17.2,10.483333333333333,3.7543355551938755,18.8,5.2,0.0,379.8,86.07541666666667,130.7125069746959,18:30:00
2356,0.0,337347,0.0,10557.85,2016-06-14,6349.03,10042.85,7956.0125,1004.2281922854243,5.2,18.8,11.441666666666668,4.526838798051694,20.7,5.9,0.0,467.12,110.98,165.46126639366614,18:30:00
2357,0.0,337347,0.0,10546.92,2016-06-15,6484.2,10557.85,8618.778541666667,1129.9927571919834,5.9,20.7,11.460416666666667,5.143959050800468,20.3,5.1,0.0,533.72,133.0975,195.40167081539198,18:30:00
2358,0.0,337347,0.0,10264.07,2016-06-16,6602.21,10546.92,8703.671458333332,1090.3192306432998,5.1,20.3,10.747916666666667,4.982394091852311,20.9,5.3,0.0,459.23,110.36166666666666,163.2520288242943,18:30:00
2359,0.0,337347,0.0,10193.22,2016-06-17,6605.31,10264.07,8540.868124999999,1021.4700747944919,5.3,20.9,11.99375,5.391380285509335,19.5,6.7,0.0,526.38,131.98708333333335,193.43682244464793,18:30:00
2360,4.0,337347,0.0,9304.47,2016-06-18,6502.64,10193.22,8588.455208333333,989.9509140786033,6.7,19.5,13.364583333333334,4.712703049785864,20.3,13.2,0.0,265.02,62.625416666666666,91.34580528650298,18:00:00
2361,0.0,337347,0.0,9755.58,2016-06-19,6292.34,9304.47,7895.893333333333,808.5080809852428,13.2,20.3,15.887500000000001,2.0979853558095893,19.2,13.5,0.0,392.48,80.63250000000001,125.24078480560317,18:00:00
2362,29.4,337347,0.0,10567.49,2016-06-20,5969.67,9755.58,7955.432083333333,1167.0448749215573,13.5,19.2,15.866666666666667,1.937132486306382,19.9,14.0,0.0,69.6,16.5125,22.433181777912182,18:00:00
2363,0.0,337347,0.0,10809.7,2016-06-21,6124.53,10567.49,8445.994791666666,1244.5599574967098,14.0,19.9,16.029166666666665,1.5494622723168625,18.0,12.2,0.0,440.12,90.06,139.5523719505379,18:00:00
2364,0.0,337347,0.0,10499.22,2016-06-22,6355.4,10809.7,8678.58625,1183.6910085372876,12.2,18.0,15.277083333333332,1.5721295468429872,19.6,10.6,0.0,357.8,80.27458333333334,120.28992592736074,18:30:00
2365,0.0,337347,0.0,10803.04,2016-06-23,6362.41,10499.22,8523.019166666667,1113.5924353302796,10.6,19.6,14.643749999999999,2.795049289711166,17.1,5.3,0.0,436.65,117.56458333333332,170.600365215098,18:30:00
2366,0.0,337347,0.0,11292.38,2016-06-24,6527.05,10803.04,8782.036458333334,1154.82583298142,5.3,17.1,12.43125,3.765473395685732,15.9,9.2,0.0,473.52,117.66125,173.80739015915336,18:00:00
2367,0.0,337347,0.0,10837.76,2016-06-25,6525.77,11292.38,8965.604166666666,1310.7865964631224,9.2,15.9,12.383333333333333,2.076754150451718,14.3,6.0,0.0,476.05,105.48166666666667,158.57988983787607,18:00:00
2368,0.0,337347,0.0,11330.91,2016-06-26,6817.35,10837.76,8801.064791666666,1145.8212057529513,6.0,14.3,9.591666666666667,2.5236610803011867,14.1,3.8,0.0,528.2,125.36375,188.26566293377456,18:00:00
2369,0.0,337347,0.0,12599.78,2016-06-27,6824.12,11330.91,8948.206041666666,1266.167695156716,3.8,14.1,8.370833333333334,3.3087863901869703,11.7,7.3,0.0,430.52,98.05041666666666,149.13062617602225,18:30:00
2370,1.6,337347,0.0,11796.25,2016-06-28,6707.53,12599.78,9822.181041666667,1747.3038652470855,7.3,11.7,9.379166666666666,1.0714790599384225,16.3,6.4,0.0,369.77,70.83416666666666,113.55065436507881,18:00:00
2371,0.0,337347,0.0,11735.2,2016-06-29,7240.21,11796.25,9592.188125,1288.9634609096734,6.4,16.3,10.283333333333333,3.323055075598506,19.1,4.4,0.0,510.52,120.63416666666667,182.58209366751763,19:00:00
2372,0.0,337347,0.0,11904.18,2016-06-30,7218.2,11735.2,9497.736875,1295.115138862682,4.4,19.1,9.202083333333333,4.796917874978764,16.4,0.8,0.0,527.47,131.01458333333332,193.29274984706413,19:00:00
2373,0.0,339638,0.0,11112.07,2016-07-01,7179.46,11904.18,9674.755416666667,1307.4902219657297,0.8,16.4,9.129166666666666,5.27406171279353,16.3,4.9,0.0,456.0,109.82916666666667,162.94687626788368,18:30:00
2374,0.0,339638,0.0,10302.68,2016-07-02,6961.06,11112.07,9204.602291666666,1142.8115166352718,4.9,16.3,11.606250000000001,3.2369151488494516,17.4,4.3,0.0,483.62,111.90041666666667,170.47705126594994,18:30:00
2375,0.0,339638,0.0,10604.87,2016-07-03,6797.1,10302.68,8507.333541666667,993.176850122426,4.3,17.4,10.654166666666667,4.281924320504139,17.1,3.3,0.0,525.58,128.77916666666667,191.32195011854526,18:30:00
2376,0.0,339638,0.0,11980.94,2016-07-04,6705.09,10604.87,8389.505,1115.9511044481967,3.3,17.1,8.314583333333333,4.989435203756259,15.1,1.2,0.0,544.5,136.08958333333334,199.61409314142568,18:30:00
2377,4.2,339638,0.0,11439.94,2016-07-05,6783.02,11980.94,9445.421458333332,1487.9873763663074,1.2,15.1,7.727083333333334,4.225794125712681,18.3,5.1,0.0,463.65,111.14916666666666,165.5373140661252,18:30:00
2378,0.4,339638,0.0,11439.77,2016-07-06,7034.53,11439.94,9446.422083333333,1238.7930386330809,5.1,18.3,11.222916666666668,3.885501669919903,17.2,9.7,0.0,504.7,105.50166666666667,167.8697848965253,18:30:00
2379,6.6,339638,0.0,10791.74,2016-07-07,6851.85,11439.77,9236.1325,1218.1214545696912,9.7,17.2,13.345833333333333,2.4754074096947436,16.6,12.5,0.0,384.17,81.26416666666667,125.41743849247672,18:00:00
2380,16.8,339638,0.0,10661.73,2016-07-08,6872.42,10791.74,8997.579583333334,1054.9076017478271,12.5,16.6,13.895833333333334,1.0657049077275618,15.2,9.1,0.0,320.77,72.89541666666666,107.87255479752992,18:00:00
2381,12.4,339638,0.0,9979.54,2016-07-09,6846.58,10661.73,9060.777708333333,1075.3836703781178,9.1,15.2,12.820833333333333,1.202472334946654,17.4,7.3,0.0,204.68,38.802083333333336,59.00364145662405,18:00:00
2382,1.2,339638,0.0,9908.86,2016-07-10,6704.29,9979.54,8377.481458333334,862.1538803287452,7.3,17.4,12.052083333333334,3.2209414233236626,18.7,10.1,0.0,415.42,100.93416666666667,148.6652021816683,18:30:00
2383,0.0,339638,0.0,10509.59,2016-07-11,6339.59,9908.86,7985.448958333333,978.6469793834437,10.1,18.7,13.86875,2.4894805277150374,18.6,10.8,0.0,434.85,102.45,153.44650673353044,18:30:00
2384,0.0,339638,0.0,10586.72,2016-07-12,6250.99,10509.59,8589.581041666666,1215.610414215819,10.8,18.6,15.191666666666668,2.449996381528664,19.8,7.4,0.0,356.3,74.95083333333334,114.44758284692405,18:30:00
2385,0.0,339638,0.0,11621.42,2016-07-13,6462.45,10586.72,8544.903541666667,1111.431918150155,7.4,19.8,13.991666666666667,4.0836900987581135,13.5,7.4,0.0,470.65,112.31625000000001,164.88705918830007,18:30:00
2386,0.0,339638,0.0,11571.39,2016-07-14,6621.83,11621.42,9155.359583333333,1394.5657628260608,7.4,13.5,10.731250000000001,1.7049560111627515,16.3,4.0,0.0,568.62,142.76291666666665,208.89576110666616,18:30:00
2387,0.0,339638,0.0,11199.5,2016-07-15,7052.35,11571.39,9370.312708333333,1276.038321322677,4.0,16.3,9.677083333333334,3.8515119762952956,16.9,2.9,0.0,562.78,139.34333333333333,204.1181280854803,19:00:00
2388,0.0,339638,0.0,10190.52,2016-07-16,7086.84,11199.5,9353.115,1189.800126779748,2.9,16.9,10.958436924493554,4.922851914467008,17.414364640883978,15.1292817679558,0.0,563.22,142.34208333333333,207.36762162584319,18:30:00
2389,1.2,339638,0.0,9724.74,2016-07-17,7004.65,10190.52,8642.403958333334,879.6181789330702,15.1292817679558,17.414364640883978,16.271823204419892,0.6806629834254148,19.748066298342543,17.462983425414365,0.0,445.33,88.43416666666667,136.9259785794101,18:00:00
2390,0.2,339638,0.0,9890.62,2016-07-18,6381.24,9724.74,7934.251666666667,912.1187199471431,17.462983425414365,19.748066298342543,18.605524861878454,0.6806629834254138,22.081767955801105,19.796685082872926,0.0,324.65,82.67666666666666,120.44413225655892,18:30:00
2391,0.0,339638,0.0,9640.73,2016-07-19,6331.06,9890.62,8279.919375,1027.9735543464967,19.796685082872926,22.081767955801105,20.939226519337016,0.680662983425414,25.0,15.8,0.0,560.38,145.0975,208.71799882881777,18:30:00
2392,16.0,339638,0.0,10182.9,2016-07-20,6331.5,9640.73,8204.4625,896.5494992054444,15.8,25.0,21.302071823204418,2.9885179675052456,16.8,14.3,0.0,424.95,102.59249999999999,152.06793500400727,18:30:00
2393,12.8,339638,0.0,9863.04,2016-07-21,6276.19,10182.9,8459.386875,1080.8386080717776,14.3,16.8,15.910416666666668,0.6240702304086239,18.7,10.5,0.0,120.72,30.006666666666664,41.50375255186601,18:00:00
2394,0.4,339638,0.0,9220.47,2016-07-22,6371.41,9863.04,8291.302291666667,932.3704269163912,10.5,18.7,14.5875,2.0769889211845625,25.4,9.6,0.0,250.73,66.74666666666667,92.86626655099565,18:30:00
2395,3.2,339638,0.0,9429.16,2016-07-23,6224.54,9220.47,7959.263125,777.5116507279398,9.6,25.4,18.10625,5.823445139938414,17.6,9.6,0.0,493.33,115.79875,165.15872939130082,18:00:00
2396,0.0,339638,0.0,10869.75,2016-07-24,5886.25,9429.16,7595.875,971.7653502643886,9.6,17.6,14.802083333333334,2.3765243335176303,13.9,5.3,0.0,589.65,153.43541666666667,219.3206239073273,18:30:00
2397,0.0,339638,0.0,11243.65,2016-07-25,6265.17,10869.75,8427.762499999999,1341.9758889207656,5.3,13.9,9.21875,2.2789187665822683,17.2,3.5,0.0,322.7,85.875,120.80638584819151,18:30:00
2398,0.0,339638,0.0,10876.64,2016-07-26,6532.47,11243.65,8884.111458333333,1351.544678546122,3.5,17.2,11.331249999999999,4.301170362745668,18.0,3.7,0.0,594.47,154.17291666666668,220.2579010678196,18:30:00
2399,0.0,339638,0.0,10748.44,2016-07-27,6689.02,10876.64,8825.660625,1145.4968780224478,3.7,18.0,12.320833333333333,4.179074433480143,18.2,6.0,0.0,589.6,153.99375,219.26241335707815,19:00:00
2400,0.0,339638,0.0,10779.66,2016-07-28,6659.36,10748.44,8756.154375,1101.8785292262546,6.0,18.2,13.21875,3.453561605930529,19.0,6.0,0.0,547.67,144.74375,205.52358741138886,18:30:00
2401,0.0,339638,0.0,10605.96,2016-07-29,6706.32,10779.66,8814.883958333334,1148.6043130256048,6.0,19.0,12.408333333333333,3.6981785817744166,18.4,4.6,0.0,603.88,158.89708333333334,225.14317110341932,19:00:00
2402,0.0,339638,0.0,9865.85,2016-07-30,6908.68,10605.96,8889.632916666667,1083.9023099086712,4.6,18.4,11.129166666666668,4.137938552104527,18.1,6.6,0.0,616.55,161.41875000000002,229.42164258797806,19:00:00
2403,0.0,339638,0.0,9774.62,2016-07-31,6741.47,9865.85,8268.414999999999,866.2822682455156,6.6,18.1,11.297916666666666,3.7931343118589176,20.5,7.1,0.0,548.78,130.30708333333334,188.57777291642984,18:30:00
2404,0.0,342339,0.0,10996.84,2016-08-01,6272.15,9774.62,7860.575625,985.0259413797637,7.1,20.5,11.739583333333334,4.116016437291855,17.3,6.5,0.0,333.5,94.4575,129.51344346963253,18:30:00
2405,0.6,342339,0.0,11700.27,2016-08-02,6362.82,10996.84,8787.544791666667,1311.6825477598718,6.5,17.3,11.791666666666666,3.5172422304699777,14.9,9.7,0.0,301.42,85.89999999999999,118.50604076083427,18:30:00
2406,17.4,342339,0.0,11660.81,2016-08-03,6674.37,11700.27,9223.267916666666,1389.2867918406205,9.7,14.9,11.585416666666667,1.450016813304331,13.7,10.6,0.0,311.12,67.11375,103.04329394544634,18:30:00
2407,13.8,342339,0.0,11406.23,2016-08-04,6833.14,11660.81,9382.363958333333,1319.7951592427512,10.6,13.7,11.870833333333332,0.7562388267740339,15.9,10.2,0.0,332.27,79.29125,112.97313513501359,18:30:00
2408,1.8,342339,0.0,10837.58,2016-08-05,6842.55,11406.23,9190.217083333333,1248.4075864126207,10.2,15.9,12.143749999999999,1.5235605344480607,15.0,9.2,0.0,453.98,112.15041666666667,161.6989191362227,19:00:00
2409,0.2,342339,0.0,10073.81,2016-08-06,6987.06,10837.58,9120.658958333333,1058.7487924427069,9.2,15.0,11.75625,1.6688518476370822,15.4,8.0,0.0,424.02,102.62791666666668,144.56552881340454,18:30:00
2410,0.0,342339,0.0,10155.2,2016-08-07,6658.52,10073.81,8439.757916666667,888.6875975685517,8.0,15.4,11.302083333333334,2.4993181694327635,17.0,8.8,0.0,387.58,87.59125,126.24354519627293,18:30:00
2411,0.2,342339,0.0,10674.45,2016-08-08,6332.04,10155.2,8039.344375000001,1056.5849040888936,8.8,17.0,12.18125,2.5121539668562285,18.7,6.7,0.0,549.58,112.23916666666668,166.777670741024,18:30:00
2412,0.0,342339,0.0,10470.33,2016-08-09,6501.86,10674.45,8597.342083333333,1190.296238549969,6.7,18.7,11.366666666666667,4.144996128804153,18.7,4.4,0.0,569.8,145.33166666666668,206.94905257588576,19:00:00
2413,0.0,342339,0.0,9446.24,2016-08-10,6706.82,10470.33,8664.452083333334,1023.3838761073085,4.4,18.7,12.210416666666667,4.911655247419503,24.4,11.8,0.0,603.4,144.57874999999999,211.71578938017905,18:30:00
2414,0.0,342339,0.0,10057.89,2016-08-11,6397.38,9446.24,8062.358958333333,803.6737023545927,11.8,24.4,17.8125,4.0374114837803825,18.9,6.4,0.0,631.92,165.9325,232.99245732015683,18:30:00
2415,0.0,342339,0.0,10132.97,2016-08-12,6283.88,10057.89,8247.713333333333,1040.1318458577139,6.4,18.9,13.858333333333334,3.503908658416315,17.6,4.6,0.0,653.78,177.92708333333334,246.24801445324002,18:30:00
2416,0.0,342339,0.0,9337.95,2016-08-13,6797.88,10132.97,8637.731458333334,970.3180000281748,4.6,17.6,11.191666666666668,4.207684628044029,19.5,4.0,0.0,665.97,175.06583333333333,244.54413789990073,18:30:00
2417,0.0,342339,0.0,9678.69,2016-08-14,6569.42,9337.95,7891.80375,798.3631588753752,4.0,19.5,11.691666666666668,5.395263223256762,18.9,4.3,0.0,666.95,180.2325,248.79265517097022,18:30:00
2418,0.0,342339,0.0,10173.5,2016-08-15,6330.74,9678.69,7726.980416666666,924.4894247187711,4.3,18.9,11.139583333333334,5.120702228411328,20.0,5.3,0.0,649.58,170.03416666666666,234.72867675420525,19:00:00
2419,0.0,342339,0.0,9754.85,2016-08-16,6456.46,10173.5,8366.535416666668,1065.8461879092467,5.3,20.0,12.625,5.317634252424022,22.0,5.8,0.0,628.6,173.88208333333333,237.71999489349463,18:30:00
2420,0.0,342339,0.0,9613.55,2016-08-17,6695.75,9754.85,8275.793958333334,856.4673565905905,5.8,22.0,13.50625,5.558754117644125,23.6,6.6,0.0,680.35,185.57666666666668,254.6786176614983,19:00:00
2421,0.0,342339,0.0,9568.89,2016-08-18,6353.72,9613.55,8147.764583333334,855.5939108308843,6.6,23.6,14.266666666666666,5.79700338338269,22.7,6.8,0.0,683.65,186.6025,255.97031852324906,18:30:00
2422,0.0,342339,0.0,9223.91,2016-08-19,6425.26,9568.89,8103.285416666667,829.8343298487757,6.8,22.7,14.647916666666667,5.429274062337582,22.9,6.0,0.0,682.1,186.54791666666668,254.46325373189484,18:30:00
2423,2.0,342339,0.0,9318.55,2016-08-20,6419.88,9223.91,8022.56,739.1886903551327,6.0,22.9,15.427083333333334,5.9478134578244815,17.1,6.7,0.0,684.1,179.82583333333332,250.15269153938198,18:30:00
2424,0.0,342339,0.0,9614.55,2016-08-21,6163.41,9318.55,7650.556666666666,846.4550659985515,6.7,17.1,12.272916666666667,3.0550091118945724,19.4,3.5,0.0,689.72,184.4675,253.33993766680624,18:30:00
2425,0.0,342339,0.0,11663.09,2016-08-22,6262.04,9614.55,7672.053124999999,933.5710437886692,3.5,19.4,11.008333333333333,5.4612302149783885,13.9,6.3,0.0,705.55,197.09208333333333,267.6532147098247,18:30:00
2426,5.2,342339,0.0,10858.02,2016-08-23,6382.48,11663.09,9128.256875000001,1511.0095672355149,6.3,13.9,9.822916666666666,2.265677258507113,16.9,6.9,0.0,226.15,56.71416666666667,78.91224011340896,18:30:00
2427,1.6,342339,0.0,11353.79,2016-08-24,6860.27,10858.02,8879.001041666666,1037.779312940366,6.9,16.9,12.072916666666666,3.2412723784349975,13.7,9.1,0.0,571.12,143.12,201.54986382657427,18:30:00
2428,56.4,342339,0.0,10858.85,2016-08-25,6650.63,11353.79,9180.795,1309.156096973372,9.1,13.7,12.147513440860216,1.1174237493956305,16.2,8.9,0.0,174.02,43.60458333333333,62.144347407598666,18:30:00
2429,0.2,342339,0.0,10710.53,2016-08-26,6829.95,10858.85,8923.4525,1118.6572689375446,8.9,16.2,11.577083333333334,2.5979729891748824,15.4,5.4,0.0,607.78,137.45541666666668,197.8486764639736,19:00:00
2430,0.0,342339,0.0,9492.24,2016-08-27,6985.62,10710.53,8962.7575,1024.5212529274338,5.4,15.4,10.918750000000001,3.287219367522156,19.2,6.5,0.0,590.62,149.53916666666666,207.15515599587124,18:30:00
2431,0.0,342339,0.0,9702.42,2016-08-28,6755.22,9492.24,8048.381666666667,808.976451539907,6.5,19.2,11.9,4.280584569345541,19.4,3.9,0.0,699.7,196.25333333333333,263.43095262999395,19:00:00
2432,0.0,342339,0.0,10461.22,2016-08-29,6310.47,9702.42,7705.935,952.3541389607879,3.9,19.4,11.160416666666668,5.076929025831791,19.0,5.1,0.0,750.58,211.63625000000002,283.5590911220776,19:00:00
2433,0.0,342339,0.0,9844.32,2016-08-30,6445.27,10461.22,8492.740625,1118.1419503181623,5.1,19.0,11.885416666666666,4.610810127890866,20.8,8.3,0.0,546.92,141.29333333333332,192.59604861982925,18:30:00
2434,0.0,342339,0.0,9524.4,2016-08-31,6587.65,9844.32,8396.513541666667,878.803036171964,8.3,20.8,14.725,4.344402120802592,22.9,12.3,0.0,599.28,148.07125,203.3798150733138,18:30:00
2435,0.0,344937,0.0,9418.48,2016-09-01,6216.4,9524.4,8130.544166666667,883.2123879239181,12.3,22.9,17.116666666666667,3.521685605437558,22.2,8.1,0.0,374.92,81.33,108.57136190817421,18:30:00
2436,8.6,344937,0.0,9663.8,2016-09-02,6269.66,9418.48,7954.808333333333,797.6696333224817,8.1,22.2,15.614583333333334,4.670094517396669,16.7,14.2,0.0,692.03,197.42458333333332,260.8328591585883,18:30:00
2437,23.0,344937,0.0,8771.31,2016-09-03,6245.72,9663.8,8289.722083333332,995.1243686391143,14.2,16.7,15.322916666666666,0.6382287935433516,19.9,10.1,0.0,154.35,39.462916666666665,51.50483131473071,18:30:00
2438,0.0,344937,0.0,8809.21,2016-09-04,6029.29,8771.31,7424.2127083333335,719.1501580330015,10.1,19.9,16.341666666666665,2.3626376653199785,20.2,5.8,0.0,610.88,174.16875000000002,229.49460684225429,19:00:00
2439,0.0,344937,0.0,9635.77,2016-09-05,5965.15,8809.21,7200.266875,813.4569290306029,5.8,20.2,12.379166666666668,4.68333207137612,20.7,6.6,0.0,723.92,206.665,274.8989302298017,19:00:00
2440,0.0,344937,0.0,9394.33,2016-09-06,6215.41,9635.77,8004.292916666666,940.1445413474207,6.6,20.7,13.004166666666668,4.684058902428366,22.6,7.0,0.0,778.6,218.91916666666668,289.73669861036103,18:30:00
2441,0.0,344937,0.0,9140.54,2016-09-07,6462.84,9394.33,8015.840833333333,762.6929343181727,7.0,22.6,14.356250000000001,5.262468729375937,21.4,9.8,0.0,773.05,218.34583333333333,287.1899809662167,19:00:00
2442,0.0,344937,0.0,9283.35,2016-09-08,6281.64,9140.54,7896.062708333334,733.7638280743889,9.8,21.4,15.995833333333332,3.7104199643782554,22.3,12.6,0.0,644.62,191.44333333333336,252.6831907920771,18:30:00
2443,0.0,344937,0.0,8910.77,2016-09-09,6228.34,9283.35,7887.798750000001,783.5120583482594,12.6,22.3,17.291666666666668,3.087850821370013,23.6,11.7,0.0,634.47,178.6170833333333,238.85830858622808,19:00:00
2444,1.4,344937,0.0,8323.85,2016-09-10,6159.65,8910.77,7779.57,727.8404777351884,11.7,23.6,18.120833333333334,3.704221762428409,22.0,13.8,0.0,758.4,214.22583333333333,283.6096580695986,18:30:00
2445,0.0,344937,0.0,8622.87,2016-09-11,5898.55,8323.85,7195.888541666667,632.3556104671782,13.8,22.0,17.816666666666666,2.467864382402137,20.0,8.4,0.0,750.38,210.28458333333333,283.7936108951875,18:30:00
2446,0.0,344937,0.0,9284.23,2016-09-12,5786.18,8622.87,6984.031041666666,731.5664952783078,8.4,20.0,13.941666666666668,3.343767357613859,20.8,9.9,0.0,804.12,219.22625000000002,292.1280139831225,19:00:00
2447,0.0,344937,0.0,9301.85,2016-09-13,5908.39,9284.23,7679.015625,877.5922913166022,9.9,20.8,15.543750000000001,3.4898580261313197,19.3,15.4,0.0,772.72,224.28833333333333,292.7149438907251,18:30:00
2448,2.2,344937,0.0,9107.08,2016-09-14,6150.99,9301.85,7874.76125,827.1383885334053,15.4,19.3,16.96875,1.3330745537881405,23.7,15.5,0.0,441.25,115.73,151.25300198533077,18:30:00
2449,0.0,344937,0.0,9167.42,2016-09-15,5989.04,9107.08,7841.120833333333,856.5999353352249,15.5,23.7,19.097916666666666,2.926074240512859,21.1,13.1,0.0,598.47,120.65208333333334,183.67334243170802,18:30:00
2450,0.2,344937,0.0,8701.06,2016-09-16,5917.94,9167.42,7718.619166666666,840.5829124313855,13.1,21.1,17.0625,2.3356283040047456,21.2,10.0,0.0,722.1,188.06083333333333,244.55668916044914,18:30:00
2451,0.0,344937,0.0,8345.91,2016-09-17,6076.91,8701.06,7644.221875,702.2636894908213,10.0,21.2,15.7875,3.5149301618315527,21.8,6.8,0.0,708.62,203.71916666666667,260.7696243004569,19:00:00
2452,0.0,344937,0.0,9223.23,2016-09-18,5963.37,8345.91,7185.51125,607.6546347441641,6.8,21.8,15.043750000000001,4.945270951852287,15.2,11.3,0.0,807.08,222.00750000000002,297.7448549763599,19:00:00
2453,11.4,344937,0.0,9296.87,2016-09-19,5729.75,9223.23,7481.681666666667,1035.3405791339474,11.3,15.2,13.622916666666667,1.0804332431519317,20.1,11.5,0.0,223.18,51.97375,72.60448544625113,18:30:00
2454,0.0,344937,0.0,9499.25,2016-09-20,5927.85,9296.87,7674.230208333333,878.1427773637523,11.5,20.1,15.6875,3.078174714740554,20.0,6.4,0.0,837.8,245.37708333333333,314.07110105670597,19:00:00
2455,0.0,344937,0.0,9493.91,2016-09-21,6186.37,9499.25,7894.791249999999,832.6948183998107,6.4,20.0,13.989583333333334,4.124459453084955,20.1,11.6,0.0,818.4,229.21166666666667,301.6873229258803,19:00:00
2456,0.6,344937,0.0,9429.12,2016-09-22,6152.63,9493.91,8082.544791666667,892.8482321725077,11.6,20.1,14.997916666666667,2.3911618811456434,19.3,9.9,0.0,516.03,131.71833333333333,172.24218924740123,19:00:00
2457,0.0,344937,0.0,8742.82,2016-09-23,6252.54,9429.12,7973.31625,810.0650626604541,9.9,19.3,15.379166666666668,2.85991804177563,20.5,14.9,0.0,615.47,166.04041666666666,217.8488024076813,19:00:00
2458,0.2,344937,0.0,8032.58,2016-09-24,6255.27,8742.82,7729.116458333334,632.9019563057934,14.9,20.5,17.322916666666668,1.8440519196241458,21.7,10.0,0.0,567.92,161.10416666666666,205.67787939307232,19:00:00
2459,0.2,344937,0.0,8343.57,2016-09-25,6005.32,8032.58,7033.828333333334,514.81649297562,10.0,21.7,16.4625,3.7321846320432184,21.2,13.4,0.0,826.05,244.84666666666666,313.83182160421273,19:00:00
2460,0.2,344937,0.0,8992.71,2016-09-26,5546.97,8343.57,6848.8064583333335,723.566811761661,13.4,21.2,15.90625,1.878592303442445,20.4,8.8,0.0,678.0,147.91166666666666,218.72002983590335,19:00:00
2461,0.0,344937,0.0,9110.17,2016-09-27,5830.19,8992.71,7496.167708333333,837.5438052544887,8.8,20.4,14.137500000000001,3.323521907907397,22.7,8.1,0.0,898.0,267.7684375,340.53928904481035,19:00:00
2462,0.0,344937,0.0,8895.15,2016-09-28,6177.55,9110.17,7670.683333333333,718.3164089148399,8.1,22.7,14.904166666666667,4.725663674355229,20.0,8.0,0.0,692.83,227.47916666666666,280.16229147439594,19:00:00
2463,2.4,344937,0.0,9185.07,2016-09-29,6263.77,8895.15,7598.341666666667,615.6219825521325,8.0,20.0,14.0875,3.9376861658117868,22.0,9.0,0.0,875.7,269.38614583333333,338.24101671994816,19:00:00
2464,0.4,344937,0.0,9079.62,2016-09-30,5965.66,9185.07,7810.965833333333,896.1679740602234,9.0,22.0,14.75625,4.030939188908814,18.3,12.0,0.0,612.4,120.85281250000001,177.61860088614404,19:00:00
2465,0.0,347490,0.0,8013.01,2016-10-01,6133.92,9079.62,7736.056666666666,745.2279119620888,12.0,18.3,14.614583333333334,1.6233652442725444,21.2,10.5,0.0,574.42,184.44677083333332,224.24960284954884,19:00:00
2466,0.0,347490,0.0,7482.06,2016-10-02,5876.63,8013.01,6922.156041666666,560.7980525952602,10.5,21.2,16.410416666666666,3.4516871966541385,25.4,6.5,0.0,846.28,257.8615625,323.9209615443648,19:00:00
2467,0.0,347490,0.0,7887.4,2016-10-03,5727.63,7482.06,6566.900833333333,443.9751075053608,6.5,25.4,16.872916666666665,6.366359044404383,24.7,13.8,0.0,928.58,284.3329166666667,354.60155606190557,19:00:00
2468,0.0,347490,0.0,8562.23,2016-10-04,5388.26,7887.4,6633.488958333332,687.4389364146393,13.8,24.7,19.568749999999998,3.017336873554332,23.0,8.2,0.0,646.25,153.15572916666667,207.90924924670702,19:00:00
2469,0.0,347490,0.0,8398.98,2016-10-05,5828.37,8562.23,7387.872083333333,730.5903082744148,8.2,23.0,16.841666666666665,4.562326456429378,22.3,11.0,0.0,921.72,289.67104166666667,356.5867182598328,19:00:00
2470,0.0,347490,0.0,8266.48,2016-10-06,5985.53,8398.98,7396.046458333333,647.169204628206,11.0,22.3,16.497916666666665,3.5905010367684715,27.3,6.1,0.0,971.25,301.3935416666667,372.3644708537738,19:00:00
2471,0.0,347490,0.0,8174.26,2016-10-07,5964.85,8266.48,7422.322708333333,639.8037128540835,6.1,27.3,18.516666666666666,7.35062114420773,29.7,11.4,0.0,851.28,275.3335416666667,338.41734072937027,18:30:00
2472,0.0,347490,0.0,7654.87,2016-10-08,5946.37,8174.26,7486.478958333333,682.2341284939282,11.4,29.7,21.631249999999998,6.214538761748659,22.2,15.8,0.0,929.75,272.1663541666666,341.23743405862496,17:00:00
2473,0.0,347490,0.0,7881.89,2016-10-09,5788.79,7654.87,6900.386458333333,541.2329271111632,15.8,22.2,18.191666666666666,1.8310366013438915,21.5,11.0,0.0,589.78,151.370625,208.82363049423435,18:30:00
2474,0.0,347490,0.0,8771.3,2016-10-10,5531.75,7881.89,6686.3672916666665,630.8701332919024,11.0,21.5,17.41875,2.8033912783581374,32.2,13.1,0.0,951.53,258.93,337.2221627266549,18:30:00
2475,0.2,347490,0.0,8383.1,2016-10-11,5551.86,8771.3,7535.684375,1038.416043054007,13.1,32.2,22.852083333333336,5.996026683805519,19.8,11.3,0.0,701.88,206.89208333333332,253.86918889885618,17:00:00
2476,0.0,347490,942.0,8442.04,2016-10-12,5674.81,8383.1,7299.573958333333,724.5575982236141,11.3,19.8,15.4375,2.6597572277631465,22.2,7.2,0.0,993.28,310.925625,379.46572976991473,19:00:00
2477,0.0,347490,0.0,8699.25,2016-10-13,5957.09,8442.04,7471.09625,682.0148670577253,7.2,22.2,14.660416666666668,4.660140605281445,16.9,9.6,0.0,967.2,285.25354166666665,362.7924754359362,07:00:00
2478,0.0,347490,853.08,8699.94,2016-10-14,6014.24,8699.25,7555.912083333334,716.7180602712428,9.6,16.9,14.016666666666666,1.9572378858595523,20.1,7.5,0.0,690.72,182.26041666666666,229.68628530049816,19:00:00
2479,0.0,347490,0.0,7490.01,2016-10-15,6136.76,8699.94,7511.041249999999,627.0837957159058,7.5,20.1,13.845833333333333,4.513099530908498,25.3,7.1,0.0,858.0,269.81708333333336,330.3379769956331,07:00:00
2480,0.0,347490,0.0,7789.73,2016-10-16,5787.18,7490.01,6717.660208333334,448.1842215575503,7.1,25.3,16.435416666666665,6.094660711179678,29.3,8.9,0.0,1003.15,319.91052083333335,384.6530501692535,19:00:00
2481,0.0,347490,0.0,8474.22,2016-10-17,5349.84,7789.73,6499.085208333334,674.4205505784267,8.9,29.3,20.239583333333332,6.944942736259893,23.8,13.3,0.0,989.4,314.85010416666665,380.3262857332763,19:00:00
2482,3.6,347490,0.0,8324.4,2016-10-18,5531.88,8474.22,7496.426458333332,979.975856785735,13.3,23.8,18.5625,3.587011142465302,24.2,6.7,0.0,278.45,58.94416666666667,70.7237460824091,19:00:00
2483,0.0,347490,0.0,8410.99,2016-10-19,5869.6,8324.4,7392.712500000001,678.4968019507876,6.7,24.2,17.204166666666666,5.993860629696602,22.8,12.8,0.0,995.03,318.07395833333334,381.3940379655932,19:00:00
2484,0.0,347490,0.0,8544.33,2016-10-20,5907.23,8410.99,7447.59625,695.340957249169,12.8,22.8,17.285416666666666,2.5293165827722177,20.8,12.1,0.0,892.35,293.21239583333335,356.51636245161814,19:00:00
2485,0.0,347490,0.0,8311.12,2016-10-21,5945.85,8544.33,7564.66,724.3106185767118,12.1,20.8,17.477083333333333,2.472507520659201,27.5,11.7,0.0,679.97,208.75041666666667,258.29035602344175,19:00:00
2486,10.4,347490,273.925,7913.13,2016-10-22,5996.72,8311.12,7598.564166666667,704.0134462141721,11.7,27.5,19.714583333333334,5.054005766793321,19.2,12.5,0.0,862.62,249.92958333333334,311.07123574908206,19:00:00
2487,2.2,347490,0.0,8050.82,2016-10-23,5877.0,7913.13,7087.544166666667,608.3296426012595,12.5,19.2,16.002083333333335,1.8538619360713418,17.7,9.3,0.0,424.38,87.45114583333333,111.57815349560556,09:30:00
2488,0.0,347490,992.55,8434.43,2016-10-24,5766.98,8050.82,6818.965208333334,603.5097659876834,9.3,17.7,13.887500000000001,2.604302904237769,18.4,8.3,0.0,936.58,284.1609375,348.54606718886635,19:00:00
2489,0.0,347490,0.0,8309.36,2016-10-25,5904.95,8434.43,7429.985625,727.8234139583475,8.3,18.4,13.972916666666668,3.309351005561995,24.2,8.1,0.0,1013.72,330.13729166666667,391.06479389264416,07:00:00
2490,0.0,347490,0.0,8195.0,2016-10-26,6008.33,8309.36,7395.478749999999,626.4945940186357,8.1,24.2,16.70625,5.666264717701058,28.0,10.5,0.0,1010.72,322.71958333333333,385.79601169700044,19:00:00
2491,0.0,347490,0.0,8266.04,2016-10-27,5799.13,8195.0,7446.234166666666,735.6587315268073,10.5,28.0,19.0,5.9750189174453485,20.9,12.0,0.0,718.15,236.49791666666667,278.1774247532964,19:00:00
2492,0.0,347490,385.34,8237.85,2016-10-28,5802.51,8266.04,7376.748333333333,730.7398048592084,12.0,20.9,17.179166666666667,2.645506695088649,19.2,14.4,0.0,838.17,235.45375,313.0247491158527,18:00:00
2493,1.0,347490,0.0,7445.96,2016-10-29,5758.82,8237.85,7383.20625,744.2080539101868,14.4,19.2,16.866666666666667,1.4231121624630818,24.3,15.7,0.0,516.88,114.5734375,162.01113461917288,07:30:00
2494,0.0,347490,0.0,7774.46,2016-10-30,5608.26,7445.96,6802.332916666666,546.159407475776,15.7,24.3,19.897916666666667,2.6947932130300654,28.2,17.1,0.0,806.45,229.005,283.9171794282059,19:00:00
2495,0.0,347490,0.0,8158.91,2016-10-31,5460.35,7774.46,6727.704791666667,703.4057575732436,17.1,28.2,22.672916666666666,3.076246648062589,22.5,13.5,0.0,651.95,199.07270833333334,243.86892686955602,17:30:00
2496,0.0,350734,930.78,8210.12,2016-11-01,5600.88,8158.91,7203.192708333333,775.7475062178072,13.5,22.5,18.679166666666667,2.938950336091813,22.8,10.3,0.0,1069.68,352.31572916666664,411.9538449164886,19:30:00
2497,0.0,350734,0.0,8072.39,2016-11-02,5926.12,8210.12,7414.698958333333,647.0788890812587,10.3,22.8,16.075,4.0845583630640645,24.3,8.8,0.0,930.78,293.9398958333333,343.02639176502043,07:00:00
2498,0.0,350734,0.0,8447.72,2016-11-03,5873.56,8072.39,7319.338124999999,617.6262165559857,8.8,24.3,16.7375,4.932205281227679,26.0,10.5,0.0,1049.85,347.12364583333334,404.3690289108158,19:30:00
2499,0.0,350734,0.0,8520.06,2016-11-04,5869.05,8447.72,7520.099166666667,743.9817952126259,10.5,26.0,18.627083333333335,5.134436909329643,30.5,12.6,0.0,1025.8,339.76916666666665,395.0483293411683,17:00:00
2500,0.0,350734,0.0,7517.55,2016-11-05,5949.58,8520.06,7551.897916666666,747.6843408533239,12.6,30.5,21.960416666666664,6.077504372451174,24.9,17.2,0.0,1051.05,349.46968749999996,404.2823431980535,17:00:00
2501,0.0,350734,0.0,7571.4,2016-11-06,5618.13,7517.55,6707.718124999999,534.242259258158,17.2,24.9,22.381249999999998,2.1130452210927677,23.2,11.7,0.0,1066.88,356.71374999999995,413.1566382657854,19:30:00
2502,0.0,350734,0.0,9359.15,2016-11-07,5457.07,7571.4,6459.979166666667,602.9000865385797,11.7,23.2,18.408333333333335,2.8574526174536836,30.4,10.5,0.0,1049.32,348.77437499999996,404.8620236083393,19:30:00
2503,0.0,350734,0.0,9303.84,2016-11-08,5630.9,9359.15,7745.971041666667,1135.5821743713466,10.5,30.4,20.747916666666665,6.24274863029042,24.3,13.7,0.0,1023.3,335.9278125,392.9828911993908,17:00:00
2504,1.8,350734,0.0,8762.63,2016-11-09,6035.7,9303.84,8022.7404166666665,1058.7830887953262,13.7,24.3,19.431250000000002,2.9675662533606726,21.2,17.2,0.0,761.33,246.48145833333334,303.1899412224395,16:00:00
2505,3.2,350734,0.0,8637.39,2016-11-10,5942.11,8762.63,7761.066875,856.7675441340649,17.2,21.2,18.470833333333335,1.0235437674919583,24.9,14.7,0.0,706.42,191.6009375,256.5690928067464,17:00:00
2506,0.0,350734,0.0,8655.72,2016-11-11,5972.16,8637.39,7679.286666666667,811.6394909499556,14.7,24.9,20.1125,3.058550971056913,23.7,17.7,0.0,988.3,325.4834375,381.6497272608109,17:00:00
2507,6.2,350734,0.0,8944.3,2016-11-12,5941.92,8655.72,7691.696875000001,827.8920614509055,17.7,23.7,20.4375,1.5934206480719806,33.9,18.3,0.0,1000.6,319.3475,376.57145281402853,16:30:00
2508,0.0,350734,0.0,7927.89,2016-11-13,5928.17,8944.3,7459.275416666666,896.331747937963,18.3,33.9,24.4375,5.22663493712326,28.7,13.6,0.0,1025.6,292.2595833333333,365.9082440687586,17:00:00
2509,0.0,350734,0.0,8401.4,2016-11-14,5661.54,7927.89,6899.177500000001,725.4526070139967,13.6,28.7,21.84583333333333,4.7565837165430285,22.2,15.9,0.0,1066.43,356.2967708333333,408.31735527740386,17:30:00
2510,0.8,350734,0.0,8153.32,2016-11-15,5622.24,8401.4,7483.988541666667,917.0315954207662,15.9,22.2,18.582738095238096,1.8407788717896125,20.9,13.0,0.0,804.42,264.41895833333336,309.283884744617,17:00:00
2511,0.0,350734,0.0,8355.96,2016-11-16,5932.94,8153.32,7497.768333333333,683.6471161300308,13.0,20.9,16.891666666666666,2.1761603247153567,22.7,11.1,0.0,974.55,272.85541666666666,340.24913076292955,18:00:00
2512,0.0,350734,0.0,8688.81,2016-11-17,5957.64,8355.96,7548.404791666667,707.4136123486211,11.1,22.7,17.789583333333333,3.7237729427393953,24.2,15.2,0.0,1014.12,348.74062499999997,398.7664350613225,17:00:00
2513,0.0,350734,0.0,10275.53,2016-11-18,5952.62,8688.81,7687.960416666666,825.9774310449209,15.2,24.2,19.599999999999998,2.471109665458698,34.6,12.4,0.0,1035.1,338.89552083333336,394.02441380004325,17:00:00
2514,0.0,350734,0.0,7940.5,2016-11-19,6073.6,10275.53,8347.026666666667,1282.9814490165347,12.4,34.6,24.131249999999998,7.416805421444902,22.3,18.9,0.0,1058.9,355.74499999999995,404.6715729952198,16:00:00
2515,0.0,350734,0.0,8291.7,2016-11-20,6065.77,7940.5,7295.2733333333335,617.1288930831345,18.9,22.3,20.314583333333335,0.9810956930214554,25.8,18.7,0.0,852.72,250.66562499999998,304.03017836914734,16:00:00
2516,0.0,350734,0.0,10539.35,2016-11-21,5772.42,8291.7,7199.265208333333,843.8073512561954,18.7,25.8,21.652083333333334,2.3258939789720507,29.6,17.1,0.0,906.22,281.9040625,334.3635306303481,17:30:00
2517,0.0,350734,0.0,10746.89,2016-11-22,6033.74,10539.35,8515.424583333333,1473.8055459973639,17.1,29.6,23.87291666666667,3.658551020195822,33.4,17.8,0.0,972.22,292.926875,353.5997277720278,16:00:00
2518,0.0,350734,12.65,9831.67,2016-11-23,6218.81,10746.89,8652.296041666666,1482.1290256188468,17.8,33.4,24.743750000000002,4.981579098955363,30.6,16.1,0.0,1038.85,338.20697916666666,390.52867375553217,15:30:00
2519,2.0,350734,0.0,8263.3,2016-11-24,6202.96,9831.67,8162.239791666667,1106.4365271206318,16.1,30.6,21.179166666666667,3.7274689566373373,21.0,12.9,0.0,1006.12,280.61354166666666,355.08384951312837,13:00:00
2520,0.0,350734,0.0,8129.07,2016-11-25,5922.69,8263.3,7494.763125,699.8584903321724,12.9,21.0,17.28125,2.7042642645950767,23.0,11.4,0.0,1081.32,372.4708333333333,419.93049193749346,17:00:00
2521,0.0,350734,0.0,7955.14,2016-11-26,5975.67,8129.07,7481.2577083333335,711.1877948185642,11.4,23.0,18.139583333333334,3.7558317538357024,25.5,14.7,0.0,1036.68,359.20760416666667,405.1478114311316,16:00:00
2522,0.0,350734,0.0,7867.48,2016-11-27,5890.59,7955.14,7109.580833333333,604.0636450222686,14.7,25.5,20.775000000000002,3.1534175989220814,24.1,19.1,0.0,1022.5,331.3805208333333,386.83773638260345,17:30:00
2523,0.0,350734,0.0,9757.81,2016-11-28,5856.96,7867.48,6999.87125,642.5881643645342,19.1,24.1,20.645833333333332,1.1796065578003843,27.9,20.2,0.0,867.85,262.02979166666665,311.4423394038774,19:30:00
2524,0.0,350734,0.0,9176.88,2016-11-29,5938.84,9757.81,8232.569583333334,1232.4961355788669,20.2,27.9,23.322916666666668,2.5516986068385576,23.2,18.9,0.0,1020.8,329.95166666666665,385.3389650274674,16:30:00
2525,0.0,350734,0.0,9255.72,2016-11-30,6366.99,9176.88,8151.744166666667,925.7353540692704,18.9,23.2,20.881249999999998,1.1921117058182655,25.5,15.4,0.0,938.72,300.8830208333333,350.11547323816865,16:00:00
2526,0.0,354163,0.0,9596.48,2016-12-01,6190.82,9255.72,8064.95,952.9990253371815,15.4,25.5,21.054166666666667,2.5933596326767248,31.0,16.2,0.0,944.17,273.9415625,341.4479785151481,15:30:00
2527,0.2,354163,0.0,10793.32,2016-12-02,6140.15,9596.48,8222.339375,1098.7485716213819,16.2,31.0,22.585416666666664,4.917142812621605,35.6,14.8,0.0,1028.68,303.0751041666667,361.2209948636819,17:00:00
2528,0.0,354163,0.0,8665.48,2016-12-03,6263.02,10793.32,8705.48375,1424.9624923225401,14.8,35.6,25.504166666666666,6.926912005293417,24.9,19.5,0.0,1041.8,319.1504166666667,393.8907826224537,15:30:00
2529,0.0,354163,0.0,9383.75,2016-12-04,6186.26,8665.48,7671.824791666667,783.209311560357,19.5,24.9,22.25,1.6368105987469075,27.8,16.3,0.0,926.75,287.5308333333333,338.4185683067977,16:00:00
2530,1.0,354163,0.0,11505.27,2016-12-05,5927.09,9383.75,7723.364375,1172.190058113455,16.3,27.8,22.68958333333333,3.3965088198208107,33.1,20.0,0.0,976.08,277.35364583333336,328.7636158101654,17:30:00
2531,7.4,354163,65.47,9490.34,2016-12-06,6229.55,11505.27,9115.880625,1802.9449564607519,20.0,33.1,24.99791666666667,3.5837986255721006,24.2,20.2,0.0,758.78,201.308125,243.49106285015665,15:00:00
2532,3.8,354163,0.0,9067.22,2016-12-07,6451.93,9490.34,8424.146875,1051.006012050655,20.2,24.2,21.941666666666666,1.1987286409400297,24.8,18.1,0.0,449.7,101.4565625,131.47319147553227,11:00:00
2533,0.0,354163,0.0,10726.36,2016-12-08,6194.81,9067.22,8052.3810416666665,929.9282251009037,18.1,24.8,21.391666666666666,1.878867170390613,28.8,19.7,0.0,866.7,278.620625,319.8504613173478,16:00:00
2534,0.0,354163,0.0,8421.74,2016-12-09,6093.99,10726.36,8664.152083333332,1500.8077663994582,19.7,28.8,24.764583333333334,3.281896803862924,25.9,17.7,0.0,1004.17,336.78041666666667,386.025295357967,17:00:00
2535,0.0,354163,0.0,7732.99,2016-12-10,6040.28,8421.74,7568.453333333334,708.5252806893247,17.7,25.9,20.785416666666666,2.2272002827071438,23.5,13.6,0.0,1087.03,382.4996875,422.30492029797495,16:00:00
2536,0.0,354163,0.0,8236.31,2016-12-11,5948.27,7732.99,7087.281458333334,553.2502383573898,13.6,23.5,19.806250000000002,2.846753002909536,26.6,19.3,0.0,980.22,319.23552083333334,372.5347318853548,17:30:00
2537,0.0,354163,0.0,10502.61,2016-12-12,5856.42,8236.31,7178.375833333333,785.5927065647962,19.3,26.6,22.597916666666666,2.216906948529801,27.9,18.0,0.0,993.53,347.8155208333333,391.66971106831835,17:30:00
2538,0.0,354163,0.0,12297.62,2016-12-13,6040.58,10502.61,8528.363333333333,1444.7988345409137,18.0,27.9,23.52916666666667,2.9625289895939226,38.1,19.4,0.0,1048.03,342.5578125,392.69932682693224,16:30:00
2539,0.0,354163,0.0,11563.85,2016-12-14,6345.45,12297.62,9556.859791666668,2002.377068253109,19.4,38.1,28.066666666666666,6.40825044445559,36.1,20.4,0.0,1010.5,322.02458333333334,371.34821570354376,16:30:00
2540,1.8,354163,123.54,8770.39,2016-12-15,6677.28,11563.85,9391.053333333333,1687.3359142129661,20.4,36.1,28.820833333333336,4.936229861769703,20.0,16.5,0.0,734.8,230.310625,277.89364858724815,15:00:00
2541,17.4,354163,94.68,8834.93,2016-12-16,6273.74,8770.39,7911.222708333334,793.8853736803394,16.5,20.0,17.556250000000002,0.8276874345800491,21.4,17.0,0.0,230.43,61.9690625,70.09109854595653,08:30:00
2542,14.2,354163,0.0,9284.61,2016-12-17,6126.59,8834.93,7868.89375,847.4400849809067,17.0,21.4,18.925,1.323197288324681,33.5,18.4,0.0,319.02,77.78572916666667,96.18145271170322,10:00:00
2543,0.0,354163,0.0,7483.17,2016-12-18,5923.55,9284.61,7746.8875,1063.9778970898524,18.4,33.5,25.245833333333334,5.5596937897208845,20.8,17.6,0.0,976.62,329.17031249999997,371.8532773600508,17:00:00
2544,0.0,354163,0.0,8640.73,2016-12-19,5873.5,7483.17,6850.738541666667,505.935200206969,17.6,20.8,18.775000000000002,0.7706035214259292,22.9,17.2,0.0,729.47,220.661875,267.82035400186857,19:30:00
2545,0.0,354163,0.0,10426.94,2016-12-20,5851.43,8640.73,7610.629166666667,893.585657256544,17.2,22.9,19.639583333333334,1.7460885872744056,29.1,13.9,0.0,974.83,301.31093749999997,350.5403454829936,17:00:00
2546,0.0,354163,0.0,9314.39,2016-12-21,5975.19,10426.94,8368.992291666667,1366.8670088108374,13.9,29.1,22.40625,5.234680028425806,24.0,18.0,0.0,1030.97,352.9979166666667,396.7031178307414,17:00:00
2547,0.2,354163,0.0,8571.5,2016-12-22,6199.78,9314.39,8052.115833333333,961.2934408518676,18.0,24.0,21.095833333333335,1.8593018975140339,24.1,19.9,0.0,1071.28,346.0911458333333,404.45313279133217,16:00:00
2548,0.0,354163,0.0,8847.72,2016-12-23,6025.2,8571.5,7711.280208333334,819.2827458664216,19.9,24.1,21.2375,1.1148179891516687,24.7,20.2,0.0,680.03,220.20052083333334,260.8565059185646,17:00:00
2549,0.0,354163,0.0,8613.45,2016-12-24,6042.46,8847.72,7708.608333333334,834.0898016358353,20.2,24.7,22.072916666666668,1.5103528661017749,28.1,17.4,0.0,885.38,296.7676041666667,327.37852079295715,17:00:00
2550,7.0,354163,0.0,7589.44,2016-12-25,5827.5,8613.45,7343.195,897.0674722483022,17.4,28.1,21.97083333333333,3.545147017527838,27.7,17.6,0.0,851.35,274.0176041666667,311.72143194871785,14:00:00
2551,0.0,354163,0.0,8825.38,2016-12-26,5430.83,7589.44,6739.743125,720.9681103555138,17.6,27.7,22.910416666666666,3.4665722590118224,29.6,18.4,0.0,969.2,337.8419791666667,381.9197027973674,17:00:00
2552,0.8,354163,0.0,9221.09,2016-12-27,5577.01,8825.38,7371.567708333333,1155.2789403857803,18.4,29.6,24.64375,3.500450199009363,26.5,20.3,0.0,1031.68,352.70239583333336,395.0211678599461,17:00:00
2553,0.0,354163,0.0,10201.06,2016-12-28,5822.39,9221.09,7636.886458333333,1112.7527069054863,20.3,26.5,23.59583333333333,1.8744597330377988,29.9,19.0,0.0,884.58,293.79333333333335,334.9899767432448,17:00:00
2554,0.0,354163,0.0,11481.39,2016-12-29,5977.44,10201.06,8261.034583333332,1391.1481187577506,19.0,29.9,24.316666666666666,3.0758035333692098,38.2,21.5,0.0,984.12,321.9589583333333,371.25314144377364,16:30:00
2555,0.0,354163,0.0,10925.53,2016-12-30,6240.71,11481.39,8972.686458333334,1792.2178945765447,21.5,38.2,28.360416666666666,5.213515152776193,34.6,22.9,0.0,991.22,296.9090625,342.8008583628622,17:00:00
2556,0.0,354163,0.0,9858.39,2016-12-31,6429.01,10925.53,8818.2125,1444.7269570104813,22.9,34.6,28.366666666666664,3.518058781295799,27.7,22.6,0.0,796.97,241.45166666666668,271.55721793988135,16:00:00
2557,0.0,356520,0.0,8205.1,2017-01-01,6400.39,9858.39,8195.393125,1122.5876553012265,22.6,27.7,24.70625,1.3001483139618615,27.2,22.5,0.0,1004.42,292.8704166666667,360.38025209467673,15:00:00
2558,1.0,356520,0.0,7800.92,2017-01-02,6175.33,8205.1,7387.399791666667,720.3596291613561,22.5,27.2,23.96666666666667,1.4995507601510203,24.4,19.4,0.0,610.2,161.39958333333334,200.57913242587404,17:00:00
2559,0.0,356520,0.0,8527.72,2017-01-03,5888.62,7800.92,7025.865624999999,618.8892199186503,19.4,24.4,21.9875,1.3149913032638563,24.9,18.7,0.0,608.1,198.12552083333333,225.90940069548964,18:00:00
2560,0.6,356520,0.0,8524.76,2017-01-04,5767.31,8527.72,7491.38625,894.8551532822786,18.7,24.9,21.6875,1.8161948765997642,24.9,19.4,0.0,873.1,291.4609375,331.8558074975442,17:00:00
2561,0.4,356520,0.0,8755.62,2017-01-05,5901.75,8524.76,7539.621666666667,841.121430485928,19.4,24.9,21.733333333333334,1.6027016198499033,25.0,19.4,0.0,961.38,295.12125,344.8202855427861,17:00:00
2562,9.4,356520,0.0,8821.02,2017-01-06,5947.34,8755.62,7708.106041666667,898.7903709081388,19.4,25.0,21.90416666666667,1.592396605860049,26.1,18.5,0.0,612.58,203.25250000000003,230.63931103265338,17:00:00
2563,21.8,356520,0.0,8600.35,2017-01-07,6013.93,8821.02,7815.652083333333,934.7620028352161,18.5,26.1,21.85625,2.4417386768361253,26.9,15.9,0.0,894.35,301.92583333333334,345.3872293979695,15:30:00
2564,0.0,356520,0.0,9613.97,2017-01-08,5866.27,8600.35,7413.580208333333,853.3572431896329,15.9,26.9,22.129166666666666,3.778154358229681,29.5,16.1,0.0,940.65,331.21260416666667,367.1871447101798,17:30:00
2565,0.0,356520,0.0,11433.75,2017-01-09,5926.51,9613.97,7710.001041666666,1252.5119471146172,16.1,29.5,23.587500000000002,4.2024119214383076,30.2,19.0,0.0,1060.68,351.3901041666666,392.0528935568076,17:30:00
2566,1.6,356520,0.0,11940.53,2017-01-10,6236.5,11433.75,9080.221041666666,1759.1713485159187,19.0,30.2,24.65833333333333,3.5183913958205975,34.1,22.1,0.0,1045.1,352.7010416666667,402.655341742784,16:00:00
2567,0.0,356520,0.0,13040.91,2017-01-11,6379.86,11940.53,9305.965416666668,1770.9880675534916,22.1,34.1,26.618750000000002,3.9225293755595563,40.7,22.3,0.0,956.7,260.7559375,320.38376080226743,16:30:00
2568,0.0,356520,0.0,10870.06,2017-01-12,6615.96,13040.91,9962.5925,2183.445330979595,22.3,40.7,28.84375,6.54584182613405,28.1,22.0,0.0,950.72,283.8028125,336.68209869363614,16:30:00
2569,0.0,356520,0.0,12706.62,2017-01-13,6602.89,10870.06,8961.122916666667,1346.4253654169322,22.0,28.1,24.485416666666666,1.9008385141135946,31.6,22.1,0.0,935.47,301.45416666666665,359.3371077404764,16:00:00
2570,0.0,356520,0.0,10670.39,2017-01-14,6459.44,12706.62,9918.303541666666,2121.726737404963,22.1,31.6,27.245833333333334,3.3526717407790523,31.3,23.4,0.0,1027.12,334.19947916666666,395.29800243619,16:00:00
2571,0.0,356520,0.0,8541.76,2017-01-15,7207.21,10670.39,9039.283541666666,1133.6571713715236,23.4,31.3,26.825,2.2394433198852632,24.9,22.1,0.0,912.12,249.73197916666666,314.12441861964055,16:00:00
2572,0.2,356520,0.0,11197.17,2017-01-16,6271.94,8541.76,7616.8202083333335,769.236977343602,22.1,24.9,23.458333333333332,0.87733477764006,28.7,19.0,0.0,725.2,224.26604166666667,253.70499586229593,17:30:00
2573,0.0,356520,0.0,13677.47,2017-01-17,6243.93,11197.17,8943.16,1609.0884883010563,19.0,28.7,24.160416666666666,2.8103713378729127,38.2,18.6,0.0,1061.68,342.8382291666667,392.8718020218874,17:00:00
2574,0.0,356520,27.17,12803.63,2017-01-18,6613.75,13677.47,10419.81625,2437.3897160313586,18.6,38.2,28.947916666666668,7.044115986797848,38.0,19.7,0.0,1029.22,332.4710416666667,379.1537763355789,17:00:00
2575,0.0,356520,130.4,9078.2,2017-01-19,7657.73,12803.63,10298.574791666668,1910.8733032207183,19.7,38.0,26.545833333333334,4.437123772883346,22.6,19.0,0.0,1014.03,315.1909375,369.963163323939,13:00:00
2576,0.0,356520,0.0,10016.55,2017-01-20,6492.56,9078.2,8241.368124999999,892.82642242334,19.0,22.6,21.258333333333333,0.8741764107793815,30.5,20.6,0.0,371.62,110.49614583333334,134.32193382555906,11:00:00
2577,8.4,356520,0.0,8061.85,2017-01-21,6409.87,10016.55,8544.066041666667,1196.9264283896548,20.6,30.5,24.425,2.9935746794930864,24.3,20.6,0.0,384.67,114.45791666666668,128.8181146193268,16:30:00
2578,0.0,356520,0.0,8997.51,2017-01-22,6134.54,8061.85,7316.911041666666,602.0089647181505,20.6,24.3,22.166666666666668,1.148974257314597,27.0,19.8,0.0,1000.15,296.85625,352.5433014154039,17:00:00
2579,0.0,356520,0.0,12181.5,2017-01-23,5848.21,8997.51,7402.978541666667,1016.1045097718439,19.8,27.0,22.8875,2.1980286138342353,30.9,20.3,0.0,951.5,330.59,373.1114526447572,18:00:00
2580,0.0,356520,0.0,12966.89,2017-01-24,6278.02,12181.5,9419.804791666667,1956.9105171575054,20.3,30.9,25.727083333333336,3.3970412397257053,36.4,20.8,0.0,1036.88,347.7305208333333,396.9794985009202,17:00:00
2581,4.6,356520,7.26,9099.81,2017-01-25,6938.77,12966.89,9923.766458333334,2097.187258775977,20.8,36.4,28.28125,5.801821293279287,23.9,19.2,0.0,703.97,195.5534375,243.16240910831118,14:30:00
2582,0.0,356520,0.0,8104.19,2017-01-26,6369.16,9099.81,8203.544791666667,944.0711350068636,19.2,23.9,21.662499999999998,1.0207683797543794,24.2,18.5,0.0,422.62,114.75145833333333,138.20856867529892,13:30:00
2583,0.0,356520,0.0,9388.35,2017-01-27,6110.95,8104.19,7354.5720833333335,644.7358928157554,18.5,24.2,21.891666666666666,1.3808466926681187,26.2,20.0,0.0,506.73,159.1265625,192.63090720823686,16:30:00
2584,0.0,356520,0.0,10977.09,2017-01-28,6003.67,9388.35,8158.337500000001,1111.0340216414077,20.0,26.2,22.945833333333336,1.9334632507094558,31.0,18.1,0.0,770.85,238.26135416666668,278.18431207725064,16:00:00
2585,0.0,356520,0.0,10387.71,2017-01-29,6189.45,10977.09,8575.604375,1610.1698212550295,18.1,31.0,25.60625,4.491334742140408,27.7,22.2,0.0,1033.22,346.6536458333333,397.44485071428153,17:00:00
2586,0.0,356520,0.0,13947.7,2017-01-30,6369.85,10387.71,8528.613541666668,1452.161861369059,22.2,27.7,24.743750000000002,1.559447017375068,39.7,21.7,0.0,986.58,270.17833333333334,351.52144497145935,17:00:00
2587,0.0,356520,70.88499999999999,12676.29,2017-01-31,6636.98,13947.7,10645.953541666668,2574.881274477992,21.7,39.7,28.34583333333333,5.141485766441917,39.6,21.1,0.0,1021.3,327.15489583333334,375.3275675461307,16:30:00
2588,0.0,359877,0.0,9676.24,2017-02-01,7550.43,12676.29,10271.323541666667,1813.8326744446226,21.1,39.6,26.472916666666666,5.128632167332867,22.9,20.4,0.0,736.6,238.9753125,282.62106625078405,12:30:00
2589,0.4,359877,0.0,9720.31,2017-02-02,6633.7,9676.24,8599.003125000001,1053.2112327486348,20.4,22.9,21.7375,0.8190874527906942,25.1,21.9,0.0,357.33,129.0625,141.71571733354668,16:00:00
2590,0.0,359877,0.0,9797.31,2017-02-03,6304.47,9720.31,8459.227916666667,1095.3101072434276,21.9,25.1,23.110416666666666,0.9618775043285561,26.1,21.8,0.0,819.6,238.15916666666666,290.6452386763771,17:00:00
2591,0.2,359877,0.0,11168.62,2017-02-04,6472.23,9797.31,8612.42125,1089.6206401480747,21.8,26.1,24.056250000000002,1.3229409935217922,32.1,21.3,0.0,393.25,120.38625,140.42915435580005,16:00:00
2592,0.0,359877,0.0,12790.82,2017-02-05,6491.63,11168.62,8930.010416666666,1554.0055904564942,21.3,32.1,26.772916666666664,3.0983001230484852,40.2,25.5,0.0,928.22,255.57177083333332,325.9810019893301,17:00:00
2593,0.0,359877,0.0,13677.86,2017-02-06,6710.2,12790.82,9809.925000000001,2197.5788164821442,25.5,40.2,32.27291666666667,4.473074985141098,30.9,23.2,0.0,922.6,269.35312500000003,328.22909792896274,18:00:00
2594,0.0,359877,181.88,10068.3,2017-02-07,7434.93,13677.86,10690.464166666667,2169.8469283543154,23.2,30.9,27.15625,2.5129372700893806,24.4,20.6,0.0,993.25,327.22010416666666,382.7733913242142,16:00:00
2595,16.6,359877,0.0,10109.01,2017-02-08,6976.27,10068.3,8924.995416666667,1078.5304284484441,20.6,24.4,22.429166666666664,1.1089497299454567,27.0,21.3,0.0,456.23,137.75552083333335,160.3236938238348,11:00:00
2596,4.2,359877,0.0,12601.15,2017-02-09,6434.68,10109.01,8728.663958333333,1227.0833997905136,21.3,27.0,23.889583333333334,1.1034259190653632,31.7,21.3,0.0,721.85,226.82354166666667,267.47630788292093,16:00:00
2597,0.0,359877,0.0,13985.87,2017-02-10,6649.36,12601.15,9718.905416666666,1902.3885167615497,21.3,31.7,25.902083333333334,3.31492367508382,42.9,21.3,0.0,1015.75,335.02416666666664,391.43212374334706,17:00:00
2598,0.0,359877,0.0,13348.37,2017-02-11,7051.84,13985.87,10838.880833333335,2382.8211846123886,21.3,42.9,29.53333333333333,7.390515294081785,39.1,22.7,0.0,982.55,323.6642708333333,379.8479979082192,17:00:00
2599,0.0,359877,32.84,11082.99,2017-02-12,7464.11,13348.37,10585.590833333334,2133.510830053772,22.7,39.1,29.349999999999998,5.63280663952686,29.5,21.3,0.0,973.08,299.44979166666667,367.0215145528073,16:30:00
2600,0.0,359877,0.0,9447.08,2017-02-13,7136.11,11082.99,8906.427083333334,1281.1994151176057,21.3,29.5,24.56458333333333,2.4830908658820645,24.6,15.4,0.0,932.33,244.32791666666665,330.60651461871305,12:30:00
2601,0.0,359877,338.535,9138.57,2017-02-14,6193.89,9447.08,8128.96625,1050.7195801958364,15.4,24.6,21.483333333333334,2.7412788856805537,22.5,18.1,0.0,1004.22,318.3153125,383.4597374956326,17:00:00
2602,0.0,359877,0.0,9489.55,2017-02-15,6317.59,9138.57,8116.422291666667,925.6026942421116,18.1,22.5,20.552083333333332,1.2672620148116172,26.1,17.6,0.0,593.72,176.9346875,216.23397495760022,09:30:00
2603,0.0,359877,0.0,11828.37,2017-02-16,6198.34,9489.55,8179.963541666667,1032.3085365077459,17.6,26.1,21.891666666666666,2.7038060906593393,32.0,16.8,0.0,951.8,280.85281249999997,336.66678500000666,17:00:00
2604,0.0,359877,10.25,11425.83,2017-02-17,6320.76,11828.37,9135.241041666666,1750.9646276865599,16.8,32.0,24.735416666666666,5.200961023443256,32.9,20.0,0.0,971.92,312.34447916666664,372.9502521217832,16:00:00
2605,8.8,359877,0.0,9093.18,2017-02-18,6678.66,11425.83,9045.422291666668,1469.2483699616819,20.0,32.9,24.56458333333333,3.7320628933227145,26.6,21.2,0.0,860.97,211.2734375,291.87445005489445,13:00:00
2606,1.6,359877,0.0,8157.15,2017-02-19,6294.95,9093.18,7867.255416666667,896.3528556226061,21.2,26.6,23.277083333333334,1.6909319579819957,25.4,18.0,0.0,916.88,254.2275,335.1977791035577,14:30:00
2607,0.0,359877,0.0,8677.72,2017-02-20,5985.31,8157.15,7102.370416666668,640.2515708022254,18.0,25.4,21.291666666666668,2.435450356651993,27.3,15.1,0.0,580.03,150.3771875,183.29554792246907,19:30:00
2608,0.0,359877,0.0,9033.56,2017-02-21,5903.5,8677.72,7593.224166666667,859.2905522304321,15.1,27.3,20.464583333333334,3.8455550236235463,26.0,13.0,0.0,1031.38,337.496875,399.7839469606971,17:00:00
2609,0.0,359877,0.0,9870.11,2017-02-22,6108.02,9033.56,7893.510416666667,890.6964544596875,13.0,26.0,20.595833333333335,4.595324095871725,27.7,16.1,0.0,900.5,271.11322916666666,331.05045491664987,16:30:00
2610,0.0,359877,0.0,11058.23,2017-02-23,6086.78,9870.11,8291.560208333334,1183.0582073241274,16.1,27.7,22.972916666666666,3.714075560553871,28.8,18.9,0.0,970.38,310.2289583333333,371.33256298776456,16:00:00
2611,0.0,359877,0.0,9948.18,2017-02-24,6227.42,11058.23,8785.709166666666,1501.2688043357298,18.9,28.8,23.947916666666668,3.0768171993172073,26.4,18.6,0.0,971.25,312.25572916666664,374.0159790789318,16:30:00
2612,0.0,359877,132.635,7831.15,2017-02-25,6405.91,9948.18,8488.859166666667,1123.6249254047282,18.6,26.4,22.693749999999998,2.370062055925156,21.9,18.4,0.0,883.12,254.55708333333334,317.046804544949,16:00:00
2613,37.4,359877,0.0,8008.33,2017-02-26,6134.33,7831.15,7223.487291666667,539.2241822452336,18.4,21.9,19.345833333333335,0.7468966527767268,24.3,17.8,0.0,301.6,77.27958333333333,93.09551340877802,09:30:00
2614,6.0,359877,0.0,9196.58,2017-02-27,5703.82,8008.33,6962.254166666667,703.7859802852709,17.8,24.3,20.866666666666667,2.0719333486911307,25.3,18.1,0.0,805.95,214.32875,282.721790908991,19:30:00
2615,5.4,359877,0.0,9329.05,2017-02-28,5908.42,9196.58,7997.612708333333,1095.2443650750636,18.1,25.3,21.81458333333333,2.281749010320656,26.5,18.9,0.0,895.9,260.46541666666667,329.18545424586534,17:00:00
2616,23.2,363494,0.0,9391.45,2017-03-01,6267.34,9329.05,8259.944375000001,1021.7774322331051,18.9,26.5,22.59583333333333,2.3794294268086897,24.7,20.0,0.0,756.53,212.71666666666667,267.617710109373,17:00:00
2617,5.0,363494,0.0,9526.23,2017-03-02,6213.9,9391.45,8257.669166666667,1034.083719290377,20.0,24.7,22.275000000000002,1.0818620669544217,26.0,19.6,0.0,676.88,203.14208333333332,251.49656272308144,16:30:00
2618,18.0,363494,106.375,9176.46,2017-03-03,6273.24,9526.23,8360.686458333334,1085.3337100153574,19.6,26.0,22.552083333333332,2.0684035969114714,24.7,20.1,0.0,770.47,242.39333333333332,299.1096027793536,17:00:00
2619,34.0,363494,103.85,8324.4,2017-03-04,6292.18,9176.46,8202.543749999999,981.3041090187727,20.1,24.7,21.741666666666664,1.1349071258905548,23.4,19.9,0.0,476.8,148.56166666666667,184.66364067853883,11:30:00
2620,7.4,363494,0.0,8139.42,2017-03-05,6096.04,8324.4,7480.845,711.8944245028881,19.9,23.4,21.108333333333334,0.8592013444790514,23.0,19.4,0.0,331.42,99.71791666666667,125.78006967513682,11:00:00
2621,0.0,363494,0.0,8721.0,2017-03-06,5888.24,8139.42,7174.600208333333,706.7090123209847,19.4,23.0,21.220833333333335,0.9535952871272011,24.6,18.6,0.0,427.9,120.69541666666667,149.71315864023265,17:30:00
2622,0.6,363494,0.0,8586.52,2017-03-07,5891.96,8721.0,7791.93375,945.6218577405566,18.6,24.6,21.05,1.8731018761129565,21.3,16.5,0.0,666.75,206.68499999999997,249.5931575051773,17:00:00
2623,0.8,363494,0.0,8530.94,2017-03-08,6022.87,8586.52,7771.852708333333,823.5762816786151,16.5,21.3,18.670833333333334,1.2802855953550971,21.8,16.0,0.0,652.53,191.375,245.02187715394416,19:00:00
2624,2.0,363494,0.0,8678.42,2017-03-09,6031.37,8530.94,7768.598125,829.7368363309507,16.0,21.8,18.810416666666665,1.9539637383483197,23.2,16.9,0.0,529.03,145.87291666666667,187.19058453952277,17:00:00
2625,0.4,363494,486.025,8574.63,2017-03-10,6032.01,8678.42,7795.316875,843.8659901479174,16.9,23.2,20.010416666666668,2.1025050492851376,24.2,16.2,0.0,616.25,173.75458333333333,221.47821816399755,19:00:00
2626,0.0,363494,0.0,7933.91,2017-03-11,6152.48,8574.63,7807.42875,792.9446004947156,16.2,24.2,19.772916666666667,2.7061584284214226,24.4,14.8,0.0,694.15,188.84916666666666,239.98461038941406,09:30:00
2627,0.0,363494,0.0,8391.1,2017-03-12,5956.27,7933.91,7160.3654166666665,598.1444007892798,14.8,24.4,19.733333333333334,3.2173950962966567,27.8,13.8,0.0,868.53,253.37375,315.3903103442504,19:00:00
2628,0.0,363494,0.0,9337.89,2017-03-13,5749.42,8391.1,7055.465,814.3358917756493,13.8,27.8,21.164583333333333,4.832139281463334,28.1,18.5,0.0,906.25,278.44166666666666,345.2881566976687,17:30:00
2629,1.2,363494,32.6,9086.89,2017-03-14,5859.53,9337.89,8039.833333333333,1127.6730518163977,18.5,28.1,23.06458333333333,2.9860305668394087,25.4,20.1,0.0,727.9,171.44041666666666,235.61987407784815,16:00:00
2630,18.8,363494,0.0,9158.11,2017-03-15,6156.37,9086.89,8121.535625,976.7057768627393,20.1,25.4,22.68958333333333,1.0186013738775577,25.5,19.8,0.0,453.4,111.47083333333335,144.10469543390766,12:00:00
2631,10.4,363494,0.0,9631.61,2017-03-16,6108.16,9158.11,8161.131458333333,1022.0477383237645,19.8,25.5,22.71666666666667,1.9254547220136917,26.0,20.7,0.0,570.0,162.76208333333332,214.5813168604559,17:00:00
2632,10.4,363494,163.95,8972.55,2017-03-17,6291.72,9631.61,8417.019166666667,1104.9379664070748,20.7,26.0,22.772916666666664,1.077574025365239,21.6,18.9,0.0,579.03,152.51083333333335,203.70236458777913,17:00:00
2633,24.2,363494,380.55,8088.97,2017-03-18,6159.19,8972.55,7936.106041666667,869.536266987986,18.9,21.6,20.325,0.6217682403282205,23.9,19.7,0.0,288.48,83.56541666666666,109.48498223954238,09:30:00
2634,14.2,363494,0.0,8844.7,2017-03-19,5871.37,8088.97,7276.712916666666,709.8633871745221,19.7,23.9,22.079166666666666,1.1871579387896136,26.7,21.2,0.0,537.75,152.005,199.31479436607682,09:30:00
2635,0.8,363494,0.0,10055.93,2017-03-20,5782.41,8844.7,7489.8325,1007.6686108580095,21.2,26.7,23.960416666666664,1.5446186038001934,28.4,22.1,0.0,774.12,194.81291666666667,258.8803568064758,17:30:00
2636,0.2,363494,0.0,10219.05,2017-03-21,6275.29,10055.93,8648.789583333333,1296.4474075439718,22.1,28.4,24.464583333333334,1.7031247356691832,27.9,21.8,0.0,519.47,146.90208333333334,190.67858872936597,16:00:00
2637,8.0,363494,0.0,10227.35,2017-03-22,6533.82,10219.05,8793.895,1229.489228755393,21.8,27.9,23.96875,1.9015286403871932,31.3,20.4,0.0,724.9,179.48083333333332,240.9792578968672,16:00:00
2638,13.6,363494,0.0,9066.86,2017-03-23,6401.81,10227.35,8591.24875,1229.5108723280462,20.4,31.3,23.614583333333332,3.2895702094833856,22.8,18.6,0.0,687.05,146.46958333333333,208.52702320882375,15:00:00
2639,8.4,363494,338.21500000000003,8742.02,2017-03-24,6245.52,9066.86,8116.258333333334,952.787842521481,18.6,22.8,20.572916666666668,1.1369499293478003,23.3,18.1,0.0,330.6,89.88333333333333,118.89186481185209,17:00:00
2640,0.0,363494,0.0,8157.95,2017-03-25,6159.12,8742.02,7882.9295833333335,841.3100693484278,18.1,23.3,20.027083333333334,1.6293504231498017,25.2,17.8,0.0,590.97,174.74625,230.2202854125273,09:30:00
2641,0.0,363494,0.0,8833.6,2017-03-26,5974.38,8157.95,7377.331666666666,699.9746481467938,17.8,25.2,20.891666666666666,2.147619496918877,28.5,17.0,0.0,527.92,156.13875,199.24003648838658,18:30:00
2642,0.0,363494,0.0,9975.21,2017-03-27,6002.35,8833.6,7435.184166666667,889.787099426416,17.0,28.5,22.210416666666664,3.5551125656735447,27.7,16.5,0.0,760.72,229.70083333333332,295.4365816318488,17:30:00
2643,0.0,363494,0.0,9305.27,2017-03-28,6066.95,9975.21,8340.266875,1226.23341090938,16.5,27.7,22.177083333333332,3.6819421091368936,23.3,20.4,0.0,825.12,246.08416666666665,315.5229095862278,17:00:00
2644,0.0,363494,0.0,11000.33,2017-03-29,6460.21,9305.27,8315.288958333333,966.8974729080193,20.4,23.3,21.795833333333334,0.831547732367586,31.6,21.3,0.0,419.4,122.41458333333334,161.09181426181507,17:00:00
2645,0.0,363494,87.05,9542.14,2017-03-30,6280.74,11000.33,8890.183958333333,1470.1109722619065,21.3,31.6,25.083333333333332,3.4499665945550984,24.7,15.1,0.0,797.7,216.0475,295.19437907999793,17:00:00
2646,29.2,363494,588.25,8385.99,2017-03-31,6625.56,9542.14,8313.939375,915.3866334178283,15.1,24.7,19.995833333333334,3.42853844757862,21.3,14.4,0.0,137.88,36.17041666666667,47.66016909231231,09:00:00
2647,0.0,366450,0.0,7697.33,2017-04-01,6018.38,8385.99,7592.905,708.1361875449087,14.4,21.3,18.118750000000002,2.0458215069496823,24.6,12.8,0.0,674.0,192.5175,256.43133356937915,07:00:00
2648,0.8,366450,0.0,8211.91,2017-04-02,5882.08,7697.33,6980.228125000001,509.5769015801926,12.8,24.6,19.158333333333335,3.563636281398439,20.8,15.1,0.0,776.67,221.88041666666666,293.1040888704705,18:30:00
2649,11.2,366450,0.0,9134.08,2017-04-03,5568.14,8211.91,6845.4002083333335,741.0874102161008,15.1,20.8,18.404166666666665,1.5443732231822311,19.5,14.0,0.0,413.52,123.33708333333333,160.25167560724307,18:30:00
2650,13.8,366450,0.0,9090.85,2017-04-04,5776.97,9134.08,7629.813958333333,968.2524892678356,14.0,19.5,15.950000000000001,1.555224551071425,21.3,14.2,0.0,640.42,176.53625,237.89935530105916,18:30:00
2651,2.6,366450,0.0,8899.57,2017-04-05,5951.43,9090.85,7700.995208333334,834.6100451924397,14.2,21.3,16.997916666666665,2.493607963124689,21.8,12.2,0.0,664.17,174.54250000000002,234.63760914553305,18:30:00
2652,0.0,366450,0.0,8980.09,2017-04-06,5978.41,8899.57,7662.237083333333,792.8256946127074,12.2,21.8,16.797916666666666,3.4206811305883407,23.0,10.9,0.0,605.35,166.92375,220.12689485815585,18:30:00
2653,0.0,366450,0.0,8697.32,2017-04-07,6017.53,8980.09,7691.810833333333,797.7130778425233,10.9,23.0,16.381249999999998,3.9404965801117418,23.6,10.2,0.0,681.7,197.75833333333333,260.3096301365818,18:30:00
2654,0.0,366450,0.0,8244.28,2017-04-08,6046.54,8697.32,7667.156041666666,738.6670743542462,10.2,23.6,17.164583333333333,4.272150765495123,24.9,12.3,0.0,629.5,187.30541666666667,247.22321423618283,18:30:00
2655,0.0,366450,0.0,8376.27,2017-04-09,5888.51,8244.28,7079.246041666666,587.2016810687403,12.3,24.9,18.470833333333335,4.138041387519307,27.2,12.3,0.0,730.35,208.23333333333335,275.49196876414766,18:30:00
2656,10.0,366450,0.0,9131.44,2017-04-10,5641.0,8376.27,6854.052500000001,707.7135329474926,12.3,27.2,18.875,5.3503429995436695,17.4,10.4,0.0,771.75,218.2725,290.730182585086,18:30:00
2657,0.0,366450,0.0,8980.2,2017-04-11,5488.77,9131.44,7463.083125,1041.2239366902952,10.4,17.4,13.852083333333333,2.2661232791514365,23.0,12.0,0.0,665.5,145.7904166666667,207.24113513580235,18:30:00
2658,0.0,366450,0.0,8977.34,2017-04-12,6005.61,8980.2,7644.162916666667,760.5267889694927,12.0,23.0,17.685416666666665,3.8440885582894206,21.9,15.0,0.0,504.65,132.34291666666667,179.40179270384849,18:30:00
2659,0.8,366450,0.0,8664.87,2017-04-13,5966.45,8977.34,7651.3377083333335,782.2116817165199,15.0,21.9,17.8125,1.8691931357469205,21.8,14.7,0.0,508.75,133.30333333333334,181.67445186064344,18:30:00
2660,0.0,366450,0.0,7784.15,2017-04-14,6068.62,8664.87,7588.923125,709.4644334394492,14.7,21.8,17.614583333333332,2.3313761421769894,23.6,11.0,0.0,584.78,156.84125,215.41935992458795,18:30:00
2661,0.0,366450,0.0,7893.23,2017-04-15,5801.83,7784.15,6701.31375,509.1436002327623,11.0,23.6,16.533333333333335,4.160520289340528,23.3,11.1,0.0,738.35,205.95291666666665,277.334837484946,18:30:00
2662,0.0,366450,0.0,7773.34,2017-04-16,5628.68,7893.23,6731.526458333334,579.0672572831263,11.1,23.3,16.572916666666668,4.182727379752755,25.9,11.3,0.0,720.92,201.225,267.1358342499664,18:30:00
2663,0.0,366450,0.0,8257.84,2017-04-17,5575.03,7773.34,6563.938125000001,558.5774512655936,11.3,25.9,17.639583333333334,4.627289063589412,23.7,12.1,0.0,726.3,190.82833333333335,264.569151440548,18:30:00
2664,0.0,366450,0.0,8905.52,2017-04-18,5524.92,8257.84,6763.490624999999,718.1592880721388,12.1,23.7,17.483333333333334,3.706310508936412,24.3,13.4,0.0,573.85,164.43958333333333,221.14530249058535,18:30:00
2665,0.0,366450,0.0,8958.14,2017-04-19,5741.14,8905.52,7530.759999999999,878.8592177653165,13.4,24.3,18.295833333333334,3.609500368167513,22.8,10.9,0.0,640.1,182.21,243.50898846619563,18:30:00
2666,0.2,366450,0.0,8917.23,2017-04-20,5856.33,8958.14,7586.300833333334,829.7516971804025,10.9,22.8,17.58125,4.1037946243871595,23.8,13.0,0.0,581.17,160.88125,217.6711690696518,18:30:00
2667,0.0,366450,0.0,8748.56,2017-04-21,5951.41,8917.23,7607.839166666666,806.5172789533744,13.0,23.8,17.877083333333335,3.7608984657264455,25.4,11.7,0.0,707.8,180.95291666666665,246.32010824187853,18:30:00
2668,0.0,366450,0.0,8152.03,2017-04-22,5962.3,8748.56,7579.671041666667,745.6612434732281,11.7,25.4,18.114583333333332,4.456216770737417,24.0,15.5,0.0,630.22,160.23833333333334,221.42489815922391,18:00:00
2669,0.0,366450,0.0,8118.19,2017-04-23,5840.15,8152.03,7077.912499999999,604.2190652773888,15.5,24.0,19.014583333333334,2.8705392467924704,26.1,13.7,0.0,546.0,134.02125,191.43471105386448,18:30:00
2670,0.0,366450,0.0,8901.22,2017-04-24,5600.3,8118.19,6734.078333333334,662.0725415783797,13.7,26.1,18.55,3.7473962591917434,25.1,13.2,0.0,673.83,180.93375,248.45064219247064,18:30:00
2671,0.0,366450,0.0,8182.67,2017-04-25,5757.44,8901.22,7430.510416666667,894.4734707314551,13.2,25.1,19.060416666666665,3.552029062520872,27.2,15.3,0.0,655.25,175.82791666666665,241.8922834472238,18:00:00
2672,0.6,366450,0.0,9235.1,2017-04-26,5738.81,8182.67,6892.684583333333,638.1025674339352,15.3,27.2,19.985416666666666,3.2706944791414747,23.8,13.3,0.0,577.53,139.065,197.26767805257742,18:00:00
2673,1.0,366450,0.0,9418.12,2017-04-27,5549.49,9235.1,7591.28,1050.652074566786,13.3,23.8,17.514583333333334,3.461950599063283,18.6,11.4,0.0,649.45,158.73708333333335,227.32961771924022,18:30:00
2674,0.2,366450,0.0,9143.61,2017-04-28,6040.11,9418.12,7834.780208333334,886.8196685370771,11.4,18.6,15.0625,2.2741493616622765,19.6,9.3,0.0,666.33,163.2879166666667,234.8261309964435,18:30:00
2675,0.0,366450,0.0,8445.87,2017-04-29,6235.53,9143.61,7850.810833333333,751.181280423617,9.3,19.6,13.683333333333332,3.502724370284422,21.3,8.4,0.0,664.88,176.95375,247.56548875574796,18:30:00
2676,0.0,366450,0.0,8585.62,2017-04-30,6068.07,8445.87,7264.300625,613.4748372665141,8.4,21.3,14.299999999999999,4.481071300481615,21.2,11.0,0.0,684.83,185.79541666666668,255.19968440217878,18:30:00
2677,0.0,370103,0.0,9192.03,2017-05-01,5767.19,8585.62,7013.077083333334,724.5789149038407,11.0,21.2,15.939583333333333,3.240287587928309,24.4,9.4,0.0,553.47,146.75541666666666,205.18848640720077,18:30:00
2678,0.0,370103,0.0,9229.75,2017-05-02,5771.57,9192.03,7615.173750000001,935.9615177887299,9.4,24.4,16.697916666666668,5.152999109518167,22.3,10.3,0.0,614.4,155.73875,220.33883577465852,18:00:00
2679,0.0,370103,0.0,9561.99,2017-05-03,6025.51,9229.75,7814.304166666666,856.51436113914,10.3,22.3,16.372916666666665,4.250894253019548,18.2,13.2,0.0,652.72,163.44291666666666,232.6189891418952,18:00:00
2680,0.4,370103,0.0,9537.32,2017-05-04,6190.22,9561.99,7964.275833333333,880.8080354577553,13.2,18.2,15.439583333333333,1.3465068413338515,19.3,9.3,0.0,379.23,92.24291666666666,132.16602619687765,18:00:00
2681,0.0,370103,0.0,9159.43,2017-05-05,6242.9,9537.32,8050.163541666666,861.198999988276,9.3,19.3,14.914583333333333,3.098523298477143,22.5,9.7,0.0,436.65,100.74583333333334,142.54504266600253,18:00:00
2682,0.0,370103,0.0,8467.0,2017-05-06,6259.99,9159.43,7866.1275,727.8416855961807,9.7,22.5,15.85,3.7375609295538794,24.9,8.8,0.0,611.58,155.93625,222.64415230792585,18:00:00
2683,0.0,370103,0.0,8897.37,2017-05-07,5965.16,8467.0,7242.238125,627.5943466842467,8.8,24.9,16.48125,5.634379886209986,20.8,9.0,0.0,626.42,155.34791666666666,220.4060290590241,18:00:00
2684,0.0,370103,0.0,9950.51,2017-05-08,5817.04,8897.37,7141.802708333334,840.188807516196,9.0,20.8,14.297916666666666,3.7649836587101686,17.9,8.4,0.0,659.12,174.39083333333335,244.6155185864816,18:30:00
2685,0.0,370103,0.0,9820.35,2017-05-09,6176.22,9950.51,8114.718958333334,1046.653294503312,8.4,17.9,12.729166666666666,3.470726107936501,18.9,8.0,0.0,585.9,143.95374999999999,206.96449696953113,18:30:00
2686,0.0,370103,0.0,9786.74,2017-05-10,6445.2,9820.35,8206.6925,895.0067938372835,8.0,18.9,13.129166666666668,3.79613231689517,20.4,9.0,0.0,560.22,132.4575,195.14993890677795,18:30:00
2687,0.0,370103,0.0,9610.03,2017-05-11,6372.07,9786.74,8158.702708333333,890.548108074256,9.0,20.4,13.277083333333332,3.9522813010044593,19.9,8.2,0.0,587.67,150.35125,213.349446624546,18:30:00
2688,0.0,370103,0.0,9545.14,2017-05-12,6434.31,9610.03,8117.645625,864.1799177917144,8.2,19.9,13.341666666666667,4.036526489358242,19.2,10.7,0.0,549.8,141.10041666666666,201.47288264506486,18:30:00
2689,0.0,370103,0.0,8826.53,2017-05-13,6352.01,9545.14,8129.579791666667,844.4766231915348,10.7,19.2,14.895833333333334,2.6852598696170698,21.8,10.7,0.0,357.7,87.69541666666667,126.21732484612426,18:00:00
2690,0.0,370103,0.0,8835.77,2017-05-14,6111.78,8826.53,7487.645625,673.5330828182568,10.7,21.8,16.26875,3.0424063998959205,19.0,10.8,0.0,514.3,126.95666666666666,184.2826812273867,18:00:00
2691,0.0,370103,0.0,9998.32,2017-05-15,5902.07,8835.77,7380.235833333333,805.1453442142786,10.8,19.0,14.61875,2.71259130643462,19.9,11.7,0.0,282.15,63.36041666666667,95.5105322020814,18:00:00
2692,0.0,370103,0.0,9980.89,2017-05-16,6105.1,9998.32,8115.754791666666,1080.9054878438812,11.7,19.9,15.1,2.752948129597671,20.4,8.8,0.0,425.67,93.27666666666669,137.41429603045708,18:00:00
2693,0.0,370103,0.0,9881.82,2017-05-17,6424.25,9980.89,8234.755833333335,939.579760974731,8.8,20.4,13.206249999999999,3.9321049665649963,20.8,6.1,0.0,606.97,154.04958333333335,222.1523591583262,18:00:00
2694,0.0,370103,0.0,9544.87,2017-05-18,6535.07,9881.82,8276.19875,877.677643788945,6.1,20.8,12.674999999999999,4.851167878690042,22.3,8.6,0.0,568.6,148.04999999999998,211.475316337895,18:00:00
2695,0.0,370103,0.0,9656.94,2017-05-19,6389.0,9544.87,8107.582708333332,832.0843243651522,8.6,22.3,15.289583333333333,4.65157212423395,20.1,11.3,0.0,486.92,122.39166666666667,178.23553686760192,18:30:00
2696,6.6,370103,0.0,8658.33,2017-05-20,6146.97,9656.94,8181.548750000001,986.6193474314521,11.3,20.1,16.025000000000002,2.829292069939277,22.5,15.9,0.0,252.27,58.73208333333333,87.6457261512999,18:00:00
2697,0.0,370103,0.0,8957.0,2017-05-21,6060.31,8658.33,7394.083541666667,680.1540133737846,15.9,22.5,18.21875,1.769319649265387,20.9,11.0,0.0,506.35,114.72250000000001,169.5437379111763,18:00:00
2698,0.0,370103,0.0,9744.94,2017-05-22,5898.31,8957.0,7233.428958333334,809.3193281518535,11.0,20.9,15.5,3.2016618025444754,21.0,9.9,0.0,484.02,116.27999999999999,172.48846551013943,18:30:00
2699,0.0,370103,0.0,9680.32,2017-05-23,6046.93,9744.94,7974.855,1017.1128035454923,9.9,21.0,15.102083333333333,3.5478785740053906,23.6,12.6,0.0,491.45,114.335,168.78897846127276,18:00:00
2700,2.2,370103,0.0,9518.76,2017-05-24,6355.09,9680.32,8069.928958333334,851.9672066889426,12.6,23.6,17.085416666666667,3.7340862098638072,22.0,11.0,0.0,560.35,135.04875,199.60339997450689,18:00:00
2701,0.0,370103,0.0,9787.95,2017-05-25,6035.04,9518.76,7832.822291666667,883.1050326564495,11.0,22.0,15.814583333333333,3.59538649911441,21.0,9.0,0.0,548.53,137.67791666666668,197.90131585693865,18:00:00
2702,0.0,370103,0.0,9577.62,2017-05-26,6338.24,9787.95,8152.69,919.3493009454759,9.0,21.0,13.220833333333333,3.986570986066892,19.3,6.3,0.0,570.35,141.595,206.11510537261927,18:30:00
2703,0.0,370103,0.0,9005.37,2017-05-27,6472.6,9577.62,8192.60375,855.7537568981002,6.3,19.3,12.979166666666666,4.1453875076586595,20.9,9.8,0.0,566.45,141.80249999999998,206.2073979186561,18:30:00
2704,0.0,370103,0.0,9100.05,2017-05-28,6262.51,9005.37,7582.4939583333335,720.6022426510933,9.8,20.9,14.439583333333333,3.713674534218001,22.8,7.1,0.0,548.3,139.93208333333334,202.71568433224593,18:00:00
2705,0.0,370103,0.0,10689.58,2017-05-29,5998.34,9100.05,7391.074375,821.7717951019812,7.1,22.8,14.870833333333332,5.7238566946590215,16.7,7.1,0.0,539.83,133.2275,195.91952628240864,18:00:00
2706,0.6,370103,0.0,11053.09,2017-05-30,6173.78,10689.58,8351.066041666667,1281.2119668015469,7.1,16.7,12.191666666666668,2.840499906057392,17.3,2.5,0.0,580.0,146.62416666666667,213.759626597542,18:30:00
2707,0.0,370103,0.0,11318.1,2017-05-31,6758.64,11053.09,8950.770208333333,1194.3669548956736,2.5,17.3,10.152083333333334,4.916190775141731,15.3,6.9,0.0,554.8,136.74666666666667,201.36313663124054,18:30:00
2708,0.0,373518,0.0,11126.74,2017-06-01,6877.03,11318.1,9047.998541666666,1211.3421009140072,6.9,15.3,11.677083333333334,2.444728552423655,16.6,7.0,0.0,424.23,94.57458333333334,142.63110920711682,18:30:00
2709,0.0,373518,0.0,10714.7,2017-06-02,7038.55,11126.74,9080.552708333335,1134.3528573441554,7.0,16.6,11.30625,3.377044298123637,16.6,7.3,0.0,530.85,125.82041666666667,189.65354986786375,18:30:00
2710,0.0,373518,0.0,9826.18,2017-06-03,6979.48,10714.7,8947.293333333333,1005.2635762809485,7.3,16.6,12.875,3.294321355224678,17.3,10.2,0.0,467.52,101.24208333333333,154.03038397015345,18:00:00
2711,0.0,373518,0.0,9949.14,2017-06-04,6723.49,9826.18,8247.091041666667,799.8061500411045,10.2,17.3,14.016666666666666,2.1733720572628106,18.0,8.9,0.0,407.3,90.14041666666667,136.52077062309905,18:00:00
2712,0.0,373518,0.0,10856.51,2017-06-05,6455.63,9949.14,7982.0675,970.3794126679455,8.9,18.0,12.539583333333333,3.063563464217901,19.0,5.6,0.0,440.83,102.21833333333335,153.03152216765787,18:30:00
2713,0.0,373518,0.0,11398.53,2017-06-06,6586.09,10856.51,8758.566041666667,1217.0671530708564,5.6,19.0,10.93125,4.504803877942235,16.7,4.9,0.0,521.53,126.98125,188.03159263323667,18:30:00
2714,18.8,373518,0.0,11652.8,2017-06-07,6817.42,11398.53,9134.896458333335,1259.4636814871085,4.9,16.7,10.63125,3.8992173928361242,15.6,9.2,0.0,456.58,99.03666666666668,149.34302534246356,18:00:00
2715,60.6,373518,0.0,10773.55,2017-06-08,6941.2,11652.8,9490.803333333333,1303.0031890676898,9.2,15.6,12.658333333333333,1.5253647395467351,17.6,10.6,0.0,409.1,53.293749999999996,98.2128933745463,18:00:00
2716,4.4,373518,0.0,10492.85,2017-06-09,6888.03,10773.55,8985.909791666667,1041.9249489378326,10.6,17.6,14.18125,1.9651924544376624,18.3,8.9,0.0,285.17,72.41541666666667,106.05180768185261,18:00:00
2717,18.6,373518,0.0,9736.69,2017-06-10,6770.04,10492.85,8790.648541666667,987.9968232505352,8.9,18.3,13.764583333333334,3.3274800115027525,17.1,13.4,0.0,326.62,72.63333333333334,111.38953044089905,18:00:00
2718,0.4,373518,0.0,9509.66,2017-06-11,6479.24,9736.69,8207.551666666668,865.0264706301068,13.4,17.1,15.15625,1.1862521439121494,17.5,9.9,0.0,247.12,64.33875,93.67744030913921,18:00:00
2719,0.0,373518,0.0,9977.36,2017-06-12,6367.62,9509.66,7903.334374999999,879.5116336049283,9.9,17.5,13.55625,2.441912944760159,19.2,9.7,0.0,240.05,56.33916666666667,82.80077195609243,18:00:00
2720,0.2,373518,0.0,10790.44,2017-06-13,6298.74,9977.36,7891.750625000001,999.3016567102522,9.7,19.2,13.695833333333333,2.9919721193755433,17.7,7.8,0.0,499.45,122.74291666666666,181.94831003417093,18:00:00
2721,0.0,373518,0.0,10416.53,2017-06-14,6611.5,10790.44,8747.833958333333,1143.7930337236,7.8,17.7,13.147916666666667,3.4371555275499803,18.9,9.8,0.0,340.88,86.89166666666667,127.2686815837138,18:30:00
2722,0.0,373518,0.0,10463.85,2017-06-15,6687.0,10416.53,8716.27625,998.0457063396865,9.8,18.9,14.272916666666667,2.806886636231054,19.6,8.6,0.0,336.35,76.45166666666667,111.46517065182164,18:00:00
2723,0.0,373518,0.0,10414.51,2017-06-16,6792.4,10463.85,8766.38125,1012.7836135771147,8.6,19.6,12.983333333333334,3.7626571266170763,17.3,10.7,0.0,445.65,99.88499999999999,150.50140845456735,18:30:00
2724,0.2,373518,0.0,9700.33,2017-06-17,6825.77,10414.51,8885.403958333334,987.4373852225064,10.7,17.3,13.629166666666668,2.0107115638270456,18.8,12.4,0.0,238.12,56.17916666666667,82.58403341982351,18:00:00
2725,0.0,373518,0.0,10154.09,2017-06-18,6550.96,9700.33,8230.105833333333,837.9410785253001,12.4,18.8,14.864583333333334,1.866215830182216,17.5,10.3,0.0,297.88,63.856249999999996,97.00730623668441,18:00:00
2726,0.0,373518,0.0,10806.45,2017-06-19,6350.58,10154.09,8074.3625,1077.5836149903837,10.3,17.5,13.4,2.2808173227100994,18.2,9.6,0.0,231.0,59.16416666666667,85.40495727386293,18:30:00
2727,0.0,373518,0.0,10667.4,2017-06-20,6603.87,10806.45,8786.675833333333,1197.622729534289,9.6,18.2,13.947916666666666,2.9575715730864527,18.6,8.0,0.0,382.23,88.28291666666667,132.13657009802205,18:00:00
2728,0.0,373518,0.0,10898.3,2017-06-21,6919.48,10667.4,8885.640833333333,1021.8471874613617,8.0,18.6,12.691666666666668,3.043502554856565,18.3,5.7,0.0,339.12,86.80333333333334,125.14619155608736,18:30:00
2729,0.0,373518,0.0,10745.84,2017-06-22,6919.49,10898.3,9028.967083333333,1103.468297912402,5.7,18.3,11.622916666666667,4.085690628009103,17.9,7.8,0.0,477.88,108.64541666666666,162.7662418958137,18:30:00
2730,0.0,373518,0.0,10574.75,2017-06-23,6983.4,10745.84,8921.859375,1069.4288468197578,7.8,17.9,11.727083333333333,3.364377820722188,17.3,6.5,0.0,448.73,107.10041666666667,161.7710591566791,18:30:00
2731,0.0,373518,0.0,9904.58,2017-06-24,6946.87,10574.75,9012.861041666667,1035.7804616917122,6.5,17.3,10.341666666666667,3.5832846772220295,18.8,5.7,0.0,444.38,90.72541666666666,138.88367343822324,18:00:00
2732,0.0,373518,0.0,10269.57,2017-06-25,6595.51,9904.58,8233.651041666666,927.9713331303165,5.7,18.8,11.40625,4.080175541175711,18.3,3.4,0.0,520.67,126.77166666666666,188.40303083553135,18:30:00
2733,0.0,373518,0.0,11267.5,2017-06-26,6505.46,10269.57,8156.255833333333,1069.4836506580277,3.4,18.3,9.847916666666666,5.346543507937582,18.4,3.2,0.0,528.72,129.61,193.07659844757242,18:30:00
2734,0.0,373518,0.0,11541.34,2017-06-27,6681.61,11267.5,8977.155833333332,1356.9580158353158,3.2,18.4,9.533333333333333,5.043442480760298,15.7,5.4,0.0,535.22,132.48208333333335,195.92931928684303,18:30:00
2735,0.0,373518,0.0,11468.72,2017-06-28,7210.95,11541.34,9485.716875,1210.2869562218148,5.4,15.7,10.083333333333334,3.3444990295805503,14.4,9.2,0.0,366.35,86.81166666666667,131.22928084622902,18:30:00
2736,0.6,373518,0.0,11285.48,2017-06-29,6993.53,11468.72,9427.455208333333,1233.5519673655588,9.2,14.4,11.279166666666667,1.568026043711923,16.6,7.5,0.0,278.25,45.2425,72.9438355276809,18:30:00
2737,0.0,373518,0.0,11413.92,2017-06-30,7041.76,11285.48,9309.087916666665,1185.1738677815008,7.5,16.6,10.702083333333334,2.800645030819237,15.2,5.1,0.0,285.88,62.6975,96.5324651761195,18:30:00
2738,0.0,377334,0.0,10864.38,2017-07-01,7058.0,11413.92,9292.00125,1262.9695986985216,5.1,15.2,9.845833333333333,3.157089848587895,15.1,4.1,0.0,541.38,130.70041666666665,194.2639448890742,18:30:00
2739,0.0,377334,0.0,10960.71,2017-07-02,7175.42,10864.38,8928.345,1062.7483720593962,4.1,15.1,8.497916666666667,3.7408890502826764,16.6,2.7,0.0,502.05,122.49333333333334,183.15539587352774,18:30:00
2740,0.0,377334,0.0,11914.9,2017-07-03,6955.43,10960.71,8699.585625,1193.097051530098,2.7,16.6,7.839583333333334,4.799234849623842,14.4,2.3,0.0,547.08,136.66958333333335,201.12974101584106,19:00:00
2741,0.4,377334,0.0,10511.75,2017-07-04,6962.16,11914.9,9672.17,1447.9043256008363,2.3,14.4,8.416666666666666,4.429655062375761,21.6,6.4,0.0,372.17,83.51541666666667,125.00568315945927,18:00:00
2742,0.0,377334,0.0,10494.89,2017-07-05,6821.37,10511.75,8746.406041666667,1003.9250754927612,6.4,21.6,13.112499999999999,5.296511296588879,19.6,6.9,0.0,541.17,132.93208333333334,195.95109032567973,18:30:00
2743,0.0,377334,0.0,10891.45,2017-07-06,6692.81,10494.89,8675.400208333334,1048.7639168746482,6.9,19.6,13.816666666666668,3.939669136844034,17.5,4.5,0.0,540.15,134.875,198.3623915914313,18:30:00
2744,0.0,377334,0.0,10777.25,2017-07-07,6780.78,10891.45,8844.770833333334,1167.0330164882907,4.5,17.5,10.022916666666667,4.811123617305308,18.1,2.3,0.0,544.22,136.60208333333335,200.13055853200763,18:30:00
2745,0.0,377334,0.0,10221.12,2017-07-08,7176.04,10777.25,9084.456666666667,1071.5364099280148,2.3,18.1,8.429166666666667,5.65576182701956,17.3,1.4,0.0,547.2,137.22416666666666,201.25285712610003,18:30:00
2746,0.0,377334,0.0,10581.23,2017-07-09,6909.89,10221.12,8528.790625,933.9254797607838,1.4,17.3,8.49375,5.703914529290109,17.2,1.9,0.0,543.33,131.17166666666665,193.77212573825105,18:30:00
2747,0.0,377334,0.0,11600.52,2017-07-10,6664.13,10581.23,8320.369375,1158.3654603709713,1.9,17.2,8.702083333333333,5.120110104506494,17.0,1.3,0.0,557.5,139.81458333333333,205.15448054605238,18:30:00
2748,0.0,377334,0.0,11469.51,2017-07-11,6791.5,11600.52,9194.922291666668,1387.6565980208522,1.3,17.0,8.7625,5.640228794212503,16.8,4.3,0.0,552.5,137.09708333333333,201.0566240947457,18:30:00
2749,0.0,377334,0.0,11573.81,2017-07-12,7102.0,11469.51,9285.139375,1217.0030803391253,4.3,16.8,10.329166666666667,4.041537433043894,14.7,5.8,0.0,486.38,110.825,166.97689842762875,18:30:00
2750,0.0,377334,0.0,11151.66,2017-07-13,7096.2,11573.81,9349.18125,1220.8681368593452,5.8,14.7,9.452083333333333,2.481076429340086,17.1,6.1,0.0,422.45,94.25083333333333,141.69036397713018,18:30:00
2751,0.0,377334,0.0,10575.36,2017-07-14,7057.67,11151.66,9113.058958333333,1156.9111678273196,6.1,17.1,10.658333333333333,3.910859585185264,19.8,3.5,0.0,521.47,128.93791666666667,190.95437189435435,18:30:00
2752,0.0,377334,0.0,10032.87,2017-07-15,7018.68,10575.36,8953.207916666666,1006.5626351819856,3.5,19.8,11.40625,5.720787263558541,18.2,8.7,0.0,443.42,103.21875,152.55244758561463,18:00:00
2753,0.0,377334,0.0,10663.35,2017-07-16,6633.78,10032.87,8327.36125,932.3266240687008,8.7,18.2,12.74375,2.9767829450814283,17.0,4.1,0.0,390.7,90.93666666666667,134.12741285067042,18:30:00
2754,0.0,377334,0.0,11273.22,2017-07-17,6690.18,10663.35,8285.481249999999,1165.1512672201786,4.1,17.0,9.802083333333334,4.118535661240267,18.1,3.6,0.0,559.3,138.86166666666665,203.97795515622838,18:30:00
2755,0.0,377334,0.0,10403.24,2017-07-18,6688.99,11273.22,9065.073125,1299.435187309351,3.6,18.1,9.752083333333333,4.670185634987996,22.7,3.6,0.0,490.55,112.87833333333333,171.92581619028317,18:30:00
2756,0.0,377334,0.0,11100.76,2017-07-19,6956.33,10403.24,8739.879583333333,986.3404725009713,3.6,22.7,13.210416666666667,7.119324602897274,16.8,6.5,0.0,568.03,142.98375000000001,208.1504207847593,18:30:00
2757,0.0,377334,0.0,11413.35,2017-07-20,6616.26,11100.76,8855.005625,1240.2722010791872,6.5,16.8,12.054166666666667,2.928506869083544,16.3,4.5,0.0,525.5,123.89458333333333,184.09646851592632,19:00:00
2758,0.0,377334,0.0,11084.92,2017-07-21,6904.6,11413.35,9028.848333333333,1314.5304575905934,4.5,16.3,10.514583333333333,3.8702899766743695,16.2,4.8,0.0,584.83,150.9775,217.24394888127935,19:00:00
2759,0.0,377334,0.0,10359.54,2017-07-22,7281.5,11084.92,9249.646458333335,1155.711229005279,4.8,16.2,9.847916666666666,3.9659717267762584,18.2,3.0,0.0,507.75,112.62291666666665,167.23638795491152,18:30:00
2760,0.0,377334,0.0,9964.44,2017-07-23,7113.53,10359.54,8682.563124999999,1011.4661105042212,3.0,18.2,8.547916666666667,5.069810084291141,21.6,1.7,0.0,596.5,155.13541666666666,222.12534727719432,18:30:00
2761,0.0,377334,0.0,10640.54,2017-07-24,6706.0,9964.44,8093.194583333334,969.6880408359424,1.7,21.6,12.072916666666666,7.400107520303792,19.8,4.2,0.0,583.8,151.48541666666668,216.3427698215912,19:00:00
2762,0.0,377334,0.0,10574.52,2017-07-25,6604.26,10640.54,8594.918333333333,1197.3281142225803,4.2,19.8,12.689583333333333,5.268018303306436,20.0,2.6,0.0,591.8,154.77166666666668,220.4314153174752,18:30:00
2763,0.0,377334,0.0,10025.52,2017-07-26,6921.15,10574.52,8779.204375,1073.8256854972528,2.6,20.0,11.033333333333333,5.716133693079888,20.8,6.4,0.0,597.8,156.20416666666668,222.49310865573062,19:00:00
2764,0.0,377334,0.0,10709.34,2017-07-27,6629.22,10025.52,8391.278958333334,936.4090225833411,6.4,20.8,15.333333333333334,4.3159443794521755,18.0,5.3,0.0,594.05,154.71875,220.2311499299499,18:30:00
2765,0.0,377334,0.0,10181.87,2017-07-28,6885.65,10709.34,8790.319583333332,1101.289297688886,5.3,18.0,11.1625,4.101147997039001,18.6,5.8,0.0,600.7,150.81291666666667,216.74738231954703,19:00:00
2766,0.0,377334,0.0,9699.62,2017-07-29,6797.38,10181.87,8610.015,984.9239168434356,5.8,18.6,12.452083333333334,4.37293365589569,20.0,3.2,0.0,600.88,144.97708333333335,216.09827773057464,18:30:00
2767,0.0,377334,0.0,9044.44,2017-07-30,6781.01,9699.62,8124.866458333333,855.2672028446186,3.2,20.0,10.208333333333334,5.535911131578757,25.7,4.9,0.0,628.53,165.73,234.71128349754264,18:30:00
2768,0.0,377334,0.0,10899.39,2017-07-31,6273.09,9044.44,7498.054375,726.398180037163,4.9,25.7,17.210416666666667,6.155130694408384,16.4,10.1,0.0,352.98,90.21916666666665,130.03230816344086,18:30:00
2769,8.6,381448,0.0,10867.45,2017-08-01,6176.32,10899.39,8646.166875,1385.6570025468238,10.1,16.4,13.408333333333333,1.920420314513769,16.7,6.4,0.0,195.07,41.14125,58.71049183575065,18:30:00
2770,0.0,381448,0.0,10835.76,2017-08-02,6866.21,10867.45,8772.757708333333,1121.4050617488372,6.4,16.7,11.408333333333333,3.1526978202960216,16.8,2.6,0.0,607.42,146.68333333333334,215.45161016994675,19:00:00
2771,0.0,381448,0.0,10776.31,2017-08-03,7015.79,10835.76,8892.946249999999,1095.047263168523,2.6,16.8,10.472916666666666,4.57698867757065,16.4,8.6,0.0,573.33,138.1775,200.59260712443702,18:30:00
2772,13.6,381448,0.0,10507.17,2017-08-04,6796.17,10776.31,8913.4625,1084.2455269056416,8.6,16.4,12.991666666666667,2.465147126361819,17.0,8.8,0.0,479.35,117.99333333333334,171.49068749089346,18:30:00
2773,0.0,381448,0.0,9547.22,2017-08-05,6601.36,10507.17,8622.69875,1052.129334604152,8.8,17.0,12.479166666666666,2.6792312594929117,19.2,5.7,0.0,606.55,157.3825,224.12946946333244,18:30:00
2774,0.0,381448,0.0,9406.71,2017-08-06,6508.58,9547.22,7876.759375000001,842.5222657564284,5.7,19.2,13.354166666666666,4.238725136186805,20.6,10.2,0.0,638.17,170.7720833333333,239.718430277516,18:30:00
2775,0.0,381448,0.0,10783.26,2017-08-07,6153.71,9406.71,7552.385833333334,906.9056692198594,10.2,20.6,15.4375,3.3392332538180463,17.7,10.6,0.0,638.97,171.08875,239.44252437760326,18:30:00
2776,0.0,381448,0.0,10640.58,2017-08-08,6286.86,10783.26,8476.633749999999,1251.52780158786,10.6,17.7,13.85,2.20993886504447,18.1,6.0,0.0,579.3,160.74083333333334,222.89909144582865,18:30:00
2777,0.0,381448,0.0,10307.69,2017-08-09,6684.93,10640.58,8615.132916666667,1095.282332543899,6.0,18.1,12.452083333333334,3.589760235182747,18.9,5.6,0.0,658.6,177.11208333333332,246.46194670636436,19:00:00
2778,0.0,381448,523.33,9961.14,2017-08-10,6790.15,10307.69,8576.156041666667,995.8057950559316,5.6,18.9,11.5875,4.360247162621511,23.4,4.9,0.0,650.4,174.80999999999997,242.8423859849245,19:00:00
2779,0.0,381448,0.0,9014.0,2017-08-11,6747.13,9961.14,8339.025208333334,890.672710825063,4.9,23.4,14.18125,6.66900280433704,25.1,10.6,0.0,651.25,167.80249999999998,235.15363305131828,08:00:00
2780,0.0,381448,0.0,8840.63,2017-08-12,6381.14,9014.0,7869.975833333334,720.69635006658,10.6,25.1,17.702083333333334,4.729558010177189,21.1,6.5,0.0,630.08,158.11791666666667,224.73599174585482,18:30:00
2781,0.0,381448,0.0,9095.94,2017-08-13,6139.43,8840.63,7446.224166666667,702.5581155058425,6.5,21.1,14.0,4.234609178379632,19.6,7.3,0.0,590.5,145.27666666666667,204.1387282867335,19:00:00
2782,0.0,381448,0.0,9812.54,2017-08-14,6093.52,9095.94,7325.653125,842.0745641825418,7.3,19.6,12.595833333333333,4.101580304334879,22.2,5.0,0.0,671.17,182.20875,251.96152232945107,19:00:00
2783,0.0,381448,0.0,9798.14,2017-08-15,6361.68,9812.54,8130.393333333333,1023.5968051701855,5.0,22.2,11.739583333333334,5.764112730279995,22.3,5.8,0.0,670.62,182.40458333333333,250.9968307734847,19:00:00
2784,0.0,381448,0.0,9319.9,2017-08-16,6449.72,9798.14,8361.085416666667,940.4947347708747,5.8,22.3,13.78125,5.861219691889714,21.2,13.4,0.0,309.08,67.47958333333334,94.33056339973835,18:30:00
2785,0.0,381448,0.0,9476.19,2017-08-17,6040.76,9319.9,7754.0425,810.8321980205328,13.4,21.2,19.035416666666666,2.3158555776942564,21.8,4.3,0.0,612.78,169.75875,229.2512381564745,18:30:00
2786,0.0,381448,0.0,10161.58,2017-08-18,6176.12,9476.19,7813.8810416666665,871.9877186945993,4.3,21.8,14.404166666666667,6.124383020018141,16.7,11.0,0.0,701.9,193.70749999999998,264.5331192795047,18:30:00
2787,0.0,381448,0.0,9888.88,2017-08-19,6324.21,10161.58,8204.842916666666,1033.550197953241,11.0,16.7,13.75,1.8237207699668585,15.4,8.5,0.0,701.5,191.35041666666666,261.85267664022933,18:30:00
2788,0.0,381448,0.0,10238.13,2017-08-20,6483.14,9888.88,8027.751041666666,914.1782940776499,8.5,15.4,11.685416666666667,2.3021719239396274,15.0,4.7,0.0,643.12,160.25958333333332,228.55936889205256,19:00:00
2789,0.0,381448,0.0,11159.65,2017-08-21,6458.43,10238.13,8004.766666666666,1026.6652977756369,4.7,15.0,9.858333333333333,3.6855573979159963,16.3,6.7,0.0,549.62,125.55624999999999,177.7306629320799,19:00:00
2790,0.0,381448,0.0,10133.92,2017-08-22,6535.4,11159.65,8994.259583333334,1321.7320251802391,6.7,16.3,11.143749999999999,3.1627422958229197,18.4,5.0,0.0,333.1,83.32375,117.18637690639133,18:30:00
2791,0.0,381448,620.8,9831.38,2017-08-23,6784.1,10133.92,8447.485208333334,954.2419144858693,5.0,18.4,11.616666666666667,4.477904778540269,21.2,4.2,0.0,705.0,194.38750000000002,264.8753378016381,19:00:00
2792,0.0,381448,0.0,10550.08,2017-08-24,6737.86,9831.38,8315.101458333333,885.3194293971193,4.2,21.2,12.1875,5.965276295076008,17.1,4.3,0.0,701.83,193.66791666666666,263.2169500031706,08:00:00
2793,0.0,381448,0.0,10090.26,2017-08-25,6590.95,10550.08,8528.3075,1075.0131767811924,4.3,17.1,11.6625,4.084252320961157,16.1,8.1,0.0,647.92,160.7745833333333,223.7703265243214,18:30:00
2794,0.0,381448,0.0,9184.25,2017-08-26,6786.46,10090.26,8501.601458333333,912.1927592812069,8.1,16.1,12.0625,2.7937334891701173,19.8,6.2,0.0,569.85,161.25541666666666,220.42828211508086,18:30:00
2795,0.0,381448,0.0,10241.3,2017-08-27,6625.2,9184.25,7771.748124999999,777.521699172212,6.2,19.8,11.516666666666666,4.654594313895719,18.6,4.3,0.0,732.08,202.38166666666666,274.09374807026455,18:30:00
2796,3.2,381448,0.0,11345.96,2017-08-28,6232.12,10241.3,7823.425208333333,1141.5137469577712,4.3,18.6,9.902083333333334,4.622815278517063,14.5,6.5,0.0,748.6,203.13333333333333,278.1995469873587,18:30:00
2797,0.0,381448,0.0,10957.62,2017-08-29,6723.73,11345.96,8895.354583333334,1286.494553884427,6.5,14.5,10.389583333333333,2.892708337323812,15.5,6.1,0.0,642.47,153.55833333333334,215.65040756095428,19:00:00
2798,0.0,381448,0.0,10549.68,2017-08-30,7066.4,10957.62,8929.259375,1077.8105333763665,6.1,15.5,10.35,3.5716972543310197,17.0,5.1,0.0,481.2,130.84166666666667,178.97664405849088,19:00:00
2799,0.0,381448,0.0,10743.94,2017-08-31,6983.06,10549.68,8648.589166666667,989.0213425936134,5.1,17.0,12.15625,4.1550741217753036,15.6,6.9,0.0,745.9,210.7420833333333,283.69007959284926,19:00:00
2800,0.0,385358,0.0,10024.36,2017-09-01,6781.59,10743.94,8675.387708333334,1082.2298933756695,6.9,15.6,11.924999999999999,2.691871135988117,16.7,6.4,0.0,592.58,156.28125,210.59460857069098,19:00:00
2801,0.0,385358,0.0,8955.61,2017-09-02,6947.6,10024.36,8537.622916666667,884.6971361563387,6.4,16.7,11.06875,3.4865184884369635,21.7,4.7,0.0,647.28,179.07375,241.7766956865935,19:00:00
2802,0.0,385358,0.0,8268.98,2017-09-03,6617.66,8955.61,7713.832291666667,690.4274901248996,4.7,21.7,12.1,5.613888552585549,28.6,6.7,0.0,779.0,218.02083333333334,293.12695839446206,18:30:00
2803,0.0,385358,0.0,9588.49,2017-09-04,6037.5,8268.98,7075.708541666667,610.8563571479309,6.7,28.6,17.302083333333332,7.960687706402335,21.5,8.2,0.0,724.8,197.88083333333336,265.3374491503813,19:00:00
2804,0.0,385358,0.0,10057.98,2017-09-05,5954.77,9588.49,7721.6033333333335,989.5621155357295,8.2,21.5,16.508333333333333,3.3325495532433873,17.9,7.1,0.0,793.35,230.13375,302.8225087731769,18:30:00
2805,0.0,385358,0.0,9842.17,2017-09-06,6339.51,10057.98,8116.338958333334,970.2696550920829,7.1,17.9,14.012500000000001,2.7989834780931258,18.9,8.4,0.0,802.08,231.56208333333333,304.3676708354925,19:00:00
2806,0.0,385358,0.0,9686.79,2017-09-07,6452.88,9842.17,8100.666041666666,887.7206973533564,8.4,18.9,14.391666666666666,2.5760627497753505,20.2,5.7,0.0,811.0,236.17583333333334,309.1129474448041,19:00:00
2807,0.0,385358,0.0,9439.37,2017-09-08,6349.24,9686.79,7983.469375000001,881.1360197710108,5.7,20.2,13.604166666666666,4.651925171519685,19.5,9.5,0.0,804.4,234.87625,307.017327900858,19:00:00
2808,0.0,385358,0.0,9015.68,2017-09-09,6492.46,9439.37,8017.3514583333335,801.7098085408423,9.5,19.5,14.5,3.135045556016352,17.6,7.4,0.0,785.3,223.21916666666667,293.08230245998857,19:00:00
2809,0.0,385358,0.0,9139.31,2017-09-10,6376.56,9015.68,7552.919375,765.4110126867488,7.4,17.6,11.9375,3.2044931885938976,18.2,4.7,0.0,797.92,232.69875000000002,303.13800649788317,19:00:00
2810,0.0,385358,0.0,9317.71,2017-09-11,6260.86,9139.31,7335.068125000001,815.3928928988938,4.7,18.2,11.525,4.6822662270824145,23.5,5.6,0.0,802.22,226.35708333333332,297.2401512546846,19:00:00
2811,0.0,385358,0.0,8908.86,2017-09-12,6203.83,9317.71,7801.438541666666,848.1220880173648,5.6,23.5,13.700000000000001,6.185294846684799,27.8,7.3,0.0,813.88,237.23916666666665,310.7175978388376,18:30:00
2812,0.0,385358,0.0,8946.59,2017-09-13,6250.82,8908.86,7752.18,672.0456505549209,7.3,27.8,16.195833333333333,6.707948867886845,33.2,9.6,0.0,649.47,175.32666666666668,229.2957606207591,19:00:00
2813,0.6,385358,0.0,9672.51,2017-09-14,5853.47,8946.59,7584.252291666667,812.16463113913,9.6,33.2,22.84375,7.661034490725461,18.7,11.4,0.0,771.92,220.12125,288.23335322472695,18:30:00
2814,0.0,385358,0.0,8878.27,2017-09-15,5853.94,9672.51,7689.306250000001,1001.7597209073871,11.4,18.7,13.935416666666667,1.82843842027496,22.0,7.3,0.0,796.78,235.35,303.6707679028777,19:00:00
2815,0.0,385358,0.0,8639.55,2017-09-16,6286.99,8878.27,7725.666041666666,679.4511344780971,7.3,22.0,14.870833333333332,4.615374784041175,22.4,8.6,0.0,834.25,244.88333333333333,317.1434025218254,18:30:00
2816,0.0,385358,0.0,9047.77,2017-09-17,5996.93,8639.55,7251.144375,712.0376507015773,8.6,22.4,14.924999999999999,4.33886444601016,16.7,5.4,0.0,782.9,194.45000000000002,265.89027035442444,18:30:00
2817,0.0,385358,0.0,9029.78,2017-09-18,6175.76,9047.77,7171.918541666667,818.0943662599923,5.4,16.7,11.137500000000001,4.072984425167812,24.6,4.8,0.0,866.55,259.49708333333336,331.8621625282216,19:00:00
2818,0.0,385358,0.0,9094.59,2017-09-19,6269.15,9029.78,7677.992916666666,752.9996815233656,4.8,24.6,13.739583333333334,6.821172906670453,23.7,8.2,0.0,877.5,261.4866666666667,333.6715878935093,19:00:00
2819,0.0,385358,0.0,9142.11,2017-09-20,6102.94,9094.59,7616.823541666668,766.1136736483819,8.2,23.7,15.870833333333332,5.174074419574073,19.3,8.3,0.0,864.72,258.15333333333336,328.69368852942404,19:00:00
2820,0.0,385358,0.0,8898.21,2017-09-21,6325.65,9142.11,7739.431874999999,690.7440523847607,8.3,19.3,13.402083333333332,3.642800511608602,23.9,7.6,0.0,803.38,232.60791666666668,300.1769754020532,19:00:00
2821,0.0,385358,0.0,8580.55,2017-09-22,6253.32,8898.21,7638.34,669.080810566321,7.6,23.9,15.022916666666667,5.719404804003362,29.8,8.6,0.0,844.03,245.99,316.06701319128456,19:00:00
2822,0.0,385358,0.0,8159.22,2017-09-23,6110.73,8580.55,7578.592083333333,646.6854266770035,8.6,29.8,18.556250000000002,7.407009510836139,34.0,9.6,0.0,869.0,256.67875,327.90067414668596,19:00:00
2823,0.0,385358,0.0,8110.66,2017-09-24,5789.51,8159.22,7046.295833333334,622.1382336366103,9.6,34.0,22.285416666666666,8.135893406677761,28.9,11.8,0.0,597.28,182.71124999999998,231.4431774284813,19:00:00
2824,0.0,385358,0.0,8825.4,2017-09-25,5565.22,8110.66,6806.495416666668,699.4347776140337,11.8,28.9,24.675,5.423137978321675,26.4,9.0,0.0,691.53,215.70041666666665,266.20852907039387,19:00:00
2825,0.0,385358,0.0,8986.47,2017-09-26,5612.99,8825.4,7345.001041666666,916.9233197579359,9.0,26.4,17.881249999999998,5.83859704257212,20.5,6.8,0.0,831.55,207.61083333333332,286.3089738550454,19:00:00
2826,0.0,385358,0.0,8899.63,2017-09-27,6067.47,8986.47,7535.065208333333,722.2165664473647,6.8,20.5,14.604166666666666,4.161268133906959,22.2,13.4,0.0,907.6,276.4435416666667,346.924391526635,19:00:00
2827,0.0,385358,0.0,8759.83,2017-09-28,6071.53,8899.63,7642.083750000001,735.5754269715391,13.4,22.2,18.256249999999998,2.8226972350663218,25.1,11.8,0.0,834.05,234.79791666666665,305.75667144620934,19:00:00
2828,0.0,385358,0.0,8333.5,2017-09-29,5947.12,8759.83,7539.778541666667,766.6496489936485,11.8,25.1,19.8625,3.9619802162608706,25.5,9.3,0.0,390.6,119.51197916666666,150.45873624161902,19:00:00
2829,0.0,385358,0.0,7845.68,2017-09-30,6015.97,8333.5,7333.398125,596.677395236128,9.3,25.5,18.022916666666667,5.644701510429403,23.6,11.1,0.0,915.45,278.1844791666667,349.0850712435989,19:00:00
2830,0.0,389636,0.0,7408.8,2017-10-01,5659.46,7845.68,6745.072708333333,544.3211197474776,11.1,23.6,17.897916666666667,4.0208758219928304,22.7,8.3,0.0,751.92,180.12572916666667,237.9620667182007,19:00:00
2831,0.0,389636,0.0,7801.03,2017-10-02,5713.51,7408.8,6501.7725,453.37291971376897,8.3,22.7,14.950000000000001,4.655173283334611,23.5,8.8,0.0,937.0,287.1452083333333,358.2264506268055,19:00:00
2832,0.0,389636,0.0,8465.99,2017-10-03,5572.05,7801.03,6679.098541666666,601.0349358982122,8.8,23.5,16.877083333333335,5.052037279529802,23.0,14.0,0.0,800.83,238.60208333333333,299.09865735706916,19:00:00
2833,0.0,389636,0.0,8327.64,2017-10-04,5960.9,8465.99,7507.787499999999,718.9860036707729,14.0,23.0,18.133333333333333,2.7970602602179997,21.5,12.8,0.0,592.7,171.10010416666668,222.21747431501962,19:00:00
2834,0.0,389636,0.0,8670.39,2017-10-05,6007.74,8327.64,7465.877083333333,635.4002704241963,12.8,21.5,17.520833333333332,2.617856710911667,26.0,14.4,0.0,823.0,233.91354166666667,296.21609759861366,18:30:00
2835,0.0,389636,546.65,8277.09,2017-10-06,5990.1,8670.39,7616.98125,776.4878777084618,14.4,26.0,20.210416666666667,3.591730430067032,20.4,15.3,0.0,853.1,241.69739583333333,312.5553513158255,18:30:00
2836,0.0,389636,0.0,7569.0,2017-10-07,5838.66,8277.09,7437.501875000001,692.0709110656348,15.3,20.4,17.708333333333332,1.4407198752239267,19.9,12.8,0.0,546.65,130.68208333333334,167.67004730299516,09:00:00
2837,0.0,389636,0.0,7970.55,2017-10-08,5771.96,7569.0,6789.668541666667,463.548612741343,12.8,19.9,16.006249999999998,2.1356553879711524,21.3,10.6,0.0,871.0,219.64927083333336,287.8034983301154,19:00:00
2838,0.2,389636,0.0,8814.51,2017-10-09,5598.66,7970.55,6792.983749999999,641.7124215211786,10.6,21.3,16.59375,3.5724362180331357,32.5,14.6,0.0,602.83,142.55697916666665,197.05643077916818,18:30:00
2839,0.0,389636,0.0,8313.69,2017-10-10,5656.03,8814.51,7580.264166666667,955.1083440443402,14.6,32.5,21.958333333333332,6.035809217313069,22.0,15.4,0.0,883.1,257.95187500000003,326.17704602540067,17:00:00
2840,0.0,389636,0.0,8513.99,2017-10-11,5907.79,8313.69,7492.817083333332,702.3449056294572,15.4,22.0,18.772916666666667,1.799378093904306,24.2,18.1,0.0,380.75,115.74614583333333,145.39604700368383,18:30:00
2841,0.6,389636,0.0,8300.81,2017-10-12,5762.46,8513.99,7532.252708333333,832.6498107637149,18.1,24.2,20.264583333333334,1.761224137068564,28.2,14.4,0.0,637.78,166.00145833333332,218.41540323468132,19:00:00
2842,0.0,389636,0.0,8187.59,2017-10-13,5806.61,8300.81,7453.744374999999,764.3881702935407,14.4,28.2,21.304166666666667,3.5904695558110036,24.1,11.6,0.0,913.38,292.3335416666667,355.4418604326564,19:00:00
2843,0.0,389636,0.0,7637.66,2017-10-14,5882.12,8187.59,7439.443958333333,693.3474115638547,11.6,24.1,18.241666666666667,4.1775913519091485,18.3,16.1,0.0,910.3,277.5,340.6194590601445,19:00:00
2844,0.0,389636,0.0,7665.76,2017-10-15,5882.79,7637.66,6954.006666666667,532.2200284250277,16.1,18.3,17.568749999999998,0.5219261584684344,21.5,14.6,0.0,264.08,69.69666666666667,88.97815776879784,18:30:00
2845,0.0,389636,0.0,8295.11,2017-10-16,5564.83,7665.76,6665.72625,580.3484722666489,14.6,21.5,18.5125,1.7763966635813566,23.7,11.8,0.0,548.85,170.7875,202.33002398388427,19:00:00
2846,0.0,389636,0.0,8368.65,2017-10-17,5713.34,8295.11,7395.345833333333,810.5559298849344,11.8,23.7,17.827083333333334,3.9688006432799425,23.6,14.3,0.0,855.17,264.26572916666663,318.7134040635507,18:00:00
2847,0.0,389636,0.0,8382.24,2017-10-18,6010.19,8368.65,7562.6345833333335,712.7885356194092,14.3,23.6,19.364583333333332,2.7402041842956186,24.0,14.7,0.0,903.0,257.65270833333335,321.0090998808892,18:00:00
2848,0.0,389636,0.0,8815.49,2017-10-19,6013.59,8382.24,7609.96,719.261328417876,14.7,24.0,20.027083333333334,2.805976871906424,26.4,13.6,0.0,777.1,252.00125,303.949396646561,19:00:00
2849,8.6,389636,94.6,8576.62,2017-10-20,6010.66,8815.49,7720.984791666667,818.4043546867088,13.6,26.4,21.008333333333333,3.81485524854822,20.0,14.5,0.0,970.72,308.4221875,370.76245136823263,17:00:00
2850,13.0,389636,0.0,7547.57,2017-10-21,6087.9,8576.62,7680.107291666667,760.7513343685785,14.5,20.0,16.96875,1.9483933643203737,19.0,12.2,0.0,177.48,54.075208333333336,63.56648171660923,09:30:00
2851,0.0,389636,0.0,7803.3,2017-10-22,5873.6,7547.57,6862.6125,452.3029686915996,12.2,19.0,15.450000000000001,1.994567088954499,21.1,11.7,0.0,562.17,188.40083333333334,219.0917427853857,19:00:00
2852,2.2,389636,0.0,8189.74,2017-10-23,5665.58,7803.3,6717.971458333333,593.6560203894472,11.7,21.1,15.610416666666666,2.5951050143416166,20.6,10.6,0.0,890.03,230.16989583333336,313.716019045633,19:00:00
2853,0.0,389636,0.0,8436.11,2017-10-24,5846.29,8189.74,7342.409791666666,710.0396096697384,10.6,20.6,16.224999999999998,3.2572341745851046,27.2,10.5,0.0,806.62,268.90781250000003,319.519810043976,19:00:00
2854,0.0,389636,0.0,8672.19,2017-10-25,6057.67,8436.11,7489.551666666666,657.6106661638655,10.5,27.2,18.983333333333334,5.580449662860181,30.6,15.7,0.0,983.17,315.09375,376.64451315940494,19:00:00
2855,1.4,389636,0.0,8444.92,2017-10-26,5933.87,8672.19,7653.667291666668,824.1809309408652,15.7,30.6,21.645833333333332,4.896892559326641,22.6,14.6,0.0,913.38,247.77031250000002,324.82172527895693,17:00:00
2856,7.2,389636,0.0,8154.56,2017-10-27,5961.87,8444.92,7572.597083333333,761.5062262272061,14.6,22.6,19.395833333333332,2.0508387835985693,22.0,14.8,0.0,813.7,232.7228125,294.4855601883983,17:00:00
2857,0.0,389636,0.0,7751.92,2017-10-28,5960.99,8154.56,7492.995208333334,697.5116462872417,14.8,22.0,19.016666666666666,2.091760261814867,27.0,16.2,0.0,761.78,234.80739583333332,287.99834838287785,16:00:00
2858,0.0,389636,0.0,8399.27,2017-10-29,5801.54,7751.92,6991.237083333333,577.4127714318317,16.2,27.0,21.258333333333333,3.15168535348564,30.5,17.3,0.0,924.97,265.320625,334.26167720913645,19:00:00
2859,0.0,389636,0.0,9891.81,2017-10-30,5603.11,8399.27,6979.138749999999,881.9545049095899,17.3,30.5,23.952083333333334,4.321789896304703,34.6,15.5,0.0,952.72,301.7265625,363.19720689295923,17:30:00
2860,0.0,389636,0.0,8126.5,2017-10-31,5654.46,9891.81,7970.320625,1335.4743950521954,15.5,34.6,22.920833333333334,6.922610451339357,19.3,12.5,0.0,1015.85,294.3096875,359.58527741766426,16:00:00
2861,0.0,394676,0.0,8165.15,2017-11-01,6110.99,8126.5,7377.669583333333,572.4523046078922,12.5,19.3,16.087500000000002,2.120580510645058,20.4,12.1,0.0,934.47,271.1303125,329.2295032544898,19:00:00
2862,0.0,394676,0.0,8232.65,2017-11-02,5945.28,8165.15,7363.313958333333,627.4574338355445,12.1,20.4,16.760416666666668,2.4468598707221383,21.1,13.4,0.0,921.17,263.2007291666667,324.2836291604592,19:00:00
2863,0.0,394676,0.0,8278.99,2017-11-03,6014.04,8232.65,7444.434166666667,632.241214306198,13.4,21.1,18.064583333333335,2.2978703908909495,29.3,16.2,0.0,886.22,294.53697916666664,340.81676051293516,19:00:00
2864,1.4,394676,0.0,7566.7,2017-11-04,6050.06,8278.99,7571.720833333333,685.8086324538555,16.2,29.3,21.445833333333336,4.53740756113957,16.8,14.9,0.0,934.08,253.3272916666667,325.19029966748406,16:00:00
2865,5.0,394676,0.0,7859.97,2017-11-05,5885.61,7566.7,6977.419791666667,511.77669804897664,14.9,16.8,15.835416666666667,0.5171483113058809,17.8,14.3,0.0,293.33,76.94229166666666,90.76584613987569,19:00:00
2866,6.4,394676,0.0,8469.9,2017-11-06,5710.46,7859.97,6884.755416666667,662.7527937161382,14.3,17.8,16.170833333333334,1.2390728059479457,24.8,14.4,0.0,358.08,93.61145833333335,116.3803733679989,19:00:00
2867,8.0,394676,0.0,8204.69,2017-11-07,5804.17,8469.9,7571.316041666666,869.1584346592491,14.4,24.8,18.854166666666668,3.205842959038103,19.3,11.6,0.0,886.3,205.95708333333334,265.4955392577814,19:00:00
2868,0.2,394676,0.0,8250.19,2017-11-08,6097.09,8204.69,7419.839375,595.5699539290113,11.6,19.3,16.41875,2.1845352249245535,19.4,11.2,0.0,1014.42,317.81385416666666,378.8165743361083,19:00:00
2869,0.0,394676,0.0,8223.52,2017-11-09,5982.93,8250.19,7439.94625,636.9727526308714,11.2,19.4,16.083333333333332,2.2446469023684004,22.4,9.9,0.0,761.45,246.25989583333333,291.76879394422866,19:30:00
2870,0.0,394676,946.175,8041.04,2017-11-10,6090.23,8223.52,7471.1925,604.0245889615854,9.9,22.4,16.48125,4.185621601565215,22.8,11.2,0.0,956.7,321.12645833333335,368.1270071071367,19:00:00
2871,0.0,394676,0.0,7677.87,2017-11-11,6117.13,8041.04,7472.129791666666,577.0686784913041,11.2,22.8,17.295833333333334,4.083279779645923,23.0,11.6,0.0,975.85,329.04833333333335,376.600538184683,07:30:00
2872,0.0,394676,0.0,7725.26,2017-11-12,5987.16,7677.87,6974.852708333333,473.0716028559296,11.6,23.0,17.891666666666666,3.7496004515280394,22.1,13.0,0.0,909.8,299.77968749999997,350.2083975070769,19:30:00
2873,0.0,394676,0.0,8473.54,2017-11-13,5781.52,7725.26,6725.75875,529.9307955927386,13.0,22.1,17.997916666666665,2.8319972339911157,22.2,14.9,0.0,960.62,320.8702083333333,370.30548651131437,19:30:00
2874,0.0,394676,0.0,8484.36,2017-11-14,5893.93,8473.54,7553.979583333334,804.5559524146098,14.9,22.2,18.279166666666665,2.0820364757911465,22.7,10.9,0.0,939.97,300.7844791666667,350.1800905692754,17:00:00
2875,0.0,394676,0.0,8681.0,2017-11-15,6055.31,8484.36,7556.212291666667,696.0497955537238,10.9,22.7,17.90625,3.889068490449126,24.8,12.8,0.0,1012.78,309.1947916666667,369.13599427316865,17:00:00
2876,0.0,394676,0.0,8636.8,2017-11-16,6070.93,8681.0,7696.647916666666,764.6176000054671,12.8,24.8,19.879166666666666,3.841096825477722,24.8,14.1,0.0,1034.2,352.5034375,400.9020261702355,17:00:00
2877,0.0,394676,211.23,8529.03,2017-11-17,6069.41,8636.8,7768.045833333334,810.725138454887,14.1,24.8,20.202083333333334,2.6899726790776906,24.8,18.6,0.0,886.47,232.43177083333333,308.2548380381483,17:00:00
2878,0.2,394676,328.865,7884.28,2017-11-18,6168.67,8529.03,7725.691875,739.6239990199051,18.6,24.8,21.2375,1.7948656086714363,23.1,16.8,0.0,682.75,216.34770833333334,252.05258473217143,11:00:00
2879,0.6,394676,0.0,7804.21,2017-11-19,5905.98,7884.28,7075.237708333333,564.8821480297655,16.8,23.1,20.3625,1.353737929947566,23.9,14.3,0.0,589.12,183.55291666666668,208.5660304515894,09:30:00
2880,0.0,394676,0.0,8356.95,2017-11-20,5737.3,7804.21,6759.9783333333335,588.2970535198533,14.3,23.9,19.83125,2.5928835710008173,21.8,15.6,0.0,998.33,306.07697916666666,361.7851561601277,19:00:00
2881,0.0,394676,0.0,8357.21,2017-11-21,5961.62,8356.95,7530.493750000001,786.2649974773003,15.6,21.8,18.802083333333332,1.801475705168421,22.8,14.3,0.0,835.85,273.60312500000003,318.1308409280702,19:30:00
2882,0.0,394676,0.0,8453.45,2017-11-22,6111.6,8357.21,7622.069375,690.8562942154094,14.3,22.8,18.989583333333332,2.757677066195104,23.8,15.6,0.0,987.33,290.6504166666667,347.18834991980276,17:00:00
2883,0.0,394676,0.0,8761.81,2017-11-23,6094.57,8453.45,7632.051041666667,698.8034223151149,15.6,23.8,19.179166666666667,2.4437465423240146,25.5,14.9,0.0,914.8,313.3134375,358.78665964988085,17:00:00
2884,0.0,394676,0.0,8979.22,2017-11-24,6079.12,8761.81,7808.5079166666665,833.6543685483939,14.9,25.5,20.76875,3.4652779968921235,29.2,15.1,0.0,994.35,346.26447916666666,389.90345696933474,17:00:00
2885,0.0,394676,0.0,8318.25,2017-11-25,6161.96,8979.22,7938.006458333333,872.2324464086619,15.1,29.2,22.04375,4.016821345716565,27.1,15.3,0.0,1046.25,333.5152083333333,391.6504991100448,14:00:00
2886,0.0,394676,0.0,8504.38,2017-11-26,6033.44,8318.25,7403.369583333333,718.3099948118711,15.3,27.1,21.993750000000002,3.654982390736752,27.4,16.7,0.0,1055.2,362.144375,407.84003583177144,16:00:00
2887,0.0,394676,0.0,9304.56,2017-11-27,5861.81,8504.38,7304.91125,858.8242168582779,16.7,27.4,22.433333333333334,3.455081569584467,26.6,19.2,0.0,1031.07,343.54041666666666,391.9855318199969,17:00:00
2888,0.0,394676,0.0,9502.61,2017-11-28,6086.83,9304.56,8078.905416666667,1030.8578184561452,19.2,26.6,22.302083333333332,1.9252509737841288,25.4,17.3,0.0,401.42,141.03364583333334,150.43247587404556,17:00:00
2889,0.0,394676,0.0,9391.43,2017-11-29,6165.84,9502.61,8218.745,1045.1428012070373,17.3,25.4,22.181250000000002,2.430537656131323,27.1,18.9,0.0,915.15,307.1898958333333,350.8889527806477,17:00:00
2890,0.0,394676,0.0,10057.85,2017-11-30,6388.14,9391.43,8300.374791666667,989.06034660884,18.9,27.1,22.664583333333336,2.3505987995215287,27.5,18.9,0.0,707.1,241.71791666666664,277.96353608218476,16:00:00
2891,0.0,399355,0.0,10228.67,2017-12-01,6399.66,10057.85,8497.581041666666,1136.521398336879,18.9,27.5,23.2625,2.787328851725174,28.7,19.5,0.0,994.65,330.8103125,375.1453004310977,17:00:00
2892,0.0,399355,51.77,8456.47,2017-12-02,6427.31,10228.67,8615.435,1180.1248977139048,19.5,28.7,23.883333333333336,3.0820919486838534,30.3,17.9,0.0,1012.12,350.2183333333333,392.97431579940985,16:00:00
2893,11.4,399355,0.0,8076.68,2017-12-03,6082.01,8456.47,7428.467291666667,709.8027203617456,17.9,30.3,22.258333333333336,4.38977696972997,28.3,14.5,0.0,503.88,137.66302083333332,181.90823346945638,10:30:00
2894,0.8,399355,0.0,8430.61,2017-12-04,5595.9,8076.68,6835.114166666666,750.2841394583088,14.5,28.3,21.585416666666664,3.9757236506200084,18.5,15.6,0.0,997.75,339.47947916666664,382.47172722966343,19:30:00
2895,17.8,399355,0.0,8350.61,2017-12-05,6037.46,8430.61,7667.768958333333,823.9245886692461,15.6,18.5,17.089583333333334,0.77163534087727,23.4,16.3,0.0,348.92,119.53572916666667,134.52475437387207,17:00:00
2896,2.4,399355,0.0,8291.84,2017-12-06,6010.44,8350.61,7645.495208333334,752.8220045255238,16.3,23.4,19.162499999999998,2.297142072691122,24.1,15.5,0.0,808.4,243.32281250000003,287.0906319567866,17:00:00
2897,4.2,399355,0.0,9369.64,2017-12-07,6010.79,8291.84,7609.931874999999,716.063771959893,15.5,24.1,20.375,2.2535551109963734,31.3,13.6,0.0,926.95,271.79979166666664,329.2382139636865,17:00:00
2898,0.0,399355,43.5,8792.1,2017-12-08,6000.93,9369.64,7969.949166666666,1034.1886405907535,13.6,31.3,23.56041666666667,5.610163254094185,29.0,18.4,0.0,1026.35,336.24145833333336,378.58947265370574,17:00:00
2899,2.2,399355,0.0,7774.84,2017-12-09,6210.16,8792.1,7866.764791666667,826.3354081933061,18.4,29.0,21.910416666666666,2.770531831834039,24.2,16.5,0.0,874.62,240.864375,302.4281180457721,12:30:00
2900,0.0,399355,0.0,8213.54,2017-12-10,6115.72,7774.84,7136.049166666667,498.6058572845281,16.5,24.2,20.220833333333335,1.963275414864133,24.9,14.7,0.0,921.15,311.7605208333334,359.51057937151455,18:00:00
2901,0.0,399355,0.0,9733.99,2017-12-11,5825.28,8213.54,7044.72375,726.5537208195284,14.7,24.9,20.585416666666667,3.5203958664811514,27.3,15.5,0.0,1041.3,359.3435416666667,397.9376565105451,18:00:00
2902,0.0,399355,0.0,10198.05,2017-12-12,5987.96,9733.99,8121.90875,1172.88900285019,15.5,27.3,21.927083333333332,3.8155192381558773,26.8,20.2,0.0,1077.28,373.7208333333333,416.12464264869436,16:30:00
2903,0.0,399355,0.0,11283.01,2017-12-13,6066.96,10198.05,8478.635416666666,1206.7706412887328,20.2,26.8,23.23125,2.176973914756885,29.3,17.2,0.0,1066.8,362.8846875,404.3174439369501,17:00:00
2904,0.0,399355,0.0,12570.96,2017-12-14,6382.16,11283.01,8990.1675,1546.7903860871038,17.2,29.3,23.925,3.929782626222689,39.0,19.5,0.0,1065.12,360.22208333333333,404.6036261930262,16:30:00
2905,0.0,399355,0.0,9862.57,2017-12-15,6608.84,12570.96,9724.272083333333,1962.3574809721806,19.5,39.0,27.881249999999998,6.018116488057522,25.7,20.9,0.0,1052.2,355.19822916666664,399.58142054289016,16:00:00
2906,1.0,399355,0.0,10588.64,2017-12-16,6926.17,9862.57,8735.859791666668,936.1189754592345,20.9,25.7,22.902083333333334,1.377399582521022,32.8,21.9,0.0,691.1,194.5059375,236.17549886358685,16:00:00
2907,0.2,399355,0.0,9040.6,2017-12-17,6468.04,10588.64,8575.390208333332,1339.0226773991976,21.9,32.8,25.660416666666666,3.662735844317501,25.5,21.1,0.0,1029.5,319.00624999999997,377.2097522902508,16:00:00
2908,0.0,399355,0.0,11334.89,2017-12-18,6274.67,9040.6,7832.250208333334,920.4673339783618,21.1,25.5,22.891666666666666,1.163420001242362,30.1,21.3,0.0,933.1,245.03333333333333,313.85833570383335,15:30:00
2909,0.0,399355,0.0,12986.04,2017-12-19,6386.04,11334.89,9187.481875,1666.1260102234808,21.3,30.1,24.745833333333334,2.694751268143893,33.7,20.9,0.0,906.42,282.9584375,338.1608028013153,15:00:00
2910,0.0,399355,8.585,12553.45,2017-12-20,6770.49,12986.04,10107.785208333333,2112.419446127753,20.9,33.7,27.010416666666668,4.284620670582183,38.7,21.4,0.0,1027.43,307.1933333333333,373.50864678722314,16:30:00
2911,1.4,399355,139.075,8951.51,2017-12-21,7158.06,12553.45,9769.246874999999,1760.937334708671,21.4,38.7,26.84583333333333,6.073099329089957,22.7,20.8,0.0,916.67,270.5903125,326.6393197224273,13:30:00
2912,0.4,399355,0.0,9157.34,2017-12-22,6603.53,8951.51,8159.781041666666,759.6461989559707,20.8,22.7,21.775000000000002,0.5208421985061126,26.8,18.8,0.0,279.98,87.78364583333332,96.25920533343856,09:30:00
2913,0.0,399355,0.0,9847.97,2017-12-23,6320.64,9157.34,8049.701249999999,869.8258288402075,18.8,26.8,22.625,2.3920524437430313,31.6,18.0,0.0,863.03,268.22218749999996,314.1960676310159,17:00:00
2914,0.0,399355,18.64,10465.25,2017-12-24,6065.82,9847.97,8021.736250000001,1265.2946791274321,18.0,31.6,24.410416666666666,4.34321381072516,39.8,19.2,0.0,1060.9,357.6879166666667,399.7163667711346,17:00:00
2915,0.0,399355,197.15,6795.99,2017-12-25,5943.61,10465.25,8082.6125,1514.9835907706245,19.2,39.8,25.616666666666664,6.150603960426502,21.4,18.5,0.0,986.78,294.2972916666667,350.6552407612924,13:30:00
2916,0.0,399355,0.0,7347.55,2017-12-26,5461.07,6795.99,6297.925208333333,398.95688325127605,18.5,21.4,20.41875,0.6936355809421372,23.4,19.0,0.0,384.1,113.02875,133.3540416323437,10:00:00
2917,0.6,399355,0.0,8477.18,2017-12-27,5290.15,7347.55,6491.795833333334,649.3555644222197,19.0,23.4,20.95625,1.3616176627726555,26.4,18.2,0.0,447.0,149.4821875,165.76715165552366,20:00:00
2918,0.0,399355,0.0,10034.29,2017-12-28,5781.09,8477.18,7374.332291666667,852.7785224762424,18.2,26.4,22.556250000000002,2.68248108795459,29.1,16.5,0.0,909.28,304.9554166666667,338.8720478776634,17:00:00
2919,0.0,399355,0.0,10474.45,2017-12-29,6067.23,10034.29,8039.583333333333,1231.0361023489613,16.5,29.1,23.510416666666668,4.2375845982057205,32.1,19.1,0.0,943.88,326.26625,362.4458761098581,17:00:00
2920,3.4,399355,0.0,9709.51,2017-12-30,6316.59,10474.45,8575.767291666667,1390.0230963850915,19.1,32.1,25.733333333333334,4.245514946755057,34.7,22.0,0.0,969.1,289.034375,354.73708116855227,14:30:00
2921,0.2,399355,0.0,7995.27,2017-12-31,6132.78,9709.51,7909.5079166666665,1115.5286925670039,22.0,34.7,26.102083333333336,4.0083152710405345,26.4,21.0,0.0,953.35,244.85614583333333,324.6062404737626,17:00:00
2922,0.0,403127,0.0,8747.49,2018-01-01,5992.77,7995.27,7144.38625,654.6260210864748,21.0,26.4,23.258333333333336,1.5593006251894854,28.1,19.5,0.0,725.0,240.37447916666667,277.145384858069,17:00:00
2923,0.0,403127,0.0,9395.79,2018-01-02,5953.75,8747.49,7365.989375,899.9715034647143,19.5,28.1,23.577083333333334,2.102606243257257,27.7,18.2,0.0,1028.05,352.953125,398.1775686862837,17:00:00
2924,1.2,403127,0.0,8235.15,2018-01-03,5986.37,9395.79,7895.121666666666,1094.2937717460834,18.2,27.7,22.84583333333333,2.624755983254672,23.5,19.8,0.0,992.4,301.2051041666667,368.1627582412975,15:30:00
2925,1.0,403127,0.0,8651.08,2018-01-04,6046.01,8235.15,7501.373541666667,707.3928769740141,19.8,23.5,21.202083333333334,0.9184838532344937,23.3,16.3,0.0,790.97,243.280625,282.5836608481186,17:00:00
2926,0.0,403127,0.0,9727.0,2018-01-05,5968.01,8651.08,7557.751458333333,799.4940364180586,16.3,23.3,19.952083333333334,2.056126246572416,28.0,14.2,0.0,814.2,234.91114583333334,279.15441203147384,18:00:00
2927,0.0,403127,0.0,10660.05,2018-01-06,6125.26,9727.0,8021.308125,1085.2566672503349,14.2,28.0,21.46666666666667,4.514672690632855,31.0,17.9,0.0,1061.22,358.339375,395.4322777947464,17:00:00
2928,0.0,403127,0.0,12230.57,2018-01-07,6061.08,10660.05,8428.290208333334,1572.108983946832,17.9,31.0,25.214583333333334,4.292100095169069,43.9,20.1,0.0,1069.62,369.7807291666666,413.3874203095707,17:30:00
2929,0.0,403127,0.0,12088.8,2018-01-08,6353.69,12230.57,9279.195416666667,2091.0036042043475,20.1,43.9,28.74791666666667,7.974933857748351,35.2,22.1,0.0,1008.78,336.6490625,382.96098316715995,17:00:00
2930,6.2,403127,0.0,10903.51,2018-01-09,6714.42,12088.8,9537.097916666668,1771.8304349504901,22.1,35.2,26.839583333333334,4.139623766609475,32.0,20.2,0.0,912.15,260.4634375,329.0175687302198,15:30:00
2931,3.6,403127,0.0,8940.55,2018-01-10,6881.68,10903.51,8863.333125,1208.6825654302836,20.2,32.0,24.364583333333332,3.410964147926466,23.5,19.1,0.0,351.73,123.6146875,138.56722850416617,17:00:00
2932,0.0,403127,0.0,9454.55,2018-01-11,6394.4,8940.55,7973.787499999999,805.6691541012434,19.1,23.5,21.158333333333335,1.0352989769294665,23.9,17.5,0.0,635.17,194.58791666666664,240.67945031088627,17:00:00
2933,0.0,403127,0.0,11333.28,2018-01-12,6237.67,9454.55,8194.981666666667,1020.5578558627244,17.5,23.9,21.708333333333332,1.9770850381880252,29.2,19.3,0.0,503.12,153.40333333333334,172.54187425558817,17:00:00
2934,0.0,403127,46.4,9556.87,2018-01-13,6569.67,11333.28,9096.434374999999,1490.799568289571,19.3,29.2,24.410416666666666,3.0701195197008566,34.0,18.4,0.0,982.58,270.88666666666666,340.04578817673604,16:30:00
2935,0.2,403127,0.0,7608.04,2018-01-14,6680.97,9556.87,8261.405416666666,986.9240244766485,18.4,34.0,25.493750000000002,4.18784493657131,23.2,14.2,0.0,804.88,221.67072916666666,279.330365058305,13:00:00
2936,0.2048780487804878,403127,0.0,8545.31,2018-01-15,6033.35,7608.04,6761.608125,459.2217500532196,14.2,23.2,18.83125,2.394688826229431,24.6,15.7,0.0,846.17,285.0522916666667,329.56360994012084,20:00:00
2937,0.2097560975609756,403127,0.0,8384.03,2018-01-16,5910.06,8545.31,7536.762291666667,807.705181608217,15.7,24.6,20.391666666666666,2.870824133532696,22.2,17.8,0.0,828.58,294.683125,333.9944428025792,18:00:00
2938,0.2146341463414634,403127,0.0,8696.55,2018-01-17,6136.08,8384.03,7586.31125,651.7862012948757,17.8,22.2,19.9375,1.1282871597663515,23.2,16.2,0.0,835.9,269.5807291666667,301.16692697612774,17:00:00
2939,0.2195121951219512,403127,0.0,9965.65,2018-01-18,6024.45,8696.55,7593.115208333333,772.1904167793805,16.2,23.2,19.8625,2.282181207492031,29.6,12.3,0.0,1040.75,352.4996875,401.89028882854024,17:00:00
2940,0.224390243902439,403127,0.0,10921.92,2018-01-19,6062.57,9965.65,8067.645208333332,1167.5865207359195,12.3,29.6,20.720833333333335,5.701435367363816,33.2,13.9,0.0,1096.3,376.4994791666666,424.9554670776588,17:00:00
2941,0.2292682926829268,403127,0.0,9960.26,2018-01-20,6318.74,10921.92,8651.321041666666,1455.0418097586403,13.9,33.2,22.691666666666666,6.546164487968975,35.5,13.7,0.0,1119.35,387.4079166666667,433.5266580122491,16:00:00
2942,0.2341463414634146,403127,0.0,10487.65,2018-01-21,6158.42,9960.26,8127.2575,1271.067474808879,13.7,35.5,23.304166666666664,6.701570420378405,29.6,16.9,0.0,1089.45,375.43822916666664,422.0779466009849,16:00:00
2943,0.2390243902439024,403127,0.0,12494.58,2018-01-22,6197.55,10487.65,8241.834166666666,1452.130768196849,16.9,29.6,23.695833333333336,4.264547484578752,35.5,18.6,0.0,1060.53,364.9191666666666,411.66738282663744,17:00:00
2944,0.2439024390243902,403127,0.0,10672.4,2018-01-23,6398.31,12494.58,9487.685,2005.34870944066,18.6,35.5,25.922916666666666,5.3124998957029606,28.3,21.3,0.0,941.45,315.74625,364.0840697405338,16:00:00
2945,0.248780487804878,403127,0.0,11587.96,2018-01-24,6841.26,10672.4,9134.865625,1271.8153381948523,21.3,28.3,24.77916666666667,1.8872425379805093,30.8,20.7,0.0,761.03,208.9305208333333,255.50672716971323,17:00:00
2946,0.2536585365853658,403127,0.0,10583.31,2018-01-25,6703.03,11587.96,9361.735625,1596.196320817427,20.7,30.8,25.472916666666666,3.0016831862064675,28.9,21.8,0.0,1022.42,315.84458333333333,376.2905307919035,15:30:00
2947,0.2585365853658536,403127,0.0,9993.97,2018-01-26,6824.58,10583.31,9036.550000000001,1228.9351791122165,21.8,28.9,24.589583333333334,1.549638198451267,28.3,23.7,0.0,778.12,221.45927083333333,264.7229034292064,16:00:00
2948,0.2634146341463415,403127,0.0,10388.62,2018-01-27,6468.23,9993.97,8360.904375,1126.3130031116239,23.7,28.3,25.285416666666666,1.3784032673263273,29.6,24.0,0.0,718.53,226.00822916666667,272.5846640787892,16:00:00
2949,0.2682926829268293,403127,0.0,9973.81,2018-01-28,6539.61,10388.62,8623.958958333335,1299.8498312321346,24.0,29.6,26.116666666666664,1.7769605095449537,28.6,23.7,0.0,936.2,297.26989583333335,350.97654046820765,16:00:00
2950,0.2731707317073171,403127,0.0,11527.25,2018-01-29,6629.47,9973.81,8358.972708333333,1137.47245445767,23.7,28.6,25.670833333333334,1.4389651029041286,29.5,22.3,0.0,738.83,250.48000000000002,290.9506599119368,17:00:00
2951,0.2780487804878049,403127,0.0,11869.42,2018-01-30,6586.32,11527.25,9259.0675,1613.7101258972757,22.3,29.5,25.5,2.353449256783608,30.4,19.2,0.0,992.75,336.57958333333335,388.04075031651723,17:00:00
2952,0.2829268292682927,403127,214.36,8592.64,2018-01-31,6753.41,11869.42,9331.290208333334,1622.356132977772,19.2,30.4,24.972916666666666,3.631583652168161,21.4,17.8,0.0,1044.6,342.7483333333333,400.6094426877221,16:30:00
2953,0.2878048780487805,407706,0.0,8208.3,2018-02-01,6386.89,8592.64,7815.342916666667,686.1445877121172,17.8,21.4,19.53125,0.869374010545957,22.9,16.1,0.0,239.95,73.54239583333333,79.81144190881022,08:30:00
2954,0.2926829268292683,407706,446.8,8244.5,2018-02-02,6018.82,8208.3,7550.9608333333335,710.6540052710611,16.1,22.9,19.214583333333334,1.954154285523843,22.8,15.1,0.0,642.17,196.7909375,234.13248540056782,17:00:00
2955,0.2975609756097561,407706,0.0,7576.35,2018-02-03,6091.37,8244.5,7558.487083333333,681.0587260489965,15.1,22.8,19.120833333333334,2.4591088451015635,24.0,16.0,0.0,548.33,176.33270833333333,203.16754873371465,09:00:00
2956,0.3024390243902439,407706,0.0,8059.14,2018-02-04,5957.61,7576.35,7019.301041666667,503.0423844552931,16.0,24.0,19.472916666666666,2.5151235816964697,24.0,15.3,0.0,835.08,271.9146875,325.2943982329066,20:00:00
2957,0.3073170731707317,407706,0.0,9391.51,2018-02-05,5809.27,8059.14,6954.396250000001,663.57003112476,15.3,24.0,20.256249999999998,2.8736444537918246,26.5,14.4,0.0,931.03,298.61833333333334,351.8313685988529,18:00:00
2958,0.3121951219512195,407706,0.0,9596.72,2018-02-06,6011.28,9391.51,7949.361041666667,1023.3460862709767,14.4,26.5,20.943749999999998,3.98229626103311,27.5,17.3,0.0,1041.53,338.925,397.23631985469564,17:00:00
2959,0.3170731707317073,407706,0.0,10034.83,2018-02-07,6326.73,9596.72,8224.863541666668,998.810542854338,17.3,27.5,22.349999999999998,3.5114402694560325,27.5,17.6,0.0,987.55,311.5080208333333,367.8988770473507,16:30:00
2960,0.3219512195121951,407706,0.0,11230.99,2018-02-08,6349.21,10034.83,8421.662708333333,1113.992342157757,17.6,27.5,22.764583333333334,3.1206579764007714,29.5,16.1,0.0,1005.62,330.6984375,384.5074875362544,16:30:00
2961,0.3268292682926829,407706,0.0,11118.14,2018-02-09,6424.67,11230.99,8839.054583333333,1436.4863426800146,16.1,29.5,23.368750000000002,4.526994975769058,28.3,19.7,0.0,1025.82,341.7396875,397.4101259624035,17:00:00
2962,0.3317073170731707,407706,0.0,10453.83,2018-02-10,6745.72,11118.14,9088.977708333334,1346.6086845981133,19.7,28.3,23.672916666666666,2.6967860763961187,29.8,20.6,0.0,844.03,248.92385416666664,311.09752594343666,15:30:00
2963,0.3365853658536585,407706,0.0,9112.19,2018-02-11,6497.69,10453.83,8522.340416666668,1293.3603885277255,20.6,29.8,24.7,2.8555284192582464,28.1,20.9,0.0,996.42,306.2653125,373.18473991258486,17:30:00
2964,0.3414634146341463,407706,0.0,10824.9,2018-02-12,6317.4,9112.19,7824.958750000001,940.343628912698,20.9,28.1,23.235416666666666,1.6671404468440987,28.2,19.4,0.0,964.85,243.66614583333333,342.401778656085,16:00:00
2965,0.3463414634146341,407706,0.0,10929.95,2018-02-13,6330.33,10824.9,8811.228541666665,1415.165536217522,19.4,28.2,24.152083333333334,2.8151557595192873,27.8,21.5,0.0,976.9,288.38854166666664,363.4612836693222,16:00:00
2966,0.351219512195122,407706,0.0,12846.15,2018-02-14,6727.48,10929.95,9055.318125,1329.1340401044945,21.5,27.8,24.681250000000002,1.6220103431209938,38.5,21.8,0.0,890.38,277.3279166666667,336.4337680651327,16:00:00
2967,0.3560975609756098,407706,0.0,11025.83,2018-02-15,6723.44,12846.15,9745.825833333334,1940.3158749333672,21.8,38.5,28.53125,6.36008685374925,27.6,21.2,0.0,982.22,284.2914583333333,360.74776577500484,17:00:00
2968,0.3609756097560976,407706,0.0,9997.67,2018-02-16,6756.37,11025.83,9036.201875,1297.3339130688516,21.2,27.6,23.875,2.2561028345356955,29.7,16.5,0.0,980.72,299.52052083333336,366.80477144022916,17:00:00
2969,0.3658536585365854,407706,0.0,9406.39,2018-02-17,6703.97,9997.67,8582.759166666667,1026.0926812890903,16.5,29.7,22.647916666666664,3.460659731921333,27.8,20.4,0.0,970.35,280.97229166666665,336.31258618832425,16:00:00
2970,0.3707317073170731,407706,0.0,10494.67,2018-02-18,6342.13,9406.39,7980.711875,933.3546574055689,20.4,27.8,24.202083333333334,2.192005744608614,29.5,19.5,0.0,922.92,300.77010416666667,359.1511655492914,17:00:00
2971,0.375609756097561,407706,0.0,10201.6,2018-02-19,6308.83,10494.67,8250.160208333333,1384.041156634225,19.5,29.5,24.675,2.8958885014388853,27.5,19.6,0.0,955.6,290.61708333333337,359.82547186815697,17:30:00
2972,0.3804878048780488,407706,346.25,8565.5,2018-02-20,6440.83,10201.6,8680.440833333332,1257.7114308068733,19.6,27.5,24.102083333333336,2.0104503129878433,22.0,19.0,0.0,672.05,225.553125,270.1194461235051,16:00:00
2973,0.3853658536585366,407706,0.0,8796.22,2018-02-21,6273.66,8565.5,7813.634791666666,729.5295351902143,19.0,22.0,20.777083333333334,0.75123715929362,24.3,17.1,0.0,472.38,141.31958333333333,176.7575452987381,09:30:00
2974,0.3902439024390244,407706,0.0,9103.25,2018-02-22,6127.53,8796.22,7839.380625000001,824.0236961564035,17.1,24.3,20.189583333333335,2.338506486767245,25.9,17.0,0.0,789.95,250.28666666666666,305.7089718168095,16:30:00
2975,0.3951219512195121,407706,0.0,9969.74,2018-02-23,6159.98,9103.25,8073.973125,942.2701582476587,17.0,25.9,21.71666666666667,3.1381884822863326,27.7,16.0,0.0,674.53,200.53593750000002,246.15293066108026,17:00:00
2976,0.4,407706,0.0,10439.2,2018-02-24,6336.48,9969.74,8490.405416666666,1110.9950897759213,16.0,27.7,22.625,3.8894565610667966,33.2,19.4,0.0,799.83,247.91604166666664,304.32367258687617,16:30:00
2977,5.2,407706,0.0,8278.52,2018-02-25,6335.79,10439.2,8578.295833333334,1407.5305473709163,19.4,33.2,26.085416666666664,4.085052648601235,24.4,17.0,0.0,891.62,259.26916666666665,319.6508116485685,15:30:00
2978,41.0,407706,0.0,8563.3,2018-02-26,6582.16,8278.52,7526.032708333333,539.198463461175,17.0,24.4,20.587500000000002,2.307861218586445,22.1,16.6,0.0,236.7,57.63375,74.94779477047638,17:30:00
2979,4.8,407706,0.0,8727.44,2018-02-27,5884.23,8563.3,7726.061666666667,914.049448546769,16.6,22.1,19.04375,1.5088259843546654,23.9,14.5,0.0,378.55,101.36125,124.55133238736582,18:00:00
2980,0.0,407706,0.0,10096.73,2018-02-28,6051.89,8727.44,7777.53625,821.7812874083805,14.5,23.9,19.147916666666667,3.160729082558854,29.0,12.9,0.0,823.22,266.72999999999996,322.70665838161716,17:00:00
2981,0.0,412818,0.0,9225.75,2018-03-01,6057.91,10096.73,8126.143958333333,1187.8876930237093,12.9,29.0,22.0625,5.814568094679053,24.5,20.0,0.0,968.97,310.42375,373.8408728045334,17:00:00
2982,0.0,412818,0.0,9080.1,2018-03-02,6386.55,9225.75,8186.889791666667,913.2118873921999,20.0,24.5,22.275000000000002,1.229512963599642,25.0,18.8,0.0,798.35,239.30708333333334,289.0054032934357,16:00:00
2983,0.0,412818,0.0,9464.69,2018-03-03,6287.5,9080.1,8040.941666666667,868.934947550022,18.8,25.0,21.447916666666668,1.9530651941198163,28.1,18.2,0.0,739.97,227.59958333333336,277.019959406172,17:00:00
2984,0.0,412818,0.0,8572.68,2018-03-04,6147.82,9464.69,7897.154791666667,1046.2856094186482,18.2,28.1,23.102083333333336,3.2213707656724444,24.8,19.6,0.0,924.35,277.20416666666665,347.0850125403601,17:00:00
2985,0.0,412818,246.115,9126.72,2018-03-05,6149.94,8572.68,7515.274166666666,784.7019744282736,19.6,24.8,22.229166666666668,1.5291435975224732,24.0,18.1,0.0,627.6,166.97458333333333,220.71481274904033,17:00:00
2986,2.6,412818,0.0,8597.95,2018-03-06,6213.19,9126.72,8081.955625,1028.8589300482483,18.1,24.0,21.339583333333334,1.299711847497291,23.9,17.7,0.0,461.83,124.40833333333335,160.7999435347542,09:30:00
2987,5.4,412818,0.0,8500.78,2018-03-07,6051.6,8597.95,7752.150833333333,826.8016080047807,17.7,23.9,20.145833333333332,1.8282602279196771,24.0,17.1,0.0,640.65,185.33375,233.7047345032943,17:00:00
2988,0.0,412818,0.0,8690.82,2018-03-08,6016.45,8500.78,7727.272708333334,780.8414930789638,17.1,24.0,20.7,1.866388023782608,23.7,15.3,0.0,827.28,240.3395833333333,303.1910653311393,17:00:00
2989,0.0,412818,0.0,8551.52,2018-03-09,6052.85,8690.82,7796.606041666666,817.6978196800638,15.3,23.7,20.243750000000002,2.68620639326803,24.3,19.6,0.0,718.1,229.42291666666665,280.3419748458318,18:00:00
2990,1.6,412818,0.0,7935.95,2018-03-10,6228.82,8551.52,7814.734791666667,746.8892785014265,19.6,24.3,21.741666666666664,1.6083337926725543,26.0,17.1,0.0,694.62,200.0041666666667,251.51068115581296,16:00:00
2991,0.0,412818,0.0,8635.41,2018-03-11,6036.16,7935.95,7183.810208333333,568.0977764115835,17.1,26.0,21.102083333333333,2.3307828639461987,27.9,14.4,0.0,751.9,230.7904166666667,284.5431529285955,17:30:00
2992,0.0,412818,0.0,9188.33,2018-03-12,5833.65,8635.41,7117.465,836.7307080587577,14.4,27.9,20.804166666666667,4.266592558088666,26.8,14.4,0.0,920.05,282.78208333333333,349.488879395467,18:00:00
2993,0.0,412818,0.0,8798.78,2018-03-13,5833.62,9188.33,7829.73125,1044.9698651027566,14.4,26.8,20.916666666666668,3.9520171705487366,21.4,18.9,0.0,808.58,253.33791666666664,312.8786758402806,17:00:00
2994,6.8,412818,0.0,9428.68,2018-03-14,6222.67,8798.78,7944.178541666667,851.7724492629239,18.9,21.4,19.985416666666666,0.7808859080675231,26.3,18.3,0.0,471.83,121.125,158.84013583514607,17:00:00
2995,0.0,412818,0.0,10562.3,2018-03-15,6131.9,9428.68,8124.072291666666,1001.8784752616001,18.3,26.3,21.985416666666666,2.7597401653311198,33.6,18.3,0.0,770.65,228.51208333333332,294.1428224082492,17:00:00
2996,0.0,412818,0.0,9223.18,2018-03-16,6313.55,10562.3,8544.4475,1290.7029118068995,18.3,33.6,24.277083333333334,4.57217484370605,24.8,21.4,0.0,864.67,241.49041666666668,317.74383703254284,16:30:00
2997,0.0,412818,0.0,9958.65,2018-03-17,6378.63,9223.18,8191.562708333334,890.6012672364366,21.4,24.8,22.83125,0.9278564291912231,33.2,18.9,0.0,680.35,200.83666666666667,261.0958050530725,16:00:00
2998,0.0,412818,0.0,11615.92,2018-03-18,6102.5,9958.65,8021.379583333332,1194.2789291717631,18.9,33.2,24.491666666666664,4.618456651736772,38.8,17.4,0.0,862.38,256.3925,327.20721205571954,16:30:00
2999,0.0,412818,0.0,11144.14,2018-03-19,5946.84,11615.92,8494.922708333334,1961.931533479882,17.4,38.8,27.724999999999998,7.9658713511441235,30.8,20.0,0.0,849.45,259.1779166666667,325.81087851931034,17:30:00
3000,0.0,412818,0.0,9718.05,2018-03-20,6397.25,11144.14,8816.327916666667,1440.2870846761523,20.0,30.8,24.06458333333333,3.15402408167747,27.2,15.1,0.0,865.38,255.0,322.97035069933446,17:00:00
3001,7.6,412818,0.0,8586.81,2018-03-21,6396.14,9718.05,8278.19,996.6652239727224,15.1,27.2,21.597916666666666,3.474618582057624,20.9,17.7,0.0,728.65,188.67166666666665,257.0837728299518,16:00:00
3002,7.2,412818,0.0,8532.95,2018-03-22,6093.67,8586.81,7771.111250000001,835.879205544817,17.7,20.9,19.433333333333334,0.8205689083394111,22.3,17.7,0.0,250.12,66.95791666666666,86.2321563585663,17:00:00
3003,4.2,412818,340.96000000000004,8496.53,2018-03-23,5959.07,8532.95,7679.972083333333,815.9111274192987,17.7,22.3,19.595833333333335,1.1806882834580144,24.2,16.4,0.0,477.17,128.42875,174.33497469105828,18:00:00
3004,0.2,412818,0.0,8092.59,2018-03-24,5991.73,8496.53,7670.777291666666,799.8741698641818,16.4,24.2,20.650000000000002,1.979898987322332,26.0,15.0,0.0,428.88,123.62333333333333,164.51259653747965,09:30:00
3005,1.0,412818,0.0,8778.14,2018-03-25,5877.09,8092.59,7175.289791666666,659.2902795979148,15.0,26.0,20.097916666666666,3.570713593579846,32.0,17.7,0.0,802.2,213.295,280.48591334712376,18:30:00
3006,4.0,412818,0.0,8515.51,2018-03-26,5656.58,8778.14,7192.385833333334,1003.1152072309607,17.7,32.0,23.691666666666666,5.212498618126591,25.8,16.1,0.0,745.67,203.64874999999998,273.2037899150306,17:30:00
3007,0.0,412818,0.0,8539.55,2018-03-27,5761.31,8515.51,7480.434166666667,849.5414176141401,16.1,25.8,21.441666666666666,2.4961956870008044,23.9,11.1,0.0,857.72,240.29708333333335,317.96423218964475,18:00:00
3008,0.0,412818,0.0,9213.56,2018-03-28,5954.81,8539.55,7534.016458333333,741.5457923981231,11.1,23.9,18.04375,4.11984849184344,27.3,14.3,0.0,725.95,209.35,269.37993700664146,18:30:00
3009,0.0,412818,0.0,9370.27,2018-03-29,6002.55,9213.56,7869.575,935.4393338256015,14.3,27.3,21.006249999999998,4.149309414471433,27.5,16.1,0.0,817.28,237.6925,308.6348457492095,17:00:00
3010,0.0,412818,0.0,8840.91,2018-03-30,6216.02,9370.27,8103.739166666666,948.5477977723976,16.1,27.5,21.95625,3.87143968218103,29.1,17.9,0.0,801.85,236.295,305.1239895918839,17:00:00
3011,0.0,412818,0.0,8028.1,2018-03-31,5908.24,8840.91,7303.563541666666,854.859096809426,17.9,29.1,22.6875,3.37226642646512,24.0,18.6,0.0,827.45,239.43166666666664,310.63829578776836,16:30:00
3012,0.0,417558,0.0,8672.46,2018-04-01,5865.3,8028.1,7065.440625,613.0639458070725,18.6,24.0,21.76875,1.5273612692511596,30.0,16.5,0.0,496.1,146.92041666666668,188.27617889751275,18:30:00
3013,0.0,417558,0.0,8925.76,2018-04-02,5653.22,8672.46,7081.283541666667,953.6854421384262,16.5,30.0,23.006249999999998,4.510102430784716,33.1,17.6,0.0,811.75,238.66083333333333,309.47325120950984,18:30:00
3014,0.0,417558,0.0,9037.12,2018-04-03,5767.13,8925.76,7330.773958333334,1025.3158384609555,17.6,33.1,23.316666666666666,4.38169953102011,23.9,19.7,0.0,609.2,184.6783333333333,240.07846102298123,18:30:00
3015,0.0,417558,0.0,9136.8,2018-04-04,5890.04,9037.12,7788.817916666667,968.8662599535697,19.7,23.9,21.474999999999998,0.8866624006722932,24.0,18.2,0.0,656.3,173.48666666666668,233.242645881497,18:30:00
3016,0.0,417558,0.0,9621.92,2018-04-05,6009.38,9136.8,7860.884999999999,941.8106127685141,18.2,24.0,21.433333333333334,1.7985021348550074,27.9,16.2,0.0,575.33,158.25791666666666,208.79312918668413,18:30:00
3017,0.0,417558,0.0,9144.78,2018-04-06,6159.66,9621.92,8120.091458333333,1055.8715770818521,16.2,27.9,21.710416666666664,3.979000172893504,25.4,16.4,0.0,769.03,220.81041666666667,290.9980880573172,18:30:00
3018,0.0,417558,0.0,8831.19,2018-04-07,6097.7,9144.78,7939.941041666666,929.8631375986728,16.4,25.4,21.247916666666665,2.9015028815479766,28.3,16.7,0.0,768.7,213.99125,281.85478822285233,16:30:00
3019,0.0,417558,0.0,8997.08,2018-04-08,5985.48,8831.19,7450.608749999999,805.5567673978866,16.7,28.3,22.51875,3.681330486242192,28.0,17.8,0.0,779.35,218.36249999999998,290.90912204746274,18:30:00
3020,0.2,417558,0.0,9737.0,2018-04-09,5819.5,8997.08,7233.732916666667,946.4562428611714,17.8,28.0,22.066666666666666,3.2590517700270305,35.2,16.8,0.0,779.38,219.20125,291.05944803589085,18:30:00
3021,0.0,417558,0.0,9254.8,2018-04-10,5832.12,9737.0,7994.837083333333,1262.7811659729464,16.8,35.2,23.0125,5.428554331280066,24.3,17.8,0.0,773.75,218.44500000000002,290.34987811296344,15:00:00
3022,0.0,417558,0.0,9861.69,2018-04-11,6009.02,9254.8,7878.879791666666,942.6871310012008,17.8,24.3,20.829166666666666,1.803065750129701,28.4,15.9,0.0,630.05,170.25958333333332,233.00224715342574,18:30:00
3023,0.0,417558,0.0,10426.74,2018-04-12,6024.0,9861.69,8098.55,1161.0228087502396,15.9,28.4,22.150000000000002,3.7249589459396963,33.6,16.0,0.0,739.7,210.55041666666668,278.93237392271834,17:00:00
3024,0.0,417558,0.0,10255.5,2018-04-13,6074.3,10426.74,8365.200416666667,1356.1320835061447,16.0,33.6,24.96666666666667,6.484165109181027,31.9,21.2,0.0,749.22,212.36916666666664,282.38959709821245,17:00:00
3025,0.0,417558,0.0,8608.08,2018-04-14,6173.71,10255.5,8376.177708333335,1288.2976307585286,21.2,31.9,26.708333333333332,3.5198424368346166,30.5,21.1,0.0,733.95,201.42583333333334,269.0254781126853,16:30:00
3026,0.0,417558,0.0,8116.35,2018-04-15,6010.54,8608.08,7370.0975,754.953248916075,21.1,30.5,25.791666666666668,2.756256583594846,24.4,15.9,0.0,725.42,193.62125,267.3229741571683,18:30:00
3027,0.0,417558,0.0,9223.13,2018-04-16,5570.04,8116.35,6614.585,657.3578360310983,15.9,24.4,20.838790560471974,2.016481977822019,29.2,12.7,0.0,695.6,196.98875,263.78344188412217,18:30:00
3028,0.0,417558,0.0,8866.54,2018-04-17,5584.41,9223.13,7584.861666666667,1117.95829820283,12.7,29.2,21.47083333333333,5.437417970360302,21.8,14.9,0.0,723.7,204.47625000000002,274.0406178243532,18:30:00
3029,0.0,417558,0.0,8945.5,2018-04-18,6017.65,8866.54,7648.955208333333,792.0761053161003,14.9,21.8,18.8125,1.8112679231305608,23.7,13.6,0.0,460.92,126.48583333333335,174.01592213875554,18:30:00
3030,0.0,417558,0.0,9059.27,2018-04-19,5995.55,8945.5,7628.549791666667,811.922637278631,13.6,23.7,18.83125,2.293205157332641,26.1,11.9,0.0,587.4,146.70958333333334,203.96091678657075,18:30:00
3031,0.0,417558,0.0,8774.4,2018-04-20,6014.66,9059.27,7685.224375000001,851.0610282212713,11.9,26.1,18.33125,4.621142727333032,23.8,13.7,0.0,677.17,170.60583333333332,241.65248015318275,18:00:00
3032,0.0,417558,0.0,8060.04,2018-04-21,6063.4,8774.4,7637.569166666667,779.8301358515652,13.7,23.8,18.889583333333334,3.4836542066062846,23.0,13.8,0.0,665.62,175.0925,241.39773770291455,18:00:00
3033,0.0,417558,0.0,8401.93,2018-04-22,5807.82,8060.04,6995.332083333334,581.8921356686428,13.8,23.0,18.599999999999998,3.0447024100817233,22.8,11.7,0.0,574.0,151.73708333333335,207.9769039648427,18:30:00
3034,0.0,417558,0.0,9025.9,2018-04-23,5616.55,8401.93,6840.501458333333,716.0622642515547,11.7,22.8,17.51875,3.7576960035797398,24.7,12.4,0.0,553.65,153.775,207.46090222784503,18:30:00
3035,0.0,417558,0.0,8900.05,2018-04-24,5831.15,9025.9,7571.940416666667,914.005873224667,12.4,24.7,17.977083333333333,4.19646454963128,23.2,13.2,0.0,655.47,177.35958333333335,241.19530130835258,18:00:00
3036,0.0,417558,0.0,8230.89,2018-04-25,5933.96,8900.05,7608.297916666666,807.7928727592698,13.2,23.2,17.65625,3.5983392298067116,23.8,13.2,0.0,680.25,186.38250000000002,254.6014945427545,18:30:00
3037,0.0,417558,0.0,8957.48,2018-04-26,5876.05,8230.89,6936.665416666667,609.3412226678715,13.2,23.8,18.185416666666665,3.4622578774448716,23.4,14.8,0.0,445.42,111.60125000000001,156.45392841501092,18:30:00
3038,0.4,417558,0.0,8700.57,2018-04-27,5796.06,8957.48,7523.911666666667,861.0377086099222,14.8,23.4,19.23125,2.4835763720378514,20.1,15.4,0.0,614.2,146.18416666666667,208.25562807222968,18:30:00
3039,5.6,417558,0.0,8271.38,2018-04-28,5969.89,8700.57,7491.554166666666,720.2272605842212,15.4,20.1,17.627083333333335,1.4944919557072769,19.7,14.2,0.0,471.02,118.62958333333334,166.48339277867717,18:00:00
3040,0.4,417558,0.0,8569.43,2018-04-29,5856.27,8271.38,7093.247708333333,611.8976769322318,14.2,19.7,16.370833333333334,1.7260159922995382,20.7,12.5,0.0,506.95,133.08458333333334,188.19762682450565,18:00:00
3041,4.4,417558,0.0,9336.55,2018-04-30,5740.88,8569.43,6933.772916666666,742.2505544051265,12.5,20.7,16.335416666666667,2.9113490024702298,20.8,11.0,0.0,473.52,118.88333333333333,168.02023047624587,18:30:00
3042,0.0,423219,0.0,9255.74,2018-05-01,5859.93,9336.55,7643.240000000001,938.0022931696324,11.0,20.8,15.179166666666667,3.183398313547182,24.6,9.8,0.0,478.35,118.35208333333333,169.27300346467052,18:30:00
3043,0.2,423219,0.0,9216.25,2018-05-02,6054.81,9255.74,7722.610000000001,807.6246558469567,9.8,24.6,15.860416666666666,4.8730146894012725,22.7,10.1,0.0,660.42,178.76083333333335,246.8290513142548,18:00:00
3044,0.0,423219,0.0,9197.55,2018-05-03,6057.21,9216.25,7773.293125,816.8253765911161,10.1,22.7,15.804166666666667,4.206274863457018,27.3,10.5,0.0,481.23,103.74791666666665,157.26935904186718,18:00:00
3045,0.0,423219,0.0,8809.01,2018-05-04,6063.24,9197.55,7701.760625,786.984985942935,10.5,27.3,18.702083333333334,5.703693823036992,26.6,14.9,0.0,648.9,170.73375,238.39776909855973,18:00:00
3046,0.0,423219,0.0,8334.63,2018-05-05,5882.3,8809.01,7556.114375,791.4920127791673,14.9,26.6,20.533333333333335,3.5064884133428693,23.4,7.3,0.0,536.83,128.44916666666668,181.92803014803988,18:00:00
3047,0.0,423219,0.0,8633.61,2018-05-06,5914.03,8334.63,7066.819791666666,629.2901799393026,7.3,23.4,13.933333333333332,5.2533002123015375,22.7,6.0,0.0,669.67,177.62249999999997,248.2454706921134,18:30:00
3048,0.0,423219,0.0,9283.64,2018-05-07,5898.97,8633.61,7010.672083333334,704.2387830750706,6.0,22.7,13.689583333333333,5.699430340452785,24.9,8.4,0.0,647.08,172.3529166666667,239.64427035875516,18:30:00
3049,0.0,423219,0.0,9241.59,2018-05-08,5879.64,9283.64,7633.382291666666,922.2861303287416,8.4,24.9,16.185416666666665,5.784240864269616,26.4,9.7,0.0,643.2,171.35958333333335,239.17910402447447,18:00:00
3050,0.0,423219,0.0,9105.73,2018-05-09,6173.06,9241.59,7809.73,797.3250125075804,9.7,26.4,15.791666666666666,5.4756650556273465,25.1,9.7,0.0,508.8,112.01041666666667,163.28383753723614,18:00:00
3051,0.0,423219,0.0,9374.68,2018-05-10,6134.82,9105.73,7675.172708333333,754.4546787475031,9.7,25.1,16.275000000000002,5.372526645182086,25.4,9.3,0.0,613.12,161.6575,228.48934595023454,18:00:00
3052,0.0,423219,0.0,9922.69,2018-05-11,5902.4,9374.68,7758.980625,923.1552285375401,9.3,25.4,15.504166666666668,5.661101251160105,16.2,9.0,0.0,605.35,138.21041666666667,201.916143432233,18:00:00
3053,1.0,423219,0.0,9246.34,2018-05-12,6207.76,9922.69,8103.639583333334,1003.2507259477641,9.0,16.2,12.683333333333332,2.105245054046833,16.9,10.5,0.0,570.95,151.10833333333332,216.68404690547322,18:30:00
3054,0.2,423219,0.0,9128.53,2018-05-13,6081.36,9246.34,7742.697291666667,828.8358897894968,10.5,16.9,14.254166666666668,1.9889009403071358,17.8,13.1,0.0,348.3,82.03666666666668,120.91277630490032,18:00:00
3055,0.0,423219,0.0,9941.84,2018-05-14,5989.66,9128.53,7490.80125,870.9876409769397,13.1,17.8,15.13125,1.2447602947914753,18.8,13.5,0.0,407.92,92.0075,136.9310811934548,18:00:00
3056,0.0,423219,0.0,9920.77,2018-05-15,6132.96,9941.84,8021.793125,1053.0409120119107,13.5,18.8,15.945833333333333,1.5465759480609305,19.3,9.6,0.0,478.02,115.96541666666667,169.10377298920446,18:30:00
3057,0.2,423219,0.0,10170.39,2018-05-16,6514.83,9920.77,8172.905416666667,906.8338539301806,9.6,19.3,14.1625,3.005429483947132,17.4,9.2,0.0,590.9,152.60375000000002,218.74297184697568,18:00:00
3058,0.0,423219,0.0,9988.66,2018-05-17,6459.65,10170.39,8311.957083333333,971.8404471752451,9.2,17.4,13.583333333333334,2.813518531096373,20.1,6.5,0.0,439.48,109.26208333333334,156.3618461169453,18:00:00
3059,0.0,423219,0.0,9718.34,2018-05-18,6706.17,9988.66,8354.499791666667,896.4807842525119,6.5,20.1,12.879166666666668,4.382846560356774,19.7,5.3,0.0,573.67,146.34416666666667,211.73949056874594,18:00:00
3060,0.0,423219,0.0,9083.66,2018-05-19,6672.38,9718.34,8289.457708333333,830.8364155507844,5.3,19.7,11.731250000000001,4.937703672071816,19.3,6.1,0.0,584.95,147.55083333333332,213.01848708687265,18:00:00
3061,0.0,423219,0.0,9371.87,2018-05-20,6508.94,9083.66,7757.176666666666,692.1806976331301,6.1,19.3,12.21875,4.537158931557585,21.1,5.9,0.0,577.3,145.30375,209.95967077669837,18:00:00
3062,0.0,423219,0.0,9896.04,2018-05-21,6165.11,9371.87,7512.299583333333,910.2261282498756,5.9,21.1,12.03125,5.114108821931071,18.9,6.7,0.0,596.47,151.04541666666668,217.47790458282788,18:30:00
3063,0.0,423219,0.0,9785.6,2018-05-22,6086.05,9896.04,8008.9297916666665,1058.564867095489,6.7,18.9,14.114583333333334,4.114500140554061,23.6,6.2,0.0,580.53,149.07833333333335,214.8303204370324,18:00:00
3064,0.0,423219,0.0,9699.16,2018-05-23,6279.05,9785.6,8076.644375,926.8885218147553,6.2,23.6,15.077083333333334,6.144544010688732,21.6,9.6,0.0,568.25,143.94333333333333,207.93260549262192,18:30:00
3065,0.0,423219,0.0,9895.89,2018-05-24,6403.56,9699.16,8103.949166666666,857.8198762593893,9.6,21.6,15.822916666666666,3.365484352820263,19.4,6.9,0.0,526.95,134.8525,194.5164650472244,18:00:00
3066,0.0,423219,0.0,9699.01,2018-05-25,6434.78,9895.89,8238.980625,912.6967872293345,6.9,19.4,13.99375,4.34709030834835,18.5,8.4,0.0,478.23,118.68625000000002,172.42933145574915,18:00:00
3067,0.0,423219,0.0,9022.4,2018-05-26,6363.74,9699.01,8160.068125000001,875.9745513296953,8.4,18.5,14.21875,3.165952933750502,20.8,7.1,0.0,526.42,114.22333333333334,170.1883180458952,18:00:00
3068,0.0,423219,0.0,9343.0,2018-05-27,6347.13,9022.4,7637.1525,728.7749483003737,7.1,20.8,12.685416666666667,4.676149970445697,21.7,6.7,0.0,557.7,139.92875,203.38594597385745,18:00:00
3069,0.0,423219,0.0,10167.58,2018-05-28,6116.05,9343.0,7501.490208333334,878.6719145040729,6.7,21.7,13.081249999999999,4.883478715188807,21.9,8.7,0.0,555.05,130.02833333333334,193.84222170427216,18:30:00
3070,0.0,423219,0.0,9886.95,2018-05-29,6181.49,10167.58,8205.24,1107.5702620774432,8.7,21.9,13.612499999999999,3.898970131343196,24.5,8.2,0.0,431.77,98.52083333333333,143.72179036557586,18:00:00
3071,8.6,423219,0.0,10668.44,2018-05-30,6464.56,9886.95,8227.785208333333,898.7252978382343,8.2,24.5,15.7875,5.6475799750395845,17.9,7.9,0.0,551.38,137.99875,200.39836722298492,18:00:00
3072,1.2,423219,0.0,10794.47,2018-05-31,6428.53,10668.44,8456.064375,1140.1807621095477,7.9,17.9,13.229166666666666,2.3535358942819964,17.4,4.6,0.0,476.55,105.12666666666667,158.4581427492639,18:30:00
3073,0.0,427863,0.0,10714.9,2018-06-01,6554.32,10794.47,8699.591041666667,1186.795955206554,4.6,17.4,11.429166666666667,4.29204897422701,16.1,11.1,0.0,517.08,122.18958333333335,182.95357140610358,18:00:00
3074,0.0,427863,0.0,10088.39,2018-06-02,6778.71,10714.9,8867.65,1055.245785708391,11.1,16.1,13.341666666666667,1.4538040099307685,16.7,10.2,0.0,297.33,77.21208333333333,111.12372919998705,18:00:00
3075,0.0,427863,0.0,9723.19,2018-06-03,6607.99,10088.39,8365.387499999999,909.8267112688528,10.2,16.7,14.027083333333332,1.932118183175883,17.8,11.6,0.0,177.32,41.20041666666666,61.4132533935134,18:00:00
3076,0.0,427863,0.0,10766.64,2018-06-04,6178.99,9723.19,7767.153958333333,962.9035328601908,11.6,17.8,15.010416666666666,1.6929440029614453,18.2,7.8,0.0,360.98,87.48291666666667,128.8065633851757,18:00:00
3077,0.0,427863,0.0,10855.27,2018-06-05,6309.7,10766.64,8496.377708333333,1237.3904784327021,7.8,18.2,13.50625,3.085960400871125,14.6,9.5,0.0,368.2,87.2625,131.94756734271223,18:00:00
3078,23.6,427863,0.0,10990.02,2018-06-06,6603.74,10855.27,8821.116458333334,1170.6381890115736,9.5,14.6,12.489583333333334,1.4271291795193117,17.0,10.3,0.0,262.12,59.21875,89.8396768214522,18:30:00
3079,11.0,427863,0.0,10139.44,2018-06-07,6507.0,10990.02,8775.987916666667,1195.750093523529,10.3,17.0,12.770833333333334,1.7709185419633224,19.3,7.7,0.0,292.9,66.54291666666667,98.80913891336883,18:00:00
3080,0.0,427863,0.0,10520.75,2018-06-08,6632.7,10139.44,8516.525416666665,1001.5540484559712,7.7,19.3,12.299999999999999,3.846744962758855,16.8,7.7,0.0,491.8,114.20166666666667,171.04823232722845,18:30:00
3081,7.2,427863,0.0,9769.24,2018-06-09,6540.67,10520.75,8718.008541666666,1093.5422384821895,7.7,16.8,11.777083333333332,2.954350530444481,15.6,9.1,0.0,249.55,53.66416666666667,79.5683687575508,18:00:00
3082,1.8,427863,0.0,9622.74,2018-06-10,6340.19,9769.24,8180.707708333332,955.1157185861729,9.1,15.6,12.46875,1.7399139438244908,17.0,9.2,0.0,244.25,47.763749999999995,75.14767972876488,18:00:00
3083,0.0,427863,0.0,10003.24,2018-06-11,6184.48,9622.74,7826.3533333333335,978.3116754428522,9.2,17.0,12.7125,2.5822326641716264,17.4,8.2,0.0,381.38,74.47833333333334,113.38255088901153,18:00:00
3084,0.2,427863,0.0,10939.69,2018-06-12,6199.01,10003.24,7791.624374999999,1068.92262947505,8.2,17.4,12.379166666666668,3.072663155187731,18.0,5.1,0.0,444.75,94.16833333333334,143.12439454237202,18:00:00
3085,0.4,427863,0.0,10751.04,2018-06-13,6489.47,10939.69,8880.483541666666,1257.2820963160882,5.1,18.0,10.731250000000001,3.9386333222081626,19.2,5.7,0.0,322.7,84.43458333333334,120.68581612897312,18:30:00
3086,0.2,427863,0.0,10768.81,2018-06-14,6623.69,10751.04,8738.977291666666,1121.6947775381402,5.7,19.2,11.25,4.603051716674818,18.7,4.5,0.0,442.65,100.61874999999999,150.64591079005748,18:30:00
3087,0.0,427863,0.0,10424.83,2018-06-15,6754.49,10768.81,8765.071666666667,1161.7431541370916,4.5,18.7,10.760416666666666,5.225662518653997,19.4,6.0,0.0,531.17,129.05625,189.99255915021203,19:00:00
3088,0.0,427863,0.0,10212.27,2018-06-16,6728.14,10424.83,8684.00125,1028.0663497725118,6.0,19.4,13.283333333333333,4.417245378919835,17.9,4.0,0.0,535.9,131.8345833333333,194.5374441336049,18:00:00
3089,0.0,427863,0.0,10885.62,2018-06-17,6605.74,10212.27,8287.149374999999,980.7333863143002,4.0,17.9,10.9,4.929848299422523,15.2,6.5,0.0,537.1,132.50583333333333,195.4460802101274,18:00:00
3090,0.0,427863,0.0,11795.35,2018-06-18,6410.18,10885.62,8389.8575,1275.2792718968617,6.5,15.2,11.058333333333332,2.4895383946506464,16.7,10.1,0.0,527.92,127.91125,190.05073117376014,18:30:00
3091,5.0,427863,0.0,12076.7,2018-06-19,6655.37,11795.35,9345.757083333334,1477.9520929413138,10.1,16.7,12.327083333333334,1.9783659261088808,14.8,8.8,0.0,245.62,51.372083333333336,81.20243984669881,18:00:00
3092,11.0,427863,0.0,11133.04,2018-06-20,7129.3,12076.7,9664.743541666667,1358.3030891402848,8.8,14.8,11.575000000000001,1.538236071858269,17.0,10.6,0.0,191.48,48.69375,71.64028795292998,18:30:00
3093,0.6,427863,0.0,11167.63,2018-06-21,6919.76,11133.04,9051.120208333334,1138.395160755645,10.6,17.0,13.558333333333332,1.9062978862721514,16.4,7.6,0.0,418.3,103.01333333333334,152.25740892895448,18:30:00
3094,0.4,427863,0.0,10835.56,2018-06-22,7083.22,11167.63,9227.558958333333,1151.4712761492426,7.6,16.4,11.768749999999999,2.2790588062955264,18.9,4.9,0.0,284.42,65.59916666666668,99.54310121929403,18:30:00
3095,0.2,427863,0.0,10336.36,2018-06-23,7237.5,10835.56,9129.924791666666,1065.7792895840757,4.9,18.9,10.5875,4.431301859523086,19.4,3.9,0.0,516.4,124.14,186.1502056079239,18:00:00
3096,0.0,427863,0.0,10897.5,2018-06-24,7100.66,10336.36,8622.620208333334,967.7445720509104,3.9,19.4,10.375,4.785994638614952,15.8,3.9,0.0,536.2,134.27208333333334,197.18144545773424,18:30:00
3097,0.0,427863,0.0,11878.35,2018-06-25,6970.28,10897.5,8574.635833333334,1148.5358762073838,3.9,15.8,9.647916666666667,4.112564535267208,16.7,4.3,0.0,472.58,114.27458333333334,169.764555647161,18:30:00
3098,0.0,427863,0.0,11586.08,2018-06-26,7053.41,11878.35,9321.617916666666,1416.1049701414788,4.3,16.7,9.041666666666666,4.204143515037928,16.6,3.3,0.0,519.38,128.00666666666666,189.84518394569795,18:30:00
3099,0.2,427863,0.0,11352.86,2018-06-27,7342.5,11586.08,9426.252291666666,1235.7783317480682,3.3,16.6,9.525,4.474442791887314,17.2,6.8,0.0,463.27,105.81083333333333,159.00639774139609,18:30:00
3100,2.4,427863,0.0,11418.26,2018-06-28,7098.72,11352.86,9338.47,1150.6641935467699,6.8,17.2,11.777083333333332,2.9716561456916497,18.5,7.6,0.0,360.1,76.92333333333333,118.50070213156441,18:00:00
3101,7.0,427863,0.0,11240.11,2018-06-29,6972.08,11418.26,9250.490416666666,1245.0551749287436,7.6,18.5,12.372916666666667,3.019844971597428,14.8,5.7,0.0,463.55,100.95375,156.8277029387428,18:00:00
3102,0.0,427863,0.0,10214.55,2018-06-30,7053.97,11240.11,9243.001458333334,1168.6054513948422,5.7,14.8,9.302083333333334,3.1453775326175135,19.0,2.8,0.0,497.88,121.3875,180.68890233969378,18:00:00
3103,0.0,433253,0.0,10829.9,2018-07-01,6781.34,10214.55,8446.427083333334,998.9314806948606,2.8,19.0,10.512500000000001,5.448467479240416,16.6,3.4,0.0,539.53,134.78458333333333,197.95129564003204,18:30:00
3104,0.2,433253,0.0,11482.31,2018-07-02,6824.25,10829.9,8521.646458333335,1126.0244738723618,3.4,16.6,9.816666666666666,4.329332577589285,17.0,8.4,0.0,507.42,120.02625,178.88175135422057,18:30:00
3105,4.0,433253,0.0,11080.62,2018-07-03,6735.89,11482.31,9124.665208333334,1334.9742998051993,8.4,17.0,12.258333333333333,2.3520776993003647,18.2,6.2,0.0,333.2,73.31458333333333,112.0462409047556,18:00:00
3106,0.2,433253,0.0,10508.0,2018-07-04,6976.84,11080.62,9056.827916666667,1145.1763943620567,6.2,18.2,11.075000000000001,3.861346915261565,19.3,5.1,0.0,373.17,91.55458333333333,131.94468667731903,18:30:00
3107,0.2,433253,464.85,9881.44,2018-07-05,6898.95,10508.0,8785.534166666666,1044.7479483320235,5.1,19.3,11.979166666666666,4.9193044973439735,24.1,7.9,0.0,462.52,110.39833333333333,161.11187208897482,18:30:00
3108,0.2,433253,0.0,9433.05,2018-07-06,6732.23,9881.44,8407.307708333334,878.4845443735178,7.9,24.1,15.36875,5.915366079209623,24.5,7.7,0.0,527.83,132.64208333333332,194.11404410818776,08:00:00
3109,0.0,433253,0.0,10187.54,2018-07-07,6370.07,9433.05,8119.052500000001,813.822333639098,7.7,24.5,17.854166666666668,4.448138904790639,17.2,3.7,0.0,435.67,111.1925,160.59617682116368,18:00:00
3110,0.0,433253,0.0,10219.45,2018-07-08,6365.28,10187.54,8143.96125,1034.226951231558,3.7,17.2,10.5875,4.403703711988208,16.9,7.7,0.0,545.08,128.89208333333332,192.36877530010162,18:30:00
3111,0.0,433253,0.0,11278.72,2018-07-09,6475.1,10219.45,8045.987708333333,1053.5234086872879,7.7,16.9,12.804166666666667,2.710339409799456,15.9,5.8,0.0,544.55,137.24666666666667,199.59815503382742,18:30:00
3112,0.0,433253,0.0,11322.89,2018-07-10,6541.05,11278.72,8873.06875,1376.2435694288076,5.8,15.9,10.9625,3.233114893549813,16.7,5.3,0.0,499.42,112.8125,170.5670519491918,18:30:00
3113,0.0,433253,0.0,11180.67,2018-07-11,7242.0,11322.89,9200.728333333333,1164.7201641912786,5.3,16.7,9.629166666666666,4.028249096089,17.8,3.7,0.0,522.9,130.39458333333334,191.86158495853573,18:30:00
3114,0.0,433253,0.0,11162.12,2018-07-12,7311.55,11180.67,9244.1725,1100.3465450281205,3.7,17.8,9.28125,4.685952581465659,18.5,3.4,0.0,531.8,125.62875000000001,186.5333702861747,18:30:00
3115,0.0,433253,0.0,11012.55,2018-07-13,7300.89,11162.12,9210.159375000001,1115.7426647913803,3.4,18.5,9.262500000000001,5.1989207145084135,17.1,3.5,0.0,547.53,129.99875,192.74470948806427,19:00:00
3116,0.0,433253,0.0,10560.21,2018-07-14,7245.07,11012.55,9139.74625,1107.7373696531442,3.5,17.1,9.887500000000001,4.87174332028314,16.6,4.1,0.0,547.72,137.57083333333335,201.17986863229584,18:30:00
3117,0.0,433253,0.0,11098.56,2018-07-15,7112.22,10560.21,8691.178333333333,1051.7449330058814,4.1,16.6,8.991666666666667,3.88158956983508,17.4,1.5,0.0,562.75,139.90125,204.72625751595558,18:30:00
3118,0.0,433253,0.0,11913.16,2018-07-16,6952.66,11098.56,8678.64875,1246.4412442999558,1.5,17.4,7.070833333333333,5.492314101032202,17.2,-1.3,0.0,582.3,150.23749999999998,216.9740499534253,18:30:00
3119,0.0,433253,0.0,10715.61,2018-07-17,7240.32,11913.16,9530.897291666666,1362.0058147542636,-1.3,17.2,7.304166666666667,6.563274945801402,22.0,1.6,0.0,577.62,146.56708333333333,213.2414741126538,19:00:00
3120,0.0,433253,0.0,10355.71,2018-07-18,7286.77,10715.61,8968.021666666666,1038.0273016545086,1.6,22.0,12.770833333333334,7.464353824289441,20.6,3.9,0.0,572.7,147.83416666666668,212.6249708902962,19:00:00
3121,0.0,433253,0.0,10584.04,2018-07-19,6833.81,10355.71,8547.354583333334,1017.5915907315078,3.9,20.6,12.387500000000001,5.5480732710803835,20.8,0.2,0.0,579.47,149.63666666666666,213.91838424107462,18:30:00
3122,0.0,433253,0.0,10825.11,2018-07-20,6958.22,10584.04,8857.242708333333,1045.3542032935893,0.2,20.8,9.633333333333333,6.90788428161814,19.5,3.3,0.0,424.5,118.17750000000001,165.31345880387997,19:00:00
3123,0.0,433253,0.0,10413.54,2018-07-21,6875.49,10825.11,8857.6825,1109.453458652963,3.3,19.5,11.758333333333333,4.634047600437501,17.2,3.9,0.0,518.12,130.75791666666666,186.96068438064194,18:30:00
3124,0.0,433253,0.0,10949.82,2018-07-22,6939.23,10413.54,8442.094166666668,1036.4304400073167,3.9,17.2,10.552083333333334,3.9202143657916033,16.8,1.5,0.0,590.0,152.71041666666667,219.2820403984605,18:30:00
3125,0.0,433253,0.0,11399.35,2018-07-23,6912.4,10949.82,8530.115833333333,1188.9532047961495,1.5,16.8,8.206249999999999,5.338794439180984,19.4,0.6,0.0,585.58,151.08625,217.06473708222273,18:30:00
3126,0.0,433253,0.0,10155.05,2018-07-24,7000.87,11399.35,9129.240416666666,1285.443174683442,0.6,19.4,9.768749999999999,6.516400136937638,23.4,6.2,0.0,593.78,154.60416666666666,221.4300988529206,19:00:00
3127,0.0,433253,0.0,10076.62,2018-07-25,6794.66,10155.05,8487.225,1001.0367661855978,6.2,23.4,15.74375,5.465711541928871,22.1,3.8,0.0,599.28,156.13791666666665,222.3828611035226,19:00:00
3128,0.0,433253,0.0,10355.07,2018-07-26,6702.85,10076.62,8417.315208333333,993.8659684390202,3.8,22.1,12.495833333333332,6.603479364419339,19.6,3.6,0.0,583.25,151.83666666666667,216.2273753023466,18:30:00
3129,0.0,433253,533.6,10315.53,2018-07-27,6872.79,10355.07,8636.222708333333,1044.5492758871353,3.6,19.6,10.18125,5.256754773116286,20.6,3.3,0.0,583.17,151.13166666666666,216.01326370656759,19:00:00
3130,0.0,433253,0.0,9590.83,2018-07-28,6936.12,10315.53,8609.387083333333,984.9600535975054,3.3,20.6,10.362499999999999,5.9517429951948575,21.0,3.8,0.0,587.3,154.08166666666668,219.32823325436758,08:00:00
3131,0.2,433253,0.0,9137.13,2018-07-29,6728.15,9590.83,8144.420416666667,792.0453580498612,3.8,21.0,12.302083333333334,6.034492683760136,24.8,11.6,0.0,574.8,129.00166666666667,192.34355014470717,18:30:00
3132,0.0,433253,0.0,10649.38,2018-07-30,6082.04,9137.13,7424.727083333334,819.8038662840587,11.6,24.8,17.575,4.2308643048386045,18.9,6.1,0.0,556.5,142.01666666666668,204.2531765224314,18:30:00
3133,0.0,433253,0.0,10517.81,2018-07-31,6260.7,10649.38,8374.470625,1266.412021984654,6.1,18.9,12.204166666666666,3.8676485975019577,20.7,2.0,0.0,622.47,164.90041666666667,232.6643690886933,19:00:00
3134,0.0,439044,0.0,10220.43,2018-08-01,6920.05,10517.81,8666.512291666668,1070.1174838867773,2.0,20.7,10.379166666666666,6.610564025678039,20.5,4.0,0.0,595.17,143.88916666666665,207.37446121749954,18:30:00
3135,0.0,439044,0.0,10518.93,2018-08-02,6706.04,10220.43,8434.197083333334,1035.706442437337,4.0,20.5,12.722916666666668,5.4804581103490575,18.3,4.9,0.0,612.65,161.25833333333333,228.48990923604265,19:00:00
3136,0.0,439044,519.03,9978.08,2018-08-03,6955.83,10518.93,8654.12875,1049.923200501635,4.9,18.3,11.69375,4.44394908956418,22.6,4.8,0.0,552.88,147.04,207.03145745401085,19:00:00
3137,0.0,439044,0.0,9471.57,2018-08-04,6912.47,9978.08,8360.271458333335,810.8164091827174,4.8,22.6,14.09375,6.410941652545312,19.3,5.1,0.0,615.17,159.90333333333334,225.15347333927042,08:00:00
3138,0.0,439044,0.0,9531.06,2018-08-05,6340.68,9471.57,7745.9454166666665,881.9241780671375,5.1,19.3,12.752083333333333,4.332410737847744,19.9,2.4,0.0,640.2,163.31041666666667,232.070864518434,18:30:00
3139,0.2,439044,0.0,10786.16,2018-08-06,6455.79,9531.06,7651.267500000001,890.7225227427887,2.4,19.9,11.477083333333333,6.295193694596082,18.5,6.5,0.0,626.9,168.70624999999998,236.07232344405935,18:30:00
3140,1.8,439044,0.0,10947.03,2018-08-07,6279.93,10786.16,8598.994791666666,1271.601621465956,6.5,18.5,12.572916666666666,3.5160870165286595,16.5,5.3,0.0,396.95,73.85833333333333,119.63765500474946,18:30:00
3141,0.0,439044,0.0,10582.37,2018-08-08,6704.34,10947.03,8631.423333333334,1160.112352831789,5.3,16.5,12.470833333333333,3.2148563604677136,19.0,2.5,0.0,624.0,164.19458333333333,227.0110642111762,19:00:00
3142,0.0,439044,0.0,10504.59,2018-08-09,6784.16,10582.37,8682.766875,1072.28748602498,2.5,19.0,10.88125,5.784155034928187,18.7,3.7,0.0,573.67,147.84083333333334,205.07299861510998,18:30:00
3143,0.0,439044,595.83,10258.27,2018-08-10,6861.94,10504.59,8613.982291666667,1070.9753021790993,3.7,18.7,10.879166666666668,5.204742450076775,22.3,4.2,0.0,645.67,175.35708333333332,242.89520757873413,19:00:00
3144,0.0,439044,0.0,8723.98,2018-08-11,6980.77,10258.27,8426.666875,906.3805373493915,4.2,22.3,13.0,6.2813807941288715,25.3,10.6,0.0,668.4,181.13458333333335,250.52536903397618,08:00:00
3145,0.0,439044,0.0,10121.89,2018-08-12,6395.1,8723.98,7536.940208333333,666.874333530113,10.6,25.3,17.779166666666665,4.956790242036283,15.7,7.0,0.0,639.4,174.3529166666667,241.92428059919854,18:30:00
3146,0.0,439044,0.0,10594.43,2018-08-13,6205.48,10121.89,7739.166875,1148.0424281565004,7.0,15.7,11.789583333333333,2.4252430966841625,18.9,7.2,0.0,662.08,175.67708333333334,243.74796238937387,18:30:00
3147,0.0,439044,0.0,10080.06,2018-08-14,6555.95,10594.43,8466.103541666665,1162.7765781176984,7.2,18.9,12.985416666666666,3.911956009810825,22.1,5.5,0.0,666.2,177.025,245.77925237687606,18:30:00
3148,0.0,439044,616.25,9530.18,2018-08-15,6812.66,10080.06,8374.774791666667,973.0267523120054,5.5,22.1,12.495833333333332,5.160816294220814,24.9,5.7,0.0,678.67,186.23958333333334,255.43577398790765,19:00:00
3149,0.0,439044,0.0,9710.92,2018-08-16,6675.61,9530.18,8079.695625,810.0853241188814,5.7,24.9,16.704166666666666,6.432264362003091,20.6,7.5,0.0,693.33,187.59416666666667,257.46870107103445,08:00:00
3150,0.0,439044,0.0,9991.76,2018-08-17,6347.53,9710.92,7990.4425,931.0459897832592,7.5,20.6,15.479166666666666,3.9173894006483514,17.2,2.6,0.0,665.95,183.86291666666668,250.23671792888968,19:00:00
3151,0.0,439044,0.0,9426.56,2018-08-18,6782.44,9991.76,8394.615625,956.5725588385892,2.6,17.2,10.283333333333333,5.123177759419433,22.0,1.7,0.0,693.22,186.14499999999998,257.05144072278523,18:30:00
3152,0.0,439044,0.0,10696.99,2018-08-19,6612.95,9426.56,7859.005416666667,795.2880227058611,1.7,22.0,11.060416666666667,6.76561203481797,15.8,6.7,0.0,692.2,187.25958333333332,257.66560507187745,18:30:00
3153,0.0,439044,0.0,11258.34,2018-08-20,6328.53,10696.99,7939.8360416666665,1236.9658880756253,6.7,15.8,11.74375,2.2861196567779185,14.8,5.1,0.0,691.45,189.7179166666667,258.600822319029,18:30:00
3154,0.2,439044,0.0,10930.39,2018-08-21,6731.01,11258.34,8768.772500000001,1271.1781728765927,5.1,14.8,9.652083333333334,3.1218508955721123,16.8,4.4,0.0,594.62,168.2325,227.97129461189033,19:00:00
3155,0.0,439044,0.0,10750.3,2018-08-22,6921.48,10930.39,8763.011041666667,1113.6953271806424,4.4,16.8,11.508333333333333,4.049945275875793,16.5,5.2,0.0,703.53,194.5275,264.71098637265317,18:30:00
3156,0.0,439044,0.0,10729.04,2018-08-23,6839.36,10750.3,8689.187291666667,1058.110341651347,5.2,16.5,10.672916666666666,3.7164808098427033,16.6,3.3,0.0,604.78,163.04666666666665,222.2879276527221,19:00:00
3157,4.4,439044,0.0,9852.55,2018-08-24,6853.85,10729.04,8713.97375,1025.0036176202377,3.3,16.6,10.825000000000001,4.634261859101555,16.9,8.1,0.0,486.83,130.48,176.8988400097878,18:30:00
3158,0.2,439044,0.0,9462.7,2018-08-25,6845.02,9852.55,8446.080416666666,838.0969049209763,8.1,16.9,12.71875,2.7475061225804445,18.6,6.7,0.0,543.17,147.03125,201.48699900114983,18:30:00
3159,0.4,439044,0.0,9988.29,2018-08-26,6495.77,9462.7,7969.691875,769.6186424364797,6.7,18.6,12.508333333333333,3.9206943226463347,17.8,8.2,0.0,442.73,110.3075,158.79697804148037,18:30:00
3160,1.6,439044,0.0,11456.04,2018-08-27,6336.77,9988.29,7972.467083333333,992.9130087026184,8.2,17.8,12.143749999999999,2.8168872400939753,13.5,10.8,0.0,283.1,72.57416666666667,95.3342489714497,18:30:00
3161,0.0,439044,0.0,11392.71,2018-08-28,6459.84,11456.04,8849.151875,1363.0559359179242,10.8,13.5,12.6,0.6304338256396443,13.7,4.0,0.0,282.05,77.93833333333333,102.07708965940071,18:30:00
3162,0.0,439044,0.0,11153.27,2018-08-29,6932.81,11392.71,8888.064166666667,1212.8225756681616,4.0,13.7,9.904166666666667,2.5545918884064553,15.3,1.7,0.0,620.95,174.09208333333333,237.58794205387855,19:00:00
3163,0.0,439044,0.0,10995.45,2018-08-30,7211.92,11153.27,8891.684791666667,1194.1734388982902,1.7,15.3,8.252083333333333,4.657685919055446,16.4,2.1,0.0,759.62,214.51208333333332,286.1943652389117,19:00:00
3164,0.0,439044,0.0,10399.7,2018-08-31,7207.64,10995.45,8897.753333333334,1084.5631180701353,2.1,16.4,9.614583333333334,4.886585614888091,16.8,6.1,0.0,758.62,214.76833333333332,287.35806040572766,19:00:00
3165,1.8,444197,0.0,8976.71,2018-09-01,6792.63,10399.7,8858.530625,961.7339151836629,6.1,16.8,11.627083333333333,3.50809032025053,21.0,5.3,0.0,375.95,83.64958333333333,115.56066536963931,18:30:00
3166,1.6,444197,0.0,9779.15,2018-09-02,6470.73,8976.71,7614.836875,712.1738573689815,5.3,21.0,14.579166666666666,4.920299175012756,15.1,5.6,0.0,732.38,195.6575,269.26116797005045,19:00:00
3167,0.4,444197,0.0,11191.88,2018-09-03,6373.87,9779.15,7794.937916666667,960.9904662023124,5.6,15.1,11.535416666666668,2.557133500149857,13.9,6.4,0.0,404.83,121.44583333333333,160.38725232324856,18:30:00
3168,12.8,444197,0.0,10444.88,2018-09-04,6436.05,11191.88,8752.905416666666,1310.5917053709202,6.4,13.9,10.097916666666666,2.221700478053781,17.2,6.4,0.0,455.7,123.98833333333333,167.1165199612882,19:00:00
3169,0.2,444197,0.0,10292.5,2018-09-05,6803.07,10444.88,8540.788333333332,969.558386492758,6.4,17.2,12.152083333333332,3.585668256262929,17.2,5.4,0.0,620.97,158.55875,217.26513020667497,18:30:00
3170,1.0,444197,0.0,9843.99,2018-09-06,6732.83,10292.5,8467.068958333333,926.2356737232778,5.4,17.2,11.083333333333334,3.8940944558659165,19.7,7.0,0.0,547.17,147.52166666666668,198.9832403915907,19:00:00
3171,4.6,444197,0.0,9228.85,2018-09-07,6746.79,9843.99,8347.062291666667,828.0432289137781,7.0,19.7,14.016666666666666,4.421674532771364,23.5,9.2,0.0,677.53,174.285,236.74751876971598,18:30:00
3172,67.0,444197,0.0,9394.65,2018-09-08,6401.99,9228.85,7949.026458333334,710.5282736240031,9.2,23.5,16.054166666666667,4.386825456825525,15.9,8.8,0.0,505.6,139.31583333333333,183.26194059768991,18:30:00
3173,1.0,444197,0.0,8847.91,2018-09-09,6250.61,9394.65,7868.84625,834.9764597385683,8.8,15.9,13.022916666666667,1.7380888970890984,22.4,5.3,0.0,284.88,81.85583333333334,103.84215156594152,18:30:00
3174,0.2,444197,0.0,9422.22,2018-09-10,6105.12,8847.91,7125.550416666666,807.808167924651,5.3,22.4,14.581249999999999,5.615770205412612,19.3,8.0,0.0,802.28,232.83208333333334,304.27401275165266,19:00:00
3175,0.0,444197,0.0,9259.44,2018-09-11,6302.79,9422.22,7769.351875,858.204025004956,8.0,19.3,14.120833333333332,3.6487222090569267,21.7,10.1,0.0,756.15,215.93791666666667,284.80944622944804,18:30:00
3176,0.0,444197,0.0,8943.38,2018-09-12,6439.16,9259.44,7752.393958333333,718.5960106323749,10.1,21.7,15.8125,3.763125964045928,30.0,9.5,0.0,758.12,216.30291666666668,283.5884874565746,18:30:00
3177,0.0,444197,0.0,9056.22,2018-09-13,6044.52,8943.38,7495.848125,709.470303784258,9.5,30.0,18.779166666666665,6.529375791524816,18.9,11.0,0.0,773.58,218.09666666666666,285.7703466580779,18:30:00
3178,0.0,444197,0.0,8618.51,2018-09-14,6094.61,9056.22,7533.14375,754.1883121484864,11.0,18.9,15.491666666666667,2.290947340362072,23.2,13.2,0.0,731.72,206.41916666666668,271.2135901425557,18:30:00
3179,0.2,444197,0.0,8163.1,2018-09-15,6237.25,8618.51,7510.84875,605.940390792815,13.2,23.2,17.558333333333334,3.2788057850209005,31.3,8.4,0.0,819.6,231.88583333333335,308.8988120423995,18:30:00
3180,0.0,444197,0.0,9072.21,2018-09-16,6051.22,8163.1,7046.353541666667,526.5362726851283,8.4,31.3,20.327083333333334,8.370509010764565,15.5,8.5,0.0,848.22,230.49958333333333,306.51395494043487,18:30:00
3181,0.0,444197,0.0,9684.02,2018-09-17,5893.6,9072.21,6970.049791666667,960.252197051644,8.5,15.5,12.527083333333332,2.137978721639763,17.7,5.3,0.0,855.3,254.28291666666667,325.33291945595914,19:00:00
3182,0.0,444197,0.0,8956.03,2018-09-18,6399.97,9684.02,7836.948333333334,873.5108531845526,5.3,17.7,12.347916666666668,4.316469675671649,24.3,5.4,0.0,747.03,232.84416666666667,296.73135465511723,19:00:00
3183,0.0,444197,0.0,8913.21,2018-09-19,6346.95,8956.03,7595.50875,700.2787100607595,5.4,24.3,15.485416666666666,6.279652707002784,28.5,7.8,0.0,860.22,254.9175,326.7336729727367,19:00:00
3184,0.4,444197,0.0,9522.79,2018-09-20,6089.92,8913.21,7471.128958333334,691.0817311895885,7.8,28.5,17.908333333333335,6.6742704863395135,15.9,7.5,0.0,680.38,209.59416666666667,259.3553514687156,19:00:00
3185,0.0,444197,0.0,8962.49,2018-09-21,6255.33,9522.79,7802.307291666667,860.8383822014629,7.5,15.9,12.25625,2.406100955594058,20.2,4.7,0.0,528.72,157.82625,201.79023426621214,19:00:00
3186,0.0,444197,0.0,8293.59,2018-09-22,6591.59,8962.49,7761.540416666667,671.1311831462705,4.7,20.2,12.579166666666666,5.286311441116791,23.0,6.9,0.0,871.42,257.58750000000003,328.8176095287024,19:00:00
3187,0.0,444197,0.0,8529.56,2018-09-23,6347.04,8293.59,7193.806250000001,539.0540497773694,6.9,23.0,14.520833333333334,5.375949528532923,19.6,10.0,0.0,785.62,214.58333333333334,279.2207344925648,19:00:00
3188,0.0,444197,0.0,9968.08,2018-09-24,6041.23,8529.56,6943.579791666667,700.4372162229591,10.0,19.6,15.49375,2.377053983042427,15.5,9.6,0.0,762.53,226.38833333333332,289.2178758827709,19:00:00
3189,0.0,444197,0.0,9599.65,2018-09-25,6065.05,9968.08,7975.696875000001,1066.3016626742833,9.6,15.5,12.895833333333334,1.2654085764085157,17.1,8.1,0.0,516.47,138.56958333333333,179.09191994387797,18:30:00
3190,3.0,444197,0.0,10006.27,2018-09-26,6552.6,9599.65,8027.420416666667,764.301423038971,8.1,17.1,12.954166666666666,2.9170050462274326,16.0,7.6,0.0,648.38,186.29458333333332,236.44287986119767,19:00:00
3191,0.2,444197,0.0,9269.42,2018-09-27,6429.28,10006.27,8268.463958333334,944.9600082514802,7.6,16.0,11.977083333333333,1.9847546161993985,20.7,5.9,0.0,361.48,94.25510416666667,122.90780264296012,19:00:00
3192,0.0,444197,0.0,8508.44,2018-09-28,6613.92,9269.42,7844.47125,743.116435264425,5.9,20.7,13.014583333333334,4.893068896607769,29.8,8.0,0.0,878.88,263.84999999999997,335.3640860493296,19:00:00
3193,0.0,444197,0.0,8336.31,2018-09-29,6391.52,8508.44,7505.887083333334,522.5666100225507,8.0,29.8,18.310416666666665,7.616310593505072,19.9,11.1,0.0,813.1,243.41093750000002,306.73192351090245,18:30:00
3194,0.0,444197,0.0,8221.72,2018-09-30,5913.41,8336.31,6894.623124999999,654.3271968884518,11.1,19.9,15.28125,2.1281953447773354,17.1,7.3,0.0,871.35,268.3015625,335.2956276059316,19:00:00
3195,0.0,449621,0.0,8365.99,2018-10-01,6050.55,8221.72,6832.544166666667,636.7646265027981,7.3,17.1,12.833333333333334,3.4287478846858344,20.6,7.7,0.0,781.38,234.42364583333332,295.64110142510737,19:00:00
3196,0.0,449621,0.0,8887.71,2018-10-02,5870.14,8365.99,6729.430625,721.403703655961,7.7,20.6,14.6875,4.442858242359542,22.7,8.1,0.0,835.75,246.38822916666666,310.2122614942419,19:00:00
3197,0.2,449621,0.0,8931.91,2018-10-03,6042.91,8887.71,7441.330000000001,696.3510458828412,8.1,22.7,15.852083333333333,4.921035593455583,26.2,10.5,0.0,919.2,282.680625,350.4224177721234,19:00:00
3198,3.6,449621,0.0,9307.51,2018-10-04,6083.32,8931.91,7624.794166666667,735.1401369396964,10.5,26.2,18.07916666666667,5.111562126775584,17.0,14.6,0.0,630.25,192.9475,244.33041844748564,19:00:00
3199,50.6,449621,0.0,9442.25,2018-10-05,5975.8,9307.51,7830.642500000001,905.4373116650971,14.6,17.0,15.741666666666667,0.7339294804472065,15.8,12.9,0.0,221.2,58.4821875,74.07561720114151,19:00:00
3200,4.0,449621,0.0,8448.55,2018-10-06,6183.87,9442.25,7990.312291666666,875.4480096553588,12.9,15.8,14.424999999999999,0.7692217675414398,18.0,13.2,0.0,317.4,88.245,110.93991961820424,19:00:00
3201,1.8,449621,0.0,8441.91,2018-10-07,6181.71,8448.55,7264.568333333334,596.6406623019056,13.2,18.0,15.2875,1.4867678781182536,17.5,11.2,0.0,668.33,183.75614583333333,238.451166743909,19:00:00
3202,2.0,449621,0.0,8658.05,2018-10-08,5977.1,8441.91,7068.534375,652.1075607528949,11.2,17.5,14.55625,2.0098593419610467,20.1,12.6,0.0,374.17,112.62906249999999,141.31492605982527,18:30:00
3203,0.2,449621,0.0,8508.26,2018-10-09,5961.9,8658.05,7496.732916666667,741.692583997757,12.6,20.1,16.66875,2.3614056623392052,24.1,10.2,0.0,514.7,162.06677083333332,198.14582270332156,19:00:00
3204,0.2,449621,0.0,9144.06,2018-10-10,6268.99,8508.26,7547.999375,571.6268362087889,10.2,24.1,17.910416666666666,4.304784057318302,18.4,13.8,0.0,833.72,219.59572916666664,279.83056857599274,18:30:00
3205,12.0,449621,0.0,9183.62,2018-10-11,5945.68,9144.06,7797.495,893.9355486810805,13.8,18.4,15.579166666666666,1.2221289992386801,16.8,12.8,0.0,153.3,47.15260416666666,53.267101019792214,18:30:00
3206,15.6,449621,0.0,8908.46,2018-10-12,6242.2,9183.62,7862.315416666667,774.2502476478785,12.8,16.8,14.427083333333334,1.200662863611903,16.7,12.1,0.0,547.15,155.79864583333332,198.38558611564088,19:00:00
3207,4.0,449621,0.0,8062.74,2018-10-13,6263.2,8908.46,7835.640625,687.704118735037,12.1,16.7,14.102083333333333,1.3478887483817745,20.0,11.0,0.0,594.08,175.02260416666664,219.40243781978697,19:00:00
3208,32.8,449621,0.0,8045.1,2018-10-14,6167.33,8062.74,7194.33875,505.6666210216223,11.0,20.0,15.620833333333332,2.7462902121003196,21.0,14.7,0.0,688.7,191.873125,242.94487243218458,18:30:00
3209,2.0,449621,0.0,8639.53,2018-10-15,5797.73,8045.1,6845.397708333334,602.4985165347317,14.7,21.0,17.270833333333332,2.0935522426984714,21.7,13.9,0.0,759.62,225.6029166666667,282.1627153427787,19:00:00
3210,3.6,449621,0.0,8428.34,2018-10-16,5920.8,8639.53,7539.953125,783.2425686743816,13.9,21.7,17.702083333333334,2.3506893134199918,22.7,14.6,0.0,701.33,209.77520833333335,259.7338628001017,18:30:00
3211,0.6,449621,0.0,8562.6,2018-10-17,6016.46,8428.34,7531.520625,668.7273387257133,14.6,22.7,19.479166666666668,2.2399618474461085,24.3,17.7,0.0,886.15,258.1489583333333,318.58091682133386,18:30:00
3212,28.4,449621,0.0,8501.29,2018-10-18,6080.49,8562.6,7676.340833333333,722.2655817894052,17.7,24.3,19.75,1.7300842434291182,24.1,16.7,0.0,693.5,183.37947916666667,240.42596143989408,18:00:00
3213,14.4,449621,0.0,8419.48,2018-10-19,6143.26,8501.29,7635.206458333333,681.6814964342273,16.7,24.1,19.391666666666666,2.183383411260463,28.4,16.4,0.0,744.25,188.27802083333333,256.9432283821177,18:00:00
3214,0.0,449621,0.0,7922.9,2018-10-20,6120.11,8419.48,7482.781041666666,629.2570375813855,16.4,28.4,20.881249999999998,3.702997994724837,29.2,16.6,0.0,906.67,287.9944791666667,352.80668779580463,19:00:00
3215,9.0,449621,0.0,7875.49,2018-10-21,5817.26,7922.9,7092.458541666667,623.5553521676937,16.6,29.2,20.935416666666665,3.8461082614592703,19.3,15.2,0.0,811.1,198.016875,248.17804522248164,17:30:00
3216,0.0,449621,0.0,8440.31,2018-10-22,5791.61,7875.49,6771.736458333333,580.0424917651698,15.2,19.3,17.087500000000002,1.0926495223645178,22.2,15.3,0.0,472.4,118.3859375,157.8091058763931,18:30:00
3217,0.0,449621,0.0,8859.75,2018-10-23,5816.78,8440.31,7340.486250000001,727.2577634164302,15.3,22.2,18.622916666666665,2.3760542639527884,26.7,13.3,0.0,846.22,248.66510416666665,310.53813452821777,19:00:00
3218,0.0,449621,0.0,8345.14,2018-10-24,6041.39,8859.75,7588.465833333333,760.605033453096,13.3,26.7,20.037499999999998,4.5161471528707935,18.9,16.3,0.0,970.2,312.3419791666667,372.2988830552558,18:00:00
3219,0.0,449621,0.0,8434.71,2018-10-25,5982.37,8345.14,7441.372708333333,647.3819420336285,16.3,18.9,17.158333333333335,0.7657101649694801,21.8,15.1,0.0,477.73,144.99208333333334,178.62425624469827,18:00:00
3220,0.0,449621,0.0,8065.7,2018-10-26,6034.1,8434.71,7418.144583333334,640.6024486071888,15.1,21.8,18.047916666666666,2.1948672797885824,20.5,13.0,0.0,792.03,246.79583333333335,301.90827219455826,19:00:00
3221,0.0,449621,0.0,7722.54,2018-10-27,6175.15,8065.7,7382.481458333333,534.8351570462827,13.0,20.5,17.3875,2.3450831314938547,24.1,13.2,0.0,862.17,259.1296875,314.7614898049981,19:00:00
3222,0.0,449621,0.0,7798.04,2018-10-28,6025.39,7722.54,6854.249791666666,480.88193383323255,13.2,24.1,19.152083333333334,3.0998963320575004,18.5,15.4,0.0,979.3,315.1475,377.8843027584984,19:00:00
3223,0.0,449621,0.0,8282.92,2018-10-29,5873.54,7798.04,6805.473333333332,543.9211049107906,15.4,18.5,17.125,0.7572346104868367,20.5,14.1,0.0,532.72,148.07479166666667,193.19185069912086,19:00:00
3224,0.0,449621,0.0,8682.13,2018-10-30,5988.48,8282.92,7414.450416666667,677.8283203621181,14.1,20.5,17.429166666666667,1.8628459505447557,25.2,11.0,0.0,778.78,220.8478125,279.90800468380763,19:00:00
3225,0.0,449621,0.0,8745.48,2018-10-31,6121.43,8682.13,7528.606041666667,702.1570938664488,11.0,25.2,19.033333333333335,4.60547007480551,24.6,13.0,0.0,1017.92,328.9453125,389.521722517754,18:00:00
3226,0.0,455879,0.0,9871.32,2018-11-01,6157.35,8745.48,7676.551666666666,728.7305495651345,13.0,24.6,19.96875,3.514901787314702,27.7,17.8,0.0,1010.65,317.9696875,383.328091948696,17:00:00
3227,0.0,455879,0.0,11150.88,2018-11-02,6126.93,9871.32,8090.000416666667,1106.5884116815546,17.8,27.7,22.391666666666666,3.1365948017483207,36.3,18.9,0.0,963.7,291.6644791666667,364.81874033295935,17:00:00
3228,6.2,455879,0.0,9062.12,2018-11-03,6235.93,11150.88,8744.821041666666,1496.0300332265772,18.9,36.3,27.806250000000002,6.602817137323746,33.0,19.2,0.0,997.33,309.911875,370.51743499997775,16:30:00
3229,0.0,455879,0.0,8384.54,2018-11-04,6169.49,9062.12,7729.646458333334,886.1176371006317,19.2,33.0,23.797916666666666,4.597570569533868,24.2,16.4,0.0,989.25,301.1834375,374.5519639646023,15:30:00
3230,0.0,455879,0.0,9184.66,2018-11-05,5981.09,8384.54,7093.034375,713.4271539097531,16.4,24.2,21.014583333333334,2.221365267686128,27.7,16.8,0.0,856.95,267.88218750000004,320.0981318664142,19:30:00
3231,0.2,455879,0.0,10184.13,2018-11-06,6027.03,9184.66,7990.275624999999,1034.252731879206,16.8,27.7,21.6875,3.1422735365851597,32.1,19.1,0.0,842.38,186.55489583333335,247.39728055723768,17:00:00
3232,0.0,455879,146.45999999999998,9067.97,2018-11-07,6285.47,10184.13,8525.710208333334,1208.4231461306144,19.1,32.1,25.452083333333334,4.007492428860707,22.7,12.4,0.0,554.03,152.65479166666668,183.939836185982,16:30:00
3233,17.6,455879,0.0,8182.98,2018-11-08,6432.19,9067.97,8084.350208333333,846.2549984050239,12.4,22.7,19.870833333333334,2.6448632135593932,18.2,11.9,0.0,235.12,77.77447916666667,82.72816134812928,09:30:00
3234,0.0,455879,0.0,7840.89,2018-11-09,6132.05,8182.98,7317.271874999999,551.0180777034308,11.9,18.2,15.195833333333333,2.2882640761654898,21.1,9.1,0.0,978.08,309.05802083333333,367.05127111678337,19:30:00
3235,0.0,455879,0.0,7404.37,2018-11-10,6135.16,7840.89,7209.051458333332,458.749371921372,9.1,21.1,16.345833333333335,3.9763106140354245,21.3,11.6,0.0,902.92,284.1792708333333,341.7188716013494,19:30:00
3236,0.0,455879,0.0,7781.25,2018-11-11,5968.33,7404.37,6763.337500000001,388.8102271414518,11.6,21.3,16.822916666666668,3.4681063312451483,23.6,11.1,0.0,1000.47,323.0214583333333,380.8227832251635,19:30:00
3237,0.0,455879,0.0,8639.86,2018-11-12,5769.31,7781.25,6615.407708333333,566.4654661846049,11.1,23.6,17.620833333333334,4.299527848067977,24.1,12.7,0.0,1037.88,345.32239583333336,398.20601943710795,19:30:00
3238,0.0,455879,0.0,8736.09,2018-11-13,5750.36,8639.86,7460.123124999999,814.7703231629439,12.7,24.1,18.754166666666666,3.895603541218563,24.7,14.0,0.0,1016.78,338.44916666666666,387.69775069638376,17:00:00
3239,0.0,455879,0.0,8473.01,2018-11-14,6212.88,8736.09,7748.787083333334,750.8109284759857,14.0,24.7,20.2,3.517191819885906,22.4,16.5,0.0,890.42,317.11427083333336,359.74312116202185,17:00:00
3240,0.2,455879,0.0,8488.0,2018-11-15,6194.12,8473.01,7731.293125,709.5451405014163,16.5,22.4,19.745833333333334,1.8048349171085378,22.8,14.5,0.0,387.3,106.69114583333334,127.2127915806592,17:00:00
3241,0.0,455879,0.0,7972.25,2018-11-16,6078.59,8488.0,7597.104375,713.2199958769739,14.5,22.8,18.116666666666667,2.1654279055614847,20.7,13.4,0.0,864.35,223.62510416666666,295.99248432539065,17:00:00
3242,0.0,455879,0.0,7484.82,2018-11-17,6031.9,7972.25,7413.394791666667,594.8970327497221,13.4,20.7,17.558333333333334,1.8221840219717305,21.1,12.1,0.0,525.28,150.69843749999998,179.7865575056731,17:00:00
3243,0.4,455879,0.0,7618.14,2018-11-18,5969.59,7484.82,6858.995,428.8697850238264,12.1,21.1,17.425,3.0965663894474034,21.7,12.5,0.0,861.78,239.47052083333332,288.34850344058503,19:30:00
3244,0.0,455879,0.0,8182.99,2018-11-19,5728.89,7618.14,6612.648125,528.11173197094,12.5,21.7,18.1875,2.2490305239974706,22.5,10.7,0.0,883.8,288.83125,336.71033273692166,19:30:00
3245,0.0,455879,0.0,8619.38,2018-11-20,5761.14,8182.99,7290.322916666667,711.2002846430944,10.7,22.5,17.729166666666668,3.929915722843492,25.0,12.7,0.0,943.38,298.01687499999997,353.18877376171406,17:00:00
3246,0.0,455879,67.55,8468.53,2018-11-21,6024.11,8619.38,7547.142500000001,750.1508893081356,12.7,25.0,20.162499999999998,3.9623561118918627,28.0,20.5,0.0,1002.88,308.8304166666667,368.62651087377265,17:00:00
3247,1.6,455879,0.0,8112.61,2018-11-22,6047.67,8468.53,7738.9122916666665,799.3043859060699,20.5,28.0,24.14375,2.589660805029567,24.4,15.9,0.0,432.0,119.70166666666667,137.51784074328336,12:00:00
3248,0.0,455879,0.0,7819.52,2018-11-23,6083.95,8112.61,7289.088958333334,580.7037719586267,15.9,24.4,20.422916666666666,2.923291614815092,23.5,14.0,0.0,999.85,315.58729166666666,362.3110453181494,19:30:00
3249,0.0,455879,0.0,7324.15,2018-11-24,5771.53,7819.52,7028.210416666666,556.3501026999915,14.0,23.5,18.7375,2.957617284234051,25.0,13.2,0.0,1076.8,368.06666666666666,416.8253623130147,19:30:00
3250,0.0,455879,0.0,7658.2,2018-11-25,5694.7,7324.15,6578.992708333334,450.1785081013297,13.2,25.0,18.666666666666668,3.109719378003275,22.3,11.5,0.0,961.08,327.6426041666667,367.63163700012706,20:00:00
3251,0.0,455879,0.0,8283.07,2018-11-26,5757.09,7658.2,6619.095833333333,552.5880777193702,11.5,22.3,17.970833333333335,3.5977509720292735,22.7,15.2,0.0,895.2,281.77427083333333,326.61075769404516,19:30:00
3252,0.0,455879,0.0,8610.13,2018-11-27,5903.45,8283.07,7367.173125,700.6056793009529,15.2,22.7,18.970833333333335,2.2507642516070074,24.5,15.5,0.0,903.88,314.79114583333336,345.4135992349247,17:00:00
3253,12.6,455879,0.0,8470.81,2018-11-28,6141.64,8610.13,7664.413541666666,725.6150175775007,15.5,24.5,19.864583333333332,2.490876081318031,20.1,16.1,0.0,1027.35,292.724375,358.7325512082916,17:00:00
3254,32.0,455879,0.0,8230.5,2018-11-29,6171.48,8470.81,7749.305,736.455738211524,16.1,20.1,18.439583333333335,1.1119734390164246,21.9,15.2,0.0,391.52,78.5425,112.69351829611784,17:00:00
3255,2.0,455879,0.0,7946.92,2018-11-30,6086.98,8230.5,7471.816666666667,594.860710917192,15.2,21.9,18.264583333333334,1.8758815894369936,23.8,13.4,0.0,763.05,254.68854166666665,289.9602964236368,19:30:00
3256,0.0,461924,0.0,8257.81,2018-12-01,6158.92,7946.92,7397.618541666667,531.4184509604763,13.4,23.8,19.185416666666665,3.180859617745086,25.9,16.0,0.0,1029.22,332.65447916666665,376.1573956276299,20:00:00
3257,0.0,461924,0.0,9024.17,2018-12-02,6002.38,8257.81,7111.525000000001,646.4366555595867,16.0,25.9,21.308333333333334,2.9793497315177744,33.6,15.4,0.0,1072.62,359.41552083333335,410.78957090990025,18:00:00
3258,0.0,461924,0.0,9175.87,2018-12-03,5698.62,9024.17,7164.590833333333,1005.3708055744502,15.4,33.6,23.072916666666668,6.741258787159934,30.7,14.3,0.0,943.67,309.81635416666666,356.2811727753672,17:00:00
3259,0.0,461924,0.0,8516.96,2018-12-04,5891.41,9175.87,7609.65625,988.9081855185742,14.3,30.7,23.25,5.31585344722185,22.6,16.8,0.0,1094.78,380.02020833333336,422.53052089427774,17:00:00
3260,1.0,461924,0.0,8370.61,2018-12-05,6065.95,8516.96,7702.596458333333,771.8043353477993,16.8,22.6,20.20625,1.631525359900972,21.3,16.5,0.0,905.58,298.35583333333335,343.24160131568965,16:30:00
3261,2.4,461924,0.0,8838.54,2018-12-06,6035.68,8370.61,7565.965625,700.5926572428372,16.5,21.3,19.10625,1.4290908060423928,24.9,17.3,0.0,626.25,198.97802083333332,233.05530345807563,17:00:00
3262,0.2,461924,0.0,9065.07,2018-12-07,6127.39,8838.54,7772.248541666667,793.0462941760323,17.3,24.9,20.935416666666665,2.490619813768768,25.4,13.8,0.0,965.6,328.9845833333333,366.73828527728136,17:00:00
3263,0.0,461924,0.0,8925.59,2018-12-08,6135.79,9065.07,7833.245208333334,823.837925389814,13.8,25.4,20.681250000000002,3.7079360692462062,27.0,14.8,0.0,1086.9,377.36802083333333,418.30123775476653,17:00:00
3264,0.0,461924,0.0,9329.88,2018-12-09,6206.57,8925.59,7574.953541666667,839.3996265961424,14.8,27.0,21.527083333333334,3.683992953035359,27.1,16.9,0.0,1099.45,384.2390625,426.1751627279915,17:00:00
3265,0.0,461924,0.0,9544.82,2018-12-10,6042.61,9329.88,7586.619166666666,1029.0052596557953,16.9,27.1,22.208333333333332,3.316229166768309,26.5,20.6,0.0,972.47,356.8380208333333,392.48711174766083,17:30:00
3266,0.2,461924,0.0,8621.58,2018-12-11,6241.64,9544.82,8234.270833333334,1070.596992089755,20.6,26.5,22.827083333333334,2.0391633227227244,22.5,19.9,0.0,740.15,197.4128125,249.20074766781522,17:00:00
3267,0.0,461924,0.0,8765.57,2018-12-12,6329.52,8621.58,7917.453125,746.7190023544736,19.9,22.5,20.785416666666666,0.7169645183461841,23.6,16.9,0.0,546.2,117.24885416666666,145.01527448249578,16:30:00
3268,2.4,461924,0.0,9491.72,2018-12-13,6345.47,8765.57,7929.513333333333,755.0492769189876,16.9,23.6,20.677083333333332,1.5538886818112165,28.0,18.5,0.0,572.22,149.485625,179.30519864550277,17:00:00
3269,28.8,461924,178.55,8906.7,2018-12-14,6344.48,9491.72,8214.137083333333,973.2410256150565,18.5,28.0,22.795833333333334,3.0623282988486196,25.4,19.1,0.0,872.67,227.35125000000002,275.69030701576514,17:00:00
3270,7.6,461924,0.0,8947.18,2018-12-15,6311.54,8906.7,7975.787499999999,809.1598654015133,19.1,25.4,21.522916666666664,1.4646529736880802,27.7,21.0,0.0,653.8,132.17083333333332,178.06830756145635,10:00:00
3271,24.8,461924,0.0,9187.92,2018-12-16,6209.9,8947.18,7656.190416666667,807.1735885436143,21.0,27.7,23.639583333333334,2.225456164889343,29.5,20.8,0.0,877.85,252.46427083333333,321.5076246241732,15:30:00
3272,0.0,461924,0.0,10571.21,2018-12-17,6044.26,9187.92,7657.90125,1051.3226336415066,20.8,29.5,24.766666666666666,2.8697492909499616,29.4,19.2,0.0,973.6,304.84499999999997,368.7831585582104,17:00:00
3273,0.0,461924,0.0,9805.27,2018-12-18,6240.24,10571.21,8588.600208333333,1371.3004282028503,19.2,29.4,24.516666666666666,3.1852274265529688,25.7,20.8,0.0,1036.28,354.659375,395.7288218707041,17:00:00
3274,0.0,461924,0.0,9476.38,2018-12-19,6405.55,9805.27,8392.965,1035.6659265563326,20.8,25.7,22.916666666666668,1.4086863253118358,23.6,20.4,0.0,828.0,255.98770833333333,307.5919566308557,16:00:00
3275,8.8,461924,0.0,11315.99,2018-12-20,6416.15,9476.38,8310.30625,959.8780330846229,20.4,23.6,21.8,0.881246699103521,29.3,18.4,0.0,752.42,171.25177083333332,211.48673245567002,16:30:00
3276,34.2,461924,280.4,8428.53,2018-12-21,6388.96,11315.99,8703.729583333334,1444.2856321894083,18.4,29.3,23.181250000000002,3.438929586677759,22.9,18.9,0.0,968.08,314.6277083333333,373.41080632996983,15:30:00
3277,3.6,461924,0.0,7481.82,2018-12-22,6289.28,8428.53,7735.0858333333335,671.5765588613529,18.9,22.9,21.166666666666668,0.779889062851001,20.7,16.6,0.0,575.85,168.39614583333335,207.8734084373498,10:00:00
3278,0.6,461924,0.0,7637.79,2018-12-23,5964.05,7481.82,6841.780416666667,417.4058094181169,16.6,20.7,18.633333333333333,1.2000591001994994,22.5,14.4,0.0,868.35,274.165,314.68747492467526,20:00:00
3279,0.2,461924,0.0,8087.06,2018-12-24,5745.56,7637.79,6585.296875,551.6483584604913,14.4,22.5,18.5625,2.6823001402813214,24.9,12.0,0.0,1013.22,346.43208333333337,382.73023222968504,20:00:00
3280,0.0,461924,0.0,8207.28,2018-12-25,5733.63,8087.06,6985.7266666666665,666.1060291751947,12.0,24.9,19.710416666666667,4.404941112622704,29.3,16.1,0.0,1066.55,376.98510416666664,412.3321970265918,17:00:00
3281,0.0,461924,0.0,9456.77,2018-12-26,5552.23,8207.28,6857.094791666666,815.0129940903562,16.1,29.3,23.068749999999998,4.425513854044573,30.4,17.6,0.0,1092.18,385.1770833333333,423.6285110021105,18:00:00
3282,0.0,461924,0.0,11011.81,2018-12-27,5641.96,9456.77,7455.834791666667,1267.9553127587521,17.6,30.4,23.818749999999998,4.4867491074486745,32.1,18.0,0.0,1076.62,372.991875,411.46543380146886,17:30:00
3283,0.0,461924,0.0,11323.33,2018-12-28,6045.53,11011.81,8447.030416666666,1634.4948722125698,18.0,32.1,24.789583333333336,4.6190742179797954,33.6,19.0,0.0,1074.95,374.011875,414.7864071238441,17:00:00
3284,0.0,461924,0.0,10866.34,2018-12-29,6306.84,11323.33,8771.408958333333,1665.3322587287862,19.0,33.6,26.010416666666668,4.865389690864611,33.9,18.6,0.0,1065.43,369.19624999999996,409.17909101249114,17:00:00
3285,0.0,461924,0.0,10219.71,2018-12-30,6353.23,10866.34,8487.014791666666,1487.2356558136178,18.6,33.9,25.675,5.201738661869026,35.4,19.2,0.0,1084.5,377.42083333333335,416.1046632111918,17:00:00
3286,0.0,461924,0.0,10650.54,2018-12-31,6334.21,10219.71,8380.489791666667,1394.2140299603404,19.2,35.4,25.78333333333333,4.638476149869461,32.8,19.9,0.0,1063.5,350.77052083333336,398.5025794508465,17:30:00
3287,7.4,466350,0.0,10612.81,2019-01-01,6477.92,10650.54,8437.980833333333,1333.090214645006,19.9,32.8,24.697916666666668,3.8767440595873865,32.8,21.7,0.0,975.35,253.79354166666667,323.0823790228461,15:30:00
3288,0.0,466350,0.0,10942.52,2019-01-02,6198.13,10612.81,8282.850208333333,1482.8874603609343,21.7,32.8,26.7375,3.706671673296278,28.9,21.3,0.0,1046.78,361.4648958333333,405.9044359251477,17:30:00
3289,0.0,466350,0.0,10540.06,2019-01-03,6426.5,10942.52,8745.688125,1464.3983841411225,21.3,28.9,23.941666666666666,2.1541482330445785,27.2,21.6,0.0,1048.9,336.25437500000004,399.6469143674587,14:30:00
3290,0.0,466350,0.0,11899.31,2019-01-04,6522.65,10540.06,8612.550625,1275.0384465682832,21.6,27.2,23.96875,1.7043319337574874,29.8,19.0,0.0,1011.1,321.43416666666667,375.71204597932655,16:00:00
3291,0.0,466350,27.55,10828.94,2019-01-05,6517.74,11899.31,9205.374583333332,1746.1290057614665,19.0,29.8,25.087500000000002,3.6013960059245558,37.9,19.3,0.0,1067.75,363.5001041666667,410.3222176618076,17:00:00
3292,29.6,466350,0.0,7713.06,2019-01-06,6707.35,10828.94,8584.935416666667,1376.797341544837,19.3,37.9,24.491666666666664,5.428444914005959,21.1,17.9,0.0,907.5,308.40875,360.7222188172004,13:00:00
3293,0.0,466350,0.0,8773.42,2019-01-07,6094.59,7713.06,6937.700208333333,498.0922228223663,17.9,21.1,19.308333333333334,0.7645978871786211,22.6,19.4,0.0,400.48,118.33020833333335,140.84445216741284,18:00:00
3294,0.4,466350,0.0,10538.07,2019-01-08,5973.27,8773.42,7759.5216666666665,932.7372247734165,19.4,22.6,20.95625,0.9659977203620511,28.8,20.4,0.0,454.9,151.4628125,174.37773666549612,17:00:00
3295,6.2,466350,0.0,10120.89,2019-01-09,6376.95,10538.07,8569.568125,1307.8700402589884,20.4,28.8,24.385416666666668,2.866830823685138,29.7,20.4,0.0,1025.15,319.2970833333333,386.2487878626348,16:00:00
3296,0.0,466350,0.0,8999.5,2019-01-10,6479.1,10120.89,8540.904166666667,1191.6220101668919,20.4,29.7,23.306250000000002,2.429114736741622,22.3,20.6,0.0,985.67,308.00958333333335,365.7943596968014,16:00:00
3297,1.4,466350,0.0,9791.54,2019-01-11,6516.42,8999.5,8076.513125,795.1697300554204,20.6,22.3,21.162499999999998,0.37338303873773027,27.5,20.7,0.0,568.6,168.47645833333334,195.237352400344,17:00:00
3298,7.2,466350,0.0,10751.63,2019-01-12,6386.09,9791.54,8302.971875000001,1068.6981302394333,20.7,27.5,23.224999999999998,2.0312976671984733,32.9,19.3,0.0,967.17,249.52854166666668,321.8601672524661,14:00:00
3299,0.0,466350,0.0,8937.67,2019-01-13,6341.58,10751.63,8440.82,1461.1564337603097,19.3,32.9,25.625,4.284782573495141,26.2,21.3,0.0,1054.38,360.3845833333333,406.6147850105606,17:00:00
3300,0.0,466350,0.0,11551.01,2019-01-14,6381.0,8937.67,7684.176041666667,843.4588732466259,21.3,26.2,23.370833333333334,1.4650478655071153,28.4,21.0,0.0,822.65,272.19374999999997,315.7522309408897,18:00:00
3301,0.0,466350,0.0,12972.76,2019-01-15,6462.92,11551.01,9135.772083333333,1641.5980214969802,21.0,28.4,24.49791666666667,2.4959106625560508,29.9,22.1,0.0,1041.0,344.236875,395.2342561933998,17:00:00
3302,0.2,466350,0.0,13270.16,2019-01-16,6970.36,12972.76,9995.508541666666,1972.9483068035772,22.1,29.9,25.74791666666667,2.870316876519247,31.8,21.4,0.0,1055.65,357.4504166666666,405.67785664510103,17:00:00
3303,0.0,466350,0.0,13545.39,2019-01-17,7211.82,13270.16,10313.686458333334,2036.0432809286856,21.4,31.8,25.958333333333332,3.3874507664371243,33.2,22.8,0.0,1045.72,356.8667708333333,402.52875795307375,16:30:00
3304,0.0,466350,0.0,13301.42,2019-01-18,7302.44,13545.39,10402.964375,2053.597045409468,22.8,33.2,26.647916666666664,3.3743077829659223,34.6,23.2,0.0,1061.97,359.00104166666665,409.7659082601872,17:00:00
3305,0.0,466350,144.4,9452.89,2019-01-19,7405.34,13301.42,10497.618958333334,1977.651159680089,23.2,34.6,28.129166666666666,3.605725844438014,26.3,21.5,0.0,1053.68,350.9942708333333,403.69119464383624,17:00:00
3306,0.0,466350,0.0,9127.92,2019-01-20,7359.82,9452.89,8517.349375,668.2839393659661,21.5,26.3,23.472916666666666,1.2006628636119017,25.2,21.1,0.0,669.25,179.16125,225.34959287289323,10:30:00
3307,1.8,466350,0.0,10400.32,2019-01-21,6408.85,9127.92,7796.730833333334,875.5262361788975,21.1,25.2,22.87291666666667,1.3336463506689027,26.3,21.8,0.0,604.03,156.33447916666668,199.34624616171106,17:00:00
3308,7.0,466350,0.0,12712.0,2019-01-22,6555.86,10400.32,8893.648541666667,1265.0417928374886,21.8,26.3,23.849999999999998,1.4451680311638035,31.7,19.8,0.0,585.72,175.21895833333335,203.96729405626905,17:00:00
3309,0.0,466350,8.55,11284.68,2019-01-23,6824.18,12712.0,9758.676666666666,1897.2061640832446,19.8,31.7,25.84375,3.740571480402426,29.4,21.5,0.0,948.35,322.3644791666667,370.0137784945133,17:00:00
3310,0.0,466350,0.0,10884.25,2019-01-24,7037.81,11284.68,9329.986875,1378.7909124489213,21.5,29.4,24.272916666666664,2.301963970301744,26.7,21.7,0.0,949.22,239.58427083333333,320.81885423879834,13:00:00
3311,0.0,466350,0.0,13206.9,2019-01-25,6758.88,10884.25,9003.792708333332,1286.9041704717629,21.7,26.7,23.835416666666664,1.2878300375724105,32.6,21.2,0.0,651.4,195.66895833333334,233.65585315086335,17:00:00
3312,0.0,466350,0.0,11771.98,2019-01-26,6983.35,13206.9,10221.6125,2053.9223011185,21.2,32.6,26.879166666666666,3.3806683421649493,33.6,22.0,0.0,1030.32,337.5653125,392.2013483143335,17:00:00
3313,0.0,466350,0.0,10777.77,2019-01-27,7299.31,11771.98,9716.517708333333,1575.8530038427352,22.0,33.6,25.76875,3.3188793449571183,35.5,22.0,0.0,996.08,336.71010416666667,385.5768474036172,16:00:00
3314,36.6,466350,0.0,10181.53,2019-01-28,6995.12,10777.77,8903.6325,1326.756862403222,22.0,35.5,25.943749999999998,3.48760151991338,27.5,22.6,0.0,982.58,305.9846875,366.0165462606881,15:30:00
3315,0.0,466350,0.0,12923.19,2019-01-29,6719.84,10181.53,8437.267291666667,1103.6736461178464,22.6,27.5,24.702083333333334,1.4665765002909563,30.4,22.4,0.0,696.47,225.54479166666667,263.3088037553284,17:00:00
3316,0.0,466350,0.0,12369.34,2019-01-30,6878.38,12923.19,9954.870833333332,2008.2115718303519,22.4,30.4,25.98125,2.7829003888871204,31.0,22.1,0.0,1018.62,341.8454166666667,392.98937085381584,16:00:00
3317,0.0,466350,0.0,13700.9,2019-01-31,7099.81,12369.34,9931.694791666667,1707.9010479308688,22.1,31.0,25.75,2.811148020202666,38.8,20.6,0.0,712.78,206.92895833333333,254.0402517066729,16:00:00
3318,0.8,472195,170.1,8734.79,2019-02-01,7047.88,13700.9,9949.673333333334,2068.721318970518,20.6,38.8,27.197916666666668,6.305637112708209,21.2,17.8,0.0,741.28,224.35739583333336,275.3750375512856,16:30:00
3319,8.2,472195,0.0,8918.33,2019-02-02,6597.62,8734.79,8033.375625000001,698.3491783558134,17.8,21.2,19.383333333333333,1.0609777372147107,25.9,20.0,0.0,291.0,95.1021875,106.21431793786866,09:00:00
3320,2.0,472195,0.0,10840.48,2019-02-03,6423.03,8918.33,7833.343333333333,781.5180311020272,20.0,25.9,22.68541666666667,1.8554106712168137,29.9,19.5,0.0,478.25,142.195,168.5217217200482,18:00:00
3321,0.0,472195,0.0,12226.27,2019-02-04,6448.78,10840.48,8397.154583333333,1421.459415714437,19.5,29.9,24.77916666666667,3.4969870516941155,32.0,20.3,0.0,1020.08,341.0698958333333,394.7786850242259,17:30:00
3322,0.0,472195,0.0,10615.07,2019-02-05,6622.75,12226.27,9542.97625,1813.289308113173,20.3,32.0,25.927083333333332,3.7596253538641893,26.5,22.8,0.0,1006.78,330.9044791666667,386.7713818199787,16:00:00
3323,0.0,472195,0.0,11093.75,2019-02-06,6880.01,10615.07,9082.881666666666,1183.5497576598714,22.8,26.5,24.59166666666667,1.1215174623873312,29.2,20.2,0.0,960.17,273.99864583333334,331.70802881536355,16:00:00
3324,0.0,472195,0.0,11382.36,2019-02-07,6733.26,11093.75,9117.659375000001,1371.09357818418,20.2,29.2,25.1875,2.686025696554891,29.3,19.3,0.0,920.35,309.5472916666667,361.22819029203384,17:00:00
3325,0.0,472195,0.0,11403.56,2019-02-08,6808.61,11382.36,9290.47125,1446.929033632477,19.3,29.3,25.147916666666664,2.876166892394771,31.9,20.2,0.0,979.88,329.66875,381.1091629417895,17:00:00
3326,21.0,472195,0.0,9371.2,2019-02-09,6880.87,11403.56,9051.869375,1372.6188884002777,20.2,31.9,24.629166666666666,4.10370659299839,32.4,19.1,0.0,639.55,218.70895833333336,254.37456045643103,16:00:00
3327,0.0,472195,0.0,8202.26,2019-02-10,6331.29,9371.2,7854.82375,961.2476335551763,19.1,32.4,25.23125,4.594592392728558,23.5,14.8,0.0,949.7,284.7679166666667,337.63051653324163,17:00:00
3328,0.0,472195,0.0,10262.63,2019-02-11,6142.44,8202.26,7013.8533333333335,617.5578352908155,14.8,23.5,19.972916666666666,2.5024022146672666,27.7,15.0,0.0,1046.2,347.611875,404.8093302219052,18:00:00
3329,0.0,472195,0.0,12110.45,2019-02-12,6017.97,10262.63,8187.524583333333,1287.5582311309317,15.0,27.7,21.933333333333334,4.64933458214588,36.0,16.5,0.0,1022.12,339.0136458333333,394.9843275502982,17:00:00
3330,0.0,472195,0.0,9138.63,2019-02-13,6306.53,12110.45,9004.533958333333,1812.8106559419732,16.5,36.0,27.097916666666666,7.208756188146595,24.7,18.9,0.0,1027.7,340.8304166666667,397.39388521893136,17:00:00
3331,0.0,472195,0.0,8947.08,2019-02-14,6487.19,9138.63,8013.861458333333,721.7899772831006,18.9,24.7,21.441666666666666,1.631972221985818,25.3,15.9,0.0,872.88,276.4178125,338.81817296727013,17:00:00
3332,0.0,472195,0.0,9026.09,2019-02-15,6260.5,8947.08,7869.508333333334,792.418624713546,15.9,25.3,20.858333333333334,2.722470196647009,27.0,15.3,0.0,879.88,260.59020833333335,316.78840871591905,17:00:00
3333,0.0,472195,0.0,8602.03,2019-02-16,6338.8,9026.09,7940.516875,798.893038467168,15.3,27.0,21.125,4.033134043490986,27.4,16.8,0.0,968.1,314.48291666666665,370.7679627660036,16:30:00
3334,0.0,472195,0.0,9974.41,2019-02-17,6266.7,8602.03,7529.742708333334,714.5494599492648,16.8,27.4,22.508333333333336,3.358117084708326,30.0,16.6,0.0,888.5,285.17541666666665,340.0011861694474,17:30:00
3335,0.0,472195,0.0,11898.99,2019-02-18,6243.35,9974.41,7813.548333333333,1221.3712465465944,16.6,30.0,23.489583333333332,4.590936472554969,30.7,17.5,0.0,1006.65,329.3183333333333,387.71541158176086,17:30:00
3336,0.2,472195,0.0,9959.26,2019-02-19,6445.26,11898.99,9091.185416666665,1701.8595562638625,17.5,30.7,24.675,4.444240834579587,28.9,19.2,0.0,984.8,318.9190625,378.8501620099343,16:30:00
3337,4.0,472195,0.0,9148.87,2019-02-20,6716.46,9959.26,8673.282291666666,1075.4683496460414,19.2,28.9,23.085416666666664,2.3851481584146197,22.3,18.5,0.0,927.55,251.02458333333334,329.942794143575,16:30:00
3338,1.6,472195,0.0,8969.84,2019-02-21,6420.37,9148.87,8118.354583333334,836.2583338107364,18.5,22.3,20.514583333333334,1.311323772171082,23.3,19.0,0.0,354.85,109.3990625,134.99544198631713,17:00:00
3339,6.0,472195,570.175,8530.15,2019-02-22,6390.85,8969.84,8062.592291666667,833.864677036706,19.0,23.3,21.172916666666666,1.282076039722762,22.4,18.2,0.0,800.2,177.74697916666665,237.5429945892877,17:00:00
3340,0.2,472195,0.0,7845.14,2019-02-23,6347.08,8530.15,7732.076249999999,652.4436911241969,18.2,22.4,19.675,1.0391281124301033,22.4,18.4,0.0,655.17,202.54052083333332,248.18043937108558,08:30:00
3341,1.2,472195,0.0,7901.64,2019-02-24,6051.26,7845.14,7028.422291666667,491.6957403146512,18.4,22.4,19.327083333333334,0.948849153612973,23.8,19.3,0.0,756.42,212.05427083333333,262.9451018263261,19:30:00
3342,1.0,472195,0.0,8853.63,2019-02-25,5775.98,7901.64,6812.88375,601.78372459351,19.3,23.8,21.297916666666666,1.1642712236714874,24.7,15.2,0.0,776.42,226.06687499999998,282.2916722202768,19:30:00
3343,0.0,472195,0.0,9401.62,2019-02-26,5978.48,8853.63,7733.4783333333335,880.8089793958716,15.2,24.7,20.335416666666667,2.8341751461166336,27.1,13.0,0.0,878.4,268.31166666666667,323.873085384576,17:30:00
3344,0.0,472195,0.0,9309.07,2019-02-27,6223.12,9401.62,7968.171041666667,927.4352469390244,13.0,27.1,20.864583333333332,5.059959195165274,25.5,15.7,0.0,909.72,284.73833333333334,348.6761217186196,17:00:00
3345,0.0,472195,0.0,9906.75,2019-02-28,6228.43,9309.07,8092.87,954.3394092540236,15.7,25.5,21.599999999999998,3.2190258867512185,28.0,18.3,0.0,846.62,248.16125,304.8633522519173,16:30:00
3346,0.0,478133,0.0,9764.2,2019-03-01,6427.53,9906.75,8395.015208333332,1047.8369706635272,18.3,28.0,23.45,3.0570462729395538,27.9,19.0,0.0,849.2,253.0704166666667,313.46920714738457,17:00:00
3347,0.0,478133,0.0,8752.0,2019-03-02,6555.97,9764.2,8391.4375,941.8823967934437,19.0,27.9,23.575,2.8990460646747884,27.8,19.1,0.0,882.3,262.9108333333333,329.48403208868615,16:00:00
3348,0.0,478133,0.0,9606.91,2019-03-03,6469.09,8752.0,7745.053541666667,705.0571015761313,19.1,27.8,23.222916666666666,2.7411939923227053,28.5,18.1,0.0,804.22,242.55791666666664,301.9164163938764,17:00:00
3349,0.0,478133,0.0,11172.95,2019-03-04,6269.85,9606.91,7747.074583333334,1027.654867233527,18.1,28.5,23.514583333333334,3.233007267685583,29.6,18.0,0.0,884.15,286.27166666666665,347.1910025572921,17:30:00
3350,0.0,478133,0.0,10930.8,2019-03-05,6416.16,11172.95,8821.61,1447.956895853969,18.0,29.6,23.84166666666667,3.7392588487009935,29.2,18.5,0.0,937.15,293.7275,359.6921666035521,16:00:00
3351,0.0,478133,2.62,10311.13,2019-03-06,6648.53,10930.8,8902.294375,1308.37854634822,18.5,29.2,24.045833333333334,3.1245056346553306,35.1,18.5,0.0,918.85,264.9320833333333,341.0500554901328,15:30:00
3352,0.0,478133,0.0,8499.21,2019-03-07,6493.42,10311.13,8571.779583333333,1143.5831933937245,18.5,35.1,24.604166666666668,5.151490523132996,21.6,16.9,0.0,692.62,183.93791666666667,244.32976249809582,13:00:00
3353,0.0,478133,0.0,9785.66,2019-03-08,6285.07,8499.21,7720.375208333334,671.4062870714758,16.9,21.6,19.089583333333334,1.4320405888894887,27.7,16.9,0.0,336.4,97.93916666666667,125.10001803379859,17:00:00
3354,0.0,478133,0.0,8262.33,2019-03-09,6340.81,9785.66,8219.434166666668,1001.0971220548606,16.9,27.7,22.81041666666667,3.2474696914926118,24.3,18.9,0.0,867.67,265.91249999999997,330.6691033859114,16:30:00
3355,1.8,478133,0.0,9772.91,2019-03-10,6376.12,8262.33,7559.911875000001,569.913017938315,18.9,24.3,21.8,1.203894389939442,29.9,17.2,0.0,342.67,84.18708333333333,105.3996954648258,18:00:00
3356,0.0,478133,0.0,10152.5,2019-03-11,6098.79,9772.91,7706.686458333334,1177.6416154250016,17.2,29.9,23.662499999999998,4.1898369947473135,26.4,21.5,0.0,898.1,243.86749999999998,325.26656469176623,17:30:00
3357,0.0,478133,0.0,10997.06,2019-03-12,6334.54,10152.5,8479.529583333333,1157.3996026455507,21.5,26.4,24.125,1.2395091684708923,34.6,18.9,0.0,868.9,258.215,321.13628701580575,17:00:00
3358,0.2,478133,0.0,8818.23,2019-03-13,6576.68,10997.06,8805.031041666667,1347.4110244863673,18.9,34.6,25.610416666666666,4.77739533696697,22.5,18.7,0.0,903.08,272.55041666666665,343.8542035233448,17:00:00
3359,0.4,478133,0.0,9513.76,2019-03-14,6374.03,8818.23,8078.255208333333,786.7661537679725,18.7,22.5,20.827083333333334,1.0216256514160191,27.0,17.9,0.0,440.2,117.79791666666667,154.13757037428132,17:00:00
3360,41.2,478133,355.71500000000003,8392.33,2019-03-15,6403.47,9513.76,8287.615416666666,998.1622821560486,17.9,27.0,21.954166666666666,2.7467550164817,22.9,15.9,0.0,676.05,183.8658333333333,246.54531898440212,17:00:00
3361,7.6,478133,0.0,7908.1,2019-03-16,6296.02,8392.33,7692.145833333333,666.1500759886748,15.9,22.9,19.495833333333334,2.2527485182604896,23.9,18.7,0.0,476.92,150.73625,184.59908233935488,09:30:00
3362,34.8,478133,0.0,8074.18,2019-03-17,5959.59,7908.1,7161.891875,577.3188665136277,18.7,23.9,21.277083333333334,1.1982681800021528,21.6,17.7,0.0,342.77,89.54958333333333,120.68078606095824,19:00:00
3363,37.8,478133,0.0,8749.23,2019-03-18,5863.48,8074.18,7128.472291666666,681.1472317683596,17.7,21.6,19.608333333333334,1.1311514249203278,21.7,17.5,0.0,387.75,101.05624999999999,137.00568784395682,18:00:00
3364,1.8,478133,0.0,8830.5,2019-03-19,5850.42,8749.23,7658.253125,891.4071151768418,17.5,21.7,19.39375,1.251791269732585,24.8,17.9,0.0,444.17,108.985,147.76409862531963,17:00:00
3365,0.4,478133,0.0,9184.2,2019-03-20,6114.3,8830.5,7859.673958333333,831.6826480778503,17.9,24.8,21.302083333333332,2.3447079011774523,25.3,18.6,0.0,666.72,186.69500000000002,244.66475126528158,17:00:00
3366,0.4,478133,0.0,9269.3,2019-03-21,6179.64,9184.2,7995.356875,890.2041215246021,18.6,25.3,21.9875,2.2699353257259824,25.6,18.2,0.0,594.03,183.15375000000003,229.72940641735948,17:00:00
3367,4.2,478133,0.0,8843.07,2019-03-22,6184.31,9269.3,8027.051041666667,919.9537737559576,18.2,25.6,21.556250000000002,2.3770987367493412,25.3,18.3,0.0,681.9,204.38875,261.4579863110918,17:00:00
3368,0.2,478133,0.0,8500.77,2019-03-23,6188.62,8843.07,7893.936458333334,826.9991101373938,18.3,25.3,21.495833333333334,2.38951239870106,28.4,16.8,0.0,673.72,180.74749999999997,239.6565022711695,16:00:00
3369,0.4,478133,0.0,9129.7,2019-03-24,5899.23,8500.77,7314.950833333333,770.4496664599369,16.8,28.4,21.8,3.506346828981183,31.2,20.7,0.0,841.0,228.48666666666668,304.19577609663725,17:00:00
3370,5.6,478133,0.0,8903.23,2019-03-25,5969.84,9129.7,7535.059166666667,1021.1126624877919,20.7,31.2,23.745833333333334,3.016123927510158,26.2,19.8,0.0,798.78,214.56041666666667,287.1621571939639,17:00:00
3371,0.2,478133,0.0,8688.18,2019-03-26,6043.87,8903.23,7889.199166666666,951.0585657533962,19.8,26.2,22.43958333333333,2.0220844083791167,25.2,15.4,0.0,222.23,59.1625,75.27408767651664,17:00:00
3372,0.2,478133,0.0,8583.48,2019-03-27,6064.91,8688.18,7576.488541666667,727.7587591233828,15.4,25.2,20.291666666666668,2.495769470168859,22.0,11.7,0.0,880.53,261.28291666666667,336.3492058444068,18:30:00
3373,0.0,478133,0.0,8972.84,2019-03-28,6164.83,8583.48,7631.83625,682.2784479232312,11.7,22.0,18.116666666666667,3.5093391105602483,25.4,16.2,0.0,524.15,157.20083333333335,202.99564912362175,18:30:00
3374,0.0,478133,0.0,8791.94,2019-03-29,6213.21,8972.84,7815.876041666666,771.1761597846296,16.2,25.4,20.958333333333332,2.8901029454780622,27.2,14.0,0.0,797.17,233.9625,299.9824419861935,18:30:00
3375,53.2,478133,614.25,7901.12,2019-03-30,6148.26,8791.94,7865.05125,809.4602236337573,14.0,27.2,21.53333333333333,4.394839010598454,26.0,13.6,0.0,741.4,206.72916666666666,272.4650729448138,17:00:00
3376,0.2,478133,0.0,7897.6,2019-03-31,6158.62,7901.12,7067.427083333333,490.7300319127611,13.6,26.0,18.993750000000002,3.402527611781595,20.9,10.2,0.0,683.35,171.1520833333333,239.32962332277788,08:30:00
3377,0.0,483648,0.0,8535.81,2019-04-01,5591.05,7897.6,6548.922916666666,661.2819508138432,10.2,20.9,15.762500000000001,3.386683873581127,20.7,10.5,0.0,843.47,246.8275,320.9714245964067,18:30:00
3378,0.0,483648,0.0,8665.03,2019-04-02,5956.24,8535.81,7460.9122916666665,737.7547803957391,10.5,20.7,16.839583333333334,3.4687504392690305,21.8,13.7,0.0,570.05,149.22791666666666,197.93256811357614,18:30:00
3379,0.2,483648,0.0,8670.8,2019-04-03,6112.72,8665.03,7646.282083333333,703.7271421720282,13.7,21.8,18.227083333333333,2.4628939545188855,26.1,13.7,0.0,541.58,145.42583333333334,191.71329250669825,18:30:00
3380,0.2,483648,0.0,8758.24,2019-04-04,6216.13,8670.8,7634.001875000001,683.2143774542798,13.7,26.1,19.260416666666668,3.879775140629153,22.6,14.1,0.0,787.28,230.34666666666666,300.7252586652655,18:30:00
3381,5.2,483648,472.38,8434.61,2019-04-05,6060.96,8758.24,7745.59125,790.1930205070015,14.1,22.6,18.622916666666665,2.5737000092451834,21.3,15.8,0.0,381.83,106.69,137.45928666490863,18:30:00
3382,2.8,483648,0.0,8216.05,2019-04-06,6203.58,8434.61,7691.22125,678.4368784374393,15.8,21.3,18.4875,1.6159609485485864,29.0,15.3,0.0,472.38,125.36250000000001,168.76493214628576,07:00:00
3383,0.2,483648,0.0,8768.97,2019-04-07,5989.21,8216.05,7097.650833333333,597.4188828079183,15.3,29.0,21.129166666666666,4.470563691114586,26.7,15.6,0.0,751.28,212.515,283.1749335489028,18:30:00
3384,0.2,483648,0.0,9703.26,2019-04-08,5900.04,8768.97,7009.171249999999,790.0676253135653,15.6,26.7,21.310416666666665,3.2970160321587834,33.0,13.8,0.0,781.17,226.18833333333336,296.88025799748374,18:30:00
3385,0.0,483648,0.0,9052.86,2019-04-09,5978.87,9703.26,7857.717916666667,1113.1179547539275,13.8,33.0,21.95,6.762789302420722,26.9,15.6,0.0,784.4,221.94708333333335,294.6287027188291,18:30:00
3386,0.0,483648,0.0,9038.42,2019-04-10,5912.02,9052.86,7697.12125,883.2368200548095,15.6,26.9,19.914583333333333,3.6881633313704065,18.8,11.4,0.0,654.9,157.77541666666667,219.28025926186416,18:30:00
3387,0.0,483648,0.0,9102.54,2019-04-11,6094.9,9038.42,7557.2872916666665,736.0072316213285,11.4,18.8,15.766666666666666,2.3174025567279144,19.6,9.7,0.0,733.3,198.97375,266.0754685844729,18:30:00
3388,0.0,483648,0.0,8705.21,2019-04-12,6232.5,9102.54,7674.060833333333,725.4111805297657,9.7,19.6,14.639583333333334,3.478734153691072,21.4,11.3,0.0,620.15,172.66416666666666,228.1995427796093,18:30:00
3389,0.0,483648,0.0,8135.08,2019-04-13,6273.18,8705.21,7615.671875,629.1792698924259,11.3,21.4,15.914583333333333,3.6693665511263416,26.2,11.4,0.0,391.33,116.43541666666665,151.150649148856,18:30:00
3390,0.0,483648,0.0,8222.61,2019-04-14,6082.64,8135.08,7027.58125,504.4945370584385,11.4,26.2,18.29375,4.6253881378249675,22.1,13.4,0.0,728.0,199.53625,269.72304620626545,18:30:00
3391,0.0,483648,0.0,8879.23,2019-04-15,5768.07,8222.61,6823.5720833333335,626.9697163678445,13.4,22.1,17.764583333333334,2.6122045457146905,22.5,12.1,0.0,525.38,142.85041666666666,192.40244527472885,18:30:00
3392,0.0,483648,0.0,8964.21,2019-04-16,5886.15,8879.23,7386.136041666666,800.700545620108,12.1,22.5,17.285416666666666,3.4837000129376596,23.1,12.0,0.0,621.45,178.06833333333336,236.44378264262866,18:30:00
3393,0.0,483648,0.0,9050.86,2019-04-17,6008.14,8964.21,7551.897708333334,744.0389429702853,12.0,23.1,17.589583333333334,3.889661123090578,25.1,13.1,0.0,576.12,168.68375,224.38921280416383,18:30:00
3394,0.2,483648,0.0,8785.08,2019-04-18,6084.61,9050.86,7642.924583333333,768.9972922232115,13.1,25.1,18.21875,4.1544980110001575,26.4,12.4,0.0,618.28,177.80666666666664,239.23021002287456,18:30:00
3395,0.0,483648,0.0,8006.39,2019-04-19,6158.87,8785.08,7592.679375,702.3863548734175,12.4,26.4,19.40625,4.484128333900982,23.3,15.0,0.0,705.03,200.37375,268.04031510541193,18:30:00
3396,0.0,483648,0.0,8079.04,2019-04-20,5877.3,8006.39,6801.21375,550.982467982364,15.0,23.3,18.752083333333335,2.9124084924595253,25.5,13.9,0.0,588.17,154.11875,213.18886049672858,18:30:00
3397,0.0,483648,0.0,7854.6,2019-04-21,5766.37,8079.04,6804.401666666668,593.6092445419578,13.9,25.5,19.29375,3.925335396972265,26.0,14.7,0.0,602.83,171.69333333333336,230.83236681749668,18:30:00
3398,0.0,483648,0.0,8201.88,2019-04-22,5701.45,7854.6,6655.321458333333,578.4180443758048,14.7,26.0,20.358333333333334,3.6140290084279707,26.0,15.7,0.0,688.25,185.14416666666668,253.89023203272558,18:30:00
3399,0.0,483648,0.0,8877.46,2019-04-23,5741.62,8201.88,6850.976875,656.3784662024515,15.7,26.0,20.297916666666666,3.4863557504132756,23.5,15.7,0.0,654.28,163.33124999999998,229.32836710499328,18:30:00
3400,0.2,483648,0.0,8767.89,2019-04-24,5878.77,8877.46,7486.811874999999,836.1525226580824,15.7,23.5,19.783333333333335,2.3219886316848632,25.6,14.1,0.0,552.85,155.73958333333334,211.6671784319775,18:00:00
3401,0.0,483648,0.0,8304.53,2019-04-25,5999.19,8767.89,7440.7525,726.4534141731525,14.1,25.6,19.639583333333334,3.7367490469278635,26.0,13.5,0.0,666.35,184.49791666666667,251.36856043114648,18:00:00
3402,0.0,483648,0.0,8565.37,2019-04-26,5867.27,8304.53,6854.569791666666,643.9008665853145,13.5,26.0,18.947916666666668,4.007545520551298,28.6,15.4,0.0,672.0,185.36333333333334,252.18604975239273,18:30:00
3403,0.0,483648,0.0,8141.32,2019-04-27,5678.68,8565.37,7183.24875,772.5707129726605,15.4,28.6,21.064583333333335,4.612955372589633,18.8,10.5,0.0,677.6,179.54541666666668,247.1815492103637,18:00:00
3404,0.0,483648,0.0,8443.62,2019-04-28,5935.9,8141.32,6895.107916666667,572.904351268124,10.5,18.8,15.450000000000001,2.42829070431875,22.1,7.7,0.0,644.65,149.225,211.8432817292769,18:30:00
3405,0.0,483648,0.0,9193.48,2019-04-29,5802.61,8443.62,6810.18,708.025966950786,7.7,22.1,13.885416666666666,5.006760943149171,21.6,9.0,0.0,699.05,190.39458333333334,261.03268147028524,18:30:00
3406,0.2,483648,0.0,9182.35,2019-04-30,6036.18,9193.48,7647.068958333333,842.9548576092183,9.0,21.6,15.06875,4.491228152649221,24.5,11.4,0.0,473.12,126.50291666666668,175.03403213112017,18:00:00
3407,0.0,490497,0.0,9235.64,2019-05-01,6258.93,9182.35,7727.142291666667,733.4951358444058,11.4,24.5,18.341666666666665,4.306197084822448,24.0,13.6,0.0,643.38,157.20333333333332,223.79683979794288,18:00:00
3408,0.0,490497,0.0,9259.97,2019-05-02,6119.86,9235.64,7813.089375,806.4442097636404,13.6,24.0,18.556250000000002,3.1696638018914993,25.0,16.1,0.0,366.27,90.05916666666667,124.27180482644764,18:00:00
3409,0.0,490497,0.0,8951.55,2019-05-03,6172.71,9259.97,7849.493333333333,828.751403650384,16.1,25.0,20.099999999999998,2.756964102745953,23.0,17.1,0.0,482.42,112.33916666666666,161.0436274454228,18:00:00
3410,6.4,490497,0.0,8385.82,2019-05-04,6048.95,8951.55,7816.763749999999,836.7484659709788,17.1,23.0,19.2375,1.4571357798266638,21.5,14.2,0.0,387.35,61.931666666666665,102.73981964545264,18:00:00
3411,0.0,490497,0.0,8723.71,2019-05-05,6087.02,8385.82,7174.712291666667,589.1304597428013,14.2,21.5,18.039583333333333,1.7036555919218324,18.9,11.1,0.0,579.0,119.97333333333334,187.39328752350028,18:30:00
3412,0.0,490497,0.0,9348.24,2019-05-06,5818.0,8723.71,7028.963124999999,780.0412028347056,11.1,18.9,14.6875,2.3975719100435313,20.1,8.6,0.0,523.53,101.61874999999999,155.7738581006235,18:30:00
3413,0.0,490497,0.0,9434.71,2019-05-07,6053.42,9348.24,7671.147708333334,896.5944719888802,8.6,20.1,14.1625,3.5383987844004823,22.5,6.0,0.0,610.72,157.94541666666666,225.34567338333488,18:30:00
3414,0.0,490497,0.0,9534.07,2019-05-08,6361.02,9434.71,7853.896041666667,820.3710335579985,6.0,22.5,13.385416666666666,5.506127711548882,20.9,6.1,0.0,655.3,175.02083333333334,244.1160205424072,18:30:00
3415,0.0,490497,0.0,9708.65,2019-05-09,6239.84,9534.07,7870.726041666666,862.5871704225694,6.1,20.9,13.827083333333334,5.01125285151767,20.3,5.6,0.0,633.95,166.02541666666667,232.66585376529434,18:30:00
3416,0.0,490497,0.0,9876.33,2019-05-10,6502.54,9708.65,8051.077916666666,869.5093768717554,5.6,20.3,13.535416666666668,4.635087714441593,19.0,7.7,0.0,638.1,164.52125,233.25206607030054,18:30:00
3417,0.0,490497,0.0,8973.42,2019-05-11,6409.03,9876.33,8336.240208333335,922.0471989014898,7.7,19.0,12.6875,3.435894692860293,20.7,9.1,0.0,335.85,82.03375,113.99390155160691,18:00:00
3418,0.0,490497,0.0,8895.46,2019-05-12,6352.62,8973.42,7593.877916666667,727.650611763518,9.1,20.7,14.668750000000001,4.061922626728864,20.4,8.4,0.0,533.55,120.67666666666666,179.76092288101847,18:30:00
3419,0.0,490497,0.0,9705.86,2019-05-13,6224.45,8895.46,7409.063125000001,765.8919050810958,8.4,20.4,13.260416666666666,4.270120810654969,22.4,6.3,0.0,618.72,160.30083333333332,227.22111509738545,18:30:00
3420,0.0,490497,0.0,9572.0,2019-05-14,6264.72,9705.86,8016.82375,944.7991040644346,6.3,22.4,14.397916666666667,5.5388565370109255,22.8,9.0,0.0,518.6,122.06625000000001,178.6964146388708,18:00:00
3421,0.0,490497,0.0,9579.15,2019-05-15,6433.07,9572.0,8000.702499999999,830.2746826393751,9.0,22.8,14.995833333333332,4.209713101526413,21.8,9.0,0.0,615.5,160.71333333333334,227.77122997095634,18:30:00
3422,0.0,490497,0.0,9498.92,2019-05-16,6495.65,9579.15,8044.676666666666,806.8847558655608,9.0,21.8,14.21875,4.360492664435494,22.1,9.0,0.0,538.28,144.87958333333333,204.13634908537924,18:30:00
3423,0.0,490497,0.0,9145.52,2019-05-17,6537.79,9498.92,8065.659583333333,786.4695653306062,9.0,22.1,14.316666666666668,4.706958783854794,23.2,8.4,0.0,565.95,147.74916666666667,210.4775258794977,18:30:00
3424,0.0,490497,0.0,8646.07,2019-05-18,6398.46,9145.52,7896.699375,712.7789573224844,8.4,23.2,14.827083333333334,5.144620804971961,22.0,8.8,0.0,553.78,140.42208333333335,201.31431401537813,18:00:00
3425,0.0,490497,0.0,8834.76,2019-05-19,6293.26,8646.07,7350.756875,614.5174734671177,8.8,22.0,14.804166666666667,4.271277567278622,21.7,10.6,0.0,521.38,128.14625,185.72944425507197,18:00:00
3426,0.0,490497,0.0,9584.01,2019-05-20,6074.33,8834.76,7230.898958333334,715.0998245781202,10.6,21.7,15.793750000000001,3.723496769367386,23.1,9.7,0.0,421.4,103.38791666666667,147.26755466588526,18:00:00
3427,0.0,490497,0.0,9278.49,2019-05-21,6203.85,9584.01,7932.155833333333,910.6933419848094,9.7,23.1,14.9,4.321051881394405,26.0,9.6,0.0,502.98,122.17208333333333,175.94960722850516,18:00:00
3428,0.0,490497,0.0,9365.36,2019-05-22,6346.68,9278.49,7804.447916666667,747.7025389448029,9.6,26.0,16.079166666666666,5.4759807567436685,23.1,10.1,0.0,570.08,143.82958333333332,207.80748788761954,18:00:00
3429,0.0,490497,0.0,9305.91,2019-05-23,6339.5,9365.36,7892.237708333333,768.1970861872305,10.1,23.1,16.522916666666667,4.521778956238132,23.6,11.3,0.0,516.97,130.06458333333333,188.63498520539534,18:00:00
3430,0.0,490497,0.0,9095.58,2019-05-24,6345.76,9305.91,7852.810208333333,750.3444204213163,11.3,23.6,16.541666666666668,3.7232354571667305,23.5,9.5,0.0,481.58,120.46499999999999,175.13133663722326,18:00:00
3431,0.0,490497,0.0,8419.58,2019-05-25,6307.83,9095.58,7813.694375,691.3500405571148,9.5,23.5,15.197916666666666,4.588027415717552,26.5,7.6,0.0,569.97,143.17375,209.07776781160902,18:00:00
3432,0.0,490497,0.0,8739.9,2019-05-26,6200.0,8419.58,7239.125,587.0243027155886,7.6,26.5,14.958333333333334,6.138952483009824,22.4,7.1,0.0,567.35,145.33916666666667,208.9511976243556,18:00:00
3433,0.0,490497,0.0,10963.96,2019-05-27,5836.8,8739.9,7074.215833333333,800.7143903928976,7.1,22.4,13.347916666666668,5.3983444894662265,19.0,4.4,0.0,544.05,118.62458333333332,176.00615246691143,18:30:00
3434,0.0,490497,0.0,10806.52,2019-05-28,6095.18,10963.96,8349.442291666666,1351.375488243941,4.4,19.0,11.075000000000001,4.146903484606111,18.7,4.8,0.0,558.42,111.99624999999999,180.23522029736108,18:30:00
3435,0.0,490497,0.0,10404.26,2019-05-29,6699.18,10806.52,8599.747083333334,1129.1968442478917,4.8,18.7,12.570833333333333,3.5685957863737965,18.6,10.3,0.0,569.65,145.57041666666666,210.7262180237396,18:30:00
3436,0.0,490497,0.0,11209.02,2019-05-30,6677.91,10404.26,8512.506041666666,1011.6967768455836,10.3,18.6,14.918750000000001,2.4657359395126353,15.8,6.7,0.0,527.92,132.31708333333333,192.24961175522688,18:00:00
3437,0.0,490497,0.0,10646.51,2019-05-31,6795.33,11209.02,8860.525416666665,1297.285363933632,6.7,15.8,10.96875,2.781332624878362,19.2,5.0,0.0,567.67,142.84166666666667,207.83854177245203,19:00:00
3438,0.0,496474,0.0,9744.08,2019-06-01,7053.71,10646.51,8955.167083333334,1047.7988873235258,5.0,19.2,11.920833333333334,4.835241125072116,18.6,7.5,0.0,547.97,134.29041666666666,199.24807701582355,18:30:00
3439,0.0,496474,0.0,9800.21,2019-06-02,6868.18,9744.08,8234.483541666666,767.3256491230325,7.5,18.6,13.558333333333332,3.436960144584309,19.8,9.3,0.0,322.38,80.32541666666667,116.93662346901137,18:00:00
3440,0.2,496474,0.0,11185.5,2019-06-03,6517.79,9800.21,7926.695,880.5742435672544,9.3,19.8,13.543750000000001,3.5705000692733293,17.4,9.0,0.0,304.7,72.51458333333333,107.47473655064806,18:30:00
3441,18.6,496474,0.0,12112.84,2019-06-04,6396.97,11185.5,8707.867916666666,1360.21782749294,9.0,17.4,12.722916666666668,2.549946981787872,14.4,7.1,0.0,401.42,87.76,136.49284906839813,18:30:00
3442,4.6,496474,0.0,11649.05,2019-06-05,7013.9,12112.84,9603.090416666666,1424.7219808297323,7.1,14.4,10.75,1.9963797020841543,15.4,9.0,0.0,219.32,51.19625,75.6971109337959,18:00:00
3443,1.4,496474,0.0,11195.95,2019-06-06,7044.12,11649.05,9385.706041666666,1256.0112328026976,9.0,15.4,11.208333333333334,2.015243328672463,17.8,3.0,0.0,341.4,75.84791666666666,115.24576862511225,18:00:00
3444,0.2,496474,0.0,10583.71,2019-06-07,7199.22,11195.95,9095.372291666667,1184.4099406522696,3.0,17.8,10.904166666666667,4.777204663520615,16.0,8.7,0.0,499.83,122.91541666666666,181.511230614484,19:00:00
3445,0.0,496474,0.0,10095.34,2019-06-08,7085.66,10583.71,8949.678541666666,952.8289488831381,8.7,16.0,12.606250000000001,1.7520087255684782,14.8,8.7,0.0,278.33,65.70916666666666,96.84361330853201,18:00:00
3446,0.2,496474,0.0,9043.35,2019-06-09,6694.31,10095.34,8512.88125,946.9625344891234,8.7,14.8,11.75625,1.4670720949956397,21.6,6.7,0.0,177.35,37.26708333333333,55.03892708350651,18:00:00
3447,0.2,496474,0.0,9285.85,2019-06-10,6329.65,9043.35,7557.313958333333,773.4552404019744,6.7,21.6,13.441666666666668,4.365085523927989,21.3,7.2,0.0,531.6,129.97041666666667,192.2350131441879,18:30:00
3448,0.0,496474,0.0,9882.55,2019-06-11,6095.49,9285.85,7465.607916666667,844.2900099201016,7.2,21.3,14.237499999999999,4.655567474609115,21.5,6.7,0.0,463.92,109.07166666666667,162.4358672933208,18:00:00
3449,0.0,496474,0.0,9777.25,2019-06-12,6423.67,9882.55,8137.343124999999,978.7044890386964,6.7,21.5,13.152083333333332,4.982991905806523,22.3,6.2,0.0,530.55,132.45291666666665,193.95623034930344,18:00:00
3450,0.0,496474,0.0,9589.87,2019-06-13,6453.38,9777.25,8207.328333333333,899.733108884349,6.2,22.3,13.814583333333333,4.742115049410333,22.2,12.8,0.0,404.05,98.09291666666667,146.518543782564,18:00:00
3451,0.0,496474,0.0,9980.47,2019-06-14,6284.16,9589.87,8097.614791666667,890.0309604464028,12.8,22.2,17.689583333333335,2.3724697234427423,19.1,7.8,0.0,313.55,68.50041666666667,102.60895723640233,18:00:00
3452,0.0,496474,0.0,9648.36,2019-06-15,6582.23,9980.47,8368.469583333334,974.066362032062,7.8,19.1,12.418750000000001,3.3367493577725824,19.5,4.7,0.0,380.25,96.09666666666668,141.74774171841153,18:00:00
3453,4.4,496474,0.0,10210.87,2019-06-16,6721.08,9648.36,8047.323333333334,843.7537965678698,4.7,19.5,11.820833333333333,4.594861067208709,14.6,9.6,0.0,530.25,130.25916666666666,192.9079154463185,18:00:00
3454,10.0,496474,0.0,11113.07,2019-06-17,6326.1,10210.87,8206.898333333333,1108.500570414796,9.6,14.6,12.714583333333332,1.3610055080372754,15.9,9.2,0.0,319.23,62.19166666666666,97.3618675646362,18:00:00
3455,2.6,496474,0.0,10637.82,2019-06-18,6537.14,11113.07,8823.052083333334,1264.536763260808,9.2,15.9,12.564583333333333,1.6584393565309465,18.9,9.7,0.0,267.12,62.06333333333333,94.79697807113072,18:00:00
3456,0.0,496474,0.0,11242.95,2019-06-19,6707.24,10637.82,8718.085625,1066.9668560624407,9.7,18.9,13.733333333333334,2.8338631127568545,15.5,5.6,0.0,374.42,82.35833333333333,126.45111777491259,18:30:00
3457,0.0,496474,0.0,11700.84,2019-06-20,6798.85,11242.95,8877.782708333334,1299.9450879494852,5.6,15.5,10.016666666666667,3.3963267600442846,15.3,4.2,0.0,517.22,123.71541666666667,184.2689381988432,18:30:00
3458,0.0,496474,0.0,11692.83,2019-06-21,7207.49,11700.84,9436.346041666666,1319.232688856606,4.2,15.3,8.854166666666666,3.7119105783738884,14.6,6.6,0.0,454.62,99.64875,154.8664578792446,18:30:00
3459,0.0,496474,0.0,10972.61,2019-06-22,7394.93,11692.83,9521.077916666667,1281.0284383658125,6.6,14.6,9.810416666666667,2.674245933353314,14.5,4.9,0.0,512.78,117.43166666666667,178.27481553660326,18:00:00
3460,0.0,496474,0.0,11268.75,2019-06-23,7348.23,10972.61,9129.189166666667,1014.7689125385185,4.9,14.5,9.652083333333334,3.3038333366427635,15.6,4.8,0.0,392.88,85.11791666666666,129.89984819669664,18:00:00
3461,6.8,496474,0.0,11787.09,2019-06-24,7012.33,11268.75,8922.802708333335,1223.2787119150016,4.8,15.6,10.327083333333333,3.4495599215671366,15.9,9.4,0.0,358.15,75.35166666666667,118.80933630362475,18:30:00
3462,11.2,496474,0.0,11162.97,2019-06-25,6960.23,11787.09,9450.488958333333,1387.5564872798898,9.4,15.9,11.785416666666668,2.243381716253989,16.8,8.6,0.0,342.67,79.68875,118.75249413058256,18:00:00
3463,0.2,496474,0.0,10931.53,2019-06-26,7184.32,11162.97,9176.110625,1103.9912506098065,8.6,16.8,13.5625,2.202476845580709,17.9,9.5,0.0,396.95,95.57416666666667,142.2785134506132,18:00:00
3464,2.6,496474,0.0,10627.87,2019-06-27,7035.8,10931.53,8971.119375,1080.655785284943,9.5,17.9,13.535416666666668,2.0439312957738998,18.9,8.0,0.0,448.4,104.615,156.45536046112733,18:00:00
3465,0.2,496474,449.35,10151.84,2019-06-28,6987.25,10627.87,8848.237708333332,1057.1632188464891,8.0,18.9,12.541666666666666,3.592357924955823,20.1,8.5,0.0,458.25,110.16250000000001,162.66443995394906,18:30:00
3466,0.0,496474,0.0,9558.58,2019-06-29,6940.43,10151.84,8634.058541666667,951.0250628909653,8.5,20.1,13.168750000000001,3.8025275049014327,20.3,5.9,0.0,518.03,124.50291666666668,185.7811164276372,08:00:00
3467,0.2,496474,0.0,10180.02,2019-06-30,6665.74,9558.58,8028.572916666667,800.7896509840937,5.9,20.3,13.097916666666668,4.7968735200519825,17.0,6.1,0.0,449.42,119.04083333333334,171.64022579819897,18:00:00
3468,0.0,503602,0.0,11379.76,2019-07-01,6232.89,10180.02,7799.435208333333,1183.8049578228301,6.1,17.0,13.304166666666667,3.2165766349065823,17.1,3.8,0.0,524.17,126.52958333333333,189.23138277081478,19:00:00
3469,0.0,503602,0.0,11136.71,2019-07-02,6733.84,11379.76,9036.876041666666,1371.5631748789406,3.8,17.1,9.481250000000001,4.310287360218525,20.2,3.7,0.0,532.15,127.27125000000001,189.84883098699257,18:30:00
3470,0.0,503602,0.0,10884.92,2019-07-03,7045.15,11136.71,9068.512083333333,1240.4574604778445,3.7,20.2,9.485416666666667,5.517438103590321,18.5,3.7,0.0,461.17,112.46166666666666,164.604178582251,19:00:00
3471,1.6,503602,0.0,10743.61,2019-07-04,7177.24,10884.92,9100.860416666666,1054.7552362474007,3.7,18.5,11.88125,5.633586826517799,16.8,7.5,0.0,376.5,86.96458333333334,129.42962418567078,18:00:00
3472,13.8,503602,0.0,10331.54,2019-07-05,6805.89,10743.61,8892.4325,1080.2884492490189,7.5,16.8,13.225,2.662945098146915,16.9,9.6,0.0,254.48,68.18708333333333,98.58511865945738,18:30:00
3473,2.6,503602,0.0,9577.56,2019-07-06,6764.03,10331.54,8701.285833333333,959.63701699472,9.6,16.9,13.4,2.18612646847574,19.2,9.1,0.0,366.58,90.34416666666668,130.35920770445537,18:00:00
3474,1.6,503602,0.0,9804.67,2019-07-07,6631.97,9577.56,8018.945625,821.717233413637,9.1,19.2,13.685416666666667,3.231559111447621,19.1,10.1,0.0,440.2,103.12041666666666,151.8235026756935,18:30:00
3475,0.2,503602,0.0,10355.57,2019-07-08,6372.63,9804.67,7879.879166666667,953.557585862929,10.1,19.1,13.297916666666666,2.6112269540723108,20.1,8.4,0.0,496.35,122.4925,179.31096170999055,18:30:00
3476,0.2,503602,0.0,10770.35,2019-07-09,6510.96,10355.57,8515.806875,1100.2110022736856,8.4,20.1,13.700000000000001,3.4845555899676035,17.5,5.0,0.0,443.42,85.21875,136.01390375776126,18:30:00
3477,0.0,503602,0.0,11001.19,2019-07-10,6795.24,10770.35,8668.648125,1130.1998185439766,5.0,17.5,10.927083333333334,4.1452736266399,16.7,4.6,0.0,548.4,138.32791666666665,201.79169299434707,18:30:00
3478,0.0,503602,0.0,10593.28,2019-07-11,6938.62,11001.19,8872.203541666668,1151.0715571735734,4.6,16.7,10.491666666666667,4.259898776808257,19.2,8.0,0.0,553.6,140.1,204.1940581975673,18:30:00
3479,0.0,503602,0.0,9990.61,2019-07-12,6906.95,10593.28,8703.015833333333,1023.1072231818878,8.0,19.2,14.483333333333334,3.0524725473756957,19.6,8.3,0.0,546.38,132.5975,197.37247311252193,18:30:00
3480,0.0,503602,0.0,10273.0,2019-07-13,6811.88,9990.61,8510.931875,881.0388441593748,8.3,19.6,14.752083333333333,3.3174579850044084,16.3,9.3,0.0,513.58,133.40666666666667,192.88646387473457,18:30:00
3481,0.0,503602,0.0,10870.4,2019-07-14,6489.52,10273.0,8241.474375,1083.0155775228022,9.3,16.3,13.145833333333334,1.925413283442476,16.3,4.1,0.0,565.0,143.42499999999998,208.5346730698289,18:30:00
3482,0.0,503602,0.0,11156.52,2019-07-15,6738.37,10870.4,8390.102916666667,1190.2215639114513,4.1,16.3,9.941666666666666,3.5142163154900885,17.5,5.0,0.0,567.2,144.61166666666665,210.13027815420392,18:30:00
3483,0.0,503602,0.0,10852.49,2019-07-16,6690.88,11156.52,8834.033333333333,1274.3566806880167,5.0,17.5,12.991666666666667,2.8588670076405944,20.3,5.2,0.0,502.38,130.22666666666666,189.14388033568437,18:30:00
3484,0.0,503602,0.0,10547.25,2019-07-17,7130.34,10852.49,8896.822083333334,1074.5426718454905,5.2,20.3,12.577083333333334,4.755388414381227,19.0,6.6,0.0,568.35,145.79791666666668,210.4915526678055,18:30:00
3485,0.0,503602,0.0,10584.48,2019-07-18,6870.35,10547.25,8673.696041666666,1068.829328032647,6.6,19.0,12.708333333333334,4.08514867738153,19.7,5.0,0.0,567.92,145.59625,210.13930247879998,19:00:00
3486,0.0,503602,0.0,10401.25,2019-07-19,6913.78,10584.48,8654.789375,1105.0056962410342,5.0,19.7,12.135416666666666,4.190134796152635,20.1,2.0,0.0,578.47,147.75375,213.48937455870745,19:00:00
3487,0.0,503602,0.0,9752.62,2019-07-20,7047.72,10401.25,8759.939583333333,1048.5765764383361,2.0,20.1,9.666666666666666,6.122241743971828,19.8,2.4,0.0,569.97,146.74583333333334,211.44430355959327,19:00:00
3488,0.0,503602,0.0,9468.46,2019-07-21,6872.33,9752.62,8181.152083333333,954.084571308191,2.4,19.8,10.21875,6.144523811683086,23.2,2.5,0.0,581.58,150.81458333333333,216.31079018107,18:30:00
3489,0.0,503602,0.0,10192.72,2019-07-22,6549.76,9468.46,7711.151875,916.9126044287092,2.5,23.2,11.195833333333333,7.479474277046008,22.1,5.7,0.0,580.38,150.62583333333333,215.59811356478752,19:00:00
3490,0.0,503602,0.0,9918.42,2019-07-23,6492.56,10192.72,8379.372916666667,1108.1583347406372,5.7,22.1,13.008333333333333,5.218740099578667,22.6,4.0,0.0,502.8,111.73875,166.94459914766477,18:30:00
3491,0.0,503602,0.0,10274.08,2019-07-24,6676.52,9918.42,8260.644583333333,989.0860970870473,4.0,22.6,12.3375,6.840356622531041,19.2,4.7,0.0,597.9,155.2775,221.6715879907491,18:30:00
3492,0.0,503602,0.0,10586.01,2019-07-25,6703.23,10274.08,8374.065833333332,1055.647384460569,4.7,19.2,11.6625,4.948054636001008,19.2,4.1,0.0,573.28,143.07541666666665,206.13983573652686,18:30:00
3493,0.0,503602,0.0,10487.04,2019-07-26,7076.52,10586.01,8776.686875,1084.7834958422486,4.1,19.2,10.947916666666666,4.685014116254459,18.1,3.8,0.0,576.4,145.99333333333334,211.1414396427124,19:00:00
3494,0.0,503602,0.0,9594.36,2019-07-27,6933.53,10487.04,8875.915208333334,1004.295620507313,3.8,18.1,10.877083333333333,4.753374594481376,18.5,8.1,0.0,416.95,109.34249999999999,156.00716108768307,18:30:00
3495,0.0,503602,0.0,10009.09,2019-07-28,6859.18,9594.36,8053.996666666666,800.0803495456429,8.1,18.5,12.672916666666666,3.2841812725861637,18.2,4.4,0.0,499.67,122.36416666666668,178.89158866485442,18:30:00
3496,0.0,503602,0.0,10857.48,2019-07-29,6697.94,10009.09,7937.750416666667,999.852640972357,4.4,18.2,10.36875,4.5509950396659224,20.0,4.2,0.0,584.83,149.15583333333333,214.85106554118929,19:00:00
3497,2.4,503602,0.0,11107.04,2019-07-30,6704.92,10857.48,8762.643125,1194.4850069900708,4.2,20.0,11.585416666666667,5.253853280286778,15.1,10.0,0.0,579.2,147.17208333333335,212.17660840209078,18:30:00
3498,0.0,503602,0.0,11079.06,2019-07-31,6882.28,11107.04,8927.827500000001,1149.6058107067129,10.0,15.1,12.610416666666666,1.5080266919209688,16.3,7.6,0.0,249.2,67.91166666666668,95.80544460682835,18:30:00
3499,0.0,510486,0.0,10579.81,2019-08-01,7052.88,11079.06,8950.288125000001,1127.615395128345,7.6,16.3,11.808333333333332,2.890765438892446,19.4,8.0,0.0,477.9,102.90833333333332,150.71622309695107,18:30:00
3500,0.0,510486,308.58,10313.56,2019-08-02,7104.23,10579.81,8706.878333333332,1051.1389204629686,8.0,19.4,12.43125,3.8564207995210698,17.9,7.0,0.0,544.5,146.99791666666667,208.70817868710012,19:00:00
3501,0.0,510486,0.0,9627.97,2019-08-03,7062.71,10313.56,8724.386875,960.8366749651638,7.0,17.9,11.466666666666667,3.8804108870688245,20.7,4.4,0.0,408.48,95.31083333333333,136.04607518689713,08:00:00
3502,0.2,510486,0.0,10077.0,2019-08-04,6824.88,9627.97,8075.1485416666665,898.7248566103625,4.4,20.7,10.63125,4.936324597503174,17.1,7.5,0.0,629.03,168.055,236.32120084794082,18:30:00
3503,0.0,510486,0.0,10431.74,2019-08-05,6633.02,10077.0,7996.078333333334,994.654951732345,7.5,17.1,11.81875,3.173470900007041,20.3,6.0,0.0,566.25,137.90458333333333,201.17196488627752,18:30:00
3504,0.0,510486,0.0,10594.11,2019-08-06,6721.99,10431.74,8478.542916666667,1108.0776276246968,6.0,20.3,12.404166666666667,4.879263910884177,20.9,2.0,0.0,611.38,162.10541666666668,228.6378009755366,18:30:00
3505,0.0,510486,489.15,10385.12,2019-08-07,6976.92,10594.11,8647.489375,1128.2764781423868,2.0,20.9,10.179166666666667,5.657003128615285,22.5,1.6,0.0,653.25,176.29458333333332,245.23553232064205,19:00:00
3506,0.0,510486,0.0,10532.23,2019-08-08,6986.87,10385.12,8550.828333333333,1045.0669485473647,1.6,22.5,10.760416666666666,7.170172839346294,19.9,3.1,0.0,646.8,170.12958333333333,236.62115584278567,08:00:00
3507,0.0,510486,0.0,10732.08,2019-08-09,6778.46,10532.23,8588.163333333334,1077.3843135770276,3.1,19.9,11.981250000000001,6.04999230701111,16.7,10.9,0.0,617.15,137.86916666666667,194.36662978169642,19:00:00
3508,0.0,510486,0.0,10713.3,2019-08-10,6778.86,10732.08,8629.126666666667,1098.472834110163,10.9,16.7,13.856250000000001,1.593057577995382,14.7,8.7,0.0,601.12,159.77583333333334,222.16850075565213,18:30:00
3509,0.0,510486,0.0,11128.43,2019-08-11,6819.96,10713.3,8524.990833333333,1062.0271707143188,8.7,14.7,11.252083333333333,1.7985797687056209,15.1,5.2,0.0,590.38,158.20125,220.43725834702536,18:30:00
3510,0.0,510486,0.0,11123.4,2019-08-12,6684.73,11128.43,8562.637499999999,1249.4771233250997,5.2,15.1,11.043750000000001,2.3507270265157305,17.8,4.4,0.0,458.15,129.5325,177.32096479956,18:30:00
3511,0.0,510486,0.0,11221.11,2019-08-13,6990.79,11123.4,8938.932708333334,1243.6057381486862,4.4,17.8,11.197916666666666,3.8395749755549495,17.8,2.8,0.0,629.15,154.44416666666666,222.91873661105632,19:00:00
3512,0.0,510486,0.0,10980.71,2019-08-14,7285.64,11221.11,9063.235416666666,1194.2736671850967,2.8,17.8,9.347916666666666,5.008715365233793,18.9,5.3,0.0,677.97,181.76541666666665,252.38457669400918,19:00:00
3513,0.0,510486,0.0,10634.82,2019-08-15,7358.54,10980.71,9026.402291666667,1108.847404322777,5.3,18.9,10.327083333333333,4.899185324517908,20.3,3.0,0.0,684.05,185.86333333333334,256.670635622348,19:00:00
3514,0.0,510486,618.75,10279.37,2019-08-16,7113.18,10634.82,8728.33625,1139.8123150085771,3.0,20.3,10.204166666666667,6.170760094335541,24.1,1.6,0.0,690.3,190.0716666666667,260.4104947498977,19:00:00
3515,0.0,510486,0.0,9176.7,2019-08-17,7129.66,10279.37,8435.025208333334,883.8375961727728,1.6,24.1,12.602083333333333,8.061083016391974,17.7,6.9,0.0,694.45,187.34124999999997,258.3394414589028,08:00:00
3516,0.0,510486,0.0,9095.48,2019-08-18,6638.83,9176.7,7695.3845833333335,783.57691655192,6.9,17.7,12.31875,3.872909525342589,20.5,5.4,0.0,630.33,173.48874999999998,238.45423179101388,18:30:00
3517,0.0,510486,0.0,11101.06,2019-08-19,6294.42,9095.48,7364.1483333333335,808.909039573391,5.4,20.5,13.885416666666666,5.641487263665434,16.0,9.3,0.0,673.1,183.83333333333334,252.16103972806266,18:30:00
3518,0.0,510486,0.0,10610.94,2019-08-20,6176.72,11101.06,8274.265833333333,1404.4508838973834,9.3,16.0,12.9375,2.010676291434345,20.1,6.2,0.0,677.05,189.34124999999997,258.0990601751542,19:00:00
3519,0.0,510486,0.0,9902.02,2019-08-21,6887.72,10610.94,8520.265000000001,1114.188018743084,6.2,20.1,12.90625,4.559227549822868,21.0,3.6,0.0,707.67,196.595,267.516193274033,19:00:00
3520,0.0,510486,0.0,10631.44,2019-08-22,6674.28,9902.02,8144.848125,955.0119182762072,3.6,21.0,14.59375,5.607305502645634,18.6,7.9,0.0,703.47,194.215,265.161374886907,19:00:00
3521,0.0,510486,647.03,10224.82,2019-08-23,6551.89,10631.44,8358.835000000001,1138.2852023875503,7.9,18.6,13.689583333333333,2.8101820629543486,18.1,5.1,0.0,577.45,141.34,195.40719656982085,18:30:00
3522,0.0,510486,0.0,8763.7,2019-08-24,7180.89,10224.82,8535.390416666667,1019.3864207055998,5.1,18.1,11.216666666666667,4.279706359649303,24.6,1.4,0.0,718.05,183.25625,254.8890129630057,08:00:00
3523,0.0,510486,0.0,9256.61,2019-08-25,6239.62,8763.7,7548.459583333333,798.6977825104165,1.4,24.6,12.379166666666668,8.266233759541034,21.2,3.4,0.0,737.05,206.45333333333335,278.90086828884114,18:30:00
3524,0.0,510486,0.0,10654.74,2019-08-26,6186.8,9256.61,7335.664583333334,908.010664395051,3.4,21.2,12.614583333333334,5.732809254663423,15.6,12.5,0.0,733.2,203.77958333333333,276.0688086229655,19:00:00
3525,2.2,510486,0.0,10330.7,2019-08-27,6429.03,10654.74,8437.90625,1136.997319878623,12.5,15.6,13.789583333333333,0.6836197721744179,16.7,11.5,0.0,310.58,85.55833333333334,116.09291876591206,18:30:00
3526,0.2,510486,0.0,9741.18,2019-08-28,6771.91,10330.7,8411.273958333333,932.0822546999549,11.5,16.7,13.887500000000001,1.4467314591497682,21.1,7.8,0.0,545.03,151.39666666666668,206.04002592538504,19:00:00
3527,0.0,510486,0.0,11185.92,2019-08-29,6810.33,9741.18,8190.471666666667,849.325506250328,7.8,21.1,13.454166666666666,4.30397927372478,13.8,5.6,0.0,670.5,192.69125,258.3123628796914,19:00:00
3528,27.6,510486,0.0,10844.13,2019-08-30,6851.37,11185.92,8982.028541666667,1195.7788926300432,5.6,13.8,10.7875,2.339542144695947,14.6,10.4,0.0,351.38,83.86916666666666,119.52837801718236,18:30:00
3529,0.6,510486,0.0,9533.19,2019-08-31,6977.57,10844.13,8997.742083333333,1010.5735613743112,10.4,14.6,12.93125,1.1634790546624787,16.9,12.3,0.0,279.7,57.84125,88.40505807410067,18:30:00
3530,0.0,517734,0.0,8797.35,2019-09-01,6685.65,9533.19,7980.7247916666665,752.6140053994216,12.3,16.9,14.4625,1.546805218176719,22.9,7.9,0.0,331.98,90.14666666666666,121.07578121640644,18:30:00
3531,0.0,517734,0.0,9800.14,2019-09-02,6067.46,8797.35,7258.67125,794.0720960799921,7.9,22.9,14.612499999999999,4.682589981641592,19.5,7.2,0.0,744.95,206.73291666666668,279.652718721132,19:00:00
3532,0.0,517734,0.0,9324.74,2019-09-03,6351.0,9800.14,7872.158541666667,962.155314403033,7.2,19.5,13.314583333333333,4.0753012985249155,22.8,7.7,0.0,750.05,215.13791666666668,284.4870626247994,19:00:00
3533,0.0,517734,0.0,9098.87,2019-09-04,6024.08,9324.74,7748.876041666666,877.4992429741282,7.7,22.8,14.635416666666666,5.390081102430661,27.5,6.4,0.0,766.45,217.665,289.3432278693071,19:00:00
3534,0.0,517734,0.0,9100.1,2019-09-05,6490.56,9098.87,7686.75125,715.6854834668738,6.4,27.5,17.125,7.498808415980132,21.3,11.5,0.0,774.17,222.08749999999998,294.0040976646704,18:30:00
3535,0.0,517734,0.0,8789.45,2019-09-06,6374.05,9100.1,7645.136041666668,698.5677025741622,11.5,21.3,16.587500000000002,2.90455438410314,29.5,11.2,0.0,758.42,215.46833333333333,285.0333872723142,19:00:00
3536,0.0,517734,0.0,8842.99,2019-09-07,6257.58,8789.45,7604.134999999999,649.7283507154388,11.2,29.5,17.120833333333334,5.353382638459432,18.2,6.2,0.0,797.1,216.24291666666667,291.97674572558606,18:30:00
3537,0.2,517734,0.0,9178.66,2019-09-08,6109.13,8842.99,7195.145208333332,820.1284085421178,6.2,18.2,13.895833333333334,3.368752426017889,18.5,10.3,0.0,803.67,233.8970833333333,306.7845047472479,19:00:00
3538,0.1500000000000005,517734,0.0,10633.88,2019-09-09,6042.46,9178.66,7147.282916666667,929.9846667369194,10.3,18.5,14.314583333333333,2.3070649663295675,17.3,10.1,0.0,809.8,235.01666666666668,307.92614302599463,19:00:00
3539,0.099999999999999,517734,0.0,10404.39,2019-09-10,6238.23,10633.88,8069.44,1195.9941061994525,10.1,17.3,13.041666666666666,1.9905984701851709,16.4,7.1,0.0,766.58,195.84583333333333,265.83171158334994,18:30:00
3540,0.0499999999999995,517734,0.0,9501.1,2019-09-11,6841.51,10404.39,8310.240208333335,991.3456365358552,7.1,16.4,11.694791666666667,3.0693099852346277,19.5,5.9,0.0,529.92,155.18541666666667,202.03718245800047,19:00:00
3541,0.0,517734,0.0,9333.12,2019-09-12,6899.68,9501.1,7997.701249999999,846.4241800271146,5.9,19.5,12.65,4.471422259335008,25.5,5.9,0.0,796.12,231.69375000000002,303.4814647841828,19:00:00
3542,0.2,517734,0.0,8752.1,2019-09-13,6555.53,9333.12,7891.0547916666665,776.29434869028,5.9,25.5,15.075000000000001,6.63188622441738,19.7,10.7,0.0,771.58,198.95375,266.0686649546403,19:00:00
3543,0.0,517734,0.0,8366.86,2019-09-14,6600.46,8752.1,7588.776041666667,642.5712594500569,10.7,19.7,15.6,2.4845908092403657,18.8,6.9,0.0,765.45,222.975,291.5655261485793,18:30:00
3544,0.0,517734,0.0,8132.59,2019-09-15,6169.2,8366.86,7047.497083333333,661.4391124386675,6.9,18.8,13.143749999999999,4.328770954754179,27.1,6.5,0.0,743.4,220.59124999999997,283.5665562864368,19:00:00
3545,0.0,517734,0.0,9267.99,2019-09-16,5990.73,8132.59,6758.112708333333,596.2002698891652,6.5,27.1,16.25,7.201891004628799,27.1,9.4,0.0,844.78,244.26708333333332,317.5739676493432,19:00:00
3546,9.4,517734,0.0,10887.57,2019-09-17,5747.89,9267.99,7418.847916666667,906.2700964309304,9.4,27.1,16.564583333333335,5.648893304654984,14.6,8.5,0.0,555.72,147.07166666666666,195.6266554177346,18:30:00
3547,47.0,517734,0.0,9888.51,2019-09-18,6233.48,10887.57,8596.065,1279.630046033086,8.5,14.6,11.858333333333334,2.0293415065864626,16.5,13.4,0.0,199.98,34.0775,45.58299185889963,18:30:00
3548,24.6,517734,0.0,9213.42,2019-09-19,6240.05,9888.51,8185.37625,918.7073870334842,13.4,16.5,14.762500000000001,0.9922304553861198,20.4,14.2,0.0,527.45,121.90833333333335,170.5335693581008,19:00:00
3549,2.2,517734,0.0,8620.86,2019-09-20,6274.61,9213.42,7732.025000000001,741.9058732979832,14.2,20.4,17.204166666666666,2.0496972618531304,21.4,12.0,0.0,671.5,179.94458333333333,243.5545538889294,19:00:00
3550,0.2,517734,0.0,8118.7,2019-09-21,6182.63,8620.86,7461.552708333334,589.3974314997196,12.0,21.4,17.64375,2.8533598150325434,24.5,15.0,0.0,717.88,211.45333333333335,274.4343022325088,18:30:00
3551,0.0,517734,0.0,8278.69,2019-09-22,5910.81,8118.7,6934.425416666666,561.3308150145767,15.0,24.5,19.510416666666668,2.509067774949647,23.2,15.7,0.0,734.22,182.26166666666666,244.6534341944142,18:30:00
3552,0.0,517734,0.0,9196.73,2019-09-23,5656.62,8278.69,6606.638125,726.8578946942703,15.7,23.2,18.385416666666668,1.9117764472859147,20.8,7.6,0.0,542.75,166.05083333333334,214.6738520440215,19:00:00
3553,0.0,517734,0.0,9076.38,2019-09-24,5836.82,9196.73,7297.0252083333335,886.7244202981818,7.6,20.8,15.066666666666668,3.8443289724250898,21.4,6.6,0.0,813.25,222.10083333333333,290.9802121230293,19:00:00
3554,0.0,517734,0.0,8996.85,2019-09-25,6327.53,9076.38,7443.4375,777.2920520586952,6.6,21.4,13.275,4.567577690356981,19.6,6.8,0.0,892.1,270.0825,340.742411723003,19:00:00
3555,0.0,517734,0.0,9023.3,2019-09-26,6253.77,8996.85,7462.665416666667,726.609564615903,6.8,19.6,13.852083333333333,4.2861473839758615,20.2,10.6,0.0,871.58,259.04125,332.17704000564953,19:00:00
3556,0.0,517734,0.0,8471.28,2019-09-27,6307.63,9023.3,7507.738541666667,696.4783445243978,10.6,20.2,16.127083333333335,3.024069372116963,25.4,10.7,0.0,745.08,203.60791666666668,267.68067932892154,19:00:00
3557,0.0,517734,0.0,8208.14,2019-09-28,6195.74,8471.28,7219.507291666666,593.3035472484679,10.7,25.4,18.075,4.810339042326191,19.1,10.4,0.0,880.25,239.03562499999998,314.46058482948723,19:00:00
3558,0.0,517734,0.0,8280.08,2019-09-29,5999.14,8208.14,6799.936666666667,651.4303108213022,10.4,19.1,15.391666666666666,2.233862539184457,21.4,8.9,0.0,889.85,263.21520833333335,333.93997220636777,19:00:00
3559,0.0,517734,0.0,9177.25,2019-09-30,5795.17,8280.08,6658.626666666667,717.2864956069803,8.9,21.4,15.697916666666666,3.6034551730800204,18.4,12.2,0.0,853.47,257.2676041666667,323.8785313643254,19:00:00
3560,0.0,525778,0.0,9045.13,2019-10-01,6023.86,9177.25,7498.275833333333,828.4468481026436,12.2,18.4,15.081249999999999,1.394313107789349,20.0,8.7,0.0,523.97,134.76645833333333,186.79681684368822,19:00:00
3561,0.0,525778,0.0,8697.39,2019-10-02,6277.74,9045.13,7516.411666666667,690.2074371361223,8.7,20.0,15.012500000000001,3.5187416150083397,25.4,8.7,0.0,786.45,215.86239583333335,274.2392171797291,19:00:00
3562,0.0,525778,0.0,8895.75,2019-10-03,6253.67,8697.39,7284.269583333334,641.4980647520879,8.7,25.4,16.645833333333332,5.731137733147935,29.9,10.1,0.0,918.42,281.5097916666667,349.53111774380307,19:00:00
3563,0.0,525778,0.0,8515.09,2019-10-04,6094.35,8895.75,7377.9725,715.0953000095478,10.1,29.9,19.712500000000002,7.025262166683767,32.7,10.7,0.0,922.33,283.74135416666667,353.1233903096275,19:00:00
3564,9.8,525778,0.0,7964.32,2019-10-05,5933.1,8515.09,7304.133541666667,685.1936973679219,10.7,32.7,19.014583333333334,6.341319735899444,18.2,15.0,0.0,944.53,279.4944791666667,352.81212172546606,18:30:00
3565,0.6,525778,0.0,7636.42,2019-10-06,5929.72,7964.32,6950.078333333334,516.3252176941878,15.0,18.2,16.48125,0.8731591578249733,23.4,15.3,0.0,535.33,122.28635416666667,169.55395196941407,19:00:00
3566,0.2,525778,0.0,7917.97,2019-10-07,5829.02,7636.42,6558.404166666667,521.8913757316944,15.3,23.4,18.654166666666665,2.671517086993695,21.1,16.5,0.0,742.92,186.49041666666665,244.70955940607698,18:30:00
3567,0.0,525778,0.0,8555.61,2019-10-08,5800.41,7917.97,6638.026875,640.2572486954346,16.5,21.1,18.943749999999998,1.3608361400256823,23.0,12.8,0.0,820.8,235.175625,299.6084278308283,18:30:00
3568,0.0,525778,0.0,8499.57,2019-10-09,5950.01,8555.61,7345.208750000001,714.5033268079872,12.8,23.0,16.66875,2.8695137292846655,17.9,9.7,0.0,784.58,197.15583333333333,266.88496234100353,18:30:00
3569,0.0,525778,0.0,8414.78,2019-10-10,6159.22,8499.57,7284.400000000001,643.3242216798624,9.7,17.9,14.38125,2.6496612589601045,18.7,9.9,0.0,815.7,249.63791666666665,308.0992622789675,19:00:00
3570,2.4,525778,0.0,8448.88,2019-10-11,6255.91,8414.78,7313.3220833333335,594.1183239158581,9.9,18.7,14.8125,2.5085068034547406,17.3,10.2,0.0,762.3,237.05125,294.0946364991263,18:30:00
3571,8.0,525778,0.0,8343.71,2019-10-12,6228.3,8448.88,7500.952916666666,605.7310707747707,10.2,17.3,14.314583333333333,2.0943682928509224,17.0,11.2,0.0,667.5,201.595,250.45548491804266,19:00:00
3572,0.4,525778,0.0,8151.55,2019-10-13,6049.91,8343.71,7251.477708333333,600.7426971930715,11.2,17.0,14.091666666666667,1.777618934984151,18.5,9.8,0.0,565.58,129.9065625,174.42783784131478,18:30:00
3573,0.0,525778,0.0,8488.89,2019-10-14,5955.67,8151.55,6772.818958333333,619.335821472056,9.8,18.5,13.908333333333333,3.0612772562635215,22.0,9.1,0.0,754.42,218.051875,271.2277359068076,19:00:00
3574,0.0,525778,0.0,8469.65,2019-10-15,6038.31,8488.89,7302.2716666666665,660.2013975258119,9.1,22.0,16.233333333333334,4.719237827632644,25.2,11.3,0.0,928.6,263.34375,329.649321377391,19:00:00
3575,0.0,525778,0.0,8498.22,2019-10-16,6065.21,8469.65,7310.0720833333335,623.9424630318813,11.3,25.2,18.825,4.444528072499266,25.1,14.4,0.0,951.72,285.88166666666666,352.821130553781,19:00:00
3576,0.0,525778,0.0,8263.08,2019-10-17,6114.78,8498.22,7445.292708333333,645.5256181502434,14.4,25.1,19.922916666666666,2.760144891612582,27.4,15.5,0.0,896.25,219.66739583333333,299.9553048354456,18:30:00
3577,0.0,525778,0.0,7948.88,2019-10-18,6069.45,8263.08,7260.325208333333,572.347839803397,15.5,27.4,20.372916666666665,3.7089162024994744,24.8,8.1,0.0,899.08,296.3796875,353.37372694215026,19:00:00
3578,0.0,525778,0.0,7628.16,2019-10-19,6074.31,7948.88,7018.238333333334,560.0373934412611,8.1,24.8,16.652083333333334,4.359679354954238,28.2,7.1,0.0,1018.83,329.250625,392.5301608233233,19:00:00
3579,0.0,525778,0.0,7794.19,2019-10-20,5860.24,7628.16,6634.948958333333,508.7065283272095,7.1,28.2,18.291666666666668,7.186744101478905,20.3,7.7,0.0,997.03,287.11541666666665,370.19036517146156,19:00:00
3580,0.0,525778,0.0,8319.76,2019-10-21,5735.88,7794.19,6477.165,628.9147255053315,7.7,20.3,14.989583333333334,3.965931490665525,22.8,8.4,0.0,1008.1,323.60520833333334,387.87743850339604,19:00:00
3581,0.0,525778,0.0,8298.95,2019-10-22,5983.69,8319.76,7224.818958333333,654.4969614260355,8.4,22.8,15.879166666666668,4.941184212153976,24.1,9.3,0.0,976.53,310.74635416666666,373.44466865458327,19:00:00
3582,0.0,525778,0.0,8579.75,2019-10-23,6084.82,8298.95,7282.838333333333,609.3839632840705,9.3,24.1,17.339583333333334,4.926858201489936,25.1,13.2,0.0,1006.15,323.4733333333333,384.53426094672494,18:00:00
3583,0.0,525778,0.0,8867.53,2019-10-24,6114.36,8579.75,7396.582291666667,676.8106697113018,13.2,25.1,19.29375,4.121733071250282,25.8,15.8,0.0,980.42,308.06625,374.32012333781677,18:00:00
3584,0.0,525778,0.0,9514.79,2019-10-25,6083.82,8867.53,7602.246666666666,807.971940955644,15.8,25.8,20.697916666666668,3.469839016643058,35.0,13.9,0.0,965.03,299.04197916666664,365.105336860444,18:00:00
3585,0.2,525778,0.0,7875.88,2019-10-26,6119.26,9514.79,7946.533125000001,1005.4024638478387,13.9,35.0,24.397916666666664,7.217222002939654,30.6,18.8,0.0,961.33,289.00895833333334,359.5482951210084,16:30:00
3586,0.0,525778,0.0,7694.57,2019-10-27,5988.11,7875.88,6995.93,521.8880850233718,18.8,30.6,25.15416666666667,3.328660732111872,22.3,12.0,0.0,895.08,264.6175,319.0502905532725,17:30:00
3587,0.0,525778,0.0,8243.99,2019-10-28,5729.21,7694.57,6412.172291666667,619.6939625648428,12.0,22.3,17.589583333333334,3.139131170172106,20.5,10.7,0.0,1044.88,342.6483333333333,402.1435263317905,19:00:00
3588,0.0,525778,0.0,8443.09,2019-10-29,5946.6,8243.99,7188.780416666667,631.7832140919326,10.7,20.5,15.86875,3.5056280737535968,25.3,10.5,0.0,851.25,280.27677083333333,325.7699306446545,19:00:00
3589,0.0,525778,0.0,8858.65,2019-10-30,6064.91,8443.09,7311.275416666666,654.3166735105153,10.5,25.3,18.272916666666667,4.975845467914712,28.6,13.8,0.0,983.45,317.68114583333335,378.83701365654906,19:00:00
3590,0.0,525778,0.0,9272.97,2019-10-31,6048.77,8858.65,7586.256249999999,778.4824654022918,13.8,28.6,20.616666666666667,4.825346788698784,28.2,14.8,0.0,706.9,212.875625,258.1045064042797,17:00:00
3591,0.0,534919,0.0,9039.92,2019-11-01,6090.9,9272.97,7817.087916666666,912.6725455961349,14.8,28.2,20.847916666666666,4.108941447951655,25.9,12.9,0.0,945.97,303.44614583333333,362.36006514656225,17:00:00
3592,0.0,534919,0.0,8302.58,2019-11-02,6156.37,9039.92,7721.062916666667,785.1353770866616,12.9,25.9,20.33125,3.7803048537431514,27.6,15.1,0.0,984.4,315.29364583333336,380.6854425352165,17:00:00
3593,0.0,534919,0.0,8360.95,2019-11-03,6074.42,8302.58,7231.15125,661.8543085765804,15.1,27.6,21.3125,3.934226518373383,30.4,15.2,0.0,809.0,286.1717708333333,331.31710644305315,17:00:00
3594,14.4,534919,0.0,8475.74,2019-11-04,5984.93,8360.95,7154.219791666666,778.9864406803141,15.2,30.4,21.764583333333334,4.786838764216936,23.4,16.2,0.0,816.7,222.0328125,289.0165144308021,19:00:00
3595,0.2,534919,0.0,8276.54,2019-11-05,5982.12,8475.74,7424.59875,704.4165507667659,16.2,23.4,19.314583333333335,2.2776424525908303,18.5,11.5,0.0,990.0,312.9184375,364.6117755684049,17:00:00
3596,0.0,534919,0.0,8311.68,2019-11-06,6150.31,8276.54,7308.133333333334,568.8555139267114,11.5,18.5,15.9625,1.6907287865850102,28.5,9.9,0.0,738.58,252.72354166666665,284.6524375144791,19:00:00
3597,0.0,534919,0.0,8871.9,2019-11-07,6023.46,8311.68,7087.315416666667,642.8775736962087,9.9,28.5,18.64375,6.133199028170284,29.8,16.4,0.0,1052.22,350.7109375,405.77872750868846,18:00:00
3598,0.0,534919,0.0,8659.74,2019-11-08,5961.08,8871.9,7504.716041666667,820.9310481858317,16.4,29.8,24.160416666666666,3.829212439627948,29.9,14.3,0.0,1051.65,342.17375,400.5080011346495,18:00:00
3599,0.0,534919,0.0,7507.31,2019-11-09,6099.75,8659.74,7494.079791666667,699.3213969346232,14.3,29.9,22.2375,5.0310366513506946,19.0,12.3,0.0,1024.75,319.5803125,383.6999548993899,17:00:00
3600,0.0,534919,0.0,7695.01,2019-11-10,5695.18,7507.31,6505.583750000001,519.6724939872366,12.3,19.0,15.916666666666666,2.1212534766163,23.0,13.7,0.0,1059.75,341.8027083333333,403.93031202460674,19:00:00
3601,0.0,534919,0.0,8653.88,2019-11-11,5709.96,7695.01,6433.600625,638.7059375264298,13.7,23.0,18.035416666666666,2.8151179698899256,25.9,11.7,0.0,1038.6,347.5471875,401.63936680690205,19:30:00
3602,0.0,534919,0.0,10183.0,2019-11-12,5956.39,8653.88,7309.103541666666,759.0531797630948,11.7,25.9,19.070833333333333,4.827798861175933,35.4,11.6,0.0,1009.95,337.32802083333337,390.1093256161684,18:00:00
3603,0.0,534919,0.0,8149.4,2019-11-13,6052.86,10183.0,7874.787083333334,1205.8825753231145,11.6,35.4,23.197916666666668,9.037474924678044,22.0,12.6,0.0,1043.5,337.15520833333335,398.3402145752146,17:00:00
3604,0.0,534919,0.0,8397.91,2019-11-14,6014.37,8149.4,7101.927500000001,593.3234295179092,12.6,22.0,17.506249999999998,2.9741014198105535,24.8,11.1,0.0,1089.62,367.9667708333333,419.5582588860062,19:30:00
3605,0.0,534919,0.0,9016.46,2019-11-15,6072.53,8397.91,7306.46875,645.2703061034425,11.1,24.8,18.558333333333334,4.3530783108211875,32.8,10.7,0.0,1023.97,340.9007291666666,394.6641206247401,19:30:00
3606,0.0,534919,0.0,7694.43,2019-11-16,6029.96,9016.46,7509.996458333334,817.382015910552,10.7,32.8,22.83125,7.615665720191643,21.4,16.8,0.0,1053.9,332.52000000000004,390.65628014945923,17:00:00
3607,0.0,534919,0.0,7672.29,2019-11-17,5961.85,7694.43,6781.366666666666,502.4116301012473,16.8,21.4,19.266666666666666,1.3236528009975457,20.9,17.0,0.0,828.4,275.06635416666666,317.09395918704354,19:00:00
3608,0.0,534919,0.0,8692.17,2019-11-18,5881.72,7672.29,6679.681041666667,527.8963919108644,17.0,20.9,18.5625,1.1617347630050787,25.9,13.1,0.0,883.15,249.7536458333333,322.2013767531694,19:30:00
3609,0.0,534919,0.0,10106.45,2019-11-19,6038.11,8692.17,7382.715208333334,754.4017890848505,13.1,25.9,19.51875,3.8502642213837857,34.6,11.8,0.0,1002.8,319.09697916666664,384.5645242054739,18:00:00
3610,0.0,534919,0.0,9068.55,2019-11-20,6161.05,10106.45,8006.878125,1135.52229279794,11.8,34.6,22.72083333333333,7.712850794348775,22.9,16.8,0.0,1018.92,323.1141666666667,379.9456308520288,17:00:00
3611,0.0,534919,0.0,10655.79,2019-11-21,6260.98,9068.55,7736.680833333333,767.3134734733652,16.8,22.9,19.597916666666666,1.890343837161652,27.2,14.7,0.0,928.25,283.1247916666667,342.8696421257574,17:00:00
3612,0.0,534919,0.0,9104.23,2019-11-22,6334.99,10655.79,8406.476875,1289.2808295261516,14.7,27.2,21.506249999999998,4.264020989629388,22.3,17.3,0.0,976.78,312.12656250000003,368.8453463911691,17:00:00
3613,0.8,534919,0.0,8003.71,2019-11-23,6492.77,9104.23,8071.562083333333,789.9342806894344,17.3,22.3,19.772916666666667,1.5579227281705466,22.1,18.2,0.0,769.3,200.76083333333335,270.922887838237,16:30:00
3614,0.2,534919,0.0,8126.75,2019-11-24,6246.49,8003.71,7213.296249999999,497.00650606052335,18.2,22.1,19.852083333333333,1.0665094354418647,22.7,18.7,0.0,548.88,144.77708333333334,181.45208283084676,17:30:00
3615,0.2,534919,0.0,9436.87,2019-11-25,5964.61,8126.75,6964.984791666667,647.1591334669882,18.7,22.7,19.891666666666666,1.1058516181741755,30.5,17.2,0.0,620.58,174.21729166666668,225.07819005459757,18:00:00
3616,8.2,534919,0.0,9340.89,2019-11-26,6159.54,9436.87,7948.022916666666,1018.1724733758266,17.2,30.5,22.477083333333336,3.8306290569084323,34.0,17.5,0.0,902.03,224.03281249999998,306.8408756403391,15:30:00
3617,0.0,534919,0.0,8346.22,2019-11-27,6218.87,9340.89,8023.526458333334,974.4697215594362,17.5,34.0,24.697916666666668,5.808485706763316,22.7,9.6,0.0,968.0,246.37979166666665,297.74962635515857,17:00:00
3618,0.0,534919,0.0,9024.31,2019-11-28,6152.95,8346.22,7276.637291666667,626.4920682207974,9.6,22.7,17.41875,3.63936259616749,26.8,12.1,0.0,1091.28,372.52208333333334,420.1480550490801,18:00:00
3619,0.0,534919,0.0,9765.25,2019-11-29,6069.37,9024.31,7637.543125,838.9679578979096,12.1,26.8,19.902083333333334,4.718794003129574,29.3,19.4,0.0,1052.15,351.5998958333334,404.6840206331848,17:30:00
3620,0.0,534919,403.825,7656.39,2019-11-30,6351.5,9765.25,8119.387916666667,965.5854969383581,19.4,29.3,23.214583333333334,2.9222542728963528,21.9,17.1,0.0,961.75,259.11854166666666,334.87671131925293,17:00:00
3621,0.0,543882,0.0,7897.46,2019-12-01,6120.76,7656.39,7101.255833333334,455.0378503023699,17.1,21.9,19.952083333333334,1.2086548850708676,23.5,17.2,0.0,695.75,195.65187500000002,219.36666466100692,08:30:00
3622,0.0,543882,0.0,8101.64,2019-12-02,5844.29,7897.46,6684.298541666667,628.6259843127285,17.2,23.5,19.681250000000002,1.9317786149093992,22.5,11.7,0.0,910.22,234.0382291666667,299.3622559238179,19:30:00
3623,0.0,543882,0.0,8471.69,2019-12-03,5847.81,8101.64,7163.356666666667,668.504231627255,11.7,22.5,18.410416666666666,2.2648319258793275,28.4,8.9,0.0,793.25,247.0169791666667,285.0525692628291,19:30:00
3624,0.0,543882,0.0,8921.47,2019-12-04,5952.59,8471.69,7251.050625,711.5343323915864,8.9,28.4,19.806250000000002,6.529911740630612,29.7,13.1,0.0,1053.03,371.6405208333333,413.41983761840106,18:00:00
3625,0.0,543882,0.0,9842.08,2019-12-05,6048.25,8921.47,7496.848333333332,800.7715427658169,13.1,29.7,21.197916666666668,4.666471152186029,33.3,11.4,0.0,1065.5,359.31406250000003,404.7625132423086,17:00:00
3626,0.0,543882,0.0,9454.78,2019-12-06,6132.23,9842.08,7918.703333333334,1137.6396143851703,11.4,33.3,23.883333333333336,7.736081072132706,28.4,15.4,0.0,1014.5,344.8677083333334,392.854258740559,17:00:00
3627,0.0,543882,0.0,8056.4,2019-12-07,6175.24,9454.78,7917.067291666666,938.8091789970443,15.4,28.4,21.760416666666668,3.7814631629148896,26.2,14.9,0.0,682.1,236.6628125,252.13402926564692,17:00:00
3628,0.0,543882,0.0,8176.57,2019-12-08,6054.59,8056.4,7143.04,609.732322643794,14.9,26.2,21.224999999999998,3.4293787043533626,24.6,18.4,0.0,944.17,307.5525,358.36108072398093,18:00:00
3629,0.0,543882,0.0,9992.34,2019-12-09,5887.18,8176.57,6927.035416666667,706.4401336125703,18.4,24.6,21.410416666666666,1.7079587895936958,25.9,20.0,0.0,933.03,301.925,351.5308187255134,18:00:00
3630,0.0,543882,0.0,10768.37,2019-12-10,6089.78,9992.34,8211.946875,1197.16407928062,20.0,25.9,22.462500000000002,1.8523848917635997,36.1,16.7,0.0,910.15,290.0836458333333,343.1821924590486,17:00:00
3631,0.0,543882,0.0,8813.46,2019-12-11,6403.72,10768.37,8620.240625,1417.1915932491968,16.7,36.1,21.68958333333333,4.782158311951557,21.8,17.9,0.0,899.1,276.96864583333337,337.5337256573125,15:30:00
3632,0.0,543882,0.0,8612.08,2019-12-12,6218.15,8813.46,7748.506666666667,761.4346229527561,17.9,21.8,19.441666666666666,1.1451717948484015,22.1,18.2,0.0,745.15,209.91718749999998,264.46038102486193,18:00:00
3633,0.0,543882,0.0,8219.17,2019-12-13,6170.92,8612.08,7627.1483333333335,706.5419657811765,18.2,22.1,19.510416666666668,1.0960741517339478,23.1,17.3,0.0,863.65,224.0996875,287.01714597461057,17:30:00
3634,0.0,543882,0.0,8332.41,2019-12-14,6045.62,8219.17,7520.7439583333335,657.7765630232818,17.3,23.1,19.895833333333332,1.5303953505803727,27.5,16.8,0.0,808.2,226.6341666666667,271.57240682212745,16:30:00
3635,0.0,543882,0.0,8896.97,2019-12-15,6122.84,8332.41,7244.625833333333,687.182288686486,16.8,27.5,21.770833333333332,3.1035297909188135,28.3,19.7,0.0,1018.62,313.681875,377.76738988602915,18:00:00
3636,0.0,543882,0.0,8675.44,2019-12-16,6077.07,8896.97,7382.935833333333,938.4793849759421,19.7,28.3,23.28333333333333,2.6589338235492415,22.3,18.3,0.0,880.12,247.08541666666667,303.30962822900705,18:00:00
3637,0.0,543882,0.0,9058.9,2019-12-17,6248.38,8675.44,7682.303541666667,717.0208862250346,18.3,22.3,20.33125,1.056521037238567,24.3,13.2,0.0,862.65,289.42895833333336,327.69166614130773,17:00:00
3638,0.0,543882,0.0,9868.04,2019-12-18,6151.67,9058.9,7722.311041666667,813.135411410904,13.2,24.3,19.65625,3.3627437031040537,27.3,13.4,0.0,1068.15,368.62947916666667,412.96088736313055,17:00:00
3639,0.0,543882,0.0,11454.8,2019-12-19,6199.54,9868.04,8029.423750000001,1085.1614295610184,13.4,27.3,20.9375,4.554101494865033,40.0,16.5,0.0,1066.78,348.7938541666667,399.4911560430818,17:00:00
3640,0.0,543882,0.0,9813.26,2019-12-20,6412.62,11454.8,8810.094166666668,1629.1796982998778,16.5,40.0,24.704166666666666,7.542135775543792,26.6,19.0,0.0,921.25,259.3069791666667,321.74333557669974,14:30:00
3641,0.0,543882,0.0,11269.83,2019-12-21,6381.03,9813.26,8168.5877083333335,1031.4075920349849,19.0,26.6,22.054166666666664,2.426797060248593,33.5,20.0,0.0,1004.95,330.77270833333336,389.81610999230156,16:30:00
3642,0.0,543882,0.0,7642.72,2019-12-22,6326.13,11269.83,8322.024374999999,1569.1241766123505,20.0,33.5,24.68541666666667,4.959194752039133,20.9,18.1,0.0,971.9,293.0436458333333,348.881604418821,16:30:00
3643,0.0,543882,0.0,8460.16,2019-12-23,5903.87,7642.72,6824.841874999999,517.2315213965572,18.1,20.9,19.2,0.8168439523882102,24.5,16.8,0.0,615.78,175.24791666666667,205.47117969679564,19:30:00
3644,0.6,543882,0.0,8670.76,2019-12-24,5798.36,8460.16,7287.088124999999,799.7450449499146,16.8,24.5,20.25,2.5213977886304733,27.4,19.4,0.0,452.0,145.4128125,169.74991987246645,18:00:00
3645,4.4,543882,0.0,7430.68,2019-12-25,6051.19,8670.76,7522.140625,758.1800845793782,19.4,27.4,22.618750000000002,2.06321957144653,27.4,19.9,0.0,806.75,248.19062499999998,297.62330767232237,16:30:00
3646,0.2,543882,0.0,8509.18,2019-12-26,5673.71,7430.68,6617.27,539.5925959738395,19.9,27.4,22.897916666666664,2.237256068560783,28.1,18.0,0.0,1010.72,330.25114583333334,378.1942819535781,20:00:00
3647,0.0,543882,0.0,9324.59,2019-12-27,5634.88,8509.18,6950.807083333333,940.2130544019844,18.0,28.1,23.477083333333336,2.9935561705268348,28.5,19.2,0.0,1042.62,358.9377083333334,405.4490482444077,18:00:00
3648,0.0,543882,0.0,9806.43,2019-12-28,5868.28,9324.59,7508.199791666667,1071.8626471876544,19.2,28.5,23.522916666666664,2.6698664866875976,29.9,16.6,0.0,1075.65,349.9621875,410.75844725765205,17:00:00
3649,0.0,543882,0.0,9773.2,2019-12-29,5999.2,9806.43,7694.271458333334,1258.338250581516,16.6,29.9,23.972916666666666,4.107374767691587,29.3,18.1,0.0,1102.62,386.1303125,428.40785201796314,17:00:00
3650,0.0,543882,0.0,10848.99,2019-12-30,6104.58,9773.2,7746.240833333333,1255.5899335843842,18.1,29.3,23.68958333333333,3.6120507279096894,31.0,18.1,0.0,918.95,303.52510416666667,345.415272510495,17:30:00
3651,0.0,543882,0.0,11638.99,2019-12-31,6127.94,10848.99,8321.401041666666,1538.3337319130221,18.1,31.0,24.172916666666666,4.175497910599217,42.1,17.7,0.0,913.22,306.30625000000003,351.79216625260733,17:00:00
3652,0.0,550461,0.0,8492.82,2020-01-01,6206.5,11638.99,8503.726875,1734.1250681014,17.7,42.1,26.425,8.478295191941722,24.7,19.1,0.0,950.33,308.81875,360.3101361305344,16:30:00
3653,0.0,550461,0.0,9101.15,2020-01-02,6037.57,8492.82,7080.991875,819.6274394092608,19.1,24.7,21.441666666666666,1.8198472385426199,25.3,19.9,0.0,994.53,302.46270833333335,366.339008601814,17:00:00
3654,0.0,550461,0.0,10858.09,2020-01-03,6037.57,9101.15,7592.207083333334,911.0149723737728,19.9,25.3,22.289583333333336,1.7023437639854475,30.3,21.9,0.0,606.42,189.5446875,226.33201652591595,17:00:00
3655,0.0,550461,0.0,12334.04,2020-01-04,6217.33,10858.09,8409.726458333333,1495.6373584023945,21.9,30.3,24.933333333333334,2.681086897203188,44.7,20.1,0.0,1012.42,315.9035416666667,379.84204749146573,17:00:00
3656,0.0,550461,0.0,8220.91,2020-01-05,6470.78,12334.04,9355.247291666667,2139.200085770518,20.1,44.7,30.702083333333334,8.390280333696497,24.6,20.4,0.0,1007.67,330.8309375,383.2415318014302,16:30:00
3657,0.0,550461,0.0,8795.51,2020-01-06,6262.66,8220.91,7291.352708333333,625.4910323310412,20.4,24.6,22.243750000000002,1.0479780430540562,25.2,17.4,0.0,906.7,264.06645833333334,326.1085978072113,17:00:00
3658,2.0,550461,0.0,10506.18,2020-01-07,5873.73,8795.51,7619.55,931.9100087546125,17.4,25.2,21.120833333333334,1.8211474443834588,29.4,19.9,0.0,528.78,148.10802083333334,182.19769905283792,17:00:00
3659,10.2,550461,0.0,9715.67,2020-01-08,6216.91,10506.18,8240.597083333334,1283.4276158703087,19.9,29.4,24.131249999999998,3.1099125150177174,26.1,21.2,0.0,576.45,177.6884375,201.2464755477198,17:00:00
3660,0.0,550461,0.0,9179.49,2020-01-09,6457.38,9715.67,8235.527083333332,1013.774909800124,21.2,26.1,22.995833333333334,1.3740696401152745,25.2,21.3,0.0,822.65,237.84083333333334,297.1676688861117,17:00:00
3661,0.0,550461,0.0,11920.34,2020-01-10,6351.65,9179.49,8000.005625000001,876.5884297805515,21.3,25.2,22.727083333333336,1.2673879292152725,30.2,21.8,0.0,403.85,121.7465625,150.44307574824361,17:00:00
3662,0.4,550461,23.52,8302.9,2020-01-11,6403.06,11920.34,9098.401875,1790.484477219642,21.8,30.2,26.224999999999998,3.2097259112783947,26.5,18.9,0.0,1015.47,325.59625,387.2330380479577,17:00:00
3663,0.8,550461,0.0,7690.59,2020-01-12,6551.58,8302.9,7263.744791666667,381.54678794539063,18.9,26.5,21.0,1.303840481040531,21.6,18.1,0.0,302.95,89.526875,99.98506353677097,00:00:00
3664,1.8,550461,0.0,8671.97,2020-01-13,5765.85,7690.59,6792.416666666667,581.0656013146934,18.1,21.6,19.554166666666667,1.0023288485159831,26.2,15.4,0.0,566.17,165.09197916666668,202.14080512224058,18:00:00
3665,0.0,550461,0.0,9412.35,2020-01-14,5850.03,8671.97,7407.147083333333,839.4894839328632,15.4,26.2,20.900000000000002,3.606731295549737,27.1,16.5,0.0,869.28,298.4614583333333,337.5125030449358,18:00:00
3666,0.0,550461,0.0,9524.55,2020-01-15,6125.35,9412.35,7895.085208333333,993.8224769598419,16.5,27.1,22.027083333333334,3.6103715600223807,27.5,16.1,0.0,917.75,302.89677083333333,351.2522498171146,17:00:00
3667,4.4,550461,0.0,9316.72,2020-01-16,6251.32,9524.55,8132.430208333334,1051.5408973552062,16.1,27.5,22.462500000000002,3.8698850936814493,27.9,20.2,0.0,841.15,263.73562499999997,311.69730688401853,17:00:00
3668,24.4,550461,107.25,8401.15,2020-01-17,6493.73,9316.72,8147.563541666666,865.0962122522252,20.2,27.9,22.454166666666666,2.1471364734131346,22.1,18.3,0.0,468.08,141.5309375,162.47925805316402,17:00:00
3669,10.0,550461,0.0,7744.74,2020-01-18,6217.99,8401.15,7667.08125,692.6152335083061,18.3,22.1,20.377083333333335,1.152285348697403,23.2,19.4,0.0,313.05,100.04510416666666,115.17167959777221,11:00:00
3670,3.0,550461,0.0,8025.98,2020-01-19,6053.64,7744.74,7111.982083333333,543.2206444779667,19.4,23.2,21.287499999999998,0.8183078024646163,25.1,18.7,0.0,371.05,125.3325,142.17554253719126,19:30:00
3671,2.0,550461,0.0,9787.26,2020-01-20,5938.99,8025.98,7027.028958333333,662.021534837239,18.7,25.1,21.64375,2.259910208157874,29.0,19.5,0.0,694.22,200.5234375,236.66707053067285,19:30:00
3672,0.2,550461,0.0,9925.09,2020-01-21,6063.74,9787.26,8134.332708333334,1198.4012624960317,19.5,29.0,23.349999999999998,3.0079327742601043,30.2,16.4,0.0,983.92,284.1109375,333.61956387104556,16:00:00
3673,0.0,550461,0.0,11679.1,2020-01-22,6190.65,9925.09,8107.235833333333,1112.019431122962,16.4,30.2,23.260416666666668,4.225894823198706,30.3,18.0,0.0,1040.8,355.8746875,404.099170911403,17:00:00
3674,0.0,550461,0.0,13330.14,2020-01-23,6424.9,11679.1,8892.226666666667,1641.7737750363665,18.0,30.3,24.802083333333332,4.241461489554737,40.9,18.0,0.0,1026.6,352.5936458333333,401.2262745139721,17:00:00
3675,1.8,550461,0.0,10052.6,2020-01-24,6582.13,13330.14,10173.917916666667,2323.143609377457,18.0,40.9,30.222916666666666,8.159063347977638,30.1,22.4,0.0,993.38,323.57677083333334,376.4031157259201,17:00:00
3676,4.4,550461,0.0,9861.13,2020-01-25,7565.86,10052.6,8941.812708333333,676.8906388829753,22.4,30.1,24.81458333333333,1.9660944744008384,28.5,23.3,0.0,726.75,230.1442708333333,266.2509614166831,17:00:00
3677,0.0,550461,0.0,10840.67,2020-01-26,6583.33,9861.13,8263.58625,1044.886080160559,23.3,28.5,25.489583333333332,1.6308514397208962,35.3,24.2,0.0,496.77,172.26666666666665,194.40618311497533,18:00:00
3678,2.4,550461,0.0,11056.05,2020-01-27,6605.66,10840.67,8750.469583333334,1475.1167623686943,24.2,35.3,28.514583333333334,3.38551291461655,28.3,22.9,0.0,953.25,274.76489583333336,345.29985950772226,18:00:00
3679,0.0,550461,0.0,12349.85,2020-01-28,6647.04,11056.05,8564.945833333333,1422.5937239211057,22.9,28.3,25.24791666666667,1.6439430521965301,30.3,22.0,0.0,903.75,266.0755208333333,323.54289404244565,18:00:00
3680,0.0,550461,0.0,10778.14,2020-01-29,6806.24,12349.85,9629.795625,1822.5838308454229,22.0,30.3,25.641666666666666,2.5004538595115275,27.1,20.1,0.0,804.65,249.03520833333334,299.27195460615,16:30:00
3681,0.0,550461,0.0,11979.43,2020-01-30,6929.11,10778.14,8920.190833333332,1158.6704479884881,20.1,27.1,24.03333333333333,1.7160485701271553,29.5,17.1,0.0,769.58,226.53916666666666,276.03211020877995,17:00:00
3682,0.0,550461,0.0,13143.76,2020-01-31,6515.47,11979.43,9191.990416666666,1690.5415790527618,17.1,29.5,23.70625,4.056746744490731,31.9,21.0,0.0,1002.83,322.84250000000003,376.9181411439416,17:00:00
3683,0.0,558584,0.0,13634.63,2020-02-01,6947.14,13143.76,10217.707291666668,2071.473922925557,21.0,31.9,26.599999999999998,3.6710483168545807,40.1,23.5,0.0,1043.85,345.9221875,402.44364357396876,15:30:00
3684,0.0,558584,0.0,10938.26,2020-02-02,7323.84,13634.63,10653.15625,2282.8597627701533,23.5,40.1,30.870833333333334,5.419584593224884,27.1,22.1,0.0,973.88,326.5542708333333,377.5451914770413,17:30:00
3685,31.8,558584,0.0,10741.33,2020-02-03,7670.63,10938.26,9299.234583333333,1091.3914070384062,22.1,27.1,24.954166666666666,1.7028084852938274,32.2,20.1,0.0,815.0,231.91291666666666,295.6747233813387,15:00:00
3686,0.4,558584,0.0,8166.43,2020-02-04,6664.24,10741.33,8653.178125,1243.9886540080113,20.1,32.2,23.90625,3.4084629499014754,21.9,17.4,0.0,920.8,239.05989583333334,320.2439049455527,16:30:00
3687,0.0,558584,0.0,8698.81,2020-02-05,6182.27,8166.43,7432.763749999999,587.8756664705484,17.4,21.9,19.945833333333333,1.342109855879255,25.4,14.8,0.0,647.12,187.766875,228.7265403145903,18:00:00
3688,0.6,558584,0.0,8592.13,2020-02-06,6029.82,8698.81,7638.969583333333,800.3722512095263,14.8,25.4,21.147916666666667,3.3621162018303172,24.1,20.1,0.0,743.22,246.7435416666667,288.63403001540615,17:00:00
3689,48.2,558584,182.5,8552.26,2020-02-07,6170.28,8592.13,7829.723125,809.8261570925595,20.1,24.1,21.54375,1.2622010916429602,21.3,18.7,0.0,292.9,85.65197916666666,102.13080816963381,17:30:00
3690,40.8,558584,0.0,7873.51,2020-02-08,6176.15,8552.26,7687.515416666666,746.1041733806297,18.7,21.3,19.931250000000002,0.6112965815692911,23.4,19.1,0.0,239.8,70.81625,83.53530698631491,08:30:00
3691,79.2,558584,0.0,7920.61,2020-02-09,5949.24,7873.51,7117.027083333333,608.3866541297787,19.1,23.4,20.839583333333334,0.9721088248626724,21.6,19.8,0.0,504.0,133.89635416666667,167.92143659404562,18:00:00
3692,159.6,558584,0.0,9346.36,2020-02-10,5822.36,7920.61,7064.819791666666,712.705043136866,19.8,21.6,20.645833333333332,0.5035864283121021,27.4,20.7,0.0,201.18,50.63947916666667,59.275904815905065,18:00:00
3693,0.0,558584,0.0,10020.15,2020-02-11,5851.66,9346.36,7826.514583333334,1077.7858958382728,20.7,27.4,23.26875,2.1609844338644013,30.0,19.8,0.0,835.45,213.23583333333332,268.72788835773196,17:00:00
3694,0.0,558584,0.0,9397.17,2020-02-12,6231.73,10020.15,8284.551458333333,1137.3238994235353,19.8,30.0,24.083333333333332,2.950898408695179,26.0,21.4,0.0,914.0,273.7715625,323.4819255451864,17:00:00
3695,2.2,558584,0.0,9502.26,2020-02-13,6423.19,9397.17,8245.922708333334,933.8320464093205,21.4,26.0,23.412499999999998,1.2848751905609943,26.1,21.5,0.0,490.42,146.11458333333334,170.8834922677142,17:00:00
3696,1.2,558584,0.0,9197.97,2020-02-14,6465.85,9502.26,8414.698958333332,1019.1459073358031,21.5,26.1,23.48125,1.4197177199201678,26.0,19.6,0.0,502.77,169.03885416666665,196.31812162926303,17:00:00
3697,0.0,558584,0.0,8881.07,2020-02-15,6426.45,9197.97,8061.711875,790.8993984380069,19.6,26.0,22.943749999999998,1.773673462955201,26.1,17.4,0.0,913.17,287.07374999999996,338.6222786724138,17:00:00
3698,2.4,558584,0.0,8594.98,2020-02-16,6174.62,8881.07,7477.096458333333,780.5455375555147,17.4,26.1,21.958333333333332,2.9050823647702804,25.7,19.1,0.0,873.6,268.01479166666667,316.1419860869115,18:00:00
3699,0.0,558584,0.0,9255.9,2020-02-17,6083.48,8594.98,7313.478541666666,788.4632883748294,19.1,25.7,22.55,1.8323337055543771,25.1,19.8,0.0,715.2,226.84729166666668,277.4527546228872,17:30:00
3700,0.0,558584,0.0,11079.33,2020-02-18,6226.75,9255.9,8143.764999999999,987.890793329243,19.8,25.1,22.31458333333333,1.5000694428370092,30.4,19.1,0.0,416.17,121.58197916666667,140.23662292081056,17:00:00
3701,13.0,558584,0.0,9104.13,2020-02-19,6442.45,11079.33,8715.751875,1476.3632395362117,19.1,30.4,24.579166666666666,4.111476327142416,28.3,18.6,0.0,970.62,300.30354166666666,365.9681692238575,16:30:00
3702,0.0,558584,0.0,8722.59,2020-02-20,6177.25,9104.13,7774.717083333333,847.510985668983,18.6,28.3,23.31041666666667,3.327080349568108,23.0,15.7,0.0,1007.25,317.48541666666665,383.3181584377664,18:00:00
3703,0.0,558584,0.0,8413.87,2020-02-21,6266.61,8722.59,7571.298958333333,684.7910975268904,15.7,23.0,20.010416666666668,2.3804379700126623,24.3,19.0,0.0,859.0,272.9559375,326.4710606634195,18:00:00
3704,0.0,558584,0.0,7801.96,2020-02-22,6259.04,8413.87,7651.983541666667,659.3053868211949,19.0,24.3,21.46666666666667,1.4841479156273447,23.1,18.0,0.0,602.6,194.1925,232.0913973512764,16:30:00
3705,0.6,558584,0.0,8139.82,2020-02-23,6042.5,7801.96,7089.666458333333,515.870798443942,18.0,23.1,20.585416666666667,1.5239910625936253,24.2,19.0,0.0,518.97,140.30375,177.92800292833,19:00:00
3706,0.2,558584,0.0,9418.22,2020-02-24,6018.86,8139.82,7090.057083333333,629.8140217081929,19.0,24.2,21.804166666666664,1.5315071610662365,27.3,17.3,0.0,499.52,154.59875,185.96539751489345,19:30:00
3707,0.0,558584,0.0,10252.21,2020-02-25,6118.88,9418.22,8005.957916666666,1002.7462070032465,17.3,27.3,22.556250000000002,3.2782264438292352,28.7,18.3,0.0,694.65,215.12833333333333,268.01178814447167,17:00:00
3708,0.0,558584,0.0,10196.1,2020-02-26,6376.74,10252.21,8397.812083333332,1134.5758681100606,18.3,28.7,23.53333333333333,3.62076360427109,31.9,20.0,0.0,926.95,295.4525,355.8500723589533,17:00:00
3709,0.0,558584,0.0,9024.06,2020-02-27,6359.99,10196.1,8443.9425,1179.445060761763,20.0,31.9,25.035416666666666,4.42129708431829,25.2,18.7,0.0,787.0,199.25250000000003,259.35195209672696,17:00:00
3710,0.0,558584,0.0,8559.55,2020-02-28,6312.65,9024.06,7827.513958333333,758.6552455152652,18.7,25.2,21.704166666666666,1.7401342982329053,24.1,11.9,0.0,724.75,192.73916666666665,244.8032689783416,18:00:00
3711,0.0,558584,0.0,8329.8,2020-02-29,6236.62,8559.55,7553.343124999999,635.251242895805,11.9,24.1,20.006249999999998,3.280010784232402,26.6,15.5,0.0,948.83,286.6358333333333,352.0814035184848,17:00:00
3712,0.0,567878,0.0,9781.28,2020-03-01,6122.03,8329.8,7207.313541666666,639.5602307553096,15.5,26.6,21.170833333333334,3.4074360694480936,28.8,16.6,0.0,855.95,261.9916666666667,321.63177627683626,18:30:00
3713,0.0,567878,0.0,11344.04,2020-03-02,6050.76,9781.28,7484.765416666666,1184.9665070281715,16.6,28.8,23.243750000000002,4.340992447071514,37.2,16.5,0.0,922.62,287.8075,351.381767199456,18:00:00
3714,0.0,567878,0.0,8786.32,2020-03-03,6200.57,11344.04,8621.630208333334,1575.3472526459384,16.5,37.2,24.179166666666664,6.515675315935794,21.2,18.5,0.0,886.05,278.34666666666664,340.28164468871483,15:30:00
3715,15.4,567878,0.0,8827.24,2020-03-04,6332.13,8786.32,7951.616666666666,799.775405846643,18.5,21.2,19.904166666666665,0.8901251007782325,25.3,18.6,0.0,236.93,69.64041666666667,86.47949052043354,17:00:00
3716,9.4,567878,74.95,9021.99,2020-03-05,6223.42,8827.24,7974.059583333333,891.6009291704976,18.6,25.3,21.53333333333333,1.928656608123058,22.8,21.2,0.0,449.77,116.54833333333333,153.1682409526362,17:00:00
3717,23.0,567878,0.0,8680.04,2020-03-06,6267.18,9021.99,8093.8341666666665,923.7788636525546,21.2,22.8,22.04375,0.4630639172828748,26.0,20.5,0.0,225.45,60.6325,76.90309111735533,10:00:00
3718,0.0,567878,0.0,7680.05,2020-03-07,6258.77,8680.04,7885.240624999999,808.078535848838,20.5,26.0,22.425,1.7649663971245255,22.7,18.3,0.0,754.08,225.18583333333333,284.712521239152,17:00:00
3719,9.4,567878,0.0,7691.79,2020-03-08,5972.9,7680.05,6925.706875,466.6422437861478,18.3,22.7,20.3875,1.2286690602332546,21.5,16.6,0.0,623.62,175.53791666666666,226.1898969041828,19:00:00
3720,0.2,567878,0.0,8220.92,2020-03-09,5720.64,7691.79,6657.473333333332,550.8109291369752,16.6,21.5,18.741666666666667,1.4042236188126163,21.7,16.7,0.0,602.5,175.48458333333335,225.49552555081817,19:30:00
3721,0.0,567878,0.0,8392.67,2020-03-10,5821.22,8220.92,7284.506875,720.8287967662454,16.7,21.7,18.66875,1.4498945302801067,22.7,15.2,0.0,645.17,178.78916666666666,229.4475421582943,18:00:00
3722,0.0,567878,0.0,8509.13,2020-03-11,5980.09,8392.67,7390.626875000001,674.9251600123425,15.2,22.7,18.48125,2.5775343859274327,24.5,12.6,0.0,804.1,235.82916666666665,294.6835074230709,19:00:00
3723,0.2,567878,0.0,8631.93,2020-03-12,6025.88,8509.13,7418.5825,673.0838206076785,12.6,24.5,18.6125,4.059065241936607,24.7,14.6,0.0,761.6,231.46624999999997,285.3419996445848,19:00:00
3724,0.0,567878,0.0,8295.05,2020-03-13,6091.07,8631.93,7494.088958333334,692.5151595797945,14.6,24.7,19.295833333333334,3.569668816710158,25.4,12.4,0.0,857.62,267.41833333333335,331.2706055178181,19:00:00
3725,0.0,567878,0.0,7705.42,2020-03-14,6051.76,8295.05,7333.363333333334,623.3159277139041,12.4,25.4,19.325,4.476296911795862,19.0,13.0,0.0,884.55,277.02625,344.02483072261435,18:00:00
3726,12.2,567878,0.0,7939.49,2020-03-15,5849.26,7705.42,6972.203541666667,522.9947500631076,13.0,19.0,15.90625,1.7833039203513308,20.0,15.0,0.0,232.45,54.2775,72.27547217917987,18:30:00
3727,6.4,567878,0.0,8476.08,2020-03-16,5665.41,7939.49,6640.71875,610.3506267733811,15.0,20.0,17.352083333333333,1.2368438872462588,21.7,15.3,0.0,655.4,185.2508333333333,239.0339088945718,19:00:00
3728,1.6,567878,0.0,8458.57,2020-03-17,5838.18,8476.08,7334.405416666667,745.7875970963854,15.3,21.7,17.920833333333334,1.8459799142925768,22.1,13.8,0.0,627.88,181.43041666666667,235.86132683105032,19:00:00
3729,0.8,567878,0.0,8498.9,2020-03-18,6050.09,8458.57,7387.452708333333,651.9826159663278,13.8,22.1,17.85625,2.766586824875459,26.4,11.2,0.0,651.65,205.41958333333332,256.7654713622243,19:00:00
3730,0.0,567878,0.0,9539.15,2020-03-19,6065.0,8498.9,7290.938541666666,657.1874481810838,11.2,26.4,18.83125,5.102696669200742,32.8,14.0,0.0,892.08,274.0208333333333,343.796690158856,18:00:00
3731,0.0,567878,0.0,10226.72,2020-03-20,5981.19,9539.15,7696.435,988.0391944590224,14.0,32.8,22.772916666666664,6.314311322881498,34.6,16.3,0.0,858.03,260.67,329.5697941240005,18:00:00
3732,0.0,567878,0.0,8131.27,2020-03-21,6052.84,10226.72,7990.0825,1203.5287091759121,16.3,34.6,24.979166666666668,6.626252056182042,24.2,15.1,0.0,859.22,251.18041666666667,321.5651394597682,17:00:00
3733,0.0,567878,0.0,8287.98,2020-03-22,6086.01,8131.27,7006.861250000001,534.5829590601941,15.1,24.2,20.3875,2.3915298228575415,28.7,16.0,0.0,735.22,212.26416666666668,271.2145680188912,19:00:00
3734,0.0,567878,0.0,8224.17,2020-03-23,5804.99,8287.98,6786.7525,729.0561523320357,16.0,28.7,21.87708333333333,3.536450894481362,21.5,16.2,0.0,832.75,242.0925,312.7044936143319,18:00:00
3735,0.0,567878,0.0,8389.77,2020-03-24,5874.68,8224.17,7255.693749999999,674.8970786519027,16.2,21.5,18.939583333333335,1.2168567081735417,22.1,14.9,0.0,607.33,173.88875,226.84586313576122,18:00:00
3736,0.0,567878,0.0,8347.31,2020-03-25,5964.03,8389.77,7366.396458333334,662.2317961948413,14.9,22.1,19.03125,2.4031146677557826,24.8,15.4,0.0,484.08,138.9075,179.61559018128193,18:00:00
3737,13.6,567878,0.0,8322.77,2020-03-26,5917.02,8347.31,7323.9783333333335,667.0478081923247,15.4,24.8,19.599999999999998,2.4782457762819994,21.7,15.7,0.0,524.67,127.89583333333333,170.10118894706662,17:00:00
3738,6.0,567878,0.0,7959.54,2020-03-27,5944.87,8322.77,7290.0079166666665,652.1217563607064,15.7,21.7,18.841666666666665,1.3912849308697544,22.1,13.7,0.0,429.35,99.11833333333334,137.8642342350099,18:30:00
3739,0.0,567878,0.0,7840.03,2020-03-28,5938.67,7959.54,7088.8325,523.1834765328712,13.7,22.1,18.1375,2.695987956914828,24.1,13.6,0.0,642.05,187.65125,242.69567035714994,18:30:00
3740,5.0,567878,0.0,7956.25,2020-03-29,5720.19,7840.03,6651.248541666667,535.2111453495141,13.6,24.1,18.712500000000002,3.4135290904083164,23.9,16.5,0.0,566.7,158.47583333333333,207.8942347438147,18:30:00
3741,0.6,567878,0.0,8317.5,2020-03-30,5599.99,7956.25,6582.303541666667,636.5789897987105,16.5,23.9,20.21875,2.576543639773947,25.4,17.3,0.0,659.05,186.99666666666667,247.19117164168438,18:30:00
3742,0.2,567878,0.0,8523.36,2020-03-31,5767.22,8317.5,7234.941875,742.1113155695778,17.3,25.4,20.445833333333333,2.4153726053540954,25.2,14.6,0.0,358.9,84.63333333333334,115.7105729291349,18:00:00
3743,0.0,575989,0.0,8324.82,2020-04-01,5939.36,8523.36,7186.098541666666,665.0241881730886,14.6,25.2,20.329166666666666,3.5838264546065277,23.7,16.2,0.0,766.72,228.30916666666667,292.9767493140923,18:00:00
3744,9.0,575989,0.0,8398.97,2020-04-02,5985.69,8324.82,7294.919791666667,635.8281214039218,16.2,23.7,20.39375,2.336610224326157,25.3,15.3,0.0,603.62,166.68416666666667,216.66890057140802,18:00:00
3745,7.2,575989,0.0,8414.49,2020-04-03,5926.47,8398.97,7377.411666666667,712.8065810145048,15.3,25.3,19.864583333333332,2.7235372481102536,25.5,14.7,0.0,589.35,111.51208333333334,172.35329767362046,17:30:00
3746,6.4,575989,0.0,7730.94,2020-04-04,5827.04,8414.49,7308.678958333334,722.719274019531,14.7,25.5,20.224999999999998,3.403596345794604,25.9,13.8,0.0,440.0,114.50333333333333,161.5959236087048,18:00:00
3747,0.2,575989,0.0,8088.95,2020-04-05,5859.34,7730.94,6602.673958333333,499.6288038804177,13.8,25.9,20.960416666666667,2.9456595969312036,24.2,9.4,0.0,750.42,211.35208333333333,281.85535756882143,18:30:00
3748,0.0,575989,0.0,8725.82,2020-04-06,5384.58,8088.95,6234.702916666666,745.9758133976536,9.4,24.2,17.21875,4.753079908545749,24.0,10.0,0.0,804.17,234.985,306.9448845754254,18:30:00
3749,0.0,575989,0.0,8723.16,2020-04-07,5608.9,8725.82,6937.2439583333335,779.1599461933881,10.0,24.0,17.272916666666667,3.76098332452776,20.2,13.9,0.0,772.9,209.46375,281.6335263859302,18:30:00
3750,0.6,575989,0.0,8639.7,2020-04-08,5937.23,8723.16,7161.908958333333,647.0632796515039,13.9,20.2,17.179166666666667,1.9012826950574235,19.4,15.6,0.0,458.98,134.78375,178.6341975983203,18:30:00
3751,0.2,575989,0.0,8536.62,2020-04-09,5846.51,8639.7,7228.175833333334,673.6182725728065,15.6,19.4,17.427083333333332,1.217381141619842,21.7,14.5,0.0,296.08,71.19791666666667,91.08058904556187,18:30:00
3752,1.4,575989,0.0,8115.61,2020-04-10,5844.3,8536.62,7167.864791666667,639.4597582167929,14.5,21.7,18.006249999999998,2.137746501899366,22.9,13.0,0.0,462.75,114.32000000000001,158.3407044178215,18:30:00
3753,17.8,575989,0.0,8093.91,2020-04-11,5750.44,8115.61,6770.284375,604.3875408367966,13.0,22.9,17.2,2.6918316156120365,26.3,10.1,0.0,359.65,66.8475,95.11026862475124,18:30:00
3754,0.0,575989,0.0,8122.55,2020-04-12,5392.1,8093.91,6342.228749999999,752.795163675832,10.1,26.3,17.691666666666666,5.144707395411053,20.6,9.9,0.0,755.08,208.48666666666668,280.05349207373763,18:30:00
3755,0.0,575989,0.0,8237.26,2020-04-13,5503.99,8122.55,6275.858958333333,762.1921575695952,9.9,20.6,14.591666666666667,3.515305944939192,21.9,7.4,0.0,761.33,216.81333333333336,287.45287459348316,18:30:00
3756,0.0,575989,0.0,8753.41,2020-04-14,5617.52,8237.26,6447.713333333333,730.221742091192,7.4,21.9,14.577083333333334,4.87390967985414,25.6,10.0,0.0,653.35,176.53708333333336,234.9233296767659,18:30:00
3757,0.0,575989,0.0,8805.66,2020-04-15,5750.55,8753.41,6930.728749999999,737.2147997487695,10.0,25.6,16.716666666666665,5.371807149995019,27.8,11.9,0.0,735.45,206.62833333333333,276.21282770089596,18:30:00
3758,0.0,575989,0.0,8675.58,2020-04-16,5841.03,8805.66,7054.711458333334,722.7010616121123,11.9,27.8,18.754166666666666,5.359023344385967,25.8,14.3,0.0,708.03,199.26708333333332,267.69556861120805,18:30:00
3759,0.0,575989,0.0,8478.38,2020-04-17,5826.68,8675.58,7127.583125,676.9380487923492,14.3,25.8,20.150000000000002,4.33800620934784,26.6,11.6,0.0,468.58,108.54458333333334,155.5889451674936,18:30:00
3760,0.0,575989,0.0,8132.82,2020-04-18,5898.27,8478.38,6918.97,628.6347387792055,11.6,26.6,19.854166666666668,4.416360219530612,23.0,9.4,0.0,738.55,206.90291666666667,278.63663777101056,18:30:00
3761,0.0,575989,0.0,8267.96,2020-04-19,5720.08,8132.82,6529.067291666666,669.3400267546481,9.4,23.0,15.364583333333334,4.4255298797219815,20.9,8.6,0.0,707.15,196.79875,265.3242929577136,18:30:00
3762,0.0,575989,0.0,8868.11,2020-04-20,5664.23,8267.96,6480.893958333333,731.7840234680913,8.6,20.9,14.716666666666667,4.270000913514942,19.5,11.0,0.0,633.9,169.67333333333332,229.838737877404,18:30:00
3763,0.0,575989,0.0,8685.43,2020-04-21,5750.62,8868.11,7135.856875,776.6819449677988,11.0,19.5,14.845833333333333,2.6209433362114503,25.3,9.7,0.0,372.88,91.83541666666667,127.64820997750417,18:30:00
3764,0.0,575989,0.0,8632.97,2020-04-22,5917.56,8685.43,7056.405,667.9689274911048,9.7,25.3,17.1875,5.101715397785336,24.9,10.3,0.0,610.45,168.11875,231.57403987066698,18:30:00
3765,0.0,575989,0.0,8756.95,2020-04-23,5906.73,8632.97,6991.8533333333335,691.5121483443373,10.3,24.9,16.202083333333334,5.333095767093714,24.4,8.5,0.0,705.55,195.09666666666666,263.61631953432374,18:30:00
3766,0.0,575989,0.0,8492.38,2020-04-24,5973.06,8756.95,7049.887291666667,685.073810751524,8.5,24.4,16.252083333333335,5.42570672260456,27.6,12.5,0.0,702.03,186.97041666666667,258.0472260418775,18:30:00
3767,0.0,575989,0.0,8071.34,2020-04-25,5950.07,8492.38,7008.895625,636.9140840049438,12.5,27.6,18.491666666666667,5.341919064416845,26.9,10.4,0.0,684.4,186.70041666666668,256.6593646687436,18:30:00
3768,0.0,575989,0.0,8191.68,2020-04-26,5657.88,8071.34,6477.62875,675.0369765715276,10.4,26.9,18.175,5.60260197909598,27.1,9.7,0.0,692.1,189.82916666666668,258.52059549489564,18:30:00
3769,0.0,575989,0.0,8876.89,2020-04-27,5481.48,8191.68,6520.780208333334,753.4158208396244,9.7,27.1,18.666666666666668,5.902553840836323,20.9,12.2,0.0,626.47,151.09666666666666,215.53206170473814,18:30:00
3770,0.0,575989,0.0,8769.32,2020-04-28,5742.03,8876.89,7150.502291666667,800.9757715363515,12.2,20.9,17.577083333333334,2.508982974708254,22.3,16.2,0.0,323.73,89.81875000000001,122.952631942532,18:30:00
3771,0.0,575989,0.0,8852.97,2020-04-29,5918.15,8769.32,7199.753125,682.593063233969,16.2,22.3,18.900000000000002,2.127629787025529,27.9,15.6,0.0,542.05,125.66708333333334,180.62688476476225,18:30:00
3772,6.4,575989,0.0,9471.04,2020-04-30,5825.43,8852.97,7267.887291666667,753.0810843482573,15.6,27.9,20.4875,3.652898877982521,18.8,10.8,0.0,533.08,141.785,198.8117898543906,18:00:00
3773,12.0,584964,0.0,9826.56,2020-05-01,6035.7,9471.04,7737.736041666667,953.0841478215233,10.8,18.8,14.418750000000001,2.3578439709805568,16.6,8.9,0.0,149.62,31.90875,44.91871449890394,18:00:00
3774,0.0,584964,0.0,9186.82,2020-05-02,6139.48,9826.56,7734.06,957.4688593191713,8.9,16.6,13.049999999999999,2.279230926655147,18.3,12.3,0.0,588.97,159.80916666666667,222.98552642738787,18:30:00
3775,0.0,584964,0.0,9080.3,2020-05-03,6052.18,9186.82,7206.948541666668,871.038632157377,12.3,18.3,14.581249999999999,2.053710316434572,18.8,7.9,0.0,668.03,179.51666666666665,249.95717903556684,18:30:00
3776,0.0,584964,0.0,9823.34,2020-05-04,5921.15,9080.3,6974.980625,951.5120958039905,7.9,18.8,13.025,3.6085300832474876,18.7,7.7,0.0,639.33,171.2975,238.97051028562126,18:30:00
3777,0.2,584964,0.0,9513.53,2020-05-05,6135.25,9823.34,7673.263749999999,991.2247323808614,7.7,18.7,13.214583333333332,3.6882210197844896,19.8,10.2,0.0,647.35,166.26708333333335,236.04509474015026,18:30:00
3778,0.0,584964,0.0,9291.21,2020-05-06,6261.94,9513.53,7672.50375,821.9126375448008,10.2,19.8,14.262500000000001,3.028139306500688,22.7,7.6,0.0,427.92,111.1975,153.4535022166428,18:30:00
3779,0.0,584964,0.0,9144.39,2020-05-07,6227.27,9291.21,7537.865624999999,805.2118904928632,7.6,22.7,13.827083333333334,5.2763922064524404,24.2,7.4,0.0,644.28,171.42708333333334,240.04551592516808,18:30:00
3780,0.0,584964,0.0,8651.19,2020-05-08,6273.5,9144.39,7551.910208333334,722.8289488176935,7.4,24.2,15.25625,5.437728963142218,27.1,10.1,0.0,481.15,126.1925,177.73897644843174,18:00:00
3781,0.0,584964,0.0,8345.99,2020-05-09,6089.6,8651.19,7178.616875,653.0660260033542,10.1,27.1,18.287499999999998,5.6139501396265326,25.4,9.8,0.0,633.05,168.00416666666666,234.8412848783904,18:00:00
3782,0.0,584964,0.0,9079.5,2020-05-10,5768.76,8345.99,6864.232708333333,644.7647424489608,9.8,25.4,18.204166666666666,5.289329215136764,18.0,8.3,0.0,489.65,125.00291666666668,178.98207975147434,18:30:00
3783,0.0,584964,0.0,10250.27,2020-05-11,5675.34,9079.5,6907.0564583333335,1066.8349435686407,8.3,18.0,13.2875,2.7021366644178992,18.2,6.5,0.0,645.88,168.10875000000001,238.24428137965108,18:30:00
3784,0.0,584964,0.0,10008.65,2020-05-12,6278.38,10250.27,7939.36375,1113.9157941619787,6.5,18.2,11.222916666666668,4.191442121363194,20.2,5.2,0.0,627.33,163.60583333333335,232.7886693985655,18:30:00
3785,0.0,584964,0.0,10195.56,2020-05-13,6660.2,10008.65,8085.512916666667,930.5020725415272,5.2,20.2,12.241666666666667,5.416045245314221,18.9,6.4,0.0,601.83,156.87416666666667,223.481837691599,18:30:00
3786,0.0,584964,0.0,10376.27,2020-05-14,6445.79,10195.56,8215.370208333334,986.7227925459835,6.4,18.9,11.470833333333333,4.221220874789528,17.3,6.4,0.0,511.52,123.39041666666667,180.66006651388514,18:00:00
3787,0.2,584964,0.0,10242.8,2020-05-15,6601.64,10376.27,8312.797083333333,977.2523443774959,6.4,17.3,12.239583333333334,3.81228359460229,16.2,6.4,0.0,327.0,79.59458333333333,114.34875486038563,18:00:00
3788,1.6,584964,0.0,9255.04,2020-05-16,6470.97,10242.8,8246.575208333334,972.2761646162099,6.4,16.2,12.174999999999999,2.8904464795363056,18.8,7.1,0.0,354.5,89.21041666666667,127.549357492036,18:00:00
3789,0.2,584964,0.0,9310.81,2020-05-17,6370.59,9255.04,7592.1825,788.0143710874981,7.1,18.8,12.408333333333333,3.938291741856058,20.5,6.1,0.0,499.12,123.05458333333333,178.52064083780854,18:30:00
3790,0.0,584964,0.0,10136.43,2020-05-18,6277.71,9310.81,7344.343541666666,865.6135777646945,6.1,20.5,12.104166666666666,4.823566189049533,19.3,8.4,0.0,549.35,137.74875,197.47691397660495,18:30:00
3791,0.8,584964,0.0,9721.22,2020-05-19,6251.0,10136.43,8077.137291666667,1027.5783149131469,8.4,19.3,13.833333333333334,3.67153126692006,21.5,11.5,0.0,290.92,79.43833333333333,111.46221235617628,18:00:00
3792,0.0,584964,0.0,9354.23,2020-05-20,6385.01,9721.22,7824.764791666667,863.2775738021601,11.5,21.5,15.487499999999999,3.229756923861924,24.4,9.3,0.0,564.15,143.29916666666665,206.12030967357165,18:00:00
3793,0.2,584964,0.0,10104.44,2020-05-21,6245.41,9354.23,7669.658541666667,778.7130880456376,9.3,24.4,16.452083333333334,5.1824166540221865,18.1,10.0,0.0,563.12,130.06083333333333,191.958417137486,18:00:00
3794,40.6,584964,0.0,10680.81,2020-05-22,6190.73,10104.44,8173.122083333333,1047.4220257617685,10.0,18.1,14.74375,2.0034976065806687,16.1,8.9,0.0,184.98,47.64625,64.68755568195773,18:00:00
3795,2.2,584964,0.0,10032.05,2020-05-23,6591.24,10680.81,8655.455625,1098.184716908165,8.9,16.1,12.802083333333334,2.651012619321422,17.4,11.5,0.0,284.75,59.2525,90.34373809971439,18:00:00
3796,0.6,584964,0.0,9935.7,2020-05-24,6361.44,10032.05,8036.346875,964.0208111909069,11.5,17.4,14.208333333333334,1.5842084181245653,17.5,12.8,0.0,368.98,65.61583333333333,102.05248238004346,18:00:00
3797,0.0,584964,0.0,11148.12,2020-05-25,6091.08,9935.7,7667.241666666666,1064.4086987545704,12.8,17.5,15.254166666666668,1.371124454418177,16.5,12.7,0.0,227.0,62.23291666666666,88.01777606264646,18:30:00
3798,5.4,584964,0.0,10493.34,2020-05-26,6207.4,11148.12,8574.37875,1349.631698243927,12.7,16.5,14.433333333333332,1.1877626622536903,18.7,12.6,0.0,194.93,46.21541666666667,70.2938082442705,18:00:00
3799,2.0,584964,0.0,10162.61,2020-05-27,6539.17,10493.34,8392.230833333333,999.962874704119,12.6,18.7,15.360416666666666,1.8843972548760513,18.4,9.8,0.0,361.4,96.16875,138.353308161588,18:00:00
3800,0.0,584964,0.0,9924.68,2020-05-28,6370.36,10162.61,8155.945,993.0885651469017,9.8,18.4,13.958333333333334,2.565634866753948,21.5,8.2,0.0,441.9,103.56083333333333,152.42516905351593,18:00:00
3801,0.0,584964,0.0,10144.32,2020-05-29,6556.62,9924.68,8073.593333333333,948.7273102948445,8.2,21.5,13.822916666666666,4.095157471491428,16.1,9.6,0.0,548.3,136.49583333333334,200.06949672958947,18:30:00
3802,0.2,584964,0.0,9276.19,2020-05-30,6524.66,10144.32,8336.169583333334,947.6196478387493,9.6,16.1,12.566666666666668,2.2463524413546825,20.2,6.9,0.0,367.45,84.85791666666667,126.45107098826016,18:00:00
3803,0.0,584964,0.0,9239.52,2020-05-31,6372.06,9276.19,7580.438958333333,823.060820811082,6.9,20.2,12.8375,4.393933196598488,21.5,8.9,0.0,513.8,122.87875000000001,178.3371684761939,18:30:00
3804,0.0,594513,0.0,10238.38,2020-06-01,5864.55,9239.52,7297.173333333333,938.2840755139786,8.9,21.5,13.579166666666666,4.080986443815996,22.3,8.4,0.0,431.4,96.335,141.90466609889293,18:30:00
3805,0.2,594513,0.0,11588.33,2020-06-02,6050.61,10238.38,7944.504166666667,1146.4961416008662,8.4,22.3,14.856250000000001,4.859336538638241,15.8,7.1,0.0,527.92,124.99874999999999,187.20452237416816,18:00:00
3806,0.2,594513,0.0,11001.07,2020-06-03,6544.29,11588.33,8963.584791666666,1396.7312335318347,7.1,15.8,10.9,2.761359517154319,18.2,5.6,0.0,294.4,56.80625,88.79810902541426,18:00:00
3807,0.0,594513,0.0,11241.11,2020-06-04,6645.15,11001.07,8595.234791666668,1225.3717371562118,5.6,18.2,12.674999999999999,4.270108872995401,16.1,5.9,0.0,526.4,125.32166666666666,185.88781617546178,18:30:00
3808,0.0,594513,0.0,10731.79,2020-06-05,6764.28,11241.11,8832.461666666666,1257.7458298510874,5.9,16.1,11.5875,2.900816099402579,18.9,3.4,0.0,429.52,100.32,150.5349953552188,18:30:00
3809,0.0,594513,0.0,10146.86,2020-06-06,7007.95,10731.79,8770.827500000001,1143.1746969165351,3.4,18.9,9.602083333333333,5.094113815706897,18.4,3.6,0.0,548.22,138.11249999999998,201.6097739393414,18:30:00
3810,0.0,594513,0.0,10356.92,2020-06-07,6861.84,10146.86,8214.259166666667,1032.8370053068413,3.6,18.4,9.75,5.301184131068204,16.4,5.4,0.0,532.1,130.295,190.6154616253317,18:30:00
3811,8.6,594513,0.0,10470.07,2020-06-08,6533.74,10356.92,8227.182916666667,1067.3426694943041,5.4,16.4,10.472916666666666,3.563869495385858,17.0,9.0,0.0,385.02,73.27666666666667,117.40542481002612,18:00:00
3812,1.0,594513,0.0,10836.23,2020-06-09,6392.24,10470.07,7930.376666666667,1165.1208235115107,9.0,17.0,12.897916666666667,2.4674467450618485,18.4,7.3,0.0,455.88,101.09583333333335,152.83579159991166,18:00:00
3813,0.8,594513,0.0,10755.09,2020-06-10,6598.29,10836.23,8652.38,1151.598215308677,7.3,18.4,12.747916666666667,3.56609265779391,16.2,11.1,0.0,378.0,91.40208333333334,132.73693773870266,18:00:00
3814,1.8,594513,0.0,10366.66,2020-06-11,6529.5,10755.09,8676.684374999999,1101.4475464527743,11.1,16.2,14.427083333333334,1.3648691907290655,20.5,10.4,0.0,189.18,43.77333333333333,66.52808569713112,18:00:00
3815,0.2,594513,0.0,10462.02,2020-06-12,6617.81,10366.66,8312.864375,1012.0472727141315,10.4,20.5,14.99375,2.5062820009099345,16.7,10.6,0.0,495.48,111.78208333333333,169.91362727221565,18:30:00
3816,1.6,594513,0.0,9499.67,2020-06-13,6686.94,10462.02,8605.631666666666,1010.4676219018885,10.6,16.7,12.950000000000001,1.8025985970613807,19.7,8.4,0.0,242.68,65.8325,94.56939099851385,18:00:00
3817,1.2,594513,0.0,9596.16,2020-06-14,6428.94,9499.67,7740.327083333334,809.7645116209242,8.4,19.7,13.760416666666666,3.4798960355791837,21.0,6.9,0.0,421.62,97.74,147.93475480333686,18:00:00
3818,1.8,594513,0.0,10568.08,2020-06-15,5932.1,9596.16,7409.601875,1077.5711705708102,6.9,21.0,14.475,3.7841494730048044,20.3,6.0,0.0,515.8,103.66333333333334,175.26805574068698,18:30:00
3819,1.2,594513,0.0,10389.26,2020-06-16,6230.98,10568.08,8263.907291666666,1221.559066952642,6.0,20.3,12.139583333333334,5.084090311036985,21.0,5.5,0.0,526.12,127.75541666666668,185.8607019907747,18:00:00
3820,0.2,594513,0.0,11113.26,2020-06-17,6519.71,10389.26,8253.164999999999,1104.0399218017053,5.5,21.0,11.979166666666666,5.483474528782041,17.4,6.2,0.0,529.2,132.28916666666666,194.06685326315,18:30:00
3821,1.0,594513,0.0,10755.29,2020-06-18,6635.04,11113.26,8814.668958333334,1200.3400065996188,6.2,17.4,11.49375,3.4855572068972256,18.2,7.1,0.0,329.98,73.63416666666667,111.49694419213644,18:00:00
3822,0.0,594513,0.0,10301.93,2020-06-19,6555.46,10755.29,8479.440416666666,1167.6593889139806,7.1,18.2,12.852083333333333,3.168662351733105,19.2,4.9,0.0,452.0,107.64375,161.3326510248379,18:30:00
3823,0.2,594513,0.0,9664.21,2020-06-20,6758.1,10301.93,8483.918125,1031.261996509784,4.9,19.2,11.204166666666666,4.810757375385157,19.8,5.3,0.0,509.65,122.76541666666667,182.17288069430364,18:00:00
3824,10.8,594513,0.0,10232.98,2020-06-21,6419.82,9664.21,7867.606666666667,908.973895834089,5.3,19.8,12.245833333333332,4.579508397537945,18.4,10.1,0.0,526.25,128.69208333333333,190.4534778896101,18:00:00
3825,0.6,594513,0.0,11785.27,2020-06-22,6150.3,10232.98,7901.504583333332,1149.7974232232764,10.1,18.4,12.908333333333333,2.4412094433086424,16.2,4.6,0.0,371.12,75.65958333333333,127.30840635459268,18:30:00
3826,0.0,594513,0.0,11980.08,2020-06-23,6486.42,11785.27,8941.095,1518.130753560571,4.6,16.2,10.416666666666666,3.5234976175659463,16.4,5.1,0.0,467.75,104.33208333333333,159.6195024373066,18:30:00
3827,0.0,594513,0.0,11394.18,2020-06-24,6879.02,11980.08,9213.196249999999,1420.4924326258626,5.1,16.4,10.525,3.576191960195959,18.1,4.0,0.0,519.25,125.22166666666668,187.17125297646578,18:30:00
3828,0.0,594513,0.0,11233.08,2020-06-25,6899.68,11394.18,9097.257708333333,1235.3402700733297,4.0,18.1,11.356250000000001,4.483867358582511,18.0,6.0,0.0,430.55,105.87333333333333,157.7216687859025,18:00:00
3829,0.0,594513,0.0,11015.04,2020-06-26,6831.95,11233.08,8850.015625,1259.5215322999682,6.0,18.0,12.089583333333332,3.6869660930948633,17.7,5.6,0.0,525.12,128.24166666666667,190.7839414696505,18:30:00
3830,0.0,594513,0.0,10651.08,2020-06-27,6946.42,11015.04,8911.374791666667,1225.0697014664174,5.6,17.7,10.485416666666667,3.9962743065677224,16.0,8.8,0.0,474.88,109.51333333333334,164.6498559365573,18:00:00
3831,0.0,594513,0.0,10961.22,2020-06-28,6809.86,10651.08,8541.5675,1048.558954031066,8.8,16.0,11.56875,2.3503875868695863,16.0,8.0,0.0,325.55,80.57666666666667,118.65813918579481,18:30:00
3832,0.0,594513,0.0,11575.8,2020-06-29,6554.76,10961.22,8313.517916666666,1258.0093439678665,8.0,16.0,11.96875,2.339863266599776,15.4,7.1,0.0,431.67,97.86041666666667,147.19725159983832,18:30:00
3833,10.6,594513,0.0,11366.71,2020-06-30,6664.92,11575.8,8966.821666666667,1379.290545715184,7.1,15.4,11.166666666666666,2.6055859253120777,18.5,5.0,0.0,421.85,94.41375,141.59317420852892,18:00:00
3834,0.0,604636,0.0,10759.78,2020-07-01,6933.07,11366.71,8948.761458333332,1290.2326759154546,5.0,18.5,10.552083333333334,4.429830676526479,21.1,4.3,0.0,513.9,123.24374999999999,183.57114625896355,18:30:00
3835,0.0,604636,0.0,10107.38,2020-07-02,6803.89,10759.78,8622.893333333333,1184.2100690950488,4.3,21.1,12.206249999999999,5.674069658486904,22.7,5.4,0.0,524.33,131.29875,192.17431296982835,18:30:00
3836,0.0,604636,0.0,10551.08,2020-07-03,6629.55,10107.38,8261.664791666668,1016.695224716659,5.4,22.7,14.554166666666667,6.233982311572027,17.8,6.0,0.0,502.02,126.91125,185.13484100727027,18:30:00
3837,0.6,604636,0.0,10619.09,2020-07-04,6477.9,10551.08,8374.775,1166.1769209613856,6.0,17.8,12.78125,3.3291527418734335,16.0,6.7,0.0,523.12,127.60958333333333,189.34880326168215,18:30:00
3838,0.0,604636,0.0,10738.32,2020-07-05,6683.39,10619.09,8314.782916666667,1169.0373591830928,6.7,16.0,11.122916666666667,2.86551317919528,18.1,5.4,0.0,494.35,111.09958333333333,170.39685983719266,18:30:00
3839,0.0,604636,0.0,11452.33,2020-07-06,6517.2,10738.32,8148.798333333333,1251.634168604565,5.4,18.1,10.941666666666668,3.960863506397571,17.6,7.4,0.0,529.1,129.50875,190.9680632804478,18:30:00
3840,0.0,604636,0.0,11444.93,2020-07-07,6794.12,11452.33,8953.193333333335,1357.7351117559836,7.4,17.6,11.387500000000001,3.3366836000448865,16.5,9.1,0.0,530.88,133.53375,195.64436221221797,18:00:00
3841,0.2,604636,0.0,11346.82,2020-07-08,6983.16,11444.93,9088.320833333333,1203.2889912516334,9.1,16.5,12.385416666666666,2.4890389141819504,15.1,7.3,0.0,400.52,89.10291666666666,135.71188606371823,18:30:00
3842,0.0,604636,0.0,11130.64,2020-07-09,6927.59,11346.82,9082.490625,1181.9909796545433,7.3,15.1,11.927083333333334,1.7672841989098167,17.7,4.9,0.0,370.73,85.33833333333332,129.42489984680154,18:00:00
3843,0.0,604636,0.0,10791.27,2020-07-10,7094.41,11130.64,8958.244166666665,1163.6781097932778,4.9,17.7,10.570833333333333,4.388765072916096,17.4,7.0,0.0,506.75,125.35416666666667,184.28420747536316,18:30:00
3844,5.0,604636,0.0,10202.43,2020-07-11,6857.37,10791.27,8932.033333333333,1051.209111742249,7.0,17.4,12.206249999999999,2.9789621389893353,15.2,9.1,0.0,336.45,75.90833333333333,117.36167666812966,18:00:00
3845,1.0,604636,0.0,10627.94,2020-07-12,6576.69,10202.43,8432.967291666666,978.9783155613394,9.1,15.2,12.483333333333334,1.4786902389260015,17.4,6.3,0.0,203.15,50.65708333333333,73.71982465860209,18:00:00
3846,8.4,604636,0.0,11461.61,2020-07-13,6504.74,10627.94,8193.315208333333,1183.4290651395117,6.3,17.4,10.810416666666667,3.198153694983652,17.0,5.6,0.0,523.03,124.38875,185.24075551487962,18:30:00
3847,7.6,604636,0.0,11668.99,2020-07-14,5678.37,11461.61,8785.074375,1539.2848388102473,5.6,17.0,11.316666666666668,3.308424664226958,15.9,10.8,0.0,518.8,124.66833333333334,183.43225499539344,18:30:00
3848,1.8,604636,0.0,11517.67,2020-07-15,6871.0,11668.99,9253.613333333333,1312.6716910444527,10.8,15.9,12.966666666666667,1.555406950010784,15.7,10.4,0.0,336.95,66.89583333333333,104.73191011386783,18:30:00
3849,0.0,604636,0.0,11402.02,2020-07-16,6919.3,11517.67,9098.5825,1228.9396788435843,10.4,15.7,12.779166666666667,1.658756049335065,15.8,9.2,0.0,328.23,79.1275,115.98670735467371,18:30:00
3850,0.0,604636,0.0,10966.79,2020-07-17,6970.08,11402.02,9071.983541666666,1217.7530624019464,9.2,15.8,12.539583333333333,2.302241237644754,15.4,9.8,0.0,364.77,80.7025,118.47297053255865,18:30:00
3851,0.0,604636,0.0,10198.37,2020-07-18,6997.54,10966.79,9007.560208333334,1067.329407497267,9.8,15.4,12.737499999999999,1.849511148753016,17.8,7.5,0.0,330.75,68.53875000000001,101.82706410140007,18:30:00
3852,0.0,604636,0.0,10120.36,2020-07-19,6655.87,10198.37,8183.384791666666,993.851087520617,7.5,17.8,12.322916666666666,3.0626952101628753,18.8,3.7,0.0,405.08,106.1675,153.43092133359755,18:30:00
3853,0.0,604636,0.0,11222.65,2020-07-20,6485.8,10120.36,7780.543541666667,1081.3224302981573,3.7,18.8,11.766666666666666,5.278431961447566,17.9,4.8,0.0,570.75,141.3025,205.97474127834423,18:30:00
3854,0.0,604636,0.0,11739.02,2020-07-21,6333.5,11222.65,8487.573541666667,1433.8694932920396,4.8,17.9,11.950000000000001,3.9344631145812,16.2,5.3,0.0,589.08,153.1875,219.71388991430783,19:00:00
3855,0.0,604636,0.0,11412.82,2020-07-22,7117.92,11739.02,9097.557291666666,1356.814699027382,5.3,16.2,10.35,3.575626711917607,18.4,4.9,0.0,552.78,133.42458333333335,194.40834365804687,18:30:00
3856,0.0,604636,0.0,11276.89,2020-07-23,7163.58,11412.82,9099.629375,1253.017045710084,4.9,18.4,10.293750000000001,4.419319589970597,19.3,3.3,0.0,531.7,128.00458333333333,188.03475831875582,18:30:00
3857,0.0,604636,428.975,10838.44,2020-07-24,7145.39,11276.89,9038.293749999999,1252.1135743598807,3.3,19.3,9.822916666666666,5.236827023064972,18.5,4.7,0.0,576.35,149.05708333333334,213.77561840465057,18:30:00
3858,0.2,604636,0.0,10350.39,2020-07-25,7089.57,10838.44,8868.572708333333,1141.8550144368744,4.7,18.5,10.510416666666666,4.837365186788631,18.4,4.9,0.0,552.38,139.09125,200.30491989342312,08:30:00
3859,6.2,604636,0.0,10722.49,2020-07-26,6839.3,10350.39,8493.257916666667,940.8482443461238,4.9,18.4,10.99375,4.281598739484755,15.8,11.2,0.0,302.83,74.00166666666667,106.91640524226895,18:00:00
3860,71.6,604636,0.0,11551.78,2020-07-27,6171.26,10722.49,8488.740208333335,1395.0993664183234,11.2,15.8,14.070833333333333,1.4539686457056218,16.8,12.5,0.0,147.15,22.092916666666667,33.3533997570654,18:30:00
3861,20.2,604636,0.0,10780.31,2020-07-28,6408.68,11551.78,8994.693541666666,1441.9807690169964,12.5,16.8,14.80625,1.33359317060371,18.3,12.8,0.0,208.62,54.5975,76.55027643542789,18:00:00
3862,0.4,604636,0.0,10551.31,2020-07-29,6694.9,10780.31,8708.144375,1095.2944786597704,12.8,18.3,15.4375,1.6006149084356243,18.7,7.9,0.0,305.15,77.86583333333333,111.18169227992058,18:30:00
3863,0.0,604636,0.0,10878.42,2020-07-30,6754.81,10551.31,8380.121666666668,1116.2425876608554,7.9,18.7,13.03125,3.496999093447762,17.6,8.2,0.0,539.75,136.13208333333333,193.49872557399152,18:30:00
3864,0.0,604636,0.0,10722.05,2020-07-31,6833.76,10878.42,8573.979583333334,1174.3418083750973,8.2,17.6,13.391666666666666,3.0173846173595447,16.8,6.0,0.0,507.05,127.43166666666667,182.7509132507185,18:30:00
3865,0.2,614709,0.0,10056.51,2020-08-01,6956.31,10722.05,8619.414166666667,1148.7703694095403,6.0,16.8,10.633333333333333,3.577966457588891,19.7,3.9,0.0,510.02,127.93041666666666,180.8105685335891,18:30:00
3866,0.0,614709,0.0,10337.87,2020-08-02,6565.49,10056.51,8067.524583333333,1070.7374185627684,3.9,19.7,10.4375,5.237777058126691,19.9,3.7,0.0,613.0,161.305,227.5731817015952,18:30:00
3867,0.0,614709,0.0,10864.97,2020-08-03,6511.6,10337.87,7946.5095833333335,1158.3279814253879,3.7,19.9,10.6,5.137389021423899,21.0,3.8,0.0,622.45,162.66958333333335,230.48330675887033,18:30:00
3868,0.0,614709,0.0,10702.53,2020-08-04,6727.14,10864.97,8568.325625,1239.3078529307281,3.8,21.0,11.183333333333332,5.575605427801077,21.4,3.6,0.0,576.22,149.54083333333332,212.38354604130237,18:30:00
3869,0.0,614709,0.0,11544.22,2020-08-05,6654.7,10702.53,8377.432083333333,1200.7096534575728,3.6,21.4,12.666666666666666,6.003096127879959,17.3,4.4,0.0,620.58,156.32583333333335,220.2090713784877,18:30:00
3870,0.0,614709,0.0,11908.24,2020-08-06,6851.87,11544.22,8845.99625,1392.732658486698,4.4,17.3,10.916666666666666,3.6906629360863374,14.9,4.5,0.0,656.92,176.0275,245.3809428150616,19:00:00
3871,0.0,614709,0.0,11880.64,2020-08-07,7137.56,11908.24,9160.648541666667,1433.732477767108,4.5,14.9,9.320833333333333,3.1863377452728328,13.7,7.3,0.0,653.9,172.67708333333334,243.11853556211062,18:30:00
3872,17.0,614709,0.0,10366.24,2020-08-08,6931.2,11880.64,9778.863541666668,1518.6541513269271,7.3,13.7,10.745833333333332,1.8605602374454644,16.1,9.6,0.0,119.32,29.097083333333334,39.3928757982009,18:00:00
3873,2.6,614709,0.0,11721.16,2020-08-09,6431.2,10366.24,8346.484375,1052.3848304479923,9.6,16.1,12.629166666666668,1.7558362659735118,14.0,5.5,0.0,327.9,64.60291666666667,93.50484675589801,18:30:00
3874,41.6,614709,0.0,11735.61,2020-08-10,6394.22,11721.16,8568.304375,1541.1048347345336,5.5,14.0,10.612499999999999,2.265431714058898,15.7,10.6,0.0,574.08,128.03041666666667,188.71529462205967,18:30:00
3875,1.4,614709,0.0,11064.42,2020-08-11,6509.38,11735.61,8963.244375,1441.373816950721,10.6,15.7,13.295833333333334,1.5395437751038437,17.5,8.6,0.0,440.27,104.03208333333333,148.18908824658655,18:30:00
3876,0.0,614709,0.0,10863.32,2020-08-12,6817.48,11064.42,8752.641666666666,1194.5865492924145,8.6,17.5,12.333333333333334,2.7800454101092495,18.1,7.7,0.0,527.22,136.82708333333332,191.8532479882801,19:00:00
3877,0.0,614709,0.0,9890.78,2020-08-13,6742.72,10863.32,8807.579166666666,1107.2326241904325,7.7,18.1,12.204166666666666,3.623913385685473,22.4,6.7,0.0,351.17,91.54333333333334,129.71623899034932,18:30:00
3878,0.2,614709,0.0,10496.57,2020-08-14,6646.72,9890.78,8055.303541666667,987.7935766560415,6.7,22.4,14.133333333333333,5.157078726654053,17.8,7.1,0.0,656.38,176.48749999999998,245.60586637511807,19:00:00
3879,5.2,614709,0.0,9595.14,2020-08-15,6652.04,10496.57,8647.469791666666,1029.6456099407058,7.1,17.8,12.904166666666667,3.4545657936555556,19.1,11.3,0.0,271.23,68.58916666666667,96.10880679714856,18:00:00
3880,1.0,614709,0.0,9690.76,2020-08-16,6475.26,9595.14,7790.574583333334,819.9295461403165,11.3,19.1,14.966666666666667,2.5015172700747588,19.8,9.3,0.0,574.53,135.41708333333332,195.38861051225018,18:30:00
3881,0.0,614709,0.0,10247.62,2020-08-17,6101.04,9690.76,7305.203958333333,1041.8471826719338,9.3,19.8,14.908333333333333,2.846934397030059,19.2,9.8,0.0,667.5,177.3075,245.85140776493427,18:30:00
3882,0.0,614709,0.0,9933.88,2020-08-18,6261.04,10247.62,7855.147916666666,1159.5757378656351,9.8,19.2,14.81875,2.9877520369071053,20.7,8.3,0.0,678.78,186.47625000000002,255.76468226090415,18:30:00
3883,0.0,614709,0.0,10533.06,2020-08-19,6466.03,9933.88,8055.388125,971.9953460983417,8.3,20.7,14.106250000000001,4.110981983947438,20.7,7.1,0.0,598.15,145.45833333333334,210.76874959460605,18:30:00
3884,0.4,614709,0.0,10685.63,2020-08-20,6528.55,10533.06,8139.868541666667,1111.1745761685522,7.1,20.7,13.25,4.52571846888143,17.6,8.2,0.0,665.25,175.76833333333332,244.00056226028113,18:30:00
3885,0.0,614709,0.0,10454.05,2020-08-21,6572.85,10685.63,8274.895416666666,1170.5677327271364,8.2,17.6,13.339583333333332,2.8115823956227715,17.5,5.0,0.0,690.8,189.34375,258.6498266808259,18:30:00
3886,0.0,614709,0.0,10765.92,2020-08-22,6695.11,10454.05,8393.949583333333,1037.1593111258956,5.0,17.5,12.918750000000001,3.705123321805529,14.8,7.5,0.0,611.3,175.19375,237.3987720363391,18:30:00
3887,0.0,614709,0.0,10662.53,2020-08-23,6622.6,10765.92,8293.531666666668,1174.2719025038157,7.5,14.8,11.325000000000001,2.0945217297979384,16.5,4.1,0.0,682.78,175.87750000000003,244.30865117366983,18:30:00
3888,0.0,614709,0.0,11149.92,2020-08-24,6531.94,10662.53,7979.350208333333,1215.582977483136,4.1,16.5,11.716666666666667,3.239735564027208,17.4,7.2,0.0,722.08,200.8216666666667,272.10314765773705,18:30:00
3889,0.0,614709,0.0,11500.53,2020-08-25,6712.6,11149.92,8503.7525,1315.0925865027396,7.2,17.4,11.591666666666667,3.0889530921776314,15.5,2.4,0.0,735.2,207.14791666666667,278.9206555823018,19:00:00
3890,0.0,614709,0.0,10933.85,2020-08-26,7117.68,11500.53,8814.566458333333,1305.017107163473,2.4,15.5,8.691666666666666,4.3165112653097655,18.4,3.2,0.0,678.3,190.9075,256.772191284456,19:00:00
3891,0.0,614709,0.0,10429.81,2020-08-27,6987.72,10933.85,8634.097708333333,1227.1207237602462,3.2,18.4,9.839583333333334,5.198188701859701,21.2,2.2,0.0,732.62,206.26,277.22585234134095,19:00:00
3892,0.0,614709,0.0,10086.35,2020-08-28,6770.37,10429.81,8383.492708333333,1153.733695287368,2.2,21.2,11.685416666666667,6.3005568677674555,17.9,6.2,0.0,750.85,207.85458333333335,279.6055754699202,19:00:00
3893,0.0,614709,0.0,9143.53,2020-08-29,6455.5,10086.35,8014.608125,1126.9286814332283,6.2,17.9,12.706249999999999,3.4544701998572998,21.3,3.8,0.0,751.05,211.95916666666668,284.1182119226068,19:00:00
3894,0.0,614709,0.0,8710.85,2020-08-30,5825.99,9143.53,7476.435416666667,971.844061031154,3.8,21.3,12.4125,5.928532702111039,25.4,4.0,0.0,752.9,213.8475,285.32786002116114,19:00:00
3895,0.0,614709,0.0,10090.8,2020-08-31,5630.73,8710.85,6964.173333333333,846.636058453548,4.0,25.4,14.481250000000001,7.391474567134473,21.2,9.6,0.0,756.7,215.85583333333332,286.7960706842565,18:30:00
3896,0.0,625774,0.0,10046.14,2020-09-01,6083.09,10090.8,7562.036666666667,1133.9725494901384,9.6,21.2,15.091666666666667,3.0349617638120936,17.1,7.8,0.0,736.22,200.51083333333335,271.1823788215845,18:30:00
3897,0.0,625774,0.0,9441.79,2020-09-02,6532.78,10046.14,7858.91875,1002.2838441272032,7.8,17.1,13.40625,2.4132970516648933,23.9,5.3,0.0,654.7,192.77583333333334,255.271494519432,19:00:00
3898,0.0,625774,0.0,9044.16,2020-09-03,6559.99,9441.79,7755.265208333333,857.0505504791131,5.3,23.9,14.53125,6.678582989278555,30.2,9.9,0.0,659.17,184.2975,248.3682926623284,18:30:00
3899,0.0,625774,0.0,9018.9,2020-09-04,6239.2,9044.16,7402.959374999999,722.7035179792614,9.9,30.2,21.441666666666666,6.601122835929919,20.3,12.5,0.0,752.67,207.50291666666666,279.8647283744783,18:30:00
3900,7.8,625774,0.0,8385.24,2020-09-05,6053.89,9018.9,7552.520208333334,743.5961073012505,12.5,20.3,15.904166666666667,1.8793342340096315,20.8,8.8,0.0,358.75,80.72833333333334,105.13202233652395,18:30:00
3901,0.0,625774,0.0,8678.09,2020-09-06,5687.97,8385.24,6803.0425,802.5410179389388,8.8,20.8,14.879166666666668,3.5742553655887153,19.3,7.6,0.0,776.53,223.37708333333333,295.25778643926424,19:00:00
3902,0.0,625774,0.0,9284.89,2020-09-07,6016.0,8678.09,6937.37875,773.4039528249208,7.6,19.3,13.289583333333333,4.292162059131035,21.8,7.1,0.0,653.22,189.44375,250.79781764952818,19:00:00
3903,0.0,625774,0.0,9031.87,2020-09-08,6047.32,9284.89,7318.064375000001,909.5144226638979,7.1,21.8,15.095833333333333,4.820477522621518,23.8,7.2,0.0,796.8,232.00625,302.6623571764347,19:00:00
3904,1.2,625774,0.0,10255.73,2020-09-09,6226.7,9031.87,7326.423958333333,776.4956650664427,7.2,23.8,15.75625,5.250487566012422,17.9,12.3,0.0,802.55,224.67208333333335,298.1295832973587,18:30:00
3905,6.2,625774,0.0,9853.68,2020-09-10,6085.26,10255.73,8047.413333333334,1073.3047183633316,12.3,17.9,14.06875,1.448279426724119,17.3,12.8,0.0,200.1,58.95916666666667,76.09641904045249,18:30:00
3906,0.0,625774,0.0,9144.28,2020-09-11,6307.56,9853.68,7783.152291666666,939.7647197654918,12.8,17.3,14.808333333333332,1.3392333998563433,19.7,10.1,0.0,640.47,169.05708333333334,228.53784229879452,19:00:00
3907,0.0,625774,0.0,8467.86,2020-09-12,6372.53,9144.28,7576.662499999999,767.8855598426723,10.1,19.7,14.822916666666666,2.9529098222667947,22.7,7.1,0.0,587.03,154.98999999999998,200.5257755968629,19:00:00
3908,0.0,625774,0.0,8655.85,2020-09-13,5640.8,8467.86,6913.052500000001,814.7101788105066,7.1,22.7,14.922916666666666,5.124959349432279,24.8,8.7,0.0,830.28,244.85125000000002,316.24409409925676,19:00:00
3909,0.2,625774,0.0,9021.34,2020-09-14,5772.14,8655.85,6817.360833333333,808.6060610964053,8.7,24.8,15.9375,5.019944265181828,19.7,7.8,0.0,619.12,169.38750000000002,221.31317105866648,19:00:00
3910,0.0,625774,0.0,9003.34,2020-09-15,5959.94,9021.34,7132.939791666667,858.8120591307895,7.8,19.7,14.510416666666666,4.211142240726524,21.8,13.2,0.0,825.33,243.19208333333333,313.82221901361805,18:30:00
3911,0.0,625774,0.0,8874.04,2020-09-16,6126.44,9003.34,7313.942083333334,772.5642393752925,13.2,21.8,17.533333333333335,2.640706976045116,27.6,9.9,0.0,728.65,214.77291666666667,280.65516720253396,19:00:00
3912,0.0,625774,0.0,8847.75,2020-09-17,6102.3,8874.04,7168.716458333333,764.9280328921209,9.9,27.6,17.510416666666668,5.607792434898762,30.5,11.0,0.0,828.47,240.1075,308.75501174500727,19:00:00
3913,0.0,625774,0.0,9001.94,2020-09-18,5974.57,8847.75,7203.345208333333,739.3904807137891,11.0,30.5,18.645833333333332,6.559059297280992,17.3,13.9,0.0,812.45,233.13541666666666,301.1559900772308,18:30:00
3914,0.4,625774,0.0,8110.6,2020-09-19,5949.04,9001.94,7515.771041666667,760.5346061040688,13.9,17.3,15.891666666666666,0.8951009293699033,22.0,15.1,0.0,219.57,67.235,86.97939761561048,18:30:00
3915,4.8,625774,0.0,8369.79,2020-09-20,5934.88,8110.6,6805.6225,577.1224845898385,15.1,22.0,18.120833333333334,2.2157039449419256,21.3,13.5,0.0,779.08,192.15916666666666,262.17269896641284,18:30:00
3916,9.0,625774,0.0,9072.37,2020-09-21,5690.18,8369.79,6794.813958333333,725.3985981828883,13.5,21.3,17.220833333333335,1.8729835492834752,28.3,11.4,0.0,419.5,99.78750000000001,145.46995110492094,19:00:00
3917,0.0,625774,0.0,8719.37,2020-09-22,5730.08,9072.37,7189.932291666667,888.0613283864398,11.4,28.3,21.202083333333334,6.289555326545251,26.0,17.625316455696204,0.0,796.0,195.55541666666667,266.1567557487011,18:30:00
3918,0.0,625774,0.0,8869.74,2020-09-23,5906.37,8719.37,7038.710625,731.8726427733361,17.625316455696204,26.0,21.961207805907176,2.267558710275964,23.0,9.5,0.0,861.35,256.96125,327.37738113892806,18:30:00
3919,0.0,625774,0.0,8974.41,2020-09-24,5806.5,8869.74,6994.74625,812.0706544478904,9.5,23.0,17.179166666666667,4.334716773163629,20.8,9.7,0.0,888.4,266.3616666666667,335.9305932197794,19:00:00
3920,0.0,625774,0.0,9089.91,2020-09-25,5991.99,8974.41,7067.813125000001,854.6070437245668,9.7,20.8,15.247916666666667,3.987106324638413,23.0,7.8,0.0,870.62,263.09791666666666,332.4791059373943,19:00:00
3921,1.4,625774,0.0,8900.59,2020-09-26,6144.41,9089.91,7465.923333333333,819.864981113804,7.8,23.0,14.75,5.410942419980131,17.2,9.8,0.0,822.55,230.87875,298.5434146953817,18:30:00
3922,0.0,625774,0.0,8977.14,2020-09-27,5762.61,8900.59,7008.100833333334,903.7202794944371,9.8,17.2,13.00625,2.6791080009680575,17.2,9.3,0.0,909.3,269.32364583333333,341.84217891111933,19:00:00
3923,0.0,625774,0.0,9271.89,2020-09-28,5803.9,8977.14,6838.9175,953.2717992005554,9.3,17.2,12.987499999999999,2.2960303393354655,19.4,5.5,0.0,859.08,256.9117708333333,325.2576831553479,19:00:00
3924,0.0,625774,0.0,9148.04,2020-09-29,6129.72,9271.89,7189.78625,915.1335189285163,5.5,19.4,12.808333333333332,4.376525063472808,19.1,10.2,0.0,862.38,266.99052083333333,332.6956807370753,19:00:00
3925,0.0,625774,0.0,9209.73,2020-09-30,6126.06,9148.04,7246.366458333334,836.2505549926332,10.2,19.1,14.697916666666666,2.61008596771548,20.8,8.5,0.0,827.38,248.06083333333333,316.43449555636977,19:00:00
3926,1.4,636360,0.0,8598.69,2020-10-01,6135.65,9209.73,7584.569375,772.0049136333712,8.5,20.8,15.356250000000001,4.214206280483679,25.1,10.4,0.0,511.3,152.71260416666667,190.95227427288978,19:00:00
3927,0.0,636360,0.0,8271.89,2020-10-02,5993.23,8598.69,6965.176666666666,761.3069833763433,10.4,25.1,17.004166666666666,4.223589193299803,26.4,8.1,0.0,870.35,266.43,337.0531397414575,19:00:00
3928,0.0,636360,0.0,7926.56,2020-10-03,5982.4,8271.89,6876.518333333333,677.1134354864859,8.1,26.4,16.954166666666666,6.024205018032736,28.6,9.0,0.0,925.9,284.10260416666665,353.3449702230157,19:00:00
3929,0.0,636360,0.0,7759.37,2020-10-04,5455.91,7926.56,6410.8075,722.4768338934938,9.0,28.6,18.491666666666667,6.0801327439783055,29.5,12.2,0.0,929.8,280.6532291666667,348.7703943270292,19:00:00
3930,0.0,636360,0.0,8368.35,2020-10-05,5379.94,7759.37,6259.276666666668,738.5790105743545,12.2,29.5,20.572916666666668,5.5196260890680415,32.7,12.2,0.0,929.67,286.3304166666667,353.75013156126164,19:00:00
3931,0.0,636360,0.0,8389.44,2020-10-06,5426.28,8368.35,6430.9075,980.8276270351079,12.2,32.7,22.4875,6.970870240858998,19.5,15.6,0.0,942.0,290.32520833333336,356.2402884692846,18:00:00
3932,0.0,636360,0.0,8451.43,2020-10-07,5708.99,8389.44,7151.072916666667,720.0128450507814,15.6,19.5,17.152083333333334,1.1268463965503182,20.9,16.7,0.0,435.85,114.24645833333334,151.39519237201662,18:30:00
3933,0.8,636360,0.0,8370.56,2020-10-08,5919.72,8451.43,7330.240208333334,678.4125627678418,16.7,20.9,18.183333333333334,1.0925927261556458,27.8,14.3,0.0,451.6,123.7675,165.13247747496942,18:00:00
3934,0.0,636360,0.0,7945.2,2020-10-09,5917.39,8370.56,7203.868541666667,637.8205831996542,14.3,27.8,21.666666666666668,4.299249480931617,22.7,9.8,0.0,827.05,219.85958333333335,273.23212297681704,19:00:00
3935,0.0,636360,0.0,7507.26,2020-10-10,5842.71,7945.2,6831.53875,575.0322156363777,9.8,22.7,17.160416666666666,4.019513021384308,25.6,11.6,0.0,846.17,272.9139583333333,326.8520206486161,19:00:00
3936,0.0,636360,0.0,7788.95,2020-10-11,5221.13,7507.26,6289.897916666666,661.8536876172773,11.6,25.6,18.34375,4.338982440275746,27.2,9.6,0.0,968.17,299.82937499999997,367.87994762923165,19:00:00
3937,0.0,636360,0.0,8336.96,2020-10-12,5256.14,7788.95,6221.612708333333,738.7635749258285,9.6,27.2,18.397916666666667,5.869883089318688,24.1,14.8,0.0,916.65,278.12572916666664,343.48536232553465,19:00:00
3938,0.0,636360,0.0,8544.86,2020-10-13,5710.86,8336.96,6986.672291666667,747.0671709986982,14.8,24.1,19.416666666666668,2.5752779922929983,29.0,11.7,0.0,874.67,268.60260416666665,332.540451092427,18:00:00
3939,0.0,636360,0.0,8231.45,2020-10-14,6020.16,8544.86,7136.337083333333,687.0271842370385,11.7,29.0,19.727083333333333,5.534062398564518,21.1,15.8,0.0,955.95,301.43322916666665,365.0544215337926,18:00:00
3940,0.0,636360,0.0,8520.02,2020-10-15,5853.44,8231.45,7037.947916666667,626.7169535914699,15.8,21.1,18.091666666666665,1.6699895952451167,26.5,13.0,0.0,745.85,232.96270833333332,285.06322074824027,19:00:00
3941,0.0,636360,0.0,8139.13,2020-10-16,5955.69,8520.02,7114.850208333333,746.2371225318641,13.0,26.5,19.252083333333335,4.427572678420426,20.1,15.2,0.0,943.7,287.29010416666665,355.9029316437958,19:00:00
3942,0.0,636360,0.0,7898.85,2020-10-17,5981.59,8139.13,7252.014999999999,577.3345282287452,15.2,20.1,17.316666666666666,1.065380430171734,26.4,15.1,0.0,544.85,157.64520833333333,198.13003401473253,18:30:00
3943,1.8,636360,0.0,7833.12,2020-10-18,5787.61,7898.85,6714.28,625.7110851204031,15.1,26.4,19.966666666666665,3.276176633414832,24.8,15.4,0.0,771.45,213.84635416666666,280.4562190332099,18:30:00
3944,3.2,636360,0.0,8265.48,2020-10-19,5592.78,7833.12,6547.61375,617.4538371258076,15.4,24.8,19.027083333333334,2.649346734681471,19.3,15.1,0.0,637.62,140.61781249999999,190.11353597959885,18:30:00
3945,0.0,636360,0.0,8263.87,2020-10-20,5712.18,8265.48,7038.356666666667,698.9661470307667,15.1,19.3,16.979166666666668,1.2035335092141868,21.3,13.8,0.0,710.7,209.84989583333333,264.26655201183326,18:00:00
3946,0.0,636360,0.0,8268.43,2020-10-21,5944.14,8263.87,7130.576875,618.162321852531,13.8,21.3,17.710416666666667,1.6199868115214857,23.1,11.4,0.0,633.22,191.16020833333334,231.80266975441594,18:00:00
3947,0.0,636360,0.0,8401.0,2020-10-22,5935.98,8268.43,6974.172916666666,674.2007991719368,11.4,23.1,17.779166666666665,3.9026972851209956,23.0,13.2,0.0,962.6,303.7185416666667,364.93692760641085,19:00:00
3948,0.0,636360,0.0,8289.45,2020-10-23,6003.87,8401.0,7198.663333333334,655.7953486994907,13.2,23.0,18.785416666666666,3.0701021941084456,26.3,15.3,0.0,893.6,268.411875,329.0005810245547,18:00:00
3949,4.0,636360,0.0,7956.9,2020-10-24,5982.96,8289.45,7175.094583333333,618.0620825594266,15.3,26.3,20.747916666666665,3.2214037896368253,24.9,14.8,0.0,947.03,291.4009375,350.8043296735653,18:00:00
3950,22.6,636360,0.0,8445.64,2020-10-25,5757.13,7956.9,7000.652708333334,626.553679902122,14.8,24.9,20.402083333333334,2.1459997009114558,15.1,12.7,0.0,333.0,91.561875,109.88620898517236,18:00:00
3951,15.8,636360,0.0,9324.77,2020-10-26,5615.75,8445.64,6941.307083333333,836.1405253902134,12.7,15.1,14.081249999999999,0.6100771663782953,16.3,13.7,0.0,259.48,69.96979166666667,82.61060543784156,17:30:00
3952,11.4,636360,0.0,8538.05,2020-10-27,5783.71,9324.77,7690.424583333333,1019.3372563247835,13.7,16.3,14.4,0.5720437418180463,18.6,13.8,0.0,363.65,97.54270833333334,117.86353149443066,18:00:00
3953,0.0,636360,0.0,8384.58,2020-10-28,6159.27,8538.05,7427.134791666666,662.8106516722314,13.8,18.6,15.845833333333333,1.668475968282908,19.7,12.8,0.0,635.9,182.32177083333332,225.22629402610517,19:00:00
3954,4.0,636360,0.0,8304.85,2020-10-29,6047.88,8384.58,7341.675208333333,609.8196561976847,12.8,19.7,16.287499999999998,2.1104224645135408,19.8,13.3,0.0,560.9,143.43010416666667,172.4074684030803,18:30:00
3955,0.4,636360,0.0,7895.61,2020-10-30,5974.16,8304.85,7229.192291666666,630.3930282151734,13.3,19.8,16.635416666666668,1.8752009348598593,21.4,10.5,0.0,871.53,231.26083333333335,308.4083647904107,19:00:00
3956,2.4,636360,0.0,7711.74,2020-10-31,6012.22,7895.61,6967.797916666666,509.3208879456013,10.5,21.4,16.947916666666668,3.484188576334667,22.9,14.3,0.0,883.42,267.1672916666667,326.9774821643057,19:00:00
3957,10.8,648554,0.0,7780.44,2020-11-01,5717.3,7711.74,6756.294791666667,546.8357019582076,14.3,22.9,17.945833333333333,2.0857121171103623,18.7,13.6,0.0,895.22,253.538125,327.3128537669891,18:00:00
3958,3.8,648554,0.0,8131.95,2020-11-02,5648.54,7780.44,6592.4435416666665,606.1579084851608,13.6,18.7,16.416666666666668,1.6496722219023712,20.5,12.1,0.0,655.22,163.0596875,199.14104166903397,19:00:00
3959,0.0,648554,0.0,8130.29,2020-11-03,5833.05,8131.95,6968.868333333333,647.7987860975841,12.1,20.5,16.891666666666666,2.708759104557808,21.6,11.4,0.0,890.53,284.5990625,338.23603061631553,18:00:00
3960,0.0,648554,0.0,8379.01,2020-11-04,5975.06,8130.29,6915.257291666666,678.4371002210438,11.4,21.6,16.908333333333335,3.562979468792301,25.2,11.1,0.0,988.0,316.398125,372.5637864829824,19:00:00
3961,3.2,648554,0.0,8880.37,2020-11-05,5930.93,8379.01,6984.103541666666,727.8778489481032,11.1,25.2,18.79375,4.80077149163482,21.1,12.5,0.0,1033.97,310.82479166666667,381.5052252172187,18:00:00
3962,16.0,648554,0.0,7917.11,2020-11-06,5956.55,8880.37,7568.1825,821.1692847643691,12.5,21.1,15.456249999999999,2.631552106526054,19.0,12.0,0.0,178.15,59.77125,65.38039138096114,18:00:00
3963,0.0,648554,0.0,7591.23,2020-11-07,5974.06,7917.11,6910.78375,627.6123476289139,12.0,19.0,15.591666666666667,2.3634480161033142,19.3,10.8,0.0,908.4,281.04520833333333,331.8858955417211,19:30:00
3964,0.0,648554,0.0,7617.46,2020-11-08,5593.59,7591.23,6480.611458333333,597.0219161841637,10.8,19.3,15.625,2.8095960185112085,19.4,13.9,0.0,843.95,246.4040625,293.006019075595,19:30:00
3965,0.0,648554,0.0,8112.92,2020-11-09,5489.36,7617.46,6243.111666666667,676.425341339067,13.9,19.4,16.783333333333335,1.6025688597856291,20.6,11.8,0.0,597.15,210.88104166666665,236.11824290807817,19:00:00
3966,0.0,648554,0.0,8228.87,2020-11-10,5779.29,8112.92,6894.153333333333,684.0379430913553,11.8,20.6,16.395833333333332,2.5786321900634066,21.6,9.9,0.0,837.1,276.5697916666667,318.1185473181783,19:00:00
3967,0.0,648554,0.0,8594.28,2020-11-11,5977.58,8228.87,6926.185624999999,692.4129321496762,9.9,21.6,16.58125,3.742774954723051,24.1,11.7,0.0,1058.53,344.6017708333333,401.01008074622683,19:30:00
3968,0.0,648554,0.0,8871.05,2020-11-12,5931.69,8594.28,7071.9764583333335,757.6078797740297,11.7,24.1,19.0,4.281180986398248,31.0,15.7,0.0,1054.22,356.54406250000005,407.90907228551055,18:00:00
3969,4.2,648554,0.0,8039.33,2020-11-13,5940.69,8871.05,7434.899375,840.7964105420841,15.7,31.0,23.429166666666664,4.706715814542582,28.8,15.7,0.0,673.7,216.52687500000002,252.1808716057909,18:00:00
3970,5.4,648554,0.0,7767.03,2020-11-14,6043.69,8039.33,7304.118541666667,581.2848166794693,15.7,28.8,21.62708333333333,3.5848225917309207,25.5,14.6,0.0,789.4,177.83927083333333,253.08185369809806,14:30:00
3971,0.0,648554,0.0,8922.88,2020-11-15,5752.76,7767.03,6518.487291666667,661.5560598678151,14.6,25.5,19.933333333333334,3.374518615525008,28.3,14.0,0.0,1036.18,347.23885416666667,399.0928369789597,19:30:00
3972,0.0,648554,0.0,11337.12,2020-11-16,5702.91,8922.88,6738.942708333333,1068.0230975563154,14.0,28.3,21.41875,4.714606377829687,37.8,16.3,0.0,1060.28,358.28843750000004,407.7466174392438,18:00:00
3973,0.0,648554,0.0,8338.27,2020-11-17,5952.65,11337.12,8338.005208333334,1684.8555311550551,16.3,37.8,26.056250000000002,7.454083737234386,22.1,16.6,0.0,1000.78,312.6382291666667,375.336897121701,17:00:00
3974,0.0,648554,0.0,8352.72,2020-11-18,6149.21,8338.27,7331.263125,576.6494363872828,16.6,22.1,19.554166666666667,1.4902460646931195,23.5,16.4,0.0,983.1,284.55875,347.93059596110703,17:30:00
3975,0.0,648554,0.0,8998.05,2020-11-19,5962.22,8352.72,7138.701458333333,656.7287481079574,16.4,23.5,19.579166666666666,2.0143061033552443,24.9,13.1,0.0,914.22,292.0296875,342.3921252906826,18:00:00
3976,0.0,648554,0.0,10404.45,2020-11-20,5989.09,8998.05,7338.207708333334,867.6107036341776,13.1,24.9,19.989583333333332,3.856315051981859,31.4,16.6,0.0,1004.38,351.92343750000003,395.130308343264,18:00:00
3977,0.0,648554,0.0,8169.54,2020-11-21,6070.31,10404.45,8096.602291666666,1334.6850447413951,16.6,31.4,23.914583333333336,4.856975224698324,22.8,18.4,0.0,973.28,306.1791666666667,374.57726514022323,17:00:00
3978,0.2,648554,0.0,8868.73,2020-11-22,6018.39,8169.54,6940.511458333333,669.9248063362313,18.4,22.8,20.160416666666666,1.334922036664175,26.5,16.3,0.0,896.8,254.29218749999998,313.5310403003428,17:30:00
3979,1.2,648554,0.0,8674.59,2020-11-23,5818.94,8868.73,7131.94,1005.1764490683722,16.3,26.5,22.618750000000002,3.2415294689193166,25.8,19.1,0.0,819.92,207.86010416666667,279.77608778877647,18:00:00
3980,1.2,648554,0.0,8263.56,2020-11-24,6083.72,8674.59,7700.643541666667,838.8685545791176,19.1,25.8,22.1875,2.118773732058138,22.3,18.1,0.0,324.92,97.84677083333332,107.43794849145596,18:00:00
3981,1.2,648554,0.0,8590.29,2020-11-25,5999.06,8263.56,7182.0095833333335,619.5963158687434,18.1,22.3,19.837500000000002,1.2245059794125213,23.4,16.7,0.0,918.28,296.4789583333333,337.26697940311374,17:30:00
3982,0.0,648554,0.0,10798.3,2020-11-26,6015.64,8590.29,7299.445833333334,699.5274734885318,16.7,23.4,19.991666666666667,2.0395904191808194,32.5,14.8,0.0,892.62,316.0896875,354.4304786846709,18:00:00
3983,0.0,648554,0.0,10117.17,2020-11-27,6101.07,10798.3,8109.274375,1421.5589381453299,14.8,32.5,23.085416666666664,5.894028336838989,26.3,18.6,0.0,1054.2,361.4273958333333,408.40448792649136,17:30:00
3984,0.0,648554,0.0,12401.82,2020-11-28,6203.88,10117.17,7955.188958333333,1153.5728287612963,18.6,26.3,21.87708333333333,2.5389090958841187,40.4,18.3,0.0,1039.9,317.830625,386.3189641946271,17:30:00
3985,0.0,648554,0.0,11865.01,2020-11-29,6316.66,12401.82,9166.483125,2070.4274568846745,18.3,40.4,30.079166666666666,8.073280288081737,40.1,19.7,0.0,996.83,330.8884375,378.3906811708961,17:00:00
3986,0.0,648554,0.0,8761.81,2020-11-30,6984.19,11865.01,8922.170416666666,1611.0515893689849,19.7,40.1,29.712500000000002,6.78300833905278,22.6,18.6,0.0,897.4,258.85447916666664,330.29013619111987,16:00:00
3987,0.0,660289,0.0,11224.11,2020-12-01,6116.62,8761.81,7579.620208333334,769.1520718836655,18.6,22.6,20.279166666666665,1.1785238392651693,27.9,17.5,0.0,665.03,206.8371875,237.12311947213868,18:00:00
3988,2.2,660289,0.0,8707.14,2020-12-02,6177.79,11224.11,8319.444375000001,1455.0026816995194,17.5,27.9,23.004166666666666,2.940904357458146,22.1,16.9,0.0,1046.15,335.636875,397.5452329109725,16:30:00
3989,0.4,660289,0.0,8504.07,2020-12-03,6348.37,8707.14,7668.106666666667,646.8738418366308,16.9,22.1,20.039583333333333,1.467772894389163,21.4,17.4,0.0,593.83,174.94260416666668,211.4623571274656,17:00:00
3990,0.0,660289,0.0,9843.4,2020-12-04,6074.63,8504.07,7577.578958333333,707.5182003740916,17.4,21.4,19.952083333333334,1.1885964516280088,32.7,16.8,0.0,396.95,113.61864583333333,136.2666383740551,17:30:00
3991,0.0,660289,0.0,8138.07,2020-12-05,6130.4,9843.4,7843.600625,1030.4811695666806,16.8,32.7,23.760416666666668,4.731997894971446,24.9,19.1,0.0,1051.85,357.5671875,405.7069449999308,16:30:00
3992,7.0,660289,0.0,8600.69,2020-12-06,6090.37,8138.07,7211.996458333334,642.2416920526059,19.1,24.9,21.631249999999998,1.9059990678928727,29.6,16.8,0.0,674.0,176.4595833333333,224.08326044469462,18:00:00
3993,0.0,660289,0.0,9237.17,2020-12-07,5785.77,8600.69,6737.2891666666665,937.2477059235019,16.8,29.6,24.760416666666668,3.2109347471343312,29.5,13.5,0.0,1093.85,378.6975,421.53111813402245,18:00:00
3994,0.0,660289,0.0,7932.34,2020-12-08,5812.38,9237.17,7407.597291666666,987.5588498871244,13.5,29.5,22.902083333333334,5.546687322017256,21.2,15.0,0.0,1055.25,358.5690625,410.6555885846491,17:30:00
3995,0.0,660289,0.0,8488.24,2020-12-09,6112.64,7932.34,6954.818125000001,575.571150433466,15.0,21.2,18.175,1.849266674669327,25.0,13.1,0.0,1065.55,370.1330208333333,413.5187840323524,18:00:00
3996,0.0,660289,0.0,8552.09,2020-12-10,5988.21,8488.24,7070.462500000001,730.1174690024566,13.1,25.0,19.560416666666665,3.7012786510180886,26.8,14.6,0.0,1075.15,368.32885416666664,410.29945089731456,18:00:00
3997,0.0,660289,0.0,7741.04,2020-12-11,6076.17,8552.09,7310.501875000001,718.0145392282938,14.6,26.8,19.485416666666666,3.3265527222914106,21.2,17.3,0.0,1032.22,316.49114583333335,379.1020489587507,18:00:00
3998,0.0,660289,0.0,7544.04,2020-12-12,5993.73,7741.04,7119.231458333333,496.37132669167914,17.3,21.2,19.002083333333335,1.0138382059290432,22.8,15.4,0.0,634.38,219.329375,250.59308416537743,19:30:00
3999,3.6,660289,0.0,7679.73,2020-12-13,5920.64,7544.04,6644.595,507.6121038117295,15.4,22.8,19.108333333333334,2.2737945914201734,24.3,14.4,0.0,911.95,293.76875,346.7803145525568,20:00:00
4000,0.8,660289,0.0,8383.6,2020-12-14,5741.81,7679.73,6506.348958333333,625.2816154724434,14.4,24.3,19.822916666666668,3.305909575376702,24.0,18.1,0.0,727.45,238.50666666666666,272.13704288647097,19:30:00
4001,7.4,660289,0.0,9017.32,2020-12-15,5910.71,8383.6,7419.669166666667,746.3088871490068,18.1,24.0,20.785416666666666,1.8345374027992745,25.6,18.9,0.0,549.45,182.9567708333333,200.43640954891714,18:00:00
4002,7.0,660289,0.0,9645.14,2020-12-16,6116.92,9017.32,7809.191041666666,827.6576092066178,18.9,25.6,21.73125,1.9588485816819627,27.3,21.9,0.0,639.62,173.5689583333333,221.07231687689296,17:00:00
4003,1.8,660289,0.0,10753.58,2020-12-17,6242.64,9645.14,8177.895,1018.6617245377868,21.9,27.3,23.579166666666666,1.7341327261939141,31.9,21.3,0.0,872.7,272.03249999999997,322.18333948796464,15:30:00
4004,8.2,660289,0.0,9970.53,2020-12-18,6294.79,10753.58,8698.831458333332,1471.3848074691473,21.3,31.9,25.945833333333336,3.3274460421050516,32.3,19.4,0.0,932.03,268.9659375,318.56123317432895,16:30:00
4005,0.4,660289,0.0,7731.91,2020-12-19,6590.26,9970.53,8521.880208333334,1112.9427611297085,19.4,32.3,24.864583333333332,3.8140551705463874,19.9,17.7,0.0,548.72,158.22864583333333,173.04621842259738,15:00:00
4006,0.32,660289,0.0,7931.83,2020-12-20,6098.66,7731.91,7065.591041666667,464.87028460356845,17.7,19.9,18.900000000000002,0.7025788363426542,23.3,17.8,0.0,373.85,97.08677083333333,118.90146005263556,18:00:00
4007,0.24,660289,0.0,8664.85,2020-12-21,5839.23,7931.83,6824.162083333334,627.091989607275,17.8,23.3,20.010416666666668,1.8138051671547208,23.2,17.8,0.0,399.6,117.91541666666666,144.60250459056803,18:00:00
4008,0.16,660289,0.0,8198.66,2020-12-22,5972.87,8664.85,7598.034375,823.0128719318777,17.8,23.2,19.818749999999998,1.824147279654893,27.8,17.7,0.0,343.4,107.40052083333335,116.32100563233924,17:30:00
4009,0.08,660289,0.0,8091.53,2020-12-23,6150.21,8198.66,7333.432708333334,569.8200946014971,17.7,27.8,21.910416666666666,3.355734347975774,24.1,15.9,0.0,718.53,231.48520833333336,261.5660456178677,18:00:00
4010,0.0,660289,0.0,8150.75,2020-12-24,5905.42,8091.53,6902.267083333333,633.9020427209405,15.9,24.1,20.08125,2.5355058457075246,26.1,15.3,0.0,909.97,341.40864583333337,371.6810562931205,18:00:00
4011,0.0,660289,30.5,6932.8,2020-12-25,5946.27,8150.75,6920.776666666668,661.2531200468025,15.3,26.1,21.422916666666666,3.6212869220252655,21.3,17.3,0.0,818.05,278.17125,315.8500979735381,18:00:00
4012,1.2,660289,0.0,7264.5,2020-12-26,5299.66,6932.8,6043.796249999999,432.4668957771046,17.3,21.3,19.279166666666665,0.9360301716662258,24.4,17.1,0.0,635.65,189.97770833333334,228.76644421758115,00:00:00
4013,3.2,660289,0.0,8598.21,2020-12-27,5365.09,7264.5,6181.650000000001,613.1569173599719,17.1,24.4,19.808333333333334,2.1632160192868595,30.2,15.8,0.0,773.17,227.35270833333334,281.73328858661347,19:30:00
4014,0.2,660289,0.0,7766.12,2020-12-28,5502.01,8598.21,6614.648125,1092.813195604765,15.8,30.2,22.650000000000002,4.393951355060535,26.4,16.9,0.0,1056.6,355.61604166666666,402.72460704840995,17:30:00
4015,16.8,660289,0.0,7690.68,2020-12-29,5840.38,7766.12,6726.288541666666,539.9074583193791,16.9,26.4,20.564583333333335,2.7069248929156733,20.3,16.9,0.0,936.2,227.1654166666667,305.8065530374942,17:00:00
4016,2.8,660289,0.0,7757.12,2020-12-30,5626.16,7690.68,6816.522291666667,590.4571343197613,16.9,20.3,18.383333333333333,0.9374781321326666,23.3,17.1,0.0,370.65,98.186875,109.10215390069655,18:00:00
4017,0.0,660289,0.0,7598.82,2020-12-31,5774.16,7757.12,6858.173958333333,578.5259541603892,17.1,23.3,19.875,1.7426441147400975,22.9,15.5,0.0,485.27,142.70020833333334,163.4495983116922,18:00:00
4018,0.0,668664,0.0,7209.93,2021-01-01,5781.4,7598.82,6809.306666666666,503.8963073774733,15.5,22.9,20.147916666666667,1.9105518400015533,21.4,17.3,0.0,444.23,149.65875,167.8688687209105,17:00:00
4019,0.2,668664,0.0,7580.57,2021-01-02,5611.96,7209.93,6462.1275,519.8236756353673,17.3,21.4,19.458333333333332,1.2572907944640217,22.1,16.7,0.0,285.25,91.62343750000001,104.11999696624721,18:00:00
4020,2.6,668664,0.0,8052.25,2021-01-03,5564.77,7580.57,6578.316666666667,584.7903327173899,16.7,22.1,18.991666666666667,1.6137485545038075,25.5,19.5,0.0,434.9,125.02562499999999,146.39417365246575,18:00:00
4021,0.4,668664,0.0,8836.48,2021-01-04,5685.03,8052.25,6752.295625,733.7275884950432,19.5,25.5,21.941666666666666,2.028922083938916,28.0,18.7,0.0,580.0,184.20885416666667,210.61940593048448,18:00:00
4022,6.0,668664,0.0,9271.53,2021-01-05,5893.63,8836.48,7467.266666666666,896.036747345168,18.7,28.0,21.897916666666664,3.3187724969519716,28.2,17.9,0.0,711.75,160.63677083333332,222.18659366093286,15:00:00
4023,7.0,668664,0.0,8108.64,2021-01-06,6021.07,9271.53,7510.465833333333,960.1655385485938,17.9,28.2,22.6125,3.1775559321792675,23.3,19.4,0.0,999.38,344.6936458333333,390.7410891236168,18:00:00
4024,0.0,668664,0.0,7936.65,2021-01-07,6113.69,8108.64,7269.828958333333,559.6178404804459,19.4,23.3,20.945833333333333,1.182848767033961,22.1,17.7,0.0,614.7,192.4596875,229.14459789410097,18:00:00
4025,3.6,668664,0.0,7683.92,2021-01-08,5936.71,7936.65,7038.155208333334,549.5699886467894,17.7,22.1,19.860416666666666,1.1127385392524105,21.4,17.4,0.0,792.62,249.27104166666666,284.72910794775026,18:00:00
4026,0.2,668664,0.0,7777.51,2021-01-09,5989.3,7683.92,6917.196666666667,479.76956888380363,17.4,21.4,19.71875,1.128293052697727,24.0,14.2,0.0,829.58,245.33,292.6525838281231,18:00:00
4027,0.0,668664,0.0,8434.99,2021-01-10,5911.75,7777.51,6630.95625,608.0670896692482,14.2,24.0,19.958333333333332,3.3101927264926476,26.9,14.8,0.0,981.03,306.3340625,347.3745439075142,19:00:00
4028,0.0,668664,0.0,9573.7,2021-01-11,5773.42,8434.99,6659.557916666668,903.9107160342352,14.8,26.9,21.2625,4.1420842219983465,27.3,15.9,0.0,1047.57,367.32375,406.9041035615306,18:30:00
4029,0.0,668664,0.0,10376.04,2021-01-12,5957.11,9573.7,7544.0225,1011.0098477254671,15.9,27.3,22.208333333333332,3.780286679061063,30.1,16.1,0.0,1080.32,376.44770833333337,418.95028898599065,18:00:00
4030,0.0,668664,0.0,10430.48,2021-01-13,6079.26,10376.04,8058.727083333334,1305.88449102752,16.1,30.1,23.849999999999998,4.304277931388527,28.7,18.9,0.0,996.38,315.6227083333333,362.89275718304594,17:30:00
4031,0.0,668664,0.0,11729.36,2021-01-14,6394.3,10430.48,8255.76,1174.6794143700142,18.9,28.7,24.191666666666666,2.8454393022334963,32.8,20.3,0.0,1056.05,366.09614583333337,409.8286622872658,18:00:00
4032,0.0,668664,0.0,9918.4,2021-01-15,6392.78,11729.36,8639.191458333333,1614.8626683392306,20.3,32.8,25.08125,4.5042606898027255,28.1,20.5,0.0,1037.2,314.0746875,385.1967620765547,17:30:00
4033,0.0,668664,0.0,7736.97,2021-01-16,6446.13,9918.4,8114.848333333332,1043.9559464605566,20.5,28.1,23.6875,2.3696327931703025,25.6,15.5,0.0,1006.35,297.6333333333333,355.36138572321073,17:00:00
4034,0.0,668664,0.0,7978.96,2021-01-17,5457.08,7736.97,6430.0060416666665,719.1143572973859,15.5,25.6,21.002083333333335,2.7963874555251547,24.2,12.2,0.0,1111.28,388.14135416666664,432.9051900645559,18:30:00
4035,0.0,668664,0.0,10075.24,2021-01-18,5566.54,7978.96,6446.331041666667,822.4224458974314,12.2,24.2,19.960416666666667,3.8278230902079406,29.3,16.1,0.0,1052.68,364.17072916666666,411.19946108524687,18:30:00
4036,0.0,668664,0.0,8450.77,2021-01-19,6048.96,10075.24,7845.455833333333,1184.9868954672359,16.1,29.3,22.99791666666667,4.266269962996145,23.5,16.8,0.0,1050.32,354.2579166666667,403.280177737768,17:30:00
4037,0.6,668664,0.0,8139.66,2021-01-20,6305.91,8450.77,7510.216875000001,576.9780397390272,16.8,23.5,20.977083333333333,1.6066669057708554,22.3,13.9,0.0,571.33,161.19822916666666,191.63432691626127,18:00:00
4038,0.0,668664,0.0,9107.78,2021-01-21,6026.99,8139.66,7288.359583333334,594.1197480018482,13.9,22.3,18.677083333333332,2.4233122737044273,26.4,11.8,0.0,510.15,157.99302083333333,184.6535343404068,18:00:00
4039,0.0,668664,0.0,10934.61,2021-01-22,6104.21,9107.78,7411.752083333333,863.3968959622622,11.8,26.4,20.139583333333334,5.06371067302841,33.7,16.3,0.0,1067.65,360.6877083333334,410.5518202603718,18:00:00
4040,0.0,668664,0.0,10740.75,2021-01-23,6211.0,10934.61,8391.335416666667,1510.429056229371,16.3,33.7,25.09166666666667,5.981312505694727,32.0,21.0,0.0,1048.88,348.5785416666667,401.64817271417604,17:30:00
4041,0.0,668664,0.0,11633.06,2021-01-24,6400.65,10740.75,8351.844791666666,1409.4755878996502,21.0,32.0,26.039583333333336,3.06980764407661,34.9,20.6,0.0,1041.2,351.2079166666667,403.30521923549253,18:00:00
4042,0.0,668664,0.0,12197.57,2021-01-25,6391.54,11633.06,8630.126875,1711.4195545444904,20.6,34.9,27.639583333333334,4.643171127641902,31.9,21.4,0.0,1044.93,358.0261458333334,406.03666963926327,17:00:00
4043,0.0,668664,0.0,12059.74,2021-01-26,6683.32,12197.57,9339.378125000001,1788.274019590739,21.4,31.9,26.43958333333333,3.5725156273697967,38.5,20.1,0.0,1062.4,357.5933333333333,407.58786068659856,17:00:00
4044,0.0,668664,0.0,9013.7,2021-01-27,6511.59,12059.74,9099.368333333334,1899.039895925388,20.1,38.5,28.754166666666666,5.974055906302787,24.2,18.8,0.0,1040.47,346.15729166666665,399.7457669568944,17:00:00
4045,5.6,668664,0.0,8552.14,2021-01-28,6888.9,9013.7,8230.468125,681.6190642800609,18.8,24.2,21.243750000000002,1.5851580564189103,22.2,18.6,0.0,263.95,88.29302083333333,100.14537307132717,17:30:00
4046,5.6,668664,0.0,8445.79,2021-01-29,6143.44,8552.14,7607.223125,713.4315704595114,18.6,22.2,20.254166666666666,0.9649073008796136,21.2,18.5,0.0,362.42,108.42520833333333,131.1731824724691,17:00:00
4047,8.0,668664,0.0,9022.3,2021-01-30,6171.0,8445.79,7650.983333333334,734.3319999875217,18.5,21.2,20.1875,0.7555820639210212,30.2,21.3,0.0,348.75,112.71020833333334,129.84904511384346,17:00:00
4048,0.8,668664,0.0,8230.0,2021-01-31,6174.7,9022.3,7443.983749999999,811.023313487153,21.3,30.2,24.14375,2.4912533161255164,22.8,21.1,0.0,546.15,166.76864583333335,194.35755711087216,18:00:00
4049,0.0,680056,0.0,9653.05,2021-02-01,6118.33,8230.0,7113.669166666667,605.7959053612714,21.1,22.8,22.016666666666666,0.4239296074311596,27.2,18.9,0.0,501.08,166.14791666666667,190.19750518206666,18:00:00
4050,28.2,680056,0.0,8244.71,2021-02-02,6064.05,9653.05,7829.247916666667,998.7242079304009,18.9,27.2,23.21875,2.18034315569723,23.3,17.5,0.0,946.85,286.0988541666667,348.5190111473203,17:00:00
4051,0.0,680056,0.0,8393.53,2021-02-03,6228.12,8244.71,7399.210208333334,564.2715362210973,17.5,23.3,20.34375,1.854712944469568,23.9,16.9,0.0,892.35,262.30052083333334,319.64525577690085,18:00:00
4052,0.0,680056,0.0,9764.82,2021-02-04,6093.08,8393.53,7235.404583333333,650.0338127897941,16.9,23.9,20.045833333333334,2.1917600363036094,27.6,15.9,0.0,836.33,284.96250000000003,326.762676694954,18:00:00
4053,0.0,680056,0.0,10102.9,2021-02-05,6089.51,9764.82,7824.979583333334,1046.3934044316804,15.9,27.6,22.28333333333333,4.049656320239623,27.8,18.5,0.0,1007.7,317.940625,380.66532410530493,17:00:00
4054,0.0,680056,0.0,8210.46,2021-02-06,6438.92,10102.9,8197.782708333334,1004.1259475946904,18.5,27.8,23.95,2.700906073343032,25.1,19.7,0.0,1008.78,331.9797916666667,388.33209473604353,17:00:00
4055,1.4,680056,0.0,8524.88,2021-02-07,6280.47,8210.46,7428.449166666666,571.7884641541103,19.7,25.1,23.10625,1.201666617483597,26.5,17.5,0.0,287.67,92.7675,100.57254444302724,18:30:00
4056,0.0,680056,0.0,8502.99,2021-02-08,6013.93,8524.88,6958.574166666666,781.0953372514049,17.5,26.5,21.93958333333333,2.933862430119251,22.8,19.0,0.0,982.75,311.09260416666666,364.2727641625533,18:00:00
4057,0.0,680056,0.0,8425.34,2021-02-09,6064.21,8502.99,7490.040416666667,719.7887125088452,19.0,22.8,20.929166666666667,0.9239043731794659,24.4,15.6,0.0,767.28,241.95104166666667,286.705426142832,18:00:00
4058,0.0,680056,0.0,8449.08,2021-02-10,6094.89,8425.34,7407.3047916666665,630.4324124706569,15.6,24.4,20.672916666666666,1.7006556411952056,24.2,15.7,0.0,911.62,298.5575,350.3181050860258,18:00:00
4059,0.0,680056,0.0,9348.66,2021-02-11,6099.31,8449.08,7359.30875,632.1085664245822,15.7,24.2,19.941666666666666,2.6404249604242103,26.7,15.7,0.0,804.83,242.8573958333333,292.97885552197727,18:00:00
4060,0.0,680056,0.0,10177.59,2021-02-12,6149.28,9348.66,7562.555416666666,917.891248951611,15.7,26.7,21.97083333333333,3.2920897025945504,33.5,17.9,0.0,1012.9,333.88927083333334,390.3125286201576,18:00:00
4061,16.4,680056,195.965,7976.97,2021-02-13,6197.43,10177.59,8055.056250000001,1139.3540819788236,17.9,33.5,24.556250000000002,4.986872394256317,22.8,18.2,0.0,707.85,217.9255208333333,259.50429303061384,17:00:00
4062,12.6,680056,0.0,7719.53,2021-02-14,6367.0,7976.97,7262.518541666667,454.7277524203162,18.2,22.8,20.54375,1.3807038368550928,23.3,16.6,0.0,237.98,60.3375,72.4514764984711,08:30:00
4063,0.0,680056,0.0,8262.79,2021-02-15,5704.44,7719.53,6457.502916666667,640.346540288457,16.6,23.3,19.993750000000002,2.1996524145148153,23.1,19.0,0.0,917.08,293.8634375,349.51764026214977,19:30:00
4064,6.0,680056,0.0,8519.14,2021-02-16,5843.07,8262.79,7116.054166666666,688.8406198046887,19.0,23.1,20.325,1.255710360966372,25.1,18.5,0.0,514.3,164.90520833333332,199.4075933992355,18:00:00
4065,4.0,680056,0.0,8358.49,2021-02-17,5970.28,8519.14,7378.107499999999,700.4170797688437,18.5,25.1,20.922916666666666,2.1514210626124486,24.2,17.0,0.0,878.83,274.11593750000003,332.66141043757267,18:00:00
4066,0.6,680056,0.0,8529.18,2021-02-18,6038.74,8358.49,7351.291458333333,632.9506467130149,17.0,24.2,20.585416666666667,2.143370738012292,24.3,15.6,0.0,681.03,209.269375,249.3293689326771,18:30:00
4067,3.0,680056,0.0,9067.48,2021-02-19,6026.17,8529.18,7428.078541666667,685.7030394745499,15.6,24.3,20.985416666666666,2.3629218824783513,26.7,20.1,0.0,665.92,200.07375,239.19133632041252,18:00:00
4068,0.4,680056,0.0,9172.89,2021-02-20,6131.2,9067.48,7825.676666666666,840.0044831550404,20.1,26.7,23.28333333333333,2.089928567784008,28.6,18.8,0.0,791.3,248.6080208333333,299.35238422503386,18:00:00
4069,0.0,680056,0.0,9403.37,2021-02-21,6116.49,9172.89,7499.602083333334,863.2653551313388,18.8,28.6,23.20625,3.0069003089702027,26.7,19.5,0.0,815.72,238.93177083333333,296.5290737665005,18:00:00
4070,0.0,680056,0.0,10043.68,2021-02-22,6112.61,9403.37,7510.346458333333,1049.0429237541618,19.5,26.7,23.37708333333333,2.529674067251514,27.6,19.1,0.0,807.4,250.93927083333332,307.6252631354223,18:00:00
4071,0.0,680056,0.0,8398.63,2021-02-23,6253.12,10043.68,8116.735416666666,1087.8950165556555,19.1,27.6,22.59166666666667,2.947182811571534,20.8,17.3,0.0,924.03,294.098125,356.7959007159222,17:00:00
4072,4.4,680056,0.0,8325.02,2021-02-24,6233.22,8398.63,7541.6170833333335,631.8065450145541,17.3,20.8,19.708333333333332,0.9827952608873826,21.7,16.3,0.0,193.6,71.00500000000001,81.71914449255905,17:00:00
4073,3.0,680056,0.0,8651.06,2021-02-25,6011.82,8325.02,7453.512083333334,680.8097110839466,16.3,21.7,19.029166666666665,1.741845235000813,23.0,15.6,0.0,431.92,142.23291666666668,170.07689326975245,17:00:00
4074,1.8,680056,0.0,8955.04,2021-02-26,6123.66,8651.06,7664.333541666667,738.5818355080977,15.6,23.0,19.202083333333334,2.079534479753165,25.8,15.6,0.0,565.72,161.68583333333333,196.5534726451437,17:00:00
4075,0.0,680056,0.0,7985.93,2021-02-27,6151.17,8955.04,7497.41875,772.5697107667039,15.6,25.8,21.1125,3.4606987979615855,23.1,19.6,0.0,965.55,301.93625000000003,368.1291210967534,17:30:00
4076,0.2,680056,0.0,9141.37,2021-02-28,6038.63,7985.93,7188.5225,560.3762260872859,19.6,23.1,21.212500000000002,1.0071288451028992,25.8,18.2,0.0,252.75,65.49916666666667,76.44698990312322,18:30:00
4077,0.0,691748,0.0,11404.28,2021-03-01,5944.57,9141.37,7096.610000000001,977.2655855552449,18.2,25.8,22.56458333333333,2.556218082739582,30.3,17.8,0.0,916.58,257.77125,328.4114546757376,18:00:00
4078,0.0,691748,0.0,8459.65,2021-03-02,6205.89,11404.28,8522.91125,1550.935166271345,17.8,30.3,24.18958333333333,4.257970727507651,22.8,17.7,0.0,936.47,283.0570833333333,349.5775780911557,17:00:00
4079,0.0,691748,0.0,8244.87,2021-03-03,6386.63,8459.65,7496.789791666666,572.1887896396756,17.7,22.8,20.64375,1.165260677620467,21.6,17.7,0.0,638.55,203.20375,245.85972646046108,17:30:00
4080,0.0,691748,0.0,8953.9,2021-03-04,6083.11,8244.87,7289.3516666666665,618.8254395647311,17.7,21.6,19.333333333333332,1.0498902340464447,28.4,14.3,0.0,598.72,173.41333333333333,217.3874873827088,18:00:00
4081,0.0,691748,0.0,8142.32,2021-03-05,6024.68,8953.9,7272.457708333334,833.5199336299443,14.3,28.4,20.764583333333334,4.409105162426196,23.7,13.7,0.0,919.65,288.71458333333334,351.97138214910365,18:00:00
4082,0.0,691748,0.0,7662.6,2021-03-06,6086.6,8142.32,7168.575833333333,579.221532204651,13.7,23.7,19.366666666666667,2.9317290906550193,22.7,17.6,0.0,713.03,225.27458333333334,272.63899250059154,18:00:00
4083,0.0,691748,0.0,8079.49,2021-03-07,5912.13,7662.6,6620.099999999999,528.9525543216569,17.6,22.7,19.84375,1.5719490882882345,25.5,14.8,0.0,650.38,206.34624999999997,257.72298740863175,19:00:00
4084,0.0,691748,0.0,9043.62,2021-03-08,5715.88,8079.49,6539.128125,769.5054442611012,14.8,25.5,20.864583333333332,3.4403419908759627,30.7,16.9,0.0,831.2,253.66875000000002,311.99404326607043,17:30:00
4085,1.0,691748,0.0,9206.19,2021-03-09,5990.42,9043.62,7697.8220833333335,977.3513685944475,16.9,30.7,22.664583333333336,4.44668126705526,27.5,16.5,0.0,794.17,162.2875,246.27926323586405,16:00:00
4086,0.0,691748,0.0,8841.21,2021-03-10,6116.67,9206.19,7649.920416666667,849.8192690037313,16.5,27.5,22.366666666666664,2.858457650874676,25.3,18.4,0.0,878.92,243.05041666666668,317.26748404420135,17:00:00
4087,0.0,691748,0.0,9088.55,2021-03-11,6134.12,8841.21,7610.602916666667,755.9459608175832,18.4,25.3,22.05,1.7261443937530587,25.7,17.8,0.0,737.65,200.32833333333335,263.9643259027453,17:00:00
4088,1.0,691748,0.0,8800.87,2021-03-12,6154.39,9088.55,7841.899791666667,834.0658950254688,17.8,25.7,22.175,2.236971737235741,27.0,20.3,0.0,624.3,186.09833333333333,236.0376558160172,17:00:00
4089,2.0,691748,0.0,9587.3,2021-03-13,6278.24,8800.87,7846.094375000001,747.623149619118,20.3,27.0,22.650000000000002,2.0174768315788505,30.2,17.8,0.0,371.85,119.325,146.49647816186499,18:00:00
4090,15.8,691748,0.0,8050.23,2021-03-14,6091.57,9587.3,7626.932708333334,1067.022074408718,17.8,30.2,24.27916666666667,3.922437276030959,24.4,14.6,0.0,839.83,238.44208333333336,306.52430248109994,17:30:00
4091,9.4,691748,0.0,8226.74,2021-03-15,6204.06,8050.23,7092.584374999999,501.1942706194172,14.6,24.4,18.08125,2.9554605970010033,21.5,11.7,0.0,208.27,47.98208333333333,63.02913410136123,17:30:00
4092,0.0,691748,0.0,8568.28,2021-03-16,5682.96,8226.74,6930.622708333333,720.5200942721558,11.7,21.5,17.116666666666667,3.291532226359498,21.3,14.2,0.0,734.3,227.67166666666665,286.1380466018466,18:00:00
4093,7.0,691748,0.0,8518.35,2021-03-17,5890.23,8568.28,7330.375208333334,717.0814104765368,14.2,21.3,18.10625,2.2635320027911185,22.6,16.1,0.0,424.5,123.33916666666666,159.09364873027474,18:00:00
4094,7.4,691748,0.0,7094.51,2021-03-18,5964.12,8518.35,7428.187916666667,711.4143184693625,16.1,22.6,19.647916666666667,1.3776312669946984,18.6,18.6,0.0,488.1,142.46666666666667,188.43314311101173,18:00:00
